sample_idx,row_idx,state,voltage,g_before,g_after_1s,g_after_5s,g_after_10s,y_measured_uS,shuffle_run1_pi_1,shuffle_run1_mu_1,shuffle_run1_sigma_1,shuffle_run1_pi_2,shuffle_run1_mu_2,shuffle_run1_sigma_2,shuffle_run1_comp1_q025_uS,shuffle_run1_comp1_q05_uS,shuffle_run1_comp1_q50_uS,shuffle_run1_comp1_q95_uS,shuffle_run1_comp1_q975_uS,shuffle_run1_comp1_q99_uS,shuffle_run1_comp2_q025_uS,shuffle_run1_comp2_q05_uS,shuffle_run1_comp2_q50_uS,shuffle_run1_comp2_q95_uS,shuffle_run1_comp2_q975_uS,shuffle_run1_comp2_q99_uS,shuffle_run1_mixture_mean_uS,shuffle_run1_mixture_std_uS,shuffle_run1_within_var_uS2,shuffle_run1_between_var_uS2,shuffle_run1_mixture_q025_uS,shuffle_run1_mixture_q05_uS,shuffle_run1_mixture_q50_uS,shuffle_run1_mixture_q95_uS,shuffle_run1_mixture_q975_uS,shuffle_run1_mixture_q99_uS,shuffle_run1_n_components,shuffle_run1_residual_uS,shuffle_run2_pi_1,shuffle_run2_mu_1,shuffle_run2_sigma_1,shuffle_run2_pi_2,shuffle_run2_mu_2,shuffle_run2_sigma_2,shuffle_run2_comp1_q025_uS,shuffle_run2_comp1_q05_uS,shuffle_run2_comp1_q50_uS,shuffle_run2_comp1_q95_uS,shuffle_run2_comp1_q975_uS,shuffle_run2_comp1_q99_uS,shuffle_run2_comp2_q025_uS,shuffle_run2_comp2_q05_uS,shuffle_run2_comp2_q50_uS,shuffle_run2_comp2_q95_uS,shuffle_run2_comp2_q975_uS,shuffle_run2_comp2_q99_uS,shuffle_run2_mixture_mean_uS,shuffle_run2_mixture_std_uS,shuffle_run2_within_var_uS2,shuffle_run2_between_var_uS2,shuffle_run2_mixture_q025_uS,shuffle_run2_mixture_q05_uS,shuffle_run2_mixture_q50_uS,shuffle_run2_mixture_q95_uS,shuffle_run2_mixture_q975_uS,shuffle_run2_mixture_q99_uS,shuffle_run2_n_components,shuffle_run2_residual_uS,shuffle_run3_pi_1,shuffle_run3_mu_1,shuffle_run3_sigma_1,shuffle_run3_pi_2,shuffle_run3_mu_2,shuffle_run3_sigma_2,shuffle_run3_comp1_q025_uS,shuffle_run3_comp1_q05_uS,shuffle_run3_comp1_q50_uS,shuffle_run3_comp1_q95_uS,shuffle_run3_comp1_q975_uS,shuffle_run3_comp1_q99_uS,shuffle_run3_comp2_q025_uS,shuffle_run3_comp2_q05_uS,shuffle_run3_comp2_q50_uS,shuffle_run3_comp2_q95_uS,shuffle_run3_comp2_q975_uS,shuffle_run3_comp2_q99_uS,shuffle_run3_mixture_mean_uS,shuffle_run3_mixture_std_uS,shuffle_run3_within_var_uS2,shuffle_run3_between_var_uS2,shuffle_run3_mixture_q025_uS,shuffle_run3_mixture_q05_uS,shuffle_run3_mixture_q50_uS,shuffle_run3_mixture_q95_uS,shuffle_run3_mixture_q975_uS,shuffle_run3_mixture_q99_uS,shuffle_run3_n_components,shuffle_run3_residual_uS,shuffle_run4_pi_1,shuffle_run4_mu_1,shuffle_run4_sigma_1,shuffle_run4_pi_2,shuffle_run4_mu_2,shuffle_run4_sigma_2,shuffle_run4_comp1_q025_uS,shuffle_run4_comp1_q05_uS,shuffle_run4_comp1_q50_uS,shuffle_run4_comp1_q95_uS,shuffle_run4_comp1_q975_uS,shuffle_run4_comp1_q99_uS,shuffle_run4_comp2_q025_uS,shuffle_run4_comp2_q05_uS,shuffle_run4_comp2_q50_uS,shuffle_run4_comp2_q95_uS,shuffle_run4_comp2_q975_uS,shuffle_run4_comp2_q99_uS,shuffle_run4_mixture_mean_uS,shuffle_run4_mixture_std_uS,shuffle_run4_within_var_uS2,shuffle_run4_between_var_uS2,shuffle_run4_mixture_q025_uS,shuffle_run4_mixture_q05_uS,shuffle_run4_mixture_q50_uS,shuffle_run4_mixture_q95_uS,shuffle_run4_mixture_q975_uS,shuffle_run4_mixture_q99_uS,shuffle_run4_n_components,shuffle_run4_residual_uS,shuffle_run5_pi_1,shuffle_run5_mu_1,shuffle_run5_sigma_1,shuffle_run5_pi_2,shuffle_run5_mu_2,shuffle_run5_sigma_2,shuffle_run5_comp1_q025_uS,shuffle_run5_comp1_q05_uS,shuffle_run5_comp1_q50_uS,shuffle_run5_comp1_q95_uS,shuffle_run5_comp1_q975_uS,shuffle_run5_comp1_q99_uS,shuffle_run5_comp2_q025_uS,shuffle_run5_comp2_q05_uS,shuffle_run5_comp2_q50_uS,shuffle_run5_comp2_q95_uS,shuffle_run5_comp2_q975_uS,shuffle_run5_comp2_q99_uS,shuffle_run5_mixture_mean_uS,shuffle_run5_mixture_std_uS,shuffle_run5_within_var_uS2,shuffle_run5_between_var_uS2,shuffle_run5_mixture_q025_uS,shuffle_run5_mixture_q05_uS,shuffle_run5_mixture_q50_uS,shuffle_run5_mixture_q95_uS,shuffle_run5_mixture_q975_uS,shuffle_run5_mixture_q99_uS,shuffle_run5_n_components,shuffle_run5_residual_uS
0,3,set,0.299,81.18293274968221,81.4289809000182,81.4695808878881,81.4195001331209,81.43935397367574,0.58411705493927,87.60402273489416,7.734776911972087,0.41588300466537476,96.55551146202711,8.993549566975728,72.44413855897693,74.88144687757635,87.60402273489416,100.32659859221195,102.76390691081139,105.5978045602406,78.92847821757888,81.76243883761924,96.55551146202711,111.34858408643498,114.18254470647534,117.47763637724202,91.3267999845691,9.383438407438287,68.58409238769704,19.46532109606372,73.93237525212102,76.54140888107912,90.9345178831665,107.44501734202846,110.6826833934865,114.39183749768168,2,-9.88744601089337,0.5694944858551025,86.98784595469826,6.63912596565479,0.43050554394721985,94.94259007849993,8.73369483019846,73.97539817319016,76.06745553030328,86.98784595469826,97.90823637909324,100.00029373620636,102.43276253038863,77.82486275934728,80.57694046036067,94.94259007849993,109.30823969663919,112.06031739765257,115.26020247925359,90.41240999311628,8.570511914580969,57.9400288029658,15.513889291230136,74.99594449976784,77.26602442253365,89.8448617169002,105.53093285702359,108.71793549452873,112.3473660690773,2,-8.973056019440548,0.9528169631958008,85.24494770564968,5.113987747081456,0.047183044254779816,75.26587766147459,34.18897215500588,75.2217159039909,76.83318641167736,85.24494770564968,93.656708999622,95.26817950730846,97.14186222894354,8.256723569220298,19.03002281057026,75.26587766147459,131.5017325123789,142.27503175372885,154.80132034991402,84.77410543725817,9.194961543246256,80.07049005063621,4.476881275848442,71.51868186209435,75.44061868122981,85.17257259017526,94.30838490887872,96.62143588966613,103.15922131693867,2,-3.3347514635824353,0.3419475257396698,97.48467424335216,8.965351180696691,0.6580524444580078,91.07114578837867,6.292328212624517,79.91290882043299,82.73798383688954,97.48467424335216,112.23136464981478,115.05643966627133,118.34119990259545,78.73840911272933,80.72118690587416,91.07114578837867,101.42110467088318,103.40388246402802,105.70929014858493,93.26423326068618,7.924360255693042,53.539424629071334,9.25580160586404,79.02079432905587,81.18349099327537,92.74267305845893,107.30382074296932,110.62949799771765,114.47328695849245,2,-11.824879287010447,0.8349301815032959,84.85589633447009,5.236567070728117,0.1650697886943817,107.14822090706596,13.796122195615164,74.59241347321456,76.2425099954083,84.85589633447009,93.46928267353188,95.1193791957256,97.03797300673071,80.10831827734658,84.45561927574263,107.14822090706596,129.84082253838926,134.18812353678533,139.24280044684295,88.53568311227228,11.081688405764524,54.31337647639637,68.49020783855273,74.85187352030287,76.59051812300277,85.99991145981922,114.26803061746345,121.3614221217723,128.5311428162392,2,-7.096329138596545
1,4,set,1.153,81.4195001331209,97.64223299975491,97.3585647789815,97.4375863540609,97.4794613775991,0.21343806385993958,60.90359814343202,11.635620545119936,0.786561906337738,94.76288683033823,7.912263860886547,38.09820093722263,41.76470548796042,60.90359814343202,80.04249079890361,83.70899534964141,87.97209926171772,79.25513462682275,81.74837092136192,94.76288683033823,107.77740273931452,110.2706390338537,113.16956504196182,87.53602298517612,16.450161688513422,78.13873937929112,192.46885183700056,47.06351089346281,52.4690490520448,92.03917445820097,106.8337378221281,109.44223466000477,112.44597145091684,2,9.943438392422976,0.4617685079574585,74.0324703331774,11.578526905034815,0.5382314324378967,114.90625039970925,14.64401329005687,51.33897460528114,54.98748835867568,74.0324703331774,93.07745230767912,96.72596606107365,100.96815178322981,86.20451176207187,90.81899202643363,114.90625039970925,138.99350877298485,143.6079890373466,148.97331958445886,96.0320191148593,24.34241162588449,177.32792485178544,415.22452922931524,55.43457921513821,59.71852125250682,95.84923314715117,134.2821737608602,139.5127751981973,145.42470135777666,2,1.4474422627397985,0.024146175011992455,59.182518686399696,27.77464393057144,0.9758538007736206,78.90047817132853,7.5409702373634655,4.745216899055656,13.497294879913554,59.182518686399696,104.86774249288582,113.61982047374372,123.7960025465259,64.12044809760766,66.49668592566812,78.90047817132853,91.30427041698893,93.68050824504938,96.44339825122428,78.42436296019935,9.125879726023477,74.12023295512782,9.161298891019229,61.94332788057902,65.39701270672583,78.7789759401953,91.43808817983498,93.94625874756905,97.02973452517043,2,19.055098417399748,0.8895429372787476,44.47272403254084,7.724618276750699,0.11045699566602707,109.66999040658769,14.628197653583209,29.33275041578961,31.766857643211814,44.47272403254084,57.178590421869856,59.612697649292066,62.442873338436854,80.99924984683126,85.60874644032832,109.66999040658769,133.73123437284704,138.3407309663441,143.7002669190502,51.67421521972721,22.234460276791456,76.71483284799116,417.65621189971847,29.723116027138143,32.210430135152784,45.679774562255616,111.4097679788364,120.65552260817263,129.23500998675166,2,45.805246157871885,0.22479769587516785,46.38984437357574,9.21780935251632,0.7752022743225098,107.29970818444093,11.546463183453884,28.323270026287275,31.227897227542066,46.38984437357574,61.55179151960941,64.4564187208642,67.83367556411585,84.66905619605362,88.30746633867516,107.29970818444093,126.29195003020669,129.93036017282824,134.16079826395972,93.60730794590768,27.730340193425615,122.4512094178456,646.5202966875459,35.143038328031416,39.34707211848627,103.0062938078922,124.82796822965412,128.64583836750376,133.0392788070454,2,3.872153431691416
2,5,set,0.647,97.4375863540609,107.96630458,107.65354247970001,108.01992881269999,107.87992529080002,0.5331079959869385,82.62031144124292,8.270025228823656,0.46689194440841675,100.77764293776886,9.017932115085634,66.41135984151093,69.01733044863215,82.62031144124292,96.22329243385369,98.82926304097491,101.85926705058094,83.1028207771739,85.94446459066809,100.77764293776886,115.61082128486963,118.45246509836382,121.75649014194295,91.0978183243698,12.509652293412259,74.43012442954824,82.06078142475656,68.74772141289776,71.6949499769255,90.43781063289022,111.98997325167782,115.31287895250433,119.04277784136814,2,16.78210696643022,0.7066549062728882,94.33877716104558,8.219030156517293,0.2933450937271118,110.20524197982957,12.943784174561607,78.22977406642309,80.81967559807458,94.33877716104558,107.85787872401659,110.44778025566808,113.45910049233714,84.8358911740293,88.91461163382483,110.20524197982957,131.49587232583428,135.57459278562982,140.31698677636444,98.9931267704297,12.209376328718966,96.88376629104465,52.18510404523993,79.11481441336737,81.88181183496606,97.31342158097854,122.56939530916806,127.95250205089603,133.81275182933075,2,8.88679852037032,0.6412996053695679,89.20501791453788,9.720976363279267,0.3587004244327545,73.2349178227549,20.641349011867426,70.15225434794536,73.21543468588844,89.20501791453788,105.19460114318731,108.2577814811304,111.81939061085386,32.778617167173294,39.28292003541356,73.2349178227549,107.18691561009621,113.69121847833648,121.25387621384769,83.47653889189846,16.495443316352887,213.4309334468524,58.66892442865161,42.725515483376796,50.87249470417514,85.9896193798442,105.64367325567976,109.72015639598916,115.16530422407266,2,24.40338639890156,0.8314042687416077,78.56993241107389,6.49766771916674,0.16859573125839233,104.65840831952292,10.171134549966103,65.83473769799856,67.88222009647697,78.56993241107389,89.2576447256708,91.30512712414922,93.68576789578124,84.72335091967834,87.92838076479974,104.65840831952292,121.3884358742461,124.59346571936749,128.32000555641991,82.96833808427581,12.163260946440351,52.543188876343294,95.40172797485889,66.35414537742132,68.4730440582344,80.21182880486572,110.0929298837162,115.27528983103021,120.53111178067833,2,24.911587206524203,0.7884809374809265,82.38417625150777,5.70840858359416,0.21151897311210632,111.51593126559823,14.424579474960598,71.19590101862391,72.99467968866199,82.38417625150777,91.77367281435353,93.57245148439162,95.66392042410853,83.24427500253977,87.78960939895951,111.51593126559823,135.24225313223693,139.78758752865667,145.07252106110596,88.5460877913223,14.534193560256716,69.70381748008182,141.53826397967674,71.72457186480744,73.61558806637206,84.22251405230813,121.87249747428501,128.59570400836066,135.6317509924388,2,19.333837499477724
3,6,set,0.385,108.01992881269999,99.9033934185642,99.8463364881448,99.90838401186109,99.8860379728567,0.7579997181892395,96.05312598493936,6.1811908676217175,0.2420002818107605,103.04424169233994,9.398827531086528,83.93821450283289,85.88597176745245,96.05312598493936,106.22028020242625,108.1680374670458,110.4327262188718,84.62287823450683,87.5845461387409,103.04424169233994,118.50393724593897,121.46560515017305,124.90918413775961,97.74497795630192,7.700932889261884,50.338797566327685,8.965569798586106,84.04957222331345,86.14344357797522,97.21043871738023,111.42112801927011,115.0863910981523,119.38310554368492,2,2.141060016554775,0.8535354733467102,107.3167430134479,6.191639972859051,0.14646457135677338,106.17533131661385,12.111445600256246,95.1813516614056,97.13240154731298,107.3167430134479,117.50108447958283,119.4521343654902,121.72065150113485,82.4373341393955,86.25377609340691,106.17533131661385,126.09688653982079,129.91332849383218,134.35076704033128,107.14957143596176,7.3734865092481385,54.20594741342374,0.16286913070763945,92.30404124455369,95.35558011100417,107.22479058140777,118.71639850911475,121.4116259441118,125.27379850103843,2,-7.2635334631050625,0.9351755380630493,103.94386510585494,5.677137467415489,0.06482448428869247,71.3160898306397,32.23007883903189,92.81688013443764,94.60580495187448,103.94386510585494,113.2819252598354,115.07085007727223,117.15086178381456,8.146296087250661,18.302327755326175,71.3160898306397,124.3298519059532,134.48588357402872,146.29446521799022,101.82878872347818,12.728526019525525,97.47885152947674,64.5367548677544,61.948178124537016,89.04052720169433,103.60650132152968,113.46041913062099,115.50837708475567,118.3172068203363,2,-1.9427507506214852,0.8659273386001587,96.03669033175004,4.749689501229417,0.1340726763010025,100.7629032126547,8.564720736841043,86.72746997159237,88.2241463287595,96.03669033175004,103.84923433474057,105.3459106919077,107.0861204052892,83.97635903080291,86.67519124483522,100.7629032126547,114.85061518047418,117.5494473945065,120.68742309055837,96.6703477725194,5.653573354444583,29.369757665262064,2.5932732625016572,86.43139696020896,88.08257612473969,96.39633603406985,106.14015703254547,109.0502808154867,113.1778322402505,2,3.215690200337292,0.9564374685287476,101.01315550567611,3.946253996066893,0.04356253892183304,116.03388365784964,16.752673206764275,93.27863979953773,94.52214530737373,101.01315550567611,107.50416570397849,108.74767121181449,110.1935150998515,83.19924752782252,88.47818837257066,116.03388365784964,143.5895789431286,148.86851978787675,155.00642935690666,101.6674973130461,6.043250855678427,27.12044102629853,9.400516889648356,93.0837190514196,94.43558213277353,101.15410961857175,108.9576847627955,113.5869549629763,128.4360992567102,2,-1.7814593401894
4,7,set,0.17,99.90838401186109,99.8454392600255,99.92315909065931,99.9344430053885,99.90101378535776,0.8017260432243347,99.82714689222327,5.664210900427791,0.19827395677566528,99.62458899428667,9.334369889946899,88.72549752654561,90.51034904883655,99.82714689222327,109.14394473560998,110.92879625790093,113.00407187855242,81.32956019161563,84.27091682550089,99.62458899428667,114.97826116307243,117.9196177969577,121.33958054327547,99.78698493632322,6.557760950308666,42.99770654273253,0.006522138662419143,86.74469331368078,89.16585386062204,99.80071679630689,110.36202653220643,112.73067987559118,115.85656026379873,2,0.1140288490345398,0.8247904777526855,104.39136347293388,5.276294055633349,0.17520952224731445,96.15432417542789,9.62909600803323,94.05001715204973,95.71263205866286,104.39136347293388,113.07009488720487,114.73270979381802,116.66585893207085,77.28164279600435,80.31587068235048,96.15432417542789,111.99277766850528,115.02700555485143,118.55495120265114,102.9481557528855,7.000844228393904,39.20690972894226,9.804910181295275,85.82364835754117,90.20842842589246,103.60079880524742,112.96746228244899,114.76433325737543,116.91237037092753,2,-3.047141967527736,0.9849280714988708,101.96478477505072,3.8137993431561017,0.01507189217954874,72.20038346111578,43.38100652691433,94.48987541820225,95.69164309299526,101.96478477505072,108.23792645710617,109.43969413189919,110.83700876902027,-12.824826944733331,0.8449775345152233,72.20038346111578,143.5557893877163,157.22559386696486,173.11969576875475,101.51617522413615,7.472712055338422,42.68981388877068,13.15123725995591,93.67002826903139,95.28719431167838,101.92770514008176,108.32732080243022,109.61792202106582,111.27140148922953,2,-1.6151614387783866,0.672637939453125,107.89503364618268,5.37504278932821,0.327362060546875,91.65362544161248,6.497368782535979,97.36014336373768,99.05387501913681,107.89503364618268,116.73619227322854,118.42992392862769,120.39925301201491,78.9190166335671,80.9664048340169,91.65362544161248,102.34084604920805,104.38823424965786,106.76876549572438,102.57821279015167,9.557047942071488,33.2530915088072,58.08407385824579,82.36270871906243,84.9947323035585,104.56942650001969,115.6600139761965,117.48820081381261,119.57893907734152,2,-2.6771990047939056,0.9697138667106628,103.28096824255599,3.5530438888181726,0.03028605692088604,113.96269437319938,16.449567093845683,96.31713018498223,97.43673111531565,103.28096824255599,109.12520536979632,110.24480630012974,111.54658433968194,81.72213530798663,86.90556427710571,113.96269437319938,141.01982446929304,146.20325343841213,152.23010981085946,103.60446772075439,4.877357504504457,20.43683643939864,3.3509600571178066,96.0870772050255,97.31949665847237,103.3479083839353,109.8207107921782,111.76098801244939,121.19112929371478,2,-3.703453935396624
5,8,set,0.952,99.9344430053885,109.2884827971,109.3069990911,109.34250819030001,109.3126633595,0.4274385869503021,71.8121045057185,9.016074670050925,0.5725613832473755,96.17225255793682,8.265561368982176,54.140922870494826,56.98198138381993,71.8121045057185,86.64222762761706,89.48328614094216,92.78663064658494,79.97204996272616,82.5766139613765,96.17225255793682,109.76789115449712,112.37245515314747,115.4008236764226,85.75978243043998,14.80180423159924,73.86342294675151,145.22976637549687,57.67835842644136,61.080123065816494,87.78926152185842,107.39351094562032,110.3043290425952,113.6059368544574,2,23.55288092906001,0.7044126391410828,90.95576797190988,9.873903616450777,0.29558733105659485,115.11703524213338,15.410045244802706,71.60327249684656,74.71464179622156,90.95576797190988,107.1968941475982,110.3082634469732,113.92590265852431,84.91390156218735,89.76976642973335,115.11703524213338,140.4643040545334,145.3201689220794,150.96616123625333,98.09752976856717,16.137488239050327,138.86896062941332,121.54927924458644,72.95984260154486,76.27438154184719,95.25546688071431,129.87823624019543,136.30525614866383,143.27514876964605,2,11.215133590932822,0.1647077053785324,80.29497131308817,17.55807882806635,0.8352922797203064,70.07841272336371,11.96076590767898,45.88176917236287,51.41450167044337,80.29497131308817,109.17544095573297,114.70817345381346,121.14117066700182,46.63574231679838,50.40470353900042,70.07841272336371,89.752121907727,93.52108312992904,97.90331506459287,71.76115760129284,13.588019142432469,170.27394905438487,14.360238424757098,46.54280328578199,50.519040508273385,71.24424013431809,94.7736674824684,100.55274429637389,108.05754059125593,2,37.551505758207156,0.9369562864303589,59.39227939407029,6.342511141186741,0.06304372102022171,108.89549574469562,13.74516359488031,46.96118598580024,48.959776939509155,59.39227939407029,69.82478184863143,71.82337280234034,74.14716670345041,81.95547013711911,86.2867135526154,108.89549574469562,131.50427793677585,135.83552135227214,140.871527851989,62.51314679778976,13.941136708891168,49.60217998666815,144.75314186540078,47.138661836852236,49.16124974469049,59.92758602741928,97.66256449537237,112.5006719143115,122.64267706099908,2,46.799516561710234,0.617313802242279,67.98677037679461,6.323056162898929,0.38268619775772095,111.34140437547856,12.436572727029533,55.59380802528868,57.586268513832444,67.98677037679461,78.38727223975677,80.37973272830054,82.69639863879537,86.96616973938758,90.88506261857826,111.34140437547856,131.79774613237885,135.71663901156953,140.27319889935802,84.57799041692859,22.976248100312617,83.87028675562398,444.0376900114958,56.95311300935751,59.144182250216495,73.51986755762287,125.31138953016256,130.139598135782,135.48043196637798,2,24.734672942571407
6,9,set,1.378,109.34250819030001,113.4567924766,111.3007428434,111.2591723452,112.00556922173332,0.40233123302459717,56.83263416753647,8.159061775063586,0.5976687669754028,82.65962388766127,6.576566800067817,40.84116694077439,43.412171814302006,56.83263416753647,70.25309652077092,72.82410139429854,75.81345018212353,69.76978981760651,71.84213413368107,82.65962388766127,93.47711364164145,95.54945795771602,97.9590060814866,72.26861926824986,14.59549960742587,52.63321630369073,160.39539248667853,44.29154090975499,47.41807433208275,76.3594006698228,91.74135584112608,94.03617728831735,96.64465914834523,2,39.73694995348346,0.8037551641464233,90.16537952017664,11.128683936930306,0.19624480605125427,117.10607491707182,19.275142178925275,68.35355980846381,71.86032338332024,90.16537952017664,108.47043565703305,111.97719923188946,116.05456973772692,79.32749044948937,85.40128739406127,117.10607491707182,148.81086244008236,154.88465938465427,161.94676094684957,95.45234837608855,16.939217673316687,172.45420286724334,114.48262098330764,69.15781141277243,72.8225822623295,92.88624485512348,129.86268647087135,139.05886137882558,148.63351032758655,2,16.553220845644773,0.00954948179423809,67.85254392191435,39.81516795491614,0.9904505610466003,60.50638495557116,5.103254684608801,-10.183751308134589,2.3624205035884813,67.85254392191435,133.3426673402402,145.88883915196328,160.47647524841253,50.50418956980259,52.11227797833527,60.50638495557116,68.90049193280703,70.50858034133972,72.3783306417998,60.576539559022095,6.437629435849386,40.93280343611121,0.5104265223947222,50.233722267504376,51.96730788775006,60.515403494785545,69.11747335084529,70.91356712273151,73.38517198512135,2,51.42902966271123,0.9935923218727112,31.131376282520655,5.05833929301738,0.006407709326595068,109.21843066950998,21.93547238883425,21.217213446622786,22.811148550049868,31.131376282520655,39.45160401499144,41.04553911841852,42.898833143008886,66.22569480352206,73.13778935184209,109.21843066950998,145.29907198717788,152.2111665354979,160.24797022735612,31.631736400479845,8.20531480161395,28.506009578456574,38.821212632116854,21.2309688875885,22.82661187948539,31.172246404227014,39.767909550492796,41.6578232567072,44.71344229260726,2,80.37383282125347,0.4969959259033203,46.49746937598661,5.636638392366971,0.5030040740966797,112.0208228606711,9.104919418246899,35.44986113307159,37.22602427248788,46.49746937598661,55.76891447948534,57.54507761890163,59.610251116806495,94.17550871876779,97.04456313246679,112.0208228606711,126.9970825888754,129.86613700257442,133.20203279262296,79.45598312725978,33.62704172309521,57.489216885142824,1073.2887181616438,37.24249046395974,39.293152961167145,89.1330199713314,123.72032664723848,127.02350777439929,130.74256335977864,2,32.54958609447354
7,11,set,0.17,111.2560530246,111.276344118,111.2705618262,111.3165891662,111.28783170346667,0.860175609588623,105.04610372977606,5.025628852320227,0.13982443511486053,103.00298192451424,9.543861294138587,95.19605217956305,96.77967988432518,105.04610372977606,113.31252757522695,114.89615527998907,116.73746472608954,84.29735751455678,87.3047270597286,103.00298192451424,118.70123678929987,121.70860633447171,125.20532335627422,104.76043007341124,5.912945992873243,34.46135737052978,0.5020635535604524,92.60290814231999,95.16748078477355,104.88593899524415,113.97635725512345,115.96656294920275,118.64690212265246,2,6.527401630055422,0.9026114344596863,113.85234702848659,4.926225258533361,0.09738858044147491,100.13592563706763,10.805964585154676,104.19712294202968,105.74942754480804,113.85234702848659,121.95526651216514,123.50757111494349,125.31246068572196,78.95662423194915,82.36169559646679,100.13592563706763,117.91015567766846,121.31522704218611,125.27435837670282,112.51652591697139,7.05792824815516,33.27625381279794,16.53828599153954,93.06995339199857,99.91377400229277,113.33309529666833,121.81633289933986,123.42333420758017,125.31075353076439,2,-1.228694213504724,0.9861717820167542,110.79367431455609,3.727997691707912,0.013828163035213947,71.00263621186154,44.394744277456546,103.48693310436012,104.66166379008361,110.79367431455609,116.92568483902856,118.10041552475205,119.46629381908994,-16.009463674818974,-2.0202199304959976,71.00263621186154,144.02549235421907,158.01473609854202,174.28025518030935,110.24343126443726,7.908983742363833,40.95961682160947,21.591739198187373,102.66959895490533,104.25981762726579,110.75242275148034,116.97870394431767,118.21158831364188,119.73770343071456,2,1.0444004390294026,0.8489241003990173,109.54292866167475,3.97089151953833,0.15107588469982147,95.14901917324099,7.136985711485112,101.76012429686409,103.01139334353128,109.54292866167475,116.07446397981822,117.32573302648541,118.78060370619954,81.1607842205532,83.40972234020386,95.14901917324099,106.8883160062781,109.13725412592878,111.75213071021423,107.36835441910362,6.903123308066103,21.081104406026746,26.571835220297654,88.21054505611225,92.0276882571106,108.70199168794835,115.76545804718116,117.05511260315811,118.54609355860737,2,3.9194772843630403,0.9862549304962158,111.77680720637775,3.0434575558306065,0.013745074160397053,118.430904752137,18.331851873864974,105.81174000847346,106.77076500719691,111.77680720637775,116.7828494055586,117.74187440428204,118.85694822111782,82.50113530943854,88.27769170867305,118.430904752137,148.58411779560095,154.36067419483544,161.0771693861344,111.86826879111605,3.788747990129002,13.75444389109214,0.6002257168396599,105.64497552773122,106.68161640608609,111.79183917355601,116.99270368447701,118.13923361567421,119.9478348116412,2,-0.5804370876493863
8,13,set,0.053,8.34815827106303,8.277138460799891,8.33265283335194,8.27763862147518,8.295809971875672,0.23688091337680817,54.55992186579118,11.866886780058636,0.763119101524353,58.96582382119595,5.785135000878199,31.30125116826176,35.04063010498925,54.55992186579118,74.0792136265931,77.81859256332059,82.16642869806395,47.62716757377258,49.45012353259753,58.96582382119595,68.48152410979436,70.30448006861931,72.42406033152821,57.92215062041025,7.899823348553225,58.89818883181933,3.509070099558418,39.63153220300039,44.27918971756793,58.39455577451595,69.56089787003256,72.15390574512197,75.83487302339206,2,-49.62634064853458,0.04455576837062836,29.403960215577662,6.972798511888254,0.9554442167282104,50.19153938829826,2.6449760039427073,15.737526260822198,17.934727293296433,29.403960215577662,40.873193137858884,43.070394170333124,45.62511520982404,45.00748168059788,45.840941015013485,50.19153938829826,54.542137761583035,55.375597095998636,56.344673691959414,49.2653320777802,5.219794823931655,8.85048819667249,18.395733641065565,30.475993770595082,43.64447985858782,50.037338389815524,54.483618092444104,55.32406773165954,56.29963265203022,2,-40.96952210590453,0.9928953051567078,25.72713344125303,3.8611387916967477,0.007104705087840557,60.407164045280865,35.958426918337516,18.1594404702169,19.376125295567608,25.72713344125303,32.07814158693845,33.294826412289154,34.70948546069338,-10.070057655376289,1.2608151091839304,60.407164045280865,119.55351298137778,130.884385745938,144.05897406060828,25.973525094694796,5.698514045927545,23.988917017666815,8.48415222518485,18.112872013846527,19.354564593918038,25.750154987188022,32.28423691973714,33.68537555184665,35.76118057516013,2,-17.677715122819123,0.00034604337997734547,97.46245524096642,72.91776401449508,0.9996539354324341,55.624317977881375,1.9538428174175675,-45.45373606063475,-22.4765933674674,97.46245524096642,217.40150384940017,240.37864654256757,267.0945405358988,51.79485642429067,52.41053253315901,55.624317977881375,58.838103422603744,59.45377953147208,60.1696360623907,55.638794609766684,2.5023337136087602,5.656093411303339,0.6055150130611866,51.7858532232698,52.40133576930143,55.62461723514363,58.844038983123085,59.46612313419859,60.19770360937792,2,-47.342984637891014,0.1980302333831787,29.46147067362289,7.376865098802503,0.8019697070121765,88.62696695213015,4.816402192661011,15.003080761159476,17.32760736032586,29.46147067362289,41.59533398691992,43.9198605860863,46.622625113308175,79.18699211945481,80.70469033667466,88.62696695213015,96.54924356758563,98.06694178480548,99.83159395355273,76.91040463328689,24.193363983428597,29.380313501036877,555.9381947596135,21.019872386570043,24.54340982544163,87.11174593551627,96.02198420402901,97.60395230575173,99.42712858437511,2,-68.61459466141122
9,17,set,0.229,13.769162198803,10.4247262831743,10.423720050567601,10.6833201109441,10.510588814895334,0.16302990913391113,57.1515161889669,13.48345141306833,0.8369700908660889,72.62124129904156,6.404374090524729,30.72443703205727,34.9732122283575,57.1515161889669,79.32982014957629,83.57859534587652,88.51871471849138,60.06889873809162,62.086983347887916,72.62124129904156,83.15549925019519,85.1735838599915,87.520043349096,70.09921342001951,9.82970125661846,63.96857340851656,32.65445338585132,43.36816800110242,50.290773474252426,71.50113258150171,82.89915791097562,85.05329167293675,87.61238135144686,2,-59.588624605124174,0.04414646700024605,32.73646669862239,7.779067076623353,0.9558535218238831,64.31074695396026,3.40246579561868,17.489775395119324,19.941040003339673,32.73646669862239,45.531893393905094,47.98315800212544,50.83328285434622,57.64203653591823,58.71418874945854,64.31074695396026,69.90730515846198,70.9794573720023,72.22606602409445,62.91685331388286,7.4703043048874465,13.737173920895936,42.06822824669865,34.03521193690271,55.801417343262585,64.11369555549344,69.83248946794569,70.91357012224682,72.16830462396531,2,-52.406264498987525,0.9620195031166077,30.134162758984267,5.209756883639642,0.03798048943281174,71.12281525020826,27.796500822354343,19.923226898840937,21.5648752533942,30.134162758984267,38.70345026457433,40.3450986191276,42.25386960950898,16.64267474215574,25.401640055999124,71.12281525020826,116.84399044441739,125.60295575826078,135.78714584406677,31.690931617275385,10.80937156717737,55.45616924551179,61.38633694905987,19.89577819173753,21.58950077103882,30.355290914615182,41.05799451698915,59.791736166966416,88.72432820221319,2,-21.180342802380054,0.0010440436890348792,89.73060452132987,51.832188656535536,0.9989559650421143,68.56397467772086,2.6044394804055875,-11.85861848536534,4.4742410167943945,89.73060452132987,174.98696802586528,191.31982752802503,210.3103064093451,63.4593670962117,64.28005295220012,68.56397467772086,72.8478964032416,73.66858225923002,74.62280692603044,68.5860741626695,3.1698825232820242,9.580925697535374,0.4672705856313062,63.44299514073409,64.27097874475139,68.56505381279237,72.8654306692245,73.70011639486368,74.68946722680725,2,-58.07548534777417,0.13570818305015564,31.30919082430063,8.933145480498101,0.864291787147522,91.65323727988714,6.190530195040277,13.80054741386759,16.61547408061817,31.30919082430063,46.00290756798309,48.81783423473367,52.09079482135493,79.52002105240048,81.47072123582252,91.65323727988714,101.83575332395174,103.78645350737379,106.05456403830472,83.46405364602599,21.70385816134174,43.95162452128683,427.10562695597804,23.274661640928997,28.307702595855716,90.42702203853636,101.39146384932434,103.3956535253601,105.71265259176941,2,-72.95346483113066
10,19,set,0.494,10.6902959266338,12.5653176625393,12.7783736759369,12.7423710468864,12.695354128454198,0.07381214946508408,55.190842930047666,17.102333978158004,0.9261878132820129,87.08164562639496,6.7792432306118195,21.67088428128234,27.06000685673906,55.190842930047666,83.32167900335625,88.71080157881298,94.97682122127198,73.79457305195882,75.93078281053688,87.08164562639496,98.23250844225302,100.3687182008311,102.85252370353453,84.72771368716657,11.562142250682694,64.15517092345115,69.52769507097284,48.07592349026042,62.95408209297995,86.4493645351591,98.00902531838071,100.18220807501388,102.70895535238391,2,-72.03235955871237,0.030554449185729027,28.3793617520625,9.011489672489791,0.9694454669952393,78.9007595234516,4.113708983343153,10.71716654692786,13.556780280031928,28.3793617520625,43.20194322409307,46.04155695719714,49.34322159360012,70.83803807322013,72.13431038197676,78.9007595234516,85.66720866492643,86.96348097368306,88.47067767127464,77.35709942906843,9.720696465172674,18.886772919207626,75.60466526560045,36.56694317046496,70.4571508786251,78.738219957466,85.60513080841895,86.90882069609586,88.42276235931531,2,-64.66174530061423,0.6560078859329224,25.325094282947845,8.564052525548753,0.3439920246601105,85.22551096314763,17.231340439366036,8.539859771162995,11.238481424896056,25.325094282947845,39.411707140999624,42.110328794732695,45.24805966893228,51.4527042966416,56.88247814422081,85.22551096314763,113.56854378207443,118.99831762965366,125.31160316114077,45.93035763051415,30.982875258461767,150.25138360849184,809.6869870601736,10.140060891464419,13.069634008578614,31.421307380544924,103.43178910603727,110.31692300652749,117.87272540133833,2,-33.23500350205995,0.0022662272676825523,75.49433688796321,40.083765448406574,0.9977337121963501,83.53436196640199,3.3766413178780432,-3.0683997556647,9.562409908279534,75.49433688796321,141.42626386764687,154.05707353159113,168.74311942241556,76.91626659465116,77.98028124777609,83.53436196640199,89.08844268502789,90.15245733815281,91.38960431764603,83.51613638550296,3.8940488969810656,15.01703309409428,0.14616148293803538,76.84997554969642,77.94396146977479,83.53282889414595,89.11364413375411,90.19826152891413,91.49133631609368,2,-70.82078225704876,0.04856589064002037,23.592580011330348,12.625447272869623,0.9514340758323669,94.9139364488551,7.625758825785186,-1.1528419322035646,2.8255672726661665,23.592580011330348,44.35959274999452,48.338001954864254,52.96376243338533,79.96772379552768,82.37067938600512,94.9139364488551,107.45719351170506,109.86014910218252,112.65410428116864,91.45014806957467,17.265972586814545,63.0694786050582,235.04405036780622,24.059946318368567,72.29847202989754,94.42574052347817,107.27226639439918,109.69717088527902,112.51128386510507,2,-78.75479394112047
11,20,set,1.493,12.7423710468864,117.8008235455,117.8033353422,118.2841511775,117.96277002173333,0.01715116947889328,41.13613012837486,21.1184271259963,0.9828488230705261,106.38361525127736,6.692307378417506,-0.2552264487116176,6.3994086746694805,41.13613012837486,75.87285158208022,82.52748670546133,90.26493817602277,93.26693381610738,95.37574918721323,106.38361525127736,117.3914813153415,119.50029668644734,121.95225029348676,105.26454378324318,11.110011450948502,51.668043823441586,71.76422805967952,90.31032695760409,94.12777890456445,106.23753435661305,117.33545018099231,119.45114603016542,121.90933035921428,2,12.69822623849015,0.04704100638628006,17.11278531603722,11.40773965355095,0.9529589414596558,109.29194693722317,8.623221788819574,-5.245973549932081,-1.651276628424199,17.11278531603722,35.87684726049863,39.47154418200651,43.65115620668686,92.39074280043575,95.10800930187634,109.29194693722317,123.47588457257001,126.1931510740106,129.35256061302624,104.95574070669981,21.398341153968026,76.98373612582222,380.90469350186595,18.01306651124353,85.69467074196152,108.75810756326169,123.27354073117283,126.01479043277847,129.1962898869551,2,13.00702931503352,0.00019124065875075758,-3.3497774471807347,62.1264929137121,0.9998087286949158,120.35566588740303,2.4471491526727944,-125.11546604383935,-105.53876464607507,-3.3497774471807347,98.83920975171355,118.41591114947786,141.17805726424675,115.55934168336665,116.33046372793797,120.35566588740303,124.3808680468681,125.15199009143942,126.04858611618424,120.3320046884688,3.106762337386208,6.725525324867744,2.926003143617905,115.54660756287403,116.32131539728161,120.35513780238192,124.38480106107762,125.15437614812951,126.05553369333722,2,-2.3692346667354656,0.27478891611099243,14.734458507260491,10.288848500845654,0.7252110838890076,116.25998656030757,9.869747159854874,-5.431313996785924,-2.189191266509706,14.734458507260491,31.658108281030685,34.9002310113069,38.66989934353107,96.91563759047551,100.02569714732628,116.25998656030757,132.49427597328884,135.60433553013962,139.22045188295658,88.3618967490146,46.40903302464506,99.73346163871344,2054.064884643882,1.001344148370745,5.392905989557053,111.38130131529523,130.90368818593032,134.21094361511962,138.00547543828753,2,29.60087327271873,0.0039093769155442715,-12.538185502836292,26.81462619974975,0.9960905909538269,106.1342851679927,11.206063586111195,-65.09388711324995,-56.64432066284266,-12.538185502836292,31.567949657170054,40.01751610757736,49.841963150151365,84.17080413074899,87.70195083452887,106.1342851679927,124.56661950145653,128.0977662052364,132.20348736790896,105.67034634048024,13.518038138755202,127.89587021271733,54.84112613038547,83.38499785887298,87.28407562313808,106.07916369657949,124.54539290724267,128.07920867275507,132.18716517279057,2,12.292423681253098
12,22,set,0.229,9.83705895546173,9.83506594411716,10.3692113229714,10.3502011251083,10.184826130732288,0.14881978929042816,55.2428552986879,13.901875424873944,0.8511801958084106,71.23560814404635,6.227664116339024,27.9956801483725,32.376305084656444,55.2428552986879,78.10940551271935,82.49003044900329,87.58345363852402,59.0296107682094,60.99201223485057,71.23560814404635,81.47920405324213,83.4416055198833,85.72332132133207,68.85556897393293,9.704230220513448,61.7732337741851,32.39877975080438,41.866836838404666,49.3089171419438,70.24946055644551,81.27919374437607,83.37711817588053,85.88185393743592,2,-58.67074284320064,0.03762800619006157,29.470104015621523,7.807078546098406,0.9623720049858093,62.49197936955812,3.201348199117657,14.168511240793315,16.628602553176528,29.470104015621523,42.31160547806651,44.771696790449724,47.632084593807406,56.21745219731535,57.22623017310488,62.49197936955812,67.75772856601137,68.7665065418009,69.93942894663996,61.24943273773505,7.186356311254947,12.15643974904165,39.487319209473775,32.78419798178375,55.352960019643895,62.33504219394002,67.69801790733929,68.71382582095272,69.89331849452167,2,-51.06460660700276,0.9617493748664856,26.680732175489133,5.252473234852489,0.0382506400346756,70.63411312521703,27.113914520665023,16.38607380541766,18.041182524676483,26.680732175489133,35.32028182630178,36.9753905455606,38.899812118844636,17.491817184815964,26.035692485048955,70.63411312521703,115.23253376538509,123.77640906561808,133.71051052729118,28.361977526078032,11.21264952375711,54.65370598937356,71.06981533975721,16.393669281791595,18.088365135370488,26.914654564243634,37.85115530077013,59.92368098806301,87.9580359302125,2,-18.177151395345746,0.0007382118492387235,88.95944961334314,57.20240352158524,0.9992617964744568,67.50126016558846,2.456822422917984,-23.155201118091114,-5.130131289478044,88.95944961334314,183.0490305161643,201.07410034477738,222.03213943580926,62.68597670025878,63.46014689247611,67.50126016558846,71.5423734387008,72.31654363091815,73.21668378603958,67.51710141716194,2.964229803837619,8.447034680606981,0.33966159340808344,62.67490265471474,63.451315038114394,67.50192697900476,71.55634968493875,72.33713415024344,73.26278094046424,2,-57.33227528642965,0.11555351316928864,27.91925985191496,9.181919372317255,0.8844465017318726,91.17249507537773,5.873860565188706,9.923028573222517,12.81634646998293,27.91925985191496,43.02217323384698,45.91549113060739,49.279598463319616,79.65993991739776,81.51085422051986,91.17249507537773,100.83413593023559,102.68505023335767,104.8371381136168,83.86336288455925,21.193400728917627,40.2574280245568,408.90291123274295,20.715301046965767,26.362880710611375,90.20633155673035,100.48001997297582,102.37345127092522,104.56437276991616,2,-73.67853675382696
13,27,set,1.378,10.675797177789,114.86365569200001,116.11212483439999,117.9338879135,116.3032228133,0.01748069003224373,43.6802006913182,21.83778588965959,0.982519268989563,107.90915856480567,6.885349452580563,0.8789268454884152,7.7602393661219295,43.6802006913182,79.60016201651445,86.48147453714797,94.48248746948686,94.41412161677518,96.58376654490019,107.90915856480567,119.23455058471114,121.40419551283614,123.92687662584473,106.78638763920284,11.214706502269891,54.91565685085765,70.85351779323099,91.295190284752,95.27499421451257,107.75612332124732,119.17608452154188,121.35272863512155,123.88212470640039,2,9.516835174097153,0.03856661543250084,17.721850139788856,11.257325682423248,0.9614333510398865,108.16851833025532,7.853080269498347,-4.342102759998504,-0.79480283871899,17.721850139788856,36.23850311829669,39.78580303957621,43.910305808479535,92.77676383433646,95.25135076622992,108.16851833025532,121.08568589428073,123.56027282617418,126.43751491987487,104.68029283437042,19.170565935408174,64.17987712351484,303.3303537659557,22.005766314635782,90.41582767649147,107.77353764356388,120.93544087799596,123.42784759479193,126.32143614053247,2,11.622929978929577,0.0004916105535812676,0.25923043992286665,49.61184106486238,0.9995083808898926,119.0722104451026,3.080937957058689,-96.97819125393272,-81.34498627535604,0.25923043992286665,81.86344715520175,97.49665213377841,115.67363142841756,113.03368301066516,114.00451847202216,119.0722104451026,124.13990241818304,125.11073787954004,126.2395439115578,119.01379971138513,4.199294237974263,10.697530309520674,6.936420590492693,113.00699789556077,113.9889866861924,119.07034675764866,124.14170388688754,125.11313679947537,126.24273231945662,2,-2.7105768980851366,0.14730732142925262,22.53996096044726,12.206665058129547,0.8526926636695862,115.11121542136544,8.553863280258419,-1.384662924830181,2.4617836666010646,22.53996096044726,42.61813825429345,46.4645848457247,50.93691026755555,98.3459514633793,101.04136238038537,115.11121542136544,129.18106846234554,131.8764793793516,135.01047707823062,101.47479017009107,34.06946477728399,84.33949330859305,1076.3887834627656,10.878906333977358,17.486046453984986,113.24444427118938,128.5093094848388,131.28580791546125,134.49388565226192,2,14.828432643208927,0.004464169032871723,-7.682073909777735,26.263433944646174,0.9955358505249023,105.3231990994281,11.323965756350855,-59.157458551630974,-50.88157848982942,-7.682073909777735,35.51743067027393,43.79331073207549,53.41580981236194,83.12863405481554,86.69693295362012,105.3231990994281,123.94946524523607,127.51776414404064,131.66668276242618,104.81872651899651,13.692792937752007,130.7389935190216,56.75379979771616,82.21163505881503,86.21229945101966,105.25955764666664,123.92489850375844,127.49621865181486,131.64787292155128,2,11.484496294303483
14,29,set,0.053,23.2569768023285,23.2634909054872,23.2389738040992,23.3019898268173,23.268151512134565,0.32043182849884033,62.59755642810095,10.48222533193292,0.6795681118965149,65.35146520080436,6.431371520056219,42.052772299679006,45.35583007234848,62.59755642810095,79.8392827838534,83.1423405565229,86.98285904426015,52.74620865029754,54.77280042976748,65.35146520080436,75.93012997184123,77.95672175131116,80.31307266365395,64.46902128199714,8.06030228610279,63.31676633058659,1.6514588806829014,47.3307070958013,50.824826158776254,64.7361039436123,77.07571375000096,79.72857594738123,83.1193710348736,2,-41.20086976986258,0.08267953246831894,41.94121922853847,6.7341109634255325,0.9173204898834229,57.46259915559697,3.3124122753384073,28.7426042723281,30.864592386054305,41.94121922853847,53.01784607102263,55.13983418474884,57.607103951858576,50.97039039398532,52.01416581054801,57.46259915559697,62.91103250064593,63.95480791720862,65.16842241027726,56.1793000043538,5.664445651791667,13.814281436013971,18.271733650726926,38.455711174100536,43.72684965724214,57.09680839366653,62.77392510939383,63.834450292250075,65.06371785633571,2,-32.91114849221923,0.9928352236747742,38.95722466238495,3.7085531338691027,0.00716472789645195,63.36112427229671,38.99393497413528,31.68859408524836,32.857197589398105,38.95722466238495,45.05725173537179,46.22585523952154,47.58460936112884,-13.065583892505252,-0.7781910990195868,63.36112427229671,127.50043964361299,139.78783243709867,154.0745819998631,39.132070076051676,5.365207084438777,24.548988514911315,4.236384384103427,31.60270604722258,32.81351926594602,38.97293781185438,45.22807357793623,46.54642472791163,48.41576486779299,2,-15.86391856391711,0.0013480976922437549,100.59665797437984,48.084567956799646,0.998651921749115,60.30712187335356,2.419880791467238,6.352636566883774,21.504581970243365,100.59665797437984,179.68873397851627,194.84067938187587,212.45809041485302,55.56424267519749,56.32677217671847,60.30712187335356,64.28747156998864,65.05000107150963,65.93660640801563,60.361437276445315,3.3391877022067553,8.96490022466745,2.1853451205529466,55.5532236627592,56.32108115306711,60.309580129682544,64.31342136098712,65.0959404382398,66.03767216948974,2,-37.09328576431075,0.34150174260139465,42.484037350312356,6.592891084708417,0.6584982872009277,91.11639137794785,5.984867003300911,29.562208270288643,31.639696537533688,42.484037350312356,53.32837816309102,55.40586643033606,57.82139550900659,79.3862675992159,81.27216118074615,91.11639137794785,100.96062157514955,102.8465151566798,105.0392740074941,74.50836044618245,23.880769022922358,38.43029594566657,531.8609986279698,32.909003290248535,35.548654156697474,86.90264945187926,99.69267903990618,101.73838189895692,104.07485671029511,2,-51.240208934047885
15,30,set,0.229,23.3019898268173,23.3099907086377,23.2695375691338,23.264990098420203,23.281506125397232,0.20353014767169952,61.78385124480736,12.482672793416935,0.7964698076248169,75.97604949678598,6.827319925919398,37.318262138912175,41.251681626507036,61.78385124480736,82.31602086310767,86.24944035070254,90.82289056012029,62.59474833105128,64.74610755427939,75.97604949678598,87.20599143929255,89.35735066252067,91.85877069184524,73.08750589438066,10.074228414184732,68.83876897703601,32.65107036779904,47.288937340060315,53.12964443038238,74.45493134113154,86.76743969031227,89.05589648911942,91.74308369920735,2,-49.805999768983426,0.06573811918497086,40.61962233777636,7.673322965257451,0.9342617988586426,68.6333465374823,3.9269608603776525,25.580185684127663,27.998129227602615,40.61962233777636,53.24111544795011,55.659058991425056,58.47044090483179,60.93664468244367,62.17407072339364,68.6333465374823,75.09262235157095,76.33004839252092,77.76882358646344,66.79177137228604,8.153289671254067,18.277924298626697,48.197842545776794,38.281546912799286,46.05398057342123,68.28669285465047,74.9622823898668,76.2152458880383,77.66826198347627,2,-43.51026524688881,0.962852954864502,38.42914235805684,5.103904660115337,0.037147048860788345,72.2155074402869,29.431513557766976,28.425673043704634,30.033966266251607,38.42914235805684,46.824318449862076,48.43261167240905,50.302600113423296,14.5308008565613,23.80497561812244,72.2155074402869,120.62603926245134,129.90021402401248,140.68344643520228,39.68420625575459,9.903954404132744,57.259461515653065,40.8288571902093,28.276929330191635,29.984179351437675,38.613402219095256,48.753287719409414,59.078961769071235,90.32274557653636,2,-16.402700130357356,0.0024295696057379246,91.5659425734803,40.692994394230006,0.9975704550743103,71.20152611174923,2.984291548950098,11.809139137699162,24.631923152615116,91.5659425734803,158.49996199434545,171.32274600926144,186.23200357085312,65.35242215643979,66.29280333357804,71.20152611174923,76.11024888992043,77.05063006705868,78.14402641216734,71.25100463628033,3.7299494875734998,12.90753092967659,1.0051175435117246,65.32092447711129,66.27571222966539,71.20501990790481,76.15458296895413,77.1306758571318,78.32643196027199,2,-47.9694985108831,0.19936753809452057,39.48155039484763,8.331284443397557,0.8006324172019958,93.01982185410563,7.012450274177248,23.152532940829584,25.777806960960774,39.48155039484763,53.18529382873448,55.810567848865674,58.863016247775064,79.27567187334019,81.48536758680834,93.01982185410563,104.55427612140292,106.76397183487106,109.33322064125498,82.34602432112715,22.599462533424408,53.20882657638122,457.52657709486283,29.913689664626986,33.88294908295992,90.79450214037679,103.78061432169856,106.08465780016901,108.73970509577855,2,-59.06451819572992
16,32,set,0.229,23.8366635535984,23.8471512073932,23.9276867023556,23.8066556743402,23.860497861363,0.206074520945549,62.043710540531066,12.427272476294734,0.7939254641532898,76.16368791686314,6.850724905657249,37.68670406092749,41.602666334783464,62.043710540531066,82.48475474627867,86.40071702013464,90.95386944588557,62.73651383378337,64.89524820854602,76.16368791686314,87.43212762518024,89.5908619999429,92.10085723677751,73.25391920834613,10.084918894376035,69.08640429348293,32.619104850993324,47.51975839424896,53.30606686078374,74.61659453875833,86.98113070567798,89.27708352257225,91.97137168317735,2,-49.39342134698313,0.06724835932254791,41.060399515248626,7.665871692942545,0.9327516555786133,68.8719891477587,3.9579369475939385,26.035567086976144,28.451162657367455,41.060399515248626,53.66963637312979,56.08523194352111,58.893883830795374,61.11457527739418,62.36176220426356,68.8719891477587,75.38221609125382,76.62940301812321,78.07952735138156,67.00170640109303,8.190313042894989,18.563691185225505,48.517603450110656,38.55208162607542,46.0755098701692,68.51398435016402,75.24770860088287,76.51089357745862,77.97569441436083,2,-43.14120853973003,0.9629073143005371,38.89104699588184,5.097889455928599,0.0370926633477211,72.27237443560621,29.52212978229339,28.89936726509529,30.50576503450001,38.89104699588184,47.27632895726366,48.88272672666838,50.750511293776555,14.410063315393842,23.71279218786883,72.27237443560621,120.83195668334358,130.13468555581858,140.95111829180223,40.129248467420936,9.856599917972458,57.35283324418026,39.799692704519636,28.742648626658873,30.451281271819703,39.07303550006068,49.18203389831921,59.0415290698103,90.40017044754158,2,-16.268750606057935,0.002547792624682188,91.6674012751939,40.13999940144898,0.9974521994590759,71.35181764260116,3.006493618106214,12.994448108894545,25.642977673890584,91.6674012751939,157.69182487649718,170.34035444149322,185.04700354675538,65.45919843136346,66.4065757104527,71.35181764260116,76.29705957474962,77.24443685383886,78.3459676793999,71.40357697190815,3.764295594176119,13.121027587947118,1.0488533716588324,65.42719798105202,66.38905563646226,71.35554333290384,76.34332318551844,77.3279153604854,78.53939080103196,2,-47.54307911054515,0.20363685488700867,39.93782017487448,8.297602947108977,0.796363115310669,93.10487876908917,7.060857167462595,23.67481724052747,26.28947787231905,39.93782017487448,53.58616247742991,56.20082310922149,59.24093115051647,79.26585302088098,81.49080224780201,93.10487876908917,104.71895529037631,106.94390451729736,109.53088882952181,82.27810339862836,22.630345363709772,53.723684878374385,458.4086446500311,30.30212029596447,34.2240129357004,90.80178910457944,103.92077753778297,106.24313385570055,108.91871771744763,2,-58.41760553726536
17,33,set,0.893,23.8066556743402,75.2863516384569,75.3310990129366,75.3681167241097,75.32852245850107,0.04615369066596031,55.84930524101796,19.12365490155031,0.953846275806427,102.94980637325409,7.733906804480371,18.367630381206467,24.393692115634618,55.84930524101796,87.30491836640128,93.33098010082944,100.33757916513022,87.7916275766833,90.22866171539988,102.94980637325409,115.6709510311083,118.10798516982487,120.941564025887,100.77594096212393,13.099481609399787,73.93176622956724,97.66431170603651,57.85036765511515,84.10355108007384,102.48742355809482,115.49620406913262,117.95480409828215,120.80873196270143,2,-25.447418503622856,0.04681011661887169,35.08790093363571,10.816838323688867,0.9531899094581604,101.17279157417109,6.827716554259558,13.887287392612915,17.295785184768388,35.08790093363571,52.880016682503026,56.2885144746585,60.25162977179279,87.79071303117443,89.94219723610064,101.17279157417109,112.40338591224153,114.55487011716774,117.05643546472626,98.07935277482838,15.645210545784053,49.91250444136375,194.860359430111,36.012865384079895,82.65790464964877,100.75228456232438,112.2439937959017,114.4143874745701,116.93328228723534,2,-22.75083031632731,0.04987083375453949,27.696210141014788,18.496384250835042,0.9501292109489441,100.56410709680804,9.130355082984128,-8.556036834835773,-2.727634579459334,27.696210141014788,58.120054861488896,63.94845711686534,70.72523432038739,82.66893996809694,85.54600942320678,100.56410709680804,115.58220477040929,118.45927422551915,121.80448923334615,96.93012881724867,18.651060024113065,96.26760785499258,251.59485217741465,27.756251536932293,71.1247327146388,99.96308795206723,115.35469343010647,118.2587717960411,121.62877831849416,2,-21.601606358747603,0.036283064633607864,55.15372984964692,19.531034539969315,0.963716983795166,103.36415208183132,6.283857690141547,16.87360557049923,23.028036848463906,55.15372984964692,87.27942285082993,93.4338541287946,100.58971052952276,91.04801732517883,93.0281259689551,103.36415208183132,113.70017819470755,115.68028683848381,117.98259106006729,101.6149352217666,11.53972260837626,51.89475019092153,81.27094774325587,64.78436824989977,89.83507009828476,103.07172576881652,113.59039671002502,115.58473516018255,117.90109619600138,2,-26.28641276326553,0.025511564686894417,22.735597075133896,17.10711696425019,0.9744884371757507,100.47829469927181,11.057200959328751,-10.793736054110667,-5.403106310196097,22.735597075133896,50.87430046046388,56.26493020437845,62.532702255885326,78.80657904916572,82.29081759738861,100.47829469927181,118.665771801155,122.15001034937791,126.2011906438486,98.49495702705535,16.639262062778844,126.60865363326452,150.25640643056124,57.25020867704744,78.83350350547235,100.11543201799093,118.52697339206894,122.02756266238293,126.09386905517383,2,-23.16643456855428
18,34,set,1.226,75.3681167241097,114.4943819324,114.49138005840001,114.49088194609999,114.49221464563334,0.1655953973531723,57.4886242269809,12.473174554151086,0.8344045877456665,94.48514539284804,7.7549040092205646,33.04165132796332,36.97207782198667,57.4886242269809,78.00517063197513,81.93559712599847,86.5055673335706,79.28581283121046,81.72946340662108,94.48514539284804,107.240827379075,109.68447795448562,112.52574984808909,88.35869036176284,16.280889691949582,75.94321623962207,189.12403658459584,44.61278938225237,51.0171948293779,92.54575915607948,106.5478559166117,109.07531644387848,111.99314117798832,2,26.1335242838705,0.39066922664642334,68.43035065504857,11.996910537600543,0.6093307733535767,114.84993308307482,14.383396557946288,44.91683807560244,48.69718884506398,68.43035065504857,88.16351246503316,91.9438632344947,96.33933797925376,86.65899385414271,91.19135108685553,114.84993308307482,138.50851507929409,143.0408723120069,148.3107170871395,96.71523071466791,26.367118057603257,182.28703325630508,512.9378814072843,50.16939356465638,54.80090485705721,101.7486719945667,134.86252462873992,139.86087782571013,145.54761835652354,2,17.77698393096543,0.011390868574380875,51.80762468065384,32.683897208430885,0.9886091947555542,82.33601944899848,6.321958759363345,-12.251636722279919,-1.9526021855428226,51.80762468065384,105.56785154685048,115.86688608358759,127.84173946685641,69.9452079688988,71.93732265422206,82.33601944899848,92.73471624377491,94.72683092909816,97.04309476861728,81.98827973074022,7.885099591171987,51.68005322103167,10.495168050432534,68.96553919163632,71.42681778912346,82.27678716064115,92.77421805715312,94.81464090621415,97.24869698661516,2,32.50393491489312,0.8776500225067139,39.04462617839407,7.930233925191492,0.12234996259212494,110.12963641209136,14.96688178450885,23.501653296041034,26.00055214396923,39.04462617839407,52.08870021281891,54.587599060747095,57.49310901090985,80.79508715358543,85.51130662468805,110.12963641209136,134.74796619949467,139.4641856705973,144.9478100325041,47.741873939537484,25.004067609981043,82.60150548278365,542.6018575977037,23.94901384456694,26.509052927826936,40.43732411900363,113.5867506159025,122.49600745216719,130.98619793582063,2,66.75034070609586,0.14603273570537567,38.86979709525333,10.347826288366054,0.8539672493934631,106.471074079756,11.337930460570433,18.588430251779076,21.84913749377063,38.86979709525333,55.890456696736024,59.15116393872758,62.94244078213762,84.24913871781831,87.82183803956313,106.471074079756,125.12031011994884,128.69300944169368,132.8470445027269,96.59907307798959,26.36885862601689,125.41317323745484,569.903392953001,29.044968330932132,34.66906512404257,104.02217961334979,124.23832939027422,127.91746698910839,132.16867358721535,2,17.893141567643752
19,36,set,0.893,10.8123268743736,112.76839300409999,113.6126986276,113.6304238642,113.33717183196666,0.031620074063539505,52.388820013548084,20.915926540529213,0.9683799743652344,103.13541541088799,7.236757603016413,11.394357290825369,17.985182382308032,52.388820013548084,86.79245764478813,93.38328273627079,101.04654125470262,88.95163114412941,91.23200842019779,103.13541541088799,115.03882240157817,117.31919967764657,119.97063107561411,101.53080930067334,11.97501551438048,64.54772195900523,78.85377383891637,69.2989055701964,88.32906566759338,102.84387288677165,114.92897164839871,117.22340182724963,119.8888541149701,2,11.806362531293317,0.02815554477274418,24.94075946749804,10.430902666761039,0.971844494342804,97.50866993229285,5.6678802010328235,4.496565914403593,7.783451383698356,24.94075946749804,42.09806755129772,45.38495302059248,49.206667710644524,86.39982886958087,88.18583662649756,97.50866993229285,106.83150323808813,108.61751099500482,110.69413098828373,95.46548469424191,13.355852080857971,34.28380243155503,144.09533885996342,37.62020521856296,86.14404221527263,97.30282153076857,106.75283941397716,108.5482028149848,110.63336237092824,2,17.87168713772475,0.04000728204846382,17.63369314122705,18.703786355001714,0.9599926471710205,103.96911645890044,8.238639487705957,-19.025054489108015,-13.131297682522987,17.63369314122705,48.398683964977074,54.292440771562106,61.145206764699374,87.82167978138725,90.41776041640168,103.96911645890044,117.52047250139921,120.11655313641364,123.13505791611412,100.51506346846908,19.116282629131398,79.15548676083957,286.27605968076386,23.587856218033757,84.92927302674201,103.53860684781277,117.35685513696966,119.97220651931819,123.00866249476097,2,12.822108363497577,0.013803658075630665,53.42919829324346,23.430838082051096,0.9861963391304016,102.45953727324408,5.226964952611273,7.505599524833741,14.888899291469023,53.42919829324346,91.96949729501787,99.35279706165316,107.9374786524182,92.21487421767287,93.86194501299319,102.45953727324408,111.05712953349496,112.70420032881529,114.6192760784373,101.78273895236325,8.200482111661394,34.52229644183845,32.72558147709945,90.68376595040174,93.14215431857285,102.37120599186535,111.02705974867374,112.68050345598614,114.6046437879357,2,11.55443287960341,0.014401720836758614,12.982494467579684,19.04897935888559,0.9855982661247253,100.19865674006314,10.160214570689465,-24.35281901808297,-18.350288320607017,12.982494467579684,44.315277255766375,50.31780795324233,57.297047101771035,80.2850021063127,83.48659095285937,100.19865674006314,116.9107225272669,120.11231137381358,123.83485030638536,98.9425926121196,14.660850686882265,106.96913018831775,107.97128503240161,76.84250620993068,81.93458308993647,100.01257580597449,116.83920468187591,120.04922330412505,123.7796613284682,2,14.39457921984706
20,37,set,0.952,113.6304238642,90.72417853792541,90.74871318324709,90.9497702608803,90.80755399401761,0.5711709856987,74.99406415691074,7.532142163224095,0.42882904410362244,94.81443418644173,8.032696897677708,60.23133679055589,62.604792801017474,74.99406415691074,87.383335512804,89.75679152326558,92.5164470653005,79.07063756826679,81.60182356009472,94.81443418644173,108.02704481278874,110.55823080461666,113.50128153716872,83.49361672545189,12.501834611988688,60.07419744698046,96.22187897601343,62.123760840838514,64.77669565442181,82.22454056449743,104.39341430950384,107.4202989203238,110.79623886832528,2,7.313937268565724,0.8397377133369446,101.11661232848594,9.151130853183016,0.16026222705841064,116.66214294866403,16.908569636623458,83.18072543843394,86.06434155392033,101.11661232848594,116.16888310305154,119.05249921853795,122.4053261338578,83.52195543079453,88.85002085530239,116.66214294866403,144.47426504202565,149.8023304665335,155.99735797589452,103.60796765946064,12.192806860551732,116.14124681544132,32.52265249060244,83.21199331698229,86.29258168928017,102.43428468881082,125.82949894606325,133.82294768494307,142.6181707813565,2,-12.800413665443031,0.22072970867156982,89.75695783685738,16.727751400418487,0.7792702913284302,63.18854014463796,12.35385390029095,56.97116754969769,62.24225527513646,89.75695783685738,117.27166039857829,122.54274812401707,128.67152674470464,38.97543142979802,42.868258749915796,63.18854014463796,83.50882153936013,87.4016488594779,91.92790190179096,69.05297924170614,17.381361799403077,180.69451646348102,121.41722153826757,40.24564863868433,44.30914012152651,66.87668407799558,102.45439005768328,110.01019017513423,118.06640630528518,2,21.75457475231147,0.9769291281700134,60.66920968146093,5.086657840098978,0.02307087928056717,109.76091924458416,14.919059738923771,50.69954351318863,52.30240208411298,60.66920968146093,69.03601727880887,70.63887584973322,72.50254533374836,80.52009947309202,85.2212497223097,109.76091924458416,134.3005887668586,139.0017390160763,144.46784215091776,61.80179903848925,9.204899120117233,30.412228307893244,54.31796796085448,50.75025764358243,52.35993721775826,60.81963068364531,70.41690368737233,75.14523622440566,112.26142689588144,2,29.00575495552836,0.805077314376831,75.4757155455956,4.894959678218221,0.19492261111736298,115.03326004237715,12.300450401708867,65.88177087051211,67.42422336509715,75.4757155455956,83.52720772609406,85.0696602206791,86.8630945865342,90.92482026140652,94.80081958598961,115.03326004237715,135.26570049876466,139.14169982334778,143.6483866841374,83.18636978492052,17.156432254323143,48.78216144858498,245.5604906704942,66.3432311276896,67.94985246967214,76.98157645210571,123.07944809840149,128.99028920258334,135.1120316210055,2,7.621184209097095
21,38,set,0.385,90.9497702608803,90.7547253716633,90.8197572932806,91.4295745416178,91.00135240218724,0.616533637046814,89.21525340057065,7.488914233093029,0.38346633315086365,99.94624220387372,9.208946760639627,74.5372512203989,76.89708566233907,89.21525340057065,101.53342113880221,103.89325558074238,106.6370731056008,81.89703821747325,84.79887272423261,99.94624220387372,115.09361168351482,117.9954461902742,121.369455922643,93.33022366923451,9.71196707405128,67.09731914124686,27.22472571216879,75.90341987121859,78.4364430473345,92.66583563260788,110.46271211146954,113.93191423312295,117.8447651527373,2,-2.328871267047276,0.6785804629325867,93.56099745260548,6.834592748045134,0.32141953706741333,101.29971524813473,10.313688897433611,80.16544181743838,82.31909278224721,93.56099745260548,104.80290212296374,106.95655308777258,109.46063776195523,81.08525646141423,84.33520665794192,101.29971524813473,118.26422383832754,121.51417403485523,125.29294348819803,96.04837254393985,8.885368534611814,65.88771495739535,13.062059038474818,80.3693125351382,82.73832411846158,95.35010890738444,112.06074847474979,116.02313807819382,120.54387037006396,2,-5.047020141752611,0.9198976159095764,91.14338555108904,5.917278017236007,0.08010239899158478,74.78669070897882,30.913191991218937,79.54573375079588,81.41032934275817,91.14338555108904,100.8764417594199,102.74103735138219,104.90903268659463,14.197947759017651,23.93901474157513,74.78669070897882,125.6343666763825,135.37543365893998,146.70152917756735,89.83317641280502,11.334517705360762,108.75735011589302,19.714061749611098,59.64209651382432,76.9814440602965,90.8865954601003,101.67081172013772,104.4130370356799,111.0451197226906,2,1.1681759893822203,0.599220335483551,93.7729493853179,7.128357579710977,0.400779664516449,96.65388310572368,7.496441053663203,79.80162526016127,82.04784456612327,93.7729493853179,105.49805420451253,107.74427351047453,110.35598888628144,81.9611286283163,84.32333484937784,96.65388310572368,108.98443136206951,111.34663758313106,114.09321281378556,94.92756903527626,7.413782681947571,52.97093750741115,1.9932361477381857,80.4995816010733,82.79911149688411,94.88941411511914,107.18685359029092,109.57097453837868,112.35389774994854,2,-3.9262166330890267,0.8699477910995483,89.1046768059798,5.067542177681812,0.13005225360393524,110.14552759682029,14.930233065366785,79.17247664758578,80.76931167529031,89.1046768059798,97.4400419366693,99.03687696437383,100.89354277764218,80.88280850791233,85.58747958802093,110.14552759682029,134.70357560561965,139.40824668572824,144.87844354737058,91.84109085236221,10.07067593859937,51.33043478314957,50.08845614145059,79.24592008085051,80.94597107784996,89.89123344625622,114.53187791223397,123.13043686233118,131.44039053502092,2,-0.839738450174977
22,39,set,0.952,91.4295745416178,100.8003141744,100.75184045900001,100.7408380489,100.7643308941,0.34433111548423767,69.9018929223723,10.027373384248484,0.6556688547134399,97.0924250968849,8.377119439613455,50.248602229709746,53.408331442494514,69.9018929223723,86.39545440225007,89.55518361503485,93.22905167703247,80.67357270105217,83.31328980323102,97.0924250968849,110.87156039053878,113.51127749271762,116.58051909581586,87.72987592904516,15.73371387498024,80.63418256965844,166.91534035558604,55.29530314522815,59.30061296477223,91.33540118504048,109.0790204027228,111.94435498308862,115.21666808047799,2,13.034454965054834,0.5954928398132324,84.67862756370661,10.276646806341699,0.40450718998908997,114.13943039850759,14.464105540583498,64.53676994143831,67.7750477913962,84.67862756370661,101.58220733601702,104.82048518597492,108.58568301390822,85.79030447037768,90.34809393946992,114.13943039850759,137.93076685754522,142.48855632663748,147.78797157274636,96.59573665685433,18.883500669922036,147.51677337941274,209.07010224914552,66.87675743894054,70.45083832411612,92.99480217110049,130.8768380609058,136.41144784943253,142.55785382479746,2,4.168594237245671,0.13601677119731903,74.39841826636217,18.05496882086137,0.8639832139015198,74.2712210556122,11.66757745709859,39.01132963548027,44.70063731687259,74.39841826636217,104.09619921585174,109.78550689724406,116.40055659864669,51.40318945286754,55.07976395756634,74.2712210556122,93.46267815365805,97.13925265835687,101.41406506814035,74.28852090279628,12.726235344920939,161.9550825079479,0.0019013100713753367,49.26204320849136,53.60226335674826,74.2829666914616,94.99176732749012,99.35168294241437,104.86454792470072,2,26.47580999130372,0.8863287568092346,58.5995652283753,7.229743338281553,0.113671213388443,108.40488016475628,12.993135421037811,44.42952866787507,46.707695676474636,58.5995652283753,70.49143478027595,72.76960178887552,75.41846327324751,82.93880269327049,87.03307424199059,108.40488016475628,129.77668608752197,133.87095763624205,138.63143312861234,64.26099406398413,17.76050383764574,65.51783756166192,249.9175359374101,44.8063108366435,47.13583798161838,59.76648930181956,110.37089966139503,118.44108249289287,125.98910510205657,2,36.50333683011587,0.4799668788909912,63.24386263403168,7.3457027460602955,0.520033061504364,109.3304609167367,12.51410868294546,48.84654981061652,51.16125682966701,63.24386263403168,75.32646843839635,77.64117545744683,80.33252260066502,84.80325859954362,88.74658386152893,109.3304609167367,129.91433797194446,133.85766323392977,138.4426310468229,87.21041366368057,25.24834742245964,107.33739416144648,530.1412000713383,51.30728622171132,54.00180525867302,87.27779100551646,125.64661490403051,130.15176490329685,135.23384287332885,2,13.55391723041943
23,41,set,1.226,36.4863232841486,123.6349159838,123.65567730410001,123.57058184810002,123.62039171200001,0.04549502953886986,51.568342515319905,18.198760596647933,0.9545050263404846,103.12777722176911,7.719459503216361,15.899427182623285,21.634045141902003,51.568342515319905,81.5026398887378,87.23725784801653,93.90499053951004,87.99791461534959,90.43039625979867,103.12777722176911,115.82515818373955,118.25763982818863,121.08592542582085,100.78208497950538,13.688927092886958,71.94672821695984,115.44056430561918,53.832725690327074,83.95849197409196,102.66866354267563,115.65091564627343,118.10418573720347,120.95170605820773,2,22.83830673249463,0.09036698937416077,40.00184341354631,12.058879645262746,0.9096329808235168,110.81159227661603,9.851138843048522,16.36687361492818,20.166751492064595,40.00184341354631,59.836935335028016,63.636813212164434,68.05499243961766,91.50371493753734,94.60791082102513,110.81159227661603,127.01527373220692,130.1194696156947,133.7287681810231,104.41272515107721,22.662147714502062,101.41613325285613,412.1564808756238,32.853038104043605,41.61775704935097,109.58184023215769,126.55858921353733,129.71731930720696,133.3765977870796,2,19.207666560922803,0.003724977606907487,24.931037188578635,35.518598001724484,0.9962750673294067,103.55820168315731,5.133911319935352,-44.6841356761577,-33.49185755878922,24.931037188578635,83.35393193594646,94.54621005331495,107.55965213880165,93.49592039626152,95.11366902811442,103.55820168315731,112.00273433820018,113.62048297005309,115.50146536780312,103.26532190964427,7.341702920030784,30.958190215755476,22.942890738809147,93.16381597155251,94.93624110364736,103.53478871248848,111.99513383698486,113.61524815687027,115.49854293068823,2,20.355069802355743,0.31871962547302246,35.56009576485074,11.694245991208437,0.6812803745269775,111.46430836123946,10.260120625501674,12.639794795730296,16.324772831748824,35.56009576485074,54.795418697952655,58.48039673397118,62.76498006500911,91.3548414582196,94.58791173742341,111.46430836123946,128.34070498505548,131.57377526425933,135.33291816577787,87.27214615069377,36.96391989395823,115.30506275273336,1251.0263111742263,19.005067107227575,23.779593153878928,105.05490176182124,126.35167282399662,129.83398039477478,133.8177755649653,2,36.34824556130624,0.020681068301200867,16.68485915729738,18.256596693724486,0.9793189167976379,103.62900602901757,11.953448147366919,-19.097412842675645,-13.344570130165607,16.68485915729738,46.714288444760356,52.4671311572704,59.15605406296438,80.20067816911137,83.96733348924474,103.62900602901757,123.29067856879041,127.05733388892376,131.43688471410204,101.83090664498137,17.318315672399084,146.82297642350778,153.10092678726616,72.34581269441601,81.13687328334606,103.31259337249504,123.1693674784574,126.9503080861545,131.34316336566914,2,21.789485067018646
24,44,set,1.153,53.645190708653,112.5229110712,111.95395020549999,111.6200364662,112.03229924763333,0.08610484004020691,56.31915937887579,15.605978342285916,0.9138951301574707,100.25284828510107,8.040286240941898,25.73200388448329,30.649609300440666,56.31915937887579,81.9887094573109,86.90631487326829,92.62409391778003,84.49417682746201,87.02775429995977,100.25284828510107,113.47794227024237,116.01151974274012,118.95735108839608,96.46994204168662,15.229484634412088,80.05038754810387,151.88653732787435,47.698708643247116,59.49727605114648,99.30681411758735,113.1246900712075,115.70052487365902,118.68511828711672,2,15.56235720594671,0.17302851378917694,53.85531585280329,12.070387728629965,0.8269715309143066,112.19640742636453,11.404326956502606,30.19779062525432,34.00129481865574,53.85531585280329,73.70933688695082,77.51284108035225,81.93523668415025,89.84433732370013,93.43795886902076,112.19640742636453,130.95485598370828,134.54847752902893,138.72683919649103,102.10174007412321,24.89569068712023,132.76408145454366,487.03179935754827,41.056025014085854,47.13937207154011,109.17069963385528,129.88355071890282,133.60709182973292,137.90388387820366,2,9.930559173510119,0.01104450598359108,40.00088994246258,29.76918039235874,0.9889554381370544,93.90437469325065,6.631367290094309,-18.345631475836527,-8.96505439728137,40.00088994246258,88.9668342822065,98.34741136076167,109.25435946016462,80.90713363640882,82.99674615449166,93.90437469325065,104.81200323200963,106.90161575009246,109.33124189054551,93.30903208606831,9.220295651287673,53.277033672028764,31.73633170730699,79.53751854722991,82.31430896044897,93.8181094289054,104.78720446823688,106.88609767016915,109.3316487338554,2,18.72326716156502,0.5254724621772766,42.03756279234793,10.549041250937446,0.4745275378227234,109.98007170755736,11.498820890614102,21.36182186908317,24.685934029882766,42.03756279234793,59.38919155481308,62.71330371561268,66.57830247963538,87.44279689727692,91.06619445996539,109.98007170755736,128.8939489551493,132.51734651783778,136.73032924041388,74.27815426138069,35.66889545145808,121.2191676837316,1151.0509350433153,24.433013065296663,28.221698700860877,59.54654697653737,124.37140318850281,128.60095384246478,133.34645548347635,2,37.75414498625264,0.056615233421325684,30.82864400321003,14.167887344455611,0.9433848261833191,104.03697702791747,12.082369942426805,3.0600950710561996,7.524543118442349,30.82864400321003,54.13274488797771,58.59719293536385,63.78807860663447,80.35596709287165,84.16324700594728,104.03697702791747,123.91070704988765,127.7179869629633,132.14477265685701,99.89227636642458,20.864586876003994,149.0830939365065,286.24848633278594,28.74636376131897,47.699407556228714,103.12733992969069,123.56733534291062,127.4154252979952,131.87956462998145,2,12.14002288120875
25,47,set,1.378,15.7752742768062,122.51133536129998,118.3268115539,116.3694996937,119.0692155363,0.02051100693643093,44.50556798524083,21.079132915363704,0.9794889688491821,106.7205396288777,7.012565550394339,3.191226645795169,9.833479756412665,44.50556798524083,79.17765621406897,85.81990932468648,93.5429640295215,92.9761637108785,95.18589574907662,106.7205396288777,118.25518350867878,120.46491554687691,123.0342065886096,105.44444532977278,11.62088400618595,57.28107610195561,77.763599754861,88.63904100293236,93.56359691345101,106.53706950969377,118.18498108388944,120.40306633749212,122.98038922094521,2,13.62477020652723,0.04639555513858795,21.66453903974074,11.509271298407562,0.9536044001579285,109.08351711627363,8.378616727879514,-0.8932181934386314,2.7334724009865745,21.66453903974074,40.59560567849489,44.222296272920104,48.439107856550436,92.66173008936494,95.30191900258473,109.08351711627363,122.86511522996253,125.50530414318231,128.57509432857915,105.02766022235161,20.278039736888463,73.0899001782349,338.10850227698535,22.786966509181614,86.70305026603987,108.57229431700331,122.67128517410971,125.33449544098063,128.42536761877997,2,14.041555313948393,0.0005646892241202295,3.8620381598699396,49.367309598343404,0.9994352459907532,116.62215447561664,3.2075001716975535,-92.89611066652168,-77.33996008580147,3.8620381598699396,85.06403640554132,100.62018698626153,118.70757389109211,110.3355696586834,111.34628618475244,116.62215447561664,121.89802276648084,122.90873929254988,124.08391568103087,116.55847249764155,4.339957363491875,11.658468888385704,7.175880865744287,110.30300462140313,111.32758891687676,116.61994088464218,121.89964770759057,122.91067147405266,124.08608495756472,2,2.510743038658461,0.19732113182544708,23.10836519219084,11.703632210647507,0.8026789426803589,114.74267540149128,9.176835495760123,0.1696675710188238,3.857603302001202,23.10836519219084,42.35912708238047,46.04706281336285,50.33508510398657,96.75640833775267,99.64812425235323,114.74267540149128,129.83722655062934,132.7289424652299,136.09118714747538,96.6612981459435,37.74338681033755,94.62511647925854,1329.9388275735403,9.741081107338477,15.338923279756793,111.86899489751414,128.83664895135712,131.85035921490757,135.32359715815477,2,22.407917390356502,0.0056478423066437244,-4.333962804351664,24.81497590261443,0.9943521022796631,105.06098413095174,11.463323631086823,-52.97042185070528,-45.15096592048041,-4.333962804351664,36.48304031177707,44.30249624200194,53.394303631070116,82.59328267089464,86.20549467944005,105.06098413095174,123.91647358246342,127.52868559100882,131.7286626895727,104.44313289970034,14.189837689180665,134.14345636413069,67.20743280820207,81.38955972708133,85.57797293001434,104.97938015768378,123.8850759060563,127.50104658622561,131.70451344833157,2,14.626082636599662
26,48,set,0.647,116.3694996937,118.1247553341,118.0144168771,118.2275701018,118.12224743766666,0.7149427533149719,88.65243973971695,6.530772834369866,0.2850572466850281,101.45057990368178,8.92150258257191,75.85236019313945,77.91027435630753,88.65243973971695,99.39460512312638,101.45251928629446,103.84528923879697,83.96475615385975,86.77601402288144,101.45057990368178,116.12514578448211,118.9364036535038,122.20509846989782,92.30064233754584,9.303895193383877,53.18163977071984,33.38082599874929,76.7213001373019,78.89842275677795,91.16419246429089,109.82613643321645,113.54931560574154,117.60758013017798,2,25.82160510012082,0.8809032440185547,109.01717011747422,7.3301502259239495,0.1190967708826065,113.88554136878429,14.999169545743335,94.65033967339514,96.96014593226406,109.01717011747422,121.07419430268439,123.38400056155331,126.06964951195239,84.48770926111735,89.21410294020829,113.88554136878429,138.55697979736027,143.28337347645123,148.77882755390243,109.5969790374454,8.752832138106395,74.12570874936549,2.4865406737673545,93.42661692840747,96.23386319648634,109.31465118373764,123.74883974458959,127.96682586055317,134.73133313699756,2,8.525268400221265,0.7244181036949158,102.69076964172352,9.175576575265,0.275581955909729,66.39170150188207,21.527084571974243,84.70697001681475,87.59828923252792,102.69076964172352,117.78325005091912,120.67456926663229,124.03635270069019,24.1993910486647,30.982798365979143,66.39170150188207,101.80060463778497,108.58401195509943,116.47118893019173,92.68740756689233,21.25426098328955,188.69854753759085,263.04557446904755,37.623883054473104,46.803894734499444,98.78013490486454,116.56470237787488,119.68800676970106,123.32867240294115,2,25.434839870774326,0.958208441734314,80.69350008263561,4.430377961916661,0.041791580617427826,107.5506378066475,11.507441207051484,72.01011883937899,73.40617682321111,80.69350008263561,87.9808233420601,89.37688132589223,91.00010043553783,84.99646748661446,88.62258140029803,107.5506378066475,126.47869421299696,130.10480812668052,134.32094919432168,81.81590412262229,7.295657628821291,24.34204516470846,28.884724691300708,72.08793884388396,73.49544885520628,80.9307765671513,90.73575742182771,104.6886487598982,115.70493629776382,2,36.30634331504437,0.9343076348304749,93.95898566136091,4.1160968943599,0.06569235026836395,117.58328979959386,15.202977897560242,85.89158399153834,87.18860875578933,93.95898566136091,100.72936256693248,102.02638733118349,103.53445892090117,87.78600066261731,92.57661646432882,117.58328979959386,142.5899631348589,147.3805789365704,152.95070511067303,95.51092032355808,8.078850476193157,31.012785121876504,34.254903961412744,85.92259995746554,87.26305510823848,94.27658692873054,107.22744790219025,122.20509671091368,133.19585333821388,2,22.611327114108576
27,49,set,1.153,118.2275701018,130.58227813050001,130.6017882258,130.5807775954,130.58828131723337,0.5533779263496399,67.49518406690287,7.278291558906498,0.4466220438480377,88.34923332997671,7.206245225780742,53.22999474246424,55.52345979822522,67.49518406690287,79.4669083355805,81.76037339134149,84.42702216161439,74.22525222368274,76.49601473364953,88.34923332997671,100.2024519263039,102.47321443627068,105.1134665907887,76.80906015977133,12.648769554790956,52.507450537015885,107.48374489046361,55.16900537786401,57.75223077052002,75.7359643651852,97.11469070163386,99.8038272046115,102.81022500753812,2,53.77922115746203,0.8670642971992493,100.73424958300987,9.848012057069687,0.13293562829494476,117.74544240652295,18.799306703339965,81.43250063183707,84.53571123267696,100.73424958300987,116.93278793334278,120.03599853418267,123.6441514955025,80.8994783336542,86.82333459136107,117.74544240652295,148.66755022168482,154.5914064793917,161.4791695892796,102.9956356837636,12.822947695852761,131.07209598565075,33.355101259813054,81.39164362319656,84.68960951856319,101.8749413165802,125.58880606743928,134.521338293176,144.78133486791086,2,27.592645633469772,0.06744588166475296,84.38423164359806,24.48071915995876,0.9325541257858276,57.71586035326786,8.3727545740375,36.40290377443923,44.11703194295948,84.38423164359806,124.65143134423661,132.36555951275687,141.334900616359,41.30556293676135,43.94390462458774,57.71586035326786,71.48781608194797,74.12615776977435,77.19380015644572,59.51453259752383,12.26898350102014,105.79555503775754,44.732427500351186,41.16061820023686,43.94789430532424,58.25822540436672,77.40728223739849,92.47973700996543,109.93955980456973,2,71.07374871970953,0.991645872592926,47.540733468777645,4.771869752570434,0.00835415069013834,110.06173155616607,18.47859393927539,38.188040614823535,39.69170619892214,47.540733468777645,55.38976073863315,56.893426322731756,58.64176252286967,73.84435295024616,79.66714929418544,110.06173155616607,140.4563138181467,146.27911016208594,153.04936928206334,48.063044414991495,7.603655541543915,25.433106476393966,32.38252490324591,38.204941379342884,39.71101609092013,47.591083358070726,55.78581962994454,57.6795919082403,61.5214833832713,2,82.52523690224187,0.7598794102668762,65.58431241324016,4.65201114303054,0.24012063443660736,115.24391983941327,10.481222363716421,56.46653811722128,57.9324350120077,65.58431241324016,73.23618981447261,74.70208670925902,76.40650864584356,94.7011014925733,98.00384321956942,115.24391983941327,132.4839964592571,135.78673818625322,139.62688920259427,77.50861178613293,22.19887785812432,42.823405881842234,449.96704083805196,57.025534901634344,58.56983427258475,67.47771563520062,123.76077792079509,128.43402908547696,133.3963433345361,2,53.079669531100436
28,50,set,0.494,130.5807775954,128.334927467,128.3648766484,126.0177985018,127.57253420573333,0.8601512908935547,100.13710835802942,5.040712777890489,0.1398487389087677,105.12683094819903,9.20198655198397,90.2574928569532,91.84587366289561,100.13710835802942,108.42834305316322,110.01672385910562,111.86355981252547,87.09126872008854,89.99090999300952,105.12683094819903,120.26275190338853,123.16239317630952,126.53385280035934,100.83491775408761,6.057386626903095,33.69730912580235,2.99492664247892,89.8971404954766,91.66763126279515,100.53046756825293,110.99942732364228,114.18687835803924,118.65448221077007,2,26.73761645164572,0.9523281455039978,123.33967608423006,5.86749106573588,0.047671835869550705,114.39630488687013,15.426928977299132,111.8396049157772,113.68851212364903,123.33967608423006,132.99084004481108,134.83974725268294,136.98950145095836,84.1600796993065,89.02126480583686,114.39630488687013,139.77134496790336,144.63253007443376,150.284708316189,122.91332686300856,6.91108864307727,44.13165773397811,3.631207095913488,109.16824244535586,112.31760282891382,123.1810177503289,133.1713548915633,135.18006496375855,137.6919999536827,2,4.65920734272477,0.905811607837677,117.47817873050485,6.589234158386575,0.0941883772611618,63.7606586151729,28.22721445120237,104.56351709436606,106.63985302625015,117.47817873050485,128.31650443475954,130.39284036664364,132.80702960642475,8.43633490692769,17.33102254637565,63.7606586151729,110.19029468397014,119.0849823234181,129.42697894382243,112.41861092978664,18.988519139349663,114.37553870860475,246.18813207679992,46.070442459647374,65.94571342140576,116.6696857800515,128.0679839429417,130.21346969857748,132.73786399304018,2,15.153923275946696,0.981553316116333,92.00635764034972,2.991907268975825,0.018446728587150574,107.87393744717696,10.948132724731026,86.1423271480735,87.08510811747236,92.00635764034972,96.92760716322708,97.87038813262593,98.96657475485897,86.41599160873977,89.86586162655702,107.87393744717696,125.88201326779689,129.33188328561414,133.34310273607193,92.29906669138592,3.944096853643993,10.997438037996956,4.558842787166167,86.14354203462518,87.09651064324628,92.06634855795784,97.41449404849634,98.90586766082029,106.71697329472924,2,35.273467514347416,0.9867777824401855,110.45017984385964,2.907942547303371,0.01322223711758852,123.9770167963502,17.7230527715629,104.75071718203337,105.66703999796118,110.45017984385964,115.23331968975809,116.14964250568592,117.21506580661175,89.24047166798411,94.82518916439261,123.9770167963502,153.1288444283078,158.71356192471626,165.20700293298918,110.62903704965609,3.8580600772216433,12.49751300908013,2.3873539137396764,104.67304979789292,105.62840623124896,110.47722501226211,115.49109791885748,116.65143061362964,118.86124032304065,2,16.943497156077242
29,52,set,1.378,129.51294326450002,117.7122298533,117.7217359529,117.6892192556,117.70772835393332,0.6094300150871277,59.949781882322995,6.206962591839279,0.3905699849128723,78.65723884048586,6.083422307411161,47.784358748930615,49.740236950784045,59.949781882322995,70.15932681386194,72.11520501571536,74.38933611209933,66.73395021521243,68.65089959386312,78.65723884048586,88.6635780871086,90.58052746575929,92.80939539222445,67.25635306423088,11.010664973312773,37.933359693529574,83.30138346100813,49.156150413391195,51.312967850121915,65.4209227975378,85.56769116563048,87.91624735900612,90.51840662705898,2,50.45137528970244,0.9245782494544983,104.67373680000571,10.066284643380234,0.07542173564434052,118.24992760408473,21.532494087562707,84.94418144085182,88.11617199441582,104.67373680000571,121.2313016055956,124.40329215915959,128.09141667962328,76.04701469514016,82.83212660684606,118.24992760408473,153.66772860132338,160.4528405130293,168.3419994474832,105.69767511412786,11.895783721355304,128.656753650725,12.852750218784784,84.45389803457343,87.87898006743875,105.14447727509294,124.76250215942743,131.00182630488328,142.35447169894738,2,12.010053239805458,0.01750973053276539,81.63555947215748,36.861567233390886,0.9824902415275574,47.557851661376624,5.34329754271992,9.388215281009565,21.003676913198916,81.63555947215748,142.26744203111602,153.8829036633054,167.3883880393699,37.085180918964205,38.76890931835287,47.557851661376624,56.34679400440037,58.030522403789035,59.98822054025076,48.15454181356668,8.474703478520327,51.84269705332802,19.97783720731896,36.93797058866473,38.70091174757461,47.63468432969084,57.06709525895731,59.532220486695955,75.03069767080159,2,69.55318654036664,0.9984762072563171,32.68583634203111,3.978709787041545,0.0015238008927553892,109.03246733661,24.46543236127198,24.88770845449265,26.141441118228503,32.68583634203111,39.23023156583371,40.483964229569565,41.94169939654069,61.08110104231618,68.79041218223585,109.03246733661,149.27452249098414,156.9838336309038,165.94757389774506,32.802173672858764,5.058309189055794,16.718092000843164,8.868408619503134,24.889830077999633,26.143913509239518,32.693432239689194,39.286893655152845,40.588173865731896,42.183294210577635,2,84.90555468107456,0.7929742336273193,56.4546356363583,3.7559091900003465,0.20702573657035828,116.8880582830399,8.389474835740199,49.09318889475461,50.27671478268586,56.4546356363583,62.63255649003074,63.81608237796198,65.19218699560606,100.44498975578402,103.08860017125451,116.8880582830399,130.68751639482528,133.33112681029576,136.40489523148324,68.96590779077607,25.006494903431825,25.757523659949456,599.5671219467315,49.47302314929314,50.70939650260161,57.70640810173647,122.77273353502753,126.7138942051965,130.82749209024973,2,48.74182056315725
30,53,set,0.893,117.6892192556,119.08853446549999,119.089839231,119.12055202360001,119.0996419067,0.6341161727905273,78.50858983290797,7.027044113005357,0.36588382720947266,96.0371462263939,8.15847757864138,64.73583645364326,66.95013083688312,78.50858983290797,90.06704882893283,92.28134321217269,94.8559389659892,80.04682400357925,82.61764479076336,96.0371462263939,109.45664766202444,112.02746844920856,115.01660319687613,84.92200513161367,11.267287340786524,55.665748075312266,71.28601594453596,66.15332597034666,68.56991015033127,83.33727194483052,104.97986226868615,108.18122042851583,111.71436199959155,2,34.17763677508633,0.8718150854110718,105.2724853792448,8.618066922953611,0.12818489968776703,116.7699581242692,16.927032067143774,88.3813845938998,91.09702674371403,105.2724853792448,119.44794401477556,122.1635861645898,125.32110704379963,83.5935849075128,88.92746803510387,116.7699581242692,144.6124482134345,149.94633134102557,156.14812318749026,106.7462862010463,10.78201410688014,101.47874910808326,14.772909297579238,87.94190943180217,90.9292718738001,106.0267871875833,124.96403789008009,131.76480524697195,140.79699716213895,2,12.353355705653698,0.32506364583969116,94.8840245499932,14.683601878373786,0.6749362945556641,62.07381131003113,13.92316700729846,66.1046937050559,70.73164874363862,94.8840245499932,119.03640035634777,123.6633553949305,129.04319056301014,34.784905424989816,39.17223955942518,62.07381131003113,84.97538306063709,89.36271719507243,94.46394127737548,72.73921514670343,20.90716512859079,200.92586748172357,236.18337086465402,37.20190712007239,41.93272142356096,70.13442345809617,109.90245189872978,115.8374853656448,122.34124797616595,2,46.36042675999657,0.979790210723877,64.94489396128063,4.696412676230522,0.020209811627864838,109.8289595663465,14.458634804857146,55.74009425933143,57.21998253712198,64.94489396128063,72.66980538543928,74.14969366322981,75.87038360624796,81.49055608320917,86.04662166681042,109.8289595663465,133.61129746588256,138.1673630494838,143.46477390615883,65.85199392388324,8.107205896237415,25.83544298551007,39.891441386472586,55.78091154556732,57.2663991683154,65.06608046599163,73.74140442418458,77.00112966398068,110.01705344390194,2,53.24764798281676,0.869248628616333,81.14035498698863,4.4480539741763145,0.13075140118598938,116.57316273463101,12.820267987421808,72.42232939631279,73.82395727468881,81.14035498698863,88.45675269928844,89.85838057766446,91.48807589343261,91.44589920713246,95.4856984370304,116.57316273463101,137.66062703223162,141.70042626212955,146.39756591180358,85.77324666611767,13.467770498110301,38.688449211926,142.69261223501599,72.68874196064048,74.12777636910798,81.97800097854015,120.40859953105186,127.77131992646939,134.89521564283086,2,33.32639524058233
31,54,set,0.647,119.12055202360001,109.08568091170001,107.0727206867,100.7122775114,105.62355970326666,0.7379883527755737,89.53624491164604,6.302968793612274,0.26201164722442627,101.55148632159825,8.896079292117872,77.1826530804861,79.16878383091094,89.53624491164604,99.90370599238113,101.88983674280597,104.19914296481171,84.11549130543463,86.91873803231027,101.55148632159825,116.18423461088621,118.98748133776185,122.2468614701154,92.68437810526675,8.829998238610782,50.05403118660733,27.914837707260162,77.90399131556582,79.99393120223259,91.63579866534324,109.40883709374033,113.20152168733506,117.32025847832898,2,12.93918159799992,0.89705491065979,111.16188088006217,7.196987959398077,0.10294514149427414,114.40987752169599,15.298246852566304,97.05604368247351,99.32388913192017,111.16188088006217,122.99987262820417,125.26771807765081,127.90457851890541,84.42586466406279,89.24650070025335,114.40987752169599,139.57325434313861,144.39389037932918,149.9989215637156,111.49625215145196,8.457594314231407,70.55733226100031,0.9742176718942959,95.60172044600206,98.45223073172816,111.32720265764932,124.96074395219895,128.6245417884644,134.69292201917858,2,-5.8726924481852905,0.7354642152786255,104.63557972087052,9.096248953398693,0.2645358145236969,65.3472032371623,21.62881290280578,86.80725937779891,89.67358163821915,104.63557972087052,119.5975778035219,122.46390006394212,125.7966191353558,22.955508919307746,29.770971887327406,65.3472032371623,100.92343458699719,107.73889755501685,115.66334615163163,94.24240016482239,22.020846494661605,184.6049141425318,300.31303089211593,36.937440538027445,46.28032539734778,100.84101558592631,118.37759354405746,121.44764939151364,125.00943782938425,2,11.38115953844428,0.9662899971008301,80.99844931247154,4.186009640552379,0.033710043877363205,107.97011298124625,11.69780066687444,72.79402117805141,74.11307617275513,80.99844931247154,87.88382245218794,89.20287744689165,90.73656394048503,85.0428449758437,88.72894312698247,107.97011298124625,127.21128283551002,130.89738098664878,135.18326669358314,81.90766859736152,6.726138498761132,21.54482043048699,23.696393591243684,72.852272717607,74.18017511410842,81.17750537073657,89.69124968078049,100.38773637024428,114.21749173143347,2,23.715891105905143,0.9456691145896912,95.59802590031305,3.9135279246962362,0.05433090031147003,118.5437217432634,15.31122161413064,87.92765211541663,89.16084529920057,95.59802590031305,102.03520650142552,103.26839968520945,104.70225326792959,88.5342788202561,93.35900333820284,118.5437217432634,143.72844014832395,148.55316466627067,154.16294959426438,96.8446876382553,7.366936639331445,27.2205687469991,27.051326457330187,87.93598939801733,89.20890084748368,95.84105115305177,105.30837500240649,120.07594776123841,132.32398041175736,2,8.77887206501137
32,56,set,1.153,116.21723138940001,123.82224919890001,124.1091291572,125.65859239,124.5299902487,0.5321352481842041,67.10410396455808,7.48193448609549,0.4678647518157959,88.65325774496365,7.253295506861566,52.439781837122716,54.79741688849061,67.10410396455808,79.41079104062554,81.76842609199343,84.50968634999917,74.43705978228878,76.72264832315159,88.65325774496365,100.58386716677572,102.86945570763852,105.52694632714105,77.18619344986796,13.038982062677801,54.40308487387829,115.61196835695665,54.57278578476553,57.25194169514056,76.5819709237412,97.67268574795429,100.34904909927796,103.34980736195811,2,47.343796798832045,0.8534277081489563,99.2674619711826,9.961310993962458,0.1465722769498825,117.58795816074701,18.58039391069382,79.74365118421329,82.88256345357186,99.2674619711826,115.65236048879332,118.7912727581519,122.44093662464681,81.17105527721978,87.02592984655521,117.58795816074701,148.1499864749388,154.00486104427424,160.81241803373098,101.95273733333825,13.314279153039811,135.28498215920663,41.98489231782094,79.85533778513779,83.17393749999027,100.64041691073578,126.21334254309451,135.33802445290195,145.25836224293818,2,22.577252915361754,0.063889279961586,83.00824000904248,24.671653047032983,0.9361107349395752,58.88195158100839,8.337779639516476,34.65268859778994,42.42698201174192,83.00824000904248,123.58949800634302,131.363791420295,140.40308762408088,42.540203776524734,45.167524500227564,58.88195158100839,72.5963786617892,75.22369938549204,78.27852751961855,60.42336365423048,11.780424556774326,103.96587448453009,34.8125826572054,42.295036469451475,45.09956184750654,59.35456671055375,77.40506768533963,89.90915687796826,107.89851376379951,2,64.10662659446953,0.9903124570846558,47.371543151103424,4.911301221727482,0.009687514975667,110.0125522470984,18.27862161524756,37.74556963928999,39.293171523493776,47.371543151103424,55.449914778713065,56.99751666291685,58.796938307043334,74.18711219417783,79.94689518758486,110.0125522470984,140.0782093066119,145.83799230001895,152.53498478212651,47.97837754126614,8.047887930963856,27.123883965860166,37.64455186846009,37.76591566516565,39.31614466865162,47.43172292762192,55.928999773150124,57.9678185574453,63.93410460758971,2,76.55161270743386,0.733544647693634,64.55232259499186,4.842245231826434,0.26645544171333313,114.70473454667291,10.53434320761931,55.061696336301246,56.58753796283368,64.55232259499186,72.51710722715005,74.04294885368247,75.81706949563568,94.05780125895491,97.37728191406867,114.70473454667291,132.03218717927714,135.3516678343909,139.21128147213466,77.91571144599347,23.203323585678195,46.76886628887507,491.6259019098238,55.72033371935332,57.3391513398068,66.83901536496472,124.04441616936539,128.58444007298039,133.456922532469,2,46.61427880270654
33,59,set,0.299,40.7577518187128,42.5138977931886,42.7395175990649,42.973582849415,42.74233274722283,0.25783342123031616,69.45417181819595,11.457360529145097,0.7421665787696838,85.3030599446248,7.7036047900589395,46.998157823180776,50.60849079654099,69.45417181819595,88.2998528398509,91.91018581321111,96.10797812729209,70.20427200497903,72.63175766509562,85.3030599446248,97.97436222415399,100.40184788427057,103.22432457042926,81.21668689629112,11.223028585616568,77.89034603782065,48.06602459574674,54.5640248475786,59.51146246765152,82.72891297391483,96.99448220329526,99.55138967305133,102.5010102536349,2,-38.47435414906829,0.12900035083293915,54.294686269660204,7.774181839875333,0.8709996342658997,80.12741049312673,5.357581047551172,39.05756985423921,41.507295073760986,54.294686269660204,67.08207746555942,69.53180268508119,72.3801376652611,69.62674459567205,71.31497387537571,80.12741049312673,88.93984711087775,90.6280763905814,92.5910077730989,76.79497881133753,10.38162575990703,32.797400875963575,74.98066466366986,47.57789314788676,52.074437340436226,79.12855189980073,88.57603593034479,90.3080182840396,92.31094745100664,2,-34.0526460641147,0.9357426166534424,52.704899585474884,5.6059527751666325,0.06425733119249344,76.54019827766814,28.91480777863743,41.717434047115916,43.483927830723374,52.704899585474884,61.925871340226394,63.69236512383385,65.74629590595713,19.868216411640155,28.979571830371697,76.54019827766814,124.10082472496455,133.21218014369612,143.8060998818009,54.236489518836436,10.830098413663759,83.13068544622584,34.160192787188215,41.0916708070778,43.19369052789344,52.987114716263775,65.91023283919294,84.68755113971218,105.81964571460077,2,-11.494156771613603,0.014338438399136066,91.02252397333264,24.679437122437907,0.9856615662574768,79.97994160139838,4.0743268501721,42.6517160546335,50.42846231136983,91.02252397333264,131.61658563529545,139.39333189203177,148.43548005564065,71.99440771381654,73.27827030450703,79.97994160139838,86.68161289828973,87.96547548898022,89.45824320744376,80.13827536094136,5.1786685797742456,25.095298156570056,1.7233400080044212,71.78880124952147,73.1693269159915,80.00554881361744,86.99734230768276,88.56887285766997,91.21356729960577,2,-37.39594261371853,0.31522902846336365,52.74268152844598,7.924616651901039,0.684770941734314,96.7919775010181,9.149328766783633,37.21071829943355,39.70784708636651,52.74268152844598,65.77751597052543,68.2746447574584,71.17809662918461,78.85962263540591,81.74267089480259,96.7919775010181,111.84128410723359,114.72433236663028,118.07649902652591,82.90635784246331,22.27016061538265,77.118564891842,418.8412840979028,41.5709741584486,44.81670984172586,91.18040551850704,110.09223132065819,113.19424792057409,116.74378217716901,2,-40.164025095240476
34,64,set,1.153,22.0146000827749,96.27604266954211,96.1429376282306,96.16595936603551,96.19497988793607,0.0307901743799448,50.70254648437952,20.33634246956199,0.9692098498344421,105.99293177727273,7.534725783298671,10.844047666765668,17.252239814393207,50.70254648437952,84.15285315436581,90.56104530199336,98.01195355421152,91.22514060862198,93.59941074452914,105.99293177727273,118.38645281001632,120.76072294592348,123.52132508473031,104.29053373912407,12.608957937631022,67.75786603295083,91.22821760814882,68.70126229031746,90.61201618044711,105.69490392461762,118.27292534490597,120.66087298113376,123.43437669291204,2,-8.095553851188,0.048579055815935135,30.231224031218773,11.478540091742836,0.9514209628105164,107.2834158124254,7.916912032419759,7.733698856303722,11.350705729207675,30.231224031218773,49.111742333229856,52.72874920613382,56.93430137073727,91.76655336011088,94.261254341644,107.2834158124254,120.3055772832068,122.80027826473993,125.70090728801347,103.54029508545537,18.450960722850255,66.03330866946759,274.40484261329465,30.652118079958242,83.77750808132205,106.77643607957425,120.11354658970615,122.63102124128949,125.55260067787908,2,-7.345315197519298,0.004827233962714672,17.52913435593519,31.270803565201636,0.9951727986335754,108.69956004210016,5.3836074214912335,-43.760514399486745,-33.90676030597377,17.52913435593519,68.96502901784413,78.81878311135712,90.27590174939075,98.14788338907479,99.84431384877743,108.69956004210016,117.55480623542287,119.25123669512553,121.22370372175678,108.25946261003514,8.572853526578893,33.56369522240141,39.93050439792077,97.67496103683175,99.59523267343515,108.6669455518528,117.54247956345583,119.24044223418196,121.21470205511997,2,-12.064482722099072,0.1041097417473793,38.81448535194765,14.678291357050847,0.8958902359008789,110.55987591050976,7.9820092286169215,10.045562937542432,14.670844575852112,38.81448535194765,62.95812612804319,67.58340776635288,72.96129724497493,94.91542529815425,97.43063908045909,110.55987591050976,123.68911274056043,126.20432652286526,129.1288061100771,103.0904793566872,23.656141734585834,79.51005773571264,480.1027464846826,28.45334810076342,38.08798345128295,109.39318711288774,123.25888185930589,125.82568493449648,128.79734405368836,2,-6.895499468751126,0.012249823659658432,10.867820649241665,20.8063138374711,0.987750232219696,102.9631705990999,11.659695689984266,-29.91180512323907,-23.355520129813293,10.867820649241665,45.09116142829661,51.647446421722385,59.27054461166909,80.11058697603383,83.78467785427881,102.9631705990999,122.14166334392097,125.81575422216595,130.08767887945794,101.83502455585511,15.563109467258975,139.5861476657724,102.62480811381886,76.97732005227908,82.30560285081887,102.78193367296267,122.07200315984196,125.75435969713168,130.03386661823203,2,-5.640044667919042
35,65,set,1.493,96.16595936603551,118.62185133119999,118.6142252616,118.6122837253,118.61612010603334,0.26503756642341614,50.7777860338465,9.453278936071433,0.7349624633789062,82.08680399065284,6.445060733655292,32.24969978333537,35.22852588926545,50.7777860338465,66.32704617842755,69.30587228435763,72.76940138949135,69.45471707451517,71.48562246697742,82.08680399065284,92.68798551432826,94.7188909067905,97.08025732645592,73.78874051065125,15.657606659950895,54.214409555413916,190.9463990293606,38.35072125926002,42.43172865783685,79.07588571160069,91.69408059655224,93.84789335932882,96.32056061732042,2,44.827379595382084,0.6830428838729858,78.60346932363257,11.929051271139635,0.31695711612701416,116.27282976370324,18.412778383375116,55.222958462467126,58.98192607420846,78.60346932363257,98.22501257305666,101.983980184798,106.35459238757244,80.18444727697036,85.98650445755501,116.27282976370324,146.55915506985147,152.3612122504361,159.1073576110531,90.5430411750664,22.62430791983145,204.6566492751178,307.2026595762319,57.185529899335776,61.2224233713507,85.22985333516061,134.75485991083917,142.2842037214361,150.49275697292677,2,28.07307893096693,0.0025350991636514664,53.28774395442379,52.420480315200535,0.9974648952484131,68.4649390560394,3.816765589092492,-49.45450951566015,-32.9362732185721,53.28774395442379,139.51176112741965,156.0299974245077,175.2360168918903,60.98421596398631,62.186918333597035,68.4649390560394,74.74295977848176,75.94566214809248,77.34406356993695,68.42646297885305,4.698881137699077,21.496985037836385,0.5824727446623829,60.891185384146944,62.1358734999927,68.46216463559327,74.77265515957379,75.99993129829096,77.46510964025182,2,50.18965712718028,0.9906547665596008,21.919371120098766,5.418159350910561,0.009345213882625103,109.12158822670455,22.664903819014658,11.299973929815147,13.007292060352492,21.919371120098766,30.831450179845035,32.53876831038238,34.52389460730405,64.69919302837148,71.841138975492,109.12158822670455,146.40203747791708,153.5439834250376,161.84803904140944,22.734294061304997,10.211844050471106,33.882724287244606,70.39902451549847,11.321594713428377,13.031681581472101,21.983425893227906,31.340269698320235,33.56478241445493,39.29531442148571,2,95.88182604472834,0.25274890661239624,32.38278623902591,7.255268879391429,0.7472510933876038,109.25675708094147,8.939123561835268,18.16272053726443,20.448930908250773,32.38278623902591,44.31664156980105,46.60285194078739,49.261065572192834,91.73639684639093,94.55320726848936,109.25675708094147,123.96030689339358,126.777117315492,130.05226817480533,89.82694500369408,34.4839807585682,73.01571922423662,1116.1292097330659,23.039630447675826,26.220022530456145,105.34604027961942,122.65825675346431,125.63565577588764,129.05634251787745,2,28.789175102339257
36,67,set,0.17,113.24470425290001,113.0295618646,113.0590686148,113.0745757357,113.0544020717,0.8688544631004333,105.94640968270073,4.920167395633519,0.13114556670188904,103.57375159818142,9.574774207382795,96.3030587893508,97.85345449678455,105.94640968270073,114.0393648686169,115.58976057605067,117.39243064345783,84.80753899160808,87.82464951592641,103.57375159818142,119.32285368043641,122.33996420475474,125.84800721994746,105.63524925106569,5.804940980582848,33.056210317408,0.6414620289721993,93.63738820825061,96.22765220182626,105.77698095460106,114.62878857929336,116.55342010243324,119.14105768814582,2,7.419152820634309,0.9125913381576538,115.51226724212763,4.865692870277389,0.08740869909524918,100.81983533578028,11.019372124337146,105.97568445655062,107.50891467681996,115.51226724212763,123.51561980743531,125.04885002770465,126.83156150663311,79.22226283983485,82.69458113033637,100.81983533578028,118.94508954122418,122.41740783172571,126.45472825049691,114.22802518581557,7.031232836062948,32.2193077351143,17.219413537247814,94.59020918491547,102.01372128730704,115.04239802249487,123.38440079716229,124.96443049632683,126.8169565645684,2,-1.1736231141155713,0.9863868951797485,112.32771550424602,3.7138867755632656,0.013613124378025532,70.74711247420097,44.55352586913332,105.04863118148242,106.21891537137367,112.32771550424602,118.43651563711836,119.60679982700961,120.96750810900602,-16.57619361357395,-2.5369161451192355,70.74711247420097,144.03114109352117,158.07041856197588,174.39411266088285,111.76167578036478,7.990193082219521,40.62746882513916,23.21596095575218,104.2340607247245,105.81983803108629,112.28603411308873,118.48405735522944,119.70816402098593,121.21629545108227,2,1.2927262913352138,0.8700346350669861,109.8229313365985,3.7672749691108764,0.1299653798341751,95.75276435777681,7.250162859380166,102.43920807728193,103.62631543993298,109.8229313365985,116.01954723326402,117.20665459591507,118.58692345191686,81.54270627134174,83.82730768253649,95.75276435777681,107.67822103301714,109.96282244421187,112.61916531214573,107.99429837735487,6.447059285199169,19.179457545335392,22.38528967033068,89.4506518053716,93.62655386989769,109.1596538548184,115.77571989918752,116.99436038876465,118.40513745231014,2,5.0601036943451305,0.9880774021148682,113.23768642362057,2.9584735839900875,0.011922654695808887,119.24117281545489,18.668012953575868,107.43918474978686,108.37143041875436,113.23768642362057,118.10394242848679,119.03618809745429,120.1201251561419,82.65253976351897,88.53502400078854,119.24117281545489,149.94732163012122,155.8298058673908,162.66946506257298,113.30927035195103,3.6369020435854336,12.803194685363486,0.4245911810302373,107.28720068771062,108.29010660127408,113.24895254347854,118.2750845401885,119.35732400182616,120.95881756217133,2,-0.25486828025103136
37,68,set,1.378,113.0745757357,117.86285878480001,117.8407890807,117.7282359047,117.81062792339999,0.4397795498371124,57.37453073085169,7.768053313305692,0.5602204203605652,81.86094336363422,6.487693395637086,42.14942600678549,44.59722006410841,57.37453073085169,70.15184139759495,72.59963545491789,75.44572504169629,69.14529796544716,71.18963735127144,81.86094336363422,92.532249375997,94.57658876182128,96.95357510200336,71.09231739921711,14.065528371978349,50.11723471807535,147.72170304041015,45.08693732389518,47.9975538599958,74.21619341132748,90.58970433794966,92.88606348537276,95.48731646632817,2,46.71831052418288,0.833560585975647,92.8458889295791,10.945259285918565,0.16643942892551422,117.30456362967291,19.70130988689593,71.39357492772612,74.84253949521167,92.8458889295791,110.84923836394654,114.29820293143209,118.30836960020153,78.69070580309399,84.89879260651722,117.30456362967291,149.71033465282858,155.91842145625182,163.13666400087305,96.9167781624492,15.730791379857306,164.4615433882269,82.996394012916,71.90758873301746,75.50888032317299,94.89738343953094,127.81180904035651,137.71514872626375,147.92232933184022,2,20.893849760950786,0.01069655828177929,70.39789457188985,39.28299562435452,0.989303469657898,58.09356059909334,5.151718564724631,-6.5953620566895665,5.783116741651483,70.39789457188985,135.0126724021282,147.39115120046924,161.78380792856262,47.99637775374668,49.61973763287279,58.09356059909334,66.56738356531388,68.19074344443999,70.07825012979721,58.225176247667164,6.660687351745984,42.76275004446147,1.602100673534698,47.73861117459202,49.4825908839044,58.11070559520618,66.84254470387076,68.70947612633229,71.43139014478912,2,59.58545167573283,0.9950734972953796,31.41466139888022,4.849827085392903,0.004926454275846481,109.15074985323825,22.415821221393802,21.909174980263266,23.437405727384213,31.41466139888022,39.39191707037622,40.92014781749717,42.69704632844969,65.21654757541774,72.28000501613286,109.15074985323825,146.02149469034362,153.08495213105874,161.2977478965073,31.797623162860237,7.450086846656016,25.880338116937608,29.623406939986285,21.919017364295897,23.448984603901188,31.44474042884731,39.62197537766637,41.357523710579294,43.87154423059096,2,86.01300476053976,0.5576799511909485,48.33371270464414,5.2374997009138475,0.4423200786113739,112.82972063494518,8.960714080890545,38.068401921813695,39.71879232543875,48.33371270464414,56.948633083849536,58.59902348747459,60.517958999154615,95.26704376063877,98.09065757891723,112.82972063494518,127.56878369097312,130.39239750925157,133.6754587869127,76.86159344295157,32.81627717856847,50.81376747351556,1026.0944564504334,39.44455697519824,41.30039144283312,54.94483303008372,123.67681449807631,127.02954642032155,130.77481618321463,2,40.94903448044842
38,69,set,0.229,117.7282359047,117.7367465216,117.6862829693,117.677724254,117.70025124829999,0.8705901503562927,105.83342075416579,4.919976245522127,0.1294098049402237,105.03308337874734,9.609701598605245,96.19044450814982,97.74077998220362,105.83342075416579,113.92606152612794,115.47639700018175,117.27899703326763,86.19841434330407,89.22653085036013,105.03308337874734,120.83963590713454,123.86775241419059,127.38859226282952,105.72984451940393,5.752985294455205,33.02417497834655,0.07216508856750084,94.24754355528118,96.53858749744727,105.7768709749504,114.78741312573355,116.862696127487,119.80661763571736,2,11.970406728896066,0.9266717433929443,118.15499210344674,5.016904982670882,0.07332822680473328,104.32003810462348,11.968293379527216,108.32203902355226,109.90291774662963,118.15499210344674,126.40706646026386,127.98794518334122,129.82605834414807,80.86261412434096,84.63394733088884,104.32003810462348,124.00612887835811,127.77746208490599,132.1624519639837,117.1404959374948,6.8435314988089555,33.82725071655606,13.006263714271602,99.37649409158477,106.317122239096,117.7867192874013,126.34196672540595,127.98141158747043,129.9207270733611,2,0.5597553108051869,0.9801264405250549,114.62775868989087,4.12082061414838,0.01987355574965477,69.96068249053259,41.28943484401502,106.5510986994098,107.84961195669251,114.62775868989087,121.40590542308922,122.70441868037192,124.21422096491862,-10.965122745750051,2.0456058325779622,69.96068249053259,137.8757591484872,150.88648772681523,166.01427146025475,113.74006463384717,9.454480303216739,50.52447062330178,38.86267898727,104.92123762456552,107.13219331351327,114.5523630440269,121.45298063610825,122.81555624417972,124.49874885603654,2,3.960186614452823,0.9168533086776733,106.85785770072141,3.4570301973474566,0.08314665406942368,98.92247737627878,7.937827176124057,100.082203020453,101.17154904213368,106.85785770072141,112.54416635930914,113.63351238098983,114.90011255081565,83.36462199557235,85.86591355551715,98.92247737627878,111.9790411970404,114.4803327569852,117.38862475195859,106.19805339721026,4.582271586567914,16.19636273675819,4.800430017080183,94.71907477626384,98.78917027913765,106.59580330543605,112.52394101290288,113.6692823495646,115.03773872960613,2,11.502197851089733,0.9887557625770569,114.17525069195395,2.9407757539153354,0.011244231835007668,120.70835119411977,19.033877523168606,108.41143612767127,109.33810502707536,114.17525069195395,119.01239635683254,119.93906525623663,121.01651811510574,83.40263676256285,89.40040871518578,120.70835119411977,152.01629367305375,158.0140656256767,164.9877717048968,114.24870975059777,3.6192778357662636,12.624575860447592,0.4745232539970864,108.27215758946527,109.2636317101799,114.18648921002243,119.17620936676207,120.24669214684826,121.81532810361834,2,3.451541497702223
39,71,set,0.299,113.886577624,113.9250990322,113.8970844168,113.89286849550001,113.90501731483334,0.8295310735702515,101.62071978477137,5.4232539735557275,0.1704689860343933,104.21565125674016,9.522117724738584,90.9913373175884,92.70026081648925,101.62071978477137,110.54117875305349,112.25010225195433,114.23709513653628,85.55264345970204,88.553161380945,104.21565125674016,119.87814113253532,122.87865905377826,126.36740958205237,102.06308117869352,6.3879601517625595,39.8544522414367,0.9522035530550723,90.01483985098395,92.09013945351658,101.89031016384455,112.60552219647042,115.40974597198165,119.3462710963494,2,11.841936136139822,0.9017992615699768,113.67704902514073,5.503874056737385,0.098200723528862,105.32262597473294,12.088729021430627,102.88965409849109,104.62398182063212,113.67704902514073,122.73011622964933,124.46444395179037,126.48097473602029,81.62915247386478,85.43843619859925,105.32262597473294,125.20681575086664,129.0160994756011,133.4452150335939,112.85663694300445,6.917357766668285,41.66866643866133,6.18098224298794,96.93168784471618,101.60590892641738,113.30787360161861,122.86854090000732,124.77653432403311,127.1409526011062,2,1.0483803718288982,0.9664125442504883,110.2644561812867,4.747600526843431,0.033587388694286346,70.40370918243329,37.062022805741215,100.9593301356902,102.45534823539157,110.2644561812867,118.07356412718184,119.56958222688321,121.3090265737041,-2.236520711021626,9.442106548251651,70.40370918243329,131.3653118166149,143.0439390758882,156.62286714422254,108.92563038438365,10.931273556966058,67.91807917428329,51.573866806577755,93.84732511802252,100.8868745391712,110.11633645839125,118.15340379187008,119.76594363202494,121.8196956893576,2,4.979386930449692,0.9000646471977234,102.07106553954026,3.953688986430232,0.0999353900551796,99.89459324839245,8.242427320918393,94.32197752006434,95.5678258703724,102.07106553954026,108.57430520870811,109.82015355901618,111.2687215077409,83.73973255420343,86.33700677469592,99.89459324839245,113.45217972208899,116.04945394258147,119.0693465233471,101.85356273462361,4.613520821181696,20.8588728530218,0.42608798159240124,92.44494064710808,94.46719844299845,101.96208237918435,108.96939958412521,110.47930378345274,112.51419745495828,2,12.051454580209736,0.9798445701599121,108.63288479915717,3.333689529645545,0.020155422389507294,118.7289035424882,18.001713813677572,102.09897338541363,103.14945348518954,108.63288479915717,114.1163161131248,115.1667962129007,116.38820634916028,83.44619280768296,89.11871928471821,118.7289035424882,148.33908780025817,154.01161427729343,160.60715220202866,108.83637351200332,4.408424156406362,17.42108924352228,2.0130260444842993,101.91257904033897,103.05251652454564,108.66930334240995,114.51486515424878,115.96074460810833,119.79548748709705,2,5.0686438028300245
40,72,set,0.17,113.89286849550001,113.8585689845,113.9013655179,113.8700171476,113.87665055000001,0.8715863227844238,106.23890126575407,4.8861973831631795,0.12841367721557617,103.75840716473158,9.584470435179693,96.66213037340037,98.20182177805731,106.23890126575407,114.27598075345081,115.81567215810776,117.60589616021964,84.97319030089044,87.9933562070171,103.75840716473158,119.52345812244606,122.54362402857271,126.05521958541915,105.92037189693022,5.770099989693794,32.60540462949869,0.6886492615666415,93.97527672041748,96.57359887358095,106.06711822895458,114.842636777615,116.74613061804497,119.30326372999676,2,7.956278653069788,0.9156397581100464,116.05336468725997,4.846024272785025,0.0843602865934372,101.0418846835762,11.089362372619082,106.55533164439441,108.08236408587464,116.05336468725997,124.02436528864528,125.55139773012553,127.32690295180373,79.30713382172915,82.80150676439452,101.0418846835762,119.28226260275788,122.77663554542325,126.83959926358709,114.78699711994724,7.02017080736933,31.876957770409803,17.406429409777193,95.10711602836537,102.72623807367965,115.59903617813848,123.89584801284954,125.46742662109733,127.30906548073953,2,-0.9103465699472366,0.9864567518234253,112.82686022169395,3.7093460649103926,0.013543292880058289,70.66093536094965,44.604044205897814,105.5566755282742,106.72552889320792,112.82686022169395,118.92819155017997,120.09704491511368,121.45608955387999,-16.761384847442557,-2.7061885278251907,70.66093536094965,144.02805924972446,158.08325556934184,174.4254587729637,112.25579979550005,8.016881580019103,40.517565652932376,23.753387940012985,104.74377630699806,106.32633127248072,112.78504888686392,118.97413319665262,120.19555432703612,121.69770003939695,2,1.6208507544999549,0.8763428330421448,109.91363613494144,3.703301227571804,0.12365718930959702,95.94891628468908,7.287103351094302,102.65529910499774,103.82224767907611,109.91363613494144,116.00502459080676,117.17197316488515,118.52880307263594,81.6664561649231,83.96269790767138,95.94891628468908,107.93513466170677,110.23137640445505,112.90125367342318,108.18680058552452,6.302186744671423,18.58497982795621,21.132839550122895,89.87227351706696,94.18312097202231,109.29973989464268,115.7796740178444,116.97631010875146,118.36233049220147,2,5.689849964475485,0.9886199235916138,113.71198358042187,2.9310671518352467,0.011380073614418507,119.50693594681663,18.777899193420293,107.96719752655639,108.89080714488735,113.71198358042187,118.5331600159564,119.45676963428735,120.53066541776474,82.70292982238911,88.62004035199013,119.50693594681663,150.39383154164312,156.31094207124414,163.19086181438314,113.77793024723589,3.5894227246546118,12.506108697959522,0.377810629230621,107.82025027220372,108.81208571366177,113.72221555464142,118.69344113006822,119.75666094493037,121.30358428061416,2,0.09872030276412147
41,73,set,1.378,113.8700171476,119.65032909220001,115.9487372081,119.4992693814,118.3661118939,0.44789451360702515,57.49191774014378,7.686457941225199,0.5521054863929749,81.69399735016394,6.468545169316788,42.4267370066605,44.84881951710956,57.49191774014378,70.135015963178,72.55709847362706,75.37329283061736,69.01588178593249,71.05418736731379,81.69399735016394,92.33380733301408,94.37211291439539,96.7420836529412,70.85401867495546,13.943043775424727,49.56358053406838,144.84488918934187,45.26355629011562,48.13066016552517,73.70901535985895,90.34469725377069,92.64177889272283,95.24175309959881,2,47.51209321894454,0.8394395709037781,93.41739585001321,10.90525257708542,0.16056038439273834,117.34746461821652,19.79168123087078,72.04349355661317,75.47985159577236,93.41739585001321,111.35494010425406,114.79129814341324,118.78680699859427,78.55648221221242,84.79304596215133,117.34746461821652,149.90188327428172,156.13844702422062,163.38980017334677,97.25961271389758,15.488884558939182,162.72317148140547,77.18195052916556,72.49821099516879,76.0875440776468,95.34551966792331,127.3550811984042,137.3939742247273,147.74580810639605,2,21.106499180002416,0.010957603342831135,70.94070357577085,39.16862077610224,0.9890424609184265,57.579975093162,5.161795464549155,-5.8283824694968445,6.514055629512271,70.94070357577085,135.36735152202942,147.70978962103854,162.0605412473682,47.463041887083456,49.08957710171666,57.579975093162,66.07037308460734,67.69690829924053,69.58810699834957,57.726380356407304,6.715467781315849,43.16312354441935,1.9345981175085172,47.20800722127793,48.95463680003649,57.599087277415265,66.35964010957214,68.24269270272283,71.03161140162041,2,60.63973153749269,0.9953428506851196,31.475225048483196,4.805874608417126,0.004657192155718803,109.13829220645567,22.517472701413944,22.055883901770095,23.570264768154296,31.475225048483196,39.38018532881209,40.8945661951963,42.65536122668124,65.0048566888205,72.10034556375416,109.13829220645567,146.17623884915716,153.27172772409085,161.52176695416267,31.8369182240654,7.3013331838329085,25.350233993586286,27.959275690771275,22.065223589610564,23.581076770597225,31.50339250543646,39.59493017577572,41.3020233676652,43.733400801708136,2,86.5291936698346,0.5705553293228149,48.7252363273496,5.155612556261282,0.42944464087486267,113.00756643807216,8.930596378160846,38.620421398835,40.24500831502667,48.7252363273496,57.20546433967252,58.83005125586419,60.7189846369863,95.50391917641305,98.31804259461461,113.00756643807216,127.69709028152971,130.51121369973126,133.78324033632347,76.33093704422302,32.586812790021135,49.41614936046885,1012.4840448108099,39.91930947100796,41.73690370586273,54.68970853114416,123.66203892261294,127.0280883858932,130.78103430712153,2,42.03517484967698
42,74,set,1.153,119.4992693814,113.6040252178,111.0919909451,113.4501635554,112.71539323943334,0.5667518377304077,67.74485867628267,7.151634908948547,0.43324822187423706,88.16020638506996,7.1762134917553135,53.72791182416413,55.98146605766589,67.74485867628267,79.50825129489945,81.76180552840121,84.38204934263139,74.09508639585911,76.35638559537813,88.16020638506996,99.96402717476177,102.2253263742808,104.85457538527812,76.58977580796727,12.395063553147887,51.29845683701379,102.33949329003354,55.55219467105743,58.07689606110298,75.29157745425259,96.76040281502307,99.45844799594738,102.46895216525716,2,36.12561743146607,0.8751347661018372,101.66277411183353,9.77570130505049,0.12486523389816284,117.84588511445881,18.937238279118702,82.50275163031336,85.58317636422699,101.66277411183353,117.74237185944007,120.82279659335369,124.40445606009601,80.72958012073288,86.69690004660615,117.84588511445881,148.99487018231147,154.96219010818473,161.90048912529141,103.68348205237626,12.531113186138837,128.41071735910543,28.618080324716985,82.36949301773191,85.65588611385843,102.67322863457346,125.33436218811849,133.99360258642582,144.44844715337283,2,9.031911187057077,0.06978514045476913,85.2546908254671,24.3595814403038,0.9302148818969727,56.97864289384833,8.39432099580446,37.5107885240013,45.18674494236361,85.2546908254671,125.32263670857057,132.99859312693286,141.92355132164255,40.52607606740318,43.17121355810447,56.97864289384833,70.7860722295922,73.43120972029348,76.50675369645442,58.951892143834044,12.60392245367432,106.9569920251578,51.90194687265805,40.439800560117796,43.218471243520504,57.56659359045119,77.60717296036611,94.10536337912312,111.2128292848277,2,53.763501095599295,0.9923948049545288,47.6480185040398,4.684978512923412,0.007605196442455053,110.09452991940168,18.60454199870117,38.46562935036589,39.941914604868,47.6480185040398,55.35412240321158,56.83040765771371,58.5469083075062,73.63029765308454,79.49278153506705,110.09452991940168,140.69627830373628,146.55876218571882,153.37516664558368,48.12293655706315,7.337976363046668,24.414475970513266,29.431424369277043,38.48065796240267,39.95903358478648,47.692981831884495,55.705516040629654,57.520858829295975,60.83317138476578,2,64.5924566823702,0.7756791114807129,66.23688000646531,4.5349318626230515,0.22432085871696472,115.59107709793412,10.448300908926967,57.348576883380986,58.77758088425199,66.23688000646531,73.69617912867864,75.12518312954964,76.78670910399852,95.11278361680014,98.40515145240522,115.59107709793412,132.77700274346302,136.06937057906808,139.89745970475536,77.30805390529707,21.54713392643154,40.44074512661285,423.838057202337,57.85183999328025,59.35108101999422,67.91831474358246,123.55741723697531,128.32618908632304,133.35170788913115,2,35.40733933413627
43,77,set,1.378,11.1609297813451,130.76726121299998,130.7614303469,130.6938234491,130.74083833633333,0.017746537923812866,43.760323523699014,21.765918658001063,0.9822534918785095,107.79839961235729,6.898134040950599,1.0999068635885365,7.958573275155231,43.760323523699014,79.56207377224278,86.42074018380949,94.39542212028566,94.27830533156437,96.45197881590228,107.79839961235729,119.1448204088123,121.3184938931502,123.84585907337147,106.66194867912456,11.253078859749898,55.14731380029567,71.48480907766252,91.069879201735,95.11662089773213,107.64270419406559,119.0852958113106,121.26608951782107,123.80027030726956,2,24.078889657208762,0.03924364596605301,18.098424325843993,11.282220135090405,0.9607563614845276,108.25892093557718,7.902364434334099,-4.014320804585829,-0.4591763834243956,18.098424325843993,36.65602503511238,40.21116945627381,44.344793151572325,92.77057125157211,95.26068813427041,108.25892093557718,121.25715373688394,123.74727061958225,126.64256963728626,104.7206951330931,19.273845112296765,64.99196637087388,306.4892207481568,22.053684690225378,90.21254450037335,107.85419046721884,121.10323086377392,123.61161111834807,126.52368775476369,2,26.020143203240224,0.0004980623489245772,0.6030844161099083,49.58995812195697,0.9995019435882568,118.84330444186298,3.092959573178318,-96.5914474977753,-80.96513806116266,0.6030844161099083,82.17130689338245,97.79761632999511,115.96657806689882,112.7812150727951,113.75583866990635,118.84330444186298,123.93077021381961,124.90539381093086,126.03860436942063,118.78441414573385,4.2126220297788874,10.786451286598425,6.9598168512472,112.75300704112988,113.7393363788274,118.84139343364596,123.93012019480436,124.90526265451423,126.0397997853544,2,11.956424190599478,0.15157999098300934,22.594936644272607,12.157616004674415,0.8484200239181519,115.07678104763642,8.612245148351484,-1.2335528627569943,2.5974378639006233,22.594936644272607,42.592435424644584,46.42342615130221,50.87778079015183,98.19709073083769,100.91089837917525,115.07678104763642,129.24266371609758,131.95647136443515,135.11185923922244,101.05838562166012,34.427667038951846,85.33264223928957,1099.9317676881797,10.748540619852994,17.241892521319926,113.13191931027048,128.54463586844187,131.34275343576164,134.5750839783434,2,29.682452714673204,0.004564492963254452,-7.359988251557077,26.125006094983686,0.9954355359077454,105.29604861955188,11.339022002603453,-58.56405929361451,-50.331799281020324,-7.359988251557077,35.611822777906156,43.844082790500345,53.415864136812225,83.07197387454187,86.64501715248704,105.29604861955188,123.94708008661672,127.5201233645619,131.67455834901074,104.78183397198778,13.739245991113545,131.10189043807412,57.66530694768389,82.13127598329707,86.14838155263642,105.23088316450571,123.92209356634461,127.4981228631672,131.6553291072475,2,25.959004364345546
44,78,set,1.076,130.6938234491,125.0504578597,125.11648344599999,125.1004869661,125.08914275726666,0.7005369663238525,73.50116680755137,6.065554493762055,0.2994630038738251,89.28844142414026,7.2035183245323795,61.61289845351266,63.52421749901505,73.50116680755137,83.47811611608769,85.38943516159009,87.6117566089936,75.16980494608248,77.43970818122177,89.28844142414026,101.13717466705873,103.40707790219804,106.0463309640304,78.2288692967106,9.67467423067944,41.31275920706784,52.28637987976351,62.56097874676264,64.60543955684402,76.62783895548095,96.25461413344809,99.24506374890548,102.49350796978628,2,46.86027346055606,0.9309394359588623,111.3815543654855,8.777301152883933,0.0690605491399765,118.78972770331623,19.59623268426619,94.17836022437109,96.94417872931902,111.3815543654855,125.81893000165198,128.5847485065999,131.80061024231327,80.38181740948782,86.55679329801599,118.78972770331623,151.02266210861646,157.19763799714462,164.37738194756852,111.89316522460572,10.08807096098231,98.24062230207012,3.5283668480058488,93.29746245297804,96.43419776557552,111.61476741815956,127.90292116862841,132.27970818060513,140.1577943256691,2,13.195977532660933,0.15393581986427307,96.30367526075732,19.98337060049769,0.8460642099380493,51.97958814031887,9.99673791545897,57.136988594065286,63.43395564981326,96.30367526075732,129.17339487170136,135.47036192744935,142.79194697339534,32.38634186313327,35.536417522392874,51.97958814031887,68.42275875824485,71.57283441750447,75.2354781372903,58.80265438005147,20.04731921688204,146.02320744213887,255.87190339047444,33.08983624521951,36.33974460602646,54.197193626809884,105.38190100431584,115.97972634483295,126.56649167227509,2,66.28648837721519,0.9957188963890076,53.89009279879326,3.9216438262740874,0.004281169269233942,110.74013925780535,18.30819875718525,46.2038121391022,47.43956272753448,53.89009279879326,60.340622870052044,61.576373458484326,63.01320057679138,74.85672907192128,80.62583212910076,110.74013925780535,140.85444638650995,146.62354944368943,153.33137851410044,54.13348100897684,5.524984805380908,16.74845569905095,13.7771938077674,46.210639629048536,47.44745696790016,53.91118529747796,60.500903937436824,61.87886291674614,63.79714069928561,2,70.95566174828983,0.9060009121894836,76.91325295707266,3.5699054778604675,0.09399913996458054,119.4256043423515,10.905221315738412,69.91636679225388,71.04128098393994,76.91325295707266,82.78522493020537,83.91013912189142,85.21809497602011,98.0517633200657,101.48811150845066,119.4256043423515,137.36309717625232,140.79944536463728,144.7949427661644,80.90938143649964,13.290610053953632,22.725019388772875,153.91563763509137,70.06825973161558,71.21384760551841,77.37872888198044,118.5521186967516,126.2422145825735,133.01339770360335,2,44.179761320767014
45,79,set,1.076,15.292612674058601,124.32102074520002,124.3315315207,124.28450961370001,124.31235395986668,0.02746840938925743,50.80146389909261,21.156720973524642,0.9725315570831299,106.339667007609,7.394738773954174,9.335052760021114,16.00175467139031,50.80146389909261,85.60117312679489,92.2678750381641,100.01935675752694,91.84624533557694,94.17640411491179,106.339667007609,118.5029299003062,120.83308867964105,123.54240183348466,104.81411734256537,12.160359459551637,65.47517569347141,82.3987981577112,78.75064932608997,91.70672125483854,106.0801965129411,118.40434167884817,120.74665155168832,123.46752933911253,2,19.498236617301316,0.035813108086586,26.17070069394574,11.056431148658687,0.9641868472099304,104.19373705248775,6.88146978916129,4.50049384502789,7.984489817935259,26.17070069394574,44.35691156995621,47.84090754286359,51.891805791106805,90.70630410503118,92.87472651102881,104.19373705248775,115.51274759394668,117.68116999994432,120.20242966677938,101.39948496031265,16.132110193139802,50.03666955702947,210.2078500918168,31.907371311172795,89.2077941308931,103.87327130914058,115.39070498448311,117.57359518409429,120.10818002089182,2,22.912868999554036,0.008242136798799038,15.38417350257118,26.948958812954224,0.9917578101158142,109.14684739508678,5.966653361000531,-37.4348151916724,-28.942919143482435,15.38417350257118,59.71126614862477,68.20316219681474,78.07682654470142,97.45242169929087,99.33257597348286,109.14684739508678,118.9611188166907,120.84127309088268,123.027358756589,108.37403681614089,10.637527146136417,41.29334454385235,71.86301575669007,96.48366254585017,98.84419404795626,109.0847285141275,118.93725491424472,120.82042436373158,123.00939736767145,2,15.938317143725797,0.046158552169799805,42.91932816138477,17.391799723332223,0.9538414478302002,108.67556695827173,6.738874411175836,8.832027077319928,14.312363307248138,42.91932816138477,71.52629301552139,77.0066292454496,83.37870447350278,95.46761581602853,97.59110494147869,108.67556695827173,119.76002897506477,121.88351810051493,124.35253311813887,105.6403541792758,15.736890105055899,57.27805049736689,190.3716596812385,44.736674135423364,90.89707191884094,108.26666625954998,119.60491021386925,121.74695160796212,124.23277563386921,2,18.67199978059088,0.010854155756533146,9.523275324663622,21.176565416093926,0.9891458749771118,102.27005443369347,11.203002579216689,-31.982030207136944,-25.309075106373598,9.523275324663622,44.35562575570083,51.02858085646418,58.78733325988052,80.31257285971942,83.8427550085222,102.27005443369347,120.69735385886474,124.22753600766751,128.33213566672828,101.26336959045884,14.878368205389654,129.01250797376596,92.35364763248037,77.74950739761692,82.60197231103069,102.11597639683357,120.6381462513959,124.17531908237133,128.28640539808666,2,23.048984369407847
46,84,set,0.494,105.9156204145,95.62213193368031,95.6108866379962,95.65121740086951,95.62807865751533,0.6908843517303467,91.1905745543972,6.825398004356485,0.3091156482696533,102.40859951340724,9.26050258335794,77.81304028570693,79.9637938915441,91.1905745543972,102.4173552172503,104.56810882308747,107.0688246913145,84.25834797128554,87.17642825177745,102.40859951340724,117.64077077503703,120.55885105552893,123.9517500107517,94.65824161190675,9.250407636586386,58.69438066407571,26.875660778942038,78.71885912766332,81.00031571957712,93.73946849524279,111.66611842575378,115.39302253989362,119.52048748510198,2,0.9698370456085854,0.8203222751617432,103.65912373174727,6.912589808829424,0.17967775464057922,108.55492420994439,12.713955961585263,90.11069666654298,92.2889253130664,103.65912373174727,115.02932215042813,117.20755079695157,119.74021233763398,83.63602842420896,87.64232763362956,108.55492420994439,129.4675207862592,133.4738199956798,138.13200863182715,104.53879325812063,8.471993917385022,68.24214828080679,3.5328583458899883,88.98969818118786,91.6288486466676,104.1714545088609,118.73520252791843,123.02531048215471,128.86867351614228,2,-8.910714600605303,0.8643845319747925,99.67456546770303,7.04613698069033,0.1356154978275299,71.34593920680757,27.09069255006278,85.86439075541419,88.08470149901764,99.67456546770303,111.26442943638841,113.48474017999187,116.06633125293253,18.249157492436957,26.785715309209564,71.34593920680757,115.90616310440556,124.44272092117818,134.36831422694016,95.83276768509519,15.379116070954641,142.4439797084159,94.0735051176046,46.993230878722265,62.261673393019926,98.71880450166957,111.47634227193677,114.1498768606068,117.90100850679075,2,-0.2046890275798603,0.8723596930503845,89.06188002192621,5.209261261033957,0.12764030694961548,102.96759147458923,9.34919428120919,78.85191556423995,80.4934077429767,89.06188002192621,97.63035230087571,99.27184447961247,101.18043388185586,84.64350739895137,87.58953535206832,102.96759147458923,118.34564759711013,121.29167555022707,124.717069714675,90.8368093000969,7.507376120098613,34.82941576000982,21.531280448617533,79.09680868287823,80.78405204282812,89.86643012810947,105.65726951034132,110.97809928565952,116.20881400718297,2,4.791269357418429,0.9234897494316101,94.86141999099436,4.46324177859757,0.07651028037071228,114.77530182731836,15.868848496493305,86.11362685064863,87.52004056350681,94.86141999099436,102.20279941848192,103.6092131313401,105.24447301396508,83.67293029806889,88.67336882231791,114.77530182731836,140.87723483231878,145.8776733565678,151.69176379061176,96.38503950065137,8.104485573923762,37.6632484294989,28.01971485427593,86.04850035323143,87.54457679311092,95.22426824858937,108.9290717853053,121.89875469403148,132.5972945770474,2,-0.7569608431360422
47,85,set,0.494,95.65121740086951,91.4655339574941,91.531086245166,91.4770804175014,91.49123354005383,0.5968061089515686,87.43811876632412,7.696169799695601,0.4031938314437866,101.19640431161093,9.20874421316214,72.3539031400159,74.77904595766043,87.43811876632412,100.09719157498782,102.52233439263235,105.34208701810331,83.14759731097149,86.0493679929228,101.19640431161093,116.34344063029906,119.24521131225036,122.61914683448657,92.98536941770797,10.72799442416436,69.5406682940403,45.5486807124775,74.03662083170632,76.68385842881001,92.11546744652964,111.8839097849428,115.37673844676365,119.28069575422197,2,-1.494135877654145,0.712687075138092,95.52721373911602,7.3366336990377405,0.28731289505958557,106.01649241246756,11.613974667429332,81.14767592123917,83.4595251896394,95.52721373911602,107.59490228859265,109.90675155699287,112.59477594748886,83.2535203469455,86.9132040574239,106.01649241246756,125.11978076751122,128.7794644779896,133.03463768920597,98.5409159149106,9.982220464837,77.11526243077306,22.529173587986023,81.51229550626337,84.02176687414573,97.53448147941039,117.09995851018579,121.83493372757705,127.09250185835566,2,-7.049682374856772,0.8434191346168518,92.14486885360424,7.2410397562784095,0.156580850481987,74.09295452685674,26.418586614957796,77.95269172067586,80.23441834758988,92.14486885360424,104.05531935961858,106.33704598653262,108.99004629646772,22.313476239087514,30.63824651431178,74.09295452685674,117.5476625394017,125.87243281462597,135.5517773337276,89.3182833824286,14.01937263078745,153.50701388935863,43.0356761936891,47.784002151235185,61.68186631960378,91.3246685501341,105.08755778558003,108.53786856274351,115.18505415979564,2,2.1729501576252233,0.7430218458175659,87.78923319035371,6.543369854657857,0.2569781243801117,100.87667367486485,8.67128806367815,74.96446393769922,77.0263475524348,87.78923319035371,98.55211882827261,100.6140024430082,103.01138774079995,83.8812613704836,86.61367405298283,100.87667367486485,115.13967329674686,117.87208597924608,121.04910622699823,91.1524164826767,9.156430446913038,51.135495284174205,32.7044756245488,75.7592024470981,77.92740695233184,90.06784968727587,108.41817143844206,112.13937032064243,116.17007072981775,2,0.33881705737712764,0.8550814390182495,88.05575180426813,5.238171494235482,0.14491859078407288,111.38852043564371,15.063097697818021,77.78912433072222,79.43972642338107,88.05575180426813,96.67177718515518,98.32237927781404,100.24156092374417,81.86539145231218,86.61192955426336,111.38852043564371,136.16511131702407,140.91164941897523,146.43052574143215,91.4371063776838,11.126823217354183,56.34368205235677,67.462762027497,77.96191299240235,79.70616102439219,89.02078486287911,117.395648024802,125.61246208642149,133.73082526890818,2,0.054127162370022575
48,86,set,0.952,91.4770804175014,126.0310601027,126.1346123719,125.9774749755,126.0477158167,0.34477052092552185,69.91244623209965,10.021545748143794,0.6552294492721558,97.08716016502635,8.376582786489823,50.2705774963173,53.428470360605225,69.91244623209965,86.39642210359408,89.554314967882,93.226047877897,80.66935958998812,83.30890758720929,97.08716016502635,110.8654127428434,113.50496074006458,116.57400572210405,87.71811699294632,15.729706139390661,80.60135487909955,166.8220710394672,55.30764696904116,59.3092073600572,91.3182135373497,109.07003018734446,111.93553349287308,115.2080283066883,2,38.329598823753685,0.5961357355117798,84.71363245701852,10.274525593691612,0.4038642644882202,114.14497407737696,14.469417364462563,64.57593233514794,67.81354176902914,84.71363245701852,101.6137231450079,104.8513325788891,108.6157532286812,85.78543716575186,90.34490044556608,114.14497407737696,137.9450477091878,142.50451098900206,147.80587240180407,96.59989959342613,18.868801950587528,147.48624480609027,208.54544224440843,66.90989555021645,70.482318094967,92.99895984492942,130.87460897531193,136.41350954785327,142.5640061860847,2,29.447816223273875,0.1361643522977829,74.43141201301657,18.052249083671697,0.8638356924057007,74.2480368591376,11.66932027719427,39.049653969073844,44.73810463310778,74.43141201301657,104.12471939292536,109.81317005695928,116.42722329047194,51.37658939177386,55.05371307713624,74.2480368591376,93.44236064113895,97.11948432650132,101.39493527749016,74.27300933733893,12.728259102897892,162.0048711318539,0.0039552645189783395,49.250369676155294,53.586933131435316,74.26499295107133,94.98358688244086,99.34849049847423,104.86987145438312,2,51.77470647936107,0.8866903185844421,58.60400368837233,7.224548093175706,0.11330976337194443,108.40753216902743,12.997386964230863,44.444149621170425,46.72067955422692,58.60400368837233,70.48732782251773,72.76385775557424,75.41081578583744,82.93312182600455,87.0287330800205,108.40753216902743,129.78633125803435,133.8819425120503,138.64397570135205,64.24723451857564,17.73775307050957,65.42165149677085,249.20657078556357,44.819410590996206,47.14709090799797,59.765870708524744,110.32793448261717,118.41619687201555,125.97461425017497,2,61.80048129812437,0.48073142766952515,63.27060020361617,7.339707080215438,0.5192686319351196,109.34108456449482,12.513717916107863,48.88503866932027,51.197856391962404,63.27060020361617,75.34334401526993,77.65616173791207,80.34531216575786,84.81464813622978,88.75785026353718,109.34108456449482,129.92431886545245,133.86752099275986,138.45234563497914,87.1935613614996,25.239759418316208,107.211530515372,529.834378136366,51.33811476229498,54.02937598882811,87.08401785440391,125.64632547204444,130.15285621236754,135.23602459341825,2,38.8541544552004
49,87,set,1.493,125.9774749755,128.8490928444,129.066798005,129.1972471167,129.03771265536668,0.5468705296516418,54.59652173907855,6.434775099211685,0.45312952995300293,75.10835433901488,5.7546877514487935,41.98459429600849,44.01225857852318,54.59652173907855,65.1807848996339,67.2084491821486,69.56604711106058,63.82937360390146,65.64273531907112,75.10835433901488,84.57397335895864,86.3873350741283,88.49575995536665,63.891042057768665,11.91256594107625,37.64993479943255,104.25953581110595,43.73520793866738,46.02534495666755,62.86102269154604,82.15648551535833,84.29672120893684,86.69135162950303,2,65.14667059759802,0.9117898344993591,99.97937402147741,10.600638755451769,0.0882100909948349,117.71770317127809,21.884149072384307,79.20250384767243,82.54287491657023,99.97937402147741,117.4158731263846,120.75624419528238,124.64014745369758,74.8255591570992,81.72148119682005,117.71770317127809,153.7139251457361,160.60984718545697,168.62784684101217,101.54406620083383,13.03893844134198,144.7062755133694,25.30687191966435,78.96392975886192,82.50483386265678,100.70372744994397,122.8594098788531,131.30927995362913,144.18974482952177,2,27.49364645453285,0.006380071863532066,73.60755438164318,47.27797310175515,0.9936198592185974,48.43038190748493,4.133176335914155,-19.05557015985036,-4.1577911496929545,73.60755438164318,151.37289991297928,166.2706789231367,183.59256659587135,40.32950514733996,41.63191182052653,48.43038190748493,55.228851994443325,56.5312586676299,58.04558788957473,48.59101073947181,5.937470610046438,31.23493337825671,4.018461145866536,40.22821026232167,41.57944217924638,48.44387645704798,55.38901059339892,56.83221078288334,58.80027479958348,2,80.44670191589486,0.998808741569519,24.119708844574724,4.009589159465526,0.001191258430480957,108.15887420470344,27.055695472087624,16.261058499220063,17.524521573042545,24.119708844574724,30.7148961161069,31.97835918992938,33.447408061474555,55.13068550272827,63.65621537774557,108.15887420470344,152.6615330316613,161.1870629066786,171.09983384689087,24.21982120880056,5.03319029157069,16.929667464863744,8.403337046297624,16.26264565885251,17.526527061862687,24.1256910767027,30.75975885190671,32.06017376336615,33.635183763035094,2,104.81789144656611,0.6949107646942139,46.82891650507996,4.040125633989516,0.30508920550346375,115.22488688931006,7.723744912868671,38.91041576944345,40.18350120267269,46.82891650507996,53.47433180748723,54.747417240716466,56.227654184569374,100.086625034313,102.52045705573003,115.22488688931006,127.92931672289008,130.3631487443071,133.19300444699584,67.6957873736327,31.95820672932966,29.543234453283617,991.7836063256022,39.55895122956421,40.92457979091332,49.1778989101625,122.78344414212285,125.97727252630374,129.44788576240873,2,61.34192528173398
50,89,set,1.153,129.12482807019998,138.65335150800001,138.2581819463,138.6742135022,138.52858231883332,0.6642666459083557,69.69459762780791,6.247296893537942,0.3357332646846771,86.8153979441546,6.943864832676472,57.45012071574458,59.41870867382936,69.69459762780791,79.97048658178646,81.93907453987123,84.22798347459185,73.20567295859446,75.39375668906592,86.8153979441546,98.23703919924327,100.42512292971473,102.96924313527848,75.44261358084682,10.367502136264779,42.1136136320916,65.37097804574547,58.58089459386943,60.711444003591865,73.67427095942678,94.04715309386208,96.83838031958548,99.89749516814432,2,63.08596873798649,0.9236592054367065,108.70767757187318,9.216063276030326,0.07634085416793823,118.63071686176141,19.967132935839423,90.64452547161152,93.54860246608042,108.70767757187318,123.86675267766593,126.77082967213484,130.14744678109219,79.49585543299261,85.78770583242373,118.63071686176141,151.4737278910991,157.7655782905302,165.08121411774232,109.46521734668777,10.762447494079813,108.88781428976846,6.943175993689146,89.9368780877498,93.1583386834159,109.0593794442377,126.65931641702241,131.83198514010127,141.263541315441,2,29.06336497214555,0.08989428728818893,91.84374913877676,23.43624108485893,0.9101057052612305,51.416736705337534,8.544204175311092,45.90956067945532,53.29456298823742,91.84374913877676,130.39293528931609,137.7779375980982,146.36459876204694,34.670404245171035,37.36277147816317,51.416736705337534,65.4707019325119,68.16306916550403,71.29352792394337,55.05089379214776,15.79642323250349,115.81593575451981,133.7110286061196,34.91499995015473,37.6770748809036,52.3789837897326,88.53490214962007,105.6355697051675,120.43486195605433,2,83.47768852668555,0.9962860345840454,48.467572489975126,4.06035693572802,0.003713961923494935,110.38481757749096,19.54502269019915,40.50941913157079,41.78887965752532,48.467572489975126,55.146265322424924,56.42572584837946,57.913375215252984,72.07727702768247,78.23611611666806,110.38481757749096,142.53351903831384,148.69235812729946,155.85333956091574,48.69753061136682,5.6594648430205625,17.844030999952537,14.185503027241749,40.51549570653538,41.79590702623164,48.4865137689354,55.28948073178003,56.694673203213,58.59245229704335,2,89.83105170746649,0.8725733757019043,71.17454235905706,3.727344459811063,0.1274266242980957,118.36868425114261,10.218472044672561,63.86908145985247,65.04360630543935,71.17454235905706,77.30547841267476,78.48000325826165,79.84564221895643,98.34084706655503,101.56079344656072,118.36868425114261,135.1765750557245,138.3965214357302,142.14040496821238,77.18833254701086,16.52507999770703,25.428273915823127,247.64999501479429,64.08884417626594,65.29336545708843,71.86061138498523,121.15950021017909,127.10860396679995,132.83186662345142,2,61.34024977182246
51,94,set,0.229,9.76103998024365,8.69374710932909,8.49070140835264,8.78577898670097,8.656742501460899,0.1485583335161209,55.205977980945846,13.90998774442245,0.8514416813850403,71.20883019522198,6.224240347563614,27.942902976484294,32.326084188682046,55.205977980945846,78.08587177320965,82.46905298540739,87.56544839811716,59.00954328287622,60.97086588451427,71.20883019522198,81.44679450592969,83.40811710756773,85.68857849529581,68.8314741998586,9.701683396531093,61.73006417943944,32.392667145388884,41.838519518050525,49.29114052122826,70.22511022051106,81.24781063639517,83.34457643819349,85.84825762346928,2,-60.17473169839771,0.03751305118203163,29.40686491573713,7.807529230517768,0.962486982345581,62.456625065565596,3.197546363426873,14.10438881567858,16.564622143390338,29.40686491573713,42.24910768808392,44.70934101579568,47.56989394266387,56.189549354351904,57.19712933233741,62.456625065565596,67.71612079879378,68.7237007767793,69.89523025027073,61.21682981553275,7.180894261720188,12.127460590136034,39.437907452606886,32.7648074129029,55.33727810449299,62.300371434004845,67.65667350846476,68.67130764217357,69.84930399536374,2,-52.56008731407185,0.9617445468902588,26.613791211096576,5.25329351957241,0.03825545310974121,70.62447681500188,27.1006883657685,16.31752511251699,17.97289231198723,26.613791211096576,35.25469011020592,36.91005730967616,38.834779422066376,17.508103661851955,26.04781126368598,70.62447681500188,115.20114236631777,123.74084996815179,133.67010557975078,28.29743993054434,11.22059845048526,54.63796813849714,71.26386144853514,16.325813011363152,18.020543518529564,26.847942820600956,37.78937355224434,59.92533615200836,87.94272511982729,2,-19.64069742908344,0.0007332907989621162,88.94445979745294,57.31108880468212,0.9992666840553284,67.48087320839298,2.454021764429026,-23.383210174500746,-5.323892487466409,88.94445979745294,183.21281208237224,201.2721297694066,222.269989397191,62.67107893283465,63.44436660855404,67.48087320839298,71.51737980823191,72.29066748395131,73.1897815229224,67.49661056209703,2.9604101456161924,8.426344914859577,0.33756875677579024,62.659688148474046,63.4354348385737,67.4815114791624,71.53068981371743,72.31237475806633,73.2363401293949,2,-58.839868060636135,0.11519444733858109,27.853626653872226,9.186729060810007,0.8848055601119995,91.16367937552155,5.867865550621911,9.847968558957131,12.742802038378388,27.853626653872226,42.96445126936606,45.85928474878732,49.2251542738768,79.66287423017931,81.5118994421175,91.16367937552155,100.8154593089256,102.6644845208638,104.81437592436832,83.87071352049708,21.182967717284306,40.18743841408115,408.53073530702363,20.666994365368037,26.32793263166126,90.20191688881593,100.46289857469792,102.35425250272745,104.54279483548683,2,-75.21397101903618
52,95,set,0.952,8.78577898670097,22.8413601299034,23.2165240359513,23.5895790675511,23.215821077801934,0.02711409702897072,51.12286962301585,21.54695636822216,0.9728859663009644,104.63217744427118,7.170465311574267,8.891611164844448,15.681280290980503,51.12286962301585,86.56445895505118,93.35412808118724,101.24858576228023,90.57832368119183,92.83781156959853,104.63217744427118,116.42654331894383,118.68603120735052,121.31317417773556,103.18132750640162,11.75323184039771,62.60978706642069,75.52934586267592,80.1140324286116,90.51185213446487,104.38503070937038,116.3331178346873,118.6044767751061,121.24351093012672,2,-79.96550642859968,0.02653256244957447,22.664224814802992,10.507634294269579,0.9734674096107483,98.93249663799475,5.743415430740256,2.0696400353166666,5.380704435193994,22.664224814802992,39.94774519441198,43.25880959428932,47.10863751647565,87.67560924549224,89.48541893565258,98.93249663799475,108.3795743403369,110.18938403049725,112.2936789150307,96.90890118878276,13.611844737309946,35.04106526689526,150.24098949486563,39.201633065798234,87.58641205523466,98.73626334740901,108.30452600917293,110.12318320582344,112.2356617791474,2,-73.69308011098083,0.022554969415068626,14.384513778631437,21.08694694955951,0.9774450063705444,106.81957818131045,7.224171654455487,-26.94514278641197,-20.300427392684824,14.384513778631437,49.06945494994768,55.71417034367484,63.440087984751194,92.66046192044256,94.93687323375931,106.81957818131045,118.70228312886158,120.97869444217834,123.62551455135907,104.73470554425754,15.792703970001321,61.0408189129002,188.36841415490628,86.54878324122875,93.0229358353994,106.61062154664282,118.62237420864442,120.90829183282,123.56384805828964,2,-81.5188844664556,0.015783213078975677,49.65879523559762,22.228901812297824,0.9842168092727661,104.51906086523596,5.394065644621445,6.090948267616739,13.095505466491382,49.65879523559762,86.22208500470384,93.22664220357849,101.37095370889926,93.94688647153309,95.64661242566604,104.51906086523596,113.39150930480588,115.09123525893882,117.06753401003779,103.65319193941724,9.120720211680434,36.43558291762732,46.75219440889087,91.93421803390386,94.75263780856747,104.41213257901474,113.35171576270805,115.05720130031939,117.03954191318881,2,-80.4373708616153,0.011241835542023182,9.423160860871363,20.35726021837854,0.9887580871582031,100.9225861731702,10.307531063351151,-30.47633599106058,-24.061552444123507,9.423160860871363,42.90787416586622,49.32265771280329,56.78122989119246,80.7201965194741,83.96820631870209,100.9225861731702,117.8769660276383,121.1249758268663,124.90148914900708,99.89395688032663,14.23975425766808,109.70961687344985,93.06021308614218,78.2503353314015,82.78087596148785,100.77570247356581,117.82046329374802,121.0752566245008,124.85795329913546,2,-76.6781358025247
53,96,set,1.226,23.5895790675511,103.2514394541,103.3002039249,103.5793072574,103.37698354546666,0.02999948523938656,49.39491429783698,20.138356543625274,0.9700005054473877,105.74880149804036,7.473061473769795,9.924460764504907,16.27026549621302,49.39491429783698,82.51956309946092,88.86536783116904,96.24373722977609,91.10187015519774,93.4567092284788,105.74880149804036,118.04089376760193,120.39573284088299,123.13374217012124,104.05821290593335,12.59963759919203,66.33766994998844,92.41309683633554,68.8773103958397,90.58899116860024,105.46061698003483,117.93109913097105,120.29914818301276,123.04948567701825,2,-0.6812293604666877,0.0543840266764164,30.28419898883562,11.669625075327597,0.9456159472465515,108.75201137215464,8.445259406919371,7.4121541281080106,11.089373858519167,30.28419898883562,49.479024119152065,53.156243849563225,57.43180647367766,92.19960709449458,94.86079580613728,108.75201137215464,122.643226938172,125.3044156498147,128.39862263916493,104.4846129343305,19.786168053813252,74.8496298129698,316.6425317569143,29.10317020883295,46.63297220984409,108.14274492537665,122.41298667211893,125.10151307056826,128.22090642229713,2,-1.1076293888638418,0.002638100879266858,15.789127781484837,36.14311374623469,0.9973618388175964,109.7141366387871,4.687652335009667,-55.05007345026972,-43.66100395332893,15.789127781484837,75.23925951629857,86.62832901323938,99.8705836062542,100.52650689012306,102.00363469365891,109.7141366387871,117.42463858391528,118.90176638745113,120.61924668257942,109.46634637422892,6.969557858431123,25.36232950129589,23.211684635412045,100.31221987793695,101.88760408307085,109.69874077095218,117.41941453514062,118.89789993378602,120.61626272647321,2,-6.089362828762262,0.15880833566188812,34.21970559431249,13.226967691543395,0.8411916494369507,111.96287474376777,8.759047131343667,8.295325294212528,12.463279813307384,34.21970559431249,55.97613137531758,60.14408589441244,64.99023376354135,94.7954578274453,97.55552430113825,111.96287474376777,126.37022518639729,129.13029166009022,132.33946541639264,99.61660977368528,29.995474547849984,92.32092903771951,807.4074164417852,20.925153541248818,27.84212832608654,109.87063927764217,125.62262980129178,128.47312411142144,131.7648607343352,2,3.7603737717813743,0.011186012998223305,8.473560973939996,21.253429253049188,0.9888139367103577,103.58007160050147,11.746281805858931,-33.182394910006444,-26.485219218094493,8.473560973939996,43.43234116597447,50.12951685788643,57.916430932848385,80.55778230875985,84.25915736894031,103.58007160050147,122.90098583206262,126.60236089224308,130.906009307446,102.5162037272283,15.541349444347675,141.484552068017,100.0484619420169,77.76239575931933,82.9136796690605,103.4135259510734,122.83686718217209,126.54593530577887,130.8566074845224,2,0.8607798182383561
54,100,set,0.17,38.6685939093871,41.4320404741317,41.3520123129752,39.7625539329341,40.84886890668033,0.33137014508247375,69.83941581782122,10.318040737448312,0.6686298251152039,78.34317692799719,7.354597250562058,49.616427581405425,52.86774908779631,69.83941581782122,86.81108254784613,90.062404054237,93.84276795165088,63.92843119609825,66.24594096564286,78.34317692799719,90.44041289035152,92.75792265989612,95.45252860626886,75.52528204036287,9.352374440776881,71.44457125855445,16.022166427462334,54.912135859651656,58.82440132691116,76.20068972338798,89.69669549001188,92.18872041887816,95.09060027386958,2,-34.67641313368254,0.13652151823043823,53.77945107639615,7.0563301336490385,0.8634784817695618,71.87037565654092,4.619716217737365,39.94929815141933,42.17282086309656,53.77945107639615,65.38608128969574,67.60960400137297,70.19492968134091,62.81589825098008,64.27161868030907,71.87037565654092,79.46913263277276,80.92485306210175,82.61744265834623,69.4005751666672,7.987920716967921,25.225817450035226,38.58105993052955,47.40379883369919,51.36690813455268,70.96276463569201,79.13640813871564,80.63209149059938,82.36123907863778,2,-28.551706259986865,0.9792171716690063,51.94364801170898,4.411022629172437,0.02078285440802574,71.15595618570484,35.065256367867356,43.29820252353982,44.688161441549674,51.94364801170898,59.19913458186828,60.58909349987813,62.20522112743032,2.4293165960210104,13.478742069034986,71.15595618570484,128.83317030237467,139.88259577538864,152.72994078979013,52.34293596986743,7.219313179620466,44.606766739982696,7.511787490866455,42.978054630597924,44.52514780294367,51.992380279902605,59.784765073353114,61.80603943166507,72.81652298075038,2,-11.494067063187103,0.007931530475616455,97.5595972716807,28.52702379456777,0.9920685291290283,72.28315178498713,3.412600007912718,41.64765804821071,50.636818717054936,97.5595972716807,144.48237582630645,153.47153649515067,163.9233784288859,65.5945786758371,66.66992428463726,72.28315178498713,77.89637928533698,78.97172489413715,80.22204655834663,72.48363699109167,4.799480984947433,18.008078986645835,5.027251893734252,65.54374067896867,66.64579264912419,72.30448911287165,78.0916109549394,79.34235862184546,81.23612122737003,2,-31.63476808441134,0.4140271544456482,53.67039065713517,6.812890209163079,0.5859728455543518,95.34743233758681,8.143794514718685,40.31737121654998,42.4641834865711,53.67039065713517,64.87659782769924,67.02341009772036,69.51954331129537,79.38588839124334,81.95208239290427,95.34743233758681,108.74278228226935,111.30897628393028,114.29273139352809,78.09200536491674,21.897150235703542,58.07979930016272,421.4053891448101,43.099692161838405,45.69131974494806,86.79145717305627,106.50525990645018,109.35943652850364,112.6002385009292,2,-37.243136458236414
55,101,set,0.053,39.7625539329341,41.528618616947504,44.7262396324576,43.196171091394504,43.15034311359987,0.4355361759662628,71.57038395531796,9.055708847832227,0.5644638538360596,72.57035303633747,7.137528226111308,53.821520759086084,56.67506841234459,71.57038395531796,86.46569949829134,89.31924715154983,92.6371129814053,58.58105477452124,60.830163846149766,72.57035303633747,84.31054222652516,86.55965129815368,89.174726651058,72.1348324894708,8.044775639968966,64.47274095309153,0.24582921876612662,56.09947084325599,58.82768928190718,72.19227022346698,85.23860154365386,87.82751163890603,90.90930667582413,2,-28.98448937587093,0.16593603789806366,55.76908992715224,6.366579121992381,0.8340639472007751,65.29886049476612,4.187326199156048,43.290824143322524,45.29699916706954,55.76908992715224,66.24118068723493,68.24735571098195,70.57996773251202,57.09185195289927,58.41132180885537,65.29886049476612,72.18639918067686,73.50586903663296,75.04003789608831,63.71752715166984,5.824032179073541,21.350167749313165,12.569122575999488,49.18044110015217,52.36216688587138,64.42994606750622,71.85171907155498,73.21395260731195,74.78954581075403,2,-20.567184038069975,0.9928532242774963,53.37517803433604,3.5407751126737628,0.007146814372390509,66.32183434515397,42.15493128704658,46.43538633613971,47.55112124803509,53.37517803433604,59.19923482063699,60.31496973253236,61.61225269016136,-16.300312748218047,-3.016857276234717,66.32183434515397,135.66052596654265,148.94398143852598,164.3888691251125,53.46770744667718,5.131948850560106,25.147651014959685,1.1893584819369631,46.302796952270015,47.48080486639008,53.382877425036234,59.331013102996124,60.56407819394648,62.23227275624541,2,-10.317364333077315,0.006177747622132301,103.95988915130866,29.908952479942563,0.9938222169876099,65.8181140736768,3.011388624025175,45.33941947530129,54.764040186355885,103.95988915130866,153.1557381162614,162.58035882731602,173.53851716781156,59.915900827133825,60.86482057328858,65.8181140736768,70.77140757406501,71.72032732021977,72.82365159708853,66.05374200464651,4.844657221327161,14.538714413103474,8.931834767931644,59.90019267086147,60.859508966517645,65.83683143171315,70.92634133899335,72.01411078556191,73.6158940341471,2,-22.903398891046642,0.5567587018013,56.80279065287115,5.751062737752022,0.44324129819869995,94.72402376578313,7.571905945339867,45.53091481404687,47.34313424985427,56.80279065287115,66.26244705588803,68.07466649169544,70.18176322631606,79.88336081859228,82.26934680865543,94.72402376578313,107.17870072291083,109.56468671297398,112.33891106416173,73.61104724713378,19.967464948624766,43.827329680458135,354.8723267941,47.046506759287034,49.08511902618467,64.10912766660135,103.89925260229393,106.73089109103192,109.89447855461152,2,-30.460704133533916
56,102,set,0.952,43.196171091394504,105.28274048440001,105.32707479849999,105.98712807519999,105.5323144527,0.07725676894187927,59.385044997350256,16.656643558981024,0.9227432608604431,102.42684050938624,8.239669158323023,26.738623518426373,31.98730442652243,59.385044997350256,86.78278556817807,92.03146647627413,98.13419232944182,86.27738571454765,88.87379080943842,102.42684050938624,115.97989020933404,118.57629530422483,121.59517733865088,99.10157351122699,14.702017267992995,84.08143147599797,132.06817296460798,51.76185331611892,65.67493577569716,101.57046305915529,115.65839590553374,118.29338809922496,121.34785811623031,2,6.430740941473019,0.10588838905096054,49.07368311643453,11.330782032554666,0.8941116333007812,107.15583825528685,9.089036700132782,26.86575841595383,30.436205193990407,49.07368311643453,67.71116103887864,71.28160781691523,75.43302380908824,89.34165366886381,92.2057032735784,107.15583825528685,122.1059732369953,124.97002284170989,128.30009945971992,101.00561481014543,20.170538087180944,87.45774040961533,319.3930943522715,40.927829570241855,48.28333002860311,105.8017716691589,121.60714096783074,124.53093608050952,127.91572005168796,2,4.526699642554576,0.04470759257674217,40.256941215353905,20.297511968910012,0.9552924036979675,95.62175065757965,9.318275506462417,0.4745487805195907,6.87050503520134,40.256941215353905,73.64337739550646,80.03933365018821,87.47601503254623,77.35826626689158,80.29455139384187,95.62175065757965,110.94894992131742,113.88523504826772,117.29930107176534,93.14652295772888,15.240770793599557,101.36732228051133,130.9137397808848,43.2795136103473,73.1721890002757,95.07865603251487,110.74252449532307,113.70347035208636,117.14016009579596,2,12.38579149497113,0.17419788241386414,53.839617446380906,14.166055950543408,0.8258021473884583,106.13859662876752,8.469058409885132,26.0746579803365,30.53852893653209,53.839617446380906,77.14070595622971,81.6045769124253,86.79479159047116,89.5395471624266,92.20823518640408,106.13859662876752,120.06895807113094,122.73764609510843,125.84057265573149,97.02822836596567,22.082846985778545,94.18815106524859,393.46426050534154,38.75757391421159,45.877114703388486,103.87375896093967,119.26740049029942,122.03326206293156,125.22483304977337,2,8.504086086734333,0.054126206785440445,33.9430244375083,14.673372905121632,0.9458738565444946,102.09595999220741,12.138149303381475,5.18374201174403,9.807473794907512,33.9430244375083,58.078575080109076,62.70230686327256,68.07839430034647,78.30562451860976,82.1304810860619,102.09595999220741,122.06143889835292,125.88629546580505,130.33351781891923,98.40710657506949,19.718319901590863,151.01380953212086,237.7989434938243,32.538925275186976,54.85039327646756,101.22467567816396,121.73218863696623,125.59614210697355,130.07926996014027,2,7.125207877630515
57,103,set,1.493,105.98712807519999,110.76630790189999,111.0150214425,110.8753531518,110.88556083206667,0.3479900062084198,51.94197162197569,8.369561357696274,0.6520099639892578,79.6020791873353,6.2288461860227535,35.53793279449283,38.17526826677608,51.94197162197569,65.70867497717529,68.34601044945855,71.41248289310678,67.39376499749103,69.35653894653294,79.6020791873353,89.84761942813768,91.81039337717958,94.09254226991673,69.97663581161342,14.942065882308787,49.673570650405615,173.5916162469369,39.703853465741574,43.03740569873176,75.09482511932373,88.49532231534812,90.62876887213413,93.06435793118963,2,40.90892502045325,0.781988263130188,85.64815395424316,11.547424469874374,0.21801172196865082,116.7226701266955,19.578090682552705,63.01561787909286,66.65433093302211,85.64815395424316,104.6419769754642,108.28069002939345,112.51148032038259,78.35031750283298,84.51957665871385,116.7226701266955,148.92576359467714,155.095022750558,162.26811976383078,92.42276145808523,18.773902425284803,187.8369196969524,164.62236529193828,64.0919251059198,67.90253242446225,89.09518937496658,131.23926600778336,140.25688707550435,149.7372331153324,2,18.46279937398144,0.0034460138995200396,59.96120725337626,50.80086118807696,0.9965540170669556,61.82789815710222,3.93071710660405,-39.60665105887327,-23.598773524090433,59.96120725337626,143.52118803084292,159.52906556562576,178.14168267770293,54.12383419474279,55.36244386778435,61.82789815710222,68.29335244642009,69.53196211946164,70.97211354150652,61.821467428893975,4.929742948557826,24.29051751252449,0.011966376913875958,54.0191828484998,55.30690463492861,61.827392752453264,68.34616052270518,69.62870689822131,71.19194924537719,2,49.0640934031727,0.9952208399772644,22.637918391295983,4.9392938041387175,0.004779107868671417,108.68779535517625,24.156312346722775,12.957080426122259,14.513503062979476,22.637918391295983,30.762333719612485,32.318756356469706,34.128434031817186,61.34229315629936,68.95419737789665,108.68779535517625,148.42139333245584,156.03329755405312,164.8837812276413,23.04915885473282,7.8922094065497435,27.068768431018214,35.218173178251526,12.966798993294475,14.524768157483097,22.667635965701677,30.98939695832353,32.74948881747713,35.27709343789889,2,87.83640197733385,0.38308945298194885,37.12915487341382,6.013665216675658,0.6169105768203735,110.92502928445808,8.506785645498963,25.342587633648265,27.237555830492944,37.12915487341382,47.020753916334684,48.91572211317937,51.11903216542059,94.25203579507779,96.93261206176038,110.92502928445808,124.91744650715577,127.59802277383837,130.71477198578572,82.65461142983003,36.681339273267525,58.497093750389396,1287.0237607332233,28.03609329886488,30.370067582598978,103.44154559441878,122.81797665376128,125.7662556187924,129.12276875561747,2,28.230949402236647
58,104,set,0.053,110.8753531518,111.0185709645,111.0494169905,110.77108081659999,110.94635625720001,0.8937447667121887,108.67016395546389,4.542274045862461,0.10625525563955307,101.54413469482694,9.507400143078568,99.76747041766242,101.19878801651949,108.67016395546389,116.1415398944083,117.57285749326536,119.23707352536692,82.90997282778198,85.9058530866052,101.54413469482694,117.18241630304867,120.17829656187189,123.66165480533334,107.91298832364743,5.732935124260578,28.04445101602967,4.822354413746521,94.45437212696723,98.40217288301365,108.31537803101203,116.20276483304634,117.75626380931978,119.65182037985407,2,3.033367933552583,0.9142091870307922,115.58200609707738,4.376660221669344,0.08579082787036896,95.44508236518996,9.869927563878232,107.00390969003638,108.38304065753033,115.58200609707738,122.78097153662443,124.16010250411838,125.76364029915698,76.10037980996947,79.21049621399654,95.44508236518996,111.67966851638337,114.78978492041045,118.40596737035519,113.85444446166238,7.59422909421078,25.869172230677158,31.803336465967583,90.02371854222831,97.50395868160311,115.09017956608051,122.59998692573427,124.00341422637109,125.6314927087962,2,-2.9080882044623735,0.9941391944885254,112.3467015623287,2.9826737742424476,0.005860836245119572,70.60312531499561,52.157223301823926,106.50076838718135,107.44063978675298,112.3467015623287,117.25276333790443,118.19263473747606,119.285438355995,-31.623153890192597,-15.187872604727346,70.60312531499561,156.39412323471853,172.8294045201838,191.9389708590671,112.10205275048105,5.911032104698291,24.78788103286965,10.152805735631025,106.26051284476294,107.31276172545059,112.33400805300252,117.27886220605902,118.24282778528931,119.39989189160029,2,-1.1556964932810416,0.8140152096748352,116.48892382489419,3.8087125358476874,0.185984805226326,90.7819705132204,6.334560989875837,109.0239844271665,110.22414919628957,116.48892382489419,122.7536984534988,123.95386322262188,125.34931413549616,78.36645911519136,80.36254489387781,90.7819705132204,101.20139613256298,103.19748191124944,105.5183630050001,111.70782285608051,10.923357843440332,19.27129124732808,100.04864127471097,83.77758136193351,86.87779752936773,115.38304561079757,122.36553572860473,123.61289582169404,125.05135333382222,2,-0.7614665988805029,0.9918095469474792,115.57213272164745,2.675216309767702,0.008190450258553028,118.94539358074124,18.664374914317843,110.3288051036486,111.17179347164631,115.57213272164745,119.97247197164859,120.8154603396463,121.79561649647492,82.3638909547254,88.24522880814345,118.94539358074124,149.64555835333903,155.52689620675707,162.36522248296575,115.59976092401817,3.1692039074669207,9.95138118296564,0.09243488749550492,110.21209292152068,111.10898553043727,115.57610032194722,120.06659837591108,120.98974615042093,122.21326611219502,2,-4.653404666818162
59,106,set,0.229,110.7020056989,110.9039671458,110.749403559,110.8824099803,110.84526022836667,0.837341845035553,102.77329959782394,5.314069485823817,0.16265815496444702,103.26183108796276,9.525468550370974,92.35791479426597,94.03243313019448,102.77329959782394,111.51416606545338,113.1886844013819,115.13567384867548,84.59225579336669,87.59382959447288,103.26183108796276,118.92983258145264,121.93140638255883,125.42138459936116,102.85276322865194,6.199773959139284,38.404691127064595,0.032506017355880074,90.71362227647666,92.96934440956858,102.82105120785789,112.83640970941748,115.22714515924325,118.57868233172894,2,7.9924969997147315,0.8923738598823547,112.33444190407717,5.244283413214525,0.10762615501880646,102.04710892728332,11.201485101330688,102.05583528945591,103.70836331108981,112.33444190407717,120.96052049706452,122.61304851869842,124.53446947327642,80.09260155531317,83.62230553111665,102.04710892728332,120.47191232344997,124.00161629925347,128.1056599788641,111.2272574843003,6.943390509104383,38.04672512640195,10.164130985277671,93.7929844590582,99.4214489581432,111.84367012150382,120.9353485118524,122.69698680126508,124.81358903326596,2,-0.38199725593362643,0.9787620306015015,109.28540810547406,4.179348042888449,0.021237993612885475,71.1193751994813,40.78410037985954,101.09403646255474,102.41099231883646,109.28540810547406,116.15982389211166,117.47677974839338,119.00802553992435,-8.815992686909752,4.035499767716388,71.1193751994813,138.2032506312462,151.05474308587233,165.99738041283578,108.47484078866657,9.094008110520196,52.42205220520525,30.2792162346325,99.4210613525389,101.67409396558473,109.21154634384884,116.23625058349589,117.64276292271275,119.42219343331396,2,2.3704194397001004,0.8567497134208679,105.90178150473494,4.141153189625628,0.14325028657913208,96.92662272769263,7.526296942611712,97.78527039860555,99.09019066101757,105.90178150473494,112.71337234845231,114.01829261086434,115.53554442349797,82.17535178321975,84.54696590412398,96.92662272769263,109.30627955126128,111.67789367216551,114.43540761953747,104.61608743783042,5.71780216787157,22.806962475420896,9.886299155495864,89.86911232479942,93.79532120581341,105.26400239965771,112.51445311424797,113.87162085864692,115.45699435548232,2,6.2291727905362535,0.9813661575317383,109.16447358457465,3.265511462572964,0.018633902072906494,117.87647955273036,17.9673588958722,102.76418872682892,103.79318521150991,109.16447358457465,114.5357619576394,115.56475844232038,116.76118923318727,82.6611032195155,88.32280410611617,117.87647955273036,147.43015499934455,153.09185588594522,159.67480672227143,109.32681875735351,4.227008267644856,16.48036972373904,1.3879415867693738,102.57026452799228,103.69115372087808,109.19331276200454,114.87421618863597,116.22645440345373,119.07665940490581,2,1.518441471013162
60,107,set,0.053,110.8824099803,111.0754805652,110.78531611529999,110.9974497225,110.95274880099998,0.8937686681747437,108.67357665251224,4.5419480811921,0.10623132437467575,101.54662518213854,9.507548634476855,99.77152199372492,101.20273687773813,108.67357665251224,116.14441642728634,117.57563131129956,119.23972791519736,82.91217227730093,85.90809932730176,101.54662518213854,117.18515103697531,120.18107808697614,123.66449073529367,107.91647034937915,5.732640449288415,28.04043437432001,4.822645377299552,94.4584288372549,98.40646485738239,108.31886664309845,116.2056146036027,117.75898180795484,119.65437497793609,2,3.0362784516208308,0.914242148399353,115.58798743480486,4.376470374114079,0.08575780689716339,95.44776823592038,9.870656995308412,107.01026312213473,108.38933426669765,115.58798743480486,122.78664060291207,124.16571174747499,125.76917998542787,76.10163602136754,79.2119822767934,95.44776823592038,111.68355419504734,114.79390045047322,118.41035015234246,113.86080123869468,7.594045831714947,25.866302466930605,31.802650078685716,90.02923472499316,97.51246032373253,115.09637947132829,122.60573391609893,124.0091015103858,125.63710123345216,2,-2.9080524376946926,0.9941394329071045,112.35229213321858,2.9826369770319077,0.005860638804733753,70.60266811779562,52.15786936966209,106.50643107927863,107.44629088366807,112.35229213321858,117.2582933827691,118.19815318715854,119.29094332377237,-31.624877357086945,-15.189392488954198,70.60266811779562,156.39472872454542,172.83021359267815,191.94001664040888,112.10762072362016,5.911178326821226,24.787522797048815,10.155407697324408,106.2661708268966,107.31851460291304,112.33959636940693,117.28435682848516,118.24849778994405,119.40498752833537,2,-1.154871922620174,0.8141109943389893,116.48997629024345,3.8079625891585334,0.18588903546333313,90.78436721649099,6.334938079874118,109.02650676101683,110.22643521417051,116.48997629024345,122.75351736631637,123.95344581947006,125.34862196395946,78.3681167356464,80.36432133929705,90.78436721649099,101.20441309368493,103.20061769733559,105.52163695078652,111.71158888519793,10.920766130921688,19.26507561546871,99.99842918827389,83.78159597131005,86.88262322328863,115.38503451716002,122.36565385367486,123.612748826628,125.05089024254973,2,-0.7588400841979421,0.9918136596679688,115.5775774062513,2.674967684367281,0.00818632636219263,118.94836861893148,18.66579600305057,110.33473708508292,111.17764710864179,115.5775774062513,119.9775077038608,120.82041772741967,121.80048279190707,82.36408071018067,88.24586636337744,118.94836861893148,149.65087087448552,155.5326565276823,162.3715034679082,115.60517018861701,3.168837199944261,9.949088999011842,0.09225350005962897,110.21812273945882,111.11479429788895,115.58153941548699,120.07153407288385,120.99457445536146,122.21782070681348,2,-4.652421387617025
61,109,set,1.226,14.8024531217411,115.1893384434,115.2568753031,115.1871359006,115.21111654903332,0.022796690464019775,47.8016628143583,21.4385602525851,0.9772032499313354,107.36919173839013,7.239235716044838,5.782856838899576,12.538369226276018,47.8016628143583,83.06495640244057,89.82046878981703,97.67521188045612,93.18055045934621,95.46170861449713,107.36919173839013,119.27667486228312,121.55783301743404,124.21017235609156,106.01124282009991,11.863195465637567,61.68946453657775,79.04527225948553,87.47996130126019,93.559369610017,107.15869219728071,119.19636951964333,121.4872652383012,124.14866507943071,2,9.199873728933412,0.03896660357713699,23.54209033080061,11.303757900622607,0.9610334038734436,107.07093764703836,7.540744243875722,1.3871319556202053,4.949063149780152,23.54209033080061,42.135117511821065,45.69704870598101,49.83856349158637,92.29135051241423,94.66751712758594,107.07093764703836,119.47435816649079,121.8505247816625,124.61333198746436,103.81610296415198,17.913811718200893,59.62602860214556,261.27870197375233,27.641656648127636,89.92266280021133,106.68756887205825,119.3285174703008,121.72200027120329,124.50067823245153,2,11.39501358488134,0.0021099932491779327,9.459476125645338,36.474335533118364,0.997890055179596,113.57973766213016,4.37943466621628,-62.02890787929623,-50.53546696664939,9.459476125645338,69.45441921794003,80.94786013058689,94.31146905016755,104.99620344370005,106.3762086674073,113.57973766213016,120.78326665685302,122.16327188056026,123.76782618738316,113.36005011371296,6.691164142059423,21.946067229509893,22.826232680474952,104.83598462878942,106.2896966132579,113.56818199950959,120.77977628935203,122.16044133760555,123.76596437851154,2,1.8510664353203623,0.09204740822315216,33.23349085469832,14.394773083144852,0.907952606678009,112.2718827384902,7.784453146201561,5.020254046107809,9.556196139744074,33.23349085469832,56.91078556965255,61.44672766328882,66.72074061397265,97.01463493259563,99.46759674712676,112.2718827384902,125.07616872985363,127.52913054438477,130.38122876572675,104.99660528844275,24.416991189758754,74.09294617477349,522.096676860662,24.481701084648716,34.795250505244844,111.28011018143364,124.70819029787441,127.20508824196112,130.09755178973515,2,10.21451126059057,0.007466860115528107,2.586726298465017,23.333529324152778,0.9925330877304077,103.76728017705727,11.457318847349088,-43.146150809083665,-35.79351403994623,2.586726298465017,40.96696663687625,48.31960340601369,56.86863263557745,81.31134787686109,84.92166771585566,103.76728017705727,122.61289263825888,126.22321247725345,130.42098951979588,103.01177372294877,14.49921089995171,134.35533123886324,75.87123205344736,79.65554788715286,84.0779928628653,103.659252384561,122.5713026984465,126.18654245242709,130.38893194864076,2,12.199342826084546
62,110,set,1.493,115.1871359006,124.16596171440001,124.2099779614,124.18997091470001,124.18863686350001,0.43654152750968933,53.11008050915434,7.433521731307578,0.5634585022926331,77.4351129507901,6.014102875533767,38.54064563749566,40.88302532839048,53.11008050915434,65.3371356899182,67.67951538081303,70.40303798541811,65.64768791542514,67.5427940231091,77.4351129507901,87.32743187847109,89.22253798615506,91.42600838955099,66.81622843974188,13.785714941737817,44.50205705318862,145.544012451403,41.37904472202278,44.16939551246836,70.38153144963104,85.54574478794915,87.67178072293717,90.08079579574817,2,57.37240842375813,0.853386402130127,92.24341764493386,11.135926148987098,0.14661362767219543,117.161339768357,20.65214720214635,70.41740345842132,73.92644912930868,92.24341764493386,110.56038616055902,114.0694318314464,118.14945576710579,76.6838750487305,83.19158053857086,117.161339768357,151.1310989981431,157.6388044879835,165.20541850644867,95.89672735057025,15.68584432346101,168.35981929185533,77.68616691558833,70.81522166123403,74.47223943282435,94.01936927990226,126.01966242613886,136.83955781636126,147.91850597952293,2,28.291909512929763,0.004582847934216261,66.23127966640449,49.214483293271606,0.9954171180725098,55.63227659580709,4.028433238930562,-30.227335106156076,-14.719341677075974,66.23127966640449,147.18190100988494,162.68989443896504,180.72128824772537,47.73669253337915,49.00609357182029,55.63227659580709,62.258459619793896,63.527860658235035,65.00381369690867,55.68084832401071,5.269386803855464,27.253859353541337,0.5124725438240669,47.62830014912356,48.94740632519189,55.63624347530017,62.348227246071914,63.693427463675306,65.39133147278875,2,68.5077885394893,0.9974685907363892,23.313903338542175,4.503318825461483,0.002531399019062519,108.38542518646847,25.514742919596753,14.487560629736448,15.906603035163009,23.313903338542175,30.721203641921342,32.1402460473479,33.790189514282595,58.377447989260475,66.41740775443535,108.38542518646847,150.3534426185016,158.39340238367646,167.74159313417096,23.529253066657763,6.336424018439907,21.87648985971231,18.273773810104256,14.491936333372252,15.911962554821606,23.328216227312378,30.828884718168077,32.3395172930971,34.2694924157372,2,100.65938379684225,0.5277369618415833,41.578913242280116,5.02000278677593,0.47226303815841675,112.7542557432685,8.127450691736206,31.739888577908587,33.321743451145224,41.578913242280116,49.836083033415,51.417937906651645,53.2571860529754,96.82474510134038,99.38578899509695,112.7542557432685,126.12272249144004,128.6837663851966,131.66153338136078,75.19239673376278,36.153556875774434,44.494747044437446,1262.58492772542,33.19100318061436,34.99213738004433,49.714094963255604,122.90364728222796,125.89657895555061,129.2536136769664,2,48.99624012973723
63,114,set,0.893,24.2733057718037,133.9849108873,134.056451708,134.20350888489997,134.08162382673333,0.04680348187685013,55.969773446824505,19.058271794283637,0.9531965255737305,102.93592112495816,7.749989464959724,18.61624712245301,24.621705962570108,55.969773446824505,87.31784093107889,93.32329977119599,100.30594351834876,87.74622089307225,90.18832284468346,102.93592112495816,115.68351940523286,118.12562135684406,120.96509264060612,100.73774265021154,13.139977479258635,74.25106481945132,98.4080189451568,57.60310372553098,83.84343368758503,102.4657096443294,115.50572111274234,117.96973357458018,120.83004712152749,2,33.34388117652179,0.04770250245928764,35.448052492062786,10.827806497542142,0.9522975087165833,101.29430182487789,6.871575572833343,14.225941725311397,17.63789570265187,35.448052492062786,53.2582092814737,56.67016325881417,60.637297118145554,87.82626118507935,89.99156582103183,101.29430182487789,112.59703782872396,114.76234246467644,117.27997705004971,98.15327208619645,15.732696386615395,50.558816206735536,196.95902705574852,36.10205407315816,81.92717911086093,100.86261095360452,112.43345849207135,114.61815222901826,117.153606034399,2,35.92835174053688,0.050289642065763474,28.052401928820885,18.487507330840973,0.9497103095054626,100.430548201942,9.162386891939986,-8.182446603547653,-2.3568415576048345,28.052401928820885,58.46164541524659,64.28725046118942,71.06077530423724,82.47259988131773,85.35976289120188,100.430548201942,115.50133351268212,118.38849652256626,121.74544746914626,96.79067226875496,18.63101855564976,96.91594008247304,250.19845863670886,27.9189496623291,69.44957482076411,99.82209039072687,115.27096591676046,118.18554556579876,121.56756148304925,2,37.290951557978374,0.03754328936338425,55.212804677598655,19.404431294812504,0.9624567031860352,103.395225860757,6.323305602396928,17.18081819928421,23.295355483395642,55.212804677598655,87.13025387180166,93.24479115591309,100.35426216725727,91.00177461681866,92.99431370633184,103.395225860757,113.79613801518215,115.78867710469532,118.10543440580362,101.58629850969476,11.683562268303586,52.61930338670081,83.88624700230173,63.529827810151204,89.57716723518918,103.09017530297102,113.68153511169062,115.68870984929362,118.01993504461011,2,32.49532531703858,0.02605491317808628,23.077148132091367,17.036128957976256,0.973945140838623,100.49590525808617,11.086277919714318,-10.313051061521982,-4.944790373648896,23.077148132091367,51.09908663783162,56.46734732570471,62.70911051536503,78.76719981284447,82.26060081245204,100.49590525808617,118.73120970372028,122.22461070332787,126.28644432763949,98.47877169127112,16.71407194785094,127.26518047769545,152.09554445798724,52.74578325796726,78.6907732906694,100.12412954647462,118.58893519959848,122.09925683368037,126.17653166988786,2,35.602852135462214
64,117,set,1.493,129.9947898088,135.9740398363,136.0631594301,136.0646590144,136.03395276026666,0.5877380967140198,55.18606971312642,6.090176060920957,0.4122619926929474,74.30415423340679,5.657448029025119,43.24954397421333,45.168621530547554,55.18606971312642,65.20351789570529,67.1225954520395,69.35393784498432,63.21575985211044,64.99848032357536,74.30415423340679,83.60982814323822,85.39254861470314,87.46534642822593,63.06773426794852,11.115566987489123,34.99450310662803,88.56168196643813,44.6988382456815,46.83188295629921,61.320495534758464,80.91594665372865,83.0700567495476,85.46549865556679,2,72.96621849231813,0.9276317358016968,102.86044841794474,10.38981548762194,0.072368323802948,117.94017454725862,22.333887835998787,82.49678425618927,85.77072272977321,102.86044841794474,119.95017410611626,123.2241125797002,127.03077358925064,74.16655875394378,81.20419813628862,117.94017454725862,154.6761509582286,161.71379034057344,169.896567033601,103.95174905229119,12.308476588342433,136.2337413961549,15.265498615388475,82.07586817421736,85.58160480651456,103.35464451462734,123.63997840705072,130.21867831637232,142.34506952219024,2,32.08220370797547,0.007208726368844509,76.35935789800904,46.53851719963426,0.9927912950515747,45.77472136128523,4.169751460635139,-14.854459707171998,-0.18969091075288702,76.35935789800904,152.90840670677093,167.57317550319004,184.62413844639133,37.60215867395707,38.91609054777332,45.77472136128523,52.63335217479714,53.94728404861338,55.47501380701247,45.99519861768276,6.290383458640793,32.87439239719649,6.694576975691275,37.507404600922754,38.867189945986006,45.79327205628141,52.83032856962387,54.320414837715965,56.447690653148896,2,90.0387541425839,0.9991023540496826,24.425205147983277,3.8312347081716016,0.00089770503109321,108.10947085598221,27.614700458830878,16.916123103647113,18.12338484254485,24.425205147983277,30.727025453421703,31.93428719231944,33.33798986628976,53.98565251281197,62.687330649095735,108.10947085598221,153.53161106286865,162.23328919915244,172.35087056065805,24.50033037739276,4.650886765440392,15.349747854225585,6.281035314915157,16.91692358892982,18.12440985440585,24.42950813596581,30.7594639987443,31.992497829326226,33.47132584654646,2,111.5336223828739,0.7492591738700867,48.796733633068534,3.7213426068246096,0.25074082612991333,116.23299238716639,7.5862412267770996,41.5030361495579,42.675669749104024,48.796733633068534,54.91779751703304,56.09043111657917,57.45387109503257,101.36423280465031,103.75473599037329,116.23299238716639,128.7112487839595,131.10175196968245,133.88122853704027,65.70575686418164,29.650845391389815,24.806433162031816,854.3661992620723,41.973716037146026,43.212515849068886,50.40637809561819,122.63376288353348,125.96796853508488,129.52456880715673,2,70.32819589608502
65,118,set,0.647,136.0646590144,130.6416280664,130.7823623244,130.63043291969998,130.68480777016666,0.8526609539985657,95.01981342094578,5.037833151936433,0.1473390758037567,102.21592020112507,8.68759280997687,85.14584188302847,86.73331528900677,95.01981342094578,103.3063115528848,104.8937849588631,106.73956586372557,85.18855118122127,87.92610165815708,102.21592020112507,116.50573874409307,119.24328922102886,122.42628326514726,96.08008397513366,6.266258760571874,32.760641834885774,6.505632136197682,85.14967077556544,86.83061000011715,95.623563987748,107.029183810003,110.70255244169999,115.18840338997629,2,34.604723795032996,0.9597865343093872,124.42251704233288,6.378787329276963,0.040213435888290405,117.618224354875,17.130499149255847,111.9203236119096,113.93034556821958,124.42251704233288,134.9146885164462,136.92471047275617,139.261795384755,84.0430629851395,89.4410606977324,117.618224354875,145.79538801201758,151.1933857246105,157.46972463200478,124.14888934650067,7.255403889624777,50.853478649891045,1.7869476100846513,110.07134742974407,112.91974974370125,124.32055339751025,135.18995054258983,137.41249638043186,140.26016508936567,2,6.53591842366599,0.7964118719100952,116.53566474889524,8.61649799410066,0.2035881131887436,58.694671363865695,22.11427426815722,99.64763900759633,102.36278677167869,116.53566474889524,130.7085427261118,133.42369049019416,136.5806365391485,15.35149025403667,22.319927126487663,58.694671363865695,95.06941560124372,102.0378524736947,110.14016629354931,104.75992430415775,26.479130599323923,158.6917932257127,542.4524005354326,33.017345888012045,43.47071968777645,113.76317450253282,129.746556789981,132.58190200982068,135.8504608400006,2,25.924883466008907,0.9912497997283936,82.85351066947159,2.935717928480709,0.008750204928219318,110.53284005557259,12.850594099131557,77.09960926088087,78.02468438710363,82.85351066947159,87.68233695183955,88.60741207806231,89.68301183117627,85.34613844133179,89.39549374313486,110.53284005557259,131.67018636801032,135.7195416698134,140.42779231824906,83.09571085969237,4.078388316991187,9.988015999232202,6.645267418369343,77.1084764198935,78.03563544832942,82.88497002263423,87.92767732178862,89.09072055002125,91.36979681046253,2,47.58909691047428,0.9842676520347595,105.50036236314541,2.83016822361651,0.015732385218143463,124.86057708772773,15.977075279834073,99.95333457466735,100.84514989564698,105.50036236314541,110.15557483064383,111.04739015162347,112.08431819333363,93.54608496096773,98.58062686561594,124.86057708772773,151.1405273098395,156.17506921448773,162.02881219836019,105.80494864929328,4.207539483983334,11.89979613938665,5.804009404484786,99.92643383089121,100.83771835688289,105.54421030041394,110.53011308215873,111.82439763843075,119.32091010767974,2,24.879859120873377
66,119,set,0.952,130.63043291969998,138.5936075084,138.3586485846,138.3411539893,138.4311366941,0.7351919412612915,79.1649218133353,5.95243596089264,0.2648080289363861,93.4107137370903,7.682591954645242,67.49836170970465,69.37403593386466,79.1649218133353,88.95580769280593,90.83148191696594,93.01235855632214,78.35311019806845,80.77397449610388,93.4107137370903,106.04745297807673,108.46831727611216,111.28309519790253,82.93731953400423,9.010468083094826,41.67850627332375,39.509823804923805,68.28675508079493,70.26988932337856,81.5846016575215,100.20494901718592,103.50909079023313,107.06502816768509,2,55.49381716009576,0.9336908459663391,113.83116225566434,8.188445487416667,0.06630922108888626,118.61715464738455,18.717553070690244,97.78210401095814,100.36236799659261,113.83116225566434,127.29995651473605,129.88022050037054,132.88033500701542,81.93142475011457,87.82951959140303,118.61715464738455,149.40478970336608,155.30288454465452,162.1606944406314,114.14852531627088,9.340934843420989,85.83579126948331,1.4181462014836546,96.69691459495982,99.72249541241236,113.97396087870571,128.90077411071667,132.67182863494304,139.12206909616972,2,24.282611377829113,0.30605849623680115,101.4578637975346,15.678281930246424,0.6939415335655212,54.51727227057976,12.717493704021638,70.72899587478648,75.66938490020104,101.4578637975346,127.24634269486816,132.18673172028272,137.9310016345763,29.59144263708245,33.59885662578725,54.51727227057976,75.43568791537226,79.44310190407705,84.10258671205827,68.88384075052682,25.601619940690934,187.46617565815768,467.97690934095544,31.640847680164697,35.94047272434982,61.8533292860887,116.8338127739836,123.31084162923143,130.35102072241716,2,69.54729594357318,0.9936962723731995,62.267429276821105,3.8021401632783434,0.006303785368800163,110.96177178764117,16.322996412592005,54.81537149262231,56.013465239074854,62.267429276821105,68.52139331456735,69.7194870610199,71.11252996246897,78.96928669918432,84.11283193567333,110.96177178764117,137.810711639609,142.95425687609801,148.93473979005086,62.57439155613003,5.558545215406022,16.044723343105574,14.852927660552735,54.8253190786939,56.02495068622608,62.29757349714543,68.75406188734132,70.16842233746995,72.42447575013871,2,75.85674513796997,0.9340174794197083,84.61073182567421,3.489379504358864,0.06598252058029175,120.35505108091189,12.169488803756726,77.77167366873861,78.87121329211939,84.61073182567421,90.35025035922902,91.4497899826098,92.72824241736113,96.50329131528528,100.3380232839073,120.35505108091189,140.37207887791646,144.2068108465385,148.66551548769516,86.96923210656145,9.994229453790354,21.144158946354956,78.74046342865604,77.8731315517443,78.98659906625282,84.91897328072737,111.84651906994435,124.10815301451612,132.88702303848066,2,51.46190458753854
67,120,set,1.226,138.3411539893,124.14026658370001,125.2731110412,125.3115715587,124.90831639453334,0.7294937968254089,68.30323322586128,5.489339484212978,0.2705061733722687,82.94581109906804,6.433744777316556,57.54432553789016,59.27407326568563,68.30323322586128,77.33239318603691,79.0621409138324,81.07334646484858,70.33590304980491,72.3632426672188,82.94581109906804,93.52837953091726,95.55571914833115,97.91293958389977,72.26413889905291,8.6883871926906,33.17880714981928,42.309109229409984,58.303017777917766,60.13891680293116,70.7866257167248,88.72387668299054,91.47825413994005,94.44322917362769,2,52.644177495480434,0.9526842832565308,114.0169328102578,8.97832203459265,0.04731578007340431,119.27099614050027,21.437938933313323,96.41974498085382,99.24890724771976,114.0169328102578,128.78495837279584,131.6141206396618,134.90363318788644,77.25340792843713,84.00872453167567,119.27099614050027,154.53326774932486,161.28858435256342,169.14309980183108,114.26554013596824,9.989259196527101,98.54176748244026,1.2443586874564585,95.50229084372815,98.70936508181792,114.12299430959078,130.0359048221243,133.7800296490723,139.7577919743444,2,10.642776258565107,0.06926750391721725,94.84151172317493,26.0947346906312,0.9307324886322021,44.682078668339365,7.469790104061048,43.696771543409824,51.919492722953784,94.84151172317493,137.76353072339606,145.98625190294004,155.5469422943846,30.041559092306002,32.39536732310833,44.682078668339365,56.9687900135704,59.32259824437272,62.059408996453094,48.156497061043154,16.164862426302022,99.0994720820707,162.20328790094499,30.212101951594057,32.613361326478554,45.33938084299013,79.49127000989505,104.13130892986653,122.52541395649344,2,76.75181933349019,0.9985640645027161,44.17482293389904,3.551650479403109,0.0014359457418322563,110.26410188602063,21.924241749921723,37.21371590859452,38.3328777611889,44.17482293389904,50.01676810660918,51.13592995920355,52.437197475994594,67.29337766782463,74.20193332550097,110.26410188602063,146.32627044654026,153.2348261042166,161.26751507090847,44.26972400514221,4.4214493809964655,13.286327371933591,6.262907334133019,37.2154850715035,38.335078016183026,44.18120802460881,50.064506136255815,51.223288948245994,52.63933736828913,2,80.63859238939114,0.9155662059783936,71.10217885351479,3.0976354240291935,0.08443375676870346,120.64829814651792,9.36749128710159,65.03092498518211,66.00702199132701,71.10217885351479,76.19733571570256,77.17343272184746,78.3083564367587,102.28835259830603,105.24014612749255,120.64829814651792,136.05645016554328,139.0082436947298,142.4403415873628,75.2855411899708,14.351424857485553,16.19422694152933,189.7689573523215,65.1486016175321,66.1406323957827,71.4610134394309,118.46421120420104,125.66629046235526,131.72858890159966,2,49.622775204562544
68,123,set,1.076,11.849616048740799,128.882604573,126.14310885239999,126.1831245212,127.06961264886667,0.024792712181806564,50.035626025209446,21.646448210186517,0.9752072691917419,106.69072672428132,7.273377665923721,7.609367140032347,14.430387176066937,50.035626025209446,85.64086487435193,92.46188491038653,100.39279479951202,92.43516845311282,94.72708509029886,106.69072672428132,118.65436835826378,120.94628499544982,123.61113339449909,105.28609113174832,11.866524162787831,63.20752647910018,77.60666274971466,85.16711185183046,92.61409088249157,106.46105202411897,118.56711397409627,120.8696817569923,123.54510132363451,2,21.783521517118345,0.031464722007513046,23.488576114947875,10.911993956312026,0.968535304069519,103.35041793004592,6.557313066701368,2.1014609610575654,5.539943278635487,23.488576114947875,41.43720895126026,44.87569126883818,48.87367005676086,90.49832048395734,92.5645977492259,103.35041793004592,114.13623811086595,116.2025153761345,118.60500924218687,100.83758997339805,15.484078300404272,45.391979673804784,194.36496629623747,32.46127195379892,89.76421426658617,103.08335326784692,114.03429366043545,116.11266972934139,118.52625927885462,2,26.232022675468613,0.007657155394554138,12.800912933485272,27.023144594515824,0.9923427700996399,110.34170817996731,5.800827545798017,-40.163477220783996,-31.648204464438166,12.800912933485272,57.250030331408695,65.76530308775452,75.6661479108354,98.97229510967533,100.80019595194143,110.34170817996731,119.88322040799319,121.7111212502593,123.83645100881208,109.59481493235872,10.548857516366525,38.9835778503995,72.29392215922223,98.10867512443387,100.3613265007136,110.28562398937973,119.86200057097142,121.69234877161954,123.81983727765689,2,17.47479771650795,0.036248061805963516,42.49076114503127,18.093811044518475,0.9637519717216492,108.63210847570647,6.414959312877159,7.027543154701995,12.72909042308044,42.49076114503127,72.25243186698209,77.95397913536054,84.58326000174351,96.05901926017742,98.08043938317435,108.63210847570647,119.1837775682386,121.20519769123553,123.55553543527675,106.23461647190972,14.295187003497876,51.52714278640542,152.82560706429066,51.44680331771455,94.59758640231772,108.3296817804747,119.0686794941114,121.10379449146436,123.46656236949036,2,20.83499617695695,0.009320930577814579,7.041082690453706,21.84362785388166,0.9906790852546692,102.31813438539136,11.00783147706679,-35.77164119485031,-28.88848781078176,7.041082690453706,42.97065319168916,49.853806575757716,57.8569599096706,80.74318114245409,84.21186285546746,102.31813438539136,120.42440591531525,123.89308762832862,127.92617973986555,101.4300652208342,14.433096581326648,124.49034347295033,83.82409633846568,78.6660858217191,83.18130836991027,102.18832790695292,120.3745212242206,123.8490488585528,127.88765494706178,2,25.639547428032472
69,124,set,1.378,126.1831245212,123.7848045735,123.80112537690002,123.82913362689999,123.80502119243333,0.5755537152290344,59.40140249717205,6.501965503102241,0.4244462549686432,79.263232236894,6.166188677448319,46.6577842823698,48.70662095708097,59.40140249717205,70.09618403726313,72.1450207119743,74.52723612240084,67.17772450721662,69.12075442632603,79.263232236894,89.40571004746197,91.34873996657137,93.6079321576106,67.83167997672211,11.697922748701844,40.470098739690926,96.37116077034413,48.26916268332663,50.55692747747251,66.29935413224725,86.57730473421798,88.9078243677289,91.50453280108806,2,55.973341215711216,0.910840630531311,102.27466808748936,10.25191061424377,0.08915939927101135,118.04692683706553,21.168070145044574,82.18129251084767,85.4117757304682,102.27466808748936,119.13756044451051,122.36804366413105,126.12417854979208,76.55827173056059,83.22854988342577,118.04692683706553,152.86530379070527,159.53558194357043,167.29122181653736,103.68091625077115,12.485346358975184,135.68205751261405,20.202136557949228,81.85090488423246,85.30411829184337,102.93507363551711,124.04234130652377,131.7011477264457,143.79786069755247,2,20.124104941662182,0.015862025320529938,79.35602894037419,37.360829180890114,0.9841379523277283,49.67583397227296,5.307163984525421,6.130149313276462,17.902933556272657,79.35602894037419,140.8091243244757,152.58190856747188,166.2703144777409,39.27398370255504,40.94632604350009,49.67583397227296,58.40534190104583,60.07768424199088,62.022143624859794,50.146620866033835,7.975677363044533,49.85993479118342,13.751438400639685,39.09840728130229,40.86054078358617,49.73717275812158,59.00381691848062,61.28640662042337,68.29383260574318,2,73.65840032639949,0.9980635046958923,32.4243950918932,4.148598274798938,0.001936437445692718,109.03289978524361,24.058758708272897,24.29329188696228,25.600558172825547,32.4243950918932,39.248232010960855,40.555498296824126,42.07547786872121,61.87859920428933,69.45976326399061,109.03289978524361,148.6060363064966,156.18720036619789,165.00194195829584,32.57274079301583,5.444367322356567,18.298395098746795,11.342679055177387,24.29655968282525,25.60441351333733,32.43446883535983,39.32345680646147,40.69445380178028,42.402635455174305,2,91.2322803994175,0.7526839971542358,54.80289026495977,4.022032152491698,0.24731603264808655,116.00170531132969,8.495909301852524,46.91985210141393,48.18723609121837,54.80289026495977,61.418544438701176,62.68592842850561,64.15953621223274,99.3500290637799,102.0271780819268,116.00170531132969,129.97623254073255,132.65338155887946,135.76614585373812,69.9383400382454,26.966959895497975,30.02736398629869,697.1897077933246,47.42030481931094,48.758017368840974,56.50903236742992,123.08640021314363,126.83732087852314,130.83279015747442,2,53.86668115418793
70,127,set,1.493,13.3695755788124,108.2736907707,108.2514095686,108.2729170456,108.26600579496666,0.01749708503484726,41.22700946923858,21.02444900411043,0.9825029373168945,106.2127198876351,6.705435841604627,0.019846626383120736,6.6448682701712585,41.22700946923858,75.80915066830589,82.43417231209403,90.13719171283095,93.07030713744601,95.18325942328133,106.2127198876351,117.24218035198888,119.3551326378242,121.81189630226929,105.07566176043376,11.158399293008724,51.910343658202414,72.59977790724386,90.00330546361609,93.9024320688279,106.06334651243615,117.18497718135042,119.30466632327062,121.76776866339942,2,3.190344034532899,0.048105429857969284,17.59711736522801,11.43893196508404,0.9518945813179016,109.39282730401712,8.689240543475401,-4.822777307940701,-1.2182513659916125,17.59711736522801,36.41248609644762,40.017012038396715,44.20805242349908,92.36222878580008,95.10029848062781,109.39282730401712,123.68535612740641,126.42342582223415,129.6070235693606,104.97695644085432,21.541202885183917,78.1653578522774,385.8581870482794,18.16197626759645,84.37037491272586,108.84209679951658,123.47668034168386,126.23947014925893,129.4458373014276,2,3.2890493541123362,0.00019471155246719718,-2.9152811953447824,62.086671167848756,0.9998052716255188,120.02937036778533,2.4590094146524,-124.60292060430976,-105.03876745112424,-2.9152811953447824,99.20820506043464,118.77235821362015,141.51991428225293,115.20980047742171,115.98465981338651,120.02937036778533,124.07408092218415,124.84894025814896,125.74988169180835,120.0054296046762,3.1207250508905005,6.7961151111348475,2.942567473199525,115.19639246582067,115.97567579045548,120.02883047818875,124.07426164162504,124.85242748477788,125.75261578196876,2,-11.739423809709535,0.28337129950523376,14.802311260940776,10.241654938591045,0.7166287302970886,116.19806825233425,9.95432408290623,-5.270963560784455,-2.0437120107861695,14.802311260940776,31.648334532667715,34.875586082666004,38.62796345399193,96.68795155939833,99.82466218071555,116.19806825233425,132.57147432395294,135.70818494527018,139.3552889201167,87.46542429233848,46.78179409370885,100.73295413008701,2087.803532489825,0.9578282086112213,5.28787290001202,111.04339999631776,130.90557799930693,134.2491737785501,138.0834387455789,2,20.800581502628177,0.004026094451546669,-12.140358811040393,26.61453273800226,0.9959738850593567,106.09448426302735,11.217063672589541,-64.30388444288704,-55.91736951476212,-12.140358811040393,31.63665189268132,40.02316682080623,49.77430284260152,84.10944345245926,87.64405639742284,106.09448426302735,124.54491212863186,128.07952507359545,132.18927649073677,105.61845744356721,13.572917404671,128.16775849941777,56.05609981343005,83.2973459558378,87.21293347777794,106.03765498249403,124.52312757676926,128.06035062006998,132.1725265727908,2,2.6475483513994504
71,129,set,0.952,21.802528395613,114.8096266953,114.8924910748,114.65400916969999,114.7853756466,0.03966006264090538,54.40623457112054,19.73582892677309,0.9603399634361267,104.09042351085169,7.662733183958581,15.724720669601489,21.94368478002403,54.40623457112054,86.86878436221704,93.08774847263959,100.31863823735284,89.07174244715293,91.48634904085601,104.09042351085169,116.69449798084737,119.10910457455044,121.91660656269593,102.1199481796087,12.878470465658536,71.83645358593446,94.01881989281291,60.97430088305953,86.98695897621812,103.69859004025747,116.54612088448363,118.97889289458551,121.80383059823126,2,12.665427466991304,0.04376469925045967,32.83157153155666,10.958547963509103,0.9562353491783142,102.4755196369018,6.919868492457725,11.35321220022406,14.806364167657037,32.83157153155666,50.85677889545628,54.30993086288926,58.324966289040646,88.91282661393117,91.09334884905549,102.4755196369018,113.8576904247481,116.03821265987241,118.57354099297302,99.4275781562205,15.93816767869317,51.04462085043302,202.9810468629744,34.79888903939557,85.29591078757788,102.07836583279857,113.70694101467959,115.90534742055588,118.45708149382644,2,15.357797490379497,0.028661951422691345,24.38063167737476,20.86624314224105,0.9713379740715027,103.07525034345937,8.024150175661408,-16.5164533740736,-9.941284035991728,24.38063167737476,58.70254739074123,65.2777167288231,72.9227720505465,87.34820499262226,89.87669782381941,103.07525034345937,116.27380286309933,118.80229569429648,121.74221504559372,100.81970132632023,15.730009435148856,75.02094117611271,172.41149833113593,48.10615803608998,86.91488668920657,102.77848071799967,116.160480721045,118.70246298595752,121.65475966516495,2,13.965674320279774,0.04091743379831314,51.35786507614135,18.728777196822143,0.9590825438499451,105.18644894205502,6.498926639661865,14.65013629589491,20.55176797558241,51.35786507614135,82.16396217670028,88.06559385638778,94.92751609135311,92.44878679014985,94.49666588751566,105.18644894205502,115.87623199659438,117.92411109396019,120.30521311377979,102.9839190741642,12.983389075547962,54.86034524757686,113.70780958389332,56.63735062208549,90.13708966223331,104.84027380228085,115.74496281308862,117.80866267338226,120.20446939626738,2,11.801456572435796,0.019907603040337563,19.09825598719228,18.245557530562383,0.9800924062728882,101.02381562500574,11.166564874166925,-16.662379650563565,-10.913015492705014,19.09825598719228,49.10952746708956,54.85889162494812,61.54376995910594,79.13775064060852,82.65645089114335,101.02381562500574,119.39118035886811,122.90988060940295,127.0011300803631,99.39287504573625,16.11809023944257,128.83709841598727,130.95582655565744,72.4353597887497,80.13744494992825,100.73951587508283,119.28220902544913,122.81372017157311,126.91680642935819,2,15.392500600863755
72,130,set,0.299,114.65400916969999,114.8021270538,114.7735609461,114.8415869407,114.80575831353333,0.8337144255638123,101.94083076790605,5.376465506256093,0.16628552973270416,104.38013804424585,9.52876401736804,91.4031520115222,93.09733197976124,101.94083076790605,110.78432955605086,112.4785095242899,114.44835986823882,85.70410375302329,88.70671598991335,104.38013804424585,120.05356009857836,123.0561723354684,126.54735795828685,102.3464477134228,6.326399168653807,39.1979515092333,0.824906672070469,90.38794594387433,92.46091272502379,102.18570696705382,112.75575098326436,115.51433793784489,119.41903943451764,2,12.459310600110527,0.9058043360710144,114.30671507657047,5.477051821004752,0.0941956639289856,105.5536994313651,12.17298225928484,103.57189076594163,105.29776652378963,114.30671507657047,123.3156636293513,125.04153938719931,127.0482429363764,81.69509261872179,85.5309254113645,105.5536994313651,125.5764734513657,129.41230624400842,133.87229083098927,113.48221895648956,6.904164982513812,41.13046051932128,6.5370335864509075,97.52903491216156,102.29787473763068,113.94289938275766,123.43346964104758,125.3202894023022,127.64874630539047,2,1.3235393570437708,0.9666988849639893,110.83997236947454,4.739662424176688,0.03330105170607567,70.24964805415469,37.11258021918947,101.55040471921042,103.04392144054191,110.83997236947454,118.63602329840717,120.12954001973866,121.86607597362924,-2.4896725488103044,9.204885875093403,70.24964805415469,131.29441023321596,142.98896865711967,156.58642014723625,109.48826486119543,10.982846952877239,67.58330112118074,53.038866890137726,94.4495662232754,101.48123827189043,110.69174659050279,118.71026907263457,120.31513790515746,122.35073275542065,2,5.317493452337899,0.9058546423912048,102.17234448850854,3.8789965105358832,0.09414538741111755,100.09585640554047,8.28873905267616,94.56965103170167,95.79196300922149,102.17234448850854,108.5527259677956,109.77503794531542,111.19623977420554,83.85022638504455,86.46209391189177,100.09585640554047,113.72961889918916,116.3414864260364,119.37834687921296,101.9768557584561,4.523885871976272,20.09813399713036,0.3677193082044623,92.8082698308281,94.7686608123307,102.07689098421099,108.94728438619941,110.43608491720947,112.46342019990058,2,12.828902555077235,0.9809229969978333,109.16446316412564,3.2942751582103904,0.01907697319984436,119.03067453537832,18.101985886760996,102.70780249886828,103.74586272196714,109.16446316412564,114.58306360628413,115.621123829383,116.82809317493393,83.55143414867442,89.25555739451512,119.03067453537832,148.8057916762415,154.50991492208223,161.14219091896206,109.3526773606845,4.326467709104455,16.896399126404887,1.8215673351065955,102.52719785400866,103.6518017542256,109.19762882837557,114.95056787915568,116.34749170737074,119.64439951134933,2,5.453080952848836
73,131,set,0.299,114.8415869407,114.808572205,114.77055758750001,114.816626366,114.79858538616666,0.8347248435020447,102.01900497632337,5.365079211886589,0.16527514159679413,104.42023593200776,9.53034792561643,91.50364294682112,93.19423497576977,102.01900497632337,110.84377497687697,112.53436700582563,114.50004559495645,85.74109723766354,88.74420858044813,104.42023593200776,120.09626328356738,123.09937462635197,126.59114056763508,102.41586724232909,6.311412887861494,39.03831560115507,0.7954607414837345,90.4791593922397,92.5515740306325,102.25803892622956,112.79292110339122,115.54022324649638,119.43665160432438,2,12.382718143837579,0.9067607522010803,114.46063031856303,5.470498009860193,0.0932392030954361,105.61010532181606,12.193605630417066,103.738651241739,105.46246182581368,114.46063031856303,123.45879881131238,125.18260939538705,127.18691173374594,81.71107744451379,85.55340887500866,105.61010532181606,125.66680176862347,129.50913319911834,133.97667385702923,113.63540930410119,6.900899036314274,40.999217631159524,6.6226126218786465,97.6768768918598,102.46809513039345,114.09824234833492,123.5718897690014,125.45368327395299,127.7737789814456,2,1.1631760820654762,0.9667686223983765,110.98055985719282,4.737728128330584,0.03323134034872055,70.2117280402343,37.124816431430745,101.6947833571225,103.18769056179823,110.98055985719282,118.77342915258738,120.26633635726311,122.00216361631816,-2.5515750980307814,9.146839083087812,70.2117280402343,131.27661699738078,142.97503117849936,156.57696581964967,109.6257527971157,10.995453809799228,67.50131519703294,53.39824158824801,94.5982331907732,101.62672483122758,110.83231383242529,118.8461597840783,120.449231234215,122.48061408304144,2,5.172832589050969,0.9072227478027344,102.19705137309367,3.860961969702735,0.09277725964784622,100.14499663792438,8.300057614127146,94.62970496679748,95.84633407370643,102.19705137309367,108.54776867248091,109.76439777938987,111.17899204306417,83.87718264462772,86.49261676742115,100.14499663792438,113.7973765084276,116.41281063122103,119.45381802296556,102.00666811954466,4.502206488703253,19.915508446355496,0.35443234654495054,92.89623091973878,94.84130051850325,102.1046773497506,108.9419012495651,110.42546140845154,112.4506551282148,2,12.791917266622008,0.9811782240867615,109.29420817465675,3.2846841118206123,0.018821775913238525,119.10462325172512,18.126494782815058,102.8563456148974,103.89138359993873,109.29420817465675,114.69703274937476,115.73207073441608,116.93552607508636,83.5773463114544,89.28919256429481,119.10462325172512,148.9200539391554,154.6319001919958,161.27315585353932,109.47885760885318,4.306708526256392,16.770346150464903,1.7773921796638101,102.67696898468488,103.79776648468707,109.32662111626324,115.05746553352738,116.44263155941854,119.63282785247286,2,5.319727777313489
74,132,set,1.076,114.816626366,119.6958576136,119.70716276179999,119.7128662959,119.7052955571,0.5412899255752563,70.04971220169836,7.572342952919913,0.4587101340293884,91.20801057069076,7.5691451776322465,55.208192735389645,57.59431643106761,70.04971220169836,82.5051079723291,84.89123166800707,87.66561613173174,76.37275862877652,78.75787467234011,91.20801057069076,103.65814646904141,106.043262512605,108.81647536298202,79.75524225766085,12.979714063092711,57.318170893289206,111.15518540546081,57.30505584171307,60.005843201942525,78.92416066607298,100.5334866847479,103.33953433045976,106.48199688640794,2,39.95005329943915,0.8444401621818542,99.67710805725966,9.695221572291334,0.15555977821350098,117.32179384209869,17.90175565662035,80.67482295343285,83.7298876899781,99.67710805725966,115.62432842454122,118.67939316108647,122.2315661503145,82.23499749508662,87.87602612150766,117.32179384209869,146.7675615626897,152.40859018911075,158.96750505547604,102.42190552337752,13.043223234672368,129.2277996124073,40.897247469660755,80.80490598785538,84.04164531911589,101.10374029783958,126.41980754800613,135.1232816738247,144.52995150112812,2,17.283390033722483,0.10483016818761826,85.42094387907872,21.275206688908447,0.8951698541641235,60.7688513173797,9.714277968404797,43.7223050051725,50.42634299268543,85.42094387907872,120.41554476547199,127.11958275298494,134.91447572960035,41.72921636349537,44.79028596783428,60.7688513173797,76.7474166669251,79.80848627126403,83.36764121701998,63.353135685089015,13.7460462512206,131.9244118217473,57.02946543034259,41.82146937492691,45.01966696100487,61.81568180066938,87.85964980203325,100.5641248799938,113.25452415842463,2,56.352159872010986,0.985885500907898,52.48994916856197,5.029248655792498,0.014114528894424438,110.04521514449698,16.857415652469804,42.632802933912195,44.21757127624086,52.48994916856197,60.76232706088308,62.347095403211746,64.1897310869876,77.00528759323439,82.31723386750349,110.04521514449698,137.77319642149047,143.08514269575957,149.2614282094429,53.30231619752798,8.662747122446506,28.94729962118116,46.09597275875204,42.663169434740205,44.25207737862027,52.580136091915136,61.51126389160295,63.99403674521304,100.79075619497631,2,66.40297935957202,0.7561384439468384,68.63518021086773,4.919031892331269,0.243861585855484,114.7302333853822,11.207338788557886,58.99405486309453,60.54409276167668,68.63518021086773,76.72626766005878,78.27630555864093,80.07855959593167,92.76425299726998,96.29580153054884,114.7302333853822,133.16466524021556,136.69621377349443,140.8024021497993,79.87599502358546,20.99323914988518,48.9262858202811,391.78999432801015,59.5960068318867,61.2305709204036,70.68079002530651,123.96254471208975,128.93372877043996,134.2211552827182,2,39.82930053351454
75,134,set,1.378,31.345122651897697,119.6443309046,119.6518895785,119.6573301242,119.65118353576668,0.033918432891368866,46.81967747448306,18.732682260085863,0.9660815596580505,102.81346521850438,7.296880337370971,10.104294910882373,16.007157116451314,46.81967747448306,77.63219783251479,83.53506003808373,90.39841302531639,88.5118425577588,90.81116513014885,102.81346521850438,114.8157653068599,117.11508787924996,119.78854727847775,100.91424292055524,12.887147332662481,63.34092561589253,102.73756488349798,58.70210882432617,87.37433714144984,102.49322624334609,114.6937005002481,117.00763977017822,119.69444800868251,2,18.736940615211438,0.0833529680967331,33.500757135828664,12.125712497496899,0.9166470170021057,111.42329347396532,10.07367013661081,9.734797353847508,13.555734954950086,33.500757135828664,53.44577931670723,57.266716917809816,61.70938262561103,91.67926281407144,94.85358061304828,111.42329347396532,127.99300633488234,131.16732413385918,134.85815458005857,104.92821712821964,23.857970517297584,105.27589574844045,463.9266973950505,27.13954473931112,36.56834186536035,110.27273145963365,127.56419101650371,130.78968070323236,134.527452715122,2,14.722966407547034,0.0008782846271060407,14.722011280926914,48.4216017491145,0.9991217255592346,108.57931848105943,3.592139785280686,-80.18258422107922,-64.92443597890386,14.722011280926914,94.36845854075764,109.62660678293301,127.36750156763168,101.53885387447585,102.67077432672382,108.57931848105943,114.48786263539505,115.61978308764301,116.93588523380467,108.4968861570299,4.762506842170014,14.951406833026216,7.730184497954318,101.48650923927013,102.6412069986951,108.57556459629349,114.48813429884795,115.62095028992715,116.93880041542984,2,11.154297378736771,0.4175264537334442,24.723091918507706,10.31420275582505,0.5824735164642334,113.56052235416942,11.190300051882547,4.507625987846829,7.757738106475994,24.723091918507706,41.688445730539414,44.938557849168575,48.717515571947494,91.62793727628292,95.15411672715516,113.56052235416942,131.9669279811837,135.49310743205592,139.5930530897455,76.46854168120875,45.1297895404488,117.3565977814132,1919.3411319165602,8.676066194060908,12.59125278910881,101.55111938455522,128.8556898554571,132.78283090925316,137.24042196877465,2,43.18264185455793,0.011836188845336437,5.390775341017537,20.528341847546727,0.9881638884544373,104.6011036653455,11.634027518978668,-34.84403534250049,-28.375342202219393,5.390775341017537,39.15689288425446,45.62558602453556,53.146839755641494,81.79882873299943,85.4648313047002,104.6011036653455,123.73737602599081,127.40337859769157,131.66589885065417,103.42683956953256,15.932880467597995,138.73649326428634,115.12101361474897,78.8124118236145,84.04474526659615,104.42644410504872,123.67014512005214,127.34414323256738,131.61397957274593,2,16.224343966234116
76,137,set,1.153,15.69870788645,105.001075211,105.00908013509999,104.667895049,104.89268346503333,0.025340579450130463,49.457123075826246,21.26027809315613,0.9746594429016113,106.94825249070652,7.348900521347962,7.787743711934326,14.487077544301442,49.457123075826246,84.42716860735104,91.12650243971817,98.91592581935707,92.54467214289689,94.86038681406175,106.94825249070652,119.03611816735128,121.35183283851616,124.04435159508198,105.49139634857073,12.071680597601302,64.09171548923791,81.63400570116175,84.19443250712163,92.64971708136663,106.71043637512871,118.94542936161243,121.27217296650548,123.97532367899245,2,-0.5987128835374023,0.038152407854795456,25.372877251849168,11.226106017211526,0.9618476629257202,105.96519775225238,7.2819992849172275,3.370113771486185,6.907576052897035,25.372877251849168,43.838178450801294,47.37564073221215,51.488705118746296,91.69274141836819,93.98737481699824,105.96519775225238,117.9430206875065,120.23765408613657,122.9056613074865,102.89041417082794,17.151152267696155,55.81256462222208,238.35020880096772,29.858603300803654,89.60187113755983,105.60303138425338,117.80521163804013,120.11614124762103,122.79916775590848,2,2.002269294205391,0.004150324501097202,12.912010550526247,31.465569572396557,0.995849609375,111.2578636358249,5.123937973322792,-48.759372564410405,-38.844245684724136,12.912010550526247,64.66826678577661,74.58339366546289,86.11187143075514,101.21512974909507,102.82973567613053,111.2578636358249,119.68599159551927,121.30059752255474,123.17792584678152,110.84968907537953,8.380375807047148,30.254934793286488,39.97495136644585,100.83219245889353,102.6265379052435,111.23114734598532,119.67593804125245,121.29172123743082,123.17088189318532,2,-5.957005610346201,0.06876181811094284,38.0834621981821,15.679983068546093,0.9312381148338318,110.64790265345904,7.325695483975347,7.351260105633905,12.292185177346372,38.0834621981821,63.87473921901781,68.81566429073028,74.56055747469068,96.28980334315963,98.59820586670017,110.64790265345904,122.69759944021791,125.00600196375845,127.69001876847568,105.6582323780309,20.101185675899412,66.88156088069525,337.175356114415,32.612357389168366,47.557455352938675,109.96898775651027,122.44274892019052,124.7815854336469,127.49347873971492,2,-0.7655489129975734,0.009188882075250149,6.527239929687617,22.17211818057053,0.9908111095428467,103.04344973821574,11.399510103951165,-36.929313165196376,-29.94264907682051,6.527239929687617,42.99712893619573,49.983793024571604,58.10729992204014,80.700820493071,84.2929241982617,103.04344973821574,121.79397527816977,125.38607898336048,129.56267583364962,102.15657280423486,14.767649799470407,133.27202542380394,84.81136770274323,78.5875801805549,83.24230599971796,102.91094706879149,121.7429858765361,125.34114456187002,129.52325387875732,2,2.7361106607984738
77,139,set,0.053,107.18231937600001,107.15526036419999,107.3183149221,107.2572968479,107.24362404473334,0.8805915117263794,106.87531976813747,4.7155472257115045,0.11940854042768478,100.228422752639,9.426740657574118,97.63301703834516,99.11893481086494,106.87531976813747,114.63170472540999,116.11762249792979,117.84532303161062,81.7523505721943,84.72281419169731,100.228422752639,115.7340313135807,118.70449493308371,122.15830084052091,106.08162907112595,5.902313340935537,30.19222604336518,4.645663637176777,92.35261663361891,96.16761352081318,106.47993998273292,114.70878397840019,116.33259506323293,118.31677342757662,2,1.161994973607392,0.8953014016151428,112.45519927734354,4.476577999486682,0.10469859093427658,94.03094928217271,9.491905586689798,103.68126762436528,105.0918837185567,112.45519927734354,119.81851483613038,121.2291309303218,122.86927698942738,75.42715618760617,78.41815395122505,94.03094928217271,109.64374461312036,112.63474237673925,116.11242366436491,110.52620542597177,7.693756945847263,27.37456947913371,31.819235446029037,87.28949777221183,93.49446848854703,111.83692769414914,119.59231261402317,121.03371836402653,122.70488486733382,2,-3.2825813812384297,0.9940357208251953,109.41505933196413,3.002480768323128,0.005964308045804501,70.81744529474386,51.80719520960285,103.53030516177665,104.47641795033579,109.41505933196413,114.35370071359247,115.29981350215161,116.39987408420114,-30.722791456113768,-14.397807647954366,70.81744529474386,156.03269823744205,172.35768204560145,191.33900373062227,109.18485443093525,5.813895554729035,24.969239605165434,8.832486096921427,103.293233345783,104.34990867545592,109.40279476433089,114.3824277490618,115.35649101287912,116.53031852677175,2,-1.9412303862019087,0.7584902048110962,115.9329668194842,4.223910441769909,0.2415097951889038,89.52243000138088,6.138181115641642,107.6542544796925,108.98525240942077,115.9329668194842,122.88068122954762,124.21167915927589,125.75925189583452,77.49181608413937,79.4260205304327,89.52243000138088,99.61883947232907,101.5530439186224,103.80197459023145,109.55456348171505,12.263971545089026,22.631971005151904,127.77302705360032,81.77742833942199,84.50896250777583,114.20003033680548,122.29793441248107,123.70059795604992,125.313245813464,2,-2.3109394369817124,0.9893580675125122,112.71085457317277,2.807462716517957,0.010641882196068764,117.40294829893075,17.92624631688866,107.20832876085859,108.09298934137718,112.71085457317277,117.32871980496836,118.21338038548694,119.24198949519324,82.26815113983518,87.91689702697096,117.40294829893075,146.88899957089052,152.5377454580263,159.10563330775713,112.76078161346638,3.383810878525519,11.217740932913518,0.2317956736293347,107.0687615625919,108.01770864288062,112.71865704060333,117.4658095262628,118.4686267945428,119.88202130364307,2,-5.51715756873304
78,141,set,1.378,107.26379707400001,108.83474771339999,109.205952598,109.283992048,109.10823078646666,0.38202184438705444,56.53689335822852,8.382661815926701,0.6179781556129456,83.11524759984995,6.6252752350961766,40.10717810443305,42.748641666793866,56.53689335822852,70.32514504966316,72.96660861202398,76.03788085251293,70.1299467513963,72.21763959985023,83.11524759984995,94.01285559984967,96.1005484483036,98.52794255795138,72.96173569169324,14.857315831802621,53.97000150350178,166.76983222243052,43.873778503234405,47.129626306568895,77.41641378963307,92.38418191987482,94.67939087100606,97.29270282572719,2,36.14649509477343,0.7855528593063354,88.67294978846627,11.227587023526018,0.21444717049598694,116.99724374768891,19.036276831551447,66.667283589066,70.20521255090621,88.67294978846627,107.14068702602633,110.67861598786652,114.79222299125455,79.68682675811382,85.68535475765923,116.99724374768891,148.30913273771858,154.307660737264,161.28224588442154,94.74701712697798,17.66029944170079,176.7371107631115,135.1493331427932,67.6421376467206,71.34725473597337,91.8401390710689,130.88434000348744,139.6945216832159,148.9483316373976,2,14.361213659488683,0.008962918072938919,66.4358239624322,40.10826392401163,0.991037130355835,61.852074250066266,5.075386821946565,-12.174928811057768,0.46360057629475193,66.4358239624322,132.4080473485696,145.04657673592214,159.74159847352558,51.904498871441795,53.50380582780575,61.852074250066266,70.20034267232678,71.79964962869073,73.65918959323656,61.89316101862518,6.33510213455373,39.94707471741771,0.18662985698325663,51.630283769155774,53.356798642728684,61.85730513082766,70.38963232765019,72.1514212662563,74.5176259670829,2,47.215069767841484,0.9925864338874817,30.97410044572475,5.176084830882971,0.0074135540053248405,109.26267589597494,21.66551242163673,20.82916059627003,22.460198538238394,30.97410044572475,39.4880023532111,41.119040295179474,43.0154743879044,66.79905184296177,73.62607920948358,109.26267589597494,144.8992725824663,151.7262999489881,159.66419465805498,31.554496652815704,8.670333638731211,30.073111939707122,45.101561412240706,20.845607381898567,22.4786306693761,31.022540868203397,39.86621922881969,41.8606571919852,45.4270946776151,2,77.55373413365096,0.46346139907836914,45.474891177021824,5.869887769006473,0.5365386605262756,111.5886086871667,9.187177140117118,33.970122556476966,35.819784990373435,45.474891177021824,55.129997363670206,56.97965979756668,59.130292109308364,93.58207237294745,96.4770470467994,111.5886086871667,126.700170327534,129.59514500138596,132.96117869551477,80.94745932284226,33.884729865338535,61.25496161727184,1086.9203469886018,36.03734566843199,38.208750637921135,97.89887135054869,123.72824149380817,127.01212584455739,130.72302098131215,2,28.1607714636244
79,142,set,0.647,109.283992048,110.20074277500001,110.281500146,110.301558947,110.26126728933333,0.6507599353790283,86.38491356518463,7.146761395205655,0.3492400050163269,101.19640431161093,8.974467771017823,72.37751862448032,74.62953716332385,86.38491356518463,98.14028996704542,100.39230850588895,103.01076674319846,83.60677070000054,86.43471844849317,101.19640431161093,115.9580901747287,118.78603792322133,122.07413833136629,91.55767351882375,10.546367602616618,61.36650790625804,49.85886204899493,73.6893031289666,76.11896887112292,90.29918960136595,110.7886148582607,114.3415232665041,118.26034337277156,2,18.703593770509585,0.8291217684745789,103.50660482992106,7.670182502439299,0.17087823152542114,112.52576655798899,14.228615116130381,88.47332337029073,90.89027732140406,103.50660482992106,116.12293233843806,118.53988628955139,121.35011758797597,84.63819338049123,89.12177737772538,112.52576655798899,135.9297557382526,140.41333973548674,145.62647508394429,105.04778323585506,9.741583201128936,83.3735368485082,11.524906416007457,87.97662966742739,90.69490288402184,104.36748501042497,121.96518635850045,127.74036875447865,134.83946092506304,2,5.213484053478268,0.69464111328125,97.66513297406655,9.380459535885297,0.3053589463233948,69.02725839684354,21.234039402567642,79.27977012529605,82.23565008399409,97.66513297406655,113.094615864139,116.05049582283705,119.48734507289944,27.409305921506544,34.100371670699666,69.02725839684354,103.9541451229874,110.64521087218051,118.42502081830622,88.92030758951975,19.30714904197117,198.80516440080663,173.96131101134358,39.45678399552646,48.23495559292427,93.6501412516429,112.04962994485996,115.36401573759686,119.32452112618958,2,21.34095969981358,0.9280543327331543,79.90387753390407,5.121140082765599,0.07194563746452332,106.46839341925008,11.01273560087863,69.86662741189902,71.4803516946405,79.90387753390407,88.32740337316763,89.94112765590911,91.81743087811115,84.8838282702659,88.35405532348726,106.46839341925008,124.5827315150129,128.05295856823426,132.08784747172797,81.81507618189062,8.954465651200383,33.06481499066716,47.11744061985397,70.02811327328384,71.66422012393934,80.39329431075046,100.86072780467528,110.78672962028914,118.41560280036542,2,28.446191107442715,0.8950045108795166,89.6905300795782,4.672213462895256,0.10499551147222519,115.19939847104976,14.920333638814336,80.53315996422032,82.00542281924344,89.6905300795782,97.37563733991296,98.84790019493606,100.55972393604956,85.9560819016522,90.65763356991994,115.19939847104976,139.74116337217959,144.4427150404473,149.90928491168552,92.368848768158,10.200909101648577,42.91128950508315,61.147447700167966,80.66692246743233,82.193097476751,90.31384762342208,116.08963059032926,125.82879661564317,134.73233651327794,2,17.89241852117533
80,143,set,1.493,110.301558947,111.2640621084,111.2660676546,111.28262236159999,111.27091737486666,0.38847076892852783,52.47940497672749,7.9209486538521325,0.6115292906761169,78.56564048864095,6.129240370397431,36.95463089178628,39.45060385454242,52.47940497672749,65.50820609891255,68.0041790616687,70.90628703800306,66.55255011007304,68.48393723493535,78.56564048864095,88.64734374234655,90.57873086720886,92.82438579380032,68.43190520375435,14.457007278134647,47.34689076185847,161.6584478023001,40.4458173827174,43.508822063139135,73.07858186210107,87.10579043975139,89.23400936239184,91.65583157214051,2,42.8390121711123,0.8181096911430359,88.74123238566791,11.360300559466717,0.1818903237581253,116.92528012687711,20.08417932670475,66.47545243556291,70.05520080717024,88.74123238566791,107.42726396416558,111.00701233577291,115.16924344064829,77.56101198749188,83.88974491700301,116.92528012687711,149.96081533675118,156.28954826626233,163.64806800541172,93.86763927647831,17.238180995649333,178.95218971328842,118.20282562159841,67.2186660742284,70.94979680138204,91.28916722394676,128.9909837373315,138.85666820583637,149.02770670135888,2,17.40327809838834,0.003940238617360592,62.899353472113596,50.06484403412692,0.996059775352478,58.91797767832255,3.9775746093783266,-35.22593772639018,-19.44998682017988,62.899353472113596,145.24869376440702,161.02464467061736,179.36759695509102,51.12207469812005,52.37544965561652,58.91797767832255,65.46050570102858,66.71388065852504,68.17119991468864,58.93366607205011,5.069229506366458,25.634924293746156,0.062212014192048526,51.01496438004959,52.31698448248694,58.91923446886124,65.52736519192706,66.83921297548143,68.45814614891277,2,52.33725130281655,0.9964494705200195,22.954129521391444,4.7332414737569115,0.003550465451553464,108.53343724410107,24.798300579098058,13.677146702696607,15.168640116045253,22.954129521391444,30.73961892673763,32.23111234008628,33.965295761187775,59.929661231270096,67.74386259433882,108.53343724410107,149.3230118938633,157.13721325693203,166.2229110761116,23.257974427111982,7.100569257289566,24.50740930424594,25.910639838206876,13.68385882659476,15.176771326788767,22.975256578147516,30.899517312650467,32.53026210975617,34.716775218828275,2,88.01294294775468,0.4493807256221771,39.21412780698224,5.5283451786638125,0.5506192445755005,111.75084986791234,8.325286823718512,28.378770362695516,30.120809188817383,39.21412780698224,48.3074464251471,50.04948525126896,52.07498186033073,95.43358753245819,98.05697164050764,111.75084986791234,125.44472809531703,128.06811220336647,131.11836317105013,79.15424174348254,36.794160638035066,51.89788402425572,1301.912186309984,30.41001719059801,32.47045612127911,100.68688499101671,122.87179997157864,125.8302275199761,129.17818916393216,2,32.11667563138411
81,144,set,0.829,111.28262236159999,117.05469322009999,117.0483359296,117.0263373623,117.04312217066666,0.5935344099998474,79.53734735813129,7.510792617052002,0.4064655900001526,97.93296977477979,8.469691452162039,64.81646433336002,67.18319288069296,79.53734735813129,91.89150183556961,94.25823038290255,97.01006379517185,81.33267956837544,84.00156707053118,97.93296977477979,111.8643724790284,114.53325998118413,117.63641847829884,87.01453487713435,12.011649947247086,62.64054931148006,81.63918514372202,66.56316906106159,69.18277529207829,85.64887185247748,107.76355190370904,110.99685206936799,114.59162160356449,2,30.02858729353231,0.8284224271774292,101.65385160237506,8.616750038710911,0.171577587723732,115.36906943193421,15.777390820709936,84.76533186271755,87.48055904866717,101.65385160237506,115.82714415608294,118.54237134203257,121.69940973607152,84.44595165332989,89.41757091665859,115.36906943193421,141.3205679472098,146.29218721053851,152.07276902560426,104.00707710743677,11.443614492317742,104.21915727896555,26.737316562716963,84.73214007166945,87.65889896303246,102.93225477684484,124.8382362548204,132.08365241547116,140.13202184447528,2,13.036045063229892,0.393890917301178,92.85758327847225,13.262832271898017,0.606109082698822,66.03057563147325,15.477934470054496,66.86290969255658,71.04216551239175,92.85758327847225,114.67300104455273,118.8522568643879,123.71154493796246,35.69438151509539,40.5716389806869,66.03057563147325,91.4895122822596,96.36676974785112,102.03763558042797,76.59749028199539,19.65474251048644,214.4898882501962,171.81901490332376,39.15175591873947,44.530675053876294,76.62375211010692,108.30394768340697,113.2881413252631,118.87603950250289,2,40.44563188867127,0.9606953263282776,68.4885211834103,5.187281277697208,0.03930464759469032,108.84855683216351,13.152616485353882,58.32163670144485,59.95620275977258,68.4885211834103,77.02083960704802,78.65540566537574,80.55594195583305,83.0699022184021,87.21442790232744,108.84855683216351,130.48268576199956,134.6272114459249,139.44611823094104,70.07485637551632,9.70350061490171,32.649644219783745,61.508151912727485,58.41066562129985,60.05722054708566,68.75401359171815,80.24074469042652,104.27225993208233,117.53769415481874,2,46.968265795150344,0.8385114073753357,81.21671212961114,4.915641338737055,0.1614885777235031,114.95165750623798,13.396000399926452,71.58223214477024,73.1312016447969,81.21671212961114,89.30222261442538,90.85119211445202,92.65220390752935,88.69597918549796,92.91719766177557,114.95165750623798,136.98611735070037,141.20733582697798,146.11541455725714,86.66451926783935,14.25987341607684,49.240977110161516,154.10290081364178,71.94864836930934,73.55058000347545,82.39656925121369,121.60853835635776,128.5623052566873,135.56576259919763,2,30.37860290282731
82,145,set,0.229,117.0263373623,117.0368424957,116.6546842863,116.71170376789999,116.80107684996665,0.8675390481948853,105.52985744404721,4.958227108698338,0.13246090710163116,104.85927028938436,9.602278982525098,95.8119108838283,97.37429960105564,105.52985744404721,113.68541528703878,115.24780400426611,117.06441853737925,86.03914931412925,89.06492687797805,104.85927028938436,120.65361370079066,123.67939126463946,127.19751158632866,105.44102614369761,5.795960715040058,33.54098780217519,0.051675803274541826,93.89368591228559,96.18120990202162,105.48088273506936,114.58618949004563,116.69191454014327,119.6804953193139,2,11.360050706269035,0.9237586259841919,117.57331221967388,5.039479908517872,0.07624130696058273,104.09501371863733,11.890757423611289,107.69611309816564,109.28410541419919,117.57331221967388,125.86251902514857,127.45051134118212,129.29689559112597,80.78955741945691,84.53645824321015,104.09501371863733,123.6535691940645,127.40047001781774,131.75705197179082,116.54570124244505,6.858218086768642,34.2398714769774,12.794373044251964,98.75760241985057,105.59328669032729,117.19276039034372,125.79867221908313,127.44889106931547,129.40338516496422,2,0.25537560752160005,0.979992687702179,114.0961646942489,4.126523204865041,0.020007330924272537,70.08346012834933,41.2420582726248,106.00832783134462,107.30863803402723,114.0961646942489,120.88369135447057,122.18400155715318,123.69589317906689,-10.7494887342975,2.246310995678428,70.08346012834933,137.92060926102022,150.91640899099613,166.0268347119385,113.21559007433338,9.418016351426393,50.71812200423952,37.981148741062235,104.37252360511326,106.58913168962629,114.02084281800889,120.93245812401891,122.30071342056985,123.98992272178629,2,3.585486775633271,0.9120903611183167,106.76364642128911,3.519746646586562,0.08790965378284454,98.72466078263835,7.896654028280686,99.86506975927382,100.97417838370092,106.76364642128911,112.5531144588773,113.6622230833044,114.95180154973814,83.24750328883506,85.7358207634399,98.72466078263835,111.71350080183679,114.20181827644163,117.09502509336517,106.05694356793236,4.686461434379682,16.781332671231574,5.18175571407826,94.1821403330745,98.35318189912157,106.47686190838147,112.52150402454436,113.68606499461852,115.07388831097349,2,10.744133282034284,0.988166868686676,113.67944572841132,2.972313894099698,0.011833081021904945,120.4209968924247,18.92699237263692,107.85381754522791,108.79042443926318,113.67944572841132,118.56846701755947,119.50507391159474,120.5940818369322,83.32477350639202,89.28886484101,120.4209968924247,151.5531289438394,157.51722027845736,164.4517653604958,113.75921333244777,3.674393583862499,12.96908523698281,0.5314321429163936,107.70909495182455,108.7133032423554,113.69183964653111,118.74454894206636,119.83652008353998,121.46749894820799,2,3.041863517518877
83,146,set,0.17,116.71170376789999,116.73821746569999,116.7557181988,116.6831326013,116.72568942193334,0.882926344871521,107.50541305797631,4.740736056062984,0.11707368493080139,104.55352389519973,9.62446542100771,98.2137411278824,99.70759616174149,107.50541305797631,115.30322995421113,116.79708498807022,118.5340143033872,85.68991829957349,88.72268703998617,104.55352389519973,120.3843607504133,123.41712949082597,126.94337856614061,107.15982772009374,5.620350286097222,30.687971930666908,0.9007076346506887,95.44963436393765,98.0802687447143,107.3267178035364,115.77834464682122,117.59243868531632,120.01656589739741,2,9.565861701839594,0.927804172039032,118.40688561718605,4.760862502033399,0.07219585031270981,102.00272823498135,11.396137786142706,109.07576657785333,110.57596366329915,118.40688561718605,126.23780757107295,127.73800465651877,129.4823079773922,79.66670861128561,83.25774966420579,102.00272823498135,120.7477068057569,124.33874785867708,128.5141091460509,117.2225761729144,6.959194690225375,30.405651043626282,18.025046831080875,97.49466339617813,105.95016464928186,118.01641608631112,126.12220100131772,127.65818854735713,129.45471168584467,2,-0.49688675098106216,0.9867586493492126,114.99274012643065,3.6899399324772806,0.013241318054497242,70.26973477216328,44.816704729142415,107.76059075365902,108.92332904526232,114.99274012643065,121.06215120759897,122.22488949920228,123.57682404368757,-17.569392402721803,-3.447184549579859,70.26973477216328,143.98665409390637,158.10886194704833,174.52898054031982,114.4005448398451,8.134209591181925,40.03104456336646,26.133894506463747,106.95452274897902,108.52801717163142,114.95044875149367,121.1012544994079,122.3113705765618,123.78878108343645,2,2.3251445820882424,0.9007470011711121,110.3048458416207,3.438056839186983,0.09925302118062973,96.79821153463388,7.4480237399288525,103.5663782600126,104.64974558001867,110.3048458416207,115.95994610322273,117.04331342322881,118.30296206029492,82.200353248374,84.54730267239123,96.79821153463388,109.04912039687652,111.39606982089374,114.12490572782308,108.96427404617576,5.697556603301799,16.152909639751446,16.30950699506842,91.8185897687977,96.86065861378883,109.86651915405515,115.8020907598912,116.90902604263927,118.19391075287099,2,7.761415375757579,0.9907174706459045,115.76403571047891,2.813588637975347,0.009282472543418407,120.67216618495831,19.257463887192404,110.24950331273612,111.1360942345557,115.76403571047891,120.39197718640212,121.27856810822169,122.30942165685832,82.92823053248048,88.99645686422288,120.67216618495831,152.34787550569374,158.41610183743614,165.47172635834664,115.80958872021452,3.392270732865816,11.285202069884555,0.2215367182769917,110.12328761069135,111.06837571652008,115.77067499997426,120.5123917068942,121.50227097558752,122.86080627530438,2,0.9161007017188183
84,148,set,1.378,116.7652204048,116.9853210328,117.018175614,117.00132164690001,117.0016060979,0.4777172803878784,57.92501634925728,7.394661923142779,0.5222827196121216,81.09626736981485,6.398342604386425,43.43174530204773,45.761879864895924,57.92501634925728,70.08815283361862,72.41828739646682,75.12757239341124,68.55574630446925,70.5719303305117,81.09626736981485,91.62060440911799,93.63678843516045,95.98103808491415,70.02696034908924,13.470850967588975,47.503692109224865,133.96013368176816,45.926045217022505,48.64163194662426,71.70880101794228,89.45448187508867,91.75539907865011,94.35180609198471,2,46.97464574881076,0.8594660758972168,95.49817455285809,10.757140873909226,0.1405339390039444,117.50563661362665,20.11918291746053,74.41456586337227,77.80425237078056,95.49817455285809,113.1920967349356,116.58178324234389,120.52302635563464,78.0727626970305,84.41252562054157,117.50563661362665,150.5987476067117,156.93851053022277,164.30985502109976,98.59097130677145,14.657374760685089,156.3395866272488,58.49919308988285,74.6614344370556,78.2108111022344,97.02717473759999,125.76078484123572,136.1218216904443,147.02578510215432,2,18.410634791128544,0.011960218660533428,72.91727257836546,38.749671834178116,0.9880397915840149,55.71312495194971,5.197737221354201,-3.0306886293698057,9.179734318738248,72.91727257836546,136.65481083799264,148.8652337861007,163.06248926958597,45.52574719699218,47.163608031464584,55.71312495194971,64.26264187243484,65.90050270690723,67.80486988667,55.91889089018554,6.938999032547471,44.652061235091885,3.497678372509998,45.285940431666994,47.03692685016301,55.7401301058137,64.60821417819227,66.55996063474895,69.65240076151089,2,61.08271520771446,0.9962064027786255,31.696305294521878,4.647379579087926,0.003793628653511405,109.09873097181739,22.88531194609267,22.587608697022624,24.052046138038893,31.696305294521878,39.34056445100486,40.805001892021124,42.507726898193894,64.24434378251149,71.45574261337099,109.09873097181739,146.74171933026378,153.95311816112329,162.33792776437153,31.98994235070516,6.7930079435398305,23.503067917601065,22.641921169673065,22.59500812923877,24.060243040524256,31.71847067406012,39.508554634891844,41.12037339343705,43.30775536519011,2,85.01166374719483,0.6167864799499512,50.15106375926,4.866766176524655,0.38321346044540405,113.67097390337223,8.822932950344281,40.61237733209397,42.14594576227867,50.15106375926,58.156181756241324,59.689750186426025,61.472854907472,96.37834308268572,99.15854063964878,113.67097390337223,128.18340716709568,130.96360472405874,134.19618521521053,74.49274534353003,31.592785117094376,44.43976702606041,953.6639736725857,41.66072587820978,43.34754911822831,54.43533649429441,123.58926895505537,127.01331639806294,130.80126349110242,2,42.50886075436996
85,153,set,0.17,16.9965903140171,17.801376865295,17.2566603806405,17.255659856432903,17.437899034122804,0.2066250741481781,58.88406302448753,12.428947563471898,0.7933749556541443,70.11992323324354,6.420745267185841,34.52377343434575,38.440263545521105,58.88406302448753,79.32786250345394,83.2443526146293,87.79811876533546,57.535493755653285,59.558737092781406,70.11992323324354,80.68110937370567,82.70435271083379,85.05681033531911,67.79831487422733,9.236996866134907,64.62683254843441,20.695415546250292,44.33464102978722,50.04866282317154,68.89790284451556,80.53418371563626,82.77119536171408,85.47617754929495,2,-50.36041584010452,0.05423084273934364,35.83108214627502,7.446869023923754,0.9457691311836243,62.04135714725164,3.380368256591621,21.235487061797514,23.582072622841462,35.83108214627502,48.08009166970858,50.426677230752524,53.15509006834064,55.41595710984961,56.481146159965284,62.04135714725164,67.60156813453798,68.66675718465366,69.9052696544487,60.61995022766427,7.003552235783185,13.814617330242596,35.235030761788,35.10177783615872,46.3932077849743,61.798334094270984,67.50972986338795,68.58583045458049,69.83435460870182,2,-43.18205119354147,0.9782825112342834,33.19326792154837,4.6487892704545555,0.02171752229332924,68.37709271711348,31.246219120892306,24.081808379741204,25.546690029108102,33.19326792154837,40.83984581398863,42.30472746335553,44.00796895773419,7.135628587117765,16.98163586759331,68.37709271711348,119.77254956663364,129.61855684710918,141.06666814081558,33.957374533801676,8.285260657294952,42.345285999809036,26.30029682031105,23.98656899422995,25.510771406079837,33.28880449936397,41.72253361170146,44.33873073931493,71.47912105141991,2,-16.519475499678872,0.0011272019473835826,93.36584588879745,50.911984856240444,0.9988728165626526,65.77708681211946,2.546200567847277,-6.419810810882481,9.623082942711903,93.36584588879745,177.10860883488297,193.15150258847737,211.8048336223119,60.78662540172336,61.58895957314997,65.77708681211946,69.96521405108895,70.76754822251556,71.70043509001256,65.80818613261285,3.2022620059200646,9.397571138057227,0.8569909782377819,60.77152137573413,61.58033263492939,65.77855224770883,69.98334774024728,70.80058871513559,71.7741369384118,2,-48.37028709849004,0.18836067616939545,35.106063776247204,8.084855803882046,0.8116393089294434,91.36311634898188,6.1109088467677095,19.260037580438762,21.807659383852155,35.106063776247204,48.404468168642246,50.952089972055646,53.914250887534955,79.38595509650997,81.31156576840617,91.36311634898188,101.41466692955758,103.34027760145378,105.5792161531173,80.76649852566781,22.944882101712896,42.621390181550005,483.8461272762929,26.102689072290982,30.039767161489564,89.55984344951632,100.78282034727721,102.78530896561621,105.09425444765618,2,-63.328599491545006
86,156,set,1.226,17.4657753765054,113.0695766855,113.09458914769999,113.1141490303,113.09277162116666,0.02475319243967533,48.295489195146565,21.047020999206136,0.9752468466758728,106.89482163844579,7.315454787718065,7.044086054844307,13.676220368078539,48.295489195146565,82.91475802221458,89.54689233544882,97.2581817515427,92.55679372398727,94.86196929806822,106.89482163844579,118.92767397882336,121.2328495529043,123.9131143314956,105.44430526688983,12.085171931697765,63.15628922708172,82.89552629789276,84.86092049748018,92.7193969573785,106.66336009256577,118.83942829272796,121.15531286071395,123.84550146341799,2,7.6484663542768345,0.043051689863204956,25.596784044679794,11.422376476731195,0.9569483399391174,107.60578803299364,7.809704499247056,3.2093375324291316,6.808646668523302,25.596784044679794,44.38492142083628,47.98423055693045,52.16920527781752,92.299048484569,94.75996726198788,107.60578803299364,120.45160880399939,122.91252758141829,125.77387749170423,104.0751650342008,18.4678146486609,63.982683154048495,277.0778175512685,27.923270136267615,88.51812108944732,107.16520312115574,120.28432891754977,122.76509337632388,125.6446807671124,2,9.017606586965869,0.002255280502140522,11.387545753469709,36.38186446866949,0.9977447986602783,112.43804200806079,4.472888834900738,-59.919598295539984,-48.45529597307822,11.387545753469709,71.23038748001761,82.69468980247937,96.02441881380098,103.67134098480402,105.08079458502357,112.43804200806079,119.79528943109801,121.20474303131756,122.84353743995314,112.21015369499356,6.776650177103198,22.946794939034813,22.977189427201576,103.49600944684066,104.98634370468717,112.42544036726717,119.7908333312348,121.20067233231143,122.84145090502699,2,0.8826179261730971,0.10908982902765274,33.539159095515416,14.028619346092292,0.8909101486206055,112.18224603617003,8.074904926362647,6.043570424352673,10.464133682973909,33.539159095515416,56.61418450805691,61.03474776667815,66.17460788702543,96.35572320191417,98.9002093807541,112.18224603617003,125.46428269158594,128.00876887042588,130.96728394469568,103.6030826201386,26.08927045325474,79.56009919861229,601.0896936698325,23.135708323812214,32.07145310897816,110.9381145213435,125.00671355272624,127.60608158718573,130.61472293755068,2,9.489689001028069,0.008429485373198986,4.39668013684517,22.701646322197746,0.9915704727172852,103.69274791556634,11.557687309585786,-40.0977290444286,-32.944205153991355,4.39668013684517,41.73756542768168,48.89108931811893,57.20860679571697,81.04009704420257,84.68204402522315,103.69274791556634,122.70345180590952,126.34539878693012,130.57994921705003,102.85572881889658,14.805759056034905,136.79837813183556,82.4116797201439,79.11093631587036,83.71216015101993,103.56960415613361,122.65603826916904,126.30358991685364,130.54343905595445,2,10.237042802270082
87,157,set,0.829,113.1141490303,115.466961092,115.6305303914,115.6470853407,115.58152560803335,0.6122010946273804,80.02987899813098,7.331245675625345,0.387798935174942,97.848918433125,8.442806042457327,65.66090151209029,67.97105295850633,80.02987899813098,92.08870503775563,94.39885648417167,97.08490678969311,81.30132266145148,83.96173829254124,97.848918433125,111.73609857370873,114.3965142047985,117.48982232093476,86.94008590193822,11.658851331715082,60.546757882683075,75.38228175554624,67.25796718561325,69.79703352111174,85.48150690370427,107.40750988357959,110.66937701111883,114.28470482437243,2,28.641439706095127,0.8431568741798401,103.03928155861472,8.519834652762441,0.1568431258201599,115.62840835648586,15.975551289167447,86.34071248496402,89.02540062899158,103.03928155861472,117.05316248823786,119.73785063226542,122.85938079024811,84.31690319654523,89.35096487594951,115.62840835648586,141.9058518370222,146.9399135164265,152.79309813467097,105.01379955693916,11.053989400373972,101.23194554370042,20.95873611987804,86.13434409925013,89.05423914547875,104.0941314782647,124.56882225714965,131.69217266015633,139.97972356170354,2,10.567726051094184,0.4045369029045105,94.13216831355925,13.1784657116609,0.5954630970954895,65.19708364371893,15.535754936457547,68.30285014720786,72.4555211900782,94.13216831355925,115.8088154370403,119.96148647991063,124.7898640050017,34.747563495621776,39.64304078905748,65.19708364371893,90.75112649838036,95.64660379181608,101.33865411176643,76.90239318133591,20.387676445152014,213.97749964599683,201.67985118620976,38.34816041518997,43.770796546696225,76.9156083386774,109.5869197140991,114.54444807284851,120.09407400313607,2,38.679132426697436,0.965779721736908,68.6724609953696,5.018538062413005,0.034220341593027115,109.02948708819525,13.29434631479406,58.836307137996684,60.417700461415556,68.6724609953696,76.92722152932365,78.50861485274253,80.34732634765714,82.9730471131961,87.1622333343573,109.02948708819525,130.8967408420332,135.0859270631944,139.9567613743791,70.0534965629673,9.175985386061408,30.371952779213252,53.82706581717244,58.91090319109636,60.50240906116487,68.89483525803386,79.33720003734796,100.85994099039597,116.30010214851531,2,45.52802904506605,0.8553649187088013,82.25027217926852,4.7498096620319785,0.1446351557970047,115.51090216330829,13.40848149271929,72.94081630826548,74.43753052934608,82.25027217926852,90.06301382919096,91.55972805027156,93.29998178863526,89.2307613502066,93.45591274809726,115.51090216330829,137.5658915785193,141.79104297640995,146.70369457801178,87.06093470703945,13.49680273072272,45.3011994588635,136.8630492178598,73.25246599798204,74.79479793518482,83.2479484383446,120.83355637910142,128.15465319930735,135.38532929629613,2,28.520590900993895
88,159,set,0.893,11.8801304343281,120.2176950108,120.2652040172,120.2537064597,120.24553516256667,0.03259030357003212,52.68142491898433,20.770985910240114,0.9674097299575806,103.13564987099056,7.2809201171673985,11.971040611524785,18.516193409167933,52.68142491898433,86.84665642880071,93.39180922644385,101.00196383300367,88.86530866702931,91.15960200872382,103.13564987099056,115.1116977332573,117.40599107495181,120.07360290662413,101.49133482130611,12.066622416191786,65.34468927549366,80.2590326103197,67.82904107509152,88.10346061610088,102.83298733173416,114.99764201931868,117.306462147937,119.98836383677408,2,18.754200341260557,0.029316505417227745,25.78368782310227,10.468063941738418,0.9706835150718689,97.83062794001322,5.758487958944421,5.266659509432571,8.565254881373903,25.78368782310227,43.00212076483063,46.30071613677197,50.13604611928902,86.54419893507458,88.3587581349871,97.83062794001322,107.30249774503933,109.11705694495184,111.22687416099335,95.7184654342423,13.531966608184334,35.40055684774098,147.7137511588834,36.75794168320879,86.15547556629662,97.61260240439125,107.2192068412775,109.04361632867085,111.16250183455398,2,24.527069728324363,0.040699683129787445,18.471372195646232,18.68944781717417,0.9593002796173096,103.71252332266099,8.311574815387244,-18.15927241695588,-12.270033832152986,18.471372195646232,49.21277822344544,55.10201680824834,61.94952939212659,87.42213602969184,90.04119934189276,103.71252332266099,117.3838473034292,120.00291061563013,123.0481377243685,100.2432316185806,19.0834317148868,80.48686112767632,283.6901305456202,23.899308766462536,84.28336261241658,103.27035921109874,117.2158246591803,119.85484560437575,122.91835216518119,2,20.002303543986073,0.014958041720092297,53.57697328566125,23.080708390452248,0.9850419163703918,102.53716440808878,5.310471500166646,8.339616102703395,15.612586377016584,53.57697328566125,91.54136019430591,98.81433046861909,107.27073018114643,92.12883152683577,93.80221610021725,102.53716440808878,111.27211271596032,112.9454972893418,114.89116849265594,101.80481152937291,8.43016808588357,35.74770754881524,35.319592048010385,90.38036987194293,92.99872160676401,102.4395509014164,111.2381988882597,112.91851362773295,114.87325039937988,2,18.440723633193755,0.015078009106218815,13.801442764916729,18.89216071928968,0.9849219918251038,100.20676384938716,10.239787073107333,-23.226511835033378,-17.27339631515705,13.801442764916729,44.876281844990494,50.82939736486683,57.75118069027416,80.13714997673796,83.36381294297576,100.20676384938716,117.04971475579856,120.27637772203634,124.02807073754128,98.90394372457457,14.816445576067107,108.65380987445229,110.87325874429553,76.41642047750095,81.71364128832577,100.01028287317236,116.97423406363005,120.20988020155987,123.96981427538725,2,21.341591437992093
89,160,set,0.053,120.2537064597,120.9437872627,121.06316216249999,121.0841682692,121.0303725648,0.921708881855011,113.14125037832622,4.126955979137679,0.07829113304615021,104.76398570370478,9.685966259742857,105.05256529343413,106.35301186777254,113.14125037832622,119.92948888887989,121.22993546321831,122.74198564665329,85.77984067913863,88.83198897083714,104.76398570370478,120.6959824365724,123.74813072827091,127.29691272008888,112.48538652105863,5.301646327726684,23.04344268609596,5.064199642031868,99.9853705741444,104.08879953251525,112.87841672975853,119.95807877023547,121.34384998322156,123.02250777039697,2,8.544986043741375,0.9491204023361206,123.52216940761221,4.129032579240474,0.05087964981794357,98.96763960225593,10.867884195684116,115.42941426130835,116.73051519384772,123.52216940761221,130.31382362137668,131.61492455391607,133.12773557017366,77.666977990563,81.09156086569632,98.96763960225593,116.84371833881553,120.26830121394885,124.25011889620772,122.27284997185457,7.162815413002779,22.1909099392482,29.115794438650934,98.7321315881023,112.7545620794098,123.25161747365871,130.21297238412276,131.52734775344882,133.05344175902954,2,-1.2424774070545652,0.9944092631340027,119.72419709829586,2.9369680567219874,0.005590704269707203,69.83277278158208,52.953668639539906,113.96784548337618,114.89331453795609,119.72419709829586,124.55507965863563,125.48054871321554,126.55660649317691,-33.95451060118428,-17.2682611405516,69.83277278158208,156.93380670371573,173.6200561643484,193.0214272438389,119.44526499678199,6.171968064212499,24.25440054382537,13.838324184982648,113.7287604866784,114.76595891625034,119.7106534774313,124.57200671456613,125.51860577488603,126.64206906110601,2,1.5851075680180173,0.9098782539367676,117.85076709481652,2.9375408557780975,0.09012170881032944,93.92832609528307,6.839733937071781,112.09329281437648,113.01894236387179,117.85076709481652,122.68259182576125,123.60824137525655,124.684509019564,80.52269391478603,82.67796492150747,93.92832609528307,105.17868726905866,107.3339582757801,109.83992659879499,115.69483144274108,7.680829384102553,12.067542756064515,46.92709863056709,89.8889438462652,94.87092098709422,117.48537432427176,122.54686640256107,123.48874132246452,124.57989270340619,2,5.3355411220589275,0.9958404898643494,122.70629514273091,2.3554794858800285,0.004159507341682911,122.97072445662032,20.591041689195233,118.08964018408312,118.83187616717136,122.70629514273091,126.58071411829046,127.3229501013787,128.18595983705472,82.61302434163485,89.10147485143855,122.97072445662032,156.83997406180208,163.32842457160578,170.87265051456598,122.70739469556597,2.699839039423507,7.288799134845665,0.0002896348876474175,118.02385053970333,118.79562638498747,122.70642295000576,126.61772722662644,127.391147817045,128.34073179737283,2,-1.6770221307659625
90,163,set,0.229,12.1171994922409,11.676612026349899,12.165706163888801,12.1341979192035,11.992172036480733,0.15689370036125183,56.3494060346619,13.658934379383982,0.8431063294410706,72.03905081326756,6.330244970154582,29.57838658387333,33.88245828043999,56.3494060346619,78.81635378888379,83.12042548545045,88.12483898980517,59.63199865844875,61.626724414617485,72.03905081326756,82.45137721191765,84.44610296808638,86.7654027417444,69.57744653352955,9.778453090869803,63.05606472406919,32.56222439994336,42.728696783977234,49.86363111125221,70.9772752595822,82.21989987742089,84.35046977768792,86.88686970139999,2,-57.58527449704882,0.041266024112701416,31.365304942179506,7.791977361659484,0.9587339758872986,63.549091587795516,3.316895347882735,16.09330994497548,18.548642717730136,31.365304942179506,44.18196716662887,46.637299939383524,49.49215491205041,57.0480961654569,58.093284244612136,63.549091587795516,69.0048989309789,70.05008701013413,71.26534402875848,62.22099467203949,7.350687299493904,13.053257411189026,40.97934636375199,33.457099204280766,55.72256116277636,63.37007912841472,68.93689850976334,69.99013227960842,71.21283040815499,2,-50.22882263555876,0.9619008898735046,28.685511938645973,5.227780027106694,0.03809911012649536,70.91989133400045,27.51017032977378,18.439251366419022,20.08657900015506,28.685511938645973,37.284444877136885,38.93177251087292,40.8471468906588,17.000948279081456,25.669687889019258,70.91989133400045,116.17009477898162,124.83883438891945,134.9181175951711,30.29460421035377,10.976887096064077,55.122214773167975,65.36983554657016,18.427658282513818,20.121547478292296,28.912209923264736,39.71334834686461,59.8588920176749,88.40919777052892,2,-18.302432173873036,0.000902426487300545,89.40760707382148,54.02905897660588,0.9990975856781006,68.11559903909153,2.541765038601524,-16.487402638916578,0.537713455376263,89.40760707382148,178.27750069226664,195.30261678655953,215.09799356047577,63.13383110626948,63.934767596489365,68.11559903909153,72.2964304816937,73.09736697191359,74.02862873295352,68.13481433976347,3.0818398674046508,9.089047947741086,0.40874549666817084,63.12221475387672,63.92646375040997,68.11646558090553,72.31287651960098,73.12486000520916,74.08350133705203,2,-56.142642303282734,0.12685300409793854,29.886268092549706,9.037637184149508,0.8731470108032227,91.44534932228572,6.055922091215297,12.172824706276678,15.020677791129891,29.886268092549706,44.75185839396951,47.59971147882273,50.91095614224837,79.57596013032325,81.4842439060147,91.44534932228572,101.40645473855675,103.31473851424819,105.53353080454139,83.63639630142659,21.496868581586686,42.38317349001631,419.73228955831416,22.185267138561652,27.45964967207895,90.33649026528796,101.00264229292154,102.95948267827178,105.22266453475471,2,-71.64422426494585
91,164,set,1.076,12.1341979192035,126.78494180310001,126.73792548769998,126.73541978690001,126.75276235923333,0.02500217966735363,50.099584136075016,21.606161451786427,0.9749978184700012,106.66283639252592,7.283667208035703,7.752285846415965,14.560611107605013,50.099584136075016,85.638557164545,92.44688242573406,100.36303189562153,92.38711098940053,94.68226996788088,106.66283639252592,118.64340281717095,120.93856179565131,123.60718011716077,105.24863159836526,11.890716007639877,63.397069906240745,77.99203663506798,84.85791553329479,92.54233467454337,106.4308405869257,118.55531659974537,120.86136075347176,123.54047137722735,2,21.504130760868065,0.03180026635527611,23.71094068132612,10.924301157862132,0.9681996703147888,103.42163648875403,6.58377514566535,2.2997038556471274,5.742064299906421,23.71094068132612,41.67981706274581,45.12217750700511,49.12466545530059,90.51767432093999,92.59229006137342,103.42163648875403,114.25098291613465,116.32559865656806,118.73778780203554,100.8868085810279,15.536744485479815,45.76273015273147,195.62705447289238,32.37564517705228,89.73225385340074,103.15053857151563,114.14758660602911,116.23445205681135,118.65793411532971,2,25.865953778205423,0.0077033378183841705,13.015120893406753,27.01731435329888,0.9922966361045837,110.24468337930432,5.814510897894527,-39.937842198056124,-31.424406611104992,13.015120893406753,57.45464839791848,65.96808398486962,75.86679270149669,98.84845143171539,100.68066403995364,110.24468337930432,119.808702718655,121.64091532689325,123.77125844520856,109.49568833868761,10.556255940218923,39.17103552643225,72.26319130346423,97.97671351924919,100.23790306730983,110.188127629167,119.78696658826928,121.62211644955013,123.7549717050997,2,17.257074020545716,0.03698359429836273,42.52660748960014,18.03455255615307,0.9630164504051208,108.63600051340894,6.4414552583004,7.17953400224534,12.862408307164806,42.52660748960014,72.19080667203546,77.87368097695493,84.48125048788464,96.010980199114,98.0407494689479,108.63600051340894,119.23125155787,121.26102082770387,123.62106625928527,106.19104239891305,14.40983046841964,51.98654391881673,155.65717431028585,50.75892486153292,94.4078090663224,108.32591733875178,119.11328688427828,121.15706703149272,123.52983742642088,2,20.561719960320275,0.009438295848667622,7.24762641013379,21.78864435471956,0.9905616641044617,102.31319509256414,11.024560205384304,-35.45733179706852,-28.591504283082408,7.24762641013379,43.086757103349974,49.95258461733609,57.935592882967605,80.7054541446174,84.17940725319289,102.31319509256414,120.44698293193538,123.92093604051088,127.96015728859517,101.41593403299424,14.469559522346573,124.8745675992704,84.49317328171978,78.59276006975774,83.13297708506042,102.18153950003324,120.39627719197536,123.87625188634887,127.92106034171947,2,25.336828326239086
92,165,set,0.385,126.73541978690001,127.7435481843,127.7255351955,127.66751701740002,127.71220013240001,0.8687523007392883,103.39348304066132,4.959170484972103,0.13124771416187286,106.14998878463959,9.458177198380707,93.67368749692197,95.23637348178427,103.39348304066132,111.55059259953838,113.11327858440067,114.93023875538226,87.61230211641545,90.59267171553336,106.14998878463959,121.70730585374581,124.68767545286373,128.1529992023941,103.7552696593155,5.828619406960043,33.106590399693815,0.8663742048234316,92.84684017379385,94.73307032912675,103.59359910961898,113.25537289648759,115.8884252320131,119.88232594155737,2,23.956930473084512,0.9471083879470825,122.49138901272627,5.478279480152867,0.052891574800014496,111.25547214277881,14.18185204867519,111.75415853438184,113.480421140343,122.49138901272627,131.50235688510955,133.2286194910707,135.23577283478147,83.45955289329986,87.92840136362625,111.25547214277881,134.58254292193138,139.05139139225776,144.24739350617608,121.89709911199287,6.736966696630888,39.06200115983689,6.324165574414197,107.85257517844968,111.67856561680658,122.27550684382196,131.5802101455439,133.41322724584555,135.64567182657512,2,5.815101020407141,0.9492576718330383,117.71086735673241,5.427837017282673,0.050742294639348984,66.59376442849104,33.25840521817772,107.07250228890506,108.78286995235354,117.71086735673241,126.63886476111128,128.34923242455977,130.33790446252814,1.4084880176236965,11.888555978749629,66.59376442849104,121.29897287823243,131.77904083935837,143.9643847017876,115.11706431227329,14.489781352805153,84.09361786976531,125.85970147647404,65.98395736277888,104.12042003762748,117.39308194990491,126.59909540312304,128.38221499498323,130.5348588833314,2,12.595135820126728,0.9692621231079102,98.38951309159296,3.043419781702972,0.030737871304154396,105.13067869899322,9.730450505256798,92.42451992961838,93.38353302532296,98.38951309159296,103.39549315786294,104.35450625356754,105.4695662305715,86.05934615534032,89.12551189354978,105.13067869899322,121.13584550443665,124.20201124264611,127.767091545357,98.59672162267897,3.638950354041001,11.888010230970579,1.3538951261321746,92.30649934695458,93.32408454417198,98.45091769292898,103.93654267009599,105.43265573002002,109.63137773970561,2,29.115478509721044,0.9886761903762817,113.40774815134263,2.898937325530956,0.011323780752718449,123.28155081969369,18.718322881360308,107.72593539986309,108.63942057713804,113.40774815134263,118.17607572554722,119.08956090282217,120.15168483556921,86.59431212123548,92.49264953783944,123.28155081969369,154.07045210154791,159.9687895181519,166.82688146035628,113.51955365375957,3.656241158794859,12.276250765691106,1.0914765939791138,107.62170237031849,108.58470952275161,113.42445781976551,118.36441341298347,119.44606964543061,121.12998334153535,2,14.192646478640441
93,170,set,0.17,15.767232757624399,15.6736839316997,15.8367522241927,15.824257066955,15.778231074282466,0.20101287961006165,58.26378905399944,12.553642563905113,0.798987090587616,69.65349742310755,6.366306887762189,33.65910175395635,37.614884551307725,58.26378905399944,78.91269355669114,82.86847635404253,87.4679287440087,57.17576520856438,59.18185444848577,69.65349742310755,80.12514039772933,82.13122963765072,84.46374191694468,67.36401727007832,9.213911356239578,64.06124964582159,20.834777594537847,43.77835967546039,49.616477805763296,68.47448847853981,79.99835422429986,82.21955472468706,84.91280048447665,2,-51.585786195795855,0.05153077840805054,34.807658588384896,7.462084182023642,0.9484692215919495,61.46640203511478,3.317986238637692,20.182242342012525,22.53362235696609,34.807658588384896,47.081694819803694,49.433074834757264,52.16706226114938,54.963268506185386,56.0088003363165,61.46640203511478,66.92400373391307,67.96953556404418,69.18519226746635,60.092656233924274,6.931541018944738,13.311101548642094,34.73515934867159,34.529772899777534,48.747990465186916,61.24038411167443,66.83847533646171,67.89419093373888,69.11918449812892,2,-44.31442515964181,0.9782502055168152,32.11357393904433,4.662103022250505,0.02174978516995907,68.19710551171647,31.021645419325512,22.976019923217997,24.445096873674164,32.11357393904433,39.78205100441449,41.251127954870654,42.95924739341617,7.39579774866651,17.171039529736362,68.19710551171647,119.22317149369655,128.99841327476642,140.36424438221314,32.89838269984242,8.360381448216184,42.19321065547911,27.7027572244606,22.890376638474756,24.415191541962407,32.21153581157391,40.68216840776953,43.33991314066265,71.33037548029195,2,-17.120151625559956,0.0010097865015268326,93.12079861005284,52.58034042334907,0.9989902377128601,65.42164073769511,2.5014769776453094,-9.934774914566901,6.633834958363977,93.12079861005284,179.60776226174167,196.17637213467256,215.44096177025463,60.5188359533542,61.30707725827962,65.42164073769511,69.53620421711061,70.32444552203603,71.24094638660239,65.4496125575632,3.133158689666065,9.04281745967286,0.7739696409581233,60.5051889192662,61.2983045187548,65.42289640065567,69.55392675773507,70.35614543789029,71.30884182038487,2,-49.67138148328073,0.17941442131996155,34.04357395504642,8.15788296177017,0.8205856084823608,91.18173280341853,6.009228059234749,18.054417159883936,20.62505057713313,34.04357395504642,47.4620973329597,50.0327307502089,53.021647639834455,79.4038622324309,81.29743223500769,91.18173280341853,101.06603337182936,102.95960337440616,105.16128772364586,80.9303258157772,22.85229360028995,41.572239651892104,480.6552783387565,25.2062790509465,29.25688895986966,89.51386817886154,100.47803895868778,102.44300459164059,104.70974940085911,2,-65.15209474149472
94,171,set,0.893,15.824257066955,127.3837642259,127.3561362797,127.3643925839,127.3680976965,0.03648911416530609,53.74891525315022,20.231745910142497,0.9635108709335327,103.11166720761112,7.439198270901732,14.09542192490538,20.470654613291707,53.74891525315022,87.02717589300872,93.40240858139505,100.8149943393447,88.53110652279108,90.87527495010728,103.11166720761112,115.34805946511496,117.69222789243116,120.41783028969166,101.31046257954753,12.406704508572616,68.25815501653813,85.66800880381273,63.50275895522441,87.1392397158192,102.76387993703227,115.21670311142117,117.57738103771865,120.31918375510612,2,26.05763511695247,0.03411034122109413,28.882638177539974,10.59730811943932,0.9658896923065186,98.987076344758,6.10067140690074,8.112295930365011,11.451617481357914,28.882638177539974,46.31365887372203,49.65298042471493,53.535663391753374,87.02998010571923,88.95236485427817,98.987076344758,109.02178783523782,110.94417258379674,113.17936030242328,96.59579335656144,14.202132918351339,39.779359229521305,161.9215330386783,35.470514924268606,85.97256651322066,98.7169656796238,108.91885968202924,110.85343847837409,113.09985226773473,2,30.772304339938557,0.043428316712379456,21.54844221229078,18.632494853150583,0.9565717577934265,102.72841090863308,8.58182004237621,-14.97057664201229,-9.099284526068605,21.54844221229078,52.196168950650154,58.06746106659384,64.89410700199454,85.9083527037717,88.61257308608573,102.72841090863308,116.84424873118043,119.54846911349445,122.69270971961606,99.20290917125033,18.955132391401566,85.52625072504259,273.7715264783361,25.103639514613974,81.59570634131919,102.23984073648133,116.6587782263557,119.38502854262389,122.54934742101784,2,28.165188525249675,0.020099930465221405,54.11313729946893,21.836005295436273,0.979900062084198,102.81837585509683,5.624411949296635,11.315353354187927,18.196104791139014,54.11313729946893,90.03016980779884,96.91092124474993,104.91128179605164,91.79473100025871,93.56704146082706,102.81837585509683,112.06971024936661,113.84202070993496,115.90271463607296,101.8394031807801,9.343703240396497,40.58203864589403,46.722674326766,88.74013126713807,92.34798129109993,102.67754420818085,112.01881268707494,113.79926707541475,115.87012459100328,2,25.528694515719906,0.017893413081765175,16.79940073273371,18.30848010930832,0.9821065664291382,100.25932459415615,10.525137392203595,-19.084560893178562,-13.31536917903098,16.79940073273371,46.914170644498384,52.683362358645965,59.39129451194214,79.63043437310128,82.9470141804275,100.25932459415615,117.5716350078848,120.88821481521103,124.74445559049674,98.76593964650806,15.401357700865045,114.79418909563704,122.40743006914447,74.52960271825758,80.86587860433374,100.0189663658083,117.47940288026032,120.80690141017091,124.67323355060859,2,28.602158049991942
95,172,set,0.893,127.3643925839,129.1538459948,129.1539127177,130.3200386477,129.54259912006668,0.7247158885002136,81.02356519968,6.150339174515399,0.27528417110443115,95.4417973186419,7.972219216779001,68.969121924924,70.90715750149661,81.02356519968,91.13997289786337,93.07800847443599,95.331393662944,79.81653477689694,82.32866362507073,95.4417973186419,108.55493101221307,111.06705986038686,113.98795254498327,84.99268110672053,9.294241242580242,44.90962782881155,41.47372301586757,69.81927017460174,71.87305280204897,83.6222700202802,102.70671928626989,106.09365034570334,109.75238682723314,2,44.54991801334616,0.9229722619056702,112.56694296222267,8.07852538111298,0.07702772319316864,118.00345793405128,17.956672725420056,96.73332416704851,99.27895118867946,112.56694296222267,125.85493473576588,128.40056175739682,131.3604033079598,82.80902611005527,88.46735967366351,118.00345793405128,147.53955619443903,153.1978897580473,159.7769253536794,112.98570365523004,9.336699666778316,85.07252447205559,2.101245970778211,95.65993047834273,98.64752861593371,112.76103444555889,127.79259664925435,131.80197204538095,138.839014367519,2,16.556895464836643,0.3804093897342682,101.56230274766293,14.162740945204463,0.6195905804634094,57.35008305493552,14.145640988391234,73.80384057269141,78.26666693636923,101.56230274766293,124.8579385589566,129.32076492263445,134.5097650361305,29.62513617945512,34.08257416962678,57.35008305493552,80.61759194024424,85.07502993041591,90.25776489522444,74.16882485787768,25.71006230805609,200.28329858442277,460.7238413566936,32.64252427918535,37.54045734725298,69.25844113569218,117.42043163963756,122.92655517127552,129.01544950297392,2,55.373774262189,0.9904032945632935,65.88386108256098,3.9511030868824357,0.009596690535545349,110.65250849191818,15.222887467935792,58.13984133306638,59.384874839643246,65.88386108256098,72.38284732547872,73.6278808320556,75.07550134884615,80.81619731405789,85.61308682760988,110.65250849191818,135.69193015622648,140.48881966977848,146.06624038971358,66.3134909556975,6.060922047153865,17.68530094993197,19.049409584200745,58.155884128933415,59.40313625206378,65.93168785864847,72.7622464342657,74.3930366002412,78.7171548713194,2,63.22910816436918,0.9309347867965698,86.41913692482134,3.6729673005253014,0.06906517595052719,119.70182960451183,12.811982427908633,79.22025329939845,80.37764333887814,86.41913692482134,92.46063051076455,93.61802055024424,94.96373659581991,94.59080547525086,98.62799383952778,119.70182960451183,140.77566536949587,144.81285373377278,149.50695768792568,88.71780873148776,9.752859385444461,23.89578559054023,71.22218738971624,79.32976779491683,80.50310939793607,86.75768428540748,112.08347701254944,124.22678134301128,133.27028812567198,2,40.82479038857892
96,173,set,0.952,130.3200386477,126.4728714426,125.7253725368,125.82554137689999,126.00792845209999,0.7325504422187805,79.08638028409062,5.978668789978565,0.26744958758354187,93.43315938424186,7.6893886925071735,67.36840478023896,69.25234524055281,79.08638028409062,88.92041532762843,90.80435578794227,92.99484371325158,78.36223448379826,80.7852405043318,93.43315938424186,106.08107826415193,108.50408428468546,111.3213524217296,82.92342279453605,9.073264680759404,41.99804611684431,40.32629077980306,68.17061351577905,70.16405071584376,81.5556005869052,100.28583037925232,103.58312920694327,107.13452306398933,2,43.08450565756394,0.932562530040741,113.59802033990519,8.206250127093695,0.06743749976158142,118.58057366116101,18.685073833705335,97.5140656426743,100.09994005468414,113.59802033990519,127.09610062512624,129.68197503713608,132.68861287691698,81.95850189862679,87.84636219593473,118.58057366116101,149.31478512638728,155.20264542369523,162.04855545049756,113.93403466380427,9.375853073666379,86.34571865204178,1.5612890698165194,96.44026600519662,99.46714147331944,113.74976170196243,128.7500268655327,132.57021234382688,139.14825323885935,2,12.07389378829572,0.30436691641807556,101.24464578026836,15.69739824394165,0.6956329941749573,54.675934027093,12.711977378830898,70.47831057116042,75.42472334501926,101.24464578026836,127.06456821551745,132.0109809893763,137.76225481303445,29.760916192296555,33.76659192979792,54.675934027093,75.58527612438807,79.59095186188944,84.24841557719152,68.84990433655975,25.427770468274943,187.40891265601653,459.16217451457925,31.795272696825002,36.090903887209244,61.93762743422635,116.58171930976573,123.0772265178687,130.13416195217857,2,57.15802411554024,0.9935431480407715,62.23807812837116,3.8230416301433254,0.006456836126744747,110.93865402152895,16.297771110669014,54.74505422189294,55.94973423704344,62.23807812837116,68.52642201969887,69.73110203484937,71.13180289702471,78.99560961634032,84.13120609892009,110.93865402152895,137.7461019441378,142.88169842671758,148.85293919643806,62.55252878080801,5.608162075057585,16.23632389217422,15.215096018298825,54.755362169264586,55.961548461197545,62.269130393504845,68.76637345132094,70.19515301305236,72.50328792330919,2,63.45539967129198,0.9325808882713318,84.44492424625744,3.511610229749737,0.0674191489815712,120.25092995447814,12.171159983265515,77.56229466820554,78.66883942341369,84.44492424625744,90.22100906910119,91.32755382430935,92.61415123869581,96.3958947372026,100.23115331179723,120.25092995447814,140.27070659715903,144.10596517175367,148.56528210615883,86.85893782535354,10.104239589483521,21.487313536518876,80.60862519876623,77.66676088726635,78.78762887696804,84.76240537467959,112.35940800878785,124.26370805769037,132.953242786521,2,39.14899062674645
97,175,set,1.493,14.9199841251369,108.5530347249,108.5090166652,108.611549057,108.5578668157,0.018385224044322968,41.449381850953586,20.791881515602533,0.9816147685050964,105.78727900598238,6.736880197747967,0.6980429095485405,7.2497801288694745,41.449381850953586,75.64898357303768,82.20072079235862,89.8185312120846,92.58323645023529,94.70609717837908,105.78727900598238,116.86846083358567,118.99132156172948,121.45960593168121,104.60441156406992,11.278438158596042,52.49910618718089,74.70397958522365,89.21222873639232,93.3395428156403,105.62943995340801,116.80800420619882,118.93819051158192,121.4131008432932,2,3.953455251630075,0.05085284262895584,18.79234286582362,11.514613081077508,0.9491471648216248,109.63761407153666,8.853389317666563,-3.7758840690020854,-0.14751022352959353,18.79234286582362,37.73219595517683,41.36056980064932,45.57933852739114,92.28528986779855,95.07508454155939,109.63761407153666,124.20014360151393,126.98993827527477,130.23367748874617,105.01787460819159,21.896995166069555,81.13892091552775,398.33955855796364,18.55029766807786,43.26717982134231,109.04266385477742,123.97502342265359,126.79146176315797,130.05983129698853,2,3.539992207508405,0.00020360278722364455,-1.8424959705294484,61.985796011279305,0.999796450138092,119.21680459546238,2.4883353260774186,-123.33242370568345,-103.80005735915634,-1.8424959705294484,100.1150654180974,119.64743176462451,142.35802880103938,114.3397569748919,115.12385720929245,119.21680459546238,123.30975198163229,124.09385221603284,125.0055381911833,119.19216289403482,3.1552106830724096,6.972842903061048,2.9832634493929957,114.32824471233616,115.11459957267044,119.21622736315892,123.3133231978023,124.09958908380241,125.0110341955643,2,-10.634296078334827,0.3052489459514618,14.96880398487945,10.126225019877246,0.6947510242462158,116.04433536819923,10.164869906281366,-4.8782323534283485,-1.68735396639239,14.96880398487945,31.624961936151283,34.815840323187246,38.525926031930055,96.1215564443527,99.32461223536245,116.04433536819923,132.764058501036,135.96711429204575,139.6913588645786,85.19113249356627,47.64104340424194,103.08521706925339,2166.5835832843873,0.8689814325189265,5.055627910531694,110.12940277062661,130.8982016966935,134.33422402741306,138.26878005656567,2,23.366734322133723,0.004330667667090893,-11.162175632494957,26.12194508808918,0.9956693649291992,105.99936119430733,11.241601224878359,-62.36024721128273,-54.12895175366566,-11.162175632494957,31.804600488675725,40.035895946292804,49.60655578899289,83.96622766498439,87.50857264682404,105.99936119430733,124.4901497417906,128.03249472363026,132.151236304618,105.49197697013074,13.710211252139622,128.7813772956423,59.188878032331246,83.08552116707158,87.04240279953902,105.93807910390335,124.46665899241086,128.0116909130539,132.13318040765716,2,3.0658898455692594
98,176,set,0.385,108.611549057,108.5140091585,108.55408348979999,108.53052062740001,108.5328710919,0.7622718214988708,96.28779970670189,6.139217299039336,0.23772810399532318,103.14685185366832,9.403028274590692,84.25515490731952,86.18968586573381,96.28779970670189,106.38591354766996,108.32044450608426,110.5697548185968,84.71725508985875,87.68024669188057,103.14685185366832,118.61345701545606,121.5764486174779,125.0215666898083,97.91838199480515,7.633832497783012,49.749208282934354,8.525475958893978,84.32994536494239,86.41356276841425,97.39572731612627,111.44911222730174,115.10793354891217,119.41572156712849,2,10.61448909709486,0.8579121828079224,107.79519532428898,6.16902043446477,0.14208775758743286,106.3396930587315,12.175545689739474,95.7041374528464,97.64805968792186,107.79519532428898,117.94233096065611,119.88625319573157,122.1464828969206,82.47606201472023,86.31270257085015,106.3396930587315,126.36668354661283,130.20332410274276,134.66424788934404,107.58837984611817,7.3465624454320215,53.71304876705563,0.25824105834806976,92.730804828859,95.82485277569317,107.68271686025068,119.07083398541499,121.71450850833946,125.48720921314667,2,0.9444912457818333,0.9356651902198792,104.38320686647711,5.66899063012966,0.06433477997779846,71.1808662690455,32.269236281271326,93.27218940272795,95.05854706735443,104.38320686647711,113.7078666655998,115.49422433022627,117.57125116683669,7.934325349140458,18.102695932842295,71.1808662690455,124.25903660524867,134.42740718895053,146.2503354889026,102.24713847853144,12.78365518183467,97.06193637620015,66.35959186414514,62.04899437729334,89.48461804250462,104.0451633540965,113.87424979684468,115.9093120317795,118.6795164217718,2,6.285732613368566,0.8716773390769958,96.11312953540843,4.6832721643992405,0.12832263112068176,100.903553223067,8.60175957154264,86.93408476338698,88.40983232979546,96.11312953540843,103.81642674102139,105.29217430742989,107.00804977861326,84.04441425917074,86.75491779365053,100.903553223067,115.05218865248345,117.76269218696325,120.91423831533567,96.72784644279714,5.583934523611956,28.613158178275015,2.56688774694766,86.63773651826273,88.26650295774581,96.45473208658267,106.05171366749927,108.96762503893288,113.16539077656684,2,11.805024649102862,0.9581735134124756,101.41532752470607,3.910006464211428,0.04182647913694382,116.25088429810381,16.81542645321392,93.75185567553287,94.9839392106442,101.41532752470607,107.84671583876793,109.07879937387926,110.51136275021027,83.29325406512243,88.59196910779916,116.25088429810381,143.90979948840845,149.2085145310852,155.36941587862813,102.03584587497046,5.941066928778964,26.475496221436686,8.820702460460014,93.55681386867886,94.89596491578638,101.5475772607586,109.19879698515719,113.280467811896,128.1773283591697,2,6.4970252169295435
99,178,set,0.952,9.87759682020403,101.19261569140001,101.2927589655,101.2083774222,101.23125069303335,0.027968278154730797,51.407282752979945,21.397680831147987,0.9720316529273987,104.60314607335,7.215186622303015,9.468598971246792,16.21122982951617,51.407282752979945,86.6033356764437,93.34596653471309,101.18573206392551,90.4616401519009,92.73522018852314,104.60314607335,116.47107195817686,118.74465199479911,121.38818013295254,103.11534216229877,11.84653182992389,63.40849277890243,76.93109083036846,77.70988438279174,90.29225112012634,104.34637332951417,116.37411763328903,118.65989067769466,121.31564440612112,2,-1.884091469265428,0.027631212025880814,23.5266889071748,10.550840080946514,0.9723687767982483,99.2514848177494,5.837205984544077,2.8474223418779587,6.1721013326449565,23.5266889071748,40.88127648170464,44.205955472471636,48.07161329882962,87.81077131770134,89.65013538280922,99.2514848177494,108.85283425268956,110.69219831779746,112.83085655023199,97.15911581710597,13.793971224704864,36.20740854318557,154.06612810576388,37.340334509514086,87.60437756429192,99.04354915526895,108.77332963865916,110.6221822349656,112.76941672301304,2,4.072134875927375,0.02298927679657936,15.233806423463996,21.071595023066465,0.9770107269287109,106.52993659105931,7.290823451388222,-26.065760918559732,-19.425883075879483,15.233806423463996,49.89349592280746,56.53337376548772,64.25366670802423,92.24018520869838,94.53759919358053,106.52993659105931,118.52227398853807,120.81968797342024,123.49092822720341,104.43110498103486,15.790874184149002,62.14160380381522,187.21014432328494,85.62231520156575,92.5566945839301,106.31489427203411,118.43991039668235,120.74708034094374,123.42746294284751,2,-3.199854288001518,0.017113903537392616,49.807604457578925,21.909040919939212,0.982886016368866,104.57895239587828,5.4830507432399225,6.866673318683766,13.770439037388677,49.807604457578925,85.84476987776915,92.74853559647408,100.7756552239533,93.83237041372244,95.56013649410112,104.57895239587828,113.59776829765542,115.32553437803409,117.33443583567252,103.64159245452969,9.392888371962254,37.76411094231209,50.46138069252733,91.49689840090595,94.55873633714207,104.46079776013903,113.55361239867142,115.28757378104454,117.30260057778722,2,-2.4103417614963405,0.01178073976188898,10.253311140886176,20.182984721591062,0.9882192611694336,100.91644852870769,10.38636501644596,-29.304612013954483,-22.944744481129042,10.253311140886176,43.45136676290138,49.81123429572683,57.20595473975831,80.55954716618683,83.83239836056465,100.91644852870769,118.00049869685071,121.27334989122853,125.07874670372891,99.84836979513115,14.390941819716595,111.40463063999111,95.69458510348083,77.91108957471097,82.57145835086928,100.76126109854732,117.94078740263613,121.2206501918629,125.03271306979546,2,1.3828808979021971
100,179,set,0.494,101.2083774222,101.4041534532,101.09833228190001,101.2166238182,101.23970318443334,0.6489376425743103,89.47165896872806,7.215361816101871,0.3510622978210449,101.86004623701356,9.242781307272933,75.32980967374287,77.60344491574574,89.47165896872806,101.33987302171039,103.61350826371324,106.25710059005212,83.74452775777857,86.6570238806264,101.86004623701356,117.06306859340071,119.97556471624856,123.36197088141238,93.8207493365029,9.936785561806094,63.77553537548963,34.963647265895794,76.5667348127476,79.00387566725097,92.86777855978309,111.81953274233659,115.4376982097075,119.45835546448423,2,7.418953847930439,0.7752122282981873,99.92489330897969,7.1090172263621945,0.22478777170181274,107.4010209998685,12.206493120721003,85.99147557983495,88.23160054013734,99.92489330897969,111.61818607782205,113.85831103812443,116.46294042004709,83.4767341057194,87.32312651789236,107.4010209998685,127.47891548184464,131.3253078940176,135.79757032075196,101.6054353935728,9.078024771646026,72.67080823837482,9.739725516242034,85.55182556975342,88.09250157990795,100.96690477455573,117.64834964461917,122.46445313660318,128.178185162504,2,-0.36573220913946614,0.8550252318382263,96.23094313183158,7.1355034026144954,0.14497478306293488,72.63863107459267,26.797187578343937,82.24561345114415,84.49408447991655,96.23094313183158,107.96780178374661,110.216272812519,112.830606302715,20.117108534074433,28.561179894254686,72.63863107459267,116.71608225493063,125.16015361511089,134.97821142774671,92.8106542433331,14.718452254129616,147.6387942148846,68.99417089809238,47.327254019354996,61.94190933950424,95.31472799611198,108.47264413133315,111.41060170040384,116.03109549785954,2,8.429048941100234,0.8216888904571533,88.48173715438124,5.784867325594445,0.17831110954284668,102.01105156862215,9.038965791397336,77.14360554087358,78.96647715244414,88.48173715438124,97.99699715631832,99.81986876788889,101.9393509588862,84.29500415999378,87.14327590275195,102.01105156862215,116.87882723449235,119.72709897725052,123.03883042096723,90.89416421893856,8.299685482137479,42.06609918639214,26.818679916011657,77.57427345001783,79.46233734911543,89.78871509668151,107.33753156096127,111.7730306880953,116.37011232226749,2,10.345538965494782,0.8965142965316772,91.76551761788991,4.810311765858036,0.10348568111658096,113.18764221728568,15.502482442792319,82.33747980239889,83.85325886305098,91.76551761788991,99.67777637272884,101.19355543338094,102.95597616786739,82.80333495844822,87.6883277445072,113.18764221728568,138.68695669006416,143.57194947612314,149.25180929043105,93.9823987219035,9.391001342969238,45.61493265941677,42.575776138199004,82.35292412393203,83.96058483837214,92.33846153894591,113.84303270030185,124.05848236271231,133.35620346267055,2,7.257304462529845
101,183,set,0.385,8.10158742504006,7.49492593514191,7.27188109020041,7.28837475073758,7.351727258693299,0.09227195382118225,54.33104191367407,16.071662997986593,0.9077280163764954,80.32335401105894,6.461530253303866,22.83116126595531,27.89550874029404,54.33104191367407,80.7665750870541,85.83092256139282,91.71932096134103,67.65898742956739,69.6950825382554,80.32335401105894,90.95162548386247,92.98772059255049,95.35512117888297,77.9249901956808,10.877480711673195,61.732584752486254,56.58682091157406,44.52765814217539,55.98814558418376,79.59406706865495,90.71551424898134,92.80562645818277,95.2452852285752,2,-70.5732629369875,0.02997029572725296,27.0115319341882,8.52458507495149,0.9700296521186829,71.44911207238209,3.59064054318044,10.303652204135595,12.989837255397847,27.0115319341882,41.033226612978545,43.719411664240795,46.84268230038188,64.41158592631909,65.54303395185273,71.44911207238209,77.35519019291144,78.4866382184451,79.80219106645475,70.11730092787533,8.490762213635017,14.684198775429657,57.40858778094787,35.286638408176216,64.12222060833854,71.31003726976182,77.30212560705715,78.4398667950546,79.76121059854145,2,-62.76557366918203,0.8447442054748535,24.20752196831944,7.005964195951206,0.1552557796239853,79.2483101539223,20.496685826033023,10.476084467277955,12.68373635031694,24.20752196831944,35.73130758632193,37.938959469360924,40.505831881176775,39.07554413246496,45.534262132487044,79.2483101539223,112.96235817535755,119.42107617537964,126.93073165019726,32.75292208847367,22.450164839159484,106.68817795786555,397.3217073622885,10.980443190483108,13.25971309082837,25.820735674613456,88.71731017419636,99.5452843533994,110.37817543622977,2,-25.40119482978037,0.0011630739318206906,80.69444443582647,48.92709773022953,0.9988369345664978,76.68616141451561,2.86710708713549,-15.200904983494851,0.2165302780492624,80.69444443582647,161.17235859360363,176.58979385514778,194.51589422353436,71.0667347839105,71.97018992338252,76.68616141451561,81.40213290564868,82.30558804512071,83.35604989132068,76.69082399571248,3.3186735476022573,10.994979499016367,0.018664599249136094,71.04367540847468,71.9561542694988,76.6864323112647,81.41870511658055,82.33300700687577,83.41894033917666,2,-69.33909673701918,0.06289001554250717,23.616484521342265,11.282197991636275,0.9371099472045898,93.18036971188833,6.690050699930385,1.5037827912850297,5.058920234814714,23.616484521342265,42.17404880786981,45.7291862513995,49.862801833693155,80.0681112852778,82.1762155536186,93.18036971188833,104.18452387015806,106.29262813849887,108.74375493489683,88.80549241981844,18.306860962613047,49.947165978369135,285.1936985342064,20.685667432713128,32.91336350355203,92.61699850790245,103.97249565956221,106.1058305476771,108.58013701431707,2,-81.45376516112513
102,184,set,0.385,7.28837475073758,7.033303394905221,6.98429372028183,6.9727907758345395,6.996795963673864,0.09045824408531189,53.97593906278875,16.165592925295822,0.9095417261123657,80.09442456180906,6.423892894062681,22.29195914047343,27.385904907794842,53.97593906278875,80.56597321778264,85.65991898510406,91.58273179716033,67.50382584890343,69.52806103586227,80.09442456180906,90.66078808775586,92.6850232747147,95.03863413897784,77.73178983840015,10.830473958546875,61.17263939962368,56.12634669461862,44.379089053055466,56.081235959118224,79.38513548575261,90.43262799480333,92.51028885056994,94.936101550483,2,-70.73499387472629,0.029030626639723778,26.341900855721335,8.521110506487194,0.9709693193435669,71.09184176810423,3.5446156994092752,9.640831154720573,12.325921333471571,26.341900855721335,40.35788037797109,43.042970556722096,46.16496816695489,64.14452265822679,65.26146777878175,71.09184176810423,76.92221575742671,78.03916087798166,79.33785096471678,69.79271910117978,8.411628170658156,14.307444445538655,56.44778091920188,35.59194115384448,63.92512525868485,70.95898493307138,76.87150701876445,77.99442518398463,79.2986286869681,2,-62.79592313750592,0.8442897796630859,23.5018231107424,7.014669829814797,0.15571025013923645,79.20472923108127,20.3781219572817,9.753322880865685,11.96371799930446,23.5018231107424,35.039928222180336,37.25032334061911,39.82038535643048,39.26434412224426,45.685701419187026,79.20472923108127,112.7237570429755,119.14511433991828,126.61132992334853,32.17533725663168,22.674110384058082,106.2052406211881,407.91007194018596,10.261229147414547,12.543495539741997,25.12471186462411,88.67239571694171,99.42353661086923,110.184956856709,2,-25.178541292957814,0.0010851894039660692,80.54440429830674,49.826986865194094,0.9989148378372192,76.50069696061162,2.831544374162913,-17.114695415624027,-1.4136957669711592,80.54440429830674,162.50250436358462,178.2035040122375,196.4593092620119,70.9509719666253,71.84322092689571,76.50069696061162,81.15817299432753,82.05042195459794,83.08785419569782,76.50508723293689,3.274254073937103,10.703173890863273,0.017725293260578392,70.92854398964516,71.8297167748947,76.50093240727348,81.17368292059662,82.07805267952423,83.14520904640271,2,-69.50829126926303,0.06079937517642975,22.92380080456944,11.342640503519599,0.9392006993293762,93.11334538390376,6.62308563824951,0.6926339280857547,4.266817433148546,22.92380080456944,41.580784175990324,45.154967681053115,49.31072842594179,80.13233606641025,82.21933895021884,93.11334538390376,104.00735181758867,106.09435470139728,108.52094657803593,88.84587186704691,18.17528522637911,49.020459658275534,281.3211215201635,20.377497595286155,33.40964961663814,92.57539513704545,103.80472516502718,105.91579794476789,108.36453255523925,2,-81.84907590337305
103,185,set,1.378,6.9727907758345395,86.7426821704754,86.75389481610779,91.60562678401959,88.3674012568676,0.015591368079185486,43.057027882173195,22.383926832109164,0.9844086766242981,108.73736543108151,6.783204303788924,-0.8146625413405246,6.23874464696204,43.057027882173195,79.87531111738433,86.9287183056869,95.12982848073608,95.44252929587813,97.57998722964146,108.73736543108151,119.89474363252157,122.0322015662849,124.51745834238557,107.71332397373037,10.923227319945102,53.10637670425928,66.2110370359144,92.89611165113871,96.45453508291347,108.603165507964,119.84352259023183,121.98694364662828,124.47828612594923,2,-19.345922716862773,0.03381359949707985,14.836969674323342,11.06138086193491,0.9661864042282104,107.45477488604828,7.482028270136513,-6.842938434349708,-3.357382755521904,14.836969674323342,33.03132210416858,36.51687778299639,40.56958952644166,92.7902689452702,95.1479335489608,107.45477488604828,119.76161622313577,122.11928082682637,124.86057544579383,104.3230339146207,18.39761502496428,58.225070792892545,280.2472083573331,21.931044905740148,91.54808400616461,107.12648966827761,119.63646335623454,122.00893243968198,124.76382312409902,2,-15.9556326577531,0.00044551261817105114,-2.3735324721497832,49.76942951512836,0.999554455280304,120.78982347464643,2.989382915204951,-99.91982185290615,-84.23695912141434,-2.3735324721497832,79.48989417711473,95.17275690860657,113.40747407259454,114.93074062484537,115.8727261442248,120.78982347464643,125.70692080506805,126.64890632444748,127.74416806412748,120.73494876793829,4.09774258162629,10.035961667399574,6.755064656257762,114.90560656918142,115.85791889366604,120.7881634324986,125.70766736484696,126.64855514905665,127.74731513802212,2,-32.3675475110707,0.11785652488470078,22.11395216432389,12.589947408230092,0.882143497467041,115.36910590350573,8.114663498253918,-2.561891323060493,1.4053315067683272,22.11395216432389,42.82257282187945,46.78979565170827,51.40254955174596,99.46465770026624,102.02167221691204,115.36910590350573,128.71653959009942,131.27355410674522,134.24663608122555,104.3783801349177,31.31954574432261,76.76823432141745,904.1459548280893,12.053589691441301,19.70868680313971,114.00391637611564,128.21688970731773,130.83385904852008,133.86185845458536,2,-16.01097887805011,0.0037714987993240356,-10.165485736520957,27.323459329657847,0.9962285757064819,105.54525365744851,11.196663038554744,-63.718481955695275,-55.108576915769724,-10.165485736520957,34.7776054427278,43.387510482653354,53.39838578646995,83.6001973548504,87.12838184872824,105.54525365744851,123.96212546616877,127.49030996004662,131.592586913542,105.10885860648945,13.342165647417742,127.70815085061822,50.3060564431376,82.84479281938901,86.72622706340952,105.49212764083836,123.94178255190121,127.47238205834395,131.57686216331052,2,-16.741457349621854
104,186,set,0.17,91.60562678401959,86.99033450393331,89.0736077572424,92.7930427488269,89.6189950033342,0.7492021322250366,95.92557968914781,6.1729626205780574,0.2507978677749634,97.0244733489391,9.146257990718185,83.82679527490282,85.77195973365413,95.92557968914781,106.07919964464149,108.0243641033928,110.28603815806315,79.09813709381977,81.9802177198724,97.0244733489391,112.0687289780058,114.95080960405842,118.30185118107539,96.2011798759349,7.053782745009983,49.52895117886221,0.2268998349405436,82.47605828287772,84.83361823669453,96.12786386932027,107.82436679133723,110.42086152796513,113.71900423690487,2,-6.582184872600692,0.7423213124275208,97.48629722828431,5.535716343777011,0.25767871737480164,93.15053596639396,8.815301274006018,86.63649256585163,88.38085412244816,97.48629722828431,106.59174033412047,108.336101890717,110.3642991759231,75.8728629564721,78.65065569317522,93.15053596639396,107.6504162396127,110.4282089763158,113.65799334420737,96.36906673279512,6.809366599094963,42.77190338991197,3.595846865038596,81.42186736242996,84.58367753942247,96.72547316698392,106.79891482369094,108.79804172627507,111.23731253079109,2,-6.750071729460913,0.9840138554573059,95.42319421206005,3.882241503483092,0.015986155718564987,72.79140397486333,42.52559447340501,87.81414068594655,89.03747519435436,95.42319421206005,101.80891322976575,103.03224773817354,104.45463848020106,-10.557229614166076,2.8430256670155956,72.79140397486333,142.73978228271102,156.1400375638927,171.72073027039198,95.06139995557564,7.197063341867689,43.74064173657357,8.057180002939315,87.01356414830873,88.64075439517863,95.391181147349,101.93292966003011,103.27543293540914,105.06250292802585,2,-5.442404952241432,0.49431943893432617,106.6354071656389,6.723431305754016,0.5056805610656738,89.05157940808718,6.038363634645955,93.45772395383192,95.57634679681033,106.6354071656389,117.69446753446746,119.81309037744587,122.27644729003939,77.21660415862473,79.1193550827879,89.05157940808718,98.98380373338645,100.88655465754962,103.09891381223132,97.74360727951797,10.866061429459942,40.78351855144951,77.28777243734822,79.08510475559049,81.27153330084941,97.17747115321015,115.20828377598052,117.65727411815911,120.41190635632812,2,-8.124612276183768,0.9475328922271729,96.90070967613548,3.9500916520511233,0.05246707797050476,110.87194230701445,15.12242522165807,89.15867230248296,90.40338709546845,96.90070967613548,103.3980322568025,104.642747049788,106.08999699315108,81.23253351366448,85.99776633286774,110.87194230701445,135.74611828116116,140.5113511003644,146.0519640717603,97.63373654005767,6.040482297625753,26.78314574728635,9.703996554578794,88.96724771002704,90.32323432950022,97.07577002802937,105.26793210839546,111.81824915190977,124.11475328668786,2,-8.014741536723463
105,187,set,0.17,92.7930427488269,86.9172955857313,91.6876020024572,89.7743432109051,89.45974693303121,0.7572031021118164,96.48761702655081,6.097973813165198,0.2427968829870224,97.40281380110017,9.174919435699774,84.53580797407864,86.45734268291093,96.48761702655081,106.51789137019068,108.43942607902298,110.67362544276439,79.42030214607205,82.31141429030183,97.40281380110017,112.49421331189849,115.38532545612827,118.74686812483633,96.70982251295364,6.982075178705687,48.59524729126619,0.15398714240502154,83.0867477314629,85.45004941579292,96.648261477782,108.18349166851644,110.75226612098365,114.03457551032525,2,-7.250075579922424,0.7554633021354675,98.47275684845005,5.498536181735815,0.24453669786453247,93.58505826935243,8.929135561466298,87.69582396455746,89.42846966699798,98.47275684845005,107.51704402990211,109.24968973234263,111.2642648051678,76.08427415580265,78.89793725553321,93.58505826935243,108.27217928317164,111.0858423829022,114.35733379979202,97.27753517776036,6.837449070120443,42.337381367040855,4.413328419450444,82.03509259701096,85.35011129658596,97.6812937688052,107.65084945705065,109.6168106883778,112.00908778553101,2,-7.817788244729144,0.9841442108154297,96.36302753316374,3.8721646036585686,0.01585584133863449,72.72177062695974,42.65369826321819,88.77372436778214,89.99388354068283,96.36302753316374,102.73217152564465,103.95233069854535,105.37102942682105,-10.877941776386578,2.5626803358115637,72.72177062695974,142.88086091810789,156.32148303030604,171.9491109015769,95.9881805403366,7.2335354438781945,43.60305670744187,8.721458843907413,87.96997150997107,89.59509680210931,96.3301826039531,102.85122588058128,104.18631874718241,105.9501972635884,2,-6.528433607305388,0.5209452509880066,106.81833814787913,6.510932950747021,0.4790547490119934,89.42557974323867,6.103447805281864,94.05714405865987,96.10880646900503,106.81833814787913,117.52786982675322,119.57953223709839,121.96503317587192,77.46304186336617,79.38630148381179,89.42557974323867,99.46485800266555,101.38811762311116,103.62432256937537,98.48625463571786,10.743561960080386,39.92982370940442,75.49429988067945,79.51261960836547,81.75120353692037,98.5539639712006,115.31424704036019,117.65700011811327,120.30023765017148,2,-9.026507702686644,0.9514132738113403,97.82126777169665,3.892163399128702,0.04858669266104698,111.30424505433538,15.309170088233257,90.1927676874594,91.41922868795203,97.82126777169665,104.22330685544127,105.4497678559339,106.87579382067928,81.29882304820032,86.1229011090879,111.30424505433538,136.48558899958283,141.30966706047045,146.91870034242646,98.47635776537052,5.848416965102258,25.80019534867421,8.40346051187752,89.98890700036098,91.32871667443133,97.97478437026471,105.8245640234586,111.01018385150324,123.87342672954048,2,-9.01661083233931
106,188,set,0.952,89.7743432109051,101.3416725368,101.54365651190001,101.643390669,101.50957323923335,0.32922059297561646,69.53491206218015,10.231632420484754,0.6707794070243835,97.27665342502596,8.39523864659475,49.481281014977654,52.705374365711535,69.53491206218015,86.36444975864877,89.58854310938266,93.3372483915422,80.82228803608146,83.4677146880514,97.27665342502596,111.0855921620005,113.73101881397045,116.80689900259716,88.14350088337366,15.86494628837418,81.7414404441496,169.9550802888458,54.87349476162777,59.01214421046624,91.91800058676019,109.39066868549628,112.24851980106898,115.51596269967253,2,13.366072355859686,0.5729417204856873,83.45924485721079,10.349632933711876,0.42705821990966797,113.94543810965112,14.278900295348443,63.17433705392589,66.4356135885784,83.45924485721079,100.48287612584318,103.74415266049569,107.53609142965448,85.95930779192983,90.45873716996877,113.94543810965112,137.43213904933344,141.9315684273724,147.1631274553761,96.47861930486144,19.386846932609817,148.44221273135315,227.4070664496631,65.73079994131747,69.36306693419706,92.93570754729245,130.93342859735964,136.32267598926154,142.3293470432561,2,5.030953934371908,0.13096101582050323,73.24841230421323,18.14932728913583,0.8690389394760132,75.07718417093592,11.606016049503614,37.67638447387703,43.39542548594882,73.24841230421323,103.10139912247763,108.82044013454943,115.47006125856578,52.329810709914995,55.986986577452896,75.07718417093592,94.16738176441893,97.82455763195685,102.07681493378253,74.83768299335429,12.67195289987737,160.19751225798916,0.38062766886883964,49.640023102076555,54.126771737303244,74.91664440536086,95.30953108895098,99.51300784875207,104.7511394204637,2,26.671890245879055,0.8731016516685486,58.444904924279044,7.41247437815656,0.12689833343029022,108.31345635543217,12.844645325307212,43.91672210676625,46.25246955868336,58.444904924279044,70.63734028987471,72.97308774179183,75.68889893528576,83.13841412363925,87.18589490519531,108.31345635543217,129.441017805669,133.48849858722508,138.19456970076922,64.77314012057815,18.559152501800394,68.90868559983033,275.5333934665438,44.351723933840276,46.746953945278165,59.80249466984535,111.7669591773941,119.26168058781629,126.4651238008298,2,36.7364331186552,0.45351123809814453,62.310413140498184,7.556515593441123,0.5464887022972107,108.96468231584824,12.527203279673325,47.49991472873827,49.881051059511194,62.310413140498184,74.73977522148517,77.1209115522581,79.8894971264564,84.41181506067647,88.35926656571918,108.96468231584824,129.57009806597728,133.51754957102,138.10731503319371,87.80644044476995,25.51682485997737,111.65683378561474,539.4510575990614,50.24198039968887,53.05198356617704,91.78347391267607,125.64611767476566,130.10528308962344,135.14947243607008,2,13.7031327944634
107,191,set,0.829,8.73375412560711,34.6567954871307,35.071844673814304,34.458198242838606,34.72894613459454,0.033421099185943604,52.4777390074432,20.736827678409668,0.9665789604187012,101.2076323454112,7.1121935094737925,11.834303604146896,18.368692789143367,52.4777390074432,86.58678522574301,93.12117441073948,100.7188139914628,87.26798921576304,89.50911505577251,101.2076323454112,112.90614963504989,115.14727547505936,117.75306859594262,99.57903177928749,11.831028433478652,63.26435828947048,76.70946654298942,66.33539887407727,86.43634239633569,100.90534570353408,112.79280560230733,115.04894857690499,117.66972981255532,2,-64.85008564469295,0.025790264829993248,23.97055835288858,10.17790328287134,0.974209725856781,94.42374810732485,5.23468813351734,4.02223448032877,7.229397223296356,23.97055835288858,40.7117194824808,43.918882225448385,47.647902017189615,84.16394789533167,85.81345234494903,94.42374810732485,103.03404386970068,104.68354831931804,106.60145371799973,92.6067408060505,12.412869439275635,29.366861988047187,124.71238585815341,43.01795604190265,84.15046730708077,94.25003332705872,102.967646680813,104.62502315284408,106.55013273723532,2,-57.87779467145596,0.0689295157790184,17.639002359993867,16.48109416230298,0.9310705065727234,101.72836302296798,9.154118265656441,-14.663348623933317,-9.469985148998937,17.639002359993867,44.747989868986664,49.941353343921044,55.97976072633432,83.7866209120611,86.67117839216026,101.72836302296798,116.7855476537757,119.67010513387487,123.02402658899628,95.93212638410805,23.463807243091583,96.74481640925283,453.80563963417814,11.849524996160063,27.509460423707086,100.87776387059601,116.46636588557318,119.38882453302621,122.77760153785603,2,-61.20318024951351,0.008687197230756283,56.84464894523644,26.35846843954968,0.9913128018379211,99.71500462516978,4.734097904409311,5.1830001160833845,13.488826531557223,56.84464894523644,100.20047135891565,108.5062977743895,118.16361596255544,90.43634323324099,91.92810651675876,99.71500462516978,107.5019027335808,108.99366601709858,110.72816322059359,99.34258129715869,6.639262686466743,28.25258234083148,15.827217487901132,89.72083396485097,91.56048797901995,99.66842630348509,107.49317779874013,108.9931864801867,110.74477889076128,2,-64.61363516256415,0.015790635719895363,13.404142305795467,18.25023891727679,0.9842092990875244,99.37047071468533,9.642337793603254,-22.36566868131832,-16.61482937001818,13.404142305795467,43.423113981609106,49.173953292909246,55.86054681173974,80.47183591245354,83.51023642258575,99.37047071468533,115.23070500678489,118.26910551691711,121.80190274161791,98.01300126038628,14.547163899964216,96.76594910352061,114.85340215322353,76.70113296047177,81.8692423258164,99.1765679011681,115.15626585545259,118.20352377062441,121.74445503483433,2,-63.28405512579174
108,193,set,0.893,11.2474527331423,29.7256235767,29.737548293778403,29.8580815525725,29.77375114101697,0.03201128542423248,52.50824356934212,20.856919445495993,0.9679887294769287,103.1358634901951,7.254818194972067,11.629432627716852,18.201663972383336,52.50824356934212,86.8148231663009,93.38705451096737,101.0286937804128,88.91668111366397,91.20274946932176,103.1358634901951,115.06897751106844,117.35504586672624,120.01309437462119,101.51520983540324,12.012329494292928,64.8728215870897,79.42339185386759,68.68037859842958,88.23879364830044,102.83984421012295,114.95739824260647,117.25766224680963,119.92986163956267,2,-71.74145869438627,0.028622081503272057,25.284451926725545,10.446153645154373,0.9713779091835022,97.64032709521591,5.704696949915054,4.810367005251166,8.102058215801026,25.284451926725545,42.46684563765005,45.758536848199924,49.5858392510344,86.4593265306669,88.25693562648912,97.64032709521591,107.02371856394268,108.8213276597649,110.91143671669806,95.56935042955638,13.427353144808075,34.735404735449904,145.55832267758154,37.222966602528274,86.15129734972889,97.42960592911132,106.94322083850741,108.75040203974976,110.84923558848169,2,-65.7955992885394,0.04028714820742607,17.97528587998054,18.697996493024657,0.9597128033638,103.86506306538521,8.268345582700054,-18.672113829404033,-12.780181468296988,17.97528587998054,48.73075322825805,54.622685589365105,61.473330270351546,87.65940351156226,90.26484484479285,103.86506306538521,117.46528128597758,120.07072261920817,123.10011123353446,100.40480385235637,19.10298056422002,79.69627703080324,285.2271011896598,23.713956295139898,84.66938483251435,103.42984965208454,117.29988067247517,119.92481490710907,122.97239491907678,2,-70.6310527113394,0.014263122342526913,53.48955418514445,23.287465729336883,0.9857368469238281,102.49124930467117,5.260914124183607,7.846960064433368,15.185081717736551,53.48955418514445,91.79402665255233,99.13214830585552,107.66430057638624,92.18004709551322,93.83781562642753,102.49124930467117,111.1446829829148,112.80245151382913,114.72996569297713,101.79232898226049,8.293213498898677,35.01743071545091,33.7596409707243,90.56519941729233,93.08510317428177,102.3992452787959,111.11306840691552,112.77723906249977,114.71412514781116,2,-72.01857784124351,0.014673220925033092,13.316584483051308,18.9851384780713,0.9853267669677734,100.2016474089269,10.192755679090325,-23.89360317547402,-17.911189400780234,13.316584483051308,44.54435836688283,50.52677214157663,57.48262101988344,80.22421337469376,83.43605626154496,100.2016474089269,116.96723855630884,120.17908144316004,123.91354291359639,98.9267624723694,14.72412051131101,107.65658234186499,109.14302400264457,76.67196529596505,81.844899657593,100.01139930064092,116.89411959620976,120.11460977749992,123.85699972137385,2,-69.15301133135243
109,195,set,1.493,20.995272494492397,98.0094285070224,97.9904126180295,97.99665439421901,97.99883183975696,0.02236689254641533,42.290938614957845,19.877928682152863,0.9776330590248108,104.08246749803823,6.84598946286364,3.3309143106824877,9.594655525835996,42.290938614957845,74.98722170407967,81.25096291923319,88.53391574501961,90.66457471228478,92.8218168999754,104.08246749803823,115.34311809610105,117.50036028379168,120.00862053067705,102.70037797064538,11.753664545589713,54.65716358995797,83.49095586421274,85.302199710419,91.04465768265126,103.88651705190175,115.26812457847494,117.43421147344912,119.95096006873472,2,-4.701546130888417,0.06340277194976807,23.44890025537056,11.790580437125012,0.9365972280502319,110.53534617355771,9.509036804850036,0.3397872417830037,4.055121259502403,23.44890025537056,42.84267925123871,46.558013268958106,50.87789198898386,91.89797650838581,94.89437249628509,110.53534617355771,126.17631985083034,129.1727158387296,132.65667372869672,105.01382410309108,23.32092257284862,93.50290244768003,450.36252720111884,20.287636493998264,32.90031341566431,109.7275982154708,125.8723512858204,128.90494575333173,132.42207901465994,2,-7.014992263334122,0.000243123882682994,2.3451646599117737,61.557103949537776,0.9997568726539612,115.95308870650817,2.6031965162229986,-118.3045420737706,-98.90726103611428,2.3451646599117737,103.59759035593778,122.99487139359414,145.54840256503002,110.85091729003095,111.67121147513133,115.95308870650817,120.23496593788501,121.05526012298539,122.00902938773406,115.92546750532361,3.2914242514332335,7.696248265641616,3.137178794236041,110.83543929651945,111.66518688632347,115.95231568938004,120.23891368607754,121.05663793383464,122.01022118203318,2,-17.92663566556665,0.39878857135772705,15.604758777282242,9.689671380641336,0.601211428642273,115.43475994244646,11.00926298624852,-3.386648150803282,-0.3333323371335446,15.604758777282242,31.542849891698022,34.59616570536777,38.14630519379159,93.85700099306948,97.32613378945298,115.43475994244646,133.54338609543993,137.01251889182345,141.04613548526223,75.62369639915039,49.997290367409434,110.31130461773506,2389.417739465316,0.7545329358289935,4.476057774688256,104.85790863584349,130.6726239035628,134.50957591698975,138.8719702130472,2,22.37513544060657,0.005779438652098179,-7.3997735258489215,24.222575981930163,0.9942206144332886,105.67302920311812,11.301667298041465,-54.875150063216985,-47.242365483834384,-7.3997735258489215,32.44281843213653,40.075603011519135,48.95036461350704,83.52216833370274,87.08344075733577,105.67302920311812,124.26261764890047,127.8238900725335,131.96463889503377,105.01953748621888,14.277451268375149,130.380484644459,73.46571556057995,82.30417616776153,86.44958796890192,105.59068868914834,124.23098434214825,127.79589650194154,131.94019274287186,2,-7.02070564646192
110,199,set,1.076,37.9628525894841,122.402406725,122.4564269418,123.8102454463,122.8896930377,0.055787622928619385,55.472974632958255,17.83651973819584,0.9442123174667358,103.39978220208337,8.001109260360582,20.51403833655661,26.134510449395293,55.472974632958255,84.8114388165212,90.4319109293599,96.96692440619765,87.71789621540671,90.23912861554425,103.39978220208337,116.56043578862248,119.08166818876002,122.0131457198917,100.72605337013722,14.113451216710722,78.19470200665452,120.99419850671936,53.14722971790352,77.1237331820854,102.81147534906836,116.33793586945588,118.8858901967981,121.8419721127896,2,22.163639667562776,0.08830755949020386,43.429592800474595,11.715463327933808,0.9116924405097961,108.8109181703662,9.207390206069867,20.467706615524563,24.159370454105698,43.429592800474595,62.699815146843484,66.39147898542463,70.68383600681685,90.76476497486243,93.6661089951547,108.8109181703662,123.95572734557767,126.85707136586996,130.2305108017213,103.03725289071612,20.822217544640488,89.41006601212287,344.1546774642111,36.708969081127655,45.38274320056037,107.69039992930134,123.53916105039076,126.49023277765063,129.9093056728346,2,19.85244014698388,0.013962285593152046,31.985894782528,26.24440620476747,0.9860376715660095,100.20500018839347,7.051644839266254,-19.45219617445578,-11.18231195057151,31.985894782528,75.15410151562749,83.42398573951176,93.03951336245305,86.38403027166387,88.60607659855273,100.20500018839347,111.8039237782342,114.02597010512306,116.60957916871159,99.25250126294122,11.077892563437027,58.64819594447465,64.07108567495362,84.17894293269393,87.58778809768903,100.08103085551205,111.7572242173589,113.98521770333139,116.57512363879958,2,23.637191774758776,0.20104102790355682,45.489474595400935,13.44686000639578,0.798958957195282,108.82366237949635,9.01782595676142,19.13411327771316,23.37135814277213,45.489474595400935,67.60759104802973,71.8448359130887,76.77154878380456,91.14904828539352,93.9906586473002,108.82366237949635,123.6566661116925,126.49827647359919,129.8022626224786,96.09089054434598,27.306052299250716,101.32413459027549,644.2962199898752,29.97851361666429,36.36483239258221,105.930864993158,122.65220237021542,125.6163321795987,129.0317139671037,2,26.798802493354017,0.031065504997968674,24.968053228548044,16.74137483493323,0.9689345359802246,102.64274179227064,12.071708520541042,-7.844438499606284,-2.569057888845993,24.968053228548044,52.50516434594207,57.780544956702364,63.914314984315794,78.9826278601449,82.78654824875771,102.64274179227064,122.49893533578356,126.30285572439638,130.725735245072,100.22974257259277,18.20747733149972,149.905938136737,181.60670430732017,39.34400692268526,77.7416052443136,102.15753130135201,122.31369249614951,126.13948384797686,130.58249665938476,2,22.65995046510723
111,200,set,1.076,123.8102454463,123.70950879530001,123.91547626229999,123.8562648046,123.8270832874,0.6344983577728271,71.97134199203913,6.6867630482700715,0.36550164222717285,90.07428395499612,7.365661813568607,58.86552724427652,60.97259553952701,71.97134199203913,82.97008844455124,85.07715673980174,87.52707899359706,75.63785207809967,77.95884840604984,90.07428395499612,102.1897195039424,104.51071583189257,107.20937565589526,78.5879970086431,11.144529933232011,48.19974928696267,76.00079814573945,60.21699490796125,62.519366872497244,76.84873402264456,98.14101064674769,101.03374746719234,104.22461110005872,2,45.2390862787569,0.9007894396781921,106.29599230072694,9.180803081717855,0.09921059012413025,118.13989808306653,18.869354264091413,88.3019489114056,91.19491505343606,106.29599230072694,121.39706954801781,124.29003569004827,127.65373403186886,81.15664331392006,87.10257228354352,118.13989808306653,149.17722388258952,155.123152852213,162.03658025985905,107.47103635063488,11.125877952620236,111.2491519701511,12.536352463977412,87.77500193408693,90.9464590592776,106.86638045005328,125.65541164098708,132.1066847177185,142.27975872269835,2,16.356046936765125,0.13080686330795288,91.58709869006778,20.5452125544819,0.8691931366920471,55.78453433513019,9.884057692725726,51.31922202856308,57.79323130333929,91.58709869006778,125.38096607679626,131.85497535157248,139.38241023790394,36.4121372362717,39.52670619025267,55.78453433513019,72.0423624800077,75.15693143398867,78.7782909354997,60.467755476780695,16.907648242856748,140.12980305343262,145.7387660507443,36.92252616599625,40.128530195960906,57.476472777750935,97.74626130436725,109.5389400698104,120.95391171993838,2,63.359327810619305,0.9927934408187866,53.27935028275221,4.378130807534833,0.007206546142697334,110.41781392925763,17.685586047174134,44.69837158037868,46.07796594471056,53.27935028275221,60.48073462079386,61.86032898512575,63.46440557913358,75.75470223131222,81.32761357480089,110.41781392925763,139.50801428371435,145.08092562720304,151.56063943126753,53.69112056285992,6.681496847427016,21.28395699965976,23.35840553591221,44.7116216062027,46.09307632407704,53.31913300362667,60.79045175136894,62.465511697600974,65.38161659621306,2,70.13596272454008,0.8540624380111694,73.32921767600372,4.110212922702789,0.14593759179115295,117.30317249973108,11.025711664999088,65.27334837871514,66.56851904255322,73.32921767600372,80.08991630945421,81.3850869732923,82.89100277058854,95.6931747324097,99.16749067783616,117.30317249973108,135.43885432162597,138.91317026705244,142.95281339138901,79.74667292989244,16.528351331269796,32.16949859988245,241.01708865882557,65.55422439424179,66.88795932580956,74.21622470780812,121.77238261844063,127.7667652739188,133.6971393696936,2,44.08041035750756
112,201,set,0.229,123.8562648046,123.4370249603,123.57720924840001,124.15976431489999,123.72466617453334,0.8948196768760681,108.46302105996617,4.596282581764757,0.1051802784204483,106.52103492249884,9.665168997367902,99.45447273693847,100.90280898485652,108.46302105996617,116.0232331350758,117.47156938299386,119.15557327254555,87.57765178316464,90.62324664207932,106.52103492249884,122.41882320291836,125.46441806183303,129.0055802717711,108.25875756866382,5.393026134279913,28.72926110453896,0.35494585751073426,97.34887037313362,99.66375270864827,108.36079150264683,116.5960144514039,118.42325746777358,120.97210396249507,2,15.465908605869515,0.9480448365211487,123.23426282212,4.8213688391668645,0.05195518583059311,106.26633830797786,12.653077093399956,113.78455354116926,115.30381680014557,123.23426282212,131.16470884409443,132.68397210307074,134.4504439710826,81.4667629113052,85.45387855880234,106.26633830797786,127.07879805715336,131.0659137046505,135.7017973042837,122.35269390532869,6.673593558651347,30.355912617668473,14.18127297803868,105.5957969182695,112.72564100739363,122.96486794144184,131.1009996527661,132.65490068339085,134.4793011155725,2,1.3719722692046474,0.9812687039375305,119.24920177141138,4.0723971132724355,0.018731286749243736,68.82412346654343,41.67362898340329,111.26745009865252,112.5507046092585,119.24920177141138,125.94769893356425,127.23095344417024,128.72301413812278,-12.854688446011593,0.2771036849624977,68.82412346654343,137.37114324812433,150.5029353790984,165.77148165565043,118.30467405973509,9.774459677204153,48.80423432130978,46.735697312109906,109.69641821542496,111.8559505059764,119.17386617842476,125.97566007499076,127.307212212814,128.9244022534936,2,5.419992114798248,0.9493157863616943,107.66818047139657,2.956545800924611,0.05068427696824074,100.63349947182846,8.297440127593312,101.8734571829412,102.80509538749757,107.66818047139657,112.53126555529556,113.46290375985194,114.54613450988191,84.37081565786814,86.98542498354391,100.63349947182846,114.28157396011301,116.89618328578878,119.93623167263632,107.31163956985012,3.76403432593869,11.787610497118735,2.3810732038283686,99.43997553948236,101.77193712363693,107.55033639841272,112.57021030149245,113.55954965867333,114.76741904146488,2,16.413026604683225,0.992834210395813,118.45895660085193,2.6742737475915157,0.007165776565670967,123.25737537800771,19.96881844346559,113.2174763707716,114.06016772766492,118.45895660085193,122.85774547403895,123.70043683093226,124.6802476481647,84.11921041499596,90.41159193533787,123.25737537800771,156.10315882067755,162.39554034101945,169.7117937110714,118.49333945314855,3.1814876585154295,9.9578722031548,0.16380844861113275,113.12084590742937,114.00844368813742,118.46354680544,122.945943279173,123.86311949286633,125.06942219323642,2,5.231326721384789
113,202,set,0.299,14.3223159872423,14.767942459370401,14.7784466995369,15.030013433826,14.858800864244435,0.13598981499671936,57.26952907647721,14.291359244687149,0.864010214805603,77.0768683345305,6.575412735340781,29.258979666766844,33.762334988787096,57.26952907647721,80.77672316416732,85.28007848618758,90.51620227250908,64.18929618977657,66.26127684810231,77.0768683345305,87.89245982095869,89.96444047928443,92.3735657723316,74.38327423032025,10.546501954738522,65.131351986053,46.097516387669245,44.39521346213813,52.4174806728067,76.02103699056444,87.57409857292737,89.7344049721356,92.26574233455213,2,-59.52447336607582,0.04177044332027435,32.71297640145833,8.120663723045215,0.9582295417785645,68.9441585724383,3.661117296175183,16.796767973728755,19.355673223354152,32.71297640145833,46.070279579562495,48.6291848291879,51.60446518936514,61.768500528758274,62.92215650912978,68.9441585724383,74.96616063574682,76.11981661611831,77.46119101100959,67.43076500379081,8.254705857885698,15.598457204166177,52.54164384183404,34.73900900786944,60.22243606259827,68.7440391217654,74.89015516188866,76.05278567126835,77.40248581829549,2,-52.571964139546374,0.9279110431671143,30.235809028779904,5.914340753173406,0.07208894938230515,74.9677981126436,24.795335961356823,18.64391416026253,20.507584189895724,30.235809028779904,39.964033867664085,41.827703897297276,43.99462306627796,26.369832643813382,34.18309982512555,74.9677981126436,115.75249640016165,123.56576358147382,132.65037521247444,33.46049090034205,14.512979927356712,76.77870837866894,133.84786965148695,18.746608479320702,20.66337320295173,30.769425622879165,62.42026432439349,84.7369644154367,101.89805964934106,2,-18.601690036097615,0.0014208866050466895,86.26334079178382,47.13834950556962,0.9985791444778442,73.012910156755,2.8495737047715597,-6.126126529794121,8.727655639041458,86.26334079178382,163.79902594452614,178.65280811336174,195.92353994985984,67.42784832411037,68.32577851319596,73.012910156755,77.70004180031404,78.59797198939962,79.642009886773,73.03173978560774,3.393335725662372,11.265776981523148,0.24911615033010565,67.40437709878721,68.3134808307439,73.014031481634,77.72172649491748,78.63682809806544,79.7281190936265,2,-58.172938921363304,0.10935632884502411,30.53168725775908,9.725809497782274,0.8906435966491699,92.62973234569415,6.664411836437606,11.469450921608228,14.534154230292826,30.53168725775908,46.529220285225335,49.59392359390993,53.1573035062511,79.567725168134,81.66775036503142,92.62973234569415,103.59171432635686,105.6917395232543,108.13347265312339,85.83891120497192,20.627244824397213,49.90155271722887,375.5811273458704,23.301205082025852,29.486767871323323,91.6000851771661,103.2131197619891,105.35850388627415,107.84183681181617,2,-70.98011034072749
114,208,set,0.893,15.1685959098185,86.6621717886899,86.7286892433009,83.3375002083438,85.57612041344487,0.03580480441451073,53.57288000303743,20.321798127866643,0.964195191860199,103.11831545407478,7.413433059464797,13.742887571325305,20.146496646240337,53.57288000303743,86.99926335983452,93.40287243474955,100.84845187448713,88.58825365572518,90.92430319805214,103.11831545407478,115.31232771009739,117.64837725242437,120.3645396913048,101.34435044397296,12.350005567872987,67.77769990337327,84.7448993618675,64.12625127892146,87.31567252112671,102.7785000656883,115.18412113305284,117.53622801008255,120.26829189801805,2,-15.768230030528088,0.03325442224740982,28.369040297325448,10.576725778825042,0.9667455554008484,98.79838285421933,6.0429811961102216,7.63903869647201,10.971874538753937,28.369040297325448,45.76620605589695,49.09904189817888,52.97418382720804,86.95435735059051,88.85856331619787,98.79838285421933,108.73820239224077,110.64240835784814,112.85645931265911,96.45629354990896,14.088641363699626,39.02332522439442,159.4662822940452,35.5623006174634,86.0324555809526,98.5377757953254,108.63884093647175,110.55483944889828,112.7796748424598,2,-10.880173136464094,0.042955346405506134,21.03876242090122,18.642412515488786,0.9570446014404297,102.89595609792102,8.53682193847083,-15.499694694395558,-9.62527742032604,21.03876242090122,51.70280226212847,57.577219536197994,64.40749914330092,86.16409255608677,88.85413356978837,102.89595609792102,116.93777862605366,119.62781963975524,122.75557366554784,99.37974662129972,18.977327514168085,84.67553562341563,275.4629088656252,24.897971213156808,82.08315180377781,102.41548811977358,116.75534159038938,119.46705648369765,122.61473343365056,2,-13.803626207854848,0.019139207899570465,54.025046079991455,22.037780357141553,0.9808608293533325,102.77220284556641,5.571641492991459,10.831790280789754,17.776123129587248,54.025046079991455,90.27396903039565,97.21830187919315,105.2925895624067,91.85198618453417,93.6076681277461,102.77220284556641,111.93673756338673,113.69241950659864,115.73377918770483,101.83922470628002,9.184424006697242,39.7442677668216,44.60976292631349,89.09889581997538,92.47214501849787,102.63966334900896,111.88919791757124,113.65254687250085,115.70387006532432,2,-16.263104292835152,0.017388125881552696,16.30398653602868,18.40598815829381,0.982611894607544,100.24809656035589,10.478671307544978,-19.771087354097915,-13.971169843766752,16.30398653602868,46.5791429158241,52.37906042615526,59.12271795769637,79.71027819173449,83.0122160545082,100.24809656035589,117.48397706620358,120.78591492897729,124.6251312794359,98.78846786223092,15.302964839103034,113.78405026141928,120.39688256180565,74.88917254901996,81.01115100028206,100.01567689149933,117.39477607114368,120.70727708346536,124.55621167262406,2,-13.212347448786048
115,209,set,0.17,83.3375002083438,83.3215294499946,81.3985574547648,81.4515977952682,82.05722823334253,0.6893870830535889,91.97664112490662,6.716325210812321,0.31061288714408875,94.33187882380588,8.930841258712407,78.81288560325608,80.92926924211636,91.97664112490662,103.02401300769688,105.14039664655715,107.60115000044676,76.8277516050852,79.64195218768492,94.33187882380588,109.02180545992684,111.83600604252656,115.10812239940772,92.7082055653548,7.553814908130204,55.87203947273453,1.187824048214745,78.21562270072945,80.57109769593644,92.57042076676612,105.3306507747606,108.06482200250356,111.40516176192764,2,-10.650977332012275,0.6399756669998169,90.62784165202328,5.794431995222686,0.36002427339553833,90.07712873757382,8.046701981137172,79.27096363052024,81.09684916855758,90.62784165202328,100.15883413548897,101.98471967352631,104.1077062053838,74.30588266021786,76.84148179890273,90.07712873757382,103.31277567624488,105.84837481492977,108.7965567844325,90.42956623330876,6.698447024779881,44.79882626947911,0.0698788569353744,77.03672644375766,79.39497030156448,90.4690985780958,101.32172733021054,103.57114251170884,106.32039543404781,2,-8.372337999966234,0.983116865158081,88.838590640699,3.9550117321754965,0.01688309945166111,73.13874098612949,41.58141061484273,81.08691008720164,82.3331752483945,88.838590640699,95.34400603300348,96.59027119419635,98.03932377565205,-8.35932624533379,4.743406922546953,73.13874098612949,141.534075049712,154.63680821759274,169.87156716958813,88.57352537358413,6.975714688218643,44.56914021519526,4.0911775501244785,80.32258256676187,81.95132341452671,88.81357961336208,95.51218645794002,96.91705819483036,98.87806010179165,2,-6.516297140241605,0.31707802414894104,105.33593549322148,8.415377466848355,0.6829220056533813,86.43380631190473,5.5910489279806965,88.84209874188879,91.49387134471027,105.33593549322148,119.1779996417327,121.82977224455416,124.91303097247535,75.47555177726129,77.23734920425254,86.43380631190473,95.63026341955693,97.39206084654818,99.44053109917095,92.42725866085286,11.007738524069687,43.80303926932084,77.36752274019372,76.40794618724796,78.30181446193424,89.65379540972984,113.7850042621687,117.2258917160303,120.97723273362716,2,-10.37003042751033,0.9121023416519165,90.41981822858483,4.363148155703315,0.08789769560098648,107.9553315743361,13.853641771553264,81.86820498419397,83.2430781597496,90.41981822858483,97.59655829742006,98.9714314729757,100.57001866473045,80.80269264737203,85.16811865991029,107.9553315743361,130.7425444887619,135.10797050130017,140.18372165731242,91.96115281125743,7.673681621395953,34.23337241438753,24.652332254512274,81.83422780838892,83.29340669350022,90.83333553061195,105.64143387163301,115.84852567407829,124.67289524468346,2,-9.903924577914907
116,210,set,0.299,81.4515977952682,81.4305722940621,81.3690174447036,81.3039858466021,81.36785852845593,0.586517333984375,87.7218988540113,7.713187695472935,0.4134826362133026,96.62374456209598,8.999846774563599,72.60432876488684,75.03483409775517,87.7218988540113,100.40896361026742,102.83946894313576,105.66545665145273,78.98436901757235,81.82031395294753,96.62374456209598,111.42717517124443,114.2631201066196,117.56051897279532,91.40265487023791,9.3596257336754,68.38478397487995,19.217560917723965,74.06606443119227,76.66613606770268,91.00499177654937,107.49336437558125,110.73542269886451,114.45031922774923,2,-10.034796341781984,0.5732969641685486,87.20579746092392,6.63014158478038,0.4267030358314514,95.03282074641325,8.759132448769876,74.21095874235306,76.30018502799612,87.20579746092392,98.11140989385171,100.20063617949478,102.62981324126753,77.86523661100816,80.62532996910579,95.03282074641325,109.44031152372071,112.20040488181834,115.4096098970512,90.54561205836568,8.53964637801501,57.939115183434396,14.986445078108769,75.18265647949356,77.44952083752432,89.9807623155527,105.61548875819352,108.81261887179659,112.45620428800126,2,-9.17775352990975,0.9529362320899963,85.45470092362257,5.110794205101197,0.04706377908587456,75.24000759426957,34.21812336109059,75.43772834922821,77.0481925387593,85.45470092362257,93.86120930848584,95.47167349801693,97.34418615731998,8.17371818798334,18.956203276306788,75.24000759426957,131.52381191223233,142.3062970005558,154.8432661290099,84.97395980837064,9.2019767885166,79.99693762969817,4.679519882899453,71.70602717521578,75.65006198138936,85.38096884419399,94.50490556367077,96.80530003349612,103.17446144273985,2,-3.6061012799147107,0.34729138016700745,97.52455851190953,8.905005709244705,0.6527086496353149,91.14495122355167,6.3079914500315155,80.07106803966634,82.87712757303481,97.52455851190953,112.17198945078425,114.97804898415271,118.2406996119325,78.78151516670331,80.76922860818846,91.14495122355167,101.52067383891489,103.50838728040003,105.81953372280029,93.3605365599802,7.920678943345212,53.51167385529562,9.225740830956092,79.09590683656128,81.26085454371417,92.84974787082525,107.36913960062866,110.6581190537508,114.46146614578456,2,-11.992678031524278,0.8373247385025024,85.05993393616505,5.219515308491524,0.16267524659633636,107.23238687365979,13.829620031490073,74.82987191476619,76.47459525006403,85.05993393616505,93.64527262226606,95.28999595756392,97.20234227759794,80.12682969206556,84.4846862055026,107.23238687365979,129.98008754181697,134.337944055254,139.40489403270936,88.6668419179259,10.994947775347653,53.92452837987821,66.96423105266479,75.0776006570207,76.81104961411185,86.17679452009781,114.19347581034206,121.34934878206887,128.5650643276653,2,-7.298983389469967
117,211,set,0.647,81.3039858466021,77.59456838021339,77.7470763211949,77.3523826467665,77.56467578272493,0.3740003705024719,77.53199056261093,9.977886671935245,0.6259996294975281,100.16911997736534,8.97035299621793,57.97569204379562,61.11982748096748,77.53199056261093,93.94415364425437,97.08828908142624,100.74402600928792,82.58755117616724,85.41420231650127,100.16911997736534,114.92403763822941,117.75068877856344,121.03728159951281,91.70282518913478,14.407697018931524,87.60727004591371,119.974463343416,62.566244235950954,66.45869784041895,93.6332080841011,112.78824408870032,115.88386200523628,119.41283363726424,2,-14.138149406409852,0.4862152338027954,81.93861218027493,8.890307014648506,0.5137847065925598,106.8818429692131,11.215189294325201,64.51393062006005,67.31535844251822,81.93861218027493,96.56186591803164,99.36329374048981,102.62055900337286,84.90047587253652,88.43449818149496,106.8818429692131,125.32918775693122,128.8632100658897,132.97227474103212,94.75405780871816,16.077214957788424,103.05334747860348,155.42295817007613,67.41681146118846,70.65485421472222,93.5551202923412,121.42813694436315,125.47674547635052,130.04081297238082,2,-17.189382025993226,0.5646955966949463,77.54373961886134,10.16704908267903,0.4353043735027313,78.4922232151933,19.624143856919595,57.61668958775944,60.82043205982309,77.54373961886134,94.26704717789957,97.47078964996322,101.19583263762058,40.02960802819794,46.213379016321646,78.4922232151933,110.77106741406496,116.95483840218866,124.14480855660983,77.95661636555671,15.04101217851265,226.0107263463448,0.22113989213264335,47.22937470625992,53.64301837511567,77.81441895257471,102.9107530871083,109.61313193005458,117.67862227830769,2,-0.39194058283177924,0.5712838768959045,76.7182381616578,8.908851506204718,0.42871612310409546,102.20545025498974,8.997718397854822,59.257210065881125,62.06448144970487,76.7182381616578,91.3719948736107,94.17926625743445,97.44332592326268,84.57024625216084,87.40552051399024,102.20545025498974,117.00537999598923,119.84065425781863,123.13727332105746,87.64501691904289,15.464426446445279,80.04985164397165,159.09863367354586,61.496190307249975,64.63564399048711,85.91001630916341,112.9323806567461,116.32414485668501,120.10618086885523,2,-10.080341136317955,0.5628726482391357,72.03261683728654,7.304848073189566,0.4371272921562195,107.1426668077476,13.667634151745009,57.71537770129818,60.0172109897712,72.03261683728654,84.04802268480188,86.3498559732749,89.02623462254242,80.35459611645773,84.66140920140401,107.1426668077476,129.6239244140912,133.93073749903746,138.9383384598276,87.3801736148652,20.37152445174918,111.69256212919953,303.3059912599842,59.58744654077018,62.168000909875154,80.2358396107257,123.59229122248762,128.72111151910815,134.4460573092616,2,-9.815497832140267
118,212,set,0.229,77.3523826467665,77.4313841789099,77.37434792768279,77.3218793856003,77.37587049739767,0.5998944044113159,87.66469579921166,7.5476907756920655,0.4001055359840393,93.9104055281109,8.830597190585676,72.87149371241003,75.2498492517064,87.66469579921166,100.07954234671692,102.45789788601328,105.22325018916055,76.60275307258239,79.38536571102857,93.9104055281109,108.43544534519323,111.21805798363941,114.4534465289409,90.16363361267057,8.645115103428584,65.37457443081475,9.36295616589869,73.8800853473862,76.38888217513248,89.90470497420675,104.84350464518221,107.87296912706657,111.41058871792839,2,-12.787763115272895,0.537409782409668,84.85833341698057,6.332725688295258,0.4625902473926544,90.54721603297808,7.904681681681047,72.44641914395024,74.44192660009935,84.85833341698057,95.27474023386179,97.2702476900109,99.59045635883007,75.05432462762973,77.54517169896815,90.54721603297808,103.54926036698802,106.04010743832644,108.93625545812637,87.48995756267804,7.6486455728521925,50.456452880714224,8.04555434005533,73.30002272106394,75.45684039894297,87.16912881337542,100.64487702086761,103.39425873933277,106.57998322937912,2,-10.114087065280373,0.9718261361122131,83.27783265541267,4.498596082590096,0.028173882514238358,74.38296083282296,37.47083004567357,74.4607463525431,75.87830057277466,83.27783265541267,90.67736473805067,92.09491895828222,93.7431320883146,0.9414834724813943,12.748930127314559,74.38296083282296,136.01699153833133,147.8244381931645,161.55314664812136,83.02723113287432,7.835257670317283,59.22511084249532,2.1662803196070795,73.06927105195399,75.22278199985813,83.24726578123023,91.05532110361732,92.84795126922381,96.12455017432339,2,-5.6513606354766495,0.23759177327156067,100.97003829281569,9.891823532344898,0.7624081969261169,87.11283924048416,5.626670581617944,81.58242042799391,84.69943647847425,100.97003829281569,117.24064010715712,120.35765615763746,123.9818609376734,76.08476754764195,77.85778972664873,87.11283924048416,96.36788875431958,98.14091093332637,100.20243238595921,90.40519313973968,9.064700484384911,47.385323601976,34.783227692302134,76.58405558913046,78.45878739195783,88.85303813239874,108.93754468418291,113.35827090306834,118.05270146789553,2,-13.02932264234201,0.8431646227836609,84.00621031768769,5.035441007612279,0.1568353921175003,105.95373004812504,13.148560325579629,74.13692729649154,75.72364691301645,84.00621031768769,92.28877372235893,93.87549333888384,95.72039780060459,80.1830253614367,84.32627290740515,105.95373004812504,127.58118718884492,131.72443473481337,136.54185540823494,87.44835943240749,10.592050944903363,48.493430768801936,63.698226403017436,74.39314003011076,76.0549685543206,85.05621738515356,112.14724739773449,119.06174955953188,125.9914521373644,2,-10.072488935009815
119,215,set,0.053,26.0093987563346,25.9973425516444,26.241925359566903,24.4093367665879,25.549534892599734,0.3381056487560272,64.0908715723375,10.235654713799748,0.6618943214416504,66.54842765999308,6.550417985851975,44.02935697510236,47.25471779212105,64.0908715723375,80.92702535255395,84.15238616957265,87.90256515520166,53.70984432403981,55.7739488779163,66.54842765999308,77.32290644206986,79.38701099594635,81.78697861545871,65.71751208132427,8.073112058790802,63.82341026270373,1.3515993410753033,48.78366544568379,52.11184401331321,65.94481449629446,78.455687263742,81.10512040963842,84.44000256694132,2,-40.167977188724535,0.09288427233695984,44.24995306865149,6.679436170065134,0.9071156978607178,58.78669239517326,3.448103128942561,31.158498738289673,33.263258258329,44.24995306865149,55.23664787897398,57.34140739901331,59.78864520267401,52.02853444746597,53.11506745742937,58.78669239517326,64.45831733291715,65.54485034288055,66.80817977866236,57.436456188697264,5.721369253733972,14.929094663047527,17.80487315825839,40.13956005123717,44.88770148362104,58.358426877658246,64.29801412497996,65.40422302634663,66.68607383580503,2,-31.88692129609753,0.9928314685821533,41.378963061706415,3.6802860377544553,0.007168549112975597,63.883242823405034,39.53750988101797,34.165734974902065,35.325431224287136,41.378963061706415,47.43249489912569,48.592191148510764,49.94058866149868,-13.608852581786714,-1.1501737050170604,63.883242823405034,128.91665935182712,141.37533822859677,155.86124487997992,41.54028682863638,5.315806187176056,24.65339236989214,3.604433584360937,34.070711631913504,35.27616316427118,41.39329932615965,47.59579146515961,48.9010642602517,50.73374321897529,2,-15.990751936036649,0.0017362788785248995,101.16605214877868,44.46220105407473,0.9982637763023376,61.204810991022455,2.5130641912971443,14.021739409413357,28.032239482738248,101.16605214877868,174.29986481481907,188.31036488814397,204.60059904610188,56.27929568524277,57.071188241205476,61.204810991022455,65.33843374083943,66.13032629680214,67.05107252977473,61.274198227338566,3.536184108656991,9.736954226757383,2.767851001619405,56.26877404562792,57.064221478677474,61.20827122620621,65.37257275512931,66.19003232665649,67.1862893040651,2,-35.724663334738835,0.3743074834346771,44.88034464384303,6.4502631428198285,0.6256924867630005,91.65693132905855,6.226882582663831,32.23806119311003,34.27060591858443,44.88034464384303,55.490083369101626,57.522628094576035,59.885900593145934,79.45246573107768,81.414620928363,91.65693132905855,101.89924172975411,103.86139692703941,106.14282638714049,74.14810215166209,23.500602739653893,39.83403992248647,512.4441253531294,35.20405563440729,37.72294944674068,86.43590846526953,100.40989223794847,102.56148172049353,105.01274413133189,2,-48.59856725906235
120,217,set,1.226,11.8156075195472,127.80557193950001,127.67552032559999,127.6390653144,127.70671919316668,0.02080589346587658,47.23576600315596,21.874637807557203,0.9791941046714783,107.88221128368501,7.14849053846202,4.362263725485619,11.255188667145681,47.23576600315596,83.21634333916623,90.10926828082629,98.12378316218005,93.87142728447411,96.12399069426746,107.88221128368501,119.64043187310254,121.89299528289591,124.5120870504372,106.62040760314794,11.615726447728374,59.99333207836167,74.93174765571165,89.39667985694925,94.4522744003611,107.69290790934019,119.56822685511955,121.82961667679339,124.4567819645378,2,21.086311590018738,0.03489721938967705,21.225754773140217,11.163397057670142,0.9651027917861938,106.44407990661482,7.2448412663301625,-0.6541014050136766,2.8636006337320836,21.225754773140217,39.58790891254834,43.1056109512941,47.19569978532493,92.24445195089814,94.52737647300395,106.44407990661482,118.36078334022568,120.6437078623315,123.29810098430534,103.47019850801642,17.308673765961696,55.00499142554233,244.58531576074057,27.612900601954724,90.84390285836494,106.11563857440187,118.23562839752857,120.53339743284509,123.2014255843073,2,24.236520685150253,0.0019605562556535006,7.286687463219948,36.570016095860026,0.9980394244194031,114.82809703218992,4.274790889137243,-64.3892269987158,-52.865636149729156,7.286687463219948,67.43901107616904,78.96260192515568,92.36126666146325,106.44966084804096,107.79669173373341,114.82809703218992,121.85950233064642,123.20653321633887,124.7727477291035,114.6172538298712,6.594689365296579,20.85999133583296,22.62968261492286,106.30417414430372,107.7174859634214,114.81760801411802,121.8563602939866,123.20392998125573,124.77093778920049,2,13.089465363295474,0.07578433305025101,32.883389819334226,14.819234442591332,0.9242156147956848,112.36732363090479,7.4643167632224445,3.8382240333997046,8.507918297793687,32.883389819334226,57.25886134087476,61.92855560526874,67.35808435976938,97.73753160579021,100.08961513020367,112.36732363090479,124.6450321316059,126.99711565601937,129.73192106419475,106.34368085837201,22.597241852037094,68.13659542376907,442.4981540864984,26.35943818490272,38.98636793199922,111.59885948694769,124.35760773668464,126.7439773268715,129.51023978364435,2,21.363038334794666,0.006525778211653233,0.5300631197243533,24.042544489624888,0.9934741854667664,103.86854089023981,11.331671678388261,-46.592458176642374,-39.01640338517729,0.5300631197243533,40.076529624625984,47.65258441609107,56.46138537969554,81.65887251596627,85.2295996306196,103.86854089023981,122.50748214986002,126.07820926451335,130.22995120858715,103.19417313091,14.162428414388696,131.3410107610989,69.23298104171747,80.25782982917974,84.50703072268296,103.77525291992619,122.47162733464079,126.04657898876741,130.20228068014634,2,24.512546062256675
121,219,set,0.385,127.8030728459,127.8290812693,127.7651247715,127.89917043310001,127.8311254913,0.8735794425010681,103.80668510496052,4.895887749457514,0.1264204978942871,106.31878963803233,9.457120174085007,94.21092144367293,95.75366638311804,103.80668510496052,111.859703826803,113.40244876624811,115.1962231624536,87.78317469935854,90.76321121917266,106.31878963803233,121.874368056892,124.85440457670612,128.31934104956372,104.12426042343336,5.739662318125383,32.24613737919054,0.6969399216034188,93.34525049148262,95.22490827668467,103.98015914352973,113.43913401359183,115.98630902894028,119.89353667491223,2,23.706865067866644,0.9502182006835938,123.35863609119025,5.438088133988958,0.04978175461292267,111.53865826487285,14.30195423621052,112.70017920381726,114.41377710031675,123.35863609119025,132.30349508206376,134.01709297856323,136.00952086054218,83.50734305336017,88.014036966948,111.53865826487285,135.0632795627977,139.56997347638554,144.80997909691058,122.77021134094957,6.700209525241276,38.28326878182197,6.608865105949253,108.90766149575833,112.67784770120707,123.15035880659534,132.36675919946674,134.17640321261527,136.3704717825897,2,5.060914150350428,0.9499726295471191,118.48809217626314,5.414213257128897,0.050027310848236084,66.29821118726514,33.30407544104377,107.87642918767119,109.58250386318592,118.48809217626314,127.39368048934034,129.09975516485508,131.0834356765887,1.0234227844144215,11.517881905798816,66.29821118726514,121.07854046873143,131.57299959011584,143.7750762864331,115.87716571445345,14.587085190146603,83.33558179352075,129.44667220866398,66.27542426731078,105.01706765500195,118.17319690702611,127.34865975889296,129.12303812810777,131.25697089246447,2,11.953959776846546,0.9718262553215027,98.51958374115537,2.967267466031169,0.028173724189400673,105.3739492911829,9.79637221948129,92.70384637523685,93.6388630875189,98.51958374115537,103.40030439479185,104.3353211070739,105.42248010246753,86.17341256185085,89.26035091500245,105.3739492911829,121.48754766736334,124.57448602051494,128.16371897728595,98.7126947270779,3.542173234123995,11.260417078728288,1.2863744920388305,92.59535481952007,93.58423061262857,98.5748251184925,103.88817928841938,105.30121988924465,109.16944681372577,2,29.118430764222097,0.9895463585853577,114.09512264934864,2.845666687673656,0.010453675873577595,123.71749030371652,18.829123515604714,108.51771842950288,109.41441747703364,114.09512264934864,118.77582782166364,119.6725268691944,120.71513329844709,86.81308635267507,92.74633819675684,123.71749030371652,154.68864241067618,160.62189425475796,167.52058176429594,114.19571569354024,3.5604365453669726,11.71937050668479,0.9577872542086902,108.41976823322796,109.36288796796825,114.10982129366998,118.94456082837787,119.99036007562265,121.56317671894716,2,13.635409797759763
122,220,set,0.893,127.89917043310001,121.0786705029,121.2278000075,121.0707252802,121.1257319302,0.7293246984481812,81.16481438590993,6.104576470164456,0.27067530155181885,95.41180205618798,7.961416467553641,69.20006436351694,71.12367963795731,81.16481438590993,91.20594913386256,93.12956440830291,95.36618287919676,79.80771251385875,82.31643730386119,95.41180205618798,108.50716680851477,111.01589159851721,113.93282632983514,85.02112206976749,9.187224347855112,44.335432145683626,40.06965907213825,70.02494728709263,72.06068473000471,83.67457437161359,102.57549414654036,105.97457128484912,109.64164452500407,2,36.10460986043252,0.9251700043678284,112.97118865060415,8.048521000766184,0.07482997328042984,118.07236315308081,18.013070800534255,97.19637736028815,99.7325496908988,112.97118865060415,126.2098276103095,128.74599994092014,131.6948483699096,82.76739313306359,88.44349831428838,118.07236315308081,147.70122799187325,153.37733317309804,159.97703211485083,113.35290687722045,9.274332164392007,84.21143647040265,1.8015134301924038,96.0982105126597,99.08537446636892,113.14701071418644,128.03994437113718,131.95016211121015,138.76824975588391,2,7.772825052979556,0.3835519254207611,101.93084797776157,14.134031305646237,0.6164480447769165,57.088042628979956,14.156561618945934,74.22865566233331,78.68243532122369,101.93084797776157,125.17926063429944,129.63304029318982,134.81152165727838,29.34169171092388,33.80257090489472,57.088042628979956,80.37351435306519,84.83439354703603,90.021129654943,74.2875852604173,25.99260289899617,200.16375646523414,475.4514845312236,32.39489292492791,37.3019986791101,69.23937482786239,117.82823959001047,123.31146281544724,129.37840442008212,2,46.8381466697827,0.9907932877540588,65.93585651797159,3.912903023395113,0.009206646122038364,110.69897848424517,15.264722965568888,58.26670751711927,59.49970378803075,65.93585651797159,72.37200924791242,73.6050055188239,75.03863014777478,80.78067123774869,85.59074354991975,110.69897848424517,135.8072134185706,140.61728573074163,146.21003430301874,66.34797038129655,5.966008101158556,17.315104730947812,18.277856851206383,58.28181273980852,59.51695586325774,65.98127378377086,72.73092807903137,74.32501456193457,78.08466745008809,2,54.777761548903456,0.9334431290626526,86.70948971071691,3.633616103062225,0.06655683368444443,119.88197832686839,12.812149155092674,79.58773301507017,80.73272308464573,86.70948971071691,92.68625633678809,93.83124640636365,95.16254480715628,94.77062741833146,98.80786832007095,119.88197832686839,140.95608833366583,144.99332923540533,149.6874942757124,88.91734228826103,9.571599926538891,23.249786422771614,68.36544419855389,79.69166004379416,80.85207560164197,87.03127245343057,111.19036451672548,123.94355602559868,133.1473790441137,2,32.20838964193898
123,221,set,0.647,121.0707252802,119.2206024646,119.0645290456,119.165635586,119.15025569873335,0.7536135911941528,90.16391544709178,6.145320425764533,0.24638637900352478,101.62399180575818,8.87651164272522,78.11930873913494,80.05576285599402,90.16391544709178,100.27206803818954,102.20852215504861,104.46006855486885,84.22634867766627,87.02342943554463,101.62399180575818,116.22455417597173,119.02163493385008,122.27384579471077,92.98751947711342,8.500578173697193,47.87357814157956,24.385993454449512,78.74269599617759,80.77443968256537,92.00762946344484,109.10148838084022,112.94202679127419,117.10574137797147,2,26.162736221619923,0.9073019623756409,112.68384997958259,7.102413918084873,0.09269808977842331,114.78065793810569,15.510124539579584,98.76337449684021,101.00141868631006,112.68384997958259,124.3662812728551,126.60432546232495,129.20653549847742,84.38137244479881,89.26877333470917,114.78065793810569,140.2925425415022,145.17994343141257,150.86260318686533,112.87822594889062,8.27267367564513,68.0680172385949,0.3697770258069151,97.16945975910768,100.04912697314461,112.77731971725042,125.9389113156285,129.2887309906417,134.77158282744134,2,6.27202974984273,0.7431085109710693,106.01207414209047,9.040169353257134,0.25689148902893066,64.60010719208833,21.696926167711126,88.29366779556372,91.14231879312992,106.01207414209047,120.88182949105101,123.7304804886172,127.04265289800937,22.074913328149854,28.911839491430364,64.60010719208833,100.28837489274628,107.12530105602679,115.0747052555642,95.37369228868755,22.562021326948415,181.66365710186216,327.3811492558115,36.45936286797622,45.9202712673438,102.31659997632536,119.67429807377789,122.71056127245052,126.22555955848266,2,23.776563410045796,0.9710818529129028,81.21404709977872,4.020360321704846,0.02891814522445202,108.2670905675952,11.8321788695433,73.33428566436336,74.60114284297072,81.21404709977872,87.82695135658673,89.09380853519409,90.56680378705494,85.07644612465448,88.80488823928833,108.2670905675952,127.72929289590208,131.4577350105359,135.79285472602822,81.9963707882715,6.347965093569529,19.744438054173052,20.552210251685622,73.3816308432126,74.65584613717937,81.36068716307875,89.21378500035603,95.56404987599697,112.96062061888352,2,37.15388491046184,0.9526200294494629,96.75413303535298,3.7744862454596912,0.04737994447350502,119.23605116477012,15.387666028013546,89.35627593411017,90.54565564463016,96.75413303535298,102.9626104260758,104.15199013659578,105.53490108807452,89.07677994373306,93.92559288827407,119.23605116477012,144.54650944126615,149.39532238580716,155.0331153154899,97.81932254492202,6.899532399514464,24.79037183701508,22.812925973728557,89.35261406559295,90.57938931447387,96.95478147146684,105.29506680951812,118.16875112397135,131.58852588805036,2,21.33093315381133
124,225,set,0.053,40.2796211298836,39.825992274554,39.3333005555829,39.654152344908596,39.60448172501517,0.43944817781448364,71.85166313524454,9.013171923725645,0.5605517625808716,72.79726743126147,7.159231416271426,54.18617077827467,57.026314606167226,71.85166313524454,86.67701166432184,89.5171554922144,92.81943647836829,58.76543169838179,61.02137967002249,72.79726743126147,84.57315519250045,86.82910316414116,89.4521302162709,72.38171900738801,8.040584454561928,64.43042272037172,0.22026337508738852,56.37549364321547,59.08826833080326,72.43445795235624,85.48890369340171,88.07449074748907,91.14795527682648,2,-32.777237282372845,0.1695404052734375,56.20181209754551,6.353711170030324,0.8304595351219177,65.54001150250086,4.217161572845583,43.74876703611623,45.75088723491905,56.20181209754551,66.65273696017198,68.65485715897479,70.98275457021509,57.27452670273723,58.60339799396542,65.54001150250086,72.47662501103629,73.80549630226449,75.35059636197691,63.95680548437145,5.82164283951652,21.613553598550414,12.277727941154964,49.536945593580064,52.67330385909766,64.65247836732945,72.13360775343611,73.50635627197863,75.09405654806416,2,-24.35232375935628,0.9928554892539978,53.82267640141497,3.5356241544761766,0.007144568488001823,66.40688930630333,42.249827711000805,46.89298039577178,48.00709218738759,53.82267640141497,59.638260615442334,60.752372407058154,62.04776813658806,-16.401251360280625,-3.087893042211192,66.40688930630333,135.90167165481782,149.21502997288724,164.69468618038184,53.9125882802105,5.1271731187341265,25.164724491231098,1.1233475292399122,46.757369239452714,47.935100121006094,53.830145869255276,59.76990199414477,60.99892614639778,62.661198435797054,2,-14.30810655519533,0.006479975301772356,104.06311411912819,29.462438845294376,0.9935199618339539,65.99518355335309,3.031169241344317,46.31779508563734,55.60171472560977,104.06311411912819,152.5245135126466,161.80843315261902,172.60299609093704,60.054201009272624,61.00935383282414,65.99518355335309,70.98101327388203,71.93616609743354,73.04673767381243,66.24185865446961,4.90747282548892,14.753295786084133,9.329717899410955,60.03945186310892,61.004250833789776,66.01509130719299,71.14590630329049,72.24911293535794,73.90481162003019,2,-26.63737692945444,0.5638570785522461,57.249076340197405,5.725272777748706,0.4361429512500763,94.85097609598152,7.627104366262644,46.027747894142344,47.83184064643091,57.249076340197405,66.66631203396389,68.47040478625246,70.568052495017,79.90212623177854,82.305505815997,94.85097609598152,107.39644637596604,109.7998259601845,112.59427412352424,73.64888157845004,19.787981464141403,43.85415152517096,347.7102205525306,47.50216403893361,49.52588414297819,64.17268237552244,104.02035570195339,106.8840394933146,110.08012774158504,2,-34.044399853434875
125,226,set,1.153,39.654152344908596,102.9614174739,102.9154930012,102.96001815390001,102.94564287633334,0.05418550223112106,53.935634719880966,17.70342585586655,0.9458144307136536,102.93977148086461,7.907138302533404,19.237557639407342,24.81609049139239,53.935634719880966,83.05517894836953,88.63371180035458,95.11996182291577,87.44206518712195,89.93368636513563,102.93977148086461,115.94585659659359,118.43747777460726,121.3345258607101,100.28445081641858,14.113422338730517,76.11734865884597,123.07066708006866,52.21906060402591,77.7113212816431,102.37506892632737,115.73215210769135,118.24936246700115,121.17003621114071,2,2.661192059914754,0.0982213094830513,43.530546110411564,11.958447357775905,0.9017786979675293,110.33533607540224,9.811802950619917,20.092419978152616,23.86065060126561,43.530546110411564,63.20044161955751,66.96867224267051,71.35005469800285,91.10455566878336,94.1963564051419,110.33533607540224,126.47431574566257,129.5661164820211,133.16100301008453,103.77368294736296,22.27456361931421,100.86165294661659,395.29461171939187,35.63423294077304,43.80198243434059,108.99173144987401,125.97730985845298,129.12860149079452,132.77795807665441,2,-0.8280400710296192,0.00756451953202486,30.175925313474345,30.542304765206957,0.9924355149269104,100.82021828728114,6.097414365309372,-29.685892031177374,-20.061695455033572,30.175925313474345,80.41354608198225,90.03774265812605,101.22795107232099,88.86950573245761,90.79086415347601,100.82021828728114,110.84957242108626,112.77093084210466,115.00492523316467,100.28583162741207,9.023267069428066,43.95365478329831,37.46604038498396,88.00517814476689,90.34758267749349,100.76318174203271,110.82940012576002,112.75439148550598,114.99279321933774,2,2.6598112489212724,0.29046666622161865,40.69089560384174,12.223085080645358,0.7095333933830261,110.24130194360298,9.911972773047506,16.734089065807968,20.585709776405785,40.69089560384174,60.796081431277685,64.6477021418755,69.12604359542138,90.81419229268826,93.93755757761154,110.24130194360298,126.54504630959441,129.6684115945177,133.29999873173273,90.03923385062724,33.31733363692841,113.10649851318809,996.9387053798603,24.00181143347023,29.130820457690515,104.9093078692614,124.83483038920251,128.17093902851374,131.99484977812548,2,12.906409025706097,0.028276868164539337,22.34653658606142,17.0285337532095,0.9717231392860413,103.2397345258528,12.067731816690435,-11.028776279753885,-5.662908919570807,22.34653658606142,50.35598209169363,55.721849451876714,61.96082988087304,79.58741479005143,83.39008207809185,103.2397345258528,123.08938697361373,126.89205426165417,131.3134767821056,100.95232900149729,18.152547066040093,149.71165835625618,179.8033825601881,42.708704078979345,79.01813120273293,102.79951340790177,122.92117830398303,126.74375709782004,131.18349427686562,2,1.9933138748360477
126,229,set,0.229,65.92718342590611,65.8796681509356,65.8921700993193,67.3462804312586,66.37270622717118,0.5006347298622131,82.30164890051961,8.459489832588517,0.49936529994010925,90.36357646020566,8.486086074833407,65.72135350106333,68.38702636722728,82.30164890051961,96.21627143381193,98.88194429997587,101.98136508803202,73.7311533838253,76.40520700139355,90.36357646020566,104.32194591901778,106.99599953658601,110.10516475932195,86.32749822723795,9.382774100658349,71.78802862920968,16.248643294706394,68.02251415059678,70.9058399043865,86.32076458957589,101.77173756273423,104.66626093399067,108.0019094568936,2,-19.954792000066774,0.379062294960022,75.51112292875024,6.6865852493589655,0.620937705039978,86.28440833455477,6.920937891036615,62.405656660449885,64.51266892942192,75.51112292875024,86.50957692807854,88.61658919705059,91.06644630818931,72.7196193288844,74.90047854257732,86.28440833455477,97.66833812653222,99.84919734022513,102.3849174837365,82.20066204437119,8.602845327157722,46.69056717654415,27.318380546454986,65.33031997501013,67.83872994737668,82.39868093765347,96.01525009977512,98.39502806837167,101.1144832044284,2,-15.827955817200007,0.9694882035255432,74.09885510610445,4.621289379897723,0.030511848628520966,74.63755715052231,36.01083656659598,65.04129435936747,66.49751050838736,74.09885510610445,81.70019970382154,83.15641585284143,84.84958183035704,4.057614426836167,15.405002014400196,74.63755715052231,133.8701122866444,145.21749987420844,158.41129023965505,74.11529576589605,7.7640298563959975,60.2718617303145,0.008584366988283876,63.90928084362752,65.94466923806078,74.10102016396021,82.27277684157502,84.33463806028907,91.08217631570822,2,-7.7425895387248715,0.10055423527956009,99.1287553745093,13.368551634697537,0.8994457721710205,83.6896527076629,5.011653402012614,72.92687564503805,77.13944473108901,99.1287553745093,121.11806601792958,125.33063510398054,130.22865704889313,73.86699253672055,75.44621643233876,83.6896527076629,91.93308898298703,93.51231287860526,95.3485019448645,85.24212049326675,7.88165231236003,40.56195167975456,21.55854563072555,73.82636084877997,75.50733522118084,84.20715531653978,99.46734822601496,108.20395913806787,116.30333654334814,2,-18.869414266095575,0.7242376208305359,74.92059738633031,5.704117312439286,0.2757624387741089,102.51778497805624,11.650537417867126,63.740732890357904,65.53815933640787,74.92059738633031,84.30303543625276,86.10046188230272,88.190358569403,79.68315123850039,83.35435625034366,102.51778497805624,121.68121370576883,125.35241871761208,129.6209879315447,82.53086960554683,14.597962738409617,60.995107109774864,152.10581498998627,64.53365867153965,66.44535675173742,77.65447863719378,113.12401687187547,118.09125293899667,123.43981438351554,2,-16.158163378375647
127,231,set,0.053,10.5367549407898,10.4492323523698,10.6407826082793,10.3051892089417,10.465068056530265,0.24783989787101746,55.73300195842213,11.659144708743254,0.7521601319313049,59.89050841456214,5.879772216163481,32.88149823874461,36.55541549709372,55.73300195842213,74.91058841975054,78.58450567809965,82.85622846474152,48.36636663358246,50.21914375915714,59.89050841456214,69.56187306996713,71.41465019554182,73.56890400947846,58.860114223950546,7.931948577508331,59.69374940095713,3.222162085814511,40.73569894771617,45.18939304025975,59.305117214626705,70.66304484033863,73.27431669230931,76.91742926447634,2,-48.39504616742028,0.04870148375630379,31.248319771452074,6.944373480843411,0.9512984752655029,51.2682036252548,2.735992438838624,17.637597853803932,19.825841864581164,31.248319771452074,42.67079767832298,44.85904168910021,47.40334825515774,45.90575698315719,46.76789653891928,51.2682036252548,55.76851071159032,56.63065026735241,57.63307381873885,50.29320347606738,5.295140981968973,9.469687916751669,18.56872645167478,31.480421957315034,43.80095773305078,51.09328318857773,55.70226981931096,56.57232622988402,57.58204867077563,2,-39.82813541953712,0.9928827285766602,27.680665436215193,3.8389269533696915,0.0071172150783240795,60.85047469441688,36.41229738998152,20.15650686833052,21.366192513363288,27.680665436215193,33.9951383590671,35.20482400409986,36.61134499278486,-10.51631678430872,0.9575752668701298,60.85047469441688,120.7433741219636,132.21726617314246,145.55814531654323,27.91674054314527,5.643030934890097,24.06886841424887,7.774885805705092,20.10517232840475,21.34163910959742,27.702651429968125,34.19566079599632,35.58451457184271,37.629977883227326,2,-17.451672486615003,0.0004219312977511436,97.92737399366541,68.65767605326144,0.999578058719635,56.291308775082214,2.018147733851503,-36.63919833294517,-15.004453480600958,97.92737399366541,210.8592014679317,232.49394632027597,257.6490127167549,52.33581190125214,52.971751155332676,56.291308775082214,59.61086639483175,60.246805648912286,60.986222465227996,56.308875772178745,2.6060124385188677,6.060133763535543,0.7311354144099609,52.323753155836236,52.967543990860555,56.29186388840748,59.622507453002235,60.25935842900135,61.01296700120376,2,-45.84380771564848,0.21534675359725952,31.37690290191938,7.260804091645985,0.7846531867980957,88.94552007813894,4.973665003895657,17.14598838349218,19.433942957191384,31.37690290191938,43.31986284664737,45.60781742034657,48.26805906434706,79.19731579933618,80.76456915723956,88.94552007813894,97.12647099903832,98.6937243569417,100.51599508614294,76.5482999585905,24.30561826373923,30.76316041681534,559.9995695039067,22.702012341894097,26.064344481003804,87.19951287118946,96.52671566297332,98.16733471518654,100.05633451679707,2,-66.08323190206023
128,232,set,1.153,10.3051892089417,105.4518612253,105.4748737228,106.1708065318,105.69918049329999,0.02153761126101017,48.349218332759975,22.03744429766122,0.9784624576568604,107.69163169187686,7.170499178033525,5.156621198036383,12.100848151010865,48.349218332759975,84.59758851450907,91.54181546748356,99.61598002391761,93.63771155175709,95.89721011183586,107.69163169187686,119.48605327191785,121.74555183199664,124.37270721050675,106.41354528353595,11.618057905211892,60.768401245604,74.21164865837245,88.8318120330328,94.15247380821893,107.49522616158383,119.41127860333863,121.67993017565497,124.31589631855573,2,-0.7143647902359618,0.03122168406844139,21.17850064202578,10.982365202260619,0.9687783122062683,104.73668933754254,6.761594246391767,-0.3465396194709811,3.1141174065817587,21.17850064202578,39.242883877469794,42.70354090352254,46.72730258224488,91.48420813654143,93.61485651739083,104.73668933754254,115.85852215769425,117.98917053854366,120.4665097377628,102.12786157858532,16.10094395378477,48.05744805845951,211.1829092893045,30.45000544148443,90.7628250832841,104.4635013237223,115.75426717882239,117.89728122776974,120.38591891974693,2,3.5713189147146664,0.0036651743575930595,8.926501420510519,31.605789739287488,0.9963347911834717,113.32299863960466,4.902774689331123,-53.01970817143856,-43.06039646482215,8.926501420510519,60.91339930584317,70.87271101245958,82.45256318788378,103.7137368242011,105.25865190973249,113.32299863960466,121.38734536947683,122.93226045500822,124.72855811503136,112.94036336998482,8.210343660669366,27.610336057157994,39.79896742730125,103.39264098429584,105.0874868976021,113.30041353504393,121.37891209094732,122.92531207899175,124.72244951881487,2,-7.241182876684832,0.04767145961523056,37.43126453089654,16.598899943389366,0.9523285627365112,110.7043658563795,6.784456711503421,4.898018458869437,10.128503755607944,37.43126453089654,64.73402530618513,69.96451060292364,76.04608012561702,97.40707504716174,99.54492762756783,110.7043658563795,121.86380408519116,124.00165666559725,126.48737230370759,107.21133264009444,17.341084188571422,56.96919771630765,243.7442600357675,38.44806702991089,91.63578458862413,110.27844281706426,121.70240084936317,123.85940701880243,126.36278188422256,2,-1.512152146794449,0.007224550936371088,2.721483544966347,23.334573974165288,0.9927754402160645,103.1803535972116,11.130538776852765,-43.0134410389833,-35.66047508980687,2.721483544966347,41.10344217973955,48.45640812891599,57.0058201014145,81.36489846605367,84.87224652018132,103.1803535972116,121.48846067424188,124.99580872836952,129.07385881767217,102.45458246061405,14.117756291112165,126.9276356544015,72.38331416846844,79.81712439108502,84.08114727345192,103.07883681748989,121.44946073999633,124.96139241987798,129.04372227594146,2,3.2445980326859427
129,233,set,1.378,106.1708065318,112.3108783081,111.1249523412,111.5742433983,111.67002468253332,0.37152859568595886,56.38306343366216,8.501888034467752,0.628471314907074,83.3578278372932,6.650625582407196,39.71966908551333,42.39870206423255,56.38306343366216,70.36742480309177,73.04645778181099,76.16141258797947,70.32284122111437,72.41852222657447,83.3578278372932,94.29713344801192,96.39281445347203,98.82949652196781,73.335924046682,14.985093507113769,54.652669167580164,169.8998774045892,43.66179776904149,46.988438210677614,77.94217715047458,92.72253625908091,95.01821524716554,97.63434742831883,2,38.33410063585133,0.7755242586135864,87.88836292171523,11.278595121393634,0.22447574138641357,116.94041061882885,18.91027406476841,65.78272268757453,69.33672482937372,87.88836292171523,106.44000101405672,109.9940031558559,114.12629870453671,79.8769545141009,85.83577773674816,116.94041061882885,148.04504350090951,154.00386672355677,160.93228648693247,94.40984286731826,18.051501715767696,178.92406843983838,146.93264575452665,66.84991331571443,70.57781996351623,91.31435107706945,131.38097044969058,139.9978694461134,149.09141572528299,2,17.260181815215063,0.008668615482747555,65.69119788941087,40.261382001655505,0.9913314580917358,62.56000959651048,5.060479067092253,-13.219660801643087,-0.5328823220909413,65.69119788941087,131.91527810091264,144.60205658046482,159.35317831490835,52.64165288049081,54.236262248891784,62.56000959651048,70.88375694412917,72.47836631253016,74.33244431586873,62.5871572666461,6.286657952270408,39.438103102715175,0.08425330858299929,52.36502918732282,54.08753392998872,62.56344234344928,71.0599637079449,72.80590052770943,75.12360789815004,2,49.08286741588722,0.9919971823692322,30.891510572042577,5.238448613051145,0.008002824150025845,109.28783085986716,21.522876013133327,20.624339955598533,22.27502937126649,30.891510572042577,39.50799177281866,41.15868118848662,43.077964366286295,67.1037690304048,73.88585018723795,109.28783085986716,144.68981153249635,151.4718926893295,159.35752771626449,31.51890273870487,8.92863437947776,30.92891757889868,48.79160077999321,20.64203210482506,22.295401479511337,30.944463187487344,39.92360089060512,41.980031560991144,45.9473215026302,2,80.15112194382846,0.44603896141052246,44.93716214202958,5.995741393113163,0.5539610385894775,111.3666166518403,9.23094237464988,33.18572495091176,35.07504516530432,44.93716214202958,54.79927911875484,56.68859933314739,58.885342385197056,93.2743020541619,96.1830676067174,111.3666166518403,126.55016569696319,129.4589312495187,132.84099982050057,81.73649175521678,33.964783730933,63.237801338295974,1090.3687325507533,35.41087690167556,37.649638915734094,99.39909510749503,123.72837701086415,127.00417541561714,130.71249889094264,2,29.93353292731655
130,234,set,1.076,111.5742433983,105.5968662229,105.4148443075,105.2997024335,105.43713765463333,0.5068942308425903,69.37711780804638,7.912162261508771,0.49310576915740967,91.64464301457227,7.6392246510087665,53.8695647356522,56.362769015175104,69.37711780804638,82.39146660091764,84.88467088044055,87.78355966417348,76.67203782878451,79.0792366402634,91.64464301457227,104.21004938888113,106.61724820036001,109.4161370407669,80.35736295224234,13.581104429368478,60.50929542583501,123.93710209557807,56.310142092350596,59.17515263636649,80.38864408536699,101.37534238782908,104.15899270869816,107.29000723674656,2,25.079774702390992,0.8186247944831848,97.29793979722598,9.875043353060434,0.1813751757144928,117.03301714911476,17.548099945590256,77.94321047945587,81.0549389216415,97.29793979722598,113.54094067281046,116.65266911499609,120.27072590767926,82.63937325864856,88.16896130750368,117.03301714911476,145.8970729907258,151.42666103958095,157.85600215099484,100.87739001995935,13.910784443889893,135.68132135734362,57.828299211208986,78.34790561346172,81.62532560534918,99.20289407177187,127.73212909140712,136.17697887888315,145.05763355006502,2,4.5597476346739825,0.09658721089363098,83.19700383761193,21.53595497918769,0.9034128189086914,62.56527876167644,9.646358133084062,40.987307705728,47.773510180231426,83.19700383761193,118.62049749499242,125.40669996949586,133.2971269188845,43.658764238856634,46.69843159960028,62.56527876167644,78.4321259237526,81.47179328449623,85.00606349681311,64.55804140727585,12.88426711836373,128.8614662217982,37.14299716390476,43.52071170224154,46.7454437377671,63.396308010795074,86.03350096509489,97.23124219958062,110.36873728924213,2,40.87909624735748,0.9820645451545715,52.207357012061074,5.279388277709051,0.017935408279299736,109.92459844729214,16.554133694474295,41.85994612734839,43.52353605538625,52.207357012061074,60.89117796873589,62.55476789677376,64.48905070814567,77.47909261086153,82.69547159889652,109.92459844729214,137.15372529568776,142.37010428372275,148.43527217402027,53.242536870862345,9.53747597016015,32.2870521450405,58.67626373218228,41.90072466036977,43.56976062776711,52.328148467364514,61.9360152508451,65.11227254086934,107.52805429897683,2,52.19460078377099,0.7124820351600647,66.9370521184026,5.2408023319696015,0.2875179350376129,113.85989143356446,11.278180908545782,56.66526829764865,58.316699394526665,66.9370521184026,75.55740484227854,77.20883593915656,79.12898148164837,91.75506304168749,95.30893466072807,113.85989143356446,132.41084820640083,135.96471982544142,140.09686361320794,80.42820798952005,22.520498244420995,56.140561662733354,451.03208673205245,57.447109369827984,59.20956461714953,69.71182439209338,124.44850368058536,129.19567876269426,134.32709771717225,2,25.008929665113286
131,236,set,1.378,11.836612607673201,126.42611821999999,126.40622181530001,126.4252231468,126.41918772736666,0.018124287948012352,43.87134038226022,21.665714317836155,0.9818757176399231,107.64329643917841,6.915705523081195,1.4073206199675639,8.234411606072968,43.87134038226022,79.50826915844746,86.33536014455288,94.27332882513457,94.08876268625454,96.26797312660997,107.64329643917841,119.01861975174684,121.19783019210229,123.73163328029085,106.48747574609862,11.306668389366921,55.467751481677524,72.37306195028664,90.74838763596168,94.89468457368942,107.48382049347305,118.95771674889745,121.14425301873271,123.68492646269897,2,19.931711981268037,0.04020904377102852,18.622380132367084,11.316576355451902,0.9597910046577454,108.38363807946453,7.971264443139139,-3.5577019526161955,0.008268469428742264,18.622380132367084,37.23649179530542,40.80246221735035,44.94867347829346,92.76024685966709,95.2720748487778,108.38363807946453,121.49520131015126,124.00702929926197,126.92757217017862,104.77442897861381,19.418449035820423,66.1355019507071,310.94119264167546,22.131451503959592,89.89929353233015,107.96490756460136,121.33602029304969,123.86668527166809,126.80454357932828,2,21.64475874875285,0.0005072160274721682,1.0816070649817604,49.55899375774581,0.9994927644729614,118.52301110087078,3.109713375701243,-96.0522358102454,-80.43568356551185,1.0816070649817604,82.59889769547533,98.21544994020891,116.37306683291703,112.42808488225387,113.40798777606908,118.52301110087078,123.63803442567247,124.61793731948768,125.75728620130973,118.46344062730762,4.2312735949392115,10.911182322458153,6.992220263916373,112.39907005613173,113.3910905688784,118.52106760201299,123.63979071438607,124.62038472820342,125.76031271256711,2,7.9557471000590425,0.1576971709728241,22.671183069624462,12.08973329220325,0.8423027992248535,115.02858126077501,8.693876340725424,-1.0242587657887725,2.7853414150679754,22.671183069624462,42.55702472418094,46.36662490503769,50.79610841166227,97.9888967469083,100.7284272294652,115.02858126077501,129.32873529208482,132.06826577464173,135.25356200319555,100.46407741950108,34.92461090505594,86.71346056744736,1133.0146855063458,10.575256739358345,16.91734308810378,112.96949029478957,128.59250855058409,131.42106449362052,134.68754105689584,2,25.95511030786558,0.004708240740001202,-6.912638375876433,25.932407541181302,0.9952918291091919,105.25898829267422,11.359362719056485,-57.739223189006694,-49.56765297557222,-6.912638375876433,35.74237622381934,43.91394643725382,53.415162776311355,82.99504647599653,86.57449932437682,105.25898829267422,123.9434772609716,127.5229301093519,131.68481760461006,104.73086462237654,13.804183172572417,131.5938456701205,58.962393536456545,82.02011448071603,86.06074950153659,105.19164000520045,123.91761888030301,127.50003690182733,131.66482062303706,2,21.68832310499012
132,238,set,0.385,11.4470043761898,14.2633005277421,14.1798153731319,14.1602664622302,14.201127454368068,0.1001863107085228,55.78993733793802,15.68508257577673,0.8998136520385742,81.25973555843053,6.615490433482757,25.04774039487888,29.990272374138314,55.78993733793802,81.58960230173771,86.53213428099716,92.27889584225125,68.29361256873506,70.37822212485365,81.25973555843053,92.14124899200742,94.22585854812601,96.64966766410066,78.70800741306785,11.068376494122248,64.02810488241026,58.48062255334081,45.18751988142603,55.73324128216172,80.44160062141879,91.87005176237498,94.0111831081408,96.50734146319246,2,-64.50687995869978,0.034219689667224884,29.760102506251002,8.534106108949533,0.9657802581787109,72.9057983614575,3.784420515388492,13.033561892466654,15.72274712015664,29.760102506251002,43.797457892345356,46.486643120035346,49.613402109644696,65.48847044894154,66.68098055081117,72.9057983614575,79.13061617210381,80.32312627397346,81.70967698190806,71.42936223648218,8.82304457842382,16.3240021083197,61.521847426476924,35.00473432436924,64.82223497505767,72.73768528148663,79.06652838912876,80.26666123030137,81.66014653225702,2,-57.22823478211411,0.8467016220092773,27.10065542939499,6.9696534901236635,0.15329837799072266,79.41476901140172,20.98457645855819,13.440385604028718,15.636595607570092,27.10065542939499,38.56471525121989,40.76092525476126,43.3144940089455,38.28575492180058,44.89821231350178,79.41476901140172,113.93132570930163,120.54378310100284,128.23219384341604,35.120324187539055,21.537444801521154,108.63475326530308,355.22677531326747,13.926190447585665,16.19455576891218,28.670721794994567,88.86912741249652,100.01903047585833,111.14922934344645,2,-20.919196733170985,0.0015473791863769293,81.30688418249882,45.38320201871852,0.9984526634216309,77.45310515854918,3.0162422737871566,-7.6425572772949835,6.658159739338259,81.30688418249882,155.95560862565935,170.2563256422926,186.88399971591065,71.54137893327915,72.49182811474601,77.45310515854918,82.41438220235234,83.36483138381921,84.46993395976604,77.45907171612224,3.5061897360331966,12.270676593132201,0.022945516050348908,71.50800579758256,72.47299830441227,77.4534917837137,82.43545937550103,83.40402585072869,84.55536962107968,2,-63.25794426175417,0.07231958210468292,26.45850568006017,11.03309846078579,0.9276804327964783,93.476221889745,6.9696534901236635,4.834030059035712,8.31067366032395,26.45850568006017,44.606337699796384,48.08298130108463,52.125330828392464,79.81595206437873,82.0121620679201,93.476221889745,104.9402817115699,107.13649171511128,109.69006046929552,88.6295300527546,18.84649140377105,53.86647876211191,301.3238765218099,22.0784783530819,31.9723486055332,92.79416128701794,104.6847535372161,106.9113796872129,109.49285272117396,2,-74.42840259838654
133,239,set,1.076,14.1602664622302,126.6253791955,126.6252028219,126.6373897906,126.62932393599999,0.02655353955924511,50.55148253774529,21.318326506881114,0.9734464883804321,106.45837155242185,7.3555871932173025,8.768330373592718,15.485955862366161,50.55148253774529,85.61700921312439,92.33463470189784,100.14532608513667,92.04168556857186,94.35950727930057,106.45837155242185,118.55723582554313,120.87505753627183,123.57002618168497,104.97384873774885,12.063453192404113,64.73580903389288,80.79140177295292,81.6625464511882,92.01525108775867,106.20912090815405,118.46249777708815,120.79200717502069,123.49811552406081,2,21.65547519825114,0.034311335533857346,25.29054788939205,11.01003149436246,0.9656886458396912,103.92077339086524,6.773900796663811,3.711282691789915,7.180657653040015,25.29054788939205,43.40043812574408,46.869813086994185,50.90371124942486,90.64417179455698,92.7786980968633,103.92077339086524,115.06284868486718,117.19737498717349,119.67922310814765,101.22286340490608,15.91631800893883,48.47057772107527,204.85841039270426,31.991819161023802,89.4360851259203,103.6190251979833,114.94783322792802,117.09601953974565,119.59033854558915,2,25.406460531093913,0.00804330874234438,14.536558550028047,26.974241427346726,0.9919567108154297,109.54484602429122,5.912055418451527,-38.331983157859845,-29.832120296007886,14.536558550028047,58.90523739606397,67.40510025791593,77.28802774840048,97.95743032952134,99.82038022651312,109.54484602429122,119.26931182206931,121.13226171906109,123.29834357821755,108.78066717750767,10.608627601377156,40.523656481508155,72.01955453490167,97.02502081149356,99.34889098775193,109.48478734493483,119.24618098976464,121.11223247381955,123.28091299506016,2,17.848656758492325,0.04264570027589798,42.77960166326533,17.619145264333703,0.9573542475700378,108.6621245790584,6.631548345395728,8.246711506791819,13.798686671441175,42.77960166326533,71.76051665508948,77.31249181973884,83.76786279136479,95.66452866034658,97.7541982308302,108.6621245790584,119.5700509272866,121.65972049777021,124.0894129739688,105.85251258620009,15.249633417369564,55.34066997125842,177.2100650194161,46.61787309622221,92.62153501525972,108.2917696477906,119.4293771825759,121.53585369237139,123.98073443634914,2,20.7768113497999,0.010321701876819134,8.710938802218706,21.396382182691042,0.9896782636642456,102.28303831315068,11.140558038568743,-33.22519967531026,-26.482978034620523,8.710938802218706,43.90485563905792,50.64707727974766,58.48636700508734,80.44794578987776,83.9584510171475,102.28303831315068,120.60762560915386,124.1181308364236,128.1998518218037,101.31721147344619,14.73085077605964,127.5563102134065,89.4413006460489,78.05886280450903,82.79163179155121,102.1374152197512,120.55155797425108,124.06877698005962,128.15650667894744,2,25.3121124625538
134,243,set,1.153,9.99160705007793,90.5363281543536,91.33162421420549,91.4897179280507,91.11922343220327,0.021337315440177917,48.28346529955371,22.082257438596805,0.9786626696586609,107.73263615870201,7.159602644767143,5.003036022562256,11.961384060401613,48.28346529955371,84.6055465387058,91.56389457654515,99.65447794585593,93.70007283134069,95.95613778092542,107.73263615870201,119.5091345364786,121.76519948606332,124.38836255033323,106.46414884208195,11.591907902949329,60.57079217303225,73.80136775850205,89.00532519064542,94.23467868503523,107.53839666757844,119.43517014026429,121.70043954893491,124.3320877182302,2,-15.344925409878684,0.030865324661135674,20.93329966165839,10.967467867855309,0.9691346883773804,104.66227170099063,6.731989750775445,-0.5625423609383198,2.893420360742848,20.93329966165839,38.973178962573925,42.429141684255086,46.44744521965482,91.46781424517798,93.5891339428275,104.66227170099063,115.73540945915376,117.85672915680328,120.32322174577182,102.07795116009419,16.04173579392761,47.63352619731708,209.7038969449963,30.5604338708654,90.80057789553923,104.39348431432894,115.63284770044412,117.7663203174845,120.24399577165671,2,-10.958727727890917,0.0036392894107848406,8.693510601261899,31.61322993987533,0.996360719203949,113.43957220259651,4.88995688577989,-53.267281515877094,-43.305625324992924,8.693510601261899,60.6926465275167,70.65430271840088,82.23688086345513,103.85543282051428,105.39630888338513,113.43957220259651,121.48283552180789,123.02371158467874,124.81531300798193,113.05837194704107,8.200344672715925,27.46174943106945,39.7840134354819,103.53763980776161,105.22716537018992,113.41720674773724,121.47485012681376,123.01625885468117,124.80959428715425,2,-21.939148514837797,0.04665391892194748,37.392518696392706,16.654295050287068,0.9533460140228271,110.70702307087517,6.7535835262210355,4.750700209926357,9.99864107860806,37.392518696392706,64.78639631417734,70.03433718285905,76.13620258027692,97.47024259289891,99.59836671285078,110.70702307087517,121.81567942889956,123.94380354885142,126.41820774925672,107.28660670450091,17.189831596172937,56.42315018627015,239.06638828497665,38.89158715687641,92.51436632804747,110.29254477522738,121.65861814197741,123.80540420237655,126.29692416553111,2,-16.16738327229764,0.0071252258494496346,2.4974022096149255,23.401957807640454,0.9928747415542603,103.19016966017205,11.113614665116454,-43.3695922610863,-35.99539296804781,2.4974022096149255,40.99019738727765,48.36439668031613,56.93849700381275,81.40788517848762,84.90990026971417,103.19016966017205,121.47043905062992,124.97245414185647,129.0443035092748,102.47270758706401,14.080589928486594,126.53451447817848,71.7281559735947,79.88714425320073,84.13158381794221,103.09021125902201,121.43190916910616,124.93853854769145,129.01470391256376,2,-11.353484154860737
135,244,set,0.385,91.4897179280507,89.5306445490162,89.6673609909319,91.2254774513426,90.1411609970969,0.6214339137077332,89.43344718223562,7.444675519408712,0.378566175699234,100.04850849038502,9.217027167563064,74.84215128760752,77.18804565265937,89.43344718223562,101.67884871181188,104.02474307686371,106.75235224973598,81.98346719743418,84.88784792410866,100.04850849038502,115.20916905666138,118.11354978333586,121.49052004662202,93.45195834244792,9.649348066628049,66.6024077077526,26.508291218236778,76.16196854644647,78.67661148386837,92.78056101667013,110.50646947809906,113.98664100758063,117.91161259390284,2,-3.3107973453510198,0.6854747533798218,93.99457931004146,6.81473332608041,0.3145252764225006,101.45834313818871,10.368869082570633,80.637947426679,82.78534048193103,93.99457931004146,105.20381813815189,107.35121119340391,109.84801969532388,81.1357331759394,84.40307122033741,101.45834313818871,118.51361505604,121.78095310043803,125.57993968463471,96.3421244924985,8.812480850942832,65.64954852501856,12.010546842561325,80.74864708553696,83.12061363529504,95.67024077655269,112.17595877549842,116.15162655790266,120.70726282097718,2,-6.200963495401595,0.9204119443893433,91.55213026832737,5.909572095198601,0.07958804070949554,74.69008793650043,30.960331497394346,79.96958179769521,81.83174917380875,91.55213026832737,101.272511362846,103.13467873895954,105.29985074848372,14.008953252186458,23.764874381391415,74.69008793650043,125.61530149160943,135.3712226208144,146.71458929506343,90.21011199254364,11.369271432695053,108.43207509179791,20.828136554871865,59.69864587904456,77.35008218788428,91.29062307549364,102.03704863993828,104.74048393908642,111.05762214655257,2,-0.0689509954467411,0.6103290319442749,93.8463171616328,7.037521223199386,0.3896709978580475,96.78507395355388,7.530138180625286,80.05302902372573,82.27062485290531,93.8463171616328,105.42200947036027,107.63960529953987,110.21803969773998,82.02627432091835,84.39909885570661,96.78507395355388,109.17104905140114,111.5438735861894,114.30279490128527,94.991468250041,7.374060748635705,52.32309309320843,2.0539477490121936,80.67391160548121,82.95116563428077,94.94046456830301,107.20685776297783,109.59809831706464,112.39495167925841,2,-4.850307252944091,0.8740147948265076,89.49046006384097,5.030082291712704,0.12598519027233124,110.32034104928752,14.988118659576102,79.63167993281137,81.21671096245295,89.49046006384097,97.76420916522899,99.34924019487056,101.1921813094173,80.94416828050561,85.66707971090472,110.32034104928752,134.97360238767033,139.69651381806943,145.18791902886426,92.1147152496307,9.909198702338083,50.41586389365074,47.776228590617734,79.68693633129608,81.3759872862923,90.23811611566379,114.23914072215493,123.0186154053949,131.44301500257924,2,-1.973554252533802
136,246,set,0.952,22.5047468137217,92.29000102441901,92.5166090442387,92.4616053183915,92.42273846234974,0.0405072458088398,54.57711690920156,19.636364438487366,0.9594927430152893,104.04976812906814,7.686529581812092,16.09054982246323,22.27817164241469,54.57711690920156,86.87606217598841,93.06368399593987,100.25813157456781,88.98444698261471,91.40655206775473,104.04976812906814,116.69298419038154,119.11508927552157,121.93130988046873,102.04576612244323,12.939700489865636,72.30851702749301,95.12721536180926,60.43004484720984,86.71026565458291,103.64794287879282,116.540752310379,118.9815060278884,121.81546291814034,2,-9.623027660093484,0.045006271451711655,33.37326033716988,10.978529174471545,0.9549937844276428,102.65086453226814,6.986778195503273,11.855738551983396,15.315186805947803,33.37326033716988,51.43133386839195,54.890782122356356,58.9131383422971,88.95703090111198,91.15863707668912,102.65086453226814,114.14309198784717,116.34469816342431,118.90454113377209,99.53294360840336,16.072432232860677,52.042608523410195,206.2810229424595,34.90492310309896,84.76251304812526,102.23794476232324,113.98644399666804,116.20655874791521,118.78356076017609,2,-7.110205146053616,0.029056014493107796,24.912131888975708,20.85183296382661,0.9709439277648926,102.85551433534201,8.067417833754297,-15.95670973176955,-9.386081190160773,24.912131888975708,59.210344968112175,65.78097350972095,73.42074917422846,87.04366593294745,89.58579285135826,102.85551433534201,116.12523581932575,118.66736273773657,121.62313466189548,100.59078434625548,15.723153418100624,75.82569170024915,171.39127744611585,47.47698580366743,86.54773889450313,102.55292231575271,116.00973870481525,118.56539519767365,121.53398160511549,2,-8.168045883905734,0.04303344339132309,51.44507381384392,18.557756787791845,0.9569665789604187,105.2199350549248,6.561009069706969,15.07253887591817,20.920280253361188,51.44507381384392,81.96986737432664,87.81760875176965,94.61687186409046,92.36059357605849,94.42803549015579,105.2199350549248,116.01183461969381,118.0792765337911,120.48312455580029,102.90581995967932,13.232560514552992,56.01468929366966,119.08620517381648,55.23657332530553,89.47108534378589,104.85144383233455,115.87203093355414,117.95633942243319,120.37573445052232,2,-10.483081497329579,0.020547902211546898,19.606325819210937,18.12973814756711,0.9794521331787109,101.04050397408336,11.207512028522553,-15.927307999162522,-10.2144397284953,19.606325819210937,49.42709136691717,55.13995963758439,61.78240361572082,79.07418404187972,82.60578716486579,101.04050397408336,119.47522078330094,123.00682390628701,127.11307575492395,99.36720602052885,16.224821320600856,129.78117938012474,133.46399694310355,71.83922590882993,79.97439802127803,100.74578859991499,119.3622026102523,122.9071854387311,127.0257343670663,2,-6.944467558179113
137,247,set,0.229,92.4616053183915,92.61017137512209,92.3230605463863,92.42058761009599,92.45127317720146,0.7220776677131653,94.62055912763654,6.458583220070324,0.2779223322868347,98.33820540581651,9.204773370814095,81.96196862514397,83.99713509313594,94.62055912763654,105.24398316213713,107.2791496301291,109.64547047096299,80.29718111316753,83.1977005415666,98.33820540581651,113.4787102700664,116.37922969846548,119.75171036803762,95.65377605188579,7.51276251887007,53.668002824505734,2.7735978404326964,81.55038162184673,83.81643193517965,95.40214034433298,108.3996384301014,111.40816368984592,115.1320794855231,2,-3.2025028746843276,0.7366759181022644,97.2689501081008,5.842771155589516,0.263324111700058,95.9164487707093,9.322420240053193,85.81732907323587,87.65844678138193,97.2689501081008,106.87945343481965,108.72057114296572,110.86126836441362,77.64484085145779,80.58243202689198,95.9164487707093,111.25046551452661,114.1880566899608,117.60364127707234,96.91280679369966,6.956151046977472,48.03346918622563,0.3548481082984246,82.66293267309163,85.4251722093771,97.02181959218927,108.00497735983642,110.38679215066213,113.439487437066,2,-4.461533616498201,0.975014328956604,95.19800309888986,4.345940086731684,0.024985672906041145,73.37123162382599,39.15450888304049,86.68011704992688,88.04956778471545,95.19800309888986,102.34643841306426,103.71588914785283,105.30817158036697,-3.370195619287003,8.967795676053171,73.37123162382599,137.7746675715988,150.11265886693897,164.45824012300045,94.65264670353909,8.26596355091724,56.72021061944993,11.605959493309516,85.05781488518357,87.31697109860319,95.13912373397129,102.54692748764141,104.11578047697559,106.35248573974803,2,-2.2013735263376333,0.5452329516410828,103.28535785669834,6.652375566561567,0.45476704835891724,91.61105790743696,6.472030158230087,90.24694133460343,92.34317377819619,103.28535785669834,114.22754193520049,116.32377437879325,118.76109761329008,78.92611189044892,80.96551562793289,91.61105790743696,102.25660018694103,104.296003924425,106.66725150676373,97.97627092711609,8.773321482420217,43.17770058711022,33.79346924678525,81.23381721992067,83.60679076385627,98.05905808838452,112.1605655729533,114.51605052745825,117.18889360835739,2,-5.5249977499146325,0.9359834790229797,95.673680965184,4.193180537661308,0.0640164390206337,111.02427885098314,15.264526279593966,87.45519813069353,88.77651274934948,95.673680965184,102.57084918101853,103.89216379967446,105.42847759444182,81.10635710191377,85.91636743629692,111.02427885098314,136.13219026566932,140.9422006000525,146.5348771097571,96.65636373760135,6.744875691906914,31.373374892751485,14.119207532865463,87.2765400600838,88.71460232090871,95.91740293928282,105.49950302760818,115.26800309767734,126.44394324805265,2,-4.205090560399896
138,248,set,0.893,92.42058761009599,96.0999747257066,96.2905046007603,95.8358370445761,96.07543879034768,0.3742106556892395,72.266447805236,9.748027197611895,0.6257894039154053,97.98153948758079,8.52221051513503,53.160665577599765,56.23236991362247,72.266447805236,88.30052569684952,91.37223003287222,94.94375015249273,81.27831380924759,83.96375061211695,97.98153948758079,111.99932836304461,114.68476516591399,117.80716580159367,88.35868400817648,15.357790380126968,81.00888408583052,154.8533066228706,57.644242431095606,61.45063494829122,91.29220380858587,109.9635429985412,112.90717796952222,116.26137631753326,2,7.7167547821711935,0.612313985824585,86.3979261008766,9.914170836508987,0.38768601417541504,113.55694292993704,14.166194021492691,66.96650832474164,70.09056624222828,86.3979261008766,102.70528595952493,105.82934387701155,109.46173634926699,85.79171284980472,90.25562731358652,113.55694292993704,136.85825854628754,141.32217301006935,146.51243827508662,96.92709708425807,17.694195354809064,137.98605891771754,175.09849033642976,69.07500258267729,72.49901550772402,93.6014374452043,129.58346936676267,135.0637917574168,141.13226582793075,2,-0.8516582939103898,0.2020995020866394,77.33872900774077,16.014384394931675,0.7979004979133606,74.0906893817548,13.096514090480131,45.95111235909441,50.99741075234233,77.33872900774077,103.68004726313919,108.72634565638711,114.5937580989629,48.421993441392395,52.54884067960749,74.0906893817548,95.6325380839021,99.7593853221172,104.55773709348917,74.74711657292423,13.798064609938407,188.6853821088474,1.7012048711864036,47.93971903211842,52.26386919975252,74.64600701298663,97.5686528509699,102.17166257639398,107.67684410187995,2,21.328322217423448,0.8731459379196167,62.50156374034776,7.177698405738181,0.12685412168502808,107.8490325740608,12.376747626749612,48.43353337321036,50.69530048450551,62.50156374034776,74.30782699619002,76.56959410748516,79.19938716704311,83.59105297988997,87.49109435033867,107.8490325740608,128.20697079778293,132.10701216823162,136.64165310308977,68.25408079527112,17.0934535838524,64.41592180596739,227.77051129271172,48.85459662221546,51.17390590990557,63.81533562001917,111.1722945521651,118.39537059189473,125.33713261728619,2,27.821357995076553,0.5398305058479309,66.99538709447516,7.0625003420146895,0.46016940474510193,109.6478886342532,12.867377534806334,53.15314078332455,55.37860779156628,66.99538709447516,78.61216639738404,80.83763340562577,83.42521975053374,84.428292090553,88.4829360267731,109.6478886342532,130.8128412417333,134.8674851779534,139.5818850068308,86.62275734906999,23.55927770198584,103.116132169454,451.9227628044661,55.11745006849107,57.63814791020878,76.98888449571251,125.52252732923091,130.29060881535105,135.63030506672067,2,9.45268144127769
139,249,set,0.17,95.8358370445761,95.5702245231285,96.2454644324886,95.98909563873539,95.9349281981175,0.7769721746444702,97.92176779210202,5.90923668699633,0.22302788496017456,98.36250328777828,9.24570489449622,86.33987670946642,88.2019383949814,97.92176779210202,107.64159718922264,109.50365887473761,111.66870799610007,80.24125468287998,83.1546720583432,98.36250328777828,113.57033451721337,116.48375189267657,119.87122921309856,98.02006993412175,6.799216559401196,46.1962579912892,0.03366050784509494,84.65101749210658,87.03444143312507,97.99007642203716,109.10860471123569,111.59831637884753,114.82683586776545,2,-2.085141736004246,0.7871148586273193,101.00226353135616,5.403344728819209,0.21288512647151947,94.69093362997543,9.224751325386224,90.41190246681617,92.11455235648876,101.00226353135616,109.88997470622355,111.59262459589615,113.57232305395452,76.6107532658803,79.5175679546885,94.69093362997543,109.86429930526236,112.77111399407056,116.1509142643431,99.65867376204622,6.9116668774073124,41.0963916915198,6.674599336609448,83.6197672346678,87.36168713602005,100.17840493551299,109.88648789899383,111.77412627577628,114.05320921150313,2,-3.7237455639287163,0.9844790101051331,98.76481858798203,3.846778110415071,0.015521015971899033,72.52062991008748,42.97322309609647,91.22527203505145,92.43743166098827,98.76481858798203,105.09220551497579,106.30436514091262,107.71376266705298,-11.705339657866446,1.835968038678402,72.52062991008748,143.20529178149653,156.7465994780414,172.49129610037426,98.35748469183625,7.3317593010181055,43.230654502063615,10.524292220291194,90.41305471790291,92.03548873366255,98.72998954538157,105.1971462373685,106.51203684820635,108.22705361700865,2,-2.4225564937187443,0.5881718993186951,107.28286613374053,5.997474444037904,0.41182804107666016,90.38127298772429,6.271112829733332,95.52803222522685,97.41789854191602,107.28286613374053,117.14783372556504,119.0377000422542,121.23507805624237,78.09011769845989,80.0662103047155,90.38127298772429,100.69633567073306,102.67242827698868,104.97006298704467,100.32230974278482,10.322208754905095,37.352268713463346,69.19512497150419,80.66770936311264,83.0556215987865,101.67753401262138,115.51311591664442,117.61285746133296,119.99783271502815,2,-4.3873815446673206,0.9602072834968567,100.16805709156708,3.7454271952208478,0.039792727679014206,112.42700675256705,15.7925121947688,92.82715468221734,94.00737758502538,100.16805709156708,106.32873659810878,107.50895950091682,108.88122368454384,81.47425162541059,86.45063579032623,112.42700675256705,138.40337771480787,143.3797618797235,149.1658839226315,100.65587525652326,5.397822971685794,23.394446925930115,5.742159137240118,92.60255472677612,93.89879247083063,100.27669035254169,107.43323808812478,110.3863820396318,123.01426080316459,2,-4.720947058405756
140,252,set,1.493,46.939982538326504,125.21159193889999,125.0995479652,122.5669840824,124.2927079955,0.053119223564863205,45.454365497599,15.996183778192549,0.9468807578086853,96.36333754152157,7.0500993564235594,14.102421402257747,19.14298459265667,45.454365497599,71.76574640254131,76.80630959294024,82.66705362276382,82.54539671550238,84.76695604474004,96.36333754152157,107.9597190383031,110.18127836754077,112.76432119111422,93.65909067915605,13.820754716299914,60.6557025183507,130.3573950180753,44.276042136826206,70.24371695719502,95.86804192181081,107.77241198149359,110.0162552232998,112.61970586471801,2,30.633617316343944,0.16682931780815125,42.904088254718495,12.539201124143666,0.8331706523895264,113.40215237022824,12.482601152830043,18.327705656492743,22.2789378065968,42.904088254718495,63.52923870284018,67.48047085294424,72.07463213204063,88.93670367730319,92.8701005902071,113.40215237022824,133.93420415024937,137.86760106315327,142.44102502461416,101.64100504739493,29.10094968929966,156.0515961307852,690.8133688037329,29.900158795598966,36.31797394666897,110.23592821924403,132.808589675912,136.8783582416159,141.5761722379842,2,22.65170294810507,0.0005361854564398527,20.01726664607658,59.15196532547742,0.9994638562202454,100.76259059918462,3.0797409079795175,-95.91845500662129,-77.27905806084271,20.01726664607658,117.31359135299583,135.95298829877441,157.6253154263385,94.72640933783008,95.69686759662369,100.76259059918462,105.82831360174555,106.79877186053916,107.92713931305939,100.7193003302562,3.8534836584647914,11.355807626321678,3.4939514637580666,94.69761392487645,95.68176639680644,100.76085699141842,105.831029008631,106.80023673564338,107.93280411611467,2,23.573407665243792,0.7919273972511292,18.056987410385247,8.040635977261546,0.20807260274887085,112.83987015227368,14.892109852690856,2.2976304821555917,4.831318160190092,18.056987410385247,31.282656660580397,33.8163443386149,36.762303822023945,83.6518711871855,88.34452924811535,112.83987015227368,137.33521105643197,142.02786911736183,147.4840982480637,37.778708518531005,39.72002186483913,97.34484114917544,1480.3352957941233,3.1155908180435716,5.763090666710307,20.75453671036446,123.34382270762846,130.326714864592,137.6198113577728,2,86.51399947696899,0.02082945965230465,7.510388452182781,16.85633974111029,0.979170560836792,105.20573458804654,10.975590607852817,-25.52743035156461,-20.21582310810873,7.510388452182781,35.236600012474284,40.548207255930166,46.72409857302484,83.69397228759894,87.15249456878531,105.20573458804654,123.25897460730776,126.71749688849414,130.73877646496757,103.17079547306209,17.84757382099809,123.87280348302522,194.6633059032583,76.33142653933115,84.52901346991813,104.91307634247447,123.14675470060111,126.61861949692941,130.6520363301154,2,21.12191252243791
141,256,set,1.076,12.0716874746344,114.06921742920001,111.5094973754,112.0421063198,112.54027370813333,0.02495599538087845,50.08554388360017,21.615012320657993,0.9750440120697021,106.66897924721295,7.281410529548582,7.720898209720957,14.532012471365093,50.08554388360017,85.63907529583523,92.45018955747938,100.36958184312947,92.397676852647,94.69212472836232,106.66897924721295,118.64583376606357,120.94028164177888,123.60807315264688,105.25688409039022,11.885394456384383,63.355458887702945,77.90722504121948,84.92791769267438,92.55807262817376,106.43749521888684,118.55790567168735,120.86329232789747,123.54145746668587,2,7.283389617743111,0.03172621130943298,23.662105247075544,10.92160616923884,0.9682737588882446,103.40601884081141,6.577955976175473,2.2561505020369452,5.697661727467455,23.662105247075544,41.62654876668363,45.06805999211414,49.06956053999565,90.51346203561747,92.58624409547207,103.40601884081141,114.22579358615076,116.29857564600536,118.70863274152147,100.87604350575587,15.525157255261318,45.68107556318638,195.34912896968524,32.39364088815901,89.739472393262,103.1358124876573,114.12265609241317,116.20766664033466,118.62891125636402,2,11.664230202377453,0.00769316079095006,12.968077776384618,27.018601278750698,0.9923068881034851,110.2660244588616,5.811504598357283,-39.98740764261461,-31.473566532124167,12.968077776384618,57.40972208489339,65.92356319538384,75.82274342076344,98.8756847500924,100.70695004220846,110.2660244588616,119.82509887551473,121.65636416763078,123.78560582622863,109.517501101799,10.554583587106038,39.12980614324157,72.2700149978835,98.00613870509271,100.26492954032655,110.20957008493,119.80373036859697,121.63736338068709,123.76893802187816,2,3.0227726063343283,0.036820825189352036,42.518740050603185,18.04755076372766,0.9631792306900024,108.63515124681524,6.435630878586022,7.146190544538619,12.83316071929492,42.518740050603185,72.20431938191143,77.89128955666774,84.50362140144517,96.02154650699276,98.04948045445212,108.63515124681524,119.22082203917834,121.2487559866377,123.60666745932542,106.20069649847431,14.384574062987737,51.88538782381758,155.03121338997155,50.90730509293436,94.45051918688635,108.32676574931791,119.10350151474044,121.1453736420192,123.51599091037093,2,6.339577209659012,0.009412379935383797,7.20227140585007,21.800725562781924,0.990587592124939,102.31426839881141,11.020893509891522,-35.52636553404421,-28.656731106265468,7.20227140585007,43.06127391796559,49.93090834574434,57.91834297137561,80.71371404197279,84.18651173682039,102.31426839881141,120.44202506080242,123.91482275565002,127.95270058557804,101.41903528807293,14.461545084040239,124.7902990151219,84.34569982009532,78.60893904743295,83.14363208386344,102.18302193507344,120.3915911935519,123.87037348061496,127.91375658401272,2,11.121238420060394
142,259,set,0.229,14.3663278559793,14.1472631058477,13.7781641174996,13.7476508701576,13.8910260311683,0.16530901193618774,57.44154138199695,13.420140672597046,0.8346909880638123,72.8316874768731,6.43112468567047,31.138548996245596,35.36737432247672,57.44154138199695,79.51570844151718,83.7445337677483,88.66145710502211,60.2269147128725,62.253428712270875,72.8316874768731,83.40994624147532,85.4364602408737,87.79272071707416,70.28755763237555,9.847659844929648,64.29447109595273,32.68193332548876,43.60235336214917,50.4502315573286,71.68972774536978,83.14418656468612,85.30679014761306,87.87398954484307,2,-56.39653160120725,0.045241955667734146,33.23173761415363,7.773996225627474,0.9547579884529114,64.58518934242404,3.433783152539801,17.99498499597346,20.44465172652322,33.23173761415363,46.018823501784034,48.46849023233379,51.316757206443626,57.85509803272563,58.93711866980409,64.58518934242404,70.233260015044,71.31528065212245,72.57336347925227,63.166694260324505,7.513609738455084,13.991622583717648,42.46248575771787,34.25941201437515,55.757451707553386,64.38115218408656,70.15585172566276,71.24703934700317,72.5136059375944,2,-49.2756682291562,0.9620642066001892,30.657034838811086,5.203216423695368,0.0379357673227787,71.19527253979156,27.8998299946639,20.45891804460086,22.098505432482288,30.657034838811086,39.21556424513988,40.85515163302131,42.76152630424919,16.512610575459973,25.30413598173915,71.19527253979156,117.08640909784395,125.87793450412313,136.0999827339788,32.1948831924665,10.749528834425618,55.575628695776444,59.976714437253875,20.425307674972238,22.119344553908768,30.87608940962617,41.54319323985563,59.76311533358153,88.83573649569773,2,-18.303857161298197,0.0011005873093381524,89.84701656736216,51.0585797328087,0.9988993406295776,68.72672190152117,2.6273268569031387,-10.225960810709651,5.863126506860809,89.84701656736216,173.8309066278635,189.91999394543396,208.62703498032644,63.5772558863762,64.40515379175703,68.72672190152117,73.04829001128532,73.87618791666614,74.8387981494882,68.7499616772778,3.2023728777487794,9.764456254037404,0.49039519326655306,63.56055651164659,64.39706010402905,68.72787479100342,73.06757982758621,73.90969170799536,74.91072268877352,2,-54.858935646109494,0.1390543431043625,31.823098712872984,8.89538372714695,0.8609457015991211,91.73048927856775,6.239752488460076,14.388466979001286,17.191494526150215,31.823098712872984,46.454702899595745,49.257730446744674,52.516855735298776,79.50079912874182,81.46700976664471,91.73048927856775,101.99396879049078,103.96017942839367,106.2463242146379,83.400110537031,21.77566264844772,44.523571423148056,429.6562232944386,23.673291609462765,28.6242757369483,90.4586361092115,101.53403660025722,103.55563468716598,105.89238792971234,2,-69.5090845058627
143,261,set,0.053,13.8326725235124,13.9332061603163,14.084780802781799,14.0782451974178,14.032077386838631,0.26518961787223816,57.50457988823804,11.348900588257898,0.7348103523254395,61.29219036357745,6.02258381846574,35.26114347112713,38.837299593730336,57.50457988823804,76.17186018274575,79.74801630534895,83.90607064443265,49.488142985510876,51.385921526154824,61.29219036357745,71.19845920100006,73.09623774164402,75.30281542589799,60.28775356232369,7.975216866644856,60.80845696676542,2.7955187833358712,42.4189049542138,46.59534244494653,60.6891828751572,72.32560341044766,74.95778482370325,78.5393322472667,2,-46.25567617548506,0.05575795844197273,34.0230951676441,6.897072457708462,0.9442420601844788,52.88405054983944,2.8775079977961875,20.505081551772356,22.67842052023523,34.0230951676441,45.36776981505297,47.54110878351584,50.068085016739815,47.24423850893295,48.15097108308251,52.88405054983944,57.61713001659637,58.523862590745935,59.57813516304812,51.832403168505294,5.403687304261471,10.470757873941848,18.729128650082032,33.127926250601966,42.61914233338562,52.67235569562988,57.53714833366017,58.45347858185857,59.51669912117155,2,-37.800325781666665,0.9928661584854126,30.615420775719294,3.805303420828688,0.007133843842893839,61.51320841256114,37.09100728464188,23.157163120647997,24.35625364231838,30.615420775719294,36.87458790912021,38.073678430790586,39.46788029884445,-11.183830015649747,0.5039305531344382,61.51320841256114,122.52248627198782,134.21024684077202,147.79979435522114,30.8358408390935,5.563566400388276,24.19136817162142,6.76190513377609,23.09638068924454,24.32704975809987,30.635809893416198,37.067394266828664,38.43858037027036,40.435083303402244,2,-16.80376345225487,0.0005692919949069619,98.62456715974409,62.66743405210939,0.9994307160377502,57.30957030304768,2.1176583000601616,-24.20134658592933,-4.454189032610287,98.62456715974409,201.70332335209844,221.45048090541746,244.41081913846335,53.159036303367444,53.82633236754983,57.30957030304768,60.792808238545526,61.46010430272791,62.235980187337574,57.333091060375935,2.7728708580654295,6.717651408084879,0.9711877914369935,53.15009288915816,53.81832481738257,57.310260191286545,60.80135581567581,61.479275603527654,62.26935157058195,2,-43.301013673537305,0.24383270740509033,34.25931632608353,7.086563112595829,0.7561673521995544,89.45587198848916,5.219442039709475,20.369907851225637,22.60295728770976,34.25931632608353,45.91567536445729,48.148724800941416,50.74512735732708,79.22595357126431,80.87065381881004,89.45587198848916,98.04109015816829,99.68579040571402,101.59810988124669,75.9971517138745,24.384067364560075,32.8450725573896,561.7380129326383,25.278695669166254,28.422184316931684,87.28550935080824,97.31276806312832,99.04710520979287,101.04071673512898,2,-61.96507432703587
144,265,set,1.226,12.7443652382145,113.8533448234,114.0776627038,114.0961061166,114.00903788126668,0.021403176710009575,47.41313507074108,21.73939731273338,0.9785968065261841,107.7249041855421,7.177292008227081,4.804699292176807,11.65500855315247,47.41313507074108,83.17126158832966,90.02157084930533,97.98653579214755,93.65767034288986,95.91930939411996,107.7249041855421,119.53049897696422,121.79213802819433,124.42178219025149,106.43403892760529,11.692487237925226,60.526137905784616,76.18792999943163,88.8624583074857,94.17979967314852,107.52925556626992,119.45592589853325,121.72666444557666,124.36488891475966,2,7.574998953661392,0.03610851243138313,21.9474021279157,11.207840272666134,0.9638915061950684,106.6420996990108,7.336187573564818,-0.019561150987506437,3.5121454051280274,21.9474021279157,40.382658850703365,43.9143654068189,48.020737518821875,92.26343627099347,94.57514496063638,106.6420996990108,118.7090544373852,121.02076312702813,123.70862406433815,103.58390214525659,17.49493064320627,56.4120971560382,249.660700909397,27.57985224472997,90.60598985192154,106.2975319788536,118.57785333325516,120.90510692460133,123.6072210152169,2,10.425135736010091,0.0020055691711604595,7.963532097508853,36.54116447768414,0.9979944229125977,114.44360330489283,4.30730171310819,-63.65583423190646,-52.14133482664023,7.963532097508853,68.06839902165791,79.58289842692415,92.97099239514606,106.00144707665311,107.35872245971254,114.44360330489283,121.52848415007313,122.88575953313256,124.46388548803455,114.23004925077309,6.624744623501272,21.193588556677632,22.69354947481736,105.85213256519962,107.27765889336463,114.43279495439837,121.52474652659069,122.8832997944919,124.46224166655452,2,-0.22101136950641376,0.08053996413946152,32.99309109620886,14.685623445480287,0.9194599986076355,112.33826099863661,7.563206824256903,4.209798052550472,8.837390107867023,32.99309109620886,57.148792084550685,61.77638413986723,67.15695997756626,97.51464801546553,99.89789282237352,112.33826099863661,124.7786291748997,127.1618739818077,129.93291111517783,105.94779967512926,23.155545290188233,69.96489607096099,466.21396345353537,25.728065766540315,37.51052144927446,111.50626648144284,124.46815402550422,126.888461880844,129.69348977197166,2,8.061238206137418,0.006803973112255335,1.1726401074682755,23.82207905007736,0.9931960105895996,103.83509124894155,11.372212435232788,-45.5177768675495,-38.01119301957617,1.1726401074682755,40.3564732345127,47.863057082486044,56.59108306084859,81.54596445134675,85.12946637838625,103.83509124894155,122.54071611949684,126.12421804653636,130.29081347078616,103.13657699941737,14.266454923221248,132.30847123521315,71.2230914752223,80.070895432728,84.37139214410888,103.73745020974323,122.5031901622863,126.0911785056173,130.2616867554324,2,10.872460881849307
145,267,set,0.829,116.46215911520001,120.2092410132,120.2052528733,120.4161485761,120.27688082086667,0.6455702185630798,80.9358562804253,7.011358732144228,0.3544297516345978,97.70165664782058,8.391116056458106,67.19384568273219,69.40319743999999,80.9358562804253,92.46851512085061,94.67786687811841,97.2467157610867,81.25537138706693,83.89949896818473,97.70165664782058,111.50381432745644,114.14794190857424,117.22231164659186,86.87815232851997,11.000367228242903,56.691376549215164,64.31647766461705,68.544322765196,70.9436791486618,85.3551352290385,106.73445111099481,110.053688254846,113.70986707494937,2,33.39872849234669,0.8674460053443909,105.57547035444374,8.340984578862832,0.13255402445793152,116.10228869532706,16.33664459567313,89.2274409842686,91.85577161755491,105.57547035444374,119.29516909133257,121.92349972461888,124.97950209688872,84.08305365957682,89.23089957991694,116.10228869532706,142.97367781073717,148.1215237310773,154.10700711943204,106.97084563665959,10.414807071534181,95.72678170582012,12.741765652334582,88.72127709953425,91.63928682471558,106.29777717929822,124.55703979086302,130.9915194586069,139.58577490606922,2,13.306035184207076,0.42418593168258667,96.45961467496863,13.023964319411936,0.5758140683174133,63.66560327937139,15.63591108204582,70.93311367298651,75.03709972689734,96.45961467496863,117.88212962303992,121.98611567695075,126.75788638101636,33.019780693090865,37.9468182253776,63.66560327937139,89.38438833336517,94.3114258656519,100.0401717837803,77.57636155682218,21.8038607897305,212.72797571949414,262.68036961845416,36.891236792021,42.39149671823958,77.61544414194906,111.99173607374095,116.87632384189592,122.33958570290405,2,42.70051926404449,0.9734883904457092,69.00868850544289,4.721829128264901,0.02651154436171055,109.36263926325665,13.551889014448882,59.75407347289152,61.24197073797126,69.00868850544289,76.77540627291452,78.26330353799426,79.99330565956606,82.80142487245283,87.07176546579659,109.36263926325665,131.6535130607167,135.92385365406048,140.88904746125723,70.07852956227448,8.282618231037636,26.573519315330724,42.02792528500348,59.8080515131331,61.303351692239076,69.16940236994418,78.31008898992064,88.06394843413531,113.60255545819625,2,50.19835125859218,0.8826053738594055,84.13158916008669,4.4576140848581165,0.11739465594291687,116.55718818631007,13.431518500351736,75.3948260967863,76.79946646505785,84.13158916008669,91.46371185511553,92.86835222338706,94.50155020969088,90.23189566793722,94.46430626554071,116.55718818631007,138.65007010707942,142.8824807046829,147.80357269474356,87.93818370882991,12.15141852445033,38.71631796771091,108.94088465370335,75.62466941359807,77.0642607236965,84.86438761291676,119.06601846714271,127.25141484387542,134.9722190201181,2,32.338697112036755
146,268,set,1.226,120.4161485761,113.0046036945,113.10053699000001,116.0087424188,114.03796103443334,0.5552644729614258,64.82215588860619,7.081129499719047,0.4447355270385742,85.60546397979185,6.878644544925467,50.943397099292724,53.17473434808025,64.82215588860619,76.46957742913213,78.70091467791966,81.29532644608548,72.12356840928503,74.29110055156123,85.60546397979185,96.91982740802246,99.08735955029867,101.60758409316183,74.0652313661447,12.472069874835228,48.88528588647861,106.66724107629214,52.81851124531986,55.32995147541139,72.94058968959992,93.95512764760065,96.52480899689911,99.39676686001401,2,39.972729668288636,0.8802619576454163,100.95796880775845,10.026026541214902,0.11973799765110016,117.91782789437259,19.53055389675907,81.30731787893455,84.4666226875294,100.95796880775845,117.4493149279875,120.60861973658234,124.28199433699078,79.6386456586064,85.7929254809172,117.91782789437259,150.04273030782795,156.19701013013878,163.3526904309381,102.98870386206154,12.824811446059261,134.15816094097426,30.317153530760383,81.18886902483526,84.54843680366545,101.96139637361016,125.04133415979558,133.99692386682483,144.91079521727028,2,11.049257172371796,0.04233510419726372,82.5746268902595,28.09988958995213,0.9576648473739624,55.36129021438282,7.234459242733282,27.499855324401317,36.354421581290794,82.5746268902595,128.79483219922818,137.64939845611767,147.94474529862697,41.18201065100267,43.46166368994037,55.36129021438282,67.26091673882526,69.54056977776297,72.1911590935505,56.51336697703187,10.657130991505284,83.54964762958349,30.024638670606155,40.93167595433512,43.36275298807345,55.6268737399603,69.87748556656345,77.74686301709787,102.76580941656576,2,57.524594057401465,0.9945833086967468,42.680664710210365,4.598085645081234,0.0054167197085917,109.86637418849025,20.06510208969328,33.66858244802052,35.117486859865,42.680664710210365,50.243842560555734,51.69274697240021,53.3774114753028,70.53949674657204,76.86221824110669,109.86637418849025,142.87053013587382,149.19325163040847,156.54478177726065,43.04459207923581,6.893970436683405,23.208686222710362,24.31819478961423,33.67896613678604,35.12939887659332,42.712024956275535,50.4843532375789,52.15287220946742,54.64843355503112,2,70.99336895519752,0.75136399269104,62.009931678172116,4.486871123628009,0.24863597750663757,115.41448174868745,9.827613376869078,53.215825872588454,54.62968543680876,62.009931678172116,69.39017791953547,70.80403748375578,72.44795477771937,96.15271347603999,99.24949624146754,115.41448174868745,131.57946725590736,134.6762500213349,138.27692923486217,75.28822234021689,23.915446354741327,39.140225449653656,532.8081799678635,53.77765012892882,55.27054890355392,63.927633941075754,123.6471795896442,127.97843197779729,132.5946238563674,2,38.74973869421645
147,269,set,0.494,116.0087424188,117.2020770083,118.5882730191,117.2874417286,117.692597252,0.771291196346283,94.86475713978743,6.042974683329595,0.22870875895023346,103.5490759749433,9.265979831864922,83.02074440097408,84.92494831433682,94.86475713978743,104.80456596523804,106.70876987860078,108.92281844723385,85.38808922301355,88.30789544124109,103.5490759749433,118.79025650864551,121.71006272687306,125.10496845770757,96.85093268211895,7.817055136773458,47.802223494736694,13.303708193331893,83.32605293631588,85.34040722703853,96.16493808050568,111.13025704805322,115.0196742624923,119.39316457296292,2,20.841664569881047,0.8930800557136536,111.69244846147738,6.485092842332881,0.10691997408866882,110.98094020358141,13.815951007510943,98.98190005410645,101.02541997864911,111.69244846147738,122.35947694430565,124.40299686884832,126.77903040819595,83.90217381669008,88.25572307909317,110.98094020358141,133.70615732806962,138.05970659047273,143.12164845775692,111.61637734567363,7.616867167942407,57.968696463285525,0.048340274553099374,96.62977390401754,99.6242593016169,111.65460576276402,123.51290605042274,126.32489266941039,130.5499644903265,2,6.076219906326372,0.8829012513160706,107.00752400463318,6.855991140071926,0.11709872633218765,68.39785350791693,27.636309864949975,93.5700282917665,95.73042211153872,107.00752400463318,118.28462589772765,120.44501971749986,122.95694441778235,14.231681507025968,22.940168990999197,68.39785350791693,113.85553802483466,122.5640255088079,132.6895242085772,102.48637837355771,16.883594507546782,130.93641463486605,154.1191140898205,46.44484958718061,63.311593532337184,106.0619444241154,118.16224085095752,120.51840073376,123.44621132320337,2,15.206218878442286,0.9407380223274231,90.28642606090284,4.155693298013568,0.05926191806793213,105.00044392735902,10.009530970443821,82.14141686600176,83.4509188671673,90.28642606090284,97.12193325463838,98.4314352558039,99.95401432990248,85.38212372315087,88.53623060654141,105.00044392735902,121.46465724817662,124.61876413156716,128.28609502059695,91.15840160066449,5.852719548907775,22.183838730065492,12.069992082192641,82.2015123127945,83.5357199515938,90.5657646189754,100.01283903290441,106.9857263215942,114.60109507208207,2,26.53419565133551,0.9615871906280518,101.36310023430515,3.7713252673825655,0.038412805646657944,118.36828306385601,16.63883240652337,93.97143853624944,95.1598221898372,101.36310023430515,107.5663782787731,108.75476193236086,110.13651475239709,85.75677080227229,90.99983923174834,118.36828306385601,145.73672689596367,150.97979532543974,157.0759954592935,102.0163166397156,5.915452999423366,24.31116676272903,10.681378655337278,93.85067615023065,95.1137642314458,101.49331817195916,108.8617658646261,113.02481638953867,129.0558972511239,2,15.676280612284401
148,270,set,1.076,117.2874417286,125.52322788500001,125.540230999,125.5442342554,125.53589771313334,0.567367672920227,70.56926536851786,7.320681945448983,0.43263229727745056,90.88495841582511,7.514451497208032,56.220992413165234,58.52781511878794,70.56926536851786,82.61071561824778,84.91753832387049,87.59971824884227,76.15690411772428,78.52478561609155,90.88495841582511,103.24513121555866,105.61301271392594,108.36618668093803,79.35848821922993,12.49579659341075,54.836026121228386,101.30871869450505,58.08441351858602,60.66785979468208,78.08059408096693,99.88448841040459,102.71048377619525,105.86367658242253,2,46.17740949390341,0.8620772361755371,101.49261599495819,9.55592035874682,0.13792277872562408,117.54372335473107,18.16956249854271,82.76335625268135,85.77452573401406,101.49261599495819,117.21070625590231,120.22187573723502,123.72301100603244,81.93203524273775,87.65745257888163,117.54372335473107,147.4299941305805,153.1554114667244,159.81244644546808,103.70643083599921,12.44536053005577,124.25397295344766,30.63318603196726,82.69579822704034,85.90880136842749,102.6228272204063,125.68527006909318,134.22134715889084,144.0274199206288,2,21.829466877134124,0.11150261014699936,87.11534014824478,21.07547794287605,0.8884974122047424,59.39919987476413,9.763595999699808,45.80816242323941,52.44926381416935,87.11534014824478,121.7814164823202,128.42251787325014,136.14423345504912,40.26290335575315,43.33951358256901,59.39919987476413,75.45888616695925,78.5354963937751,82.11272067165943,62.489623186133166,14.502725315206622,134.22526747035826,76.1038613804774,40.498470316661326,43.689277520193166,60.61761181107289,90.19046079082632,103.09380103407577,115.4134644828852,2,63.04627452700017,0.9882531762123108,52.705950748268016,4.844134589486214,0.011746792122721672,110.14202632595541,17.086782760577783,43.21162141661031,44.73805839931053,52.705950748268016,60.67384309722549,62.20028007992572,63.97509295208697,76.65254750356307,82.03676972928714,110.14202632595541,138.24728292262367,143.63150514834774,149.89182707522323,53.38063871949183,8.057044997427843,26.619564822948185,38.29631903853906,43.23588488365998,44.76566453178768,52.77806340803182,61.258837114290515,63.42633736724419,92.3376232748693,2,72.15525899364151,0.78653883934021,69.92678737503945,4.6847417733476355,0.21346113085746765,115.41402324893133,11.15507502658546,60.74486222240778,62.22107287781752,69.92678737503945,77.63250187226139,79.10871252767112,80.82512643989705,93.55047795198163,97.06555763253644,115.41402324893133,133.76248886532622,137.27756854588102,141.3646083217945,79.63654210028012,19.779155873494563,43.824199907077144,347.39061815521956,61.23561556262288,62.78026357952302,71.55216170782212,123.50114536440562,128.6832334591502,134.1125050730426,2,45.89935561285321
149,271,set,1.493,125.5442342554,121.424444732,121.3117733197,121.35434850850001,121.36352218673335,0.542427122592926,54.534169028637436,6.4728169021297814,0.45757290720939636,75.19713135429234,5.765172676979574,41.847681021940936,43.88733267057647,54.534169028637436,65.1810053866984,67.22065703533393,69.59219286796267,63.897600542758,65.71426616656095,75.19713135429234,84.67999654202372,86.49666216582668,88.60892855486212,63.98898239679047,11.996063838959511,37.93471324650615,105.97095641017323,43.63382725658464,45.94173828597582,63.08473930254991,82.29097924322856,84.43001934797013,86.82481103981887,2,57.37453978994288,0.9099087715148926,99.66871178047583,10.623042069529248,0.09009123593568802,117.6942571610223,21.835337084143983,78.84793191794466,82.19536250315257,99.66871178047583,117.14206105779908,120.489491643007,124.38160311477161,74.89778288580825,81.77832376246008,117.6942571610223,153.6101905595845,160.49073143623636,168.4908471656858,101.29265618481386,13.125219662562232,145.63619046156379,26.635277173410977,78.63097596126427,82.17581261773432,100.42214377593834,122.82394898087374,131.49506739857068,144.3753435869638,2,20.070866001919484,0.006296378560364246,73.31095844423896,47.357152883501236,0.9937035441398621,48.717711460613614,4.129157624628505,-19.507355617780647,-4.584626238283448,73.31095844423896,151.20654312676135,166.12927250625856,183.48017037539915,40.624711229852785,41.92585156548909,48.717711460613614,55.50957135573814,56.81071169137444,58.32356852224766,48.87255608778299,5.903211635212556,31.063476229210803,3.784246748321784,40.52240992357134,41.87206156391899,48.730704407813796,55.6661857199305,57.103587848014556,59.05832267461554,2,72.49096609895037,0.9987718462944031,24.086965188696375,4.0290105969331105,0.0012280744267627597,108.16532446263602,26.994933833953596,16.190249525377254,17.45983249530503,24.086965188696375,30.714097882087717,31.983680852015496,33.45984542535973,55.2562263830452,63.76260963654242,108.16532446263602,152.5680392887296,161.07442254222684,170.96493139712715,24.190217761978353,5.0772800387297305,17.107920182166332,8.670806018188328,16.191663665250225,17.461651691353534,24.093164081508743,30.760597501268897,32.06789582703692,33.65407226459931,2,97.173304424755,0.6887125372886658,46.617182099240466,4.07592508653787,0.3112874925136566,115.11899428654587,7.73900435787682,38.62851572594293,39.91288193746615,46.617182099240466,53.32148226101477,54.60584847253799,56.09920175905757,99.95082446890878,102.38946489949893,115.11899428654587,127.84852367359281,130.28716410418298,133.12261062168542,67.94094083696851,32.18848635673159,30.08538439792297,1006.0134071062425,39.29943513303997,40.67975363386615,49.06576803776711,122.7953311957763,125.97668241572472,129.43964113190302,2,53.42258134976484
150,272,set,0.829,121.35434850850001,115.7786368038,115.7921503111,115.8526780273,115.80782171406666,0.6920475363731384,82.27315678783431,6.56332957344423,0.3079524338245392,97.50235253508504,8.310183034167338,69.40926720521698,71.4774403340767,82.27315678783431,93.06887324159192,95.13704637045164,97.54174458764567,81.21469308318126,83.8333178307043,97.50235253508504,111.17138723946577,113.79001198698882,116.8347291695105,86.96302223145935,10.025305325775387,51.07846681604056,49.428054676912126,70.45429524600947,72.6658220472923,85.51471631460734,105.6997989310146,109.11577437548574,112.84037597013291,2,28.844799482607314,0.8971911668777466,109.28972217136112,8.076757161172855,0.10280884802341461,116.79572268442806,16.861436643228675,93.45956902358635,96.00463886079967,109.28972217136112,122.57480548192257,125.11987531913589,128.07906902239972,83.7479141360959,89.0611274662009,116.79572268442806,144.5303179026552,149.8435312327602,156.0212899726774,110.06140706591646,9.641231055710403,87.75675683856821,5.1967599364419925,92.57051177713804,95.50091063698446,109.66967025579129,125.65251083164108,130.58849229746184,138.78173830235022,2,5.746414648150207,0.4531942903995514,99.85491738881514,12.798039867143185,0.5468056797981262,61.41161391937148,15.769696621677658,74.77122017650672,78.80401509547512,99.85491738881514,120.90581968215514,124.93861460112356,129.62761022563362,30.503576493760303,35.4727712352806,61.41161391937148,87.35045660346236,92.31965134498266,98.09741412948034,78.8338977256119,24.009257061464485,210.21007141925668,366.234168009248,34.794674445459165,40.40718393350602,79.19541316168413,115.55428741756171,120.30290997067058,125.62226580850519,2,36.97392398845476,0.9818117022514343,69.50000095290928,4.314673203860419,0.01818827912211418,109.85475017762786,13.924866843042006,61.043396868282805,62.402995084429136,69.50000095290928,76.59700682138941,77.95660503753574,79.53743178789094,82.56251267574956,86.95038244603391,109.85475017762786,132.7591179092218,137.14698767950617,142.24883455424043,70.23398310117298,7.133416030821022,21.804546322949488,29.08098606503385,61.0769957273771,62.44118587459913,69.5998046217392,77.45659615344432,80.05068794341112,108.11183864181147,2,45.57383861289368,0.914740264415741,86.86364462303654,4.055911962950358,0.08525975048542023,118.14077340078273,13.46671617197019,78.91420325118868,80.19226312018178,86.86364462303654,93.53502612589129,94.81308599488439,96.29910679534291,91.74649471369804,95.98999646219151,118.14077340078273,140.29155033937394,144.53505208786743,149.469039937757,89.5303261128967,10.334637133428823,30.509927398194662,76.2949167243801,79.05865732683397,80.36036849162406,87.32797308198556,115.19956471086861,125.46663759346048,134.14800329468176,2,26.27749560116996
151,276,set,0.299,13.397049701714701,14.604900206907601,14.5643893107869,14.406338558464299,14.5252093587196,0.13299410045146942,56.84092819366446,14.393600782632062,0.8670058846473694,76.7812870883479,6.5336169656695064,28.62998905185808,33.16556174146056,56.84092819366446,80.51629464586836,85.05186733547083,90.32545077413315,63.975633146855785,66.03444352525473,76.7812870883479,87.52813065144106,89.58694102984,91.98075302623032,74.12933585033967,10.507716620861757,64.56402946259314,45.84799723749921,44.09714295809229,52.269126841180544,75.75810993206515,87.22325109331564,89.36974481869014,91.8865879839101,2,-59.60412649162007,0.0402226448059082,31.950181298683916,8.125145167394386,0.9597774147987366,68.5313909106069,3.6093445978620036,16.02518940143125,18.58550680058803,31.950181298683916,45.314855796779796,47.87517319593658,50.85209548512506,61.457205491003165,62.59454735789588,68.5313909106069,74.46823446331793,75.60557633021064,76.92798204252396,67.06000199460526,8.174280544216556,15.158791910529416,51.660338549730135,34.46515366360876,60.161346152052616,68.34172496333352,74.39614081187499,75.54203595797041,76.87231169864924,2,-52.53479263588566,0.9277079701423645,29.43192870070058,5.924593823713878,0.07229200750589371,74.8873978358081,24.646664810324804,17.81993818319293,19.686839061550515,29.43192870070058,39.17701833985065,41.04391921820823,43.21459494705286,26.580822468540752,34.34724183028811,74.8873978358081,115.42755384132808,123.19397320307544,132.2241141195044,32.71799515874482,14.664555108110822,76.47766756092082,138.57148503109153,17.932872380709664,19.849734000958872,29.971729692936808,62.55168699585745,84.66305741190894,101.6996320711245,2,-18.19278580002522,0.0013108772691339254,86.08898062884819,48.19849993596932,0.9986891150474548,72.77725430767396,2.811008599930115,-8.378343354507805,6.809503195548714,86.08898062884819,165.36845806214762,180.55630461220417,198.21545848684804,67.26777869157857,68.15355661668713,72.77725430767396,77.40095199866079,78.28672992376934,79.3166381880319,72.79470378794375,3.3419650428386496,10.936703987090981,0.2319856455381973,67.24418829519308,68.14096322840388,72.7782475145024,77.4223033754516,78.32355454841883,79.39524376129668,2,-58.269494429224146,0.10523451119661331,29.74135872360761,9.78877571215841,0.8947654962539673,92.52243819253911,6.586525492923967,10.555710875036706,13.640255490049363,29.74135872360761,45.84246195716585,48.92700657217851,52.51345629104995,79.61308544315321,81.68856784649479,92.52243819253911,103.35630853858343,105.43179094192502,107.84498777031858,85.91570267157624,20.494623658869454,48.900585892941656,371.1290680222663,22.75061532641477,29.1307145955971,91.5480141461008,102.99719772062268,105.11572499150387,107.56832154421502,2,-71.39049331285665
152,278,set,0.053,16.9535604680946,15.873754128565,15.8412930550504,15.8802628183496,15.865103333988335,0.2825620174407959,59.18705842013547,11.058332880601657,0.7174379825592041,62.62868914769131,6.157996901976168,37.51312424510115,40.99771947344111,59.18705842013547,77.37639736682982,80.86099259516979,84.91258760735906,50.55923700290879,52.49968560871988,62.62868914769131,72.75769268666274,74.69814129247384,76.95433214895365,61.6562150260269,8.010036670885873,61.75949656736947,2.401190901566147,44.031681901407914,47.96331063916965,62.014290179302634,73.90078086846646,76.54595206124246,80.06566558870487,2,-45.79111169203856,0.06346332281827927,36.64767542213748,6.847499125412889,0.9365367293357849,54.4074511585416,3.01650994907091,23.226823752158698,25.384541650155054,36.64767542213748,47.910809194119906,50.06852709211626,52.577340455038275,48.49520029935586,49.44573382807711,54.4074511585416,59.369168489006086,60.31970201772734,61.424902665585755,53.280359615371644,5.499454188615049,11.497542668598594,18.74660175886389,34.80504485878874,42.110911665259074,54.15366840095561,59.273562252063215,60.23561905140498,61.3515302844676,2,-37.41525628138331,0.9928531050682068,33.38616085303507,3.773324365395904,0.007146939635276794,62.13393795205407,37.727774872066874,25.990580994871642,27.179594584949257,33.38616085303507,39.59272712112089,40.781740711198495,42.164225968540336,-11.81114201403227,0.07727061692622783,62.13393795205407,124.19060528718188,136.07901791814038,149.9018668179783,33.59162097308785,5.493021138857416,24.309066092368372,5.864265582843096,25.921934190069138,27.145343812133166,33.4050090000071,39.77799399572546,41.1309895604981,43.085768402542875,2,-17.726517639099512,0.0007567396387457848,99.28128730189675,57.43939058302635,0.9992432594299316,58.28853110759993,2.214842989487542,-13.297849534764055,4.80189737152358,99.28128730189675,193.76067723226987,211.86042413855756,232.90529147092158,53.94751861679332,54.645438583213306,58.28853110759993,61.931623631986554,62.629543598406535,63.44102638752853,58.31955189682817,2.9443482601924846,7.398515927348239,1.2706675823639604,53.93650474123219,54.63816336064662,58.2896002971842,61.945102202321586,62.65480748482875,63.487999281745005,2,-42.454448562839836,0.27353164553642273,36.98600656035316,6.922265847006381,0.7264683842658997,89.97288256575203,5.462401972263253,23.418614808809,25.599892475182408,36.98600656035316,48.37212064552391,50.55339831189732,53.08960499708198,79.2667714310355,80.98803086980794,89.97288256575203,98.95773426169612,100.67899370046857,102.68032978108315,75.47929786156173,24.345203794797975,34.78326896741615,557.9058486303667,27.764153370377187,30.722942528740155,87.29123708041985,98.08235825838878,99.91207214137096,102.0116028867851,2,-59.614194527573396
153,282,set,0.893,8.40417351256634,100.4107099268,100.5797213981,100.3847546877,100.45839533753333,0.029554219916462898,51.72311744435518,21.24107581075663,0.9704457521438599,103.12407275214869,7.135234424774616,10.09137386238725,16.78465685668094,51.72311744435518,86.66157803202941,93.3548610263231,101.1372489990492,89.13927025834008,91.38765652940916,103.12407275214869,114.86048897488823,117.10887524595731,119.72311018700614,101.60495473381258,11.76935998637135,62.741287647273296,75.77625840440338,73.3247121288252,88.79361351907976,102.85603972269459,114.75951543054792,117.02111423986194,119.64821533089143,2,-1.146559396279244,0.025727836415171623,23.033463004760314,10.34387498435989,0.9742721319198608,96.76859661856855,5.46677725828821,2.759840574830111,6.019302720003342,23.033463004760314,40.047623289517276,43.30708543469051,47.096914583970175,86.05391008082104,87.77654821753737,96.76859661856855,105.76064501959974,107.48328315631606,109.48622227124214,94.8715480987272,12.967263865524304,31.869528583836335,136.28011857025257,42.75454854606478,86.0456989968657,96.58763114703058,105.6913919237662,107.42231094809124,109.43280306161459,2,5.586847238806129,0.03851385787129402,15.737213104554002,18.734513653998064,0.9614861607551575,104.53232088659175,8.074630738298268,-20.9817589251561,-15.078319628396606,15.737213104554002,46.552745837504595,52.456185134264096,59.3202091147215,88.70633545106708,91.250735230408,104.53232088659175,117.8139065427755,120.35830632211642,123.31672093829675,101.11248067287431,19.187912493444216,76.20624321044023,291.96993307751234,22.911376760435843,86.2935802132145,104.12677324390688,117.65954843240998,120.22237336978256,123.19755929543143,2,-0.6540853353409801,0.011511675082147121,53.09174963680269,24.242103903360995,0.9884882569313049,102.28196761201566,5.041070980824952,5.578099076737267,13.217037106424897,53.09174963680269,92.96646216718045,100.6054001968681,109.48731651466372,92.40165004608875,93.99014372548592,102.28196761201566,110.5737914985454,112.16228517794258,114.00925237114677,101.71569885166713,7.708412606632182,31.885032279639454,27.533889239953858,91.24931223448117,93.42667181465931,102.21153177251232,110.55064195519097,112.14477239730365,114.00096966995774,2,-1.2573035141337954,0.012995034456253052,11.124252268521587,19.400720312411462,0.9870049357414246,100.18971599481894,9.97736174181674,-26.900460817939553,-20.787092902819516,11.124252268521587,43.035597439862684,49.14896535498272,56.257076722160946,80.63444632013031,83.77841634638482,100.18971599481894,116.60101564325306,119.74498566950757,123.40053027143074,99.03230423894733,14.314018943586419,103.14529231525727,101.7455537188788,77.72236278156853,82.42460995389253,100.02506908950556,116.5376758352367,119.6891893555862,123.35160947882744,2,1.4260910985859994
154,283,set,0.494,100.3847546877,98.4141543173305,101.0360029672,100.478236213,99.97613116584351,0.6413663625717163,89.1705705152476,7.285228972829964,0.35863354802131653,101.76283386826852,9.23864699413116,74.89178410937313,77.18743521611628,89.1705705152476,101.15370581437892,103.44935692112206,106.11854744809133,83.65541849389221,86.56661185184755,101.76283386826852,116.95905588468948,119.87024924264482,123.25514066207934,93.68657062669003,10.056031046504463,64.650543408087,36.472432259710075,76.1907377103084,78.65720717829616,92.73616100902902,111.83734774915325,115.43650815728034,119.43924086416762,2,6.289560539153484,0.7665645480155945,99.2723700026628,7.143080371595494,0.23343540728092194,107.19742105703165,12.118205866546667,85.27218973566065,87.52304834583808,99.2723700026628,111.02169165948752,113.27255026966495,115.88965983922684,83.44617400135817,87.26474618529775,107.19742105703165,127.13009592876554,130.94866811270512,135.38858351186173,101.12235308544072,9.199583262506499,73.393083506679,11.238791571343805,84.95299607391252,87.4830606120457,100.43165124320387,117.53406895549152,122.38174515649364,128.03688153691544,2,-1.1462219195972096,0.8533422946929932,95.6267889446724,7.151152963182178,0.14665773510932922,72.85915773427809,26.7432669649801,81.61078668889844,83.86418905629742,95.6267889446724,107.38938883304738,109.64279120044635,112.26285843751212,20.443317653977275,28.870398070399055,72.85915773427809,116.8479173981571,125.27499781457888,135.07329998316618,92.28774256745189,14.608276889897105,148.52901553151338,64.87299198758532,47.39071792192075,61.89584928571016,94.72118320923167,107.9583494160467,110.95523370387862,115.79212179507388,2,7.688388598391626,0.8113493919372559,88.37962717460498,5.891687348319865,0.18865057826042175,101.84324847322141,8.984561929711006,76.83213216372775,78.68866387085694,88.37962717460498,98.07059047835301,99.9271221854822,102.08574151188222,84.23383067411814,87.06495919656614,101.84324847322141,116.62153774987668,119.45266627232468,122.74446501759289,90.91954448415017,8.434301120425346,43.39186229704107,27.74532673613748,77.30536628738375,79.23162521770136,89.80093725977802,107.55176407676808,111.8631291685895,116.3659457024426,2,9.056586681693346,0.8910625576972961,91.21949130037936,4.8725247771547044,0.10893745720386505,112.91579875393096,15.437848305297708,81.66951822337708,83.20490124826553,91.21949130037936,99.23408135249319,100.76946437738164,102.55467895692453,82.65817207675474,87.52279797663537,112.91579875393096,138.30879953122653,143.17342543110718,148.8296043387253,93.58303322435887,9.633875795593923,47.11791449309358,45.69377885298831,81.7039006159571,83.3312031848911,91.83920982927827,114.50627179706323,124.34797165209497,133.44471081020748,2,6.3930979414846405
155,284,set,0.829,100.478236213,84.5386430364252,84.87775481362969,84.69917816387431,84.70519200464307,0.48082268238067627,76.67345628206922,8.634492806971986,0.5191773176193237,98.47232179470419,8.605344205999527,59.75016135563397,62.47097947163495,76.67345628206922,90.87593309250349,93.59675120850447,96.76029026698944,81.60615707637469,84.31779016630003,98.47232179470419,112.62685342310834,115.33848651303369,118.49134599372086,87.99093280606343,13.88943643046304,74.29357053808064,118.62287381779313,62.633967978824366,65.79755296644657,88.32083699766062,109.68723692113352,112.7844411532703,116.27937189770219,2,-3.28574080142036,0.7199701070785522,93.50938496869571,9.16915692740135,0.280029833316803,113.82906253519033,14.600531361481366,75.53816762239312,78.42746394057238,93.50938496869571,108.59130599681905,111.4806023149983,114.84003369350269,85.21254691153929,89.81332556983898,113.82906253519033,137.84479950054168,142.44557815884139,147.79497762783913,99.19949531709871,14.264303459563022,120.22586692923693,83.24389971537983,76.60571984474453,79.67591491322806,96.95114745543259,127.29116701211466,133.4716358882638,140.1509206958078,2,-14.494303312455642,0.33327624201774597,85.31749226649337,13.75545769593873,0.6667237281799316,70.87377172927117,15.091790404146618,58.35729059158915,62.691777784951,85.31749226649337,107.94320674803573,112.2776939413976,117.31747203389916,41.29440607491661,46.04998554581917,70.87377172927117,95.69755791272316,100.45313738362573,105.98252625142761,75.68751851846812,16.163877216885734,214.91449126508664,46.35626469187242,43.88224259705929,48.92823650443974,75.79375887120166,102.08719853874588,106.92556605793568,112.47715940676821,2,9.017673486174942,0.9129805564880371,67.40266741298962,6.2803186451490465,0.08701939880847931,107.80127044605749,12.303464516582862,55.093469057062094,57.07246251110524,67.40266741298962,77.73287231487399,79.71186576891714,82.01287334143115,83.68692310848857,87.56387221188741,107.80127044605749,128.03866868022754,131.9156177836264,136.42340896754695,70.91812654849555,13.373265819143858,49.1827286889381,129.66128514970498,55.33971708726701,57.352127675404944,68.15373784489806,105.48751404523733,114.7073844890368,122.5751601892993,2,13.787065456147516,0.7104204893112183,75.04668351670537,5.979843044325543,0.28957948088645935,111.846561692001,13.31810624107606,63.32640651662495,65.21071699664597,75.04668351670537,84.88265003676477,86.76696051678579,88.95787866997,85.74355311721379,89.940226337242,111.846561692001,133.75289704676,137.94957026678821,142.82910983217835,85.70317089882697,18.851096251255637,76.76686560861413,278.59674536643297,64.22088330789464,66.23302787751139,78.20758933012974,124.41472663581789,130.00841496586872,136.05879348243747,2,-0.9979788941839018
156,287,set,0.17,84.830737230005,84.7132414420566,84.8062770214,84.6311520500204,84.71689017115901,0.7006839513778687,92.69425576591811,6.615414885227488,0.29931601881980896,94.82556583108874,8.971764967057778,79.72828084808206,81.81286659816291,92.69425576591811,103.5756449336733,105.66023068375416,108.08401212006521,77.2412296178973,80.06832568486759,94.82556583108874,109.58280597730987,112.40990204428017,115.6970121885977,93.33218824699148,7.46392542400334,54.757246711665864,0.9526764184448218,78.98645541379086,81.33704337521546,93.20305033488681,105.78214643937989,108.49878147379324,111.83917229117854,2,-8.61529807583247,0.6596875786781311,91.8651397154668,5.747794624433589,0.3403124511241913,90.63849916624066,8.182382088653291,80.59966926104403,82.41085888049503,91.8651397154668,101.31942055043856,103.13061016988956,105.23650952044125,74.60132496473459,77.17967831061652,90.63849916624066,104.09732002186479,106.67567336774674,109.6735663427691,91.44770140130584,6.701949258306694,44.5785799936815,0.33779309458319434,77.85593600971133,80.32185047067547,91.53922106257204,102.24178061292584,104.44707682648337,107.15045883078743,2,-6.730811230146827,0.9832772016525269,90.03307107919092,3.941538417254195,0.01672285422682762,73.09375460522924,41.75860774501931,82.30779773769169,83.54981731780178,90.03307107919092,96.51632484058004,97.75834442069015,99.20246059662051,-8.751612619543991,4.406957199390362,73.09375460522924,141.7805520110681,154.93912183000245,170.2388029557603,89.74980239008464,7.011040879624223,44.43692512799366,4.7182191974773255,81.53552732964114,83.16461406586697,90.00664607248704,96.67514489347577,98.06956890719985,99.99510510262671,2,-5.032912218925631,0.34695225954055786,105.57393854844037,8.080255175647409,0.6530476808547974,86.90809565336929,5.671032386856103,89.73692941827807,92.28310151608332,105.57393854844037,118.86477558079741,121.41094767860265,124.37142299801522,75.7930764199711,77.58007746328975,86.90809565336929,96.2361138434488,98.02311488676747,100.10088979014874,93.3842468419171,11.072395347515789,43.65510541213776,78.94231353024217,76.85791799348443,78.79695512303552,90.70101857264528,114.15544806792265,117.37638220156511,120.91345711714368,2,-8.667356670758096,0.919710099697113,91.59920725180876,4.287349484019536,0.08028991520404816,108.46974224957282,14.078520271253383,83.19615667399408,84.5471449030107,91.59920725180876,98.65126960060682,100.00225782962343,101.5730736092277,80.87634956229911,85.31263711929185,108.46974224957282,131.62684737985376,136.06313493684652,141.221277952244,92.95374244116073,7.337314800324261,32.81936879468495,21.016948436340144,83.12500586388359,84.56604589502449,91.95575919697272,104.58546668765075,115.39591074033095,124.69588525345333,2,-8.23685227000172
157,291,set,1.076,19.3408297099901,109.3865830136,110.4851391411,110.5006441635,110.12412210606668,0.031045015901327133,51.6806137354298,20.574863942118732,0.9689550399780273,105.8904779226794,7.528337396782029,11.354621422065279,17.837974156202726,51.6806137354298,85.52325331465687,92.00660604879431,99.54490472585726,91.13520776152059,93.50746485066807,105.8904779226794,118.27349099469072,120.6457480838382,123.40400962074543,104.207537744069,12.50831168759087,68.05849619989247,88.39997187972753,69.38677301335485,90.50737257832984,105.59074703275563,118.15959526717143,120.54566221571663,123.31716318176179,2,5.916584361997678,0.04182557016611099,29.30205603966921,11.212961923350901,0.9581744074821472,105.13490679617603,7.273464285906054,7.325054509882463,10.858374951176717,29.30205603966921,47.74573712816169,51.27905756945595,55.38730617175747,90.87917875296182,93.17112268500145,105.13490679617603,117.0986909073506,119.39063483939023,122.05551497460556,101.96315222601524,16.923727568531543,55.94932205362336,230.46300038071703,32.07672406114808,87.78497709923748,104.73678318400168,116.94742257378262,119.25734459371789,121.93872182944554,2,8.16096988005144,0.009008531458675861,18.399038648894845,26.851243657544806,0.990991473197937,107.68429569577906,6.162107117829622,-34.22843186000254,-25.76732686937546,18.399038648894845,62.565404167165134,71.02650915779222,80.86437224697681,95.60678767595508,97.54853145335352,107.68429569577906,117.8200599382046,119.76180371560304,122.01950048895392,106.87996715032033,10.73742419012211,44.12455094232111,71.16778049031464,94.49410074490534,96.99332524594682,107.61414934603292,117.79319883720383,119.73843823940776,121.9987265279602,2,3.244154955746353,0.061069466173648834,43.409305488822696,16.605851685430213,0.9389305114746094,108.71740506101708,7.128601808984476,10.862434252765716,16.095110115424582,43.409305488822696,70.7235008622208,75.95617672487967,82.0402932538608,94.74560225528042,96.99189852041613,108.71740506101708,120.44291160161802,122.68920786675372,125.3010127242318,104.7290718533043,17.581738601502078,64.55376628527189,244.56352080838428,39.60380215285494,58.53017170235254,108.13570930216241,120.22385746111871,122.49622301059534,125.1318341975004,2,5.395050252762374,0.013015048578381538,12.39529174583545,20.387775200726463,0.98698490858078,102.24688456533625,11.41188568969785,-27.564013372487295,-21.139614238550763,12.39529174583545,45.93019773022165,52.35459686415819,59.82434924046803,79.87999961784041,83.47600299828113,102.24688456533625,121.01776613239136,124.61376951283206,128.79490057836193,101.07745733960321,15.416011516185492,133.94601788922654,103.7069554879826,76.5445652815913,81.92510172258947,102.0582729006303,120.94532057416058,124.54988904113881,128.7388631861362,2,9.046664766463465
158,294,set,0.299,18.5585568866165,17.7663315225888,18.2384502278165,18.074397110409997,18.0263929536051,0.15065962076187134,59.23079564971154,13.824865701632646,0.8493403792381287,78.425305696811,6.765394453887394,32.134556783408485,36.49091515826406,59.23079564971154,81.970676141159,86.32703451601459,91.39224258360478,65.16537622598467,67.29722209157694,78.425305696811,89.55338930204505,91.68523516763732,94.16396670165963,75.53346809240506,10.715156360853639,67.66989461544756,47.14468122209346,45.81565158107787,53.199825065846845,77.20574754524728,89.16682448671763,91.39024089863172,93.98781654340742,2,-57.50707513879996,0.04975437372922897,36.19794968408426,8.093182393913168,0.9502456784248352,70.81626648145046,3.90474739385544,20.335603671700788,22.88584926987638,36.19794968408426,49.510050098292126,52.06029569646772,55.02550734038891,63.16310222076716,64.39352856833803,70.81626648145046,77.23900439456288,78.46943074213375,79.90006727981257,69.09385750299356,8.625973011853409,17.747337111362633,56.660322271337186,36.248025300036396,57.85995836513107,70.5598447025045,77.14191180023651,78.38386937188831,79.82504785661543,2,-51.06746454938846,0.9289039969444275,33.90165004474357,5.8668417415074074,0.07109593600034714,75.31717101913365,25.473772319230868,22.402851528392798,24.251554127474815,33.90165004474357,43.55174596201232,45.400448561094336,47.54996485743339,25.389494723067777,33.41654422771073,75.31717101913365,117.21779781055656,125.24484731519952,134.57802709777678,36.84612300007706,13.834194365535879,78.10780207074882,113.27704063603606,22.448433962670585,24.36795983632643,34.40413739327934,61.71924357829969,85.020278003825,102.76227879149405,2,-18.819730046471957,0.002056117868050933,87.05499793318312,42.55700431181103,0.9979438185691833,74.10008211397451,3.0301086350192734,3.6448021921176945,17.054955038711284,87.05499793318312,157.05504082765492,170.46519367424852,186.0573944395116,68.1611783200929,69.11599693560608,74.10008211397451,79.08416729234294,80.0389859078561,81.1491688951644,74.12671423786333,3.6374756766230227,12.886511615404327,0.3443684198567382,68.12645334359225,69.09668850932923,74.10195027658882,79.11753856653995,80.09977985030112,81.28507202556517,2,-56.10032128425823,0.13037490844726562,34.14015849173906,9.437359746385807,0.8696250915527344,93.15418312354487,7.028986224188213,15.643273279674812,18.61708308405053,34.14015849173906,49.66323389942758,52.6370437038033,56.09474027430229,79.37762327630779,81.59252963889695,93.15418312354487,104.71583660819279,106.93074297078195,109.50605028284747,85.4602350650685,21.199786394012953,54.57693963955055,394.85400351222626,25.915966190394336,31.344083326646043,91.82557677647192,104.23295067133661,106.50596010153735,109.13435201429827,2,-67.4338421114634
159,295,set,0.494,18.074397110409997,36.650872583974504,36.678471021257,38.6155252947137,37.31495629998174,0.08937418460845947,58.12953915310892,16.20794423515455,0.9106258749961853,88.69148776724187,7.112749700939305,26.362552188772405,31.469843292487745,58.12953915310892,84.78923501373009,89.89652611744543,95.8348557671332,74.75075452235279,76.99205562405385,88.69148776724187,100.39091991042989,102.63222101213094,105.23821791260664,85.96004381623273,12.065040016890642,69.54803429097936,76.01759674461142,48.66951601958864,60.537859690637696,87.87292997624833,100.09535573855153,102.38040563959865,105.03319850123417,2,-48.64508751625099,0.041110508143901825,34.357406617657034,9.05943415835065,0.9588894844055176,81.85860006516478,4.606807886535423,16.60124194697782,19.455963484165906,34.357406617657034,49.25884975114816,52.113571288336246,55.432802011949036,72.82942252386026,74.28107540432833,81.85860006516478,89.43612472600121,90.88777760646929,92.57563779812104,79.90580125520185,10.614666854925195,23.724280642747875,88.94682422681022,36.84345332258602,71.01139106958483,81.61094004202941,89.34198966026615,90.80483598121486,92.5029689585643,2,-42.59084495522011,0.6681494116783142,31.553297657522755,8.481324580917292,0.3318505585193634,85.07952047262152,18.170733496499377,14.930206937730592,17.602760159248266,31.553297657522755,45.50383515579723,48.176388377314915,51.28380906539002,49.465537246807166,55.19132357653591,85.07952047262152,114.96771736870713,120.69350369843588,127.35096771196555,49.316003653783625,28.158262726653412,157.63084513238027,635.2568421695771,16.439759595970116,19.329661202072,37.17433414245253,103.86013084711313,111.19397458182654,119.21927293595179,2,-12.001047353801887,0.004195988643914461,76.74573381890723,34.39623228055489,0.9958040118217468,85.01062697659711,3.7654663699308664,9.330357345145615,20.168966398771182,76.74573381890723,133.32250123904325,144.1611102926688,156.76333565979104,77.63044850653583,78.81698596085252,85.01062697659711,91.20426799234168,92.39080544665839,93.77041166105806,84.97594761835043,4.4010153562425325,19.08352067115367,0.28541885722790117,77.49409831894957,78.74209361198544,85.00685171987215,91.24976218502118,92.4748547102357,93.96002649556989,2,-47.660991318368694,0.06646671146154404,29.723857579507786,11.998442343603921,0.9335333108901978,95.520031444641,8.268497330488653,6.207342715463735,9.988176172862747,29.723857579507786,49.45953898615282,53.240372443551834,57.63640841735237,79.31407447061767,81.91956362114817,95.520031444641,109.12049926813384,111.72598841866434,114.75543263093564,91.14677827611268,18.49352565730969,73.39257214247806,268.6181047874452,25.936350758523563,37.902101745737774,94.78120788713804,108.84286340417411,111.4814404833295,114.5412019187937,2,-53.831821976130946
160,296,set,1.076,38.6155252947137,101.0325016506,100.9270146293,101.61478080469999,101.19143236153333,0.056978143751621246,55.599667103209654,17.73941808672145,0.9430218935012817,103.30213217448022,8.013165068578502,20.831046546537173,26.42092092325732,55.599667103209654,84.77841328316198,90.36828765988213,96.86772465597574,87.59661723789192,90.12164854806802,103.30213217448022,116.48261580089242,119.00764711106852,121.94354169610614,100.58413811064698,14.168620027987775,78.48248229904021,122.26768809236387,52.86598947777806,75.79873530502445,102.69956771170942,116.25486279425593,118.80718234170715,121.76822747130319,2,0.6072942508863548,0.09071295708417892,43.91749906367326,11.725886382048637,0.9092870950698853,108.92182300910063,9.278445945262316,20.93518406804925,24.630132318939676,43.91749906367326,63.204865808406836,66.89981405929727,71.19598991979656,90.7364031238848,93.66013754356273,108.92182300910063,124.18350847463853,127.10724289431647,130.50671600826448,103.02509424146876,20.959342514065302,90.75283123428774,348.54176095972264,36.929095733207355,45.426227766287646,107.75865770688992,123.75160930386966,126.72695713623065,130.17365598607236,2,-1.833661879935434,0.014189217239618301,32.45460918377617,26.218263903332254,0.9858107566833496,99.92201205483047,7.082098601476287,-18.932243803921594,-10.670597289990766,32.45460918377617,75.5798156575431,83.84146217147392,93.44741167633487,86.04135386097546,88.27299648376425,99.92201205483047,111.57102762589669,113.80267024868549,116.39743708012244,98.96469981323072,11.084632705611929,59.19807370285029,63.670753116711325,83.78021724942987,87.23274966354305,99.79555116616247,111.52342172326519,113.7612221475364,116.36244489911194,2,2.226732548302607,0.20873942971229553,45.557774125832196,13.347643003773866,0.7912605404853821,108.82593924760343,9.086148281924881,19.396874559937388,23.6028551198213,45.557774125832196,67.51269313184308,71.71867369172699,76.60903505111763,91.01741585684017,93.88055529106039,108.82593924760343,123.77132320414646,126.63446263836668,129.96348098647923,95.61937529787582,27.63432235960317,102.51388721414195,661.141612575751,29.858843696285568,36.110239954796285,105.7648498142176,122.71441519254856,125.70673489122208,129.15318190219202,2,5.57205706365751,0.032059118151664734,25.390190827866945,16.614443345632836,0.9679408669471741,102.67256511731603,12.085834741720161,-7.173519752754579,-1.9381365689769865,25.390190827866945,52.71851822471086,57.95390140848846,64.04116578335189,78.98476430044155,82.7931360076615,102.67256511731603,122.55199422697055,126.36036593419048,130.78842107472565,100.19495881898895,18.318597123073296,150.23419739228777,185.3366535719779,38.20900430472627,77.48118190969294,102.17072749369785,122.36053818579023,126.19157152636487,130.6403779571164,2,0.9964735425443791
161,297,set,0.299,101.61478080469999,101.5047366677,100.7183839453,100.16506200559999,100.79606087286668,0.7517903447151184,96.44396576567902,6.216828151932469,0.24820968508720398,101.49189177375251,9.380152132639722,84.25920648981668,86.21819343183888,96.44396576567902,106.66973809951917,108.62872504154137,110.90647072020437,83.10713142427207,86.06291451702347,101.49189177375251,116.92086903048155,119.87665212323294,123.31338874569859,97.69691276474062,7.459880267981956,50.89519776527557,4.7549003011830555,84.02892671618149,86.18997201982609,97.32884787558729,110.57175971960238,113.88986278173954,117.97066795291877,2,3.099148108126059,0.81492680311203,103.62578871538803,5.934534932062338,0.1850731521844864,101.55721756854966,10.772425067483756,91.99431398355098,93.86434740811508,103.62578871538803,113.38723002266097,115.25726344722506,117.43158143801236,80.44365241012503,83.83815512523604,101.55721756854966,119.27628001186328,122.67078272697428,126.61762572255475,103.24294710029103,7.129049349656912,50.17750675621488,0.6453613744545353,88.44992660206249,91.57484339154651,103.3967038686809,114.3910661437578,116.84236668768393,120.14664624700706,2,-2.4468862274243577,0.9615978002548218,100.99168156539403,4.879053188454819,0.03840218484401703,72.62568236415085,36.1471620906722,91.42891303736727,92.96635323227497,100.99168156539403,109.01700989851308,110.5544500934208,112.34205657768808,1.7785465231017668,13.168891695305902,72.62568236415085,132.08247303299578,143.47281820519993,156.7165560463958,99.90236371588932,10.138098184145427,73.06794962576771,29.712936444830405,85.19127740837976,91.35470868319534,100.85363794462151,109.22450899864153,110.98876950861539,113.48086346737797,2,0.8936971569773533,0.7567827105522156,100.41237493888151,5.369422259647444,0.2432173192501068,96.63282077317723,7.503314642336528,89.88850069218485,91.58046126046644,100.41237493888151,109.24428861729658,110.93624918557818,112.90351899743992,81.9265943095256,84.2909664695719,96.63282077317723,108.97467507678256,111.33904723682886,114.08814083963632,99.49312489926031,6.1758146730197225,35.51164137009374,2.6293405150611315,86.48176636967551,88.9796202203359,99.71999284321302,109.19516209585434,111.0151053280411,113.16338375687515,2,1.3029359736063668,0.9527698755264282,99.96677830374556,4.000369992849527,0.04723009467124939,114.08085705466411,16.40240935188452,92.12619719292573,93.38675521185917,99.96677830374556,106.54680139563193,107.80735941456538,109.27303053198783,81.93272546528748,87.1012945414741,114.08085705466411,141.0604195678541,146.22898864404073,152.23856717956826,100.63338460010675,6.076050274930109,27.9538772606277,8.964207872403858,91.89950836312478,93.28381270217616,100.11728342902902,108.1281718273785,113.248258073085,127.20997827966629,2,0.16267627275992425
162,300,set,1.378,10.8358386695324,98.734714631991,96.67150346422329,97.889310683052,97.76517625975544,0.017567895352840424,43.706671236896995,21.814085880959354,0.9824321866035461,107.87267657284765,6.889583411265923,0.9518485545529529,7.825692956970087,43.706671236896995,79.58764951682389,86.46149391924102,94.4538235502111,94.36934121828183,96.5403203106422,107.87267657284765,119.2050328350531,121.37601192741347,123.90024429467317,106.74542374675065,11.227308860407572,54.99223873095555,71.06115937508179,91.22158234081044,95.22295300800242,107.71876796095654,119.14624761218725,121.32422061460205,123.85505081235263,2,-8.98024748699521,0.038788482546806335,17.84611920436909,11.265557837135285,0.9612115025520325,108.1984198086682,7.869322493103051,-4.233968422169024,-0.6840744636744738,17.84611920436909,36.37631287241264,39.92620683090719,44.05372572867289,92.77483113945527,95.25453616423684,108.1984198086682,121.14230345309956,123.62200847788114,126.50520146064025,104.69378956133247,19.204581919992158,64.44696550505533,304.3688378881444,22.020813201038163,90.35052883021956,107.800249687359,120.99082134991158,123.48848222579448,126.38812062649842,2,-6.92861330157703,0.0004937277990393341,0.37268828866292836,49.6046561652751,0.9995062351226807,118.99679765567095,3.0849029379041695,-96.85065126076904,-81.21971031847056,0.37268828866292836,81.96508689579639,97.59602783809487,115.77037470127755,112.95049900157697,113.92258386946602,118.99679765567095,124.07101144187587,125.04309630976492,126.17335504688666,118.93822522304359,4.2037457309466575,10.726804602062401,6.944149047864392,112.92315990482112,113.90660058322243,118.99491673303433,124.07234161869671,125.0448624064003,126.17655463658812,2,-21.173048963288153,0.1487058848142624,22.558118592834248,12.190454747149913,0.8512941002845764,115.09987276262613,8.573102034229429,-1.334733666744917,2.5066048877969145,22.558118592834248,42.60963229787157,46.450970852413406,50.917357077457524,98.29690153974937,100.9983747873988,115.09987276262613,129.20137073785347,131.9028439855029,135.04389045389098,101.33836761142152,34.18774758881618,84.66724382421597,1084.1346883454414,10.835341238396072,17.404431179884345,113.20769125096885,128.52105792183804,131.3046578616191,134.52073757454113,2,-3.5731913516660825,0.004497004672884941,-7.575738437930944,26.217753301331125,0.9955030083656311,105.31419583148987,11.328975387208844,-58.961590664096065,-50.700105046144394,-7.575738437930944,35.54862817028249,43.81011378823416,53.415876216747954,83.10981209081982,86.67968957619544,105.31419583148987,123.9487020867843,127.51857957215992,131.66933363858416,104.80653064269944,13.708107048708122,130.85962260677022,57.05271947246182,82.185098984683,86.1912261212482,105.25005570640195,123.92405655493192,127.49679184688509,131.65041710726123,2,-7.041354382944007
163,301,set,0.385,97.889310683052,95.5585348583201,95.4083764738209,94.83967826587539,95.2688631993388,0.6777842044830322,92.01023665249093,6.934663576207197,0.322215735912323,101.23868007321438,9.30236543466967,78.4185457982231,80.60373011747825,92.01023665249093,103.41674318750361,105.60192750675877,108.142676520189,83.00637885023154,85.93765054876997,101.23868007321438,116.5397095976588,119.47098129619722,122.87921812570917,94.9837808563871,8.89251006844512,60.476960788280934,18.599236780859385,79.22501772118056,81.54464820609162,94.30001627938161,110.93971808399513,114.5403990687824,118.61253950269565,2,0.28508234295169643,0.7609261274337769,99.14118436505711,6.576400072883776,0.23907385766506195,103.31510302837619,11.031669556716313,86.25167707427832,88.3239688528903,99.14118436505711,109.95839987722391,112.03069165583591,114.44017869345231,81.69342800786526,85.16962134668121,103.31510302837619,121.46058471007115,124.9367780488871,128.97860404876425,100.13905772415823,8.073011402917986,62.00406948592555,3.169294199393753,85.20504689662359,87.70588284980245,99.79121134565095,113.87431264139677,117.6554414574696,122.47499543001898,2,-4.870194524819439,0.9263634085655212,96.37689975589842,5.818660190431741,0.07363659143447876,73.478421572491,31.49195414927108,84.97253534437523,86.80605543766862,96.37689975589842,105.94774407412821,107.78126416742161,109.91312751967537,11.755325637132955,21.678766570272977,73.478421572491,125.278076574709,135.20151750784902,146.73966215703942,94.69073387343553,11.838909195953677,104.39229366003761,35.7674772900007,60.446581955006494,81.75546384828601,96.07132442259895,106.41686412872706,108.77500281219906,112.8036010601463,2,0.5781293259032623,0.7307969331741333,94.70696288565365,6.04446871520534,0.2692030966281891,98.33477968320692,7.9302358790256795,82.86002189817209,84.76469659645343,94.70696288565365,104.64922917485386,106.55390387313521,108.76849983097796,82.79180297140924,85.29070243501083,98.33477968320692,111.378856931403,113.87775639500458,116.78326706102071,95.68358522404219,6.798445486929429,43.62992285519748,2.5892110341986077,82.84492551762138,84.87483996637934,95.49086091700232,107.17235176757958,109.73253745162133,112.85848420002287,2,-0.41472202470339425,0.9148778319358826,94.01738706779585,4.5952656110699115,0.08512217551469803,112.45030687653683,15.673351755312078,85.01083197070338,86.45884776062213,94.01738706779585,101.57592637496957,103.02394216488833,104.70757345276132,81.73110191909751,86.66993739532552,112.45030687653683,138.2306763577481,143.16951183397614,148.91197541160136,95.58643800348797,8.166380852294525,40.22958575972914,26.460258539212234,84.9027983855299,86.46429938696733,94.41980646821818,109.195687256064,120.95500394309624,131.0653852449916,2,-0.3175748041491744
164,302,set,0.494,94.83967826587539,96.21712741841749,95.95704195145919,96.9338843055317,96.36935122513613,0.5890217423439026,87.14076083358657,7.7682219943239215,0.4109782576560974,101.09789459696506,9.202551210064296,71.91532550079977,74.36317271125867,87.14076083358657,99.91834895591447,102.36619616637337,105.21234755515933,83.06122565935354,85.96104486188413,101.09789459696506,116.23474433204598,119.13456353457657,122.5062300402501,92.87683934953296,10.840008803204158,70.34917247034257,47.15661838320361,73.66892885053943,76.34925699437049,92.0337085273595,111.88216457172254,115.3573991239772,119.24507602735096,2,3.492511875603171,0.7027739882469177,94.88597577906893,7.3693884266431535,0.29722604155540466,105.81207446438401,11.528099747199093,80.44223987476205,82.76441049709072,94.88597577906893,107.00754106104712,109.3297116833758,112.02973687837141,83.21741414968848,86.85003778334523,105.81207446438401,124.7741111454228,128.40673477907953,132.6304448030114,98.1334996687713,10.129299062681925,77.66664363138982,24.93634287170107,80.92154603659026,83.43434668025216,97.07241644048727,117.03752468228298,121.72108030045334,126.90803694892647,2,-1.7641484436351647,0.8416763544082642,91.54620103284492,7.256428154342966,0.15832360088825226,74.29862944160124,26.360396222615154,77.32386319393025,79.61043886446112,91.54620103284492,103.48196320122872,105.76853887175959,108.42717724283078,22.633202227069837,30.939636106954794,74.29862944160124,117.65762277624765,125.96405665613263,135.6220811529562,88.8154992995072,13.927492345896312,154.33349729913314,39.64119311616371,47.856275646097934,61.6526087958423,90.74511725491406,104.61277151465468,108.1666506431745,115.23012659529438,2,7.553851925628933,0.7297993898391724,87.68739414225152,6.661837985533969,0.27020063996315,100.71063163534552,8.617487285477843,74.63043161976407,76.72964576958287,87.68739414225152,98.64514251492015,100.74435666473897,103.18514677710299,83.8206669185771,86.53612641861909,100.71063163534552,114.88513685207195,117.60059635211393,120.75790486149087,91.2062838605656,9.268141180795713,52.453952469091526,33.444736391258495,75.49578575658563,77.70984498200332,90.15217945914124,108.51201712400379,112.14894670656287,116.10860033353487,2,5.163067364570523,0.8480821847915649,87.50890487639863,5.302184963736377,0.15191781520843506,111.13274530465095,14.998269479460737,77.11681330810552,78.7875867080293,87.50890487639863,96.23022304476797,97.90099644469174,99.84363159455806,81.7366772944816,86.46278735336438,111.13274530465095,135.8027032559375,140.5288133148203,146.02393762248607,91.09778710109143,11.398201703082734,58.015896694941176,71.90310536921785,77.31888881037474,79.08386783253229,88.54863898594728,117.76693703496525,125.7692362040794,133.7445745359872,2,5.271564124044701
165,303,set,1.076,96.9338843055317,94.7568208328556,93.6511979861246,93.6762007181218,94.028073179034,0.3576258420944214,66.45755873957836,9.578413549196945,0.6423740983009338,93.77827162964596,7.923634524582547,47.68421315412187,50.702470472740636,66.45755873957836,82.21264700641608,85.23090432503484,88.74028073643666,78.248233334806,80.74505264324844,93.77827162964596,106.81149061604346,109.3083099244859,112.21140196058518,84.00767308609505,15.640237881938289,73.14154785785286,171.47507249855298,52.3150519862754,56.10157909380623,87.88907521514605,105.0289416467821,107.75112998901815,110.85673920613802,2,10.020400092938942,0.6642885804176331,86.59731618231642,10.628377339418567,0.33571144938468933,115.74172552916438,15.921716644507882,65.76607938295439,69.11519116696495,86.59731618231642,104.07944119766789,107.42855298167845,111.32261921037664,84.535734333877,89.55283215915196,115.74172552916438,141.9306188991768,146.94771672445177,152.78117719619596,96.38143066640856,18.696681171417115,160.1428441490147,189.42331952171025,67.6087250768209,71.21907947132854,92.65174109478674,132.3174068324821,138.72156862832088,145.73709921840836,2,-2.3533574873745664,0.06602709740400314,73.14693797182613,22.68455939094577,0.9339728355407715,70.6319977740695,9.291728110072226,28.686018560412556,35.83415818183289,73.14693797182613,110.45971776181936,117.6078573832397,125.91911448450601,52.42054532418952,55.34846509157025,70.6319977740695,85.91553045656875,88.84345022394949,92.24778970910154,70.79804723922749,10.72393995084752,114.61250957773477,0.39004238648370093,50.57998113428717,54.278005120675694,70.70264223550518,87.48111251869817,91.58872602729576,98.47253131630964,2,23.23002593980651,0.9484673142433167,50.93904117960526,6.5120954820888715,0.05153273791074753,109.47060553537236,15.149371200222609,38.17556857082507,40.22759730683708,50.93904117960526,61.65048505237344,63.70251378838545,66.08844065991367,79.7783835945077,84.55210737065201,109.47060553537236,134.3891037000927,139.162827476237,144.71331302006575,53.95533560173509,14.815501011757748,52.048962013685795,167.45026004548632,38.323444497588405,40.395417703111214,51.38277725473084,80.92856660020828,110.03542599023238,122.5454360036898,2,40.07273757729891,0.4822319447994232,59.20026861871946,6.903320819441633,0.5177680850028992,110.31989296998042,11.61671785062926,45.670008438888324,47.845316330851276,59.20026861871946,70.55522090658764,72.7305287985506,75.25979433084939,87.55154436418351,91.21209248010095,110.31989296998042,129.42769345985985,133.08824157577732,137.3444198451241,85.6683803894449,27.300765556714264,92.85300432160898,652.4790143824372,47.96685037381971,50.496328311003715,89.16883463366779,125.43737902474969,129.62365682474814,134.34482052125287,2,8.35969278958909
166,305,set,0.494,86.58465944954669,92.9758597477751,93.0025789615146,92.9502790367377,92.97623924867581,0.5087617635726929,84.10983647279382,8.527308068531477,0.4912382662296295,100.07018823453488,9.121257379726815,67.3966197733943,70.08366286813725,84.10983647279382,98.13601007745036,100.82305317219333,103.94732146931332,82.19285227655014,85.06705495113334,100.07018823453488,115.07332151793642,117.94752419251962,121.2894059484417,91.95017450731497,11.896542344028012,77.86431811967904,63.66365359727751,69.97262454623845,73.0251293532707,91.63691180016677,111.69980704079954,115.00816456749723,118.7409554351086,2,1.026064741360841,0.5930336713790894,88.37695693454808,7.6935894360113375,0.4069664180278778,103.69604598767566,10.665044294346385,73.29779872812803,75.72212844644929,88.37695693454808,101.03178542264686,103.45611514096812,106.27492236275612,82.79294327723234,86.15360919852189,103.69604598767566,121.23848277682941,124.59914869811897,128.50664910837978,94.61131963546518,11.748563955714518,81.39209525918821,56.637460071072056,74.88861339387822,77.53817880968559,93.14800352209443,116.0881786807418,120.15324641208805,124.67809064955243,2,-1.6350803867893688,0.8233211040496826,85.42624267739653,7.412073842148024,0.17667892575263977,76.29002283545813,25.72684594881971,70.89884489603497,73.23446613490722,85.42624267739653,97.61801921988584,99.95364045875807,102.66930490231131,25.86633133996129,33.973126966520226,76.29002283545813,118.60691870439602,126.71371433095496,136.1396162142711,83.81206771618332,13.20274950889736,162.1708923179021,12.14191162208887,48.66929041556319,61.32057320219756,84.90307675262294,100.2247085086451,105.66533863868692,117.05108996641212,2,9.164171532492489,0.5743953585624695,86.6405558354526,7.989834985817858,0.42560458183288574,99.01747279449852,8.069185402416357,70.98076702083151,73.49844678028633,86.6405558354526,99.78266489061888,102.3003446500737,105.22769146864711,83.2021600211861,85.7448439187901,99.01747279449852,112.29010167020694,114.83278556781092,117.7892051006512,91.90822323800813,10.091059232293285,64.37980294028549,37.44917000168892,72.92903988138171,75.70832523097695,91.68056727805829,108.75863832695391,111.7284588161036,115.08252623646757,2,1.0680160106676766,0.762551486492157,81.87073728314053,5.973112736826003,0.2374485284090042,108.63402583832296,14.32879991795341,70.16365144336409,72.04584113378223,81.87073728314053,91.69563343249881,93.57782312291697,95.76627539986197,80.55009405745378,85.06524732341532,108.63402583832296,132.2028043532306,136.71795761919213,141.96779906501044,88.2256419859232,14.340543897289214,75.95799728042009,129.69331797678004,70.76590770416027,72.76285977876216,84.04821519381795,120.16067870466053,126.57360495448397,133.37502445247722,2,4.750597262752606
167,307,set,0.829,93.00482788061531,90.9080165416227,91.5423978615696,94.15894406393771,92.20311948904333,0.40462830662727356,74.72951370530168,9.474050147323883,0.595371663570404,98.87907881129529,8.672354205866727,56.16071662882048,59.14608795855586,74.72951370530168,90.3129394520475,93.29831078178289,96.76945012408491,81.88157690662203,84.61432554156754,98.87907881129529,113.14383208102302,115.87658071596853,119.05399158104248,89.10747822984581,14.88597204009331,81.09621685545503,140.49571008829116,60.139386035144184,63.76320631805308,91.20381606839588,110.8390295362574,113.86648369927832,117.30776353253839,2,3.095641259197521,0.625622570514679,87.9024253176442,9.523964098046228,0.37437739968299866,112.74115723887226,13.780275297794494,69.2357986954211,72.23689842801726,87.9024253176442,103.56795220727115,106.56905193986731,110.05847894957535,85.73231395814808,90.0746214349052,112.74115723887226,135.40769304283933,139.75000051959643,144.79887138159398,97.20148256604023,16.50287972091456,127.84041933124774,144.50433817555773,71.13990200167527,74.41083319801754,94.20090149596354,128.03508533959732,133.4149317598176,139.35772905707537,2,-4.998363076996895,0.29431167244911194,80.07767499259356,14.087394586135202,0.7056882977485657,74.1350349050414,14.778283380567329,52.466888967764014,56.90597291329253,80.07767499259356,103.24937707189457,107.6884610174231,112.84985543882364,45.170131725802584,49.82692188639855,74.1350349050414,98.44314792368422,103.0999380842802,108.51446302939729,75.8840210385758,14.827778755949545,212.52820329765797,7.334647924494718,46.70268079987695,51.4169729701528,75.92873058193084,100.19780905692576,104.8172326310135,110.1772883354274,2,16.319098450467536,0.8542238473892212,66.6492682988252,7.140791780483303,0.1457761526107788,107.09778853900575,11.702221542363784,52.65357358797828,54.90371103939198,66.6492682988252,78.39482555825843,80.64496300967213,83.26123407632085,84.16185577686396,87.84934699165902,107.09778853900575,126.34623008635248,130.03372130114752,134.32122674563865,72.54569795823794,16.347920264093894,63.520525266016364,203.73397169515465,53.141037313825336,55.45805531618346,68.18701796459042,111.82914421591677,118.1946849821618,124.49097260248745,2,19.657421530805394,0.5980873703956604,70.69286231413743,6.7997402537998894,0.40191271901130676,109.89831286468315,13.25160684320999,57.36561631246239,59.508284895346755,70.69286231413743,81.8774397329281,84.02010831581246,86.51142359759473,83.92564071470704,88.10135928569424,109.89831286468315,131.69526644367204,135.87098501465925,140.72616027200976,86.45003786540501,21.626586761696117,98.23136402822398,369.47855912566376,58.92508084593434,61.296986610234626,77.21892405107431,125.18066108277641,130.25998855029624,135.89800967166934,2,5.753081623638323
168,310,set,1.153,9.93409719918064,83.6972069405072,84.5105655109002,84.3070090318099,84.1715938277391,0.02130081318318844,48.27138930171585,22.090471357523086,0.9786992073059082,107.74012846153487,7.157597359612209,4.974861039456954,11.935797368226375,48.27138930171585,84.60698123520531,91.56791756397473,99.66151038084976,93.71149542085595,95.96692848431843,107.74012846153487,119.51332843875129,121.76876150221378,124.39118986230906,106.4733981659497,11.58708923967922,60.53449571503812,73.72637360962628,89.03672215120774,94.24958649603191,107.54628313194847,119.4394333637938,121.70408924166502,124.33514861801544,2,-22.3018043382106,0.030800485983490944,20.888314583314262,10.964728592323755,0.969199538230896,104.64858444122575,6.726569163459917,-0.6021585578968676,2.8529409896920157,20.888314583314262,38.9236881769365,42.37878772452539,46.39608763350145,91.46475114132659,93.58436275576877,104.64858444122575,115.71280612668272,117.83241774112491,120.2969243142294,102.06872995749505,16.030898756839505,47.556109288853925,209.43385792928865,30.58212302774083,90.80725468394273,104.38059777166761,115.6104986444317,117.74221959532197,120.21786185450998,2,-17.89713612975595,0.003634566906839609,8.650765919453328,31.614581993133413,0.9963654279708862,113.46091328215377,4.887608377085934,-53.312676173376694,-43.35059393650689,8.650765919453328,60.65212577541352,70.61420801228334,82.19728152786908,103.88137689252908,105.42151291598557,113.46091328215377,121.50031364832196,123.04044967177846,124.83119063933184,113.07997320787041,8.1985272368966,27.43457384469964,39.781209510504596,103.56456217714748,105.2520939993271,113.43858591126059,121.49173888574047,123.03364429056693,124.82462298945345,2,-28.908379380131308,0.04646953567862511,37.38540152972395,16.664479736630962,0.953530490398407,110.70750241152928,6.747928478802949,4.72362142482973,9.974771593667185,37.38540152972395,64.7960314657807,70.04718163461817,76.15277853703206,97.48180562282334,99.60814777876111,110.70750241152928,121.80685704429743,123.93319920023521,126.40553148237217,107.30026131549356,17.162169550574728,56.32338812580285,238.2169757907647,38.97458239262969,92.64952798920359,110.29508852256284,121.65054707705143,123.79546200424377,126.28478125513503,2,-23.128667487754456,0.007107174955308437,2.456272697401758,23.414313855045258,0.992892861366272,103.19199323874749,11.110496345752434,-43.43493918120415,-36.056846369649556,2.456272697401758,40.96939176445306,48.34748457600765,56.926111956211294,81.41582055070883,84.9168530272055,103.19199323874749,121.46713345028945,124.96816592678614,129.03887279222718,102.47605059670737,14.073755136617232,126.46216880631232,71.60879626444807,79.90000129758154,84.14084642333053,103.09231709840991,121.42884006863274,124.93442428785707,129.0092272332742,2,-18.304456768968265
169,311,set,0.893,84.3070090318099,73.3895399356521,73.2789701080425,73.453042204649,73.37385074944787,0.30068540573120117,70.33989565529762,10.743920580515269,0.6993145942687988,98.68328638987362,8.58429229390207,49.28219826472902,52.66771892075851,70.33989565529762,88.01207238983673,91.39759304586622,95.33399245664296,81.85838266106083,84.56338207543722,98.68328638987362,112.80319070431001,115.5081901186864,118.65333651793787,90.16084244704967,15.97385735280655,86.24121080140938,168.92290792640298,55.46773449433561,59.92930851582365,93.95837038944019,111.25880915651251,114.15584610581855,117.4746416189026,2,-16.786991697601806,0.5000817775726318,80.38253695116907,10.260836380092538,0.4999181926250458,112.4748522441624,13.264063187436445,60.27166719492935,63.50496301581824,80.38253695116907,97.2601108865199,100.49340670740878,104.25281184987827,86.47776610812342,90.65740980219405,112.4748522441624,134.29229468613076,138.47193838020138,143.33167744139857,96.42606681400915,19.952035550420934,140.6042848510752,257.47916065260233,63.49309876444517,67.21292878457656,94.37524072512245,129.4723003080069,134.29126314450593,139.71505816101202,2,-23.05221606456128,0.17102137207984924,71.66159154032528,16.415122299667665,0.8289786577224731,77.78500818228639,12.750061514823068,39.48854303115634,44.66111808886491,71.66159154032528,98.66206499178563,103.8346400494942,109.84887640427755,52.79534681256297,56.81302325577528,77.78500818228639,98.7569931087975,102.77466955200981,107.44608668118498,76.73777538453551,13.644071950591613,180.84491930788118,5.315955581563336,49.203351192049766,54.02085667359837,76.95123642124418,98.74398203701048,102.92957673060131,107.83252888544345,2,-3.363924635087642,0.7872405052185059,61.71237429152788,8.158507537432262,0.21275947988033295,107.2673865567472,11.67766054406471,45.72199335056207,48.29282357807149,61.71237429152788,75.13192500498425,77.70275523249369,80.6919009565796,84.37959246669595,88.05934425653425,107.2673865567472,126.47542885696014,130.15518064679844,134.43368733720274,71.4046340874321,20.712422690079315,81.41324112211579,347.5911365950134,46.573564014131705,49.2630113368861,64.53016735233565,115.70398929526718,121.1353036900995,126.82339913710412,2,1.9692166620157678,0.4109814763069153,62.287749966473704,8.078775471889042,0.5890185236930847,107.8280301590961,12.855116573998677,46.453641002385595,48.99934683021041,62.287749966473704,75.57615310273698,78.12185893056181,81.08179211035606,82.63246465699476,86.68324503747039,107.8280301590961,128.97281528072182,133.02359566119745,137.7335032715651,89.11181857410158,25.024108231793598,124.16104916574756,502.04494363077276,49.782748783688184,52.86142804540576,94.56794960565665,125.47723889069428,129.97753918926844,135.08869998556827,2,-15.737967824653708
170,312,set,1.226,73.453042204649,84.9663151043769,83.418976816198,83.4754502874477,83.95358073600754,0.15559838712215424,57.202603742758164,12.740072211897973,0.8444015979766846,94.90961717274352,7.775417314360201,32.232521046998585,36.24704975739411,57.202603742758164,78.1581577281222,82.17268643851773,86.84044364803381,79.67007927182837,82.12019380215686,94.90961717274352,107.69904054333017,110.14915507365868,112.99794271178573,89.04246528558087,16.220806260159133,76.3051710920909,186.8092664927643,44.568154089346606,51.29177676565662,93.10652845621316,107.05080729754206,109.57923897444218,112.49953886850669,2,-5.088884549573336,0.36751705408096313,67.04781497851937,12.042760513211883,0.6324828863143921,114.70271818979091,14.157354875626256,43.44443809818297,47.23923666985482,67.04781497851937,86.8563932871839,90.65119185885575,95.06346529601282,86.95481251721091,91.41594167457795,114.70271818979091,137.98949470500386,142.45062386237092,147.63765060674578,97.1887217122562,26.607470220903227,180.06927879839176,527.8876297533897,49.09571092663348,53.82106255625518,103.29689126166944,134.68539766730646,139.5659605051093,145.12930275090903,2,-13.235140976248658,0.010765335522592068,50.4975749499427,32.85332589387604,0.9892346858978271,83.44971014637342,6.271493176121926,-13.89376057441153,-3.541337304018043,50.4975749499427,104.53648720390342,114.88891047429692,126.92583979833213,71.15780939188573,73.13402184922785,83.44971014637342,93.76539844351898,95.7416109008611,98.0393849637063,83.0949711423258,7.879794108050987,50.52767759126062,11.563625497172366,70.20869930706093,72.63973603366004,83.39125934372382,93.79482183207925,95.81179176704647,98.2067993834234,2,0.8586095936817344,0.8623741269111633,38.88617543597313,8.093715139368426,0.13762584328651428,110.17765384109524,14.737205970599168,23.022785261684426,25.573198733470928,38.88617543597313,52.19915213847533,54.749565610261826,57.71497244353503,81.2932609059722,85.93710714922429,110.17765384109524,134.41820053296618,139.06204677621827,144.4615216201006,48.69772411172204,26.26016661630667,86.38289991011911,603.2133801308038,23.54158692535183,26.16314057316254,40.5160023334135,115.33040667066464,123.57509410644361,131.63885975993387,2,35.2558566242855,0.1327187716960907,37.846865903578575,10.68064761417162,0.8672812581062317,106.22824114642444,11.397265799747235,16.913181248238537,20.27876393721779,37.846865903578575,55.41496786993935,58.780550558918605,62.6937677741861,83.89001065668975,87.48140715838022,106.22824114642444,124.97507513446865,128.56647163615912,132.7422462095448,97.15275218315276,25.807511829520344,127.79787026094715,538.2300778637916,28.40593679445398,34.49246272353218,104.02874414808016,124.17665015582274,127.86417620180491,132.12773512538496,2,-13.199171447145218
171,315,set,0.299,100.04451981129999,99.34403136092381,99.7443552175774,99.40229400614109,99.4968935282141,0.7404078841209412,95.77400383795631,6.3246570043769506,0.2595921456813812,101.13050018189412,9.357110566060834,83.3779038948085,85.37086882508285,95.77400383795631,106.17713885082978,108.17010378110413,110.48735621412615,82.79090047305569,85.73942292952302,101.13050018189412,116.52157743426523,119.47009989073256,122.89839445441483,97.16451107150134,7.606605051318652,52.34599251613042,5.514729252618724,83.25914644167551,85.43944661854546,96.77437740930247,110.34605055002268,113.6917494254051,117.7568152055135,2,2.3323824567127645,0.8003879189491272,102.34251563094514,5.9896252408267125,0.19961212575435638,101.06517178198472,10.608595419543299,90.60306587803274,92.49045882949123,102.34251563094514,112.19457243239904,114.08196538385755,116.27646757624373,80.27270683312327,83.61558512928814,101.06517178198472,118.51475843468128,121.85763673084617,125.74445518279867,102.08754688500187,7.172128252073512,51.17921234621932,0.2606772117415163,87.43934363481598,90.40938676615175,102.18509448357531,113.43048309739251,115.98983682057042,119.4535517683981,2,-2.5906533567877688,0.9609520435333252,99.7955234346127,4.896452733176872,0.03904787823557854,72.87633454190271,36.01572896740269,90.19865242558332,91.74157539725027,99.7955234346127,107.84947147197514,109.39239444364209,111.18637584078019,2.286802888837471,13.635732122569173,72.87633454190271,132.1169369612362,143.46586619496793,156.66144905725108,98.74437841741643,10.043952422648847,73.68934589027945,27.19087158958429,84.15728038656741,90.13320158581718,99.66011064048703,108.0791737636662,109.86962553775523,112.44920376073141,2,0.752515110797674,0.7307407855987549,100.19479856881995,5.584594111101662,0.2692592442035675,96.21027417123497,7.4091333216951085,89.24919524278621,91.00895869012254,100.19479856881995,109.38063844751736,111.14040189485368,113.1865072065623,81.68863970405694,84.02333435447775,96.21027417123497,108.39721398799217,110.731908638413,113.44649572264554,99.12193152705322,6.379240340936908,37.57117340096444,3.1238267389759926,85.77571511183667,88.25686194775315,99.34596260362426,109.18577568846862,111.05558067853742,113.24498602852616,2,0.3749620011608812,0.9475631713867188,98.83539107885198,4.09028902420986,0.052436839789152145,113.5111919485912,16.198868024073303,90.81857190504118,92.1074643421006,98.83539107885198,105.56331781560337,106.85221025266279,108.35082625453518,81.76199403109001,86.866425126686,113.5111919485912,140.1559587704964,145.2603898660924,151.1953941382623,99.60494480240757,6.34935050458199,29.61277293923942,10.701589768230262,90.59947141281715,92.01288940175473,99.01394654986025,107.49884513940658,114.50226165611606,127.69005923461364,2,-0.10805127419347116
172,319,set,0.385,25.4561681695564,30.9799804268484,30.9424609467465,30.0586715209417,30.660370964845537,0.1426543891429901,61.86094107525036,14.073320467201096,0.8573455810546875,85.07359123713906,7.238516053785598,34.2777398166458,38.71238886152424,61.86094107525036,85.00949328897647,89.44414233385491,94.60038022481908,70.88636047020428,73.16729185232336,85.07359123713906,96.97989062195475,99.26082200407383,101.91289767007368,81.7622022725143,11.793067612317687,73.17547015631453,65.90077432213735,48.72163098548764,56.448345302572676,83.7377654432668,96.50325377163387,98.85672873324148,101.58625905403832,2,-51.10183130766876,0.061096884310245514,41.16949119585661,8.490474386419617,0.9389030933380127,78.76971716701968,4.673164654505772,24.528467186814343,27.20390360681572,41.16949119585661,55.13507878489749,57.81051520489887,60.9212882343021,69.61048275036279,71.08304533571443,78.76971716701968,86.45638899832493,87.92895158367655,89.64112382607198,76.47245875018007,10.296051601321299,24.90856673881769,81.09998112444225,39.219743481460334,48.88887361502325,78.38816994935242,86.31266262316996,87.80234692911749,89.53016353771453,2,-45.812087785334526,0.856408953666687,39.035964180160676,6.808850331340392,0.1435910165309906,79.86211107174562,23.015591004635144,25.69086275460989,27.836402017285693,39.035964180160676,50.23552634303565,52.381065605711456,54.875718673136674,34.75238161975668,42.0048327313398,79.86211107174562,117.7193894121514,124.97184052373454,133.40438227517208,44.89823095000451,17.909043748253982,115.76616248581267,204.967625414017,25.978978229504655,28.232569662910265,40.35182147886787,88.84177321358689,101.45228142182341,113.88982067618151,2,-14.237859985158973,0.0051366835832595825,83.7874499241082,33.01397014081202,0.9948633313179016,80.72676736607634,3.687837932530042,19.081257461435897,29.484301397925925,83.7874499241082,138.09059845029046,148.4936423867805,160.58942917483404,73.4987378374968,74.66081376714509,80.72676736607634,86.7927209650076,87.95479689465589,89.30596130022478,80.74249032684834,4.379115178552193,19.128874756542015,0.04787213636654849,73.37997697632753,74.59637475853403,80.7285266819767,86.87116586776898,88.09830908274431,89.6394116640324,2,-50.0821193620028,0.130665585398674,38.2172972349467,9.981900498635426,0.8693344593048096,95.06964400807611,8.208751034854314,18.653131760358853,21.798531995897502,38.2172972349467,54.63606247399589,57.78146270953454,61.43867023883443,78.98078762170576,81.56745009565434,95.06964400807611,108.57183792049788,111.15850039444646,114.16605452654,87.64100308562101,20.946335788702786,71.59818157277252,367.1511447653369,29.50294595235707,35.237571541303836,93.51401393433697,108.00647000071322,110.66118996148033,113.73091016069061,2,-56.98063212077547
173,320,set,0.17,30.0586715209417,30.0802360215639,30.6973894326079,30.159716812323,30.312447422164933,0.2758629024028778,65.48692582761336,11.134144252207657,0.7241370677947998,75.08431436316593,6.991169112201734,43.6644040946127,47.172888271368706,65.48692582761336,83.800963383858,87.30944756061402,91.38881863800069,61.381874693421665,63.5848644923298,75.08431436316593,86.58376423400206,88.7867540329102,91.34820576439643,72.43674866857336,9.380405087270752,69.59174052483608,18.400102701214482,50.56090482123093,55.108720517567924,73.33367518156729,86.13809430515911,88.53315866211189,91.35612059089988,2,-42.12430124640842,0.09434857964515686,46.66705827583518,7.23719005165002,0.9056513905525208,68.03821776171549,4.095373877684087,32.482426425329564,34.76293997044153,46.66705827583518,58.571176581228826,60.8516901263408,63.50327996652073,60.011432458228526,61.3019271852845,68.03821776171549,74.77450833814648,76.06500306520245,77.56548207546825,66.02187719115565,7.691381756761493,20.131352086793918,39.025871336455445,42.12149697199592,47.21085401983118,67.50411521540212,74.57599790968727,75.8901779858256,77.41243307106504,2,-35.70942976899072,0.9787611961364746,44.56015680989697,4.505718133844327,0.02123873494565487,70.15387110225974,33.58470334290768,35.72911154307306,37.1489099954221,44.56015680989697,51.971403624371824,53.39120207672087,55.04202461159298,4.329062118698715,14.911949998588788,70.15387110225974,125.39579220593068,135.97868008582077,148.28357432432534,45.103731853036166,7.579117198215501,43.82617153933168,13.616705762117103,35.50675649164583,37.040127037880936,44.62789661438473,52.67147127131766,54.897680530197086,72.61133803698954,2,-14.791284430871233,0.0036477074027061462,95.9231881961017,35.985770176520276,0.9963523149490356,69.64932989478459,3.051185621322143,25.39237469418636,36.73186360261018,95.9231881961017,155.1145127895932,166.454001698017,179.63860814197193,63.66911596684672,64.63057615905068,69.64932989478459,74.6680836305185,75.62954382272245,76.74744907825134,69.7451707989918,4.063033660842629,13.999467003120063,2.508884253585439,63.63759902265831,64.614355563157,69.65681138330936,74.74298160932207,75.7676419537154,77.07664760794492,2,-39.43272337682686,0.30915361642837524,46.336425244320154,7.314089057620664,0.6908463835716248,93.58794994395065,7.2803743461508885,32.00107411166515,34.305819330046724,46.336425244320154,58.367031158593576,60.67177637697516,63.35154077406136,79.31867843152556,81.6127997951199,93.58794994395065,105.56310009278138,107.85722145637573,110.52463332634025,78.97997020130518,23.02199410425736,53.15596907668591,476.85624345977374,36.101998822463464,39.114726022241314,89.26326688602495,104.20514777881327,106.66902410175597,109.48953986960697,2,-48.66752277914024
174,327,set,0.647,8.03207690231709,48.8868226058534,48.8633170862804,48.616708784942,48.7889494923586,0.04767915606498718,53.569568905366864,19.153974500479432,0.9523208737373352,94.08309581409385,6.891449974193509,16.0284687236286,22.064084477717245,53.569568905366864,85.07505333301647,91.11066908710512,98.12837676398966,80.57610206341509,82.74766932908702,94.08309581409385,105.41852229910067,107.59008956477261,110.11500581061773,92.15144784576435,11.71522247113222,62.71997968199983,74.52671094414413,54.73881040419434,77.41053451511992,93.66611043456568,105.26582347888788,107.45960586087938,110.00849611220498,2,-43.362498353405755,0.02562039904296398,25.06063110259919,9.568779192815999,0.9743795394897461,85.96904126082853,4.484640170624363,6.306168508663578,9.321389941798007,25.06063110259919,40.79987226340037,43.815093696534795,47.32094023497292,77.17930804278322,78.59246461060478,85.96904126082853,93.34561791105229,94.75877447887385,96.40187438759867,84.4085382032182,10.703050257469151,21.94256189312949,92.61228497855346,43.94537843388612,77.18082807688353,85.82122427116767,93.28911692787094,94.70892344350004,96.35819769437724,2,-35.6195887108596,0.2971518039703369,20.85180393512148,11.522404971819185,0.7028481364250183,93.2455365948382,12.798304286036625,-1.7316948249293844,1.8991343260210094,20.85180393512148,39.80447354422194,43.43530269517234,47.65692624515066,68.1613211310218,72.19419937112228,93.2455365948382,114.29687381855412,118.32975205865459,123.01884456198728,71.73360278099,35.343199298918854,154.57573168968247,1094.5656982852136,4.976138528860005,9.778208706199742,86.11107758946393,112.02532060746744,116.34128068119914,121.28605802499881,2,-22.9446532886314,0.0035432674922049046,66.88224153356614,34.315789019367244,0.9964566826820374,91.19080380427526,3.8456667044011397,-0.3754690454687335,10.437791503358405,66.88224153356614,123.32669156377386,134.139952112601,146.71270436480518,83.65343556710418,84.86524497749453,91.19080380427526,97.516362631056,98.72817204144634,100.1371623663285,91.10466752214832,4.582132779914899,18.90920720446163,2.0863200515073648,83.49124190668695,84.77744544643429,91.18186906613157,97.53484066129603,98.76486950289078,100.21968463503252,2,-42.31571802978972,0.026505792513489723,17.858868623723744,15.254056333458626,0.9734941720962524,96.89534314489916,8.42724375315004,-12.038532408000279,-7.231821262087763,17.858868623723744,42.94955850953524,47.75626965544776,53.34511014556444,80.37824889978492,83.03376069232617,96.89534314489916,110.75692559747213,113.4124373900134,116.50004373406371,94.80041532109199,15.3782513985867,75.30356785429964,161.18673016738612,41.99282026865617,80.25154377794426,96.60770964849651,110.64698111724547,113.31546609836529,116.41511503275132,2,-46.01146582873339
175,328,set,0.17,48.616708784942,48.8338000216822,48.820806646659896,48.6412551778616,48.7652872820679,0.40455925464630127,74.85151501966773,9.420006442406203,0.5954408049583435,82.0654082037383,7.756053515001161,56.38864165841628,59.35698325696964,74.85151501966773,90.3460467823658,93.31438838091917,96.76572698041042,66.86382265217073,69.30783544875892,82.0654082037383,94.82298095871768,97.26699375530586,100.10868680930824,79.14696584557218,9.179019311496006,71.71873601772947,12.536032881018876,60.07928027615244,63.38700060960568,79.51439023701468,93.61577630085642,96.21442897476291,99.21767459017141,2,-30.38167856350428,0.20745280385017395,61.97961989457975,6.813258181268482,0.7925471663475037,76.17001052429545,5.279137861293958,48.62587924192065,50.77280746376349,61.97961989457975,73.186432325396,75.33336054723884,77.82962857986504,65.82309044673748,67.48660146596924,76.17001052429545,84.85341958262165,86.51693060185342,88.45112166468516,73.22617193038847,8.051457435575594,31.717792209072428,33.10801482560599,53.989724655628464,57.17628239571568,74.52546466928537,84.24975974111035,85.98585472203716,87.98647375907751,2,-24.460884648320572,0.9798810482025146,60.36369449098855,4.302845994242494,0.02011890336871147,72.10259666511946,36.699349498655515,51.93027131125082,53.28614265114517,60.36369449098855,67.44124633083193,68.79711767072628,70.37361112201972,0.17319339170654757,11.73753853549622,72.10259666511946,132.46765479474269,144.03199993853235,157.4780503499985,60.599865406144936,6.925012790474689,45.23898079962384,2.716643501512043,51.491502323035874,53.05996912780868,60.39141558587137,67.90607777526174,69.73357184233937,74.5569114467636,2,-11.834578124077034,0.019389459863305092,99.3978712853376,21.760438804381835,0.9806104898452759,75.3865295276948,3.8563851131173847,56.74819494096136,63.60513459389457,99.3978712853376,135.19060797678063,142.04754762971385,150.0202218361071,67.82815359546831,69.043340487462,75.3865295276948,81.72971856792759,82.9449054599213,84.35782283707817,75.85209268367318,5.892962572102605,23.76458403373684,10.962134488776277,67.7640376312359,69.01979044359699,75.4561812987309,82.34917765479219,84.28207052161517,98.53902246208446,2,-27.086805401605275,0.5510373115539551,62.06177601707219,6.242836290086776,0.4489626884460449,97.66222566879483,9.236668411376796,49.82604172712246,51.79322410285868,62.06177601707219,72.3303279312857,74.29751030702192,76.58478494850057,79.55868824535752,82.46925813139362,97.66222566879483,112.85519320619605,115.76576309223215,119.14992959082143,78.04504960259766,19.321645688080125,59.77930005425562,313.5466920414517,51.501840737076776,53.71987434393933,70.2858803446732,108.92438945533847,112.36771592095657,116.21785680816505,2,-29.279762320529755
176,329,set,0.17,13.5886070943943,12.7868816823445,13.5220762769505,13.7686560125724,13.359204657289133,0.1914297193288803,57.165388411701585,12.77557858931813,0.8085703253746033,68.8278618026231,6.26964615153622,32.12571449497702,36.151431632658074,57.165388411701585,78.17934519074508,82.20506232842615,86.8858285026035,56.539581149801954,58.51521159056641,68.8278618026231,79.1405120146798,81.11614245544425,83.41323979823773,66.59532087156366,9.16954037633751,63.02793640856722,21.052732561840557,42.80680430266715,48.87182246925763,67.72199388084506,79.04646368740221,81.23937414551143,83.91107378055592,2,-53.236116214274524,0.047099143266677856,32.9922756960744,7.487008593481682,0.9529008269309998,60.443314536704996,3.209479731369012,18.318008500908412,20.67724245606921,32.9922756960744,45.307308936079586,47.66654289124038,50.409662220446016,54.15284985411044,55.16419015993544,60.443314536704996,65.72243891347455,66.73377921929955,67.90968088655247,59.150392324179855,6.802663361832223,12.455759357439868,33.82036518553544,33.570790128124216,51.74030436256322,60.24442107249636,65.64705065443097,66.66735515539504,67.85145345773911,2,-45.79118766689072,0.9781981706619263,30.1961592203251,4.685602111668411,0.021801790222525597,67.87371925120468,30.622174901699463,21.01254783557019,22.489029592495832,30.1961592203251,37.90328884815436,39.37977060508001,41.09649973140618,7.855359315587343,17.50472379900195,67.87371925120468,118.24271470340739,127.892079186822,139.11155073228002,31.01759629907563,8.496775819802721,41.92013319179812,30.2750285074581,20.943639603962737,22.469608914703272,30.298292939460723,38.83323671624143,41.56744721562739,71.05136839624153,2,-17.658391641786498,0.0008311796700581908,92.68479399822377,55.661422312859614,0.999168872833252,64.79591035959804,2.4234338389380854,-16.409589063255254,1.1299016256389933,92.68479399822377,184.2396863708085,201.77917705970276,222.17262546183414,60.04606731636375,60.8097164199438,64.79591035959804,68.78210429925228,69.54575340283233,70.43366051869029,64.81909443469887,3.0148020341533197,8.443306147367167,0.6459457512144201,60.032806133108885,60.80383587682286,64.79690686838056,68.79781765442077,69.5711099709544,70.48922860560036,2,-51.459889777409735,0.1645042896270752,32.15859027873546,8.28745668617078,0.83549565076828,90.87221941691946,5.832460772579529,15.915473650405062,18.52693709028422,32.15859027873546,45.7902434671867,48.40170690706586,51.4380975218144,79.44080636142093,81.27867516108984,90.87221941691946,100.46576367274909,102.303632472418,104.44055213563645,81.2135701477086,22.661091078191284,39.720029207475164,473.80462651558753,23.638951580204562,27.906359094229035,89.41800610460362,99.94804819813042,101.84858344500053,104.04270333256986,2,-67.85436549041947
177,330,set,1.226,13.7686560125724,96.46755120979961,97.02191239891529,98.1650016246308,97.2181550777819,0.02208438515663147,47.60727064077135,21.58986777721477,0.9779155850410461,107.54907994952163,7.2084471969105985,5.291907366448555,12.095098322016895,47.60727064077135,83.11944295952578,89.92263391509414,97.83281364511778,93.42078305911815,95.69223943299505,107.54907994952163,119.4059204660482,121.6773768399251,124.31843576119026,106.22529874054948,11.777342234350948,61.108193408124514,77.59726041303446,88.21564716946473,93.87404863792723,107.34617853365893,119.3285585492329,121.60940554287842,124.25927305185218,2,-9.007143662767575,0.03750012442469597,22.741825898525185,11.256029639078553,0.9624998569488525,106.8572350788935,7.437629993326844,0.6804131970158309,4.2273047216135495,22.741825898525185,41.256347075436814,44.80323860003453,48.927266519536275,92.279748161638,94.62342240844677,106.8572350788935,119.0910477493402,121.434721996149,124.1597498017718,103.70289477822436,17.702369905192345,57.995092643100236,255.37860730288955,27.59004079087504,90.2965756947211,106.4939056910447,118.95275450976563,121.31285089440665,124.05295503733181,2,-6.484739700442461,0.0020567176397889853,8.708724456805662,36.50840258602004,0.9979432225227356,114.015697987051,4.343187785638878,-62.846429744882606,-51.34225395101393,8.708724456805662,68.75970286462524,80.26387865849392,93.63996919742053,105.50320634910453,106.87178980531155,114.015697987051,121.15960616879045,122.52818962499747,124.11946365873214,113.79910445458702,6.6579097625400845,21.565806359923748,22.76118113676405,105.34917993583406,106.78807744540623,114.00452055125353,121.15598902281468,122.52560440734992,124.11772666001248,2,-16.580949376805123,0.08609525859355927,33.11319719141256,14.539984645108015,0.9139047265052795,112.30556162966653,7.672960854654611,4.615350951235445,9.197050712087918,33.11319719141256,57.02934367073719,61.61104343158967,66.93825955914606,97.26683469975782,99.68466413843122,112.30556162966653,124.92645912090182,127.34428855957523,130.15553780149088,105.48747286123638,23.77943052919323,72.00702481065167,493.4541256678096,25.082949339590908,36.07671214357461,111.39750147393866,124.58854944037176,127.0467478253513,129.89490639628426,2,-8.269317783454483,0.007125613745301962,1.8781045049427618,23.57892308282672,0.9928743839263916,103.80024005725242,11.41538565800659,-44.33573553163776,-36.90577264745457,1.8781045049427618,40.66198165734008,48.091944541523276,56.73088209084921,81.42649529792443,85.02360155463046,103.80024005725242,122.57687855987439,126.1739848165804,130.35639821411235,103.0739820455316,14.381877375473838,133.34407957229672,73.49429253437127,79.86453351466298,84.22413806911622,103.69756119212619,122.53741973243177,126.1391890895273,130.3258710274488,2,-5.855826967749692
178,336,set,0.17,12.4122762376901,12.630333995289101,12.3352503957148,12.3242530701563,12.429945820386735,0.18644428253173828,56.572802225491394,12.89588397560901,0.8135557174682617,68.38266244710536,6.217375876783167,31.29733408449052,35.360960695465536,56.572802225491394,77.78464375551724,81.84827036649226,86.57311449602676,56.19682965026221,58.15598918605798,68.38266244710536,78.60933570815274,80.5684952439485,82.84644160017268,66.18078153128643,9.143885397552326,62.45501389055754,21.155626273013315,42.290029403933325,48.481486143460025,67.31464211141365,78.53154298391362,80.70892723669832,83.36863967050385,2,-53.75083571089969,0.04488145560026169,32.01114353046124,7.49936008194005,0.9551185965538025,59.88873433311946,3.1519744835482895,17.31266786276139,19.675793899867053,32.01114353046124,44.34649316105542,46.709619198161086,49.457263913749216,53.71097786517557,54.70419767179656,59.88873433311946,65.07327099444235,66.06649080106334,67.221323471953,58.637550602708586,6.732579549154821,12.013200042519966,33.31460666774834,33.08674444954937,51.88376435942215,59.7030342232933,65.00283332560103,66.00441412720218,67.16692396488261,2,-46.20760478232185,0.9781728386878967,29.158748814761267,4.698234952249847,0.021827172487974167,67.69689400080188,30.405752596364934,19.950377517444302,21.430840013282925,29.158748814761267,36.8866576162396,38.367120112078226,40.08847770767207,8.102713989091356,17.68388156248185,67.69689400080188,117.70990643912188,127.29107401251238,138.4312519119672,29.99992788297798,8.572101445748688,41.77104642330417,31.70988683113797,19.89029339050687,21.416439580174583,29.26305593783232,37.83245468304987,40.60917660507545,70.8927876463019,2,-17.569982062591244,0.0007483779918402433,92.44845821484532,57.393248834842936,0.9992515444755554,64.46032696352873,2.3819431930391675,-20.040242457192278,-1.9550352936744844,92.44845821484532,186.85195172336506,204.9371588868829,225.96512062607914,59.79180409195162,60.542379063265884,64.46032696352873,68.37827486379157,69.12884983510584,70.00155544674145,64.48126766721293,2.953077627301187,8.134552785949788,0.5857923192288361,59.78093190820863,60.53552527178773,64.46113729141881,68.39186848399875,69.15326942436799,70.05134325861694,2,-52.0513218468262,0.15693828463554382,31.13974650818197,8.357492523917102,0.8430616855621338,90.7114579399322,5.738821966564307,14.75936216024169,17.392894617997108,31.13974650818197,44.88659839836683,47.52013085612225,50.58218147350874,79.46357357177882,81.27193581380011,90.7114579399322,100.15098006606428,101.95934230808557,104.06195422134796,81.3623730316176,22.544687136889205,38.727234230477094,469.535486583262,22.804408998659554,27.198128224243973,89.36016121577123,99.66755092459742,101.5343984808342,103.69038527566376,2,-68.93242721123086
179,337,set,0.494,12.3242530701563,12.1126979956755,12.2322168948199,11.8606487632546,12.068521217916667,0.07696594297885895,55.84391005354687,16.90474533183951,0.9230340123176575,87.44443355841969,6.854170166608726,22.711218035319817,28.038078381779673,55.84391005354687,83.64974172531406,88.97660207177393,95.17022841747354,74.01050688795769,76.17032690013075,87.44443355841969,98.71854021670863,100.87836022888169,103.38961775382406,85.01226555917076,11.674800306923345,65.35840305724417,70.94223607340415,48.164659700623034,62.27536903684684,86.77526505681189,98.48066520672292,100.67889887608854,103.2336243598048,2,-72.94374434125409,0.032594479620456696,29.706986872572614,9.025565093980022,0.9674054980278015,79.56624586832768,4.2196367551227265,12.017204348249898,14.861253392452964,29.706986872572614,44.55272035269226,47.39676939689532,50.70359104097026,71.29590980044568,72.62556104724632,79.56624586832768,86.50693068940905,87.83658193620968,89.38258886283202,77.94110748865529,9.912987693117673,19.88015154874043,78.38703767243746,36.28669379813575,70.71714018092025,79.38800727868413,86.43898373949868,87.77668865266907,89.33011558898546,2,-65.87258627073862,0.6585699915885925,26.710909795800596,8.546252444818162,0.34143003821372986,85.20479511053051,17.439146335931557,9.960562801169608,12.65357546509855,26.710909795800596,40.76824412650264,43.46125679043158,46.592466001819666,51.024696370981005,56.519952008936,85.20479511053051,113.889638212125,119.38489385008,125.77431611421201,46.68248009012551,30.352742585476722,151.9379279570994,769.3511194499417,11.541802076094056,14.462868180424882,32.70720403362644,103.54752291996068,110.53013599260005,118.18842676189513,2,-34.61395887220884,0.0025970269925892353,75.77498042050063,38.75190181026467,0.9974029660224915,83.86000360284478,3.460681587805766,-0.17735146005067293,12.033774176619438,75.77498042050063,139.5161866643818,151.72731230105188,165.92538481184926,77.07719232878459,78.16768894141829,83.86000360284478,89.55231826427128,90.64281487690498,91.910752857369,83.83900599364917,4.001820201174211,15.84519527939672,0.16932054627861834,76.99877185102116,78.12570747621841,83.85813365897563,89.58084746903783,90.69386775053873,92.02691737549678,2,-71.7704847757325,0.05202959105372429,24.956392746114155,12.487397164483479,0.9479703903198242,95.03509500940805,7.76650848174106,0.4815440430789373,4.416452228929966,24.956392746114155,45.49633326329834,49.43124144914937,54.00642259201392,79.81301809957071,82.2603253644669,95.03509500940805,107.80986465434921,110.2571719192454,113.10269550462652,91.38892701890659,17.536184334113567,65.29353682969008,242.2240686033898,24.345641912937182,46.96311220607809,94.50042363947442,107.60766099940324,110.07896732476372,112.94653141141634,2,-79.32040580098992
180,338,set,0.647,11.8606487632546,16.6054672172375,15.625688506899799,15.568673027507499,15.933276250548266,0.05276433378458023,54.91306241587371,18.668114552953643,0.947235643863678,94.62338306931623,7.065885034106339,18.32423023281651,24.206746485102336,54.91306241587371,85.61937834664508,91.5018945989309,98.3415910184883,80.77450288356724,83.00103644334429,94.62338306931623,106.24572969528818,108.47226325506523,111.06108969662651,92.52809234066785,12.020616053755516,65.6806707115652,78.81434823696588,53.686401299899174,76.03642832606967,94.1472725217398,106.0703170830137,108.32146722771408,110.93611000528887,2,-76.5948160901196,0.029692042618989944,28.140702208556476,9.645941315123958,0.9703079462051392,87.39674958378389,4.759425782627169,9.23500463392659,12.274540651013774,28.140702208556476,44.00686376609917,47.04639978318636,50.5805172801178,78.06844646274328,79.56819082302323,87.39674958378389,95.22530834454453,96.72505270482449,98.46882963485376,85.63731552295096,11.220683785399057,24.74221727802842,101.16144537284757,37.81186929656485,77.71163179077737,87.2141692871519,95.15562407707807,96.6635591091267,98.41492021904536,2,-69.7040392724027,0.30544915795326233,24.021709731929988,11.481647990657855,0.6945509314537048,92.88178477128073,13.190289013610448,1.5180931870739087,5.136079391116326,24.021709731929988,42.907340072743644,46.52532627678606,50.73201712548218,67.02929335892989,71.18569004670542,92.88178477128073,114.57787949585604,118.73427618363156,123.56698557607766,71.84854113819128,34.16226837474368,161.10738282439613,1005.9536592214122,8.030533037778612,12.77666087631734,85.19824106502979,112.1546436798501,116.61358006204561,121.71940834054487,2,-55.91526488764301,0.004820647649466991,67.4925756982619,32.02179490436838,0.9951794147491455,91.77533628596258,4.0761146084541044,4.731010965371645,14.821410208315385,67.4925756982619,120.1637411882084,130.25414043115214,141.9864101970111,83.78629845653495,85.07072438837696,91.77533628596258,98.47994818354819,99.76437411539021,101.2577968396866,91.65828337986655,4.930108229812115,21.477687352264308,2.82880403117031,83.54710491964752,84.94148512442139,91.76168739734395,98.50305716829325,99.80986656606719,101.36157387695648,2,-75.72500712931829,0.031144283711910248,20.980569423446326,14.862415480701888,0.9688557386398315,97.06287270351359,8.753994516133544,-8.149229641999934,-3.4659285852458908,20.980569423446326,45.42706743213853,50.110368488892576,55.555718080088845,79.9053587310307,82.66383307333803,97.06287270351359,111.46191233368914,114.22038667599648,117.42770923548603,94.69334603422784,15.993423918661144,81.12526411350741,174.66454495275886,33.6338696546739,78.98609719640484,96.71009105636386,111.3272797865398,114.10166179328041,117.32360542528802,2,-78.76006978367958
181,339,set,0.829,15.568673027507499,75.4009066205012,75.3055144722138,73.8391561661233,74.8485257529461,0.04046723246574402,54.47140536173879,19.82133913128824,0.9595327973365784,101.43874748383936,7.401161678208137,15.62229453905939,21.86820380060417,54.47140536173879,87.07460692287339,93.32051618441818,100.58273551045372,86.93273715079339,89.26491985378446,101.43874748383936,113.61257511389427,115.94475781688534,118.6564242193714,99.53811215499644,12.41429470543854,68.45950262067198,85.65550568932238,60.41116273564429,84.86664183340953,101.05471169227647,113.46813361604814,115.81880035321772,118.54843590339823,2,-24.689586402050338,0.03350188210606575,29.379136100941274,10.385332740716644,0.966498076915741,96.58805712937439,5.798501831836255,9.024257961671996,12.296783875275622,29.379136100941274,46.46148832660692,49.73401424021054,53.53903284351418,85.2232023746858,87.05037036039377,96.58805712937439,106.12574389835501,107.95291188406298,110.07738953848859,94.33642782259987,13.504421831936995,36.10955100296971,146.25949333216872,36.261117820502896,84.30432550465544,96.33606835205886,106.02968288311226,107.86817396821232,110.00321565679734,2,-19.48790206965377,0.07592710107564926,23.065779422229554,16.39552794787444,0.9240728616714478,100.31365942036786,9.677343989471288,-9.068864863124261,-3.902464188615962,23.065779422229554,50.03402303307506,55.20042370758336,61.20748100754445,81.34641373499896,84.39584506002898,100.31365942036786,116.23147378070674,119.28090510573674,122.82652803663629,94.44844809089456,22.926514690518076,106.95055265480542,418.67419088486463,15.819784030561529,29.76245084680385,99.31532131357656,115.8581034600657,118.95198078396662,122.53848018292103,2,-19.599922337948456,0.014657785184681416,57.81772545249255,23.777997945684206,0.9853421449661255,100.3523036554939,5.239123337124061,11.213705854484104,18.70639928988922,57.81772545249255,96.92905161509587,104.42174505050099,113.13362042238248,90.08381060416744,91.73471263237928,100.3523036554939,108.96989467860851,110.62079670682036,112.54032709265022,99.72883393574583,7.8399108848881625,35.33349034766765,26.130017626396484,88.5199132825463,90.9968274837681,100.26187153266119,108.94434724605082,110.60547256557098,112.54281190509893,2,-24.880308182799723,0.021169183775782585,18.71997284750072,17.336303017056746,0.9788307547569275,99.50310739981462,10.174785614785382,-15.25855669100359,-9.795708048034829,18.71997284750072,47.23565374303626,52.698502386005025,59.05024451495849,79.56089404441904,82.76707437788122,99.50310739981462,116.23914042174802,119.4453207552102,123.17319828359193,97.79298826230657,15.585936740528247,107.69703266357737,135.22380357567712,72.46221531527569,80.28472348481607,99.2272816780362,116.13348199269444,119.3521519899318,123.09151775447222,2,-22.944462509360463
182,340,set,0.893,73.8391561661233,77.60504619052351,79.7616085045017,78.0412276197269,78.46929410491737,0.22118470072746277,67.88625179496447,12.101415918091265,0.7788153290748596,99.60377935762853,8.612092749284821,44.16791243356587,47.98119393084376,67.88625179496447,87.79130965908516,91.60459115636306,96.03835498890007,82.72438773751173,85.4381473633249,99.60377935762853,113.76941135193213,116.48317097774532,119.6385030159698,92.58835048428958,16.231146965862315,90.1545169654391,173.29587034545224,53.236462034673224,58.78702225382338,96.5292654952065,112.7000802714012,115.5443878260962,118.81851485210643,2,-14.11905637937221,0.3599851727485657,72.63706800724228,10.631877307727308,0.6400148272514343,110.9934551628335,12.096763187611614,51.798971396048074,55.149186056323956,72.63706800724228,90.12494995816058,93.47516461843648,97.37051317913676,87.28423498560478,91.09605035931747,110.9934551628335,130.89085996634952,134.7026753400622,139.13473448710928,97.18572450661713,21.7556259154457,134.3460220574715,338.9612369153434,56.902156959647485,61.096691719956986,101.67457376930496,128.1443895856426,132.30414762746113,137.04852459561417,2,-18.716430401699768,0.13714537024497986,64.28979436176736,16.899902428165564,0.8628546595573425,82.38315635006164,12.244586374606051,31.166594260321844,36.49192855767323,64.28979436176736,92.08766016586148,97.41299446321287,103.60484644702797,58.3842080502439,62.24260404127029,82.38315635006164,102.52370865885298,106.38210464987937,110.86832383113587,79.90173797640996,14.397116090267485,168.53734582775718,38.73979615548287,47.949886963085994,54.82691595777498,80.74455978762175,101.85795758865667,105.8098719918794,110.39283616554239,2,-1.4324438714925947,0.6250737309455872,60.68090598418826,9.574049986177116,0.37492629885673523,106.55220509057781,10.754864005802164,41.9161128250949,44.93299513981013,60.68090598418826,76.42881682856638,79.4456991432816,82.95347681549214,85.4730589805794,88.86202802326429,106.55220509057781,124.24238215789134,127.63135120057623,131.57176010607404,77.87926419032908,24.367801140517923,100.66241669025129,493.12749649001796,43.91920863204746,47.2280609061166,68.7309500497088,118.49711168768032,122.69511673438424,127.33200530619156,2,0.5900299145882855,0.2685519754886627,56.049733459689655,9.499432407259972,0.7314479947090149,105.77847372657519,12.78916424970524,37.431188067887476,40.42455761062773,56.049733459689655,71.67490930875158,74.66827885149183,78.14871784491356,80.71217240478569,84.7421705247694,105.77847372657519,126.81477692838095,130.84477504836468,135.5305187896361,92.4237191368963,25.092576068778126,143.87154490616982,485.7655742855203,43.49180831180132,47.57549301485051,99.66885129383552,124.8105340745992,129.08860032850896,133.9989409671222,2,-13.954425031978928
183,342,set,1.493,85.21945287406871,111.9389995138,111.9909744233,111.9403402762,111.95677140443333,0.19009362161159515,49.5559975061872,10.759620289493776,0.8099063038825989,85.04146238775186,6.6610877132057835,28.46752925145296,31.8579970483927,49.5559975061872,67.25399796398169,70.64446576092143,74.58661729213773,71.98597037200625,74.08494810324343,85.04146238775186,95.99797667226028,98.09695440349746,100.5374696281677,78.29589551776147,15.868517985646243,57.94264519610165,193.86676112566408,37.51315053595355,42.73399185046367,83.05662406875427,95.30216229522678,97.4858082008699,100.00344347819365,2,33.66087588667186,0.5525526404380798,70.73794899185933,12.269324520538168,0.44744738936424255,115.7672139474247,17.09771902180599,46.69051481697035,50.55670605400748,70.73794899185933,90.91919192971116,94.7853831667483,99.28066600613045,82.25630044689954,87.64396880180992,115.7672139474247,143.89045909303945,149.27812744794983,155.5424562447507,90.88617814937298,26.744924726361457,213.98243173854326,501.30881305624257,49.96190252278967,54.3146874468446,84.9162390222912,136.5803029438325,142.9594044049151,150.09067913460106,2,21.070593255060345,0.0017959412652999163,45.87195847859665,54.12743322541471,0.9982039928436279,75.84707299436883,3.676970706776479,-60.215861218812904,-43.159746379800396,45.87195847859665,134.90366333699365,151.95977817600618,171.79119768982775,68.64034283687815,69.79899439113322,75.84707299436883,81.89515159760444,83.05380315185951,84.40098598098874,75.7932344516329,4.513168461128719,18.75754241157671,1.6107686281486082,68.56487456248482,69.75635289941127,75.84359925462213,81.90912311375223,83.08192323107501,84.45922385708012,2,36.16353695280043,0.9804847836494446,21.111645646337493,5.967222578027297,0.019515186548233032,109.73754096724689,20.961321924052815,9.416104305669736,11.296437946042575,21.111645646337493,30.926853346632406,32.807186987005245,34.9934812046598,68.65410492775354,75.2592345747712,109.73754096724689,144.21584735972257,150.82097700674024,158.50086766235282,22.841195897353142,13.920454064528979,43.48737689044914,150.2916489237375,9.4663186726062,11.353400814172968,21.260515358314414,32.24046137429933,36.24767067025618,109.08486418578539,2,89.11557550708018,0.1495651751756668,27.062321202626762,8.882785404302833,0.8504348993301392,107.74304097703109,9.439640522161246,9.652381727795142,12.451439412927643,27.062321202626762,41.673202992325876,44.47226067745838,47.72677014348767,89.24168552659017,92.21621402703606,107.74304097703109,123.2698679270261,126.244396427472,129.70292863747068,95.67602301815552,30.25794723060456,87.58081581942957,827.9632368094193,18.486123630721444,23.259921235720146,105.64521246285865,122.51597403649673,125.58151126098252,129.12316930807583,2,16.280748386277807
184,343,set,0.385,111.9403402762,112.0149723692,112.0379889449,112.0009210955,112.01796080320001,0.7853862643241882,97.60515807983221,5.907184509820885,0.21461373567581177,103.71861146999073,9.423770178330322,86.02728919055038,87.88870421378176,97.60515807983221,107.32161194588265,109.18302696911404,111.34732420582101,85.2483613218807,88.21788891260698,103.71861146999073,119.21933402737449,122.18886161810076,125.64157918979896,98.91718914977409,7.263940522773808,46.4652166543585,6.29961526403666,85.90444992349816,87.93555324068676,98.46372897465733,111.62539382317148,115.21554146046137,119.57474358808037,2,13.100771653425923,0.8805544376373291,110.48909501065975,6.041641517135328,0.11944560706615448,107.25944877971949,12.53814214601378,98.64769522957258,100.55147904845911,110.48909501065975,120.42671097286039,122.33049479174693,124.5440549097644,82.68514174048873,86.6360401956156,107.25944877971949,127.88285736382338,131.83375581895024,136.4275291055205,110.10333289524362,7.212175730335535,50.91894579379925,1.097074900328166,95.18139878431498,98.52346526264023,110.29271111931499,121.16282048758087,123.55888256255753,126.86459839377748,2,1.9146279079563868,0.9383673071861267,106.85009186110224,5.623436986036832,0.06163271889090538,70.40223729401167,32.48144090987206,95.82835789913958,97.60036113868651,106.85009186110224,116.09982258351798,117.87182582306491,119.93216253837166,6.739782944696486,16.97502140479866,70.40223729401167,123.82945318322466,134.06469164332685,145.96536830047575,104.60371427272543,13.096888787356406,94.69926069811207,76.8295205435153,62.64551876700296,92.03069705684541,106.51023871835764,116.20677395517994,118.17634488646098,120.76279447084511,2,7.4142465304745855,0.9001933336257935,96.5407326602292,4.326526790239883,0.09980670362710953,101.69215456779628,8.810029829366838,88.06089597321134,89.4242293772004,96.5407326602292,103.65723594325797,105.02056934724705,106.60573906068448,84.42481339951371,87.20094504941157,101.69215456779628,116.18336408618099,118.95949573607884,122.18734873158022,97.0548826962385,5.19433508344211,24.59722918728778,2.3842386811058054,87.77961463186962,89.283319369872,96.79443054160245,105.53560294881864,108.40654215645866,113.00501722911001,2,14.963078106961518,0.9668185710906982,103.6652613762098,3.709700034537449,0.03318145498633385,117.4872341006881,17.167826500139203,96.3943829150694,97.56334781949887,103.6652613762098,109.76717493292072,110.9361398373502,112.29531416488523,83.83891246758293,89.24867241506053,117.4872341006881,145.72579578631567,151.13555573379327,157.42557078118892,104.12389724527176,5.404954718291218,23.084947495694728,6.128870732686418,96.20512377408816,97.47274623669652,103.7572077358463,110.68282440650613,113.15171718188759,126.42229530867127,2,7.8940635579282485
185,345,set,0.229,112.1110168132,111.6312631836,111.668286229,111.7793279334,111.69295911533334,0.8444991707801819,103.39073204212464,5.233027374457554,0.15550076961517334,103.62262350400349,9.544123107919775,93.13418685807564,94.78316798531179,103.39073204212464,111.99829609893749,113.64727722617364,115.56457414949149,84.91648594846424,87.92393799387028,103.62262350400349,119.32130901413669,122.32876105954273,125.82557400569672,103.42678518034613,6.107254705089471,37.290860865236674,0.007061570761455666,91.42111483981799,93.6835036466263,103.41199586878113,113.21599418015397,115.54248461565274,118.82118453609564,2,8.266173934987208,0.9002224802970886,113.50117789709974,5.1984549297792535,0.09977752715349197,102.50659341582747,11.353532477839543,103.3123934594777,104.95048045130856,113.50117789709974,122.0518753428909,123.68996233472177,125.59459247128883,80.25407866195616,83.83169434094175,102.50659341582747,121.18149249071317,124.75910816969878,128.91885955850313,112.40416629112791,6.931580688164487,37.18914520604537,10.857759766314624,94.81620798766153,100.73047449494159,113.03391068081463,122.01247715024816,123.74670860562166,125.82224342607775,2,-0.7112071757945699,0.9790399074554443,110.36045456772294,4.1673544317255145,0.020960025489330292,70.89965482203745,40.89096468949322,102.19258997072754,103.50576651590693,110.36045456772294,117.21514261953894,118.52831916471833,120.05517069034227,-9.245163262468353,3.6400032429799296,70.89965482203745,138.15930640109497,151.0444729065432,166.0262635949191,109.53334779897885,9.165380330343327,52.049482962207165,31.953909138929642,100.52617415910755,102.77289321321615,110.28614123996388,117.28456786714631,118.68218629099077,120.43990010749685,2,2.1596113163544857,0.8711981177330017,106.09581547538744,3.993481424780761,0.1288018524646759,97.32955543949979,7.608687525206714,98.26873570988745,99.52712306967346,106.09581547538744,112.6645078811014,113.92289524088743,115.38604249794776,82.41680192047542,84.8143781673231,97.32955543949979,109.84473271167647,112.24230895852413,115.03000948800549,104.96670178167635,5.474842687653117,21.350388192235123,8.623185900072688,90.7525920030168,94.84190329775609,105.56093579920643,112.51456362556891,113.82511074898117,115.36176187366773,2,6.726257333656989,0.9831429123878479,110.17777367625877,3.19880854031231,0.01685713604092598,118.43629212427132,18.18051699555667,103.9082241438075,104.91620184680272,110.17777367625877,115.43934550571481,116.44732320871003,117.61931512347799,82.80313359266188,88.53200280427704,118.43629212427132,148.34058144426558,154.06945065588073,160.73049918584795,110.3169939810079,4.094073351116652,15.631697391816118,1.1303285828971164,103.72501385905679,104.81953706234708,110.20179301261545,115.7316560806953,117.01236075825243,119.40388407873868,2,1.3759651343254404
186,347,set,0.647,124.89621124840001,107.6957440149,107.7125874868,107.6175466105,107.67529270406665,0.7824661731719971,91.39789459752798,5.845277273574636,0.21753382682800293,101.76888814913902,8.834574545714347,79.94136166167121,81.78326907355172,91.39789459752798,101.01252012150424,102.85442753338475,104.99604295608758,84.45344022080458,87.23730616504761,101.76888814913902,116.30047013323042,119.08433607747344,122.3211818616169,93.65393651281846,7.87533191415389,43.71318172599457,18.3076710320943,80.38643754327828,82.3126219625521,92.81528602316507,108.48355744615468,112.40375293609434,116.65994526630762,2,14.021356191248188,0.9247716069221497,115.6730182986659,6.916803577894842,0.07522832602262497,115.50630674529816,15.925246571607504,102.11633239785422,104.29588884665463,115.6730182986659,127.05014775067714,129.22970419947757,131.76390959725964,84.29339702002747,89.31160716189305,115.50630674529816,141.70100632870327,146.71921647056882,152.55397025073347,115.66046911109709,7.957689991656849,63.32199946847358,0.0019335140140716391,100.31541074203679,103.23961934725307,115.66732982361691,128.0679302620917,130.96203408622657,135.3818634271754,2,-7.985176407030437,0.7576401233673096,108.70707318583102,8.9306634598013,0.24235986173152924,63.119402419340055,21.82106106901045,91.2032944465726,94.01743900289387,108.70707318583102,123.39670736876818,126.21085192508944,129.482903139314,20.350908619630474,27.226950976048634,63.119402419340055,99.01185386263145,105.88789621904962,113.88278144654788,97.65844998234017,23.610118520444523,175.82867197370524,381.6088824607846,35.54211612763432,45.24116797953265,105.23284359815234,122.23504822308814,125.21268012479935,128.6501593028504,2,10.016842721726476,0.9786338806152344,81.63551779036148,3.7128613382536058,0.021366063505411148,108.84846304812248,12.094442032596291,74.35844328779322,75.52840435176714,81.63551779036148,87.74263122895582,88.91259229292973,90.27292487121619,85.14379225112634,88.95487620485213,108.84846304812248,128.74204989139284,132.55313384511862,136.98434255836304,82.21694674516803,5.665771223855011,16.61613233373097,15.484453503776582,74.38969345485569,75.5650064693534,81.7345894376608,88.60309929647588,91.13081436753076,109.8187349095992,2,25.45834595889862,0.9639569520950317,99.00873524800986,3.5127020974217884,0.036043085157871246,120.6211632973152,15.53731670125181,92.12396564864484,93.23085446266558,99.00873524800986,104.78661603335412,105.89350484737487,107.18050230448584,90.16858214646898,95.06455156816747,120.6211632973152,146.17777502646294,151.07374444816142,156.7663669735716,99.78771752102215,6.068267862296763,20.595434797702026,16.22881099996322,92.10519564214438,93.24455824189138,99.1459098551788,106.14835280795768,112.80794265065695,129.79508358353524,2,7.887575183044504
187,348,set,0.829,107.6175466105,118.3766209014,118.6197266266,118.4722248384,118.48952412213333,0.5555689334869385,78.55808305800184,7.879691491138678,0.4444310665130615,98.1080593691456,8.520302921689494,63.11417152608331,65.59714392954373,78.55808305800184,91.51902218645995,94.00199458992037,96.88898660651,81.40857250526278,84.0934082056794,98.1080593691456,112.12271053261178,114.8075462330284,117.92924795720191,87.24669988026855,12.693657162609945,66.75874139413546,94.37019076774321,65.19502073509494,67.98531853963608,86.22530677093647,108.45009178973069,111.6314211226856,115.18858560344694,2,31.24282424186478,0.7957545518875122,98.88568016573842,8.808243373640959,0.20424549281597137,114.84920886186913,15.379608415822302,81.62184038633856,84.39740910553381,98.88568016573842,113.37395122594302,116.14951994513828,119.3767184120424,84.70573027052829,89.55200417801042,114.84920886186913,140.14641354572782,144.99268745320995,150.62752820359796,102.14616337189592,12.307191537479461,110.04940474796965,41.418025221172776,81.94964496271098,84.90417677976295,100.71743666624485,125.6991205688367,132.7545081715051,140.3034410444061,2,16.34336075023741,0.3728652894496918,90.30400535837018,13.431102984947758,0.6271347403526306,67.68839547336222,15.355667434238882,63.979527235224154,68.2118068996201,90.30400535837018,112.39620381712024,116.6284834815162,121.54942323342698,37.59184034367942,42.43057019989378,67.68839547336222,92.94622074683065,97.784950603045,103.41101976348202,76.1209734164884,18.295857144281456,215.13904849187293,119.59951283873467,40.769101071473926,46.05400239591385,76.18960602557596,105.86949892861662,110.8648615202309,116.49770815054931,2,42.368550705644935,0.9482861757278442,68.12038169954468,5.539014415886327,0.051713794469833374,108.48938479594267,12.867127444030272,57.264112934559314,59.00951374783756,68.12038169954468,77.2312496512518,78.97665046453005,81.00605611022341,83.2702784211564,87.32484355118264,108.48938479594267,129.6539260407027,133.70849117072893,138.42279937037506,70.20801399847831,10.843136127329041,37.65595470230396,79.91749947291412,57.39025022159732,59.15265063938915,68.4985446601686,86.32146456455801,109.0239913838665,119.62639133013315,2,48.281510123655025,0.8004949688911438,79.13834185304198,5.260221815602998,0.19950497150421143,113.86083969442369,13.370811569574972,68.82849654376821,70.48604692107813,79.13834185304198,87.79063678500583,89.44818716231575,91.37544769075326,87.65453057398527,91.86781178892358,113.86083969442369,135.85386759992377,140.0671488148621,144.9659987635051,86.06564807842912,15.822869635420746,57.816862499177844,192.54589949110715,69.33037154430308,71.05949796757172,80.78601977256362,122.85326006441161,129.2218646203862,135.8378621094337,2,32.42387604370421
188,349,set,0.17,118.4722248384,118.7908046413,119.337139472,119.2966223428,119.14152215203335,0.8895733952522278,108.29184434420083,4.651740536995504,0.11042654514312744,105.04357677089294,9.647646361092004,99.17460042626462,100.64041205028659,108.29184434420083,115.94327663811507,117.40908826213702,119.11341105302992,86.1345373675737,89.17461066230558,105.04357677089294,120.9125428794803,123.95261617421218,127.48735837251718,107.93314292368306,5.5285217618884435,29.527383363537872,1.0364751400519312,96.37489433149734,99.02263246068726,108.11123777979807,116.36741318086031,118.1277031416423,120.46954553890991,2,11.208379228350282,0.9345595240592957,119.87693482955115,4.707995656574949,0.06544049829244614,102.5988873326433,11.589645524120565,110.64943290329325,112.13297109816206,119.87693482955115,127.62089856094023,129.10443675580905,130.82937051621778,79.88359951178114,83.53561685721169,102.5988873326433,121.66215780807491,125.31417515350545,129.56043455856812,118.74625347129124,6.911000753894823,29.504680451808362,18.257566143122432,99.11784821360544,108.01835573464514,119.52300796373297,127.51364306404722,129.02837592128915,130.79856847442548,2,0.39526868074210597,0.9869458079338074,116.3414067385892,3.6780980691029455,0.013054230250418186,70.01197063796715,44.94367790023882,109.13246699154111,110.291473789342,116.3414067385892,122.39133968783639,123.55034648563729,124.89794236216056,-18.07601937926971,-3.9138009647794263,70.01197063796715,143.9377422407137,158.099960655204,174.56660017276403,115.73661605476616,8.208167729107902,39.72048892160898,27.654040023895316,108.32919670705552,109.89680978715832,116.29891145049459,122.4256138096421,123.62923697352497,125.09374214758682,2,3.4049060972671867,0.9136939644813538,110.54650647443947,3.282592206683345,0.08630607277154922,97.32545759792953,7.548711328416255,104.11274397340824,105.14712277747373,110.54650647443947,115.94589017140521,116.98026897547068,118.1829578758003,82.53025526454415,84.90893239057438,97.32545759792953,109.74198280528466,112.12065993131489,114.88638614853869,109.40545378616547,5.342932012720939,14.763411171215381,13.783957221949102,93.14074427921163,98.80126373620182,110.19151642708098,115.82104405924031,116.87642756978966,118.10330884589028,2,9.73606836586788,0.9918341636657715,117.03679977210268,2.7416500913689608,0.00816580094397068,121.4075424812947,19.558192835182282,111.66326433480857,112.52718667548261,117.03679977210268,121.54641286872275,122.41033520939679,123.41483163352274,83.07418892164809,89.23717805972882,121.4075424812947,153.57790690286058,159.7408960409413,166.9067028035018,117.07248624508074,3.2762901544947622,10.578871443718636,0.15472067501533884,111.5492657912513,112.46571828880882,117.04179791081539,121.64723102554406,122.59651700636935,123.86557865742397,2,2.0690359069526068
189,350,set,1.153,119.2966223428,124.77728813780001,123.6071024641,121.9448694561,123.443086686,0.564625084400177,67.70495226427118,7.171705345005574,0.4353749454021454,88.19015215039111,7.181012108521001,53.64866808032686,55.9085467161115,67.70495226427118,79.50135781243087,81.76123644821551,84.38883374687224,74.11562704514391,76.3784383385079,88.19015215039111,100.00186596227432,102.2646772556383,104.89568440251048,76.6236970640075,12.435819173850819,51.491515318634676,103.15825818120703,55.49083047979532,58.02473845630269,75.35785183028226,96.81693703005494,99.51348412265904,102.52333492115491,2,46.8193896219925,0.8738769888877869,101.51477768487442,9.787254326604033,0.12612302601337433,117.82983241277033,18.91528630073865,82.3321116971967,85.41617690786327,101.51477768487442,117.61337846188555,120.69744367255214,124.28333598026673,80.7565525060587,86.71695513617485,117.82983241277033,148.94270968936578,154.90311231948195,161.83336848536754,103.57248326941853,12.576626781838316,128.83429249636276,29.337408561908727,82.21326618359934,85.50159928711489,102.54516912920329,125.3670828685741,134.07753228476355,144.50311649301457,2,19.870603416581474,0.06940764933824539,85.11597901856929,24.378900952754577,0.9305923581123352,57.096093077112506,8.390912857702554,37.3342111685011,45.01625536534021,85.11597901856929,125.21570267179837,132.89774686863746,141.82978342146214,40.65020607860143,43.29426962968671,57.096093077112506,70.89791652453829,73.54198007562357,76.6162753648908,59.04088792043381,12.54919825150488,106.77171025704152,50.710692469962055,40.55484640038036,43.334780504968,57.67670828703982,77.5621736446293,93.84756425994935,111.01086354717691,2,64.4021987655662,0.9922800064086914,47.63091073188982,4.69875695161707,0.007719987537711859,110.08921549041037,18.584496962488586,38.421516334613145,39.902143317859036,47.63091073188982,55.3596781459206,56.84030512916649,58.56185397691881,73.6642707731387,79.52043825659239,110.08921549041037,140.65799272422834,146.51416020768204,153.32322048921415,48.11308777791388,7.37954787772898,24.5742289523325,29.88348391407692,38.43685391210127,39.91966151495419,47.6766924645061,55.717826256878354,57.54502468891957,60.92743556129852,2,75.32999890808611,0.7732072472572327,66.13290346376147,4.553421646822,0.22679279744625092,115.53544232070936,10.453511133428256,57.20836102956528,58.64319135294695,66.13290346376147,73.62261557457597,75.05744589795765,76.72574623145736,95.04693698720149,98.34094661851229,115.53544232070936,132.72993802290642,136.02394765421724,139.85394572222245,77.33704640844695,21.651659055356493,40.81439335637292,427.9802138654011,57.72016760800345,59.22646259284354,67.84641233729641,123.59115048028939,128.34404914692627,133.3591372379512,2,46.10604027755305
190,351,set,0.829,121.9448694561,129.40283438790001,129.43742224849998,129.4445933776,129.428283338,0.697441577911377,82.435679320703,6.510807254080928,0.30255845189094543,97.47963856137167,8.300015281053074,69.67473159242226,71.72635439444603,82.435679320703,93.14500424695997,95.19662704898374,97.58208193452386,81.21190753937555,83.82732832257888,97.47963856137167,111.13194880016447,113.7473695833678,116.78836146495598,86.9873587956449,9.90785335796996,50.40830319354016,47.757480477728365,70.68679485177604,72.87684563519547,85.55709609716263,105.57086071464427,108.99960748359952,112.7332266525688,2,42.440924542355106,0.9003540873527527,109.73870805753518,8.044701254928677,0.0996459499001503,116.8795864580008,16.924542882388284,93.97138333149078,96.50635202062467,109.73870805753518,122.97106409444567,125.50603278357956,128.4534817192322,83.70809195371604,89.0411907134087,116.8795864580008,144.7179822025929,150.05108096228554,156.25196081155784,110.45027175695648,9.559571232778618,86.81101301488668,4.574843597626245,93.04170468240969,95.97402146584396,110.08679604256712,125.8563516594213,130.62623011693307,138.67564884039803,2,18.978011581043518,0.4567095637321472,100.26430556877939,12.770790393001445,0.5432904958724976,61.13839430547034,15.784857072420282,75.23401634438643,79.25822467181393,100.26430556877939,121.27038646574483,125.29459479317235,129.9736066493595,30.200642942414227,35.17461489898923,61.13839430547034,87.10217371195144,92.07614566852645,97.8594629979338,79.0075758132912,24.28360270050657,209.85336322892684,379.84036895106,34.544373429994636,40.17049283800819,79.44885988776534,115.98425174434473,120.7155247083665,126.01705262390955,2,50.4207075247088,0.982624888420105,69.5593063332952,4.267584171734867,0.01737508550286293,109.91455313445366,13.969633091957077,61.19499505570166,62.5397550300964,69.5593063332952,76.57885763649399,77.92361761088873,79.48719169850095,82.53457539697887,86.93655147596674,109.91455313445366,132.89255479294056,137.29453087192843,142.41277937905858,70.2604803830542,7.00651123745207,21.28659356596836,27.80447742438936,61.22655390153013,62.57573623183412,69.65351721096071,77.38331432887402,79.83268879550563,107.2535514548065,2,59.1678029549458,0.918057382106781,87.19217011874079,4.009432527091456,0.08194265514612198,118.33623497294857,13.47115788835754,79.33382676719812,80.5972404845372,87.19217011874079,93.78709975294439,95.05051347028346,96.5195049542502,91.93325068171515,96.17815206104773,118.33623497294857,140.4943178848494,144.739219264182,149.67483448739765,89.74420073309905,10.12896560481491,29.628581891845037,72.96766236736251,79.47024568163535,80.7561801188827,87.63141423215545,114.5670462063157,125.20398344396457,134.0283300794059,2,39.68408260490095
191,353,set,1.076,120.8270125702,123.4620334493,123.49855092969999,123.4725366827,123.47770702056665,0.604202926158905,71.3245004355409,6.9712035319127965,0.3957970440387726,90.4373011368989,7.434421797590176,57.66119258409339,59.85789102185721,71.3245004355409,82.79110984922457,84.9878082869884,87.54194495151224,75.86610216774262,78.2087654788456,90.4373011368989,102.66583679495218,105.00850010605517,107.73235248044568,78.88928833080482,11.772734192373385,51.23881063762334,87.35827425131032,59.22925868352148,61.65531292226212,77.25587489573931,98.9437802120471,101.80323606519161,104.9750562284808,2,44.58841868976184,0.8844320178031921,104.09724108961163,9.35351420859882,0.11556798964738846,117.86517336556257,18.550609662332203,85.76469011187427,88.71207931885573,104.09724108961163,119.48240286036753,122.42979206734898,125.8567689835963,81.50664653613072,87.35213578031441,117.86517336556257,148.3782109508107,154.22370019499442,161.02034471569056,105.68837411992956,11.684265244743392,117.14723824068851,19.374899292057076,85.43527563222803,88.62281139509194,104.88827820832053,125.32659287635727,132.92452867143126,143.1527415050606,2,17.789332900637092,0.12166878581047058,89.542168936904,20.78816271786474,0.8783312439918518,57.437162839581674,9.830678291431962,48.79811870513082,55.3486840927668,89.542168936904,123.7356537810412,130.28621916867718,137.9026670808237,38.16938744477527,41.267135996526704,57.437162839581674,73.60718968263663,76.70493823438807,80.30674038323386,61.343341661641475,15.735701153106628,137.4627821451062,110.14962078107928,38.570020230982706,41.76397339119374,58.90942254684584,94.25629178097277,106.63474765863228,118.4478812198226,2,62.13436535892518,0.9909831285476685,53.01650096944282,4.587190414370976,0.00901685282588005,110.28805849827754,17.41287638399606,44.02577296704834,45.47124417884769,53.01650096944282,60.56175776003795,62.00722897183731,63.687901637735266,76.1594479183972,81.64642562240397,110.28805849827754,138.9296913741511,144.41666907815787,150.79646645512273,53.53290918727997,7.27292917270609,23.586564331945016,29.308881040084803,44.04336607824102,45.491287517939796,53.068761802295136,60.97511836973782,62.83534593261746,67.12281677309362,2,69.94479783328669,0.8254876732826233,71.77419230713487,4.3651899124297575,0.1745123714208603,116.42418157524118,11.08320909748306,63.21857729309499,64.5940938473428,71.77419230713487,78.95429076692693,80.32980732117474,81.92914257970035,94.7014909110477,98.19392489298461,116.42418157524118,134.65443825749773,138.14687223943466,142.207581496721,79.56617102678449,18.010072151230286,37.166238603880316,287.19674329636155,63.58230209924831,65.00806692969373,72.94456496801203,122.67069695715787,128.2367062796513,133.911587372931,2,43.91153599378217
192,354,set,1.226,123.4725366827,128.6133602015,128.62962245010002,128.60560275449998,128.61619513536667,0.5871341824531555,65.3875036724017,6.786624816174021,0.4128658175468445,85.11063853845548,6.803754731778132,52.085963456114854,54.224499228758994,65.3875036724017,76.55050811604441,78.68904388868856,81.17555388542095,71.77552430452636,73.91945789100197,85.11063853845548,96.30181918590898,98.4457527723846,100.93853889422284,73.53051187346166,11.851221827664068,46.15439240614286,94.29706640235771,53.70416825547815,56.08149707507575,71.94333321771384,93.06861662929782,95.65783495293972,98.53776567882639,2,55.085683261905004,0.8971610069274902,103.17839715791138,9.851905397328274,0.10283900052309036,118.13531308550539,19.862398305470645,83.86901740005219,86.97345483273318,103.17839715791138,119.38333948308957,122.48777691577057,126.09735633423749,79.20572776019353,85.46457519279721,118.13531308550539,150.80605097821356,157.06489841081725,164.34216115678942,104.716552211552,12.177439869464592,127.64999773777842,20.640125736409342,83.55323349520712,86.88701271532072,103.92319130796427,124.90658494038892,132.7263236495703,143.92350883823752,2,23.899642923814667,0.04612746834754944,84.66526333786081,27.761092136643587,0.953872561454773,53.52546761135377,7.278911575622152,30.25452257854127,39.002330248768594,84.66526333786081,130.328196426953,139.07600409718034,149.2472210109935,39.25906307648265,41.55272350593261,53.52546761135377,65.49821171677492,67.79187214622489,70.45874808063363,54.96186914826062,11.3469778447503,86.08804020057156,42.66595603574837,39.10260345868305,41.517968057733626,53.848962723258275,68.82248657761784,81.81249518812422,106.40432347635574,2,73.65432598710605,0.9956711530685425,42.931328610967356,4.407882491993316,0.004328868351876736,109.9138758052685,20.38796146625238,34.29203767857579,35.681007106836255,42.931328610967356,50.181650115098456,51.570619543358916,53.185596675237846,69.9542056132234,76.37866344135641,109.9138758052685,143.44908816918058,149.8735459973136,157.3433666183113,43.22128815925191,6.362605505164771,21.144697304161713,19.338091525242756,34.299894825850835,35.69003031613886,42.955322690259386,50.36402038808655,51.91532799850666,54.0820466270719,2,85.39490697611475,0.7889540195465088,63.55631328459333,4.217210744339314,0.21104596555233002,116.24253230822825,9.739416650345452,55.290732110472916,56.61961889614809,63.55631328459333,70.49300767303856,71.82189445871374,73.36701253406929,97.15362644312142,100.22261750651597,116.24253230822825,132.26244710994052,135.33143817333507,138.89980352715736,74.67552630267502,22.27651167332395,34.050467943123564,462.1924212932684,55.72675970927309,57.11639978942192,64.9977848694156,123.21850851986397,127.7616838205404,132.51491755564857,2,53.94066883269164
193,356,set,1.153,128.6201094454,131.24513572709998,130.91966350500002,131.3342336732,131.16634430176666,0.6593850255012512,69.58965328590295,6.292341889463833,0.340614914894104,86.88204192575058,6.956214367300652,57.256889804141125,59.23967190699969,69.58965328590295,79.93963466480622,81.92241676766479,84.22782946319526,73.24811229710123,75.44008749384416,86.88204192575058,98.32399635765701,100.51597155439994,103.0646164304928,75.47969462291387,10.476165780015267,42.58939212258369,67.16031774913341,58.41724601002982,60.566502651665,73.70147035112785,94.19078282802411,96.97584897009737,100.03157580272762,2,55.68664967885279,0.9216113686561584,108.33753280285262,9.24582277582556,0.07838863879442215,118.58834731611694,19.91376069860435,90.21605315479437,93.1295076758854,108.33753280285262,123.54555792981982,126.45901245091088,129.8465329611528,79.55809355010322,85.83312580477389,118.58834731611694,151.34356882746,157.61860108213065,164.9146821814732,109.14108100625904,10.837944331557535,109.86979918540109,7.591326898184103,89.53216969574486,92.75663255025172,108.71223959179235,126.48503225817453,131.80581397851498,141.44266353697182,2,22.025263295507614,0.08872909098863602,91.49825133675955,23.484852479455956,0.9112709164619446,51.70732785900403,8.536906604618975,45.46878629478968,52.869106557506136,91.49825133675955,130.12739611601296,137.52771637872942,146.1321879745047,34.975298374568716,37.66536606745053,51.70732785900403,65.74928965055753,68.43935734343934,71.5671423895446,55.237940714033265,15.600348801433938,115.34979916411618,128.02110629572036,35.20700127927775,37.96805431859987,52.64884688880652,87.75084432089466,105.0638556580881,119.96849670735561,2,75.92840358773338,0.9961429238319397,48.42423905279791,4.091654428668229,0.0038571057375520468,110.36775930247376,19.496228937744583,40.40474373542437,41.69406642557092,48.42423905279791,55.1544116800249,56.44373437017145,57.94285063424003,72.15585275014678,78.29931642234831,110.36775930247376,142.43620218259917,148.57966585480074,155.7227700436094,48.663163192037246,5.734607128605398,18.143159440057737,14.742629503009912,40.41129258473491,41.70161375824761,48.44406629603836,55.30471580037616,56.725942169376445,58.66017045969748,2,82.50318110972941,0.8684762716293335,70.91556554510827,3.766365133657339,0.1315237581729889,118.21656132637848,10.229606945709877,63.533625530512495,64.72044619458842,70.91556554510827,77.11068489562811,78.29750555970404,79.67744106665356,98.16690013678634,101.39035523943961,118.21656132637848,135.04276741331734,138.26622251597064,142.01418569680408,77.13677238903416,16.782391811411646,26.08306067231736,255.56579156566985,63.763413043251795,64.98162751252623,71.63478356300368,121.33722574838731,127.19408855407723,132.8682114566037,2,54.02957191273249
194,357,set,0.829,131.3342336732,138.65585077080001,136.8803035129,137.1093241195,137.5484928010667,0.7758017778396606,85.05219675278065,5.720399264005813,0.22419820725917816,97.16003297001362,8.128317542837609,73.84042021813981,75.64297727577015,85.05219675278065,94.46141622979114,96.26397328742146,98.35983541926535,81.2288233311468,83.79014037866389,97.16003297001362,110.52992556136334,113.09124260888044,116.06932720532276,87.76675065909554,8.105424397408193,40.199210333537486,25.49857954488089,74.41540287433277,76.29796843902135,86.73443286235621,103.41684038265527,107.07354179297947,110.9758022385619,2,49.78174214197115,0.9401392936706543,116.89522755195367,7.533481190920926,0.059860702604055405,118.22192785761482,17.920288425171435,102.12987573953873,104.50375369149668,116.89522755195367,129.28670141241065,131.6605793643686,134.42072550457922,83.09880795170879,88.74567644545508,118.22192785761482,147.69817926977453,153.34504776352082,159.91075273771108,116.9746443289269,8.525175736993146,72.57951462685281,0.09905574636606733,100.75771864229726,103.69664443531404,116.92978470237045,130.32811993040727,133.4483704413542,138.28119444649403,2,20.573848472139787,0.5125080943107605,106.76066356776212,12.339632592514683,0.4874919354915619,56.76791601517178,15.998627373483654,82.57542810397672,86.46377414271575,106.76066356776212,127.0575529928085,130.94589903154753,135.46694161580373,25.411182561067168,30.452515753652076,56.76791601517178,83.08331627669148,88.12464946927638,93.98628879304707,82.38960548452452,28.761812457180707,202.81435419313203,624.4277039284702,30.6494641902338,36.49656943472139,86.82363879884532,122.74901007299029,127.20568226037534,132.2291734302525,2,55.15888731654216,0.9916508793830872,70.50200853426492,3.5753244369808392,0.008349072188138962,110.87595417988044,14.675031059069166,63.494501404736525,64.62112316656875,70.50200853426492,76.38289390196108,77.50951566379331,78.81945693724155,82.11342183209818,86.737676116745,110.87595417988044,135.01423224301587,139.63848652766268,145.01518148562928,70.83909010665434,5.288696759463505,14.474245751582867,13.49582463783441,63.50680433709285,64.63539663139856,70.53951102544039,76.6765925534657,78.09079652814438,80.88796722505552,2,66.70940269441235,0.9575129151344299,92.38473195897005,3.3269989501078276,0.04248712584376335,121.56495378392762,13.550167035251206,85.86393384015614,86.91230566902145,92.38473195897005,97.85715824891865,98.90553007778396,100.1244888934895,95.00711441033337,99.27691239019639,121.56495378392762,143.85299517765884,148.12279315752187,153.08735605928254,93.62451950155535,7.282809401293484,18.399570633527297,34.640101338470544,85.91543373146516,86.97514601714374,92.5638631524526,100.08162002949707,118.53691512820077,131.33852440177017,2,43.92397329951133
195,359,set,1.493,10.4097485212952,114.09071695169999,114.76610552919999,114.4599812422,114.43893457436666,0.015928732231259346,40.79339635045559,21.467355860847597,0.9840712547302246,107.01283322339998,6.641444515557863,-1.2818479801105624,5.482738201682459,40.79339635045559,76.10405449922871,82.86864068102173,90.73393401861658,93.9958411675855,96.08862912378765,107.01283322339998,117.93703732301229,120.02982527921446,122.46314355272821,105.95804014965752,10.930790173565017,50.74690196765305,68.73512546604577,91.40009346460549,94.95455467430855,106.87836818949243,117.88563067831592,119.98459691019828,122.42363244906436,2,8.480894424709135,0.043306175619363785,15.307380003646692,11.288928299135815,0.9566938281059265,108.90723438049702,8.379693290517093,-6.818512886714519,-3.2612546535819753,15.307380003646692,33.876014660875356,37.4332728940079,41.569354352540785,92.48333732959158,95.12386547884905,108.90723438049702,122.69060328214498,125.33113143140245,128.40131605200574,104.85378305461732,20.87269141874661,72.69726709787747,362.97202092135893,17.508190615207635,88.31473281115542,108.43157003531904,122.50995308569425,125.17197848563663,128.26177043885318,2,9.585151519749331,0.0001789370144251734,-4.96835452940406,62.269602150089,0.999821126461029,121.55681020303211,2.4030776546310664,-127.01453207521644,-107.39273547480317,-4.96835452940406,97.45602641599501,117.0778230164083,139.89240204982445,116.84686454790224,117.60409920696617,121.55681020303211,125.50952119909806,126.26675585816199,127.14720479603814,121.53417788367898,3.0546132618424213,6.467578131673731,2.8640216155255382,116.83687845756026,117.59627687401282,121.55628572751166,125.5127305966214,126.268859537683,127.1544457808562,2,-7.095243309312323,0.24429377913475037,14.47957953488195,10.46697565609571,0.7557061910629272,116.48874146703665,9.558277985333651,-6.035315778123152,-2.737063336259851,14.47957953488195,31.696222406023743,34.99447484788705,38.82940610007744,97.75486086156062,100.76677325545018,116.48874146703665,132.21070967862312,135.22262207251268,138.72462113770897,91.56853432062682,44.9096742066555,95.80606511913872,1921.0725223423904,1.2036915463289317,5.843780831239713,112.50365052792769,130.8739408608913,134.05034989708392,137.70162298028637,2,22.87040025373983,0.003505690023303032,-14.028502488511386,27.562718048981523,0.9964943528175354,106.28895068231344,11.159692588049726,-68.05043718054729,-59.36513924001947,-14.028502488511386,31.30813426299668,39.993432203524506,50.091968047523885,84.41635513119739,87.93288985319637,106.28895068231344,124.6450115114305,128.16154623342948,132.25027780947224,105.86715954061101,13.316772377527277,126.7654345035472,50.57147220525219,83.72011599692345,87.56111441312639,106.23974507280302,124.62600407946239,128.14499413848708,132.23582454338623,2,8.571775033755642
196,362,set,0.229,14.861967986132,13.5751041278362,13.6961366896355,13.802170998685101,13.691137272052266,0.1672256737947464,57.68228696913768,13.36764635819044,0.8327744007110596,73.00634592516143,6.453305913928581,31.482181549016396,35.69446537306349,57.68228696913768,79.67010856521186,83.88239238925895,88.78008265544379,60.358098752642064,62.391602286808606,73.00634592516143,83.62108956351423,85.65459309768079,88.01898041856437,70.44377528036658,9.862309152232669,64.56324024080305,32.70227129546862,43.7979485830254,50.58455860953771,71.84593630529223,83.34727427018427,85.51702276317063,88.09093582249842,2,-56.752638008314314,0.04617404565215111,33.64265238989676,7.769625498548956,0.9538258910179138,64.81261238551498,3.459931641116612,18.41446623937674,20.862755708553863,33.64265238989676,46.42254907123965,48.87083854041678,51.71750415053963,58.031270979955856,59.12153127662016,64.81261238551498,70.5036934944098,71.5939537910741,72.86161700315324,63.37336512512305,7.549552841628877,14.20576316596389,42.78973059794842,34.450975730586755,55.67173545780393,64.6025749393192,70.42403872685095,71.52378183504732,72.80014298931418,2,-49.682227853070785,0.9621021151542664,31.090692244502343,5.197776949316023,0.03789789602160454,71.25503641993359,27.98551474169984,20.90323662417046,22.54110997733512,31.090692244502343,39.64027451166956,41.278147864834224,43.18252960028216,16.404435437387136,25.222960994944692,71.25503641993359,117.28711184492246,126.10563740248003,136.35907914322564,32.612836731304334,10.700149788325886,55.67421903733296,58.81899834190152,20.864326674705012,22.558824489198365,31.30799264624482,41.94549101494031,59.737454791624366,88.92701566331405,2,-18.921699459252068,0.0011498589301481843,89.94348647911576,50.4246204563899,0.9988501071929932,68.86206269316665,2.6464179335734386,-8.886953549510139,7.002366633771402,89.94348647911576,172.8846063244601,188.77392650774163,207.2486950771547,63.675178855321796,64.50909255669896,68.86206269316665,73.21503282963434,74.0489465310115,75.01855142675878,68.8863010237368,3.229513187442157,9.91915458302456,0.510440088222181,63.65947409907929,64.49871121651188,68.86330071526753,73.23485476475533,74.08071421696309,75.09173937812284,2,-55.19516375168454,0.14189180731773376,32.24945138381344,8.864046831883948,0.8581081628799438,91.79545556787431,6.280835108652737,14.876238836044525,17.66939180292141,32.24945138381344,46.829510964705456,49.62266393158234,52.870307886565115,79.48524496208023,81.46440115912272,91.79545556787431,102.12650997662591,104.1056661736684,106.40686297008968,83.34636267993082,21.833979934316197,45.00004171882247,431.72243102800724,24.00604689226365,28.890861179462885,90.4843431013688,101.65316900689197,103.68937181136617,106.04273530774799,2,-69.65522540787856
197,365,set,0.952,11.8306121348008,123.76366288950001,123.71214114659999,123.7527272007,123.7428437456,0.029576191678643227,51.91171845340896,21.129372505117377,0.9704237580299377,104.54340042899372,7.2937314079380045,10.498909327448033,17.15699345315791,51.91171845340896,86.66644345366,93.32452757936989,101.06598926050577,90.2479495565266,92.54627986863701,104.54340042899372,116.54052098935041,118.83885130146083,121.5111569836752,102.98675045687848,12.013976351660991,64.82940770136811,79.505686672496,73.35934110496365,89.87366555847775,104.26840775628261,116.43647539312968,118.74792289300531,121.43318061705867,2,20.756093288721516,0.029730945825576782,25.064898276465748,10.625851683091568,0.9702690839767456,99.81197732358777,6.00728269166158,4.238611672541953,7.58692759608417,25.064898276465748,42.542868956847315,45.89118488038954,49.78432574929911,88.03791960298024,89.93087660008541,99.81197732358777,109.69307804709013,111.5860350441953,113.78700664209703,97.5896789404464,14.125970548440476,38.3714156869259,161.17191207821168,35.670135460671965,87.58293020586858,99.58121464021754,109.60491685741712,111.50838997837874,113.71885783665041,2,26.153164805153594,0.023798605427145958,16.74793934533448,21.042775968793713,0.9762014150619507,106.00053609993236,7.410359027009037,-24.495143688246152,-17.86434702806315,16.74793934533448,51.360225718732096,57.9910223789151,65.70075648425544,91.47649929448338,93.81158017734396,106.00053609993236,118.18949202252075,120.52457290538135,123.23960906829419,103.87645093827675,15.786477958925223,64.14454409002514,185.06856334145724,83.59406969286563,91.70335042049463,105.77408498849948,118.10288908147868,120.44822757772245,123.1726157515964,2,19.86639280732325,0.019772419705986977,50.07082109171565,21.34972592483813,0.980227530002594,104.68411035698779,5.644023885597548,8.226127199231811,14.953646969825769,50.07082109171565,85.18799521360552,91.91551498419949,99.73771060831746,93.62202681333278,95.40051719816192,104.68411035698779,113.96770351581365,115.7461939006428,117.81407332428337,103.60426821539788,9.901796385585328,40.23763586438693,57.80739597693588,90.47934630739582,94.16901213734475,104.54293685740937,113.91459441220202,115.70015847743238,117.7750874924093,2,20.138575530202118,0.01281637605279684,11.729815821408359,19.869863254624867,0.987183690071106,100.91195210496306,10.52449002180931,-27.214400535392215,-20.953200819991153,11.729815821408359,44.412832462807856,50.67403217820892,57.95402996128714,80.28433070656564,83.60070652077543,100.91195210496306,118.22319768915068,121.53957350336049,125.3955770925632,99.76896698185335,14.663993556672226,114.40534527197894,100.62801994534189,77.27252788306396,82.19513722517536,100.74069462269442,118.15731269791729,121.48143413232756,125.34474571454749,2,23.973876763746645
198,367,set,0.053,108.6121034938,108.1474387009,105.4611362003,105.5484052374,106.38566004620002,0.8858367204666138,107.5724425961854,4.647789558628371,0.11416322737932205,100.74096816750429,9.458646769863885,98.46294245355247,99.92750908336834,107.5724425961854,115.21737610900246,116.68194273881832,118.38481795488973,82.20236115608496,85.18287872204085,100.74096816750429,116.29905761296773,119.27957517892362,122.74507097188041,106.79253381730778,5.836930708844497,29.349525732526775,4.719639568725071,93.16204583256736,97.03129231520082,107.19302305958318,115.28813868988755,116.88453230147701,118.834283060805,2,-0.4068737711077688,0.9030189514160156,113.66568552550342,4.437737729663763,0.09698106348514557,94.58028409224157,9.637216142918488,104.9678794025279,106.36625652540658,113.66568552550342,120.96511452560026,122.36349164847894,123.98940725845755,75.69168754089331,78.7284741658468,94.58028409224157,110.43209401863632,113.46888064358981,116.99980137799207,111.81476469121546,7.6609610539702135,26.790825257096927,31.899685315737475,88.31418347033271,94.9535801592612,113.09946757391168,120.75749154917486,122.18400165341171,123.83824224560034,2,-5.4291046450154425,0.9940755367279053,110.55181569320628,2.9946888775814506,0.005924488417804241,70.74048767374758,51.94512027260097,104.68233334824396,105.6259908313252,110.55181569320628,115.47764055508736,116.4212980381686,117.51850379698163,-31.07007723315178,-14.701631809070605,70.74048767374758,156.18260715656572,172.5510525806469,191.58290778670863,110.31595672136143,5.851075394762133,24.901050487094786,9.334338801579786,104.44238383190074,105.49880884294711,110.53935518106506,115.50333223070942,116.47424669134479,117.64408392594565,2,-3.930296675161415,0.7812715768814087,116.14952459065574,4.057734238969684,0.2187284231185913,90.01133923279605,6.214013979423711,108.19651162344012,109.47514571048129,116.14952459065574,122.8239034708302,124.10253755787137,125.5892260109056,77.83209563369715,79.7901958008138,90.01133923279605,100.23248266477829,102.19058283189494,104.46729744308846,110.43236052414964,11.74989788023958,21.309771067775948,116.75032912828284,82.52972121707418,85.39130519082674,114.69528761626131,122.32562256223257,123.66524891858873,125.20737512210333,2,-4.046700477949628,0.9903805255889893,113.82197662986857,2.7558482787740037,0.009619505144655704,117.99712230105771,18.210461458321703,108.42061325661483,109.28900959319918,113.82197662986857,118.35494366653796,119.22334000312232,120.23303841437358,82.30527370089243,88.04357872287726,117.99712230105771,147.95066587923816,153.688970901223,160.36099059992708,113.86214296329648,3.2980821575178094,10.711671732248336,0.1660726345192843,108.28999778042262,109.21863790767979,113.82805111473404,118.47337362784643,119.4431537965411,120.77368013291853,2,-7.476482917096462
199,369,set,0.385,105.57341036529999,110.5376540438,110.4681252509,110.6032333528,110.53633754916666,0.7398218512535095,95.0809710361419,6.357130379859294,0.2601781487464905,102.61665940841719,9.379795232261383,82.62122444659225,84.62442207382695,95.0809710361419,105.53751999845686,107.54071762569156,109.86986778032801,84.23259857082436,87.18826920056992,102.61665940841719,118.04504961626445,121.00072024601002,124.43732610592687,97.04159248637094,7.9824629059440895,52.789118250947595,10.930595793826262,82.88839596394307,85.02802425218115,96.46021156482084,111.31072834387619,114.98698580494434,119.23408680299245,2,13.494745062795715,0.8342581391334534,105.33932734937184,6.285071672450347,0.16574189066886902,105.49268249223051,11.84752167814347,93.02081323111624,95.00130441329193,105.33932734937184,115.67735028545175,117.65784146762745,119.96059047277102,82.27196669701176,86.00524348955003,105.49268249223051,124.980121494911,128.71339828744925,133.05413936083235,105.36474786004962,7.498136279094928,56.219126675342956,0.0032518418742877226,90.56047075912805,93.44528013809848,105.35394850293687,117.31861350256975,120.25285182511783,124.48165089631974,2,5.171589689117042,0.9331205487251282,102.12409520451436,5.710977224273296,0.0668795183300972,71.86496223328407,32.06351317195019,90.93078552841017,92.73037360373118,102.12409520451436,111.51781680529754,113.31740488061855,115.4098149288982,9.021631198436054,19.12517629959548,71.86496223328407,124.60474816697266,134.70829326813208,146.4558479351309,100.10038581426635,12.503220429813519,99.19072140601779,57.14047160970106,61.547287616701624,87.22901370986015,101.79076493646534,111.7510157545387,113.85695860922384,116.85087688995357,2,10.435951734900314,0.839778482913971,95.71917664552925,5.034486559611449,0.16022150218486786,100.17983740916449,8.411508223878087,85.85176430803983,87.43818316811391,95.71917664552925,104.00017012294458,105.58658898301864,107.43114375036853,83.69358423470096,86.34413759898648,100.17983740916449,114.0155372193425,116.66609058362802,119.74793168326033,96.4338689874891,5.941267265948265,32.62129889203898,2.677219260174121,85.57039204611868,87.31401155187115,96.16171710222791,106.48261173370136,109.3377279109839,113.18454219241694,2,14.102468561677554,0.9485449194908142,99.34264551073619,4.0981652554606525,0.05145508795976639,115.14539449409389,16.492814562318628,91.31038920733992,92.60176352644523,99.34264551073619,106.08352749502716,107.37490181413246,108.87640354024512,82.82007194825164,88.01712864262603,115.14539449409389,142.27366034556175,147.47071703993615,153.51341858809366,100.15577808984136,6.489659628494141,29.927221873179917,12.18853495864143,91.1207051404475,92.52471218479134,99.52559656468532,108.07205972139566,115.75375319624709,129.36217436179513,2,10.380559459325298
200,374,set,0.647,29.6886110034899,90.40128225178749,90.9047935915757,91.1764035467621,90.82749313004177,0.08660218864679337,60.99129989862803,16.37035995842097,0.9133977890014648,96.75865811533234,7.805751241406703,28.905983966166303,34.064453946518135,60.99129989862803,87.91814585073791,93.07661583108975,99.07445198518396,81.45966680989638,83.91933987482356,96.75865811533234,109.59797635584111,112.0576494207683,114.91755092107047,93.66112444892734,13.418551380876247,78.861507833738,101.19581724891896,51.868810766978534,64.17897106133591,95.85987646784554,109.26271914000058,111.76437631870847,114.6642636148621,2,-2.8336313188855655,0.06152220815420151,42.253514874921215,9.849244926442303,0.9384777545928955,93.50254915415002,6.175586619892519,22.949349544180443,26.0529486349292,42.253514874921215,58.45408111491322,61.55768020566198,65.1662848704578,81.39862179575323,83.34461310386682,93.50254915415002,103.66048520443321,105.6064765125468,107.86911195829204,90.3495919162801,13.907001381754059,41.75966603221467,151.64471730263006,39.91997512743299,50.99911566290562,92.99458238722137,103.4691533729656,105.43789347121958,107.7214145549162,2,0.47790121376166894,0.352618008852005,38.4463569398091,11.254084922783447,0.6473819017410278,90.59594726273863,15.020646091137646,16.388755812198305,19.935034536548862,38.4463569398091,56.95767934306933,60.50395806741989,64.62727347420144,61.1560218995865,65.88918306057641,90.59594726273863,115.30271146490085,120.03587262589076,125.53919536357657,72.20705446071055,28.4876284039711,190.72281303720092,620.8216928902452,21.9121839991337,26.37790684474213,79.38553379378232,111.98425690764424,117.13697854721951,123.01722950458786,2,18.62043866933122,0.02004740945994854,70.1637861594857,23.201997206617747,0.9799526333808899,94.46951211423193,5.235771534574576,24.68870726511596,31.999896901662552,70.1637861594857,108.32767541730882,115.63886505385543,124.13970303460242,84.20758847518574,85.85743431569766,94.46951211423193,103.0815899127662,104.7314357532781,106.64973809265305,93.98224932094894,7.018652398613935,37.65591456439057,11.605945326874114,82.50219276573686,85.04265291280694,94.37509183205499,103.11067763899366,104.81115562641617,106.84700685258404,2,-3.1547561909071646,0.06791035085916519,35.11983179449186,12.98286085832127,0.932089626789093,98.34354588593033,10.24201379280357,9.673892095887389,13.764926023475805,35.11983179449186,56.47473756550791,60.56577149309632,65.32248255121559,78.26956772287284,81.49693235155036,98.34354588593033,115.19015942031028,118.4175240489878,122.17003289871587,94.04999908121165,19.03263624827898,109.22173390522929,253.01931094392629,30.747152483107143,43.32333007439924,97.40700027118793,114.83848232775681,118.10773706133901,121.89858369477078,2,-3.222505951169879
201,375,set,0.647,91.1764035467621,90.58660260382129,90.5618274652288,90.568060992155,90.57216368706837,0.4696008861064911,80.64178339423583,8.909487804871938,0.5303990840911865,100.55077934253374,9.015201957446958,63.179508175988005,65.9869800641123,80.64178339423583,95.29658672435934,98.10405861248366,101.36835140789246,82.88130819258271,85.7220917051271,100.55077934253374,115.37946697994039,118.22025049248478,121.5232752502893,91.20149420707577,13.383198768952582,80.3840202971385,98.725741105006,66.25301369084681,69.52906872589882,91.46288030972978,112.41365174532436,115.63939529626653,119.28585472675141,2,-0.6293305200074002,0.6255620121955872,89.51592243097878,8.492671147324973,0.37443795800209045,108.94319535000491,12.26898976361396,72.87059284967937,75.54672149179517,89.51592243097878,103.48512337016238,106.16125201227818,109.27282989948621,84.89641728663095,88.762503038294,108.94319535000491,129.12388766171583,132.98997341337886,137.4851336032171,96.79022816454585,13.77995201286572,101.48238796310838,88.40441031523895,74.49481397803937,77.4027821569739,94.62949788222981,122.56460935084473,127.35122092301174,132.64163048692242,2,-6.218064477477483,0.6118524074554443,84.70069546958183,9.897493559158423,0.3881475627422333,75.34498319752153,20.27523695661088,65.30196455641416,68.42076729107126,84.70069546958183,100.9806236480924,104.0994263827495,107.72570856926295,35.6062489845487,41.99518615213958,75.34498319752153,108.69478024290346,115.08371741049434,122.51223758720754,81.06929602918659,15.501176784364471,219.4990250949223,20.787260737456684,44.54493093070901,52.31210348799893,82.50954448659682,103.44369416989353,108.42586887605754,115.35652227141298,2,9.50286765788178,0.7479320168495178,77.85694575197567,7.352907183989452,0.25206804275512695,103.7041192305404,9.719180138382447,63.445512489690515,65.76248970175308,77.85694575197567,89.95140180219826,92.26837901426083,94.96236574746916,84.65487620005378,87.71749052892731,103.7041192305404,119.69074793215347,122.75336226102701,126.31431328288636,84.37219682210531,13.791299503188421,64.24809508045294,125.9522712118461,64.38055331668993,66.82865313528023,80.99502253466143,111.94128519590484,116.20533590631638,120.75649736901914,2,6.199966864963059,0.709766149520874,78.42581369369988,6.305323163808794,0.290233850479126,109.72863669357417,14.144419190745682,66.06760738174849,68.05448001860785,78.42581369369988,88.79714736879191,90.78402000565126,93.09418883096694,82.00608449747546,86.46313748655413,109.72863669357417,132.99413590059422,137.4511888896729,142.63347620750787,87.51095254381994,16.974525232995173,86.28376145695987,201.8507454286289,66.97738107998593,69.10215227390536,81.63911459052818,123.09816135901264,129.0348068879133,135.45748230084942,2,3.0612111432484284
202,379,set,0.229,24.2217843461874,24.0842447614359,24.291289483669203,24.8939951451731,24.423176463426064,0.20792600512504578,62.230879063486015,12.387424679308879,0.7920740246772766,76.29879164329381,6.8675571871867245,37.951972830837974,41.85537865113662,62.230879063486015,82.6063794758354,86.50978529613404,91.04833813103727,62.83862689463863,65.00266529565307,76.29879164329381,87.59491799093455,89.75895639194898,92.27511870555955,73.37370905400718,10.092388436807235,69.26274786437017,32.59371694182744,47.68671808580344,53.434199154496774,74.73275201898039,87.13480958251799,89.43614518153964,92.13559991700025,2,-48.95053259058112,0.06835901737213135,41.377801181642624,7.660406818718756,0.9316409826278687,69.04362306072403,3.9803513333984823,26.36367971002881,28.777553241949285,41.377801181642624,53.97804912133596,56.39192265325644,59.19857229865696,61.242277801447024,62.496527733442406,69.04362306072403,75.59071838800566,76.84496832000104,78.30330492311121,67.15241466227762,8.216858844695043,18.77160379235738,48.74516548128714,38.748586104453075,46.1054357066796,68.67719746708147,75.4531064383771,76.72377575501179,78.19714417363568,2,-42.72923819885156,0.9629470109939575,39.223529657094815,5.093550967114182,0.037053003907203674,72.31301288416013,29.587317506141265,29.240353208131857,30.84538387477487,39.223529657094815,47.601675439414755,49.20670610605777,51.07290112075956,14.322936172971787,23.646206372418867,72.31301288416013,120.97981939590139,130.30308959534847,141.14340606314323,40.44959499287076,9.82273308422054,57.41949535321865,39.06661427145126,29.077192988110593,30.78694170771276,39.40386838897686,49.490373218271685,59.01985330213027,90.45491578823795,2,-16.026418529444694,0.0026365146040916443,91.74038610000794,39.746072562692305,0.9973635077476501,71.4602176659066,3.022544040321465,13.839515350215393,26.363914488187078,91.74038610000794,157.11685771182877,169.64125684980047,184.20357750770017,65.53614020519035,66.48857513856328,71.4602176659066,76.43186019324992,77.38429512662285,78.49170656830326,71.51368822341688,3.7892092916737585,13.276720777334045,1.0815005902214323,65.50248567219201,66.47093015964813,71.46412024946532,76.48007769214776,77.47265891355978,78.69434762683765,2,-47.09051175999082,0.20676137506961823,40.266319619456226,8.27335000333354,0.793238639831543,93.16668766234795,7.09587834272607,24.050851581428148,26.657869859434072,40.266319619456226,53.87476937947837,56.481787657484304,59.51300981090699,79.25902167192709,81.49500643390857,93.16668766234795,104.83836889078734,107.07435365276882,109.67416915940119,82.2289362124026,22.651044797359923,54.09321583040757,458.9767153372585,30.582850511232426,34.47127499119518,90.80573885715867,104.02200380262785,106.35769152046032,109.04814601406794,2,-57.80575974897654
203,381,set,1.153,24.685421333239898,109.79124950559999,109.8593251341,109.8708281634,109.84046760103332,0.03347816318273544,51.21372551786932,19.941802126870286,0.9665217995643616,105.56415114171469,7.605331489349822,12.128511562379302,18.412379961538136,51.21372551786932,84.01507107420049,90.29893947335933,97.60529450025712,90.65797533210066,93.05449405728939,105.56415114171469,118.07380822613999,120.4703269513287,123.25679788333952,103.7445947910574,12.837490984113144,69.21809657399183,95.58267724239883,64.46131724664106,89.62146853775906,105.23611274560558,117.94884743841192,120.36044161054453,123.16100405569927,2,6.09587280997593,0.05391259118914604,32.269268472704084,11.573462566819563,0.9460874199867249,107.80322428024547,8.193058489934495,9.585698665315245,13.232616593283822,32.269268472704084,51.30592035212434,54.95283828009292,59.19316851031603,91.74512471674373,94.32684230725116,107.80322428024547,121.27960625323978,123.8613238437472,126.86312848019685,103.73099420468938,19.019388377290188,70.72858434712005,291.0086701527827,31.215128594447563,49.13059054508285,107.21757799309756,121.05830327320692,123.66630455692535,126.69226062660402,2,6.109473396343944,0.005154346115887165,19.466368768657325,31.178165773568722,0.9948456287384033,107.57399524308678,5.493213286129686,-41.64171325155678,-31.81715028569146,19.466368768657325,70.74988782300609,80.57445078887142,91.99762843249184,96.80749504287567,98.53846344577835,107.57399524308678,116.60952704039522,118.34049544329788,120.35312029292749,107.11985533576384,8.65085443916002,35.03028360441492,39.80671038456942,96.29017604755286,98.26652501362727,107.53849179204234,116.59633024820846,118.32884087187699,120.34387765251263,2,2.72061226526948,0.12334899604320526,39.11358349966862,14.276336864893809,0.8766510486602783,110.51701139353767,8.266006843177037,11.132477413315282,15.63109902786702,39.11358349966862,62.59606797147021,67.09468958602196,72.32530941440521,94.31593568494905,96.92064005713223,110.51701139353767,124.11338272994311,126.71808710212629,129.7466188399696,101.70947518928092,25.22606662627885,85.03904837994413,551.3158515028869,27.234252966561264,35.694210815048116,109.05167558555871,123.57867274027977,126.24762245899358,129.33496620860706,2,8.130992411752402,0.013860199600458145,12.666020221146908,20.228890707115788,0.9861397743225098,102.95642856859523,11.751542830049107,-26.981877011997035,-20.60754402765744,12.666020221146908,45.93958446995124,52.31391745429084,59.72545711185024,79.92382785891907,83.62686072231338,102.95642856859523,122.28599641487708,125.98902927827137,130.29460524797986,101.70498280209463,15.914893984207026,141.85638374731124,111.42719704293486,76.16456102857055,81.91011967829552,102.74941151011949,122.20649532500374,125.91894175899719,130.23319751333776,2,8.135484798938691
204,382,set,0.053,109.8708281634,109.8807760615,109.88756194770001,109.87483608039999,109.88105802986667,0.8902938961982727,108.18383639028912,4.58884335809401,0.10970614850521088,101.18889637810457,9.48602715089622,99.18986867772901,100.63586074921601,108.18383639028912,115.73181203136222,117.17780410284921,118.85908238069754,82.59662480597888,85.58577021359278,101.18889637810457,116.79202254261637,119.78116795023027,123.25669547368568,107.4164532987217,5.779070643512831,28.619224989228435,4.778948315441856,93.8790501162538,97.79323920166364,107.81821685245987,115.79722820860285,117.36961364596455,119.28921447616771,2,2.4646047311449593,0.9093930721282959,114.73144215746652,4.403706822694565,0.0906069278717041,95.06196413716121,9.766233675853584,106.10033538651186,107.48798901812641,114.73144215746652,121.97489529680662,123.36254892842118,124.97599616234116,75.92049786788596,78.99793925377783,95.06196413716121,111.12598902054458,114.20343040643647,117.78162108636926,112.94925118120665,7.626015706552834,26.277553996921846,31.878561559667894,89.25091089938162,96.33083760542458,114.20776837696464,121.78248482853476,123.19609481255732,124.83567465394596,2,-3.068193151339983,0.9941107630729675,111.55074598571585,2.9879585700819113,0.00588917825371027,70.66644256824752,52.06402280594487,105.6944548010575,106.63599149453589,111.55074598571585,116.46550047689581,117.4070371703742,118.50177705294801,-31.37716702167647,-14.971254177795103,70.66644256824752,156.30413931429013,172.7100521581715,191.78547133687124,111.30996449005873,5.88434897909674,24.838892395087488,9.785943555632713,105.45429275574553,106.50838625345274,111.53815411655671,116.49164487018137,117.45951319112623,118.62182374805114,2,-1.4289064601920671,0.7999826073646545,116.33879641611406,3.917176058764232,0.20001743733882904,90.44043769204868,6.280982297494898,108.66127241983361,109.89561516844824,116.33879641611406,122.78197766377988,124.01632041239452,125.45151061266391,78.12993860142502,80.1091411791962,90.44043769204868,100.77173420490115,102.75093678267231,105.05218750671409,111.15867827359426,11.291078201071198,20.165983383207045,107.32301592699272,83.21477565203055,86.2035474297992,115.09059420133035,122.34817728133227,123.63541626153163,125.11877413554204,2,-1.277620243727597,0.9912023544311523,114.79666374777364,2.71084170825381,0.00879768468439579,118.52336018591237,18.46231589537724,109.48351163180713,110.33772593186103,114.79666374777364,119.25560156368624,120.10981586374014,121.10302459263113,82.3378859597716,88.15555292347729,118.52336018591237,148.89116744834743,154.70883441205314,161.47312951899363,114.82945453828526,3.2254238595999185,10.282765197338232,0.12110964667305056,109.3604534888373,110.2715311877175,114.80148100938823,119.35974273365801,120.30279712099265,121.57066982923429,2,-4.948396508418597
205,384,set,0.494,10.038109683413099,7.15233910097958,6.97678961630448,7.01629815899353,7.048475625425863,0.0725957527756691,54.929731226609455,17.18112038795424,0.9274042844772339,86.93581925794064,6.749175676292945,21.255354052172294,26.669303041393025,54.929731226609455,83.19015941182587,88.6041084010466,94.89899411476655,73.7076780070727,75.83441316785752,86.93581925794064,98.03722534802374,100.16396050880857,102.63674974401289,84.61231644251346,11.517010710384527,63.674143280869885,68.96765912486882,48.04769152359361,63.24887104223779,86.31764794919862,97.81923003275912,99.98245786123476,102.497750507431,2,-77.5638408170876,0.029781345278024673,27.848661309922498,9.005329884573142,0.9702185988426208,78.63340727361697,4.071936985321165,10.198539067256895,13.036211787387877,27.848661309922498,42.66111083245711,45.498783552588094,48.79819134193568,70.65255743507088,71.9356669545936,78.63340727361697,85.33114759264033,86.61425711216306,88.10614922264713,77.12096482523138,9.64487780691365,18.50202217743148,74.52131338240159,36.78382168620083,70.3400095007125,78.47671530383802,85.27135416951037,86.56155696634481,88.05987842564444,2,-70.07248919980552,0.6550052762031555,24.77074984202099,8.571079815844865,0.34499475359916687,85.23199248242723,17.148443162438284,7.971742094346851,10.672578120038002,24.77074984202099,38.86892156400397,41.56975758969512,44.71006314984605,51.62166149311604,57.025313550119435,85.23199248242723,113.43867141473501,118.84232347173841,125.12523677647573,45.62956208727326,31.235089490545608,149.57121833466692,826.0596591978583,9.57934340466865,12.512313056241634,30.906129180398263,103.38244450115616,110.2289105084611,117.74392986541602,2,-38.58108646184739,0.0021463066805154085,75.38172179303623,40.62760086651433,0.997853696346283,83.40455703828913,3.34342418284814,-4.246912683600158,8.555265153413345,75.38172179303623,142.2081784326591,155.01035626967263,169.89565469623165,76.85156605486651,77.9051136446941,83.40455703828913,88.90400043188416,89.95754802171174,91.18252477807464,83.38733782585435,3.851625918052255,14.697190839495,0.13785241980231075,76.78859619112268,77.87082848027555,83.40314800043026,88.92727683862007,90.00100852284349,91.27875026373279,2,-76.33886220042848,0.04725300148129463,23.047126818514947,12.6804398899246,0.9527470469474792,94.86762276326314,7.5698374862128555,-1.80607867386232,2.1896592742323335,23.047126818514947,43.90459436279755,47.90033231089221,52.54624119834371,80.03101392146472,82.41634811863271,94.86762276326314,107.31889740789357,109.70423160506155,112.47769810614908,91.4738933563213,17.15851194442107,62.192708211481296,232.22222916182704,23.971843656184564,73.97013537593791,94.3967751120659,107.14045290581959,109.54697325195735,112.33989534509632,2,-84.42541773089543
206,385,set,0.385,7.01629815899353,7.17584552987879,7.0863184449782795,7.08331680559412,7.115160260150397,0.08986067771911621,53.85709253935823,16.19700927648247,0.910139262676239,80.01772224181335,6.411283499491501,22.111537700191423,27.21538308516939,53.85709253935823,80.49880199354706,85.60264737852502,91.53697063552299,67.45183748813407,69.47209932426063,80.01772224181335,90.56334515936607,92.5836069954926,94.93259798072852,77.66690555776398,10.81471047053409,60.98520000619621,55.972403011232565,44.33045764768019,56.11525137431323,79.31499194506755,90.33768774399137,92.41124779551706,94.8324882669847,2,-70.55174529761359,0.028723828494548798,26.117730946553387,8.519847027045632,0.9712761640548706,70.97203721464354,3.529313595688022,9.419137619753293,12.103829663045655,26.117730946553387,40.131632230061115,42.81632427335347,45.93785896507417,64.05470967694745,65.16683294612695,70.97203721464354,76.77724148316013,77.88936475233962,79.1824483947958,69.68364928537407,8.385289812835794,14.18326811936293,56.12978094727402,35.72884072317338,63.857266981040276,70.84119316893815,76.72728383971459,77.84533123118553,79.14387279171056,2,-62.56848902522368,0.8441396355628967,23.265508168261952,7.01757062230589,0.15586039423942566,79.18988399892098,20.33846172837789,9.511322489576072,11.722631677774006,23.265508168261952,34.808384658749894,37.01969384694783,39.59081866639472,39.327231510354046,45.736091458384884,79.18988399892098,112.64367653945706,119.0525364874879,126.50422120199389,31.981904126188446,22.74920361769012,106.04287520215068,411.48342052004705,10.020554119437119,12.303655316703116,24.891565138602576,88.65669460612436,99.38224376934812,110.11982885216214,2,-24.86674386603805,0.0010603220434859395,80.49410479097129,50.13151927706991,0.9989396929740906,76.43873436573004,2.8197057671788914,-17.76186748236121,-1.9649065165048256,80.49410479097129,162.95311609844737,178.75007706430375,197.1174580836203,70.91221261505953,71.80073110764985,76.43873436573004,81.07673762381023,81.96525611640055,82.99835088262735,76.44303551231097,3.2595108463161497,10.607079115635113,0.01741959739282843,70.88830058387872,71.7890136498825,76.4389611073062,81.09248517783989,81.99074937789685,83.0561826969294,2,-69.32787525216057,0.06011638790369034,22.691893712017084,11.362852266916223,0.9398836493492126,93.09135302628383,6.600768292876303,0.4211125072119728,4.001664948266171,22.691893712017084,41.382122475767986,44.96267491682219,49.12584092619778,80.15408490195233,82.23405535907996,93.09135302628383,103.94865069348769,106.02862115061532,108.4470363114528,88.85919528986045,18.131275044788254,48.71275617257629,280.0306727244903,20.277324929002138,33.611444566411286,92.56164006798397,103.74902403767706,105.85271650765796,108.29294928442869,2,-81.74403502971006
207,388,set,0.494,7.25736277597029,7.35088725209133,7.30287886787851,7.21835078008717,7.290705633352338,0.0676671639084816,53.81360735439241,17.516456949637806,0.9323328733444214,86.30759122847326,6.620042867140757,19.48198259635597,25.00159960944133,53.81360735439241,82.62561509934348,88.14523211242884,94.56297973991023,73.33254563276608,75.41858970788256,86.30759122847326,97.19659274906395,99.28263682418041,101.70811387850539,84.1088187108346,11.324028707082395,61.62152103418511,66.61236866260673,47.97543229369202,64.63316527944285,85.74586615604463,97.0005041396857,99.12104681518066,101.58813778800642,2,-76.81811307748227,0.026728197932243347,25.580783445236335,8.975636163862236,0.9732717871665955,77.48249994262932,3.8971013893997988,7.988859825731097,10.817175746910733,25.580783445236335,40.344391143561936,43.17270706474157,46.461235553201334,69.8443215753047,71.07233858767744,77.48249994262932,83.8926612975812,85.12067830995393,86.54851347478115,76.0952594364846,9.327942015752301,16.934745472461504,70.07567049177295,39.195083773900805,69.77028059182166,77.34833923894791,83.84137735768964,85.07550687789045,86.50893112746895,2,-68.80455380313226,0.6508579850196838,22.399527174351775,8.600559266073157,0.34914204478263855,85.24842553050429,16.795440032026978,5.542740765946142,8.252866071740245,22.399527174351775,36.5461882769633,39.2563135827574,42.40741993854331,52.32996796322916,57.622385077578755,85.24842553050429,112.87446598342981,118.16688309777942,124.32046174259068,44.342720726313004,32.314606957544086,146.63208183105957,897.6017995891148,7.181273674776805,10.128237312891342,28.697910471642178,103.1526585271897,109.83609150984627,117.17895465536662,2,-37.052015092960666,0.0017024219268932939,74.89772971099416,43.02719060148082,0.9982976317405701,82.85225761047903,3.203922375660325,-9.434014223848578,4.124299192616107,74.89772971099416,145.67116022937216,159.22947364583686,174.9939430926991,76.57268514492279,77.58227427040316,82.85225761047903,88.1222409505549,89.13183007603527,90.3056956176883,82.83872009423536,3.6751288635606483,13.399403908016849,0.10753653549908382,76.52491331146584,77.5554004067082,82.85124557989847,88.1411950918164,89.1664319784522,90.38176491298847,2,-75.54801446088302,0.042067643254995346,20.714574437094292,12.914257832312803,0.9579323530197144,94.68314434434602,7.3331363358412505,-4.596905801303116,-0.5274893977718875,20.714574437094292,41.956638271960465,46.02605467549169,50.75763069011046,80.31046123237515,82.6212084454079,94.68314434434602,106.74508024328412,109.05582745631689,111.74257046928196,91.57146058068338,16.703679076544173,58.528665228993496,220.48419822539196,23.795552813551826,77.11075466221752,94.27932751184117,106.5917105495547,108.92057161582055,111.62406093791378,2,-84.28075494733105
208,390,set,0.952,5.64443661749233,109.35451311540001,107.2458399606,107.4964475111,108.03226686236667,0.02482263557612896,50.29468620275027,21.973470556122148,0.9751773476600647,104.6977481196199,7.038713713332119,7.227475297399536,14.15154346180136,50.29468620275027,86.43782894369917,93.36189710810099,101.41262271628403,90.90212274400076,93.1200943391725,104.6977481196199,116.27540190006731,118.49337349523904,121.07224480261219,103.3473189842991,11.486635578671939,60.29888762968102,71.64373023887579,84.14745432518858,91.09244301093537,104.47622540010707,116.19175121698693,118.4204439678628,121.01016954761177,2,4.684947878067575,0.02364494651556015,20.17241150105145,10.378491064668388,0.9763550162315369,97.99199901326713,5.478814179442312,-0.16905719956935883,3.1013128310481974,20.17241150105145,37.243510171054695,40.51388020167225,44.316392125094616,87.25372054357283,88.98015163881828,97.99199901326713,107.00384638771598,108.73027748296144,110.73762673187757,96.1519553781914,13.101918311795588,31.854513702762095,139.80540533571897,81.60181249750318,87.434578262818,97.82567819159368,106.94017102678181,108.6741640677608,110.68841605653843,2,11.880311484175266,0.02137397788465023,11.929482044746742,21.12821583527809,0.978626012802124,107.62750424871501,7.033232557156763,-29.481060049987178,-22.823340402923968,11.929482044746742,46.68230449241744,53.340024139480654,61.08106203542196,93.84262174179321,96.05886616788253,107.62750424871501,119.1961423295475,121.41238675563682,123.98924985569147,105.58205583616339,15.79594767927323,57.95044273568187,191.5614165308132,88.79541661687847,94.32111974297972,107.43495495148622,119.12232421303433,121.34732955449095,123.93236946924198,2,2.4502110262032772,0.012494093738496304,49.223887376026056,23.179220710210362,0.9875059127807617,104.3421320616212,5.142212184482999,3.793449594308804,11.097462120927844,49.223887376026056,87.35031263112424,94.6543251577433,103.14681819714735,94.26358137917148,95.88394569942028,104.3421320616212,112.80031842382212,114.42068274407092,116.30470644486013,103.65348022605129,8.38497220197654,32.82475328615454,37.483075584961625,92.90040157022146,95.23481970828244,104.26201940231083,112.77102615704044,114.39586418122059,116.28509453455044,2,4.3787866363153825,0.009835775941610336,7.015938147010488,20.855512684880647,0.9901642203330994,100.95449358801609,10.074572808005659,-33.86011559447384,-27.288327534647898,7.015938147010488,41.32020382866886,47.8919918884948,55.533115743514365,81.20869372469843,84.3832959647813,100.95449358801609,117.52569121125087,120.70029345133375,124.39145462178972,100.03053462833502,13.81008623605962,104.77680940877508,85.94163516297,79.17544605308711,83.38254588510542,100.82906416018965,117.47750267672843,120.65783020259953,124.35414357042075,2,8.00173223403165
209,392,set,0.952,106.18931877739999,103.1432386254,104.323020794,104.3437684753,103.9366759649,0.4925903379917145,73.24745753057337,8.315473365870334,0.5074096918106079,95.53047273454158,8.16627272577337,56.94942921906545,59.56972100490318,73.24745753057337,86.92519405624355,89.54548584208129,92.59214131690905,79.52487230409403,82.09814942287835,95.53047273454158,108.96279604620479,111.53607316498912,114.52806392898216,84.55407759077431,13.856588892366434,67.8993347485482,124.10593405199242,59.629514645333245,62.66025205849985,84.80383810886029,106.0661164772619,109.02162690238008,112.35175002927424,2,19.382598374125692,0.7732429504394531,95.5873762014324,9.55299091002097,0.2267570197582245,115.82380219573318,16.098575110091872,76.86385807315278,79.87410445484996,95.5873762014324,111.30064794801484,114.31089432971203,117.81095629569117,84.27117477754017,89.34400253714786,115.82380219573318,142.3036018543185,147.37642961392618,153.2746881781822,100.1761250017321,14.18226861922478,129.33315328614344,71.80329082776808,77.58622441811968,80.7626126696896,98.17163198686285,128.28532098763782,135.55197095627275,143.27160260324575,2,3.7605509631679013,0.1887858659029007,84.62060910877253,17.182335672819168,0.8112141489982605,66.94887444343506,12.152089259034673,50.94385001976915,56.35818195783824,84.62060910877253,112.8830362597068,118.2973681977759,124.5926991722915,43.13121715881106,46.96046635067384,66.94887444343506,86.93728253619628,90.76653172805905,95.21886145634491,70.28504917185307,14.945107906717336,175.5304019830242,47.82592197196088,43.86752729225498,47.83564770675429,69.19684587182147,96.98212615695164,104.16215696926453,112.46134168413624,2,33.65162679304693,0.9599084258079529,59.97480398549043,5.743287780239974,0.040091607719659805,109.279119364501,14.286727355105503,48.71816678337109,50.52793624953664,59.97480398549043,69.42167172144423,71.23144118760978,73.33568930305644,81.27764829155103,85.77954405718889,109.279119364501,132.7786946718131,137.28059043745097,142.51501717405182,61.95149526736411,11.54980186793954,39.84604098381887,93.55201088340807,48.81885132155738,50.64226982575429,60.275400933210726,73.21710353824761,104.78054497652376,118.94104839354236,2,41.985180697535895,0.7112386226654053,71.4262170433673,5.637191978720233,0.2887613773345947,112.95910092976116,12.373938013187292,60.37752379113756,62.153861371347574,71.4262170433673,80.69857271538703,82.47491029559704,84.5402866186232,88.70662807698295,92.60578410909734,112.95910092976116,133.31241775042497,137.21157378253938,141.74518532025257,83.4193097990802,20.52044485076052,66.81520185846334,354.27345501464174,61.22253040720876,63.118920224451315,74.42502602252146,124.61261621430806,129.81416472301544,135.4390158519602,2,20.51736616581981
210,393,set,0.494,104.3437684753,102.7209231734,103.29578634789999,104.89066354559999,103.6357910223,0.6771475672721863,90.61695488792783,6.95384241259644,0.32285240292549133,102.22672099651625,9.255694197421315,76.98767420507168,79.1789019743196,90.61695488792783,102.05500780153606,104.24623557078397,106.79401140088659,84.0858937176541,87.0024588259341,102.22672099651625,117.4509831670984,120.36754827537838,123.75868551545948,94.36519307289282,9.479943620761755,60.40217582428333,29.46688984512503,77.99985546545723,80.33108099251184,93.42690672460866,111.72672959792864,115.41760208571722,119.50860841383782,2,9.270597949407176,0.8060790300369263,102.41126454323964,6.9784776565946585,0.19392098486423492,108.17138395373104,12.543980202567473,88.73369966939663,90.9326902591901,102.41126454323964,113.88983882728917,116.08882941708265,118.64563120370013,83.58563453391534,87.53837262113046,108.17138395373104,128.8043952863316,132.75713337354674,137.35304562998428,103.5282740983045,8.65767538102984,69.76911000415454,5.186392711325617,87.83752733903312,90.43698301036608,103.07592667684037,118.28160380336946,122.80450402388321,128.65796914850074,2,0.1075169239955045,0.8613089919090271,98.52639871480307,7.075955746789267,0.13869096338748932,71.78364235182408,26.995460066628226,84.65778029489688,86.88748724054862,98.52639871480307,110.16531018905751,112.39501713470925,114.98753332315334,18.873512875143504,27.380061950006997,71.78364235182408,116.18722275364115,124.69377182850465,134.58447348657907,94.81741566671136,15.153511606166647,144.19672307059034,85.43178902801642,47.09930918343811,62.14387652936103,97.58006196583901,110.46241230465581,113.21254545834832,117.19758058677536,2,8.818375355588643,0.8569813966751099,88.86880212746972,5.395034095100622,0.14301855862140656,102.64868926353887,9.245743971179978,78.29472960570686,79.9947607286166,88.86880212746972,97.74284352632283,99.44287464923258,101.4195282249849,84.52736406974778,87.44079375867877,102.64868926353887,117.85658476839896,120.77001445732996,124.15750609481933,90.83957775089095,7.774504573048887,37.1694044558974,23.27314801496326,78.59191850356962,80.34317478542611,89.81572605787034,106.31285007875437,111.30021755364128,116.29903975651273,2,12.796213271409044,0.9152397513389587,93.83227821171407,4.577493535296016,0.08476030081510544,114.23876332862466,15.747072524336938,84.86055574306894,86.3029713678355,93.83227821171407,101.36158505559264,102.8040006803592,104.48112056598565,83.37506831898402,88.33713397310116,114.23876332862466,140.14039268414814,145.10245833826528,150.87193201798283,95.56194292253704,8.514666313480388,40.19546431732495,32.30455438793633,84.81751252683905,86.35061140794869,94.25557529927467,110.70928844077912,122.72615072773162,132.90132324478864,2,8.073848099762955
211,394,set,0.385,104.89066354559999,102.73767127389999,99.51823223773711,99.607744701366,100.62121607100103,0.7346053123474121,94.80918488525668,6.4069114698568566,0.2653946876525879,102.49639179625395,9.374004067728201,82.25186915220067,84.27075331650565,94.80918488525668,105.34761645400772,107.3665006183127,109.71388976232606,84.1236814325747,87.07752720639336,102.49639179625395,117.91525638611454,120.86910215993319,124.30358623046364,96.84932876232162,8.06201136642408,53.475206200275444,11.520821072076764,82.56384722422953,84.71723990588809,96.25570646607235,111.28058592099138,114.95599592295657,119.1883783540017,2,3.7718873086794105,0.8285333514213562,104.78781987568593,6.311104559171036,0.1714666187763214,105.30130052584917,11.774211214298088,92.41828223704415,94.40697665146347,104.78781987568593,115.16866309990837,117.15735751432769,119.46964454976292,82.2242705994573,85.93444650551825,105.30130052584917,124.66815454618008,128.37833045224104,132.69221175273935,104.8758615436561,7.537179258846927,56.771285974803114,0.03745741104575375,90.07886035226116,92.92039589045145,104.83908111388871,116.95048797308334,119.95828434744992,124.28276541254165,2,-4.254645472655071,0.9325385093688965,101.61540275066781,5.720464391812079,0.0674615204334259,72.01515086220209,32.01569894170187,90.4034985678723,92.20607614794896,101.61540275066781,111.02472935338666,112.82730693346332,114.92319292708618,9.265533996589284,19.35401233855734,72.01515086220209,124.67628938584681,134.7647677278149,146.49480403116183,99.61852778143452,12.441253597355784,99.66451672627218,55.1205701012544,61.43993701492199,86.73029301025583,101.28357670922249,111.27502938368181,113.3984617502642,116.45220871931262,2,1.0026882895665068,0.8317727446556091,95.63015995992474,5.116963436549754,0.16822722554206848,100.0167130953659,8.368743352449572,85.60109591407891,87.2135040923378,95.63015995992474,104.04681582751167,105.65922400577057,107.53399697208698,83.61427752870574,86.2513552390632,100.0167130953659,113.7820709516686,116.41914866202606,119.48532140173037,96.368094773592,6.021065890801387,33.56050693223379,2.6924507606429104,85.32833733602219,87.0976573150704,96.09824842911517,106.56964698483986,109.40274674635877,113.17465571251829,2,4.253121297409024,0.946124255657196,98.87432187632561,4.141127464142153,0.05387574061751366,114.9000189712057,16.420198360888044,90.7578611912173,92.06277334726303,98.87432187632561,105.68587040538819,106.99078256143392,108.50802494866484,82.7170215648615,87.89119614203636,114.9000189712057,141.908841800375,147.08301637754988,153.0991125193865,99.73771780788866,6.621349605339344,30.751159136823528,13.091074401559752,90.57119488452348,91.98957138160694,99.07092345853759,107.86804953024951,116.39099298775449,129.5826924305316,2,0.8834982631123722
212,395,set,1.378,99.607744701366,114.3941337773,114.3412645389,114.3063678134,114.34725537653334,0.3116832673549652,55.48189193219221,9.241491125430802,0.6883167028427124,84.85659841222164,6.7983992722688695,37.36890216290131,40.28099173608751,55.48189193219221,70.68279212829691,73.59488170148312,76.98081516480545,71.53198068605134,73.67422671176594,84.85659841222164,96.03897011267735,98.18121613839195,100.67204010614513,75.7009913900093,15.606101677581353,58.432140282736896,185.11809850188783,42.50995261931639,46.307509863478785,80.79250126646457,94.75805644297881,97.06045113069575,99.69568729845088,2,38.64626398652403,0.7089414596557617,83.17862216557137,11.56914459326412,0.2910585403442383,116.60310068461543,18.148065112250393,60.503515430837396,64.14907272061485,83.17862216557137,102.20817161052787,105.85372890030534,110.09247709458245,81.03354667551679,86.75218996257888,116.60310068461543,146.45401140665197,152.17265469371404,158.8218133764539,92.90710209509169,20.524989211392132,190.74913543964135,230.5260466881234,62.17249450963789,66.05562464789557,88.59228250526145,133.79270711651225,141.4022639625454,149.6379226985314,2,21.440153281441653,0.0070885843597352505,61.22399210688492,41.165572176945886,0.9929113984107971,66.81312725427848,4.96711900808785,-19.459046762913147,-6.487348593897153,61.22399210688492,128.93533280766695,141.90703097668296,156.98943342439776,57.07775289150198,58.64294353832558,66.81312725427848,74.98331097023139,76.54850161705498,78.3683739988515,66.7735070471336,6.060500682084825,36.50972510778316,0.21986658871843853,56.80077540144045,58.49257457928362,66.80833383924099,75.09554618568436,76.75613066858172,78.85165683133063,2,47.573748329399734,0.9873678088188171,30.396534034195653,5.619330677851754,0.012632179073989391,109.46594238444371,20.656647533559337,19.382848288385162,21.153557587691516,30.396534034195653,39.639510480699784,41.41021978000614,43.46905201014856,68.97965717732926,75.48878076821043,109.46594238444371,143.44310400067695,149.95222759155814,157.52049045895046,31.395352591733662,10.70263987538331,36.56810613395175,77.97838223451784,19.413211473948255,21.188041149767635,30.486630459779086,40.377766153946304,42.98597231895245,92.69099391965396,2,82.95190278479967,0.3468441367149353,41.705162192170846,6.799460204232945,0.6531558632850647,110.1103794223346,9.500128623508957,28.37846507756091,30.521045413926082,41.705162192170846,52.8892789704156,55.03185930678078,57.52307198291346,91.49046947175896,94.48405839945039,110.1103794223346,125.7367004452188,128.73028937291025,132.2109834487492,86.38443090534084,33.69039134343011,74.98443960786953,1060.0580292656014,31.774635550621376,34.485272519052494,103.23081896835085,123.6828173978811,126.9356534124829,130.64942905554008,2,27.962824471192505
213,396,set,1.153,114.3063678134,118.9616126341,118.34498794769999,118.2904195406,118.53234004080001,0.5118928551673889,66.73638846271126,7.679378548684073,0.4881071448326111,88.94805224724657,7.297487328525371,51.685083083641004,54.104934804174924,66.73638846271126,79.36784212124759,81.78769384178152,84.60129442339729,74.64523990569943,76.9447537472892,88.94805224724657,100.95135074720393,103.2508645887937,105.92454637980154,77.5780602545627,13.395925916008398,56.18110968652826,123.2697214606574,54.01753393321271,56.79208408875778,77.54731416011109,98.20065364331674,100.86632873448616,103.86269285077398,2,40.95427978623731,0.839435875415802,97.8744224820588,10.067748716465095,0.16056407988071442,117.4395813873993,18.37134016536024,78.14199759238785,81.31444949054516,97.8744224820588,114.43439547357244,117.60684737172974,121.29550830498478,81.4324163155591,87.22141588444724,117.4395813873993,147.65774689035135,153.44674645923948,160.1777095243662,101.01587984408714,13.815610345582215,139.2762172593181,51.59441579799634,78.40511655006158,81.7466862814986,99.50131843609994,126.99854458517201,136.06649224335385,145.65718113586001,2,17.51646019671287,0.0606645904481411,81.70040592630052,24.852429601441944,0.9393354058265686,59.990887297247845,8.303513295527626,32.990538979157165,40.82179695781259,81.70040592630052,122.57901489478843,130.41027287344386,139.51580269436465,43.716300292864204,46.33282333665945,59.990887297247845,73.64895125783623,76.26547430163149,79.3077477993684,61.307886130222144,11.361849702926166,102.23468564035315,26.856929029442686,43.36724277933263,46.19276819651483,60.40009507629423,77.64440078977563,87.64985409311103,105.92548042101309,2,57.224453910577864,0.9888536930084229,47.21116723072926,5.046184164894905,0.011146342381834984,109.96883846353259,18.08752230354542,37.320828008178914,38.910932904836784,47.21116723072926,55.51140155662173,57.101506453279605,58.950347034751076,74.51794617901861,80.21751179998024,109.96883846353259,139.72016512708493,145.41973074804656,152.04670752105176,47.9106873921921,8.499265245309731,28.826765590247128,43.41082535588277,37.344910743263746,38.93816409635331,47.282422570606485,56.086317601184945,58.29451387122779,87.07857912003357,2,70.6216526486079,0.7070603370666504,63.57080357020948,5.0290102880215635,0.29293957352638245,114.20319312595436,10.585999978437336,53.71412452780581,55.29881775798094,63.57080357020948,71.84278938243801,73.42748261261315,75.27003096227796,93.45501442787538,96.79077266651349,114.20319312595436,131.6156135853952,134.95137182403332,138.82991167038844,78.4030284896183,24.11859801391165,50.71002702508441,530.9961935438331,54.48178492100124,56.1757143431621,66.31205847555717,124.27545682433284,128.7061596603641,133.50363572042565,2,40.129311551181715
214,397,set,0.647,118.2904195406,120.323028829,116.82439517670001,116.6108683661,117.9194307906,0.7311555743217468,89.26935637179204,6.371041027999673,0.2688443958759308,101.52088146287767,8.90402358192621,76.78234541288563,78.78992642943014,89.26935637179204,99.74878631415395,101.75636733069844,104.09061412270606,84.06931592480697,86.87506597968489,101.52088146287767,116.16669694607043,118.97244700094836,122.23473779310122,92.56310757302963,8.9720174225641,50.992148031073036,29.504693255541632,77.54698110971668,79.66262721304597,91.48665619248101,109.53696410739843,113.3087659360039,117.40889310402478,2,25.356323217570377,0.8923963904380798,110.51442191196053,7.237208938713837,0.10760364681482315,114.25182536144939,15.208018789765239,96.32975304349006,98.61027254011145,110.51442191196053,122.4185712838096,124.69909078043099,127.35068754052683,84.44465625730109,89.23686049635789,114.25182536144939,139.26679022654088,144.0589944655977,149.63096754139292,110.91658426972687,8.542191777971455,71.62820232330546,1.3412963517559973,94.94106672919501,97.77863744458917,110.71554853541616,124.5722843160491,128.38945265004514,134.69195812371524,2,7.002846520873135,0.7321629524230957,104.04910382544423,9.120163232581543,0.2678370177745819,65.66356416121216,21.598816337795736,86.173912356458,89.04777025394301,104.04910382544423,119.05043739694545,121.92429529443045,125.26577617246575,23.33066203043721,30.13667277013012,65.66356416121216,101.1904555522942,107.9964662919871,115.90992463044185,93.76803225520345,21.789722106828922,185.8477379584851,288.9439894990963,37.143086001954615,46.43638104402164,100.21627474319574,117.82839310824637,120.91354520499164,124.49741127296006,2,24.151398535396552,0.9640249013900757,80.90653183437593,4.258410268944223,0.035975076258182526,107.84359830990596,11.640458238569382,72.56020107584972,73.90207025845562,80.90653183437593,87.91099341029623,89.25286259290213,90.813075510328,85.02871939876741,88.69674835681795,107.84359830990596,126.99044826299395,130.6584772210445,134.92335358606303,81.87559304660294,6.893554790658916,22.35631596767427,25.164631846722028,72.62381179094255,73.97522838805908,81.10146946728483,89.94827663041374,101.90896553340886,114.69848486756096,2,36.04383774399706,0.9424414038658142,95.10446393841822,3.973861673143096,0.057558611035346985,118.25190748939522,15.2786173317577,87.31583817951368,88.56804315234535,95.10446393841822,101.64088472449109,102.89308969732276,104.34904859346705,88.30636778558066,93.12081835644993,118.25190748939522,143.3829966223405,148.19744719320977,153.7952864374133,96.4368000553985,7.575208510965352,28.318896037178988,29.065026529063747,87.33013243788703,88.62321864801511,95.36802120367325,105.53086581088485,120.7780014099855,132.6062230811807,2,21.482630735201496
215,398,set,0.494,116.6108683661,120.8602640216,122.57904847030001,121.4856479892,121.6416534937,0.7756178379058838,95.08342505188202,5.998604411476621,0.2243821918964386,103.6157564281108,9.264964489365232,83.32637644788475,85.21659882901758,95.08342505188202,104.95025127474644,106.84047365587928,109.03826567173266,85.45675971091241,88.3762459842018,103.6157564281108,118.8552668720198,121.77475314530919,125.16928687100949,96.99793110177387,7.735612293491384,47.170124547497615,12.669853405806823,83.5997451972858,85.60097853461434,96.32864363024723,111.09671944746825,114.98690087017587,119.37481246554215,2,24.643722391926133,0.8964771032333374,112.17272695600617,6.459465050567167,0.10352286696434021,111.12388271277426,13.88217296092232,99.51240809749932,101.54785243941448,112.17272695600617,122.79760147259785,124.83304581451301,127.19968974383421,83.91532368221074,88.28974016803352,111.12388271277426,133.958025257515,138.33244174333777,143.41864626748315,112.06414424993999,7.580110598038566,57.355609048374035,0.10209336145523235,97.10606928045175,100.1226077629832,112.11928672757682,123.8706285415177,126.62448787268984,130.72702685714944,2,9.57750924376002,0.8839374780654907,107.44287473328734,6.844752685822647,0.11606258898973465,68.21477468555646,27.665283923401642,94.02740598599115,96.18425845242612,107.44287473328734,118.70149101414856,120.85834348058353,123.36615059228619,13.99181457361427,22.709432083506996,68.21477468555646,113.72011728760592,122.43773479749865,132.57384912549813,102.88996708520554,16.973982361387854,130.2436199902245,157.87316708425465,46.419493346538886,63.39180983799138,106.5009128473627,118.56779438664384,120.91108814324599,123.81130456492437,2,18.751686408494464,0.9434732794761658,90.35864498271519,4.099853042560039,0.05652671679854393,105.12076885199178,10.048684505014881,82.32308067739055,83.61498683569228,90.35864498271519,97.1023031297381,98.39420928803983,99.89632939215461,85.42570913015692,88.59215369782699,105.12076885199178,121.64938400615657,124.81582857382665,128.4975046871403,91.19309904140663,5.760948712181862,21.566494077899126,11.622005006298993,82.37773256179017,83.69349540185165,90.62080484296655,99.76594789157582,106.59593145852722,114.43807324019062,2,30.44855445229338,0.9631891846656799,101.74534835484219,3.7324175902801615,0.03681081533432007,118.59047829793796,16.684186108250962,94.4299443026293,95.60606774417239,101.74534835484219,107.884628965512,109.06075240705509,110.42825008102308,85.89007441440259,91.14743426504799,118.59047829793796,146.03352233082794,151.29088218147334,157.4036991809693,102.36543132246013,5.8073868183997766,23.664866380230556,10.060875278294525,94.30953058031068,95.55879087849375,101.86762081031242,109.08885363415867,112.74160428260835,128.7311698615521,2,19.27622217123988
216,401,set,0.299,22.4152222671025,22.4332342083491,22.6883055624692,23.1749549189189,22.7654982299124,0.16546498239040375,61.01437826241745,13.403099330809457,0.8345350623130798,79.64495151964415,6.9360149781872185,34.744786292818006,38.968241715744654,61.01437826241745,83.06051480909024,87.28397023201688,92.19464989620425,66.05061196616683,68.23622212618316,79.64495151964415,91.05368091310514,93.23929107312146,95.78053521846542,76.5622476041208,10.853661338149642,69.87270398153746,47.92952250359407,47.184990118378224,54.04792142758963,78.25398443346288,90.59471448788021,92.875512126866,95.5334005155216,2,-53.7967493742084,0.05849815905094147,39.36057679726446,8.058382653190998,0.941501796245575,72.49480934001522,4.1359618521881565,23.566437023367772,26.105716862800413,39.36057679726446,52.615436731728494,55.15471657116114,58.10717815072293,64.38847306829486,65.6917574865106,72.49480934001522,79.29786119351984,80.60114561173559,82.11649540196716,70.55651449392799,8.965002980735889,19.904225629705973,60.46683027104457,37.88516909778183,47.87771243352233,72.17242202445684,79.17629967312348,80.49400704799041,82.02264826853798,2,-47.791016264015596,0.9298983216285706,37.21778600240524,5.822860933935905,0.07010172307491302,75.60661071318536,26.0872502031351,25.8051882849056,27.640032075986724,37.21778600240524,46.79553992882375,48.63038371990488,50.7637861569025,24.47653985935535,32.696902599368045,75.60661071318536,118.51631882700266,126.73668156701537,136.2946297628202,39.90891042521641,13.240205448602731,79.2362130296718,96.06689849172068,25.781650213140257,27.710561594511486,37.68810861804211,60.94536929535298,85.19353884236345,103.48050102996423,2,-17.143412195304013,0.002880450803786516,87.76618315716001,38.75301679830795,0.9971195459365845,75.10094149210568,3.1999961458595725,11.811665940200712,24.023142921151837,87.76618315716001,151.50922339316816,163.7207003741193,177.91918139857268,68.82906429555393,69.83741622535783,75.10094149210568,80.36446675885352,81.37281868865742,82.54524572296498,75.13742285283872,3.8726045229992994,14.536329946014401,0.46071744287390376,68.78222698572468,69.81253202412314,75.10390475635373,80.41249830464379,81.4613585764312,82.74929526121943,2,-52.37192462292633,0.15290454030036926,37.410381951095374,9.174574909604626,0.8470954895019531,93.67906635002917,7.372249491172424,19.42854555480548,22.319549135294224,37.410381951095374,52.50121476689652,55.39221834738527,58.753634787282536,79.22972286228747,81.55279503568306,93.67906635002917,105.80533766437529,108.12840983777086,110.82948328071681,85.07533182055738,21.656559526375798,58.91009992634102,410.0966862967269,28.41771782620188,33.29826048498017,91.9967583240724,105.20198420393594,107.59793969905931,110.36553684719905,2,-62.309833590644985
217,402,set,1.378,23.1749549189189,106.258238334,103.7338695129,104.9562767894,104.98279487876668,0.025982530787587166,45.64111427184256,19.967862367269607,0.9740175008773804,104.90939264908675,7.167825030308239,6.504823183741415,12.796903434571327,45.64111427184256,78.48532510911377,84.77740535994369,92.09330843908032,90.86071374219787,93.1193696506307,104.90939264908675,116.6994156475428,118.95807155597562,121.58424716984105,103.36945610337523,12.218848733585569,60.40243268215356,88.8981700400089,79.47650356753302,90.85725947453076,104.67045171872783,116.60810261655637,118.87770578464531,121.51383003602865,2,1.6133387753914548,0.061079151928424835,27.326107053790253,11.833098474167778,0.9389208555221558,110.27725249266186,9.168623530668029,4.133660218905533,7.862392110481444,27.326107053790253,46.789821997099054,50.518553888674965,54.854010532486384,92.30708058474605,95.19620882408994,110.27725249266186,125.35829616123378,128.24742440057767,131.60666035111225,105.21066769939371,21.956554095125572,87.481559586727,394.60879061804496,24.612375879340874,38.09521072984634,109.52889242632698,125.07642377961716,127.99906560480858,131.38908090250038,2,-0.2278728206270273,0.000694363028742373,9.047409890287426,48.95522773231198,0.9993056058883667,112.90078288691825,3.3911482110847873,-86.90307332000054,-71.47677400344126,9.047409890287426,89.57159378401609,104.99789310057537,122.93429984853661,106.25425452695464,107.32284045238544,112.90078288691825,118.47872532145107,119.54731124688186,120.78977331833275,112.82866743501647,4.543158059385358,13.1560211158643,7.483868341910411,106.21280753456797,107.3002929440617,112.89793228685312,118.47998868601098,119.54844262502974,120.79254511911054,2,-7.8458725562497875,0.2904122769832611,23.8974589031355,11.018534580748563,0.7095876932144165,114.18780733300206,10.114731915905466,2.3015279624591685,5.773582334301,23.8974589031355,42.02133547196999,45.493389843811826,49.530403400105406,94.36329706454953,97.55055385548313,114.18780733300206,130.82506081052097,134.01231760145458,137.71819242206178,87.96637825281064,42.2827797967504,107.85476104394161,1679.9784756836755,8.85416526278478,13.477984031879808,108.74831027396118,129.0802893716393,132.4846231086076,136.38663098984838,2,17.01641662595604,0.007994896732270718,0.3791802283915331,22.746884096430183,0.9920050501823425,104.7757295497307,11.591473010364393,-44.20389336111857,-37.03611457946643,0.3791802283915331,37.79447503624948,44.96225381790162,53.2963456871753,82.0568599216484,85.70945312692272,104.7757295497307,123.84200597253867,127.49459917781299,131.7415281443937,103.94108435664106,14.962025266004451,137.42475248367757,86.43687405568174,80.24024696411985,84.79065822039817,104.6586446971861,123.79696648824807,127.45493675534769,131.7067755759556,2,1.0417105221256264
218,403,set,0.893,63.86980778381349,128.9526235798,130.5677687195,130.47960518949998,129.99999916293334,0.16232545673847198,65.56219207948091,13.45524456017448,0.8376745581626892,100.46284117340099,8.575918160572375,39.19039733836044,43.43028426315884,65.56219207948091,87.69409989580296,91.93398682060138,96.8637716567424,83.65435044431615,86.3567110825445,100.46284117340099,114.56897126425746,117.27133190248583,120.41341015419677,94.79757886577427,16.019424073350198,90.99591098001159,165.6261705723144,51.84617362743617,58.81477932899043,98.39063503795661,113.82129125536284,116.61390035614403,119.83840286395986,2,35.202420297159065,0.24853968620300293,65.25817710802588,10.88960627290805,0.7514602541923523,109.45433921447935,10.989804100292332,43.91494100730464,47.34636873395956,65.25817710802588,83.16998548209219,86.6014132087471,90.59118951014733,87.91471898075577,91.37772008062734,109.45433921447935,127.53095834833135,130.99395944820293,135.02044661931973,98.46983242917736,22.023737193970195,120.23092101927085,364.81350102481133,51.3389218697275,56.13879976082268,104.76128077811424,125.96202704328603,129.6183692913605,133.82011094093994,2,31.530166733755976,0.11093222349882126,57.20383335574047,17.319730595474272,0.8890677690505981,86.55179966107316,11.705186160105017,23.257785166674424,28.71541166795222,57.20383335574047,85.69225504352872,91.1498815448065,97.49555180548215,63.610056354930634,67.29848175148224,86.55179966107316,105.80511757066407,109.49354296721569,113.78213459988574,83.29616385879297,15.493103185204927,155.08908406821124,84.9471105451981,44.07525173747692,54.083910282969356,84.91662043474841,105.16614525718619,108.93119499390096,113.29173698721767,2,46.70383530414037,0.4389849305152893,59.67504413925779,11.096281550756792,0.5610150694847107,105.90179192518394,9.858737304205588,37.926731937458214,41.42328518482077,59.67504413925779,77.92680309369482,81.42335634105737,85.48885513461946,86.57902187589949,89.6856121131996,105.90179192518394,122.11797173716829,125.2245619744684,128.83664449354976,85.60894626043135,25.196258980960998,108.5787934058842,526.2726732297749,42.1328193705303,46.29233789939614,93.78791512144711,119.1733180382918,122.66204312096926,126.61409343788044,2,44.39105290250198,0.17027483880519867,49.90601257284702,10.94554194059776,0.8297252058982849,104.13906095657123,12.652371107980033,28.453144578002753,31.90219821290533,49.90601257284702,67.9098269327887,71.35888056769127,75.36915079658148,79.34086926589522,83.32776245007425,104.13906095657123,124.9503594630682,128.93725264724722,133.57287758519632,94.90454204049685,23.848768901696836,153.22423889339385,415.5399418717087,38.4113554073575,43.964889457841174,100.84810517881253,123.78301429588147,127.91134298020917,132.676036950639,2,35.095457122436486
219,404,set,0.17,130.47960518949998,129.9773865342,129.9994033027,130.0054030245,129.99406428713334,0.9268012642860413,113.5588186107575,4.081338509794709,0.07319877296686172,108.25147031454034,9.768510543960648,105.5595421228435,106.84561416010496,113.5588186107575,120.27202306141004,121.5580950986715,123.05343177625943,89.10554146577769,92.18370031639296,108.25147031454034,124.31924031268771,127.39739916330299,130.97642405102874,113.17033145816228,4.932888639402817,22.422933915599522,1.910933530593626,102.80053659516723,105.44402603296507,113.39652985736224,120.45302571900181,121.89451582868054,123.73469429059351,2,16.82373282897106,0.9669761657714844,129.89890586226986,4.354734620050828,0.03302384912967682,106.58726729635924,12.9435523195713,121.36378284474051,122.7360048280681,129.89890586226986,137.0618068964716,138.4340288797992,140.02953348763714,81.21837091798962,85.29701831787624,106.58726729635924,127.87751627484224,131.95616367472886,136.69847271753034,129.1290677629482,6.420549680849351,23.87012769283058,17.353578978097943,115.1741412811488,121.12941809551691,129.7262265088922,137.00390808208633,138.3888301306212,140.00149944264695,2,0.8649965241851305,0.9881842136383057,125.45593902104098,3.6028946655684395,0.01181576494127512,67.98625293637382,45.6888025266171,118.39439523643534,119.52970466285662,125.45593902104098,131.38217337922532,132.5174828056466,133.8375253666792,-21.56215451255835,-7.1651396106019405,67.98625293637382,143.13764548334956,157.53466038530595,174.27430156164132,124.77688803169687,8.721032406712071,37.49248659122604,38.56358614736667,117.63499410191713,119.15627190709405,125.41321708299513,131.3973293247622,132.55904127858003,133.94546636975835,2,5.2171762554364705,0.9677442908287048,112.1400901097301,2.4015603395645817,0.03225567191839218,100.8492131866308,8.237026923222807,107.43311833748373,108.18987487485448,112.1400901097301,116.09030534460571,116.84706188197646,117.72695490005697,84.70493707742733,87.30050957667083,100.8492131866308,114.39791679659076,116.99348929583428,120.01140325788735,111.77589111048377,3.4278078375058145,7.769960103898546,3.9794410347936195,105.32754369010433,107.44875210032902,112.05716720411486,116.07667874263741,116.84859619815211,117.75764736333522,2,18.21817317664957,0.996649444103241,125.5336651501512,2.2816393701501876,0.00335051235742867,126.57011426929455,21.624440221893074,121.06173415894817,121.78070235676438,125.5336651501512,129.286627943538,130.0055961413542,130.84155204822795,84.18699024854479,91.00107533951842,126.57011426929455,162.13915319907068,168.9532382900443,176.87608480681877,125.53713232008101,2.5998968283899733,6.755190206160069,0.003587150921056533,121.01100132593518,121.75287771390734,125.53403452140174,129.31667958161032,130.0612788150997,130.96807528014105,2,4.456931967052327
220,408,set,0.229,10.5912692566486,10.4217255459421,10.3547024017111,10.372712298302599,10.383046748651934,0.15144066512584686,55.608792811423655,13.821430861130173,0.8485593199729919,71.50133740894883,6.261624359638423,28.519286108798084,32.87456212983467,55.608792811423655,78.34302349301262,82.69829951404921,87.76224911141631,59.22877917933884,61.201881870389876,71.50133740894883,81.80079294750777,83.77389563855881,86.06805392603601,69.09455881910448,9.729212735528051,62.20026830967129,32.45724100448084,42.149212155673446,49.48781266425204,70.4907896370272,81.5907562718614,83.6994753082376,86.21470695184627,2,-58.71151207045254,0.038790129125118256,30.097334287096906,7.802435584789696,0.9612098336219788,62.84238455177748,3.239240208081341,14.804841549215384,17.263469816400338,30.097334287096906,42.93119875779347,45.38982702497842,48.24851372211302,56.49359040666402,57.51430854694784,62.84238455177748,68.17046055660711,69.19117869689094,70.37798412335512,61.572197482740776,7.240591456952928,12.447129955990484,39.97889345970614,32.9881173586227,55.497895451667446,62.67848361917116,68.10813568762376,69.13620393519949,70.3298405058816,2,-51.18915073408884,0.9617978930473328,27.344527802514563,5.2443309565130996,0.03820207342505455,70.72934300353933,27.245105368495217,17.065828004740393,18.718371007760105,27.344527802514563,35.97068459726902,37.62322760028873,39.54466597396538,17.329917726289814,25.915132621494926,70.72934300353933,115.54355338558372,124.12876828078883,134.11093595555687,29.001916781559796,11.134101352364407,54.80957173605997,69.15861298821306,17.067304512271704,18.761645969532072,27.57611883753584,38.46833076185839,59.90581283180118,88.10938524830078,2,-18.618870032907864,0.0007888869731687009,89.10798008831362,56.13426060680056,0.9992110729217529,67.7038766785507,2.48471845335643,-20.913148999801024,-3.2246620670214554,89.10798008831362,181.44062224364868,199.12910917642824,219.69579791179865,62.83391799825003,63.61687851859412,67.7038766785507,71.79087483850728,72.57383535885137,73.48419617010647,67.72075938163374,3.0026817269213093,8.65478150406502,0.36113212317312665,62.8196688498147,63.60869682172286,67.70458871219525,71.80559290952661,72.5970112821516,73.53491202150757,2,-57.337712632981805,0.1191767156124115,28.57027219312647,9.13418850566095,0.8808233141899109,91.26093863628711,5.93360555826692,10.66759169403127,13.545869100331604,28.57027219312647,43.59467528592133,46.47295269222167,49.819572204359105,79.63128544361726,81.50102601287234,91.26093863628711,101.02085125970187,102.89059182895696,105.06456931215827,83.78967362982591,21.295862588284077,40.9550594524137,412.5589131601094,21.19703764954386,26.715501465098786,90.2498669414104,100.65100807236776,102.56519542840704,104.77980742638945,2,-73.40662688117398
221,411,set,1.226,10.4262262128256,112.4527726468,112.5968262332,112.4857874207,112.51179543356666,0.019947130233049393,46.968013868590866,22.076322992889835,0.9800528883934021,108.11367029693025,7.104441997972001,3.699215891453285,10.655693923983826,46.968013868590866,83.2803338131979,90.23681184572844,98.32522092973906,94.18921985065134,96.42790310909965,108.11367029693025,119.79943748476086,122.03812074320916,124.64107383515888,106.89399193874291,11.501223478332454,59.18781753613795,73.09053679430491,90.12499371010796,94.85147204693395,107.93346459926664,119.73062130846981,121.97771390098342,124.58874468723796,2,5.617803494823747,0.033170636743307114,20.143838629886382,11.095612036908378,0.9668293595314026,106.14258505562324,7.109332444944522,-1.6031613488831518,1.8931809277312155,20.143838629886382,38.39449633204154,41.89083860865591,45.956092103130146,92.20854950940989,94.44877379835246,106.14258505562324,117.83639631289402,120.0766206018366,122.6813654747695,103.2899514821434,17.0333555613773,52.949800688496154,237.18536124737682,27.7566820629119,91.1380924073783,105.83679161275498,117.71979315371128,119.97378043387225,122.59130631693706,2,9.221843951423267,0.001895557390525937,6.272074394961507,36.61168226119683,0.998104453086853,115.39704312728163,4.22621629175076,-65.48550425040827,-53.948783961163,6.272074394961507,66.49293275108599,78.02965304033127,91.44358358835552,107.11381140457372,108.44553593151399,115.39704312728163,122.34855032304927,123.68027484998954,125.22869241283279,115.19019169536872,6.54963685948029,20.367882049519118,22.529999963581442,106.97478454654022,108.37002067484843,115.38701389201901,122.34501960616214,123.67778325151234,125.22616782582378,2,-2.678396261802064,0.06914473325014114,32.717837540918026,15.021939529370092,0.9308552742004395,112.40969838677378,7.317514780230262,3.2753770854140676,8.008945822187929,32.717837540918026,57.42672925964811,62.160297996421974,67.6640946290382,98.06763296118294,100.37345766024103,112.40969838677378,124.44593911330654,126.75176381236463,129.4327833390249,106.89942676389724,21.776303278924328,65.44670586218635,408.7607637749211,27.395697039402783,41.61291592780889,111.72746446421311,124.18988681333225,126.52618314627823,129.23518606457725,2,5.612368669669422,0.006132186856120825,-0.4363293207746679,24.37227094207669,0.993867814540863,103.921851907337,11.26856934689703,-48.20510258869708,-40.5251475768935,-0.4363293207746679,39.652488935344145,47.33244394714774,56.2620513708728,81.83586183012677,85.38670474653924,103.921851907337,122.45699906813476,126.00784198454721,130.1364642509727,103.28190818525846,14.007797355774647,129.84455174006658,66.37384992222304,80.53792141952962,84.71395380142845,103.83471232115215,122.42352049889571,125.97817876728082,130.11067040007987,2,9.229887248308202
222,412,set,0.299,112.4857874207,115.5730260878,115.492298627,115.6794868457,115.5816038535,0.8216891288757324,101.03528332913308,5.509502401754903,0.17831090092658997,103.91365622419647,9.50931424930473,90.23685704895654,91.97295832090867,101.03528332913308,110.09760833735749,111.83370960930962,113.8523025284785,85.27574277788565,88.27222619140626,103.91365622419647,119.55508625698667,122.55156967050729,126.0356292116528,101.5485316043406,6.502289742408383,41.066188655402705,1.2138905634834083,89.33357332325535,91.41388966069205,101.35349904299417,112.339382055757,115.22438463350153,119.21088434070498,2,14.033072249159403,0.894097626209259,112.52800695452454,5.552889895011321,0.10590235888957977,104.89957137590181,11.935487200954851,101.64454275018595,103.39431587065299,112.52800695452454,121.6616980383961,123.41147115886314,125.445960556567,81.50644632409153,85.26744196397834,104.89957137590181,124.53170078782527,128.2926964277121,132.6656666514848,111.72013595531322,6.940162360090451,42.655541367073184,5.510126230156676,95.86998042326164,100.36311306283771,112.15138287624268,121.8442198677699,123.79331565237449,126.22890682508984,2,3.861467898186774,0.9658852219581604,109.21265253053807,4.7621793862761,0.03411473333835602,70.68042681080898,36.96771774226789,99.87895244551785,101.37956449482829,109.21265253053807,117.04574056624784,118.54635261555828,120.29113842160258,-1.774968554678452,9.873942202321338,70.68042681080898,131.4869114192966,143.13582217629641,156.68019838867576,107.89813104299014,10.837440278846865,68.52629479217653,48.92329656714233,92.77194102243543,99.80032047256627,109.06486919993321,117.13631851148031,118.76306786957363,120.85103269150012,2,7.683472810509855,0.8886653184890747,101.8854643172431,4.093843048597802,0.11133462190628052,99.52633197552912,8.15790250011205,93.86167938363175,95.15169173058693,101.8854643172431,108.61923690389928,109.90924925085446,111.40916739000548,83.53713688592023,86.10777645990332,99.52633197552912,112.9448874911549,115.515527065138,118.50445111329725,101.62280513710459,4.780624012281199,22.303103616819715,0.5506467812181282,91.76852052268477,93.89962780359647,101.74749926993498,109.00949432124943,110.55650977065079,112.60194493539505,2,13.958798716395407,0.9777269959449768,107.65945855558141,3.4063545769308297,0.02227305807173252,118.18135583942328,17.818717703631062,100.9831262662238,102.05650387503398,107.65945855558141,113.26241323612884,114.33579084493901,115.58382428385373,83.25731088962013,88.87217339698131,118.18135583942328,147.49053828186524,153.10540078922642,159.63389188739927,107.89381920021891,4.563656851926824,18.416657416648263,2.41093525812565,100.7868666050538,101.95501672982273,107.70259394328178,113.72469687545913,115.27357799961133,120.60892376206658,2,7.687784653281085
223,414,set,0.952,22.340198327344698,115.0382220244,115.0467319825,115.0447201836,115.04322473016667,0.04030688852071762,54.53712843615417,19.659685403355134,0.9596930742263794,104.05939141372201,7.68098069271822,16.004853098190296,22.199823595720545,54.53712843615417,86.87443327658778,93.06940377411803,100.27239577856113,89.00494589004678,91.42530246276021,104.05939141372201,116.69348036468381,119.11383693739724,121.92802451877579,102.06329920407711,12.925363872340714,72.19820059434228,94.8664425776686,60.5552457515559,86.77642185744526,103.6599338127012,116.54220760314577,118.98119007916985,121.81298078263679,2,12.97992552608956,0.04471185803413391,33.24638876545126,10.973889469553146,0.9552881717681885,102.60991737791252,6.971070019909951,11.737960634803727,15.19594686969219,33.24638876545126,51.29683066121032,54.75481689609878,58.77547320290539,88.9468712051821,91.14352757193096,102.60991737791252,114.07630718389407,116.27296355064294,118.82705129851988,99.5085481918594,16.040910465623224,51.80749078765678,205.5036128796252,34.87907012800291,84.90029292298532,102.20075069190155,113.92099972651583,116.13614545585824,118.70706347163647,2,15.534676538307266,0.028963014483451843,24.787654415415425,20.855236542982077,0.971036970615387,102.90716329082329,8.057280039430914,-16.087858097893076,-9.516157053239539,24.787654415415425,59.091465884070374,65.66316692872391,73.30418960980063,87.11518460018523,89.65411699460165,102.90716329082329,116.16020958704493,118.69914198146135,121.6511995811051,100.64458529038848,15.724787724849959,75.63668800308668,171.6321100496884,47.61733653738687,86.63401825788323,102.60594583106104,116.04523981610744,118.597772454789,121.56230683992305,2,14.398639439778194,0.04252847284078598,51.42467839003362,18.59768273814522,0.957471489906311,105.21210408749937,6.546441933279429,14.973890027366721,20.834212485302654,51.42467839003362,82.01514429476457,87.8754667527005,94.6893580900038,92.38131367138892,94.4441653299175,105.21210408749937,115.98004284508124,118.04289450360982,120.44140536151578,102.92460309509259,13.173804287336674,55.74278897257341,117.8059357908202,55.55329491507729,89.64052554028765,104.8489628274399,115.84223222634421,117.92179446712332,120.33560691902872,2,12.118621635074078,0.020395882427692413,19.487397234744527,18.156893837667827,0.9796041250228882,101.03648689099288,11.197970804904568,-16.099460758201666,-10.378035448316243,19.487397234744527,49.35282991780529,55.07425522769071,61.72664861318832,79.08886741344892,82.61746399804889,101.03648689099288,119.45550978393685,122.98410636853683,127.08686246655402,99.37322199905917,16.199761083004017,129.56098612248886,132.8713465986808,71.98600319196834,80.01293113012446,100.74424707359253,119.34351402215519,122.88534564447171,127.00031747447055,2,15.670002731107502
224,417,set,1.226,17.1141034930912,119.090477442,119.15248742130001,119.04846939379999,119.09714475236667,0.0244844201952219,48.23084854487132,21.098860127881707,0.975515604019165,106.9583342751165,7.305650447762765,6.877842579375006,13.526311938983277,48.23084854487132,82.93538515075934,89.58385451036763,97.314136948054,92.63952251386256,94.94160863887427,106.9583342751165,118.97505991135873,121.27714603637044,123.95381866275493,105.52042842741876,12.05579372487577,62.965265326037,82.37716662727979,85.30453203264996,92.83285899212308,106.7297604733243,118.8879293611054,121.20056206487453,123.88708216627981,2,13.57671632494791,0.04248566925525665,25.326052964256085,11.407081862707662,0.9575143456459045,107.5364503653305,7.773921979928331,2.968583344648991,6.563072989449026,25.326052964256085,44.08903293906314,47.68352258386318,51.86289360457589,92.29984326604665,94.7494866010076,107.5364503653305,120.32341412965337,122.77305746461434,125.62129723629613,104.04368821442321,18.39392635854125,63.39459045565232,274.9420977341826,27.875739894725108,88.75525100991896,107.10391315977138,120.15914578310992,122.62828063912828,125.49442311415883,2,15.053456537943461,0.002235409803688526,11.133448314766362,36.39446800173811,0.9977645874023438,112.59031602933545,4.460546138696216,-60.19839820513578,-48.730124378861895,11.133448314766362,70.9970210083946,82.4652948346685,95.79964157745724,103.84780624611166,105.2533705349166,112.59031602933545,119.92726152375431,121.33282581255924,122.96709805615248,112.36351803802107,6.76547879933376,22.812923408095354,22.958744700731952,103.6747215236415,105.15944778206381,112.57785513900485,119.92348083876107,121.32985533261082,122.96410407209667,2,6.733626714345604,0.10669209808111191,33.49914457134552,14.076328069294465,0.8933079242706299,112.19430770589051,8.036295208973911,5.910048520958124,10.345645292407692,33.49914457134552,56.65264385028333,61.08824062173291,66.2455804496501,96.44345852716985,98.97577838415702,112.19430770589051,125.412837027624,127.94515688461117,130.88952598045157,103.79815814996874,25.866443319564468,78.83194237143171,590.2411884517664,23.298060194977698,32.391428498769336,110.98682295021658,124.9682314395972,127.55374473569753,130.54685998275843,2,15.298986602397932,0.008295081555843353,4.15898448487188,22.78504117556537,0.9917049407958984,103.70171992215757,11.545068145843665,-40.498875605498434,-33.31907313299547,4.15898448487188,41.637042102739215,48.816844575242186,57.1649165835814,81.07380215724336,84.71177270906469,103.70171992215757,122.69166713525043,126.32963768707177,130.5595646588976,102.87600713132761,14.764867730507058,136.48942046770907,81.51213519071254,79.18371556426737,83.75976429867569,103.58068806819236,122.64515158085739,126.2886411879891,130.52360901542008,2,16.221137621039063
225,419,set,0.647,18.1444274652924,90.9643310665022,91.0893650433631,91.086378123238,91.04669141103443,0.06257166713476181,57.087707872055745,17.863447480974624,0.9374282956123352,95.44648652069306,7.34156257141596,22.075994169622717,27.704951493117484,57.087707872055745,86.470464250994,92.09942157448876,98.64430094246127,81.05728829047051,83.37069069760834,95.44648652069306,107.52228234377777,109.8356847509156,112.52551500084438,93.04631023573582,12.521980532586893,70.49280884056853,86.30686509659445,52.540858939724515,71.53373506374038,94.85285785384876,107.3019733230895,109.64483194671786,112.36417533456053,2,-1.9996188247013862,0.038102056831121445,33.156189358884944,9.747930808458621,0.9618979096412659,89.65028109530574,5.233512902253268,14.05059605051763,17.122270013319778,33.156189358884944,49.190108704450104,52.261782667252255,55.83326747143987,79.39278429426365,81.04191841633713,89.65028109530574,98.25864377427436,99.90777789634784,101.82525270922794,87.49773699558214,12.121850974473753,29.96659365258356,116.97242071225872,37.074188238990345,77.89859536568594,89.39035265404246,98.15975903369183,99.82056392428105,101.74887341665351,2,3.548954415452286,0.320430725812912,29.168734210017988,11.40900964577314,0.6795692443847656,92.18855919115978,13.836537907071659,6.80748620503255,10.4025833142437,29.168734210017988,47.93488510579226,51.52998221500342,55.71005954437378,65.06944322257611,69.42947963026143,92.18855919115978,114.94763875205814,119.30767515974345,124.37715973536143,71.99506818441667,32.19667186650917,171.8124091767181,864.8131156288695,12.984800525589439,17.635699215923854,83.46699200347278,112.24695525562132,116.94547333137751,122.32003777109252,2,19.051623226617764,0.007983224466443062,68.46540016090776,28.585662266217525,0.9920167922973633,92.72976084078213,4.469555593776039,12.438531644895775,21.446169903510004,68.46540016090776,115.4846304183055,124.49226867691974,134.96559480197237,83.96959285008157,85.37799611149838,92.72976084078213,100.08152557006589,101.4899288314827,103.12750199427038,92.5360545574437,5.568068835269594,26.34085998334239,4.662674118111023,83.50921965305962,85.13305213251492,92.70255298058753,100.11134262899832,101.55193617091567,103.27025926425445,2,-1.489363146409275,0.04078292101621628,26.04042945074002,14.210581226575295,0.9592171311378479,97.4187414574006,9.286997226225056,-1.8117979527285897,2.6661033791191358,26.04042945074002,49.41475552236089,53.892656854208624,59.09918487606814,79.21656136947611,82.14299038635605,97.4187414574006,112.69449252844515,115.62092154532509,119.02352771085245,94.50773047734542,17.037474129762508,90.96659196491511,199.30939858244807,30.121023682389847,75.67886593550722,96.92362914080235,112.50627160394865,115.45503025395298,118.8781250301894,2,-3.4610390663109882
226,420,set,0.893,91.086378123238,59.6555844487436,59.6655863217837,64.0589137017532,61.1266948240935,0.36149144172668457,71.9476576140124,9.908069663617978,0.6385085582733154,98.09540894405646,8.534618013506785,52.528197917007276,55.65033329172251,71.9476576140124,88.24498193630228,91.36711731101752,94.99727441181864,81.36786501577637,84.05721154989445,98.09540894405646,112.13360633821847,114.82295287233654,117.94989941552863,88.64322061784799,15.485668830387329,81.99633340009639,157.80960572433273,57.262842634873344,61.16787694400738,91.78251816809164,110.18702046958391,113.12236037553807,116.47046009560331,2,-27.51652579375449,0.5942122340202332,85.40762394014118,9.97425123778947,0.40578770637512207,113.38198880140826,14.018184568972336,65.85845074131976,69.00144061553794,85.40762394014118,101.8138072647444,104.9567971389626,108.61120210232194,85.90685191758733,90.32412706985895,113.38198880140826,136.43985053295756,140.85712568522916,145.99316267134918,96.75927220380447,18.098413209192913,138.8567514954529,188.6952511552869,68.13326489016072,71.60209983870006,93.40929512554219,129.63031103268295,134.98982662996386,140.94325076323463,2,-35.63257737971097,0.1966937929391861,76.40701061129782,16.081546793865538,0.8033062219619751,74.70507905494676,13.042297796875847,44.88775807962578,49.95522004041826,76.40701061129782,102.85880118217737,107.92626314296984,113.8182828064952,49.14264509742401,53.25240821997433,74.70507905494676,96.15774988991919,100.26751301246952,105.04600080731643,75.03983954128077,13.710193273592271,187.51180980265974,0.45767370469894253,48.26372034924271,52.62190961846046,74.98676676630245,97.63435495162409,102.14036858581491,107.50998341103762,2,-13.913144717187272,0.861381471157074,62.372184096809825,7.332375643064062,0.1386185586452484,107.75162742700921,12.262827370585061,48.00099191528554,50.31149942614526,62.372184096809825,74.43286876747439,76.74337627833411,79.42984058572075,83.71692743203047,87.58107134982258,107.75162742700921,127.92218350419583,131.78632742198795,136.2792298102996,68.66261898220174,17.69301498108313,67.15611705683392,245.88680256869372,48.47471440810692,50.850138234699656,63.860715384387376,112.12434004425131,118.9602060655384,125.65578090676904,2,-7.535924158108237,0.5182226896286011,66.22805518871625,7.224071357633838,0.4817773103713989,109.33483750531778,12.867109208244518,52.06913550600656,54.345515214755984,66.22805518871625,78.11059516267652,80.38697487142595,83.03375823346707,84.11576687201483,88.1703262557561,109.33483750531778,130.49934875487946,134.55390813862073,139.26820965696874,86.99592483197392,23.890175319276384,106.80885041364118,463.93162637212185,54.21993148539411,56.82250524364508,78.62568835921594,125.55113267437983,130.26690046950418,135.56279695513865,2,-25.869230007880425
227,421,set,1.076,64.0589137017532,111.3611540222,111.8004478278,112.00191209660001,111.72117131553334,0.13144296407699585,60.3482396625616,13.983704605778932,0.8685570359230042,99.1836268538446,8.238595200797695,32.940682264788016,37.34709242352811,60.3482396625616,83.34938690159508,87.75579706033518,92.87920114343054,83.03627697707658,85.63234365682752,99.1836268538446,112.73491005086169,115.33097673061262,118.34946528430339,94.07898845034455,16.026196983663528,84.65571411825549,172.1832756409292,48.08212284234055,56.090893889645294,97.62374232212251,112.16497590859024,114.82958286441134,117.91069502914776,2,17.642182865188786,0.25383371114730835,62.67419231773428,11.718902076104659,0.7461663484573364,112.49181152491408,12.15132726370136,39.70556631021748,43.398313733964386,62.67419231773428,81.95007090150416,85.64281832525108,89.93643524857315,88.67564772369977,92.50465680294059,112.49181152491408,132.47896624688758,136.3079753261284,140.76002587160025,99.84642706606667,24.80103724483368,145.0346690650572,470.057373571692,47.55435224280804,52.68421003256973,107.14402979840524,130.69991731019869,134.74836732897495,139.39932839970433,2,11.874744249466673,0.02736864984035492,50.43008300430913,24.94504134195235,0.9726313352584839,87.97054379277405,8.190291860724312,1.5387003812198117,9.39914127854437,50.43008300430913,91.46102473007387,99.32146562739844,108.46092689802086,71.91786672288285,74.49871251987054,87.97054379277405,101.44237506567755,104.02322086266526,107.02401185074406,86.94311075574574,10.944862051708864,82.27524823023775,37.5146444612659,66.74797755610699,72.39362874715755,87.72063529787857,101.37717702241157,103.98747874260376,107.03837711979266,2,24.778060559787605,0.6244802474975586,48.03775632229744,9.933086556560914,0.3755197823047638,108.9426586968813,11.784039000263643,28.56926441611906,31.699282872915305,48.03775632229744,64.37622977167956,67.50624822847581,71.14557111581658,85.84636666394917,89.55963940716003,108.9426586968813,128.32567798660256,132.03895072981342,136.35643277275898,70.90875343493076,31.36294468484686,113.76111784283155,869.8733313095377,30.65180644155953,34.085454874312624,56.421228236668746,122.04217352642605,126.63997087852317,131.71901075465098,2,40.81241788060258,0.11299745738506317,40.97213831219679,11.876403255110239,0.8870025277137756,104.75962995602171,12.218309909889927,17.694815666306454,21.437193342890435,40.97213831219679,60.507083281503135,64.24946095808713,68.60078377597421,80.81218258068861,84.66229858552214,104.75962995602171,124.85696132652127,128.7070773313548,133.1836692392663,97.5518040262584,23.58331298254329,148.35620564228645,407.81630378557384,31.851071585217625,39.254029960590564,102.8004513586961,124.13789292271751,128.07423475704678,132.62981072751577,2,14.169367289274945
228,423,set,0.829,27.0996981635619,104.97693551740001,104.70351211170001,105.1556887808,104.9453788033,0.056667130440473557,57.70834069675637,18.24316082729179,0.943332850933075,101.58194529403278,7.835623412306779,21.952402511092522,27.701011442926443,57.70834069675637,87.71566995058629,93.46427888242022,100.14827910311178,86.22440560949265,88.69349170487409,101.58194529403278,114.47039888319145,116.9394849785729,119.81033116103728,99.09575212731397,13.404274067967744,76.77735461176451,102.89702576626895,55.00841519717185,77.68683433942358,101.00188942996145,114.25179638224436,116.74778808959286,119.6441354670011,2,5.8496266759860305,0.05327526479959488,38.35996360224098,10.643369109142963,0.9467247724533081,99.90301297118654,6.826449818427682,17.49934347415461,20.85317932008391,38.35996360224098,55.866747884398045,59.22058373032735,63.12014270192767,86.52341718479829,88.67450222814355,99.90301297118654,111.13152371422953,113.28260875757479,115.78370999353226,96.62429444115867,15.530133910207036,50.152860871130954,191.0325462004044,37.53906145463807,54.77719081127128,99.42115433732205,110.94937478799736,113.12203976934859,115.64306182040467,2,8.321084362141335,0.09067690372467041,32.038960919073624,16.212918696997153,0.9093230366706848,97.55410569505634,10.563864339643612,0.2622241886831347,5.371082796848508,32.038960919073624,58.70683904129873,63.815697649464106,69.75584986182994,76.84931205178785,80.17809512137022,97.55410569505634,114.93011626874245,118.25889933832482,122.12932904324211,91.61338940501889,21.891237820088783,125.31132922332634,353.9144638097956,22.381697977078797,34.134003115298036,96.230478376432,114.43854475860957,117.82613957284912,121.75031137792422,2,13.33198939828111,0.034979451447725296,59.360527634681375,20.007620287882812,0.9650205373764038,101.3823155422659,6.1428931124249955,20.14631245407815,26.450920837489463,59.360527634681375,92.27013443187327,98.5747428152846,105.90521255601395,89.34246628103375,91.27815552631843,101.3823155422659,111.48647555821337,113.42216480349805,115.67282187481591,99.91241531937027,10.489276513313689,50.41762576859712,59.60718444113036,70.7080616645259,88.52727125060511,101.11345509155683,111.3898808463126,113.3412803044381,115.61067628161182,2,5.032963483929734,0.03534402698278427,27.412669723654666,15.750779599069604,0.9646559953689575,99.98298470705681,10.992198198450675,-3.4582910189499962,1.5049427728117628,27.412669723654666,53.32039667449756,58.283630466259325,64.05446235843608,78.43867212716742,81.90242763216577,99.98298470705681,118.06354178194785,121.52729728694621,125.5546616170581,97.41805977092815,17.460949743918114,125.32625662563593,179.55872145825074,36.00646940935417,76.1948216735996,99.47804500174391,117.87113216858751,121.3577036894333,125.40603166592811,2,7.5273190323718495
229,424,set,0.385,105.1556887808,105.6359415727,105.6297040868,105.77054476480001,105.67873014143333,0.7366375923156738,94.91471277230579,6.387552229444256,0.26336243748664856,102.5431275100305,9.376278330723013,82.39534045322652,84.40812432036245,94.91471277230579,105.42130122424913,107.43408509138506,109.77438132159827,84.16595967279005,87.12052209043425,102.5431275100305,117.96573292962674,120.92029534727095,124.35561267112318,96.92375350047092,8.031069896608171,53.20882249378781,11.289541159813758,82.68984414073338,84.83785028550707,96.33482772653308,111.29228412366419,114.9682121679968,119.20634006582533,2,8.754976640962411,0.8307737112045288,105.00188715954587,6.301000631306912,0.16922631859779358,105.37563479880907,11.802651224738373,92.65215285562019,94.63766341771718,105.00188715954587,115.36611090137457,117.35162146347156,119.66020658251671,82.2428634762343,85.96200112415491,105.37563479880907,124.78926847346322,128.50840612138384,132.8327073835247,105.06513822592309,7.52175879501017,56.55754588295448,0.019638465755354183,90.26560260995194,93.1237589952699,105.03854010187735,117.09218200665099,120.07106597245587,124.3589776316545,2,0.6135919155102414,0.9327648282051086,101.8129093359504,5.716780763089668,0.06723516434431076,71.95700866443609,32.034325494293974,90.60822493278323,92.40964176329595,101.8129093359504,111.21617690860484,113.01759373911756,115.11213011052162,9.170884426586618,19.26523218820261,71.95700866443609,124.64878514066955,134.74313290228554,146.47999367441918,99.80554218908843,12.46527609829339,99.48082233692585,55.90221165343719,61.48137323060443,86.92366990165034,101.48048033594971,111.45956108915087,113.57576160707606,116.6062282881852,2,5.873187952344907,0.8349180817604065,95.66473500971529,5.084789323337203,0.1650819182395935,100.08005379462807,8.38534377898874,85.69873106700058,87.30100084893996,95.66473500971529,104.02846917049061,105.63073895243,107.49372384200635,83.64508198982314,86.28739066652346,100.08005379462807,113.87271692273266,116.515025599433,119.58728046798012,96.39362430436799,5.990112122567862,33.19444424998932,2.6869989909426257,85.42236900636337,87.18171528508292,96.12278083617208,106.53638001649212,109.37827010267488,113.17905745735611,2,9.285105837065345,0.9470757842063904,99.05622383922685,4.1244221818348965,0.052924275398254395,114.99513161947672,16.44838958310839,90.97250490579233,92.27215305435661,99.05622383922685,105.84029462409708,107.13994277266136,108.65106461358535,82.75688043290047,87.93993835619005,114.99513161947672,142.05032488276336,147.23338280605296,153.25980775753644,99.8997848883472,6.569807977818121,30.429209295581323,12.73376242221129,90.78462388530005,92.19744375140156,99.24742006504292,107.94444364697253,116.14768932229035,129.49886035179284,2,5.778945253086135
230,425,set,1.378,105.77054476480001,124.5516917544,124.61771956800001,124.54468021720001,124.57136384653334,0.36772024631500244,56.32700858208698,8.545833021745809,0.6322796940803528,83.44718058237805,6.659862007891856,39.577483641572094,42.270364140946725,56.32700858208698,70.38365302322724,73.07653352260186,76.20758906413336,70.39409090490341,72.49268240370081,83.44718058237805,94.40167876105528,96.5002702598527,98.94033640584263,73.47453928048623,15.030153350523186,54.89905671042473,171.0061312536706,43.585527686448074,46.93859825571495,78.13022221463729,92.84648081296167,95.14244130187878,97.75958899805349,2,51.09682456604712,0.7717734575271606,87.60106853760192,11.29709662859771,0.22822648286819458,116.91966350486473,18.86405676832973,65.45916601568153,69.01899817403172,87.60106853760192,106.18313890117211,109.74297105952229,113.88204526237415,79.94679163661941,85.89105131045909,116.91966350486473,147.94827569927034,153.89253537311004,160.80402186365433,94.29234312818689,18.196657351643754,179.7121143957358,151.4056944297586,66.56072308905385,70.29712456116657,91.12630468832388,131.55581976895823,140.10375205323516,149.1400153894105,2,30.27902071834646,0.008563186973333359,65.41856182065389,40.31727989521758,0.991436779499054,62.819307490544176,5.054974464906642,-13.601854728593395,-0.8974622438124413,65.41856182065389,131.7345858851202,144.43897836990115,159.21058019200285,52.911739596557524,54.50461440779541,62.819307490544176,71.13400057329294,72.72687538453083,74.57893659031048,62.841563285182744,6.269829275702553,39.25326821290895,0.05735853092439201,52.63430255364708,54.355525779502216,62.82211796240845,71.30508652672754,73.045066357203,75.34658639430978,2,61.7298005613506,0.9917701482772827,30.8612860597106,5.261363180407812,0.008229879662394524,109.29736036048001,21.470527585012757,20.549203716526172,22.207113749707876,30.8612860597106,39.51545836971332,41.17336840289502,43.10104710900907,67.21589956478125,73.98148518971013,109.29736036048001,144.61323553124987,151.37882115617876,159.24527656240966,31.50680637465094,9.02569953423045,31.24796341601862,50.215316401315704,20.567596667968107,22.227935844184035,30.915993133467527,39.94561703149925,42.02653755311314,46.17996091101699,2,93.06455747188241,0.43970632553100586,44.740227378886,6.042390486907388,0.5602936744689941,111.28624372868342,9.247051086251739,32.89735964402007,34.801379471039304,44.740227378886,54.67907528673268,56.583095113751924,58.7969296422276,93.16235663642802,96.07619821085669,111.28624372868342,126.49628924651014,129.4101308209388,132.79810136433218,82.02553940078775,33.984672231849125,63.963455860014676,1090.994490846201,35.18279649446094,37.44693794654712,99.82601964950348,123.72777720518913,127.0009621090699,130.70857723179648,2,42.545824445745595
231,426,set,0.053,124.54468021720001,124.57550895320001,124.49966696329999,124.6172070941,124.5641276702,0.9321718811988831,115.14426908560162,3.948169079210148,0.06782817095518112,106.17813962762006,9.754739269325679,107.40599988547507,108.65010885584515,115.14426908560162,121.63842931535808,122.88253828572817,124.32908382937593,87.05920198116316,90.13302136050375,106.17813962762006,122.22325789473635,125.29707727407694,128.87105658863857,114.53611892916096,5.10560338473901,20.984917127878767,5.082952978645273,102.63128398378605,106.6601426613134,114.91741744754208,121.65608378064475,122.97089703451239,124.5570816488195,2,10.02800874103903,0.9601584672927856,127.15236206753805,4.018754921280387,0.03984147310256958,100.5474187477304,11.341281937480888,119.27574715913539,120.54209845944092,127.15236206753805,133.76262567563518,135.0289769759407,136.50138403494984,78.31891461175321,81.89267001858573,100.5474187477304,119.20216747687506,122.7759228837076,126.93118587188685,126.09237435499517,6.907215969338706,20.63153134998075,27.077153425761463,104.23565561897624,118.21239269269385,126.9474364689983,133.68590025641544,134.9622401066555,136.44475169518228,2,-1.5282466847951781,0.9945353269577026,123.06683746799558,2.918175753862933,0.005464659538120031,69.37397343755985,53.2730606116934,117.3473180898662,118.26686549517228,123.06683746799558,127.86680944081887,128.78635684612496,129.85552942907213,-35.039306707578575,-18.25241352838968,69.37397343755985,157.00036040350938,173.78725358269827,193.30564473522165,122.77342258452629,6.296533166060671,23.978021468778543,15.668104889830214,117.11087639121386,118.14082668148467,123.05304521997593,127.88320434221606,128.81712427140596,129.93277661281058,2,1.7907050856737072,0.9364954233169556,118.45003669650572,2.6123884919798814,0.06350459158420563,95.34011978749925,7.07318846630102,113.32984933859825,114.15304001046633,118.45003669650572,122.74703338254511,123.57022405441319,124.52736111099188,81.47692513768514,83.7057600845927,95.34011978749925,106.9744794904058,109.20331443731335,111.79481673876882,116.98245262669744,6.428848342183785,9.568316377924543,31.761978549691218,93.43205051292061,100.9791707494664,118.22801358653626,122.66350431546816,123.49667388964797,124.46296789156607,2,7.581675043502557,0.9969654679298401,125.90425278825435,2.21716512141996,0.003034506691619754,124.86096264434082,21.492452209714177,121.55868900249286,122.25734069673643,125.90425278825435,129.55116487977227,130.24981657401585,131.06215015486717,82.73653037385272,89.50902467511125,124.86096264434082,160.21290061357035,166.9853949148289,174.85988315033376,125.90108372206522,2.5112377748796786,6.302619985441435,0.0032928992021289166,121.50919657923,122.23043928488988,125.90392424483133,129.57574721191276,130.29450150098347,131.1630544182704,2,-1.3369560518652293
232,428,set,1.153,67.8654878883857,108.5565346148,108.4874976837,108.6303322828,108.5581215271,0.13805609941482544,58.66513655500208,13.523739474024545,0.8619439005851746,97.4284064238505,8.033986428241777,32.159094249611314,36.420564631206005,58.66513655500208,80.90970847879814,85.17117886039284,90.12605912948128,81.68208237221303,84.21367470847811,97.4284064238505,110.6431381392229,113.17473047548798,116.11825367126373,92.07690058519306,16.11479621368947,80.88340672133108,178.80325028741186,46.341813961506475,53.89583888384255,95.81455795323437,110.05636031132441,112.65861541043391,115.66671943868396,2,16.48122094190694,0.2975636422634125,64.21795708889972,11.93105720757263,0.7024363279342651,113.70790397463736,13.061226542489027,40.83351466457033,44.59311436765837,64.21795708889972,83.84279981014106,87.6023995132291,91.97374665879596,88.10837035744025,92.22409812378945,113.70790397463736,135.19170982548528,139.30743759183446,144.0928605741225,98.98149173513484,25.964074329623674,162.19079607231885,511.9420677385491,47.77026985771171,52.74038113367853,106.41419365006323,132.86944067791651,137.27463382047586,142.32142560492315,2,9.57662979196516,0.016435422003269196,49.85944619136675,28.817538097422876,0.9835646152496338,86.39565444299404,7.125841692554918,-6.621890602693014,2.4588141320084844,49.85944619136675,97.260078250725,106.3407829854265,116.89906467939738,72.42926136605246,74.67468788991306,86.39565444299404,98.11662099607501,100.36204751993563,102.97284111522076,85.79516966046816,9.228790233941815,63.59187456192144,21.57896883176118,70.46127013299147,73.71087984278665,86.27720253862215,98.11325794596682,100.39259251351807,103.07480508034439,2,22.762951866631838,0.7530465126037598,43.31354547015739,9.031189531329163,0.24695348739624023,109.77173567064884,13.115492333226074,25.61273925119706,28.45856061386445,43.31354547015739,58.16853032645034,61.014351689117724,64.32323403642489,84.06584305801452,88.1986705370877,109.77173567064884,131.34480080420997,135.47762828328314,140.28293337704827,59.72562730621139,30.41810448726157,103.90025454478848,821.3608260531739,26.734608567963924,29.738039546474745,47.13665312124477,120.69485415548895,126.48817518907624,132.6581370971159,2,48.832494220888606,0.11603064835071564,38.97432201408593,11.488284514116371,0.8839694261550903,105.41878066790423,11.877738375138694,16.457698122268603,20.077775563591175,38.97432201408593,57.87086846458067,61.490945905903246,65.70006826987687,82.13884123484308,85.88163962157665,105.41878066790423,124.95592171423179,128.69872010096537,133.05053208532144,97.70919490530059,24.34842983901732,140.02480193156185,452.82194500738274,29.92593469092178,36.97500382249807,103.45585367735649,124.23670139266989,128.0657811783717,132.49651767039248,2,10.848926621799407
233,429,set,0.299,108.6303322828,108.5425246274,108.45998748369999,108.7823943092,108.59496880676666,0.7987241148948669,99.41654472995022,5.752604312926341,0.20127592980861664,103.07067837145948,9.46956088763796,88.1416474593048,89.95435266141664,99.41654472995022,108.87873679848379,110.69144200059563,112.79910354352458,84.51068008227993,87.49463679979037,103.07067837145948,118.64671994312857,121.63067666063903,125.10017121051635,100.1520383205558,6.828386230511313,44.480675535808295,2.146631372423513,87.45633102540114,89.55597301631116,99.89437053847263,111.65768775295186,114.74159952188974,118.8141848976274,2,8.442930486210855,0.8701208233833313,109.36748998226736,5.688100431044262,0.1298791468143463,103.72649453966119,11.517498242895096,98.21901799697385,100.01139735779996,109.36748998226736,118.72358260673474,120.51596196756087,122.59999032735797,81.15261279158344,84.78189578142798,103.72649453966119,122.6710932978944,126.30037628773893,130.52020209128932,108.63483904759286,6.998398514299259,45.38114048683069,3.5960895651660483,93.10632176933225,97.08001414192026,108.99215486143261,119.08122213201288,121.16576362310428,123.8421964560184,2,-0.03987024082620394,0.9644032716751099,106.3089266830514,4.802885893387574,0.03559677675366402,71.4117261064731,36.6946524812676,96.89544331015627,98.40888240147878,106.3089266830514,114.20897096462402,115.72241005594653,117.48211007039433,-0.5084711820247492,11.054393882936218,71.4117261064731,131.76905833000995,143.33192339497094,156.77625289493744,105.06670397321007,10.582256828690738,70.17754944001649,41.80714475418325,89.95513978062976,96.80724855477648,106.16305760950165,114.33414440223245,116.00334763144492,118.20324023452102,2,3.528264833556591,0.8511988520622253,101.36965730184002,4.506442029410974,0.14880117774009705,98.50701928477051,7.925379949790479,92.53719322577692,93.95721978511682,101.36965730184002,108.78209481856321,110.20212137790313,111.85320913644853,82.9735600193853,85.47092932938915,98.50701928477051,111.54310924015185,114.04047855015571,116.94421008193149,100.94369641450771,5.260251112825476,26.632610212408288,1.0379352322093556,89.85848634253198,92.23146526221561,101.11489879799696,109.11036174395862,110.75160417507823,112.81616783049542,2,7.651272392258946,0.9707753658294678,104.95925449756407,3.6110678796158044,0.02922460250556469,116.69646269745402,17.315383965684074,97.88169150778768,99.01957639861006,104.95925449756407,110.8989325965181,112.03681748734047,113.35985458232547,82.7589337462309,88.2151905794412,116.69646269745402,145.17773481546683,150.63399164867715,156.97806937422405,105.30226641819952,5.032857492184842,21.420921542440336,3.908381875076866,97.66275320763393,98.90890417118432,105.02733262181935,111.59964445085731,113.57121336459034,123.73586687950419,2,3.292702388567136
234,430,set,1.493,108.7823943092,115.77264521619999,117.5145991324,117.60118052760001,116.96280829206667,0.3739774227142334,52.288170199188315,8.076974688045784,0.6260226368904114,78.92658139607998,6.164566995072293,36.45759070657694,39.002729088760965,52.288170199188315,65.57361130961566,68.11874969179969,71.0780230934053,66.84425210545398,68.78677101564998,78.92658139607998,89.06639177650999,91.00891068670597,93.26750871944874,68.96442173585531,14.639625508276769,48.18740066423406,166.13151784349665,40.17528410126716,43.330142603467976,73.81724316319279,87.5938291928217,89.72356800234138,92.15004504883053,2,47.99838655621136,0.8059261441230774,87.65217823484731,11.427426486829068,0.1940738409757614,116.85339986965732,19.90643772806779,65.25483388468325,68.8557343312652,87.65217823484731,106.44862213842943,110.04952258501136,114.2363475482401,77.83749886215512,84.11022357296139,116.85339986965732,149.59657616635326,155.86930087715953,163.1626989580742,93.31937017258016,17.762873204997195,182.14764851069452,133.37188621928001,66.11218447552956,69.86978001703294,90.49060912229125,129.8342755968677,139.38872546326985,149.3054986149898,2,23.643438119486504,0.0037588479463011026,61.86433586215198,50.325647031763424,0.9962412118911743,59.941864946193284,3.9612880988653614,-36.77211981877942,-20.91398718672371,61.86433586215198,144.64265891102764,160.50079154308338,178.93929784422457,52.17788294003003,53.42612584937489,59.941864946193284,66.45760404301167,67.70584695235654,69.15719909345201,59.94909480881743,5.016609464459884,25.152745482336222,0.013840086113808788,52.07145010915157,53.368289159687734,59.94242817063879,66.51938361351462,67.81999971232577,69.41852667929012,2,57.01371348324924,0.9960572719573975,22.842664583523124,4.80548156210631,0.0039427918381989,108.5852529267664,24.573224090866887,13.424093793423475,14.93835080684413,22.842664583523124,30.746978360202114,32.26123537362277,34.021886399271594,60.42261872463528,68.16589615501269,108.5852529267664,149.00460969852008,156.7478871288975,165.75112054888376,23.180731218290322,7.365778614990636,25.38243359426565,28.87229529111547,13.431734547248416,14.947263217881202,22.866493677878207,30.927907654042684,32.601160230723266,34.89052618600124,2,93.78207707377635,0.4255944490432739,38.47973884818886,5.695238438611027,0.5744055509567261,111.45360656011381,8.38851094420746,27.317276625143112,29.111905246086067,38.47973884818886,47.84757245029165,49.6422010712346,51.7288446820073,95.0124272255471,97.65573390881204,111.45360656011381,125.25147921141557,127.89478589468052,130.96820116153916,80.39633353670035,36.8244329036346,54.22373322142269,1301.8151254528639,29.564191700484052,31.715672213933107,101.98638024627371,122.85503789006155,125.80796825589734,129.15728201406665,2,36.566474755366315
235,432,set,0.893,122.8244564618,108.5860392883,106.4018480724,108.4619990913,107.81662881733332,0.6837976574897766,79.83396934665802,6.550169848910101,0.3162023425102234,95.70892813393522,8.061923000739624,66.99587235017405,69.05989871353006,79.83396934665802,90.60803997978599,92.67206634314199,95.07194304927646,79.90784940635046,82.44824484596515,95.70892813393522,108.96961142190528,111.51000686151995,114.4637655673868,84.85366850244833,10.216640036904861,49.88959603562834,54.49013760805931,68.08397620065585,70.29925897885408,83.31581404369395,103.79766300920258,107.0894181195464,110.68368088267488,2,22.962960314884995,0.901813805103302,109.13952181943797,8.33275372670692,0.0981861799955368,117.42187704454393,17.475693455695847,92.80762462305049,95.4333616295707,109.13952181943797,122.84568200930525,125.47141901582546,128.5244057364685,83.17014726651774,88.6769192804505,117.42187704454393,146.16683480863736,151.67360682257012,158.0764193625914,109.95273301405159,9.933653691894946,92.60329316686341,6.074002354504441,91.99074101963174,94.9776049382083,109.53560079208063,126.00194624187412,131.12884169530903,139.74391356793578,2,-2.1361041967182643,0.35404542088508606,98.43110631378674,14.406946772692113,0.6459546089172363,59.571246698021184,14.047232873123145,70.19400951212464,74.7337876614273,98.43110631378674,122.12842496614617,126.66820311544885,131.9466763098586,32.03917618425271,36.465604758032626,59.571246698021184,82.67688863800974,87.10331721178966,92.24999702856783,73.32940382658177,23.37309421668005,200.94854099925476,345.3531525156411,34.764068006300676,39.58437736199477,69.56883003047814,113.92257016348198,119.62915009319941,125.90906288470458,2,34.48722499075156,0.9863683581352234,65.44285335265454,4.287846083542315,0.013631719164550304,110.26190317128106,14.866103017092675,57.038829457660476,58.38997417033029,65.44285335265454,72.49573253497879,73.84687724764859,75.41787497331755,81.12487666731718,85.80933970498194,110.26190317128106,134.7144666375802,139.39892967524494,144.84563032036675,66.0538191117218,6.9395021052857295,21.147621618754144,27.009405117695888,57.06367954772831,58.418377881354495,65.51693311074621,73.10596627784403,75.16972539805293,100.98985378935633,2,41.76280970561153,0.9060893654823303,83.94865296762195,4.021583421906524,0.09391064196825027,118.20256666336802,12.813441290768994,76.06649429986182,77.3337368900111,83.94865296762195,90.56356904523281,91.83081163538209,93.30425501145209,93.08868321544236,97.12633128251687,118.20256666336802,139.27880204421916,143.31645011129368,148.0110885692956,87.1654606181807,11.397950744904247,30.072954937610987,99.84038285380305,76.23394388528735,77.52515686233316,84.46807449080406,117.1600977766243,126.20219402492312,134.16101416663446,2,20.65116819915262
236,438,set,0.299,79.5835551724934,80.5980374377884,80.4745422809221,80.39496438101101,80.48918136657385,0.5697821974754333,86.90145001201789,7.864204098808598,0.4302178621292114,96.14746230975967,8.95538727761604,71.48789321128076,73.96598537700592,86.90145001201789,99.83691464702984,102.31500681275502,105.19632449830453,78.59522577802403,81.41716106541786,96.14746230975967,110.87776355410149,113.69969884149532,116.98080846425414,90.87925483570282,9.523497838878068,69.74160800254052,20.955895361659152,73.13653620198787,75.8005157632294,90.52334082283346,107.15146610693516,110.36243098670096,114.037801930211,2,-10.390073469128978,0.5467523336410522,85.69077619577595,6.692365342165083,0.45324763655662537,94.4034881493516,8.583047701524325,72.57398115374832,74.68281478983138,85.69077619577595,96.69873760172052,98.80757123780359,101.2595460818263,77.58102377677463,80.28563100720181,94.4034881493516,108.52134529150139,111.22595252192858,114.37064292258384,89.63978974294864,8.757289951574235,57.8779766682816,18.81191115730099,73.87763430834977,76.17326472846258,89.06779732086581,105.02356394620132,108.14568330810023,111.69033302611457,2,-9.150608376374791,0.9521061182022095,83.99467097297347,5.133038932970417,0.04789391905069351,75.41497995858408,34.01361944430276,73.93409953310953,75.55157326679395,83.99467097297347,92.43776867915297,94.05524241283739,95.93590518205806,8.749510863899374,19.467554649875545,75.41497995858408,131.36240526729262,142.08044905326878,154.54249124127202,83.58375907509567,9.15709145548457,80.49591137088869,3.3566728111185853,70.40325609643068,74.19137746169818,83.93068705347065,93.14246135200656,95.52961596596512,103.2024406439449,2,-3.0945777085218253,0.3109809458255768,97.24645756892875,9.33317349214579,0.6890190243721008,90.6315565420927,6.199272300475377,78.95377366285908,81.89475329940541,97.24645756892875,112.59816183845209,115.53914147499842,118.95866588043643,78.48120610280418,80.43466101419597,90.6315565420927,100.82845206998941,102.7819069813812,105.05322047890385,92.68866201892988,7.9337740722162895,53.568642175080186,9.37587281653392,78.58560999693134,80.73585871471403,92.11079692065319,106.87744995479758,110.43362509290246,114.5295685145934,2,-12.19948065235603,0.8201482892036438,83.63840233435597,5.3384259828112155,0.1798517405986786,106.65115506919403,13.597245321288725,73.17527967391315,74.85747299431696,83.63840233435597,92.41933167439498,94.1015249947988,96.05743827019323,80.00104395051237,84.28567678592333,106.65115506919403,129.01663335246474,133.30126618787568,138.28307781518583,87.77728846230222,11.607827437928263,56.62513898940169,78.11674846181077,73.50700257125195,75.2776735528897,84.95663288572888,114.65684997553316,121.40155735449987,128.30899255884273,2,-7.288107095728378
