sample_idx,row_idx,state,voltage,g_before,g_after_1s,g_after_5s,g_after_10s,y_measured_uS,shuffle_run1_pi_1,shuffle_run1_mu_1,shuffle_run1_sigma_1,shuffle_run1_pi_2,shuffle_run1_mu_2,shuffle_run1_sigma_2,shuffle_run1_comp1_q025_uS,shuffle_run1_comp1_q05_uS,shuffle_run1_comp1_q50_uS,shuffle_run1_comp1_q95_uS,shuffle_run1_comp1_q975_uS,shuffle_run1_comp1_q99_uS,shuffle_run1_comp2_q025_uS,shuffle_run1_comp2_q05_uS,shuffle_run1_comp2_q50_uS,shuffle_run1_comp2_q95_uS,shuffle_run1_comp2_q975_uS,shuffle_run1_comp2_q99_uS,shuffle_run1_mixture_mean_uS,shuffle_run1_mixture_std_uS,shuffle_run1_within_var_uS2,shuffle_run1_between_var_uS2,shuffle_run1_mixture_q025_uS,shuffle_run1_mixture_q05_uS,shuffle_run1_mixture_q50_uS,shuffle_run1_mixture_q95_uS,shuffle_run1_mixture_q975_uS,shuffle_run1_mixture_q99_uS,shuffle_run1_n_components,shuffle_run1_residual_uS,shuffle_run2_pi_1,shuffle_run2_mu_1,shuffle_run2_sigma_1,shuffle_run2_pi_2,shuffle_run2_mu_2,shuffle_run2_sigma_2,shuffle_run2_comp1_q025_uS,shuffle_run2_comp1_q05_uS,shuffle_run2_comp1_q50_uS,shuffle_run2_comp1_q95_uS,shuffle_run2_comp1_q975_uS,shuffle_run2_comp1_q99_uS,shuffle_run2_comp2_q025_uS,shuffle_run2_comp2_q05_uS,shuffle_run2_comp2_q50_uS,shuffle_run2_comp2_q95_uS,shuffle_run2_comp2_q975_uS,shuffle_run2_comp2_q99_uS,shuffle_run2_mixture_mean_uS,shuffle_run2_mixture_std_uS,shuffle_run2_within_var_uS2,shuffle_run2_between_var_uS2,shuffle_run2_mixture_q025_uS,shuffle_run2_mixture_q05_uS,shuffle_run2_mixture_q50_uS,shuffle_run2_mixture_q95_uS,shuffle_run2_mixture_q975_uS,shuffle_run2_mixture_q99_uS,shuffle_run2_n_components,shuffle_run2_residual_uS,shuffle_run3_pi_1,shuffle_run3_mu_1,shuffle_run3_sigma_1,shuffle_run3_pi_2,shuffle_run3_mu_2,shuffle_run3_sigma_2,shuffle_run3_comp1_q025_uS,shuffle_run3_comp1_q05_uS,shuffle_run3_comp1_q50_uS,shuffle_run3_comp1_q95_uS,shuffle_run3_comp1_q975_uS,shuffle_run3_comp1_q99_uS,shuffle_run3_comp2_q025_uS,shuffle_run3_comp2_q05_uS,shuffle_run3_comp2_q50_uS,shuffle_run3_comp2_q95_uS,shuffle_run3_comp2_q975_uS,shuffle_run3_comp2_q99_uS,shuffle_run3_mixture_mean_uS,shuffle_run3_mixture_std_uS,shuffle_run3_within_var_uS2,shuffle_run3_between_var_uS2,shuffle_run3_mixture_q025_uS,shuffle_run3_mixture_q05_uS,shuffle_run3_mixture_q50_uS,shuffle_run3_mixture_q95_uS,shuffle_run3_mixture_q975_uS,shuffle_run3_mixture_q99_uS,shuffle_run3_n_components,shuffle_run3_residual_uS,shuffle_run4_pi_1,shuffle_run4_mu_1,shuffle_run4_sigma_1,shuffle_run4_pi_2,shuffle_run4_mu_2,shuffle_run4_sigma_2,shuffle_run4_comp1_q025_uS,shuffle_run4_comp1_q05_uS,shuffle_run4_comp1_q50_uS,shuffle_run4_comp1_q95_uS,shuffle_run4_comp1_q975_uS,shuffle_run4_comp1_q99_uS,shuffle_run4_comp2_q025_uS,shuffle_run4_comp2_q05_uS,shuffle_run4_comp2_q50_uS,shuffle_run4_comp2_q95_uS,shuffle_run4_comp2_q975_uS,shuffle_run4_comp2_q99_uS,shuffle_run4_mixture_mean_uS,shuffle_run4_mixture_std_uS,shuffle_run4_within_var_uS2,shuffle_run4_between_var_uS2,shuffle_run4_mixture_q025_uS,shuffle_run4_mixture_q05_uS,shuffle_run4_mixture_q50_uS,shuffle_run4_mixture_q95_uS,shuffle_run4_mixture_q975_uS,shuffle_run4_mixture_q99_uS,shuffle_run4_n_components,shuffle_run4_residual_uS,shuffle_run5_pi_1,shuffle_run5_mu_1,shuffle_run5_sigma_1,shuffle_run5_pi_2,shuffle_run5_mu_2,shuffle_run5_sigma_2,shuffle_run5_comp1_q025_uS,shuffle_run5_comp1_q05_uS,shuffle_run5_comp1_q50_uS,shuffle_run5_comp1_q95_uS,shuffle_run5_comp1_q975_uS,shuffle_run5_comp1_q99_uS,shuffle_run5_comp2_q025_uS,shuffle_run5_comp2_q05_uS,shuffle_run5_comp2_q50_uS,shuffle_run5_comp2_q95_uS,shuffle_run5_comp2_q975_uS,shuffle_run5_comp2_q99_uS,shuffle_run5_mixture_mean_uS,shuffle_run5_mixture_std_uS,shuffle_run5_within_var_uS2,shuffle_run5_between_var_uS2,shuffle_run5_mixture_q025_uS,shuffle_run5_mixture_q05_uS,shuffle_run5_mixture_q50_uS,shuffle_run5_mixture_q95_uS,shuffle_run5_mixture_q975_uS,shuffle_run5_mixture_q99_uS,shuffle_run5_n_components,shuffle_run5_residual_uS
0,3,set,0.299,81.18293274968221,81.4289809000182,81.4695808878881,81.4195001331209,81.43935397367574,0.2686997652053833,77.50836948393558,20.936498214210967,0.7313002943992615,72.12930537069724,12.591679876476697,36.47358702169492,43.070894460627635,77.50836948393558,111.94584450724352,118.54315194617624,126.21394759442512,47.45006630794515,51.41783505646267,72.12930537069724,92.8407756849318,96.80854443344933,101.42193308194163,73.57466293419071,15.473017565505044,233.7289932953985,5.685601940741606,44.28558251414599,49.38676606368584,73.09775355869999,99.5598398291077,106.35752105187575,115.08662046685671,2,7.864691039485024,0.9624990820884705,82.24560097903881,7.99462558205618,0.03750094398856163,106.33230712605997,17.14428125485024,66.57642276832613,69.09561209427467,82.24560097903881,95.39558986380294,97.9147791897515,100.84388120560773,72.73013332572833,78.1324739225434,106.33230712605997,134.53214032957652,139.93448092639161,146.21586937523907,83.14887734184838,9.668533284878972,72.53971980103033,20.94099636949309,66.65382906348552,69.19965146329217,82.57137027274123,97.89874211284733,103.49437877546897,117.02136218636142,2,-1.7095233681726398,0.9775468111038208,82.08027956523424,7.480439153185093,0.02245313860476017,90.22228435517576,13.771392444673324,67.41888823644815,69.77605209292793,82.08027956523424,94.38450703754053,96.74167089402032,99.48238328613824,63.23085114664903,67.57035954438274,90.22228435517576,112.87420916596878,117.21371756370249,122.25933389142364,82.26308899936969,7.772657958465649,58.958823308521254,1.4550480978934364,67.34947237245042,69.74508230101436,82.17524835006162,94.944296723912,97.63463602718764,101.18034553455573,2,-0.8237350256939493,0.7726025581359863,76.5352284973513,12.878784572587065,0.22739741206169128,58.77691699156574,19.235557581227386,51.29327457043057,55.351512982404785,76.5352284973513,97.7189440122978,101.77718242427201,106.4957616080192,21.075916909813664,27.137240337649974,58.77691699156574,90.4165936454815,96.47791707331781,103.52551547664424,72.49703213742275,16.361218254836576,212.2848096767077,55.404496470057595,34.959672249981246,42.89993044827997,73.82640781189963,96.81634641450978,101.09415974470897,106.07991090135967,2,8.942321836252987,0.5338812470436096,71.07671110294574,15.387194634374277,0.4661187529563904,76.90237049339814,11.00764256118574,40.91836379646418,45.76702819998697,71.07671110294574,96.38639400590449,101.23505840942728,106.87267862807496,55.32778751878384,58.79640970244637,76.90237049339814,95.0083312843499,98.47695346801243,102.50997636381406,73.7921601931721,13.832179296403208,182.88356635768403,8.445617730161457,45.01841691678454,50.162951062577264,74.27543952605981,95.65898384269877,99.86394072857192,104.90846531979383,2,7.647193780503642
1,4,set,1.153,81.4195001331209,97.64223299975491,97.3585647789815,97.4375863540609,97.4794613775991,0.011415362358093262,41.83922402367021,28.965184652932496,0.9885846376419067,109.15496739709536,9.751819784937009,-14.931494701629802,-5.804265008024942,41.83922402367021,89.48271305536534,98.60994274897021,109.22231976222011,90.04175183489369,93.11465125446459,109.15496739709536,125.19528353972612,128.26818295929704,131.84109262181298,108.3865337940833,12.438926110460464,103.589693763856,51.13718901763842,87.83259789143857,92.02684922373565,109.01670800228771,125.14338349576862,128.2231892474637,131.8033953683978,2,-10.907072416484212,0.00014521491539198905,71.79984929061006,13.307867305287653,0.9998548030853271,108.83071001955378,10.374134549260527,45.71690866120815,49.91035548651874,71.79984929061006,93.68934309470137,97.88278992001196,102.7585781042836,88.49777993223047,91.76677717972001,108.83071001955378,125.89464285938753,129.16364010687707,132.96455587323965,108.82533454527717,10.384201823772818,107.63275863141342,0.19910206711000542,88.47523654507717,91.75381001207798,108.82883161168142,125.89392176838645,129.1630091846911,132.96404170557227,2,-11.345873167678079,9.128631791099906e-05,62.78328307583791,11.02975642520165,0.9999086856842041,109.38260374722276,8.990080228551124,41.16535772419341,44.64094821545366,62.78328307583791,80.92561793622215,84.4012084274824,88.44233348679407,91.76237028113694,94.59523767670572,109.38260374722276,124.1699698177398,127.00283721330858,130.29665777436927,109.37834680433996,9.001322826928542,80.82526783702446,0.19820984142572098,91.74865995369912,94.58763010201521,109.38157542556199,124.1696312355601,127.00255952060533,130.2964175519292,2,-11.898885426740861,0.008345468901097775,46.424614648047886,18.32709166173599,0.9916545152664185,113.69566655313702,9.099003738300373,10.504175049681002,16.279231456769345,46.424614648047886,76.56999783932642,82.34505424641476,89.05980537267902,95.86194693087296,98.72913725254864,113.69566655313702,128.6621958537254,131.52938617540107,134.86311455562176,113.13425628143416,11.061445997193136,84.90402594597654,37.45135895718358,94.36871882655109,97.97568044468825,113.59971600588561,128.62531392999972,131.49688812054927,134.83457596384926,2,-15.654794903835068,0.00340354535728693,44.368928719483506,15.834287062577278,0.9965963959693909,108.48127969570146,8.897663601704668,13.33429635596351,18.323844214412485,44.368928719483506,70.41401322455451,75.4035610830035,81.20498876446254,91.04217948980737,93.84592544904343,108.48127969570146,123.11663394235948,125.92037990159555,129.18034049945769,108.26306403623452,9.679633030854593,79.75231233147078,13.94229557692496,90.50525793265597,93.55874869623979,108.44319747798887,123.10197221191042,125.90750056698731,129.1690877074,2,-10.78360265863543
2,5,set,0.647,97.4375863540609,107.96630458,107.65354247970001,108.01992881269999,107.87992529080002,0.04891158640384674,64.95042370762746,36.80019603435144,0.9510883688926697,110.77149125758669,9.744566993493583,-7.176635143715089,4.419487787999294,64.95042370762746,125.48135962725561,137.07748255897002,150.5604815164271,91.6724909054015,94.74310489526715,110.77149125758669,126.79987761990621,129.87049160977188,133.44074396634903,108.53030520112883,15.944333828602858,156.55083686645526,97.67041781687033,65.97305836178556,89.40413448502794,110.28013692478375,126.78312464084281,129.98868381072572,133.84766573972297,2,-0.6503799103288088,0.049682438373565674,90.72439081687213,10.070777559665085,0.9503175616264343,110.63923840311068,12.739619715651978,70.98602950361439,74.15943582163551,90.72439081687213,107.28934581210873,110.46275213012987,114.15252278273721,85.67004258369639,89.68442870783804,110.63923840311068,131.59404809838333,135.60843422252498,140.27602564470644,109.64982021518844,13.341609324906354,159.27337531749905,18.72516406093259,82.93431643795668,87.2945102393627,109.85201448651877,131.27786983274956,135.3296840294271,140.03166308878195,2,-1.7698949243884243,0.010290214791893959,87.0432550292812,11.874181412396531,0.9897097945213318,105.36446908335768,9.841286248320895,63.77028711508904,67.511964666021,87.0432550292812,106.57454539254138,110.31622294347335,114.66673171398514,86.07590247509941,89.1769937039394,105.36446908335768,121.55194446277595,124.65303569161594,128.25872442496635,105.17594083677605,10.036115696446284,97.3051802254275,3.4185410697318885,85.2876668628202,88.65459978513202,105.25227482066951,121.50440889573288,124.61085853125188,128.22156238773798,2,2.703984454023967,0.0948866456747055,72.51685728583824,22.37486293939312,0.9051133990287781,102.52326454586404,11.612641235822053,28.662931765607702,35.71348282743537,72.51685728583824,109.3202317442411,116.37078280606877,124.56857211685062,79.7629059582681,83.4221694906359,102.52326454586404,121.62435960109217,125.28362313345997,129.53830779681766,99.67606179535814,15.71268943543117,169.56117986867625,77.32787356892874,58.314781184699385,71.83017276137424,101.29782051330231,121.22013469963521,124.96999166604874,129.33921619939704,2,8.20386349544188,0.02096783183515072,68.03051464101426,24.913978756884063,0.9790321588516235,108.34833189898285,8.757515134210825,19.200013565925502,27.050666320961568,68.03051464101426,109.01036296106695,116.86101571610301,125.98909615599018,91.18391764186516,93.94350136739376,108.34833189898285,122.75316243057193,125.51274615610052,128.7213586133347,107.50295367768496,11.021344621953174,88.10082832502749,33.36910131895068,87.54403789209414,92.27106267890518,108.13849201560772,122.68832162680056,125.46694871079164,128.70360012003488,2,0.3769716131150602
3,6,set,0.385,108.01992881269999,99.9033934185642,99.8463364881448,99.90838401186109,99.8860379728567,0.24874725937843323,86.50007347176508,24.593519505983757,0.7512527108192444,105.30144584051834,12.285011219809798,38.2976609869536,46.0473337128459,86.50007347176508,126.95281323068423,134.70248595657654,143.71315528969234,81.22326630002065,85.09440057847465,105.30144584051834,125.50849110256202,129.379625381016,133.88065557429073,100.62465285300992,18.16289577788654,263.8327777797315,66.05770350055937,55.04356746678835,65.72101725461026,102.77601668142485,125.72353534800094,130.31114620317783,136.1070824406739,2,-0.7386148801532215,0.8630397319793701,103.53713182071935,7.536440806519399,0.13696028292179108,120.63267089581566,18.299293972032057,88.76597926832333,91.14078982581084,103.53713182071935,115.93347381562786,118.30828437311537,121.0695148688004,84.76671376812192,90.5330108352675,120.63267089581566,150.7323309563638,156.4986280235094,163.2031945241008,105.87854323196856,11.376610469629746,94.88196901744608,34.54546380622037,88.45998106898985,91.10231546519947,104.47309662175216,127.20433372066036,137.20895874351717,147.2345093290593,2,-5.992505259111866,0.9180036187171936,102.86933776411364,5.395750077411345,0.08199634402990341,109.76796525787219,14.691117764922204,92.29386194280819,93.9941186791599,102.86933776411364,111.74455684906738,113.44481358541908,115.42172948555522,80.9739035459881,85.60322691826869,109.76796525787219,133.9327035974757,138.5620269697563,143.9446158375826,103.43499616524456,6.92869168306448,44.42405061685635,3.582319260808577,91.5145197345363,93.56962591009892,103.08140510092728,113.96727924304142,118.28756218548992,126.89046908424602,2,-3.5489581923878575,0.6807076930999756,92.46193085034764,14.088771230440575,0.319292277097702,78.77630162876159,19.690454745385722,64.84844665226005,69.2879643926679,92.46193085034764,115.63589730802738,120.07541504843523,125.23731385013083,40.183719488589766,46.38838572449004,78.77630162876159,111.16421753303311,117.3688837689334,124.58314916458704,88.09221237709231,17.309484341960385,258.9101238179704,40.70789309349018,50.46387419121062,57.69035769036329,89.11413946352876,114.67491275067422,119.46735391889294,125.07820903159912,2,11.793825595764389,0.17700836062431335,88.4086401275714,17.118083268731677,0.8229916095733643,104.28381251327909,9.91112059335138,54.857813436499626,60.251898776540784,88.4086401275714,116.565381478602,121.95946681864316,128.23125674743943,84.85837310387713,87.98146985815163,104.28381251327909,120.58615516840653,123.70925192268105,127.34052683498447,101.4737711667568,13.016339666987765,132.71126514336368,36.713526310722415,69.91680303058388,77.68652776844331,102.68533213982369,120.21679257391851,123.53334603949989,127.44515953930414,2,-1.5877331939001067
4,7,set,0.17,99.90838401186109,99.8454392600255,99.92315909065931,99.9344430053885,99.90101378535776,0.6253860592842102,98.38458145860115,14.767939620559277,0.3746139109134674,76.30143789909472,15.356083941171498,69.43995167644285,74.09348241112386,98.38458145860115,122.67568050607842,127.32921124075943,132.73994639885274,46.20406643082469,51.042927532687514,76.30143789909472,101.55994826550192,106.39880936736475,112.02503112923173,90.11192575242188,18.411377082470764,224.72917120537596,114.24939286795302,53.04461359708963,58.808723843826705,90.80234414845995,119.29295382001015,124.33376928130295,130.10769951220757,2,9.78908803293588,0.9975407123565674,100.26280987623588,6.499059759957544,0.0024593172129243612,119.58490647665022,23.994276155900806,87.52488681334556,89.57280785829535,100.26280987623588,110.9528118941764,113.0007329391262,115.38188373207748,72.55698937597646,80.11783431554153,119.58490647665022,159.05197863775888,166.61282357732398,175.4039398010789,100.3103320057154,6.668238771799096,43.5497940298579,0.9159118209041592,87.5065512526889,89.5639619216179,100.27443827212778,111.04567169030899,113.16384792925206,115.7368938560326,2,-0.4093182203576333,0.9998461008071899,101.45310694935824,3.4929447600816355,0.00015382529818452895,100.20712361976553,20.41886914838424,94.60706101961034,95.70772409199682,101.45310694935824,107.19848980671966,108.29915287910615,109.57891156611625,60.186875483896365,66.62107264279817,100.20712361976553,133.79317459673285,140.2273717556347,147.7085164534273,101.45290778876169,3.501987890841767,12.262919839777517,0.00023877316757155834,94.6033389654132,95.70572490222413,101.45307505078239,107.20033502114975,108.30216899776633,109.58534525821034,2,-1.5518940034039304,0.9680297374725342,97.47904498794777,8.649104812579187,0.03197025880217552,45.4165701873291,30.075301428387686,80.52711105678051,83.25253356709345,97.47904498794777,111.70555640880208,114.43097891911503,117.59987158104778,-13.529937436496823,-4.052898448813195,45.4165701873291,94.88603882347138,104.36307781115501,115.38218372639625,95.81459383155251,13.60949440574687,101.33327275292275,83.88503102734343,67.88934757519672,80.1752043473338,97.15152993895755,111.60667256592052,114.36306149064566,117.58117490594508,2,4.0864199538052475,0.8112642168998718,93.24174157789585,10.909735890622757,0.18873584270477295,81.02032826470293,11.801563957327179,71.85905215143123,75.29682292912236,93.24174157789585,111.18666022666935,114.62443100436047,118.62158247339316,57.88968794709565,61.608482985793536,81.02032826470293,100.43217354361231,104.15096858231018,108.47487148718803,90.93512839482793,12.071216463789922,122.84510850992987,22.86965128832504,66.17888358073427,70.4707131142273,91.27451929491188,110.19744461683239,113.73386858465675,117.8263503463685,2,8.965885390529834
5,8,set,0.952,99.9344430053885,109.2884827971,109.3069990911,109.34250819030001,109.3126633595,0.019761867821216583,53.91396042157105,38.99338296775085,0.9802380800247192,113.13549499421677,9.14492405162114,-22.511665830598204,-10.22444698004172,53.91396042157105,118.05236782318379,130.33958667374026,144.62613399025855,95.21177321168523,98.09343349971198,113.13549499421677,128.17755648872156,131.05921677674831,134.40976961997058,111.96516095534668,13.415072493107246,112.02455589535046,67.9389602863372,91.40013518247773,96.40022150600986,112.93447777194524,128.13968014211065,131.05624769783856,134.47603454702565,2,-2.6524975958466825,0.0007736174156889319,86.64678246131453,12.36510464969664,0.9992263317108154,109.20539614821497,10.728784290282974,62.411622682840346,66.30799523062649,86.64678246131453,106.98556969200256,110.88194223978871,115.41231737542883,88.17736534136122,91.55811639556305,109.20539614821497,126.8526759008669,130.23342695506872,134.16428067295755,109.18793885613275,10.748489645140921,115.13604072056155,0.3933824170203862,88.10264465084214,91.50936799320647,109.19569643151887,126.84871906470325,130.2299373965166,134.16127327708054,2,0.12472450336724705,0.00016554239846300334,79.5557521891283,13.351938671314892,0.999834418296814,107.66454615223303,8.997562885505562,53.386433269563526,57.593767438782365,79.5557521891283,101.51773693947422,105.72507110869307,110.61700633146539,90.02964694800784,92.86487220628524,107.66454615223303,122.4642200981808,125.29944535645822,128.59600744247766,107.6598887233373,9.005746756861539,80.97224497305854,0.1307741083099721,90.01025350945079,92.85338465601448,107.66274540137337,122.46351548151071,125.29888737393685,128.59555616102324,2,1.6527746361626896,0.01725974678993225,58.90150343032124,23.957492328429122,0.9827402830123901,112.82984335879335,9.25910306208004,11.94568130670551,19.494935281242512,58.90150343032124,98.30807157939995,105.85732555393696,114.63496477591208,94.68233482797194,97.59997410481351,112.82984335879335,128.05971261277318,130.97735188961477,134.3697380827883,111.8990572294179,11.97860241856491,94.15772599670997,49.3295630721117,91.093293747079,95.97862628658663,112.63109381057559,127.9846712818992,130.9120826308838,134.31424847479616,2,-2.586393869917913,0.005204714369028807,56.52254573941511,24.27726198279639,0.9947952628135681,110.70373706178813,8.394567515526276,8.93998660989071,16.590003314561365,56.52254573941511,96.45508816426883,104.10510486893949,112.99990254062601,94.25068706556675,96.89590223718572,110.70373706178813,124.51157188639054,127.15678705800951,130.232421355025,110.42173691080968,9.400494567682873,73.1695752947307,15.199444610622766,93.50332957050479,96.49718741051753,110.65011017338767,124.49144936225916,127.13944019680848,130.21825984646654,2,-1.1090735513096917
6,9,set,1.378,109.34250819030001,113.4567924766,111.3007428434,111.2591723452,112.00556922173332,0.024450169876217842,44.38954712125044,24.338812482652365,0.9755498766899109,99.66163405214756,11.736645660449382,-3.3136487712221054,4.35576313346791,44.38954712125044,84.42333110903294,92.09274301372298,101.01009179694745,76.65823125835846,80.35656986931313,99.66163405214756,118.96669823498198,122.66503684593667,126.96515473270463,98.31022677813053,14.890708691378123,148.8646126287517,72.86904275974229,68.98389931029149,77.30475835208411,99.30177789686668,118.82872652449238,122.54393239570551,126.85992992311279,2,13.695342443602797,1.1262099178566132e-05,82.18805174278734,14.19270518853071,0.9999887943267822,110.99991877272876,9.922160820016966,54.37086073007238,58.843129137179616,82.18805174278734,105.53297434839504,110.00524275550228,115.20522128501416,91.55284091668109,94.67941656072806,110.99991877272876,127.32042098472947,130.44699662877642,134.08231650226656,110.99960055390181,9.922655608035399,98.45044070495058,0.00934882998495505,91.55139421293876,94.67854332777281,110.99978396502722,127.32042206328668,130.44699638033038,134.0823314829041,2,1.0059686678315103,2.239125569758471e-05,69.87443162184812,7.202440873307542,0.9999775886535645,110.66149526485728,9.980008747790022,55.757906909386115,58.02747062848467,69.87443162184812,81.72139261521156,83.99095633431011,86.62981463537197,91.10103755379416,94.24584167904743,110.66149526485728,127.07714885066711,130.2219529759204,133.87846739818758,110.660579768015,9.981833444436564,99.5995039728322,0.03724891320768172,91.09727476733525,94.24374612904683,110.6612154245045,127.0770565375694,130.2218841202721,133.87841943447455,2,1.344989453718327,0.013666820712387562,39.77582824549515,14.079567255008318,0.9863331913948059,100.38982393534462,11.986267577563298,12.18038350776937,16.617000980187523,39.77582824549515,62.93465551080276,67.37127298322092,72.52979959659879,76.8971711742604,80.67416823677878,100.38982393534462,120.10547963391045,123.88247669642885,128.27405203209366,99.56142453902903,13.926328543507102,144.41632316886322,49.526423545116884,73.18440590222644,78.9562634237829,100.18166115020706,120.02545261909587,123.81192444332227,128.21219885329555,2,12.444144682704291,0.005872911307960749,42.83584603948998,13.764949528228005,0.9941270351409912,102.23014058079085,10.808945209752991,15.857040715151477,20.19451888318018,42.83584603948998,65.47717319579976,69.81465136382847,74.85790711076268,81.04499725880824,84.45100784900889,102.23014058079085,120.00927331257279,123.41528390277345,127.37550729012365,101.88131768221973,11.741232848628075,117.25990173361365,20.596091222767203,79.86367342988575,83.8353896456849,102.1501112063719,119.97846339797407,123.38809855463589,127.35173377640612,2,10.124251539513594
7,11,set,0.17,111.2560530246,111.276344118,111.2705618262,111.3165891662,111.28783170346667,0.6813271045684814,105.56890505400142,14.293328815976773,0.3186728358268738,89.5392643813202,16.067882542434965,77.5544953554984,82.05847130983202,105.56890505400142,129.0793387981708,133.58331475250444,138.82016015801568,58.04679329032778,63.10994950396579,89.5392643813202,115.9685792586746,121.0317354723126,126.91874877425172,100.4606877111552,16.651069988547267,221.46856428486404,55.788965927711295,66.09813534947298,71.95663941886345,101.07782974398805,126.81050688857299,131.54144917420228,136.99847979875705,2,10.827143992311463,0.9978635907173157,110.08429227528381,6.08573885189004,0.002136449795216322,127.1149424549049,26.439994408841315,98.15646330626319,100.074142652073,110.08429227528381,120.09444189849464,122.01212124430444,124.24183791534595,75.29350566213552,83.6250217549456,127.1149424549049,170.60486315486418,178.93637924767427,188.6235672375646,110.12068186416587,6.250477991528321,38.450627872709305,0.6183385277039315,98.13141174483286,100.06075358309145,110.09213541058735,120.16531330131811,122.13752660722355,124.51478311758267,2,1.1671498393007909,0.9999152421951294,111.40428962656802,2.6206870019638466,8.480910037178546e-05,108.9081934067487,22.693384370578492,106.26783748796663,107.0936431062832,111.40428962656802,115.71493614685284,116.5407417651694,117.50091926211307,64.42997735309068,71.5808978169988,108.9081934067487,146.2354889964986,153.3864094604067,161.7008998920356,111.40408364943204,2.628875385885223,6.911094058292762,0.0005283580086389883,106.26558863033164,107.09268193263092,111.40426389580117,115.71614627371335,116.54275192949407,117.50463612170098,2,-0.1162519459653737,0.9756789803504944,107.00446862737493,8.08549663062655,0.02432101033627987,49.71867161579375,33.580352215978124,91.15718643422693,93.70501016878494,107.00446862737493,120.30392708596492,122.85175082052292,125.81414652459739,-16.097609315693177,-5.516092520965792,49.71867161579375,104.95343575255328,115.53495254728067,127.8382526029771,105.61121916957747,13.003188818039007,91.21060831587006,77.87220724450546,85.7154117712433,91.67102753744814,106.77438522136939,120.24151474337192,122.81703190519872,125.82772067369308,2,5.676612533889198,0.758192241191864,103.56056206571404,10.090322810238163,0.2418077439069748,91.90793625882218,11.676851226183357,83.78389276526426,86.96345799418262,103.56056206571404,120.15766613724546,123.33723136616382,127.0341630836974,69.02172840267042,72.70122516806173,91.90793625882218,111.11464734958261,114.79414411497393,119.07235428434501,100.74286536558469,11.621512466720405,110.16525959432394,24.894141186066577,76.40974093817523,80.74501246764207,101.22111571903577,119.02230005075135,122.31960681622854,126.130524391396,2,10.544966337881974
8,13,set,0.053,8.34815827106303,8.277138460799891,8.33265283335194,8.27763862147518,8.295809971875672,0.489227831363678,64.46611712233333,10.80810660156601,0.510772168636322,-51.39403212491784,16.050529032780855,43.28261744219435,46.68836377826932,64.46611712233333,82.24387046639734,85.64961680247231,89.6095329372932,-82.85249096198284,-77.79480301897735,-51.39403212491784,-24.993261230858348,-19.935573287852858,-14.054918032277307,5.287977432786917,59.523692531426654,188.7340930857601,3354.3358794900573,-77.96033027426967,-72.15804667944349,-18.783427663214237,78.18280756093066,82.12954861410849,86.56588614735595,2,3.0078325390887546,0.9998493194580078,6.993908536312105,8.921348436117068,0.00015066651394590735,63.04166560859758,16.564601865323823,-10.491613092010088,-7.680403796132904,6.993908536312105,21.66822086875711,24.479430164634294,27.748068504250625,30.575642534317886,35.79532015141256,63.04166560859758,90.2880110657826,95.50768868287727,101.5766919423266,7.002352958373801,8.949471032735557,79.61980597263423,0.47322510530218836,-10.491143480949264,-7.679815764276591,6.995592381293363,21.68063241457816,24.501694386115197,27.79751271148613,2,1.2934570135018708,0.9999969005584717,7.280657742736835,3.7123677615793356,3.1202623631543247e-06,21.546362604570326,29.37186218044624,0.004550632673757882,1.174356165525345,7.280657742736835,13.386959319948325,14.556764852799912,15.916916592544677,-36.02142942797842,-26.76605143325547,21.546362604570326,69.8587766423961,79.11415463711906,89.875531744672,7.280702407068172,3.7128099132132477,13.784323551680348,0.0006350036580917175,0.0039294145316709495,1.1742886741656906,7.280664806725122,13.387724814574879,14.557711123226522,15.918182179822054,2,1.0151075648074999,0.9756971597671509,10.346545125826836,5.49048139649661,0.024302799254655838,-44.79998177896145,18.12613307516002,-0.4146006690937014,1.3155068870898,10.346545125826836,19.37758336456387,21.107690920747373,23.11931485002751,-80.32654978525537,-74.61481751024347,-44.79998177896145,-14.985146047679454,-9.27341377266756,-2.6322906349815725,9.006329728885564,10.464685525020448,37.39761499655597,72.11202481711241,-6.405804812366189,-0.2761455207393169,10.175529662666296,19.312335770245593,21.0503030051417,23.06918510596496,2,-0.7105197570098927,0.9987897276878357,12.095361933615884,3.791863140209327,0.0012103504268452525,-21.59271702138409,19.110234102766512,4.663446744500648,5.8583020945389706,12.095361933615884,18.332421772692793,19.527277122731117,20.91655468849568,-59.048087598935574,-53.02625489721132,-21.59271702138409,9.84082085444312,15.862653556167388,22.864335456009556,12.054588497698441,4.021788458579881,14.802845748843263,1.3719480078098283,4.591978614018773,5.81872857281998,12.090051112366936,18.331193539764282,19.526771765505114,20.917321252579285,2,-3.7587785258227697
9,17,set,0.229,13.769162198803,10.4247262831743,10.423720050567601,10.6833201109441,10.510588814895334,0.18380334973335266,55.48757828071889,14.979665802613352,0.8161966800689697,-7.517912793592345,13.618191090865142,26.12797280715043,30.848220654769374,55.48757828071889,80.1269359066684,84.84718375428734,90.33549197447076,-34.209076866272255,-29.91784380192011,-7.517912793592345,14.88201821473541,19.173251279087566,24.162737098923696,4.062707293409653,28.07389305912234,192.6115651358561,595.5319068510864,-33.00600373418186,-28.548314535831146,-3.6221178147963435,64.57554759195905,71.94124944459004,79.508346675971,2,6.447881521485681,0.9946069121360779,15.17993791732222,9.519141094268594,0.005393075291067362,70.34589046243222,13.783440337590678,-3.4772357911994263,-0.47765583704828884,15.17993791732222,30.837531671692723,33.83711162584386,37.324771564668765,43.33084381769788,47.674148631276964,70.34589046243222,93.01763229358747,97.36093710716656,102.41096758875506,15.477451862046292,10.366971136227578,91.1499515046485,16.324136022880783,-3.4552223399466366,-0.45272498672541633,15.244625318986438,31.33267827449921,34.78129340881217,39.89879793174829,2,-4.966863047150959,0.9991195797920227,15.171192336484602,5.528409874027496,0.0008804312674328685,41.63330729147877,19.401561909428054,4.335708091615091,6.07776730391614,15.171192336484602,24.26461736905306,26.00667658135411,28.032196893754858,3.6069447051756143,9.720577816232495,41.63330729147877,73.54603676672504,79.65966987778192,86.76808959254848,15.19449057767851,5.611041845112954,30.86781964437873,0.615973496554494,4.33526401180921,6.078336612230783,15.176243812089279,24.301012063589877,26.07123913650719,28.172732002486594,2,-4.683901762783176,0.7984235882759094,17.208014592444613,8.217442775016647,0.20157639682292938,-1.3363160143276076,14.26983709532217,1.1021227083931038,3.6915240396923057,17.208014592444613,30.724505145196915,33.313906476496115,36.32464512215685,-29.304682786412727,-24.80810931657495,-1.3363160143276076,22.135477287919727,26.632050757757504,31.86028917528425,13.469914990818902,12.260035000196316,94.96129232677958,55.34716317561309,-17.822368671751395,-11.100252353896249,15.227777773908961,30.046360266311773,32.76320540726064,35.92148658773766,2,-2.959326175923568,0.9722479581832886,17.194340267394104,5.381233803105379,0.027752064168453217,13.05456932823607,15.577508576791988,6.647315820918054,8.342998328882354,17.194340267394104,26.045682205905848,27.741364713870148,29.71296208496501,-17.47678645114003,-12.568152153167908,13.05456932823607,38.67729080964004,43.58592510761216,49.293273288709074,17.079453462971344,5.945647608565258,34.88832442600327,0.4624075794102908,5.734313016455598,7.829319382003065,17.15437482964288,26.274140797497477,28.141208814524767,30.544659959984003,2,-6.56886464807601
10,19,set,0.494,10.6902959266338,12.5653176625393,12.7783736759369,12.7423710468864,12.695354128454198,0.029045412316918373,41.78497843592585,19.8229053911154,0.9709545969963074,44.72098378672902,11.413450742682539,2.9327978003947877,9.179200606633785,41.78497843592585,74.3907562652179,80.6371590714569,87.89995224985988,22.35103139174931,25.947527936595666,44.72098378672902,63.49443963686237,67.09093618170873,71.2726406574384,44.63570671724688,11.753280956727632,137.89652889735805,0.2431029055897159,21.545743833757715,25.416080683588238,44.67144262759579,63.77707948569451,67.52788486892854,72.01355335647312,2,-31.940352588792685,0.6807214617729187,15.933934213412698,10.297679542941902,0.3192785084247589,79.59314275463487,11.125737303896203,-4.24914681508832,-1.004241331979273,15.933934213412698,32.87210975880466,36.117015241913705,39.889919125689445,57.78709833754454,61.29293339781189,79.59314275463487,97.89335211145783,101.39918717172519,105.47547807869068,36.25895088908654,31.503561009373946,111.7061461809707,880.7681709089189,-2.499096850423396,0.9965486455440267,22.385712754162554,90.81366826506645,95.35376479824677,100.30631411753201,2,-23.563596760632343,0.7131586074829102,16.18820288856029,6.378859475894747,0.28684142231941223,67.37761573587947,13.173894468761208,3.6858680533645387,5.6959127438210455,16.18820288856029,26.680493033299534,28.690537723756037,31.02764906911331,41.55725704097607,45.70848763786165,67.37761573587947,89.04674383389728,93.19797443078286,98.02467712612051,30.87144735982696,24.795746324049293,78.80007329786498,536.0289908717311,4.634718249592498,6.779498634895534,19.55257309343497,79.72500079626467,85.27406178936616,91.27104270837359,2,-18.17609323137276,0.1531117707490921,19.198382632341705,11.319032147606444,0.8468881845474243,49.465164704258235,10.35217036511225,-2.986512716817991,0.5802315507709253,19.198382632341705,37.81653371391248,41.383277981501394,45.53038900512589,29.175283626815357,32.4373597323838,49.465164704258235,66.49296967613267,69.75504578170111,73.54791422484571,44.83096189508504,15.138104223810993,110.37558621248895,118.7865234327364,8.08546550253618,14.056852945126304,47.13173001007259,65.64476620210556,69.0092165107276,72.89558599529272,2,-32.13560776663084,0.3894519805908203,18.064215509583057,6.055369207674801,0.6105479598045349,55.209884706286175,12.498250237668914,6.195909949447602,8.104019505808894,18.064215509583057,28.024411513357215,29.93252106971851,32.1511107923897,30.713764370685926,34.65209247230935,55.209884706286175,75.76767694026299,79.70600504188641,84.2851625759177,40.743426976493154,20.922226345536778,109.65164177768284,328.0878145308802,8.84913519467554,11.187393103278287,43.82029131515707,72.61304894604267,76.95441786588358,81.8942339291471,2,-28.048072848038956
11,20,set,1.493,12.7423710468864,117.8008235455,117.8033353422,118.2841511775,117.96277002173333,0.003752041608095169,21.474869084935634,7.965244894109253,0.9962479472160339,115.02856042873097,12.382178846026324,5.863275964439939,8.37320713130333,21.474869084935634,34.576531038567936,37.086462205431324,40.004799610561356,90.75993584038564,94.66168864428276,115.02856042873097,135.39543221317916,139.2971850170763,143.8338158631778,114.67754180067382,13.627070304732511,152.981143175289,32.715754941642864,89.92902388798184,94.2192800677311,114.97011386739906,135.3729242362457,139.27729712510387,143.8164423328916,2,3.285228221059512,0.00011985430319327861,22.33477457879809,9.913408557042397,0.9998800754547119,126.25999777951269,11.277589534254572,2.9048508429638034,6.028668558295138,22.33477457879809,38.640880599301035,41.76469831463237,45.396811499971946,104.15632845994787,107.71001373082409,126.25999777951269,144.80998182820127,148.3636670990775,152.49559421683105,126.24753302553502,11.334725273672053,127.18055197853299,1.2943255016994846,104.13363880568136,107.69753741108207,126.25830447577415,144.80940052041936,148.36312750836527,152.49518802529894,2,-8.284763003801686,0.0026642491575330496,13.291769152763543,1.9032032385849667,0.9973357319831848,123.02401526398242,10.149494469340627,9.561559349877015,10.161278402951272,13.291769152763543,16.422259902575814,17.02197895565007,17.719281960713325,103.13137164278632,106.32958247436358,123.02401526398242,139.71844805360126,142.91665888517852,146.63527014532227,122.73165889958177,11.607881602370187,102.74743616903037,31.995195047112805,102.65784239646281,106.07456637487138,122.99003421144027,139.7053707381085,142.90508964046342,146.62513074463655,2,-4.76888887784844,0.006471250671893358,25.674041548707144,4.17443619511033,0.9935287833213806,110.99187080698852,10.597907956018261,17.49229695053048,18.807705032702412,25.674041548707144,32.540378064711874,33.85578614688381,35.3852323165212,90.22035290172222,93.55986346743401,110.99187080698852,128.42387814654302,131.7633887122548,135.6462914497521,110.43976152005345,12.589735737495298,111.70160159761997,46.800258956301576,88.92192242900833,92.88992285527536,110.9053549962443,128.39049769767615,131.7339826361832,135.6205192992748,2,7.523008501679882,0.0016250661574304104,24.478219684756134,1.8415946041375435,0.9983749389648438,116.19097962650602,8.97687833058284,20.86876058652325,21.449066120766233,24.478219684756134,27.507373248746035,28.087678782989016,28.762409376936592,98.5966214049656,101.42532874574475,116.19097962650602,130.95663050726728,133.78533784804642,137.0743214463807,116.0419409192822,9.700795097352685,80.45890144793202,13.646593048060291,98.34605725440164,101.28903443944333,116.17266637932757,130.94958735339995,133.7791345693523,137.06886861521647,2,1.9208291024511368
12,22,set,0.229,9.83705895546173,9.83506594411716,10.3692113229714,10.3502011251083,10.184826130732288,0.17666375637054443,54.44959918290019,14.606452416935499,0.8233362436294556,-11.20144880477504,13.708481461734724,25.821478503808578,30.424122948009725,54.44959918290019,78.47507541779063,83.0777198619918,88.42928871031678,-38.0695787525101,-33.74989425710643,-11.20144880477504,11.346996647556338,15.666681142960012,20.68924790005981,0.396711942390537,28.62391289881958,192.41431457536382,626.914075063846,-36.911318298717205,-32.43166302882862,-7.469381326257161,62.832019009444345,70.13038758145986,77.58528162514945,2,9.788114188341751,0.9950750470161438,11.008964071471532,9.569482309394196,0.00492494972422719,68.6247062955645,13.646580817902672,-7.746876605634281,-4.731433613183469,11.008964071471532,26.749361756126525,29.76480474857734,33.270908897602155,41.8778993803601,46.17807834175089,68.6247062955645,91.07133424937808,95.37151321076888,100.37140056921889,11.292718669364085,10.40717906009496,92.0411584310186,16.26821714217461,-7.7266592370031235,-4.708568074027757,11.068323353604585,27.20247822372827,30.625422782973736,35.56799702732922,2,-1.1078925386317966,0.9993139505386353,11.126008382253758,5.13107430807399,0.0006860364228487015,39.45521129616287,20.19919924192631,1.0692875364299574,2.686142196460736,11.126008382253758,19.565874568046777,21.182729228077555,23.06267219038726,-0.13449173456146468,6.230485161564943,39.45521129616287,72.67993743076079,79.04491432688721,86.4455755099455,11.145443102216333,5.209603396286909,26.589769405914453,0.5501965210334101,1.0689387433685456,2.6864403627582067,11.129713241602477,19.59302068687341,21.231166740553483,23.16842018468902,2,-0.9606169714840451,0.796493411064148,13.623716333504959,7.896509092393028,0.20350654423236847,-4.731440303412882,14.005180370075118,-1.853157091178451,0.6351147126270025,13.623716333504959,26.61231795438291,29.100589758188363,31.99374347293765,-32.181089425747466,-27.76791203124051,-4.731440303412882,18.30503142441474,22.718208818921696,27.849481276069888,9.888321228454409,12.008023211160946,89.5820386582143,54.61057841050849,-20.991319713221973,-14.402204117464255,11.685456204205616,25.95818765190799,28.573614012300702,31.61620860639057,2,0.2965049022778796,0.9760371446609497,14.19674432391328,4.891651670690745,0.023962855339050293,10.21080152300916,15.893657849360796,4.609283224444232,6.1506933315943755,14.19674432391328,22.24279531623218,23.784205423382325,25.57642778857302,-20.94019544434034,-15.931939236037692,10.21080152300916,36.353542282056,41.36179849035865,47.18497867160217,14.101229753185486,5.457075855727869,29.40808431281549,0.37159258235258447,3.844455957069852,5.726589599843944,14.167154808119484,22.448688833242716,24.14957185235659,26.361359162589764,2,-3.9164036224531973
13,27,set,1.378,10.675797177789,114.86365569200001,116.11212483439999,117.9338879135,116.3032228133,0.0030551098752766848,22.78638546800537,10.039768434943916,0.9969448447227478,117.5381412009115,11.316406067785856,3.1088009223932254,6.272435944034957,22.78638546800537,39.300334991975774,42.46397001361751,46.14237942249949,95.35839287362069,98.92430963625827,117.5381412009115,136.15197276556472,139.7178895282023,143.864038398488,117.24865883980829,12.462866010562646,127.97774566767127,27.34465937735113,94.74843703005541,98.59713337863197,117.49467810982969,136.13520589828912,139.7031042405492,143.85110503547708,2,-0.9454360265082897,0.00030369756859727204,21.926544122657617,9.91577937923157,0.9996963739395142,123.00245601733319,10.99918765330536,2.491973660718802,5.616538446677946,21.926544122657617,38.236549798637284,41.36111458459643,44.99409640099098,101.44444435765705,104.91040231227402,123.00245601733319,141.09450972239236,144.56046767700934,148.59039283077638,122.97176830432036,11.138936665891668,120.97525606446351,3.1017353319361485,101.38833875236975,104.87953617145003,122.99826715831117,141.0929626847863,144.55911257827427,148.5891714814627,2,-6.668545491020367,0.003204491687938571,15.133398169906371,2.360261405832305,0.9967954754829407,121.79750635431112,9.753015887450712,10.507370820375176,11.251113635969523,15.133398169906371,19.01568270384322,19.759425519437563,20.624187273545,102.68194647426077,105.75522279812249,121.79750635431112,137.83978991049975,140.91306623436148,144.48641412956863,121.45569810772778,11.453220133164113,94.83435199329296,36.34141514708959,102.12896613507654,105.4590675522459,121.75821019590413,137.82463481910335,140.8997265355651,144.47474565537124,2,-5.152475294427788,0.00515287509188056,27.081230095744424,5.3797216355140325,0.9948471784591675,114.44934210665397,9.509091160298711,16.537169443286004,18.232375451579856,27.081230095744424,35.930084739908985,37.62529074820284,39.596334085454004,95.8118659067603,98.80827902262445,114.44934210665397,130.0904051906835,133.08681830654763,136.57079611147543,113.99915126733055,11.368179248175577,90.10601351183624,39.130181845872116,94.91016276183697,98.33556461860294,114.38761157584611,130.0665746156036,133.06585277006295,136.55241026662148,2,2.3040715459694496,0.0015102567849680781,25.016121017655884,2.319743767287469,0.9984897375106812,117.3468075643955,8.514585377250391,20.46950678041118,21.20048206843502,25.016121017655884,28.83175996687675,29.562735254900588,30.412651999004577,100.65852688169335,103.34156092463722,117.3468075643955,131.35205420415377,134.03508824709766,137.1546951551012,117.20736384919019,9.233217535321781,72.39679989927568,12.85542779140458,100.43814592061304,103.22150428607185,117.33066657110946,131.34581818537134,134.02963532116982,137.14991588684774,2,-0.9041410358901913
14,29,set,0.053,23.2569768023285,23.2634909054872,23.2389738040992,23.3019898268173,23.268151512134565,0.5426486134529114,69.39637951673735,11.398776769944599,0.4573513865470886,-35.70200107582782,15.754055980669305,47.055187579834126,50.64706020388378,69.39637951673735,88.14569882959091,91.73757145364058,95.9138996221641,-66.5793834083675,-61.61511719482827,-35.70200107582782,-9.788884956827385,-4.824618743288145,0.947413562322609,21.329489428874044,54.08644963933916,184.01764895224642,2741.3263856365247,-60.92799271919124,-55.08146158605437,53.2716181696091,84.53046617916802,88.59444426725668,93.18975600126137,2,1.938662083260521,0.9998114705085754,23.24497250818642,8.552590031142486,0.0001885421952465549,71.13701939354306,17.56826818991424,6.482204072610845,9.177213775632692,23.24497250818642,37.31273124074015,40.007740943761995,43.14127214467763,36.703846470570454,42.23978974210644,71.13701939354306,100.03424904497967,105.57019231651566,112.00692274772938,23.254002475141032,8.580417203866572,73.19119833871072,0.4323679232731816,6.482761833488011,9.177941026366932,23.246980731883905,37.32720223914126,40.03379169888802,43.19839508514638,2,0.014149036993533315,0.9999946355819702,23.367039113098812,4.371526826713916,5.361696821637452e-06,31.988575433271386,26.119869264788413,14.799003975288864,16.176517356862764,23.367039113098812,30.557560869334857,31.935074250908755,33.53673125273723,-19.205427606608616,-10.974786262414135,31.988575433271386,74.9519371289569,83.18257847315138,92.7524777676366,23.367085275576123,4.371979221055891,19.113802285956805,0.00039853755188252093,14.798769584448074,16.175984261336804,23.36704691149819,30.558157441036975,31.935315764068392,33.53774840335455,2,-0.09893376344155769,0.9786018133163452,25.2178333492796,6.059429274084442,0.021398184821009636,-31.88470472007363,19.997631244460674,13.34157020520641,15.250959130545876,25.2178333492796,35.18470756801332,37.094096493352794,39.31417375894678,-71.07934173532945,-64.77788100296286,-31.88470472007363,1.0084715628155934,7.309932295182193,14.636742211330152,23.995942638950964,10.619242046908818,44.488259253377926,68.28004132493723,9.206449594956734,13.773842913643074,25.052484187863765,35.121590528491595,37.03879984579196,39.265958074918245,2,-0.727791126816399,0.997848629951477,24.778269016562284,5.085825215409656,0.002151384251192212,-9.472507345124313,17.621029006828735,14.810234762693693,16.412830964954455,24.778269016562284,33.14370706817011,34.74630327043087,36.60966769417384,-44.00908956904424,-38.45652081762367,-9.472507345124313,19.51150612737503,25.06407487879561,31.5201360233237,24.704582787624204,5.384827022663318,26.477977842504348,2.5183928896228744,14.637533907380739,16.317935203128236,24.765240569266034,33.13940916887184,34.74293785950098,36.60756646040972,2,-1.436431275489639
15,30,set,0.229,23.3019898268173,23.3099907086377,23.2695375691338,23.264990098420203,23.281506125397232,0.20293569564819336,58.22846857370717,15.81642971979728,0.7970643639564514,1.6334715480301725,13.423166241899049,27.22883595889555,32.212756783675545,58.22846857370717,84.24418036373878,89.22810118851878,95.02298622727395,-24.675450844585836,-20.44567213013005,1.6334715480301725,23.712615226190383,27.942393940646173,32.860425797768805,13.118616737005858,26.692239331465355,194.38244839979865,518.0932023862737,-23.3484629207374,-18.934261595894196,5.98786939129046,69.07724955335583,76.56253429983931,84.35575668164266,2,10.162889388391374,0.9934572577476501,25.23809091565134,9.354712413960279,0.006542791612446308,74.73579917967655,14.166539276669493,6.9031914985594405,9.850958272460808,25.23809091565134,40.62522355884187,43.57299033274323,47.0004062521313,46.96989241183223,51.43391566909624,74.73579917967655,98.03768269025684,102.50170594752086,107.69209770847269,25.56194535187112,10.206676279559804,88.25116307003654,15.925109858223243,6.92946871958321,9.880707270641302,25.31526939029214,41.217556811420636,44.71058100395945,50.245557107796586,2,-2.280439226473888,0.9985117316246033,25.023428602622282,6.437294763505537,0.0014883001567795873,47.20673071284318,17.76571197245553,12.406562708283143,14.435020963114477,25.023428602622282,35.61183624213008,37.64029449696142,39.99881559027762,12.386575087118288,17.984734939574498,47.20673071284318,76.42872648611186,82.02688633856806,88.53595699078701,25.056444809909976,6.525190482353901,41.84682994267833,0.7313008414838352,12.406453872682748,14.436495720271783,25.032904658757143,35.6768809700839,37.75363740491477,40.24052385352376,2,-1.774938684512744,0.8053999543190002,25.973369209722904,8.959097832377747,0.19460000097751617,6.740083555057858,14.980942090770432,8.413860124291649,11.236964645923289,25.973369209722904,40.709773773522514,43.532878295154156,46.81534740539878,-22.622023397332374,-17.90137337809587,6.740083555057858,31.381540488211574,36.102190507448086,41.5909663390506,22.23057064142415,12.895633694887575,108.31958767770602,57.97775862262933,-10.251019400224022,-3.15068948757022,23.92452263774782,39.987399160290806,42.937433990619844,46.362640917915094,2,1.0509354839730811,0.9605262279510498,24.6152516035774,6.673935293170456,0.039473794400691986,20.161294603685903,14.83128895168167,11.534578793812535,13.637604930566532,24.6152516035774,35.59289827658826,37.69592441334226,40.14114678433062,-8.907497585916989,-4.234004820852999,20.161294603685903,44.556594028224794,49.23008679328879,54.66403212571596,24.439437570887907,7.22622159629446,51.466132083884865,0.7521598252526097,10.248505140946198,12.872734193524847,24.53551543909147,35.8539282727946,38.135398411429506,40.976424230687904,2,-1.157931445490675
16,32,set,0.229,23.8366635535984,23.8471512073932,23.9276867023556,23.8066556743402,23.860497861363,0.2040923684835434,58.39200385230552,15.860098821180246,0.7959075570106506,2.1559772374016006,13.413399630535762,27.306781371546066,32.30446278247841,58.39200385230552,84.47954492213262,89.47722633306498,95.28811102703582,-24.13380294869137,-19.907101794634695,2.1559772374016006,24.219056269437885,28.445757423494562,33.36021095155867,13.633320942708103,26.612926778091865,194.537074766129,513.7107830817465,-22.799088481065887,-18.38690042969238,6.538954459031396,69.34111759640285,76.83117777019713,84.63502602320274,2,10.227176918654898,0.9933933615684509,25.799425166400553,9.343830553940363,0.006606617942452431,74.99095791546563,14.19039584200146,7.485853803032494,10.430191590131757,25.799425166400553,41.168658742669344,44.11299652976861,47.53642551095757,47.17829313877583,51.649833846872426,74.99095791546563,98.33208198405882,102.80362269215543,108.00275511430371,26.124414300670345,10.195187830913662,88.06071956274157,15.881121361366827,7.51228526377415,10.460163059354656,25.877267805345195,41.76604986375122,45.260593549484135,50.81647683762634,2,-2.2639164393073443,0.9984725117683411,25.577196001491515,6.484389796501772,0.0015274296747520566,47.53140505573033,17.686050208615534,12.868025538629029,14.911323926148452,25.577196001491515,36.243068076834575,38.286366464354,40.66214241903553,12.867383618076765,18.44044122364322,47.53140505573033,76.62236888781743,82.19542649338388,88.67531035872264,25.610728014165183,6.572364439842014,42.46085872092011,0.7350772011546958,12.86794940568317,14.912849302529487,25.586959738309503,36.309779842406115,38.40264336554698,40.909758614293445,2,-1.7502301528021817,0.8058859705924988,26.467596095530133,8.99870018521412,0.19411402940750122,7.185525495434689,15.02395233345032,8.83046782483654,11.666051458031797,26.467596095530133,41.269140733028465,44.10472436622372,47.401703140533925,-22.260879983574448,-17.526676991387113,7.185525495434689,31.89772798225648,36.63193097444382,42.13646506604777,22.724675676025694,12.9319358546467,109.07316243601664,58.161802512680204,-9.831690440032661,-2.7073133803183387,24.41640482697143,40.544958286695945,43.507454671886556,46.94680887127978,2,1.1358221853373074,0.9597464203834534,25.037931512654353,6.750194512876502,0.04025359824299812,20.56905463738523,14.790521234161552,11.807793378776513,13.934849585521508,25.037931512654353,36.141013439787194,38.26806964653219,40.74123216704675,-8.419834294146334,-3.7591878591281755,20.56905463738523,44.89729713389862,49.557943568916784,54.97695226643287,24.858043604687662,7.3012568753971685,52.53682430065922,0.7715391695754905,10.502144636710728,13.155212893551504,24.955185146956055,36.40240890527511,38.70722394308387,41.57142304503355,2,-0.9975457433246611
17,33,set,0.893,23.8066556743402,75.2863516384569,75.3310990129366,75.3681167241097,75.32852245850107,0.005467972718179226,32.53138947325535,23.189396723378245,0.9945319890975952,104.00224329941649,9.780661892645922,-12.918992927777154,-5.611773834009952,32.53138947325535,70.67455278052064,77.98177187428786,86.47799324097596,84.83249824486712,87.91448611131179,104.00224329941649,120.0900004875212,123.17198835396586,126.7554653000856,103.61143864930494,11.218609751633739,98.07866182117063,27.778133018008262,83.85692521269337,87.40211366580198,103.93498614571703,120.06420011128479,123.14927871429856,126.73556429440397,2,-28.282916190803874,0.009393619373440742,32.546966870908676,11.020779642425627,0.9906063079833984,100.9430059790172,10.227346042281397,10.946635690202228,14.419397504231927,32.546966870908676,50.674536237585414,54.147298051615124,58.18513416233811,80.8977760787174,84.12051874728286,100.9430059790172,117.76549321075154,120.988235879317,124.73537070155854,100.30051228816565,12.177373707259592,104.75696628182835,43.530733320228634,78.94815012934183,83.15461292052082,100.82145365833021,117.71872016414976,120.94696217765063,124.69925344148878,2,-24.97198982966458,0.0053862608037889,30.478639675665946,7.439474980838702,0.9946137070655823,102.62847078282907,8.962829805863239,15.897536649335278,18.241792270818667,30.478639675665946,42.71548708051322,45.05974270199661,47.785446481320086,85.06164716377499,87.88592766890616,102.62847078282907,117.37101389675198,120.19529440188315,123.4791308470889,102.23984967801927,10.396429810145419,80.19773157983569,27.887685356403548,84.16884766485546,87.41920282032727,102.56763782368444,117.34759106242966,120.17465143655221,123.46104188812453,2,-26.9113272195182,0.009375359863042831,33.287272804819956,14.219592771182315,0.9906246066093445,107.52622859026295,8.350277643620837,5.41738309847651,9.898124061367781,33.287272804819956,56.67642154827212,61.15716251116339,66.36699221778645,91.1599851478561,93.79124412210142,107.52622859026295,121.26121305842447,123.89247203266977,126.95187923415104,106.83020805882015,11.052447611696932,70.96908532608144,51.18713024286226,89.5720622470663,93.00432078633578,107.42717950531804,121.22314179891471,123.85885549158158,126.92241278069088,2,-31.501685600319078,0.006881733424961567,29.486414505958003,7.628930936872283,0.9931182861328125,104.23853168046425,9.196611717341778,14.53398462914491,16.93793978468133,29.486414505958003,42.03488922723467,44.438844382771094,47.23396177215524,86.2135039346753,89.11145154153022,104.23853168046425,119.36561181939828,122.26355942625318,125.63304979748138,103.72410957579146,11.071838146053969,84.39614870171131,38.18966164675033,85.00420366416543,88.49078602695836,104.15866000499238,119.33483778022665,122.23638766936038,125.60922649959656,2,-28.39558711729039
18,34,set,1.226,75.3681167241097,114.4943819324,114.49138005840001,114.49088194609999,114.49221464563334,0.010306944139301777,38.50259783428302,24.73358511497944,0.9896931052207947,108.14452672206698,10.188510798766659,-9.974338199632662,-2.180529349603873,38.50259783428302,79.1857250181699,86.9795338681987,96.04152098392362,88.17541250038691,91.3859177814814,108.14452672206698,124.90313566265257,128.11364094374704,131.84654715841995,107.42673658929164,12.590233277655868,109.04111280521232,49.47343082095977,86.06908650420775,90.34228561755411,108.01219512726932,124.85216724788657,128.06889810307476,131.80722109944492,2,7.0654780563417035,9.336593939224258e-05,66.93568124918669,13.309317329005383,0.9999066591262817,110.16419192319916,10.450788015046507,40.849898625521305,45.043802368324094,66.93568124918669,88.82756013004928,93.02146387285207,97.89778332245328,89.68102380364516,92.97417535214892,110.16419192319916,127.35420849424938,130.64736004275315,134.4763604040541,110.16015861403126,10.459420014467614,109.22531419036837,0.17445702716203612,89.66539939814963,92.96536464963279,110.16296997461198,127.35378297529064,130.64695754204487,134.4760565777647,2,4.332056031602079,0.00010301799920853227,57.237804351190285,9.30371835405485,0.9998970031738281,110.89674390539592,9.183623647755832,39.00285145493851,41.93454947238818,57.237804351190285,72.54105922999238,75.47275724744206,78.88148976482053,92.89717230822413,95.79102723982743,110.89674390539592,126.00246057096442,128.89631550256772,132.2610472543439,110.89121841682423,9.199755471960884,84.33917381318061,0.2965872926126359,92.88130472282455,95.78226223949056,110.89555782039659,126.0020394614512,128.89591571337954,132.26075834252845,2,3.600996228809109,0.007591690868139267,42.792270488024286,15.557818992060833,0.992408275604248,112.78167851567173,9.383130205972991,12.299505585591803,17.20193549147852,42.792270488024286,68.38260548457004,73.28503539045676,78.98516962491722,94.39108124971476,97.34780276421914,112.78167851567173,128.21555426712433,131.17227578162868,134.6101035221854,112.25033678458134,11.230244905254008,89.21226963735089,36.905708542085094,93.00868673059175,96.64452873547481,112.6917166767582,128.18095822436547,131.14178641303022,134.58338015059107,2,2.2418778610520036,0.0031580850481987,41.10229390534508,12.64775503331743,0.9968419075012207,108.24444337942396,9.161213765073121,16.313149554757718,20.298588165999156,41.10229390534508,61.90599964469099,65.89143825593243,70.52537193849243,90.28879434520805,93.17558769066568,108.24444337942396,123.31329906818223,126.20009241363987,129.55661354543548,108.032401954582,9.91765898322202,84.16797108355617,14.191901668201682,89.77737153431038,92.90153316180346,108.20806765168501,123.2992481227642,126.18770971601388,129.5457902240579,2,6.45981269105134
19,36,set,0.893,10.8123268743736,112.76839300409999,113.6126986276,113.6304238642,113.33717183196666,0.004451199900358915,29.90470558748747,20.18689876423232,0.9955488443374634,101.71887959147563,9.933088786781825,-9.660888949964011,-3.2997880617622712,29.90470558748747,63.1091992367372,69.47030012493894,76.86645461113702,82.25038331414459,85.38040247370654,101.71887959147563,118.05735670924471,121.18737586880667,124.82669957326445,101.39922484712643,11.085775304533056,100.04098639212918,22.853882555029575,81.45322169210093,84.9580153798651,101.66323753033807,118.03592398150653,121.16855863671297,124.81019136598613,2,11.937946984840224,0.016405025497078896,21.34258950191183,10.42404476655298,0.9835949540138245,100.7715503634943,10.168561278908223,0.9118371862347523,4.196561660142645,21.34258950191183,38.488617343681014,41.77334181758891,45.59254388348891,80.84153648224563,84.0457554630038,100.7715503634943,117.49734526398478,120.70156424474297,124.42716127673646,99.46851417063552,14.32783639896474,103.48594436516235,101.80074879151348,76.60562702996494,82.2346976029865,100.55897548396159,117.41570679530875,120.62959018869114,124.36408781980906,2,13.868657661331142,0.015135148540139198,20.536563414688978,5.300030470271463,0.9848648309707642,102.1674674819276,9.548112167220605,10.148694575992021,11.818789072709642,20.536563414688978,29.25433775666831,30.92443225338593,32.866278031556675,83.45351151382653,86.4622205531353,102.1674674819276,117.8727144107199,120.88142345002868,124.37969792324475,100.93196953008497,13.767359230516904,90.21177759939043,99.32819385490318,79.96105419924238,84.916378883458,101.98355330685142,117.80205350176342,120.81911865909017,124.32501607396854,2,12.405202301881687,0.009412571787834167,26.822610013016252,11.659691498500738,0.9905874133110046,102.93981559893223,8.259055782860694,3.970034605106946,7.644124162572059,26.822610013016252,46.001095863460435,49.67518542092555,53.94710854252551,86.752363718218,89.35487773929928,102.93981559893223,116.52475345856517,119.12726747964645,122.15325246097491,102.22335540314268,11.084730448525562,68.84957516776758,54.02151823731232,85.17404021156294,88.57312907643531,102.84145592994115,116.48693375134015,119.09387744550058,122.12404735340786,2,11.11381642882398,0.007912852801382542,23.82278758150433,5.3674939931127765,0.992087185382843,102.30491903894921,9.373548021589471,13.302692667768204,14.994045619292535,23.82278758150433,32.65152954371612,34.34288249524045,36.30944582130922,83.93310250927716,86.88680457823396,102.30491903894921,117.72303349966444,120.67673556862124,124.11105255119361,101.68390539162179,11.65113078698715,87.39612492137974,48.35311850435348,82.4816760646614,86.1520371198675,102.21121508110909,117.68693810574801,120.64487242526586,124.08315275439398,2,11.653266440344865
20,37,set,0.952,113.6304238642,90.72417853792541,90.74871318324709,90.9497702608803,90.80755399401761,0.026831310242414474,59.88475649474903,40.534024481060015,0.973168671131134,115.44545628006568,9.280556062751788,-19.560471636593476,-6.7877806878623375,59.88475649474903,126.55729367736036,139.32998462609152,154.1809981725824,97.25590064056733,100.18029998012193,115.44545628006568,130.71061258000944,133.63501191956402,137.03525814656516,113.95468775650102,14.439795271740161,127.9018071209077,80.60563849189586,91.00154308986046,97.79945603551475,115.18004336615981,130.68725016115766,133.6767437318802,137.2146128233062,2,-23.147133762483406,0.0007178039522841573,94.89805355463074,11.982478805913749,0.99928218126297,112.43597415138166,10.930560102207693,71.41282664952527,75.18862983085435,94.89805355463074,114.60747727840712,118.3832804597362,122.77346765050761,91.01247002020412,94.45680272265427,112.43597415138166,130.41514558010903,133.8594782825592,137.86425940722816,112.42338370032516,10.941446564599806,119.49444336197082,0.2206226993654932,90.96569278934255,94.42363828001535,112.42754576911342,130.41150115924302,133.8562320220776,137.8614338186055,2,-21.61582970630755,0.00017678728909231722,87.89995577026335,11.347869577819495,0.999823272228241,110.20916270485961,9.536418427561498,65.65854009647938,69.23437133701466,87.89995577026335,106.56554020351201,110.14137144404731,114.29904803751646,91.51812604533498,94.52315026615821,110.20916270485961,125.89517514356099,128.90019936438424,132.3941894397812,110.20522527999931,9.541342599989676,90.94996985475039,0.08797160504877648,91.50076928834152,94.51217850984075,110.20715288919577,125.89440512958424,128.89952797192996,132.39355240818986,2,-19.3976712859817,0.0231428612023592,62.5833321555137,23.73520168786016,0.9768571257591248,110.67900780937076,9.779348184521933,16.063191681513473,23.542399572812194,62.5833321555137,101.6242647382152,109.10347262951393,117.79966814199776,91.5118375754306,94.59341147883856,110.67900780937076,126.76460413990296,129.8461780433109,133.42917366793853,109.56593482018984,12.599812737177613,106.46012471109039,52.29499977745622,85.96293834853387,92.28456257924218,110.40135623910881,126.66116504760109,129.7572145176595,133.35559392777816,2,-18.75838082617223,0.005730121396481991,61.837544864663926,24.97548916391835,0.994269847869873,112.91863559455919,8.353632744582457,12.886485607113563,20.756520928505616,61.837544864663926,102.91856880082221,110.78860412221428,119.93922098427544,96.54581627510308,99.17813247641215,112.91863559455919,126.65913871270622,129.29145491401528,132.35209137043654,112.62593127321092,9.371436036321898,72.95761860569245,14.865804933175614,95.74226088931519,98.74927106782684,112.86077360491424,126.63828753719565,129.2740329677572,132.33841340030233,2,-21.818377279193314
21,38,set,0.385,90.9497702608803,90.7547253716633,90.8197572932806,91.4295745416178,91.00135240218724,0.18528234958648682,76.71361883459889,25.068565985895273,0.8147176504135132,90.70710813786968,11.77013786726045,27.58013235817831,35.47949715022673,76.71361883459889,117.94774051897105,125.84710531101945,135.0318240211389,67.6380618249681,71.34695417718746,90.70710813786968,110.06726209855191,113.77615445077124,118.08854334253863,88.1143615608463,16.089270414631923,229.30538579614858,29.5592366790022,48.95419818103023,59.85277765966227,89.40503003806566,111.05130642498254,115.65877573575136,121.82777398759512,2,2.886990841340932,0.8371579647064209,89.76344606664546,8.226277228275677,0.1628420650959015,110.96643324805464,16.292318148964256,73.64023897238314,76.2324241314079,89.76344606664546,103.294468001883,105.88665316090777,108.90062860791517,79.03407645141641,84.16795464928347,110.96643324805464,137.76491184682578,142.89879004469287,148.86803293709465,93.21618696062721,12.695010513106391,99.87658754590265,61.286963342032045,73.9914547589281,76.70949931382114,91.32116491660197,119.22250727496703,127.60880076249391,136.10634039543362,2,-2.214834558439975,0.8234249353408813,88.8917960488831,7.969522798183401,0.17657504975795746,98.94030271431399,12.630449635049343,73.27181839047276,75.78309756921868,88.8917960488831,102.0004945285475,104.51177370729343,107.43167846755706,74.1850763210702,78.16506182207516,98.94030271431399,119.7155436065528,123.69552910755777,128.32312237099094,90.66611028873373,9.7543984074798,80.46713979243906,14.681026006739708,73.37355971065249,76.02807509318038,90.01021074865209,107.78796224207849,112.8485917923413,118.98429788051035,2,0.3352421134535035,0.5830006003379822,80.6757865922418,15.247166445345501,0.4169993996620178,75.09768968429591,17.358467799728594,50.79188949307702,55.59642956388247,80.6757865922418,105.75514362060113,110.55968369140659,116.14599983751816,41.07571797002963,46.545550965591985,75.09768968429591,103.64982840299983,109.11966139856219,115.47952434680093,78.34972353037182,16.393501530252536,261.18245661708545,7.564435805308155,45.64336228808757,51.08990118415165,78.52768827692957,104.99451968331778,110.03296592553083,115.89622953013952,2,12.651628871815419,0.22690212726593018,75.36249475298322,18.287004185757187,0.7730978727340698,92.03590719994187,10.144019126325388,39.520625163765914,45.283049591963746,75.36249475298322,105.44193991400269,111.20436434220053,117.90442806309541,72.15399505385864,75.35048054814045,92.03590719994187,108.7213338517433,111.9178193460251,115.63442452869856,88.25267444694472,14.289806036284467,155.4320065444184,48.76655001021398,52.93122063119921,61.02724881233572,89.88245022102437,108.32286055411147,111.82159575844979,115.99971670707197,2,2.7486779552425133
22,39,set,0.952,91.4295745416178,100.8003141744,100.75184045900001,100.7408380489,100.7643308941,0.016501612961292267,50.55274129536022,37.64067254682371,0.9834983944892883,112.07432353547873,9.121787820652175,-23.22162125027981,-11.360655464175487,50.55274129536022,112.46613805489591,124.32710384100024,138.118039852131,94.19594793238434,97.07031775439722,112.07432353547873,127.07832931656023,129.9526991385731,133.29477523950453,111.05911903160477,12.908915050691258,105.21378280751782,61.426396874860785,91.17955753758058,95.66234902472064,111.90227037937339,127.03606000970917,129.93346952880435,133.31802532390174,2,-10.294788137504767,0.0008463656413368881,81.3704201201131,12.506455901841134,0.9991536140441895,107.59862018910346,10.635199625897997,56.858216978266064,60.79913076966105,81.3704201201131,101.94170947056513,105.88262326196012,110.46478721914674,86.75401195394952,90.1052735110922,107.59862018910346,125.09196686711472,128.4432284242574,132.3397942288112,107.57641935592162,10.664243651256966,113.14411977575108,0.5817377845965785,86.6546225479914,90.04325742797884,107.58773657075734,125.08767410145315,128.43945015516476,132.336462746502,2,-6.812088461821617,0.00017761722847353667,74.38215576847848,14.113157021018827,0.9998224377632141,106.58725203346671,8.76490557767538,46.72087629912298,51.16807825472002,74.38215576847848,97.59623328223694,102.04343523783399,107.2142686003302,89.40835277332873,92.17026530414017,106.58725203346671,121.00423876279325,123.7661512936047,126.97747149026054,106.58153771493828,8.776609161510756,76.84530683357937,0.18418622524055525,89.38607248506993,92.157439730795,106.58534383041982,121.00349695274045,123.76549983818146,126.9769579526666,2,-5.81720682083828,0.014697708189487457,56.573823121927134,23.6953146759898,0.9853023290634155,113.90030566074398,9.019372712290336,10.131859754643735,17.59849883536885,56.573823121927134,95.5491474084854,103.01578648921051,111.69736804314473,96.22265998151158,99.06475774210608,113.90030566074398,128.73585357938188,131.57795133997638,134.88250419516257,113.05774199197573,11.661766239231955,88.40573395828467,47.591534028784395,93.35167865868827,97.72373651728121,113.73434510528544,128.67266746958595,131.5225586003503,134.83489126056173,2,-12.293411097875733,0.0049535902217030525,53.42807818838456,23.081418736007144,0.9950463771820068,109.79044396656546,8.439058519753853,8.189328753722528,15.462522865277528,53.42807818838456,91.39363351149157,98.66682762304657,107.12348759474122,93.250193204422,95.9094279522926,109.79044396656546,123.6714599808383,126.33069472870892,129.42262981290108,109.51124432381346,9.442592268328966,73.50395759016152,15.658200237804424,92.52289469115516,95.52178605264926,109.7385637725335,123.65172436320795,126.31353815485328,129.40769546505783,2,-8.746913429713459
23,41,set,1.226,36.4863232841486,123.6349159838,123.65567730410001,123.57058184810002,123.62039171200001,0.00470222532749176,29.611723283717588,17.483880818824574,0.9952978491783142,113.74706020483194,10.335022665276139,-4.656053431169255,0.853298505686702,29.611723283717588,58.370148061748466,63.87949999860442,70.28531225657358,93.49078800148554,96.74746068922681,113.74706020483194,130.74665972043707,134.00333240817832,137.78991821036098,113.35144536744082,11.869131162231676,107.7478489648475,33.12938287299737,92.60490080567205,96.28059671388037,113.6858629544446,130.72312070650298,133.9825640563569,137.7717051542623,2,10.268946344559197,0.0003373693907633424,41.804714795615645,11.612430080294494,0.9996626377105713,113.73037624530002,10.714108312903948,19.044770065248862,22.703967060322864,41.804714795615645,60.90546253090842,64.56465952598242,68.81926682535665,92.73110982554708,96.10723632726904,113.73037624530002,131.353516163331,134.72964266505295,138.6551193412674,113.70611153635394,10.795532264698567,114.7988841764689,1.7447245153984805,92.67040265671885,96.0737737244864,113.72584436304817,131.3517780937659,134.72815783304182,138.65385811954155,2,9.91428017564607,0.0007662446005269885,34.749273584814794,5.672954519419466,0.9992337226867676,115.0751162132755,9.133895184588367,23.630487040818906,25.418093768016938,34.749273584814794,44.08045340161265,45.86806012881068,47.946539270596645,97.17301061291847,100.05119559071073,115.0751162132755,130.09903683584028,132.97722181363253,136.32373385765453,115.01356320566029,9.398372788360584,83.38877182793199,4.940206513482241,97.05460865634527,99.98627396556911,115.06633813560826,130.09566782622738,132.97429342991452,136.32118788982402,2,8.606828506339724,0.00524130230769515,35.540660446411835,10.640538653319497,0.994758665561676,116.62840300254518,8.854755595720087,14.685587909799288,18.03853184978192,35.540660446411835,53.04278904304174,56.395732983024374,60.294254921211035,99.2734009430293,102.06362614515615,116.62840300254518,131.19317985993422,133.98340506206108,137.22764485779985,116.203393883016,10.624109245401606,78.58916675844245,34.28209663255522,98.41771284737648,101.61554154431992,116.56992937138561,131.1706892659751,133.96356712140474,137.21025181292325,2,7.416997828984009,0.0021159290336072445,32.52565085404436,6.06034673148741,0.9978840947151184,113.4138942023112,8.702499764290055,20.647589526504,22.557267552173787,32.52565085404436,42.494034155914925,44.403712181584716,46.62412558879045,96.35730808883437,99.09955590147436,113.4138942023112,127.72823250314802,130.47048031578802,133.6589360278083,113.24274311316857,9.458631047912121,75.65097065369476,13.815035198564695,96.03815257442797,98.92674859585146,113.3907665390569,127.71933978656206,130.46262356288787,133.6520653203316,2,10.377648598831442
24,44,set,1.153,53.645190708653,112.5229110712,111.95395020549999,111.6200364662,112.03229924763333,0.006562893744558096,34.530005943001136,23.15819648954036,0.9934371113777161,111.67792313459111,9.885634254817784,-10.859225123399888,-3.5618375464741874,34.530005943001136,72.62184943247644,79.91923700940215,88.40402711306342,92.3024360308128,95.41750177583836,111.67792313459111,127.93834449334386,131.05341023836942,134.67534736683177,111.17161012349368,11.807146836209801,100.60409477657099,38.80468494208389,91.08192625390556,94.78631685394255,111.59614318406818,127.90695323973873,131.0256137477982,134.6509375199796,2,0.8606891241396539,0.00032424816163256764,54.2690077497419,12.458448757151487,0.9996757507324219,109.74293397286476,10.538297280518307,29.850896882487184,33.77668312535221,54.2690077497419,74.76133237413158,78.68711861699661,83.25169352978801,89.08825084467247,92.40897746911138,109.74293397286476,127.07689047661813,130.39761710105705,134.2586794474089,109.72494653289866,10.586195931898818,111.070027352309,0.9975036411372178,89.03107764713522,92.37740542788865,109.73865004853941,127.07529651921767,130.39623253694944,134.25749091916325,2,2.3073527147346766,0.00032278589787892997,46.78414969939306,8.66516666516124,0.9996771812438965,111.36597425330785,8.868808797935552,29.800735115639984,32.5312188820636,46.78414969939306,61.03708051672252,63.767564283146136,66.94234174910048,93.9834284235822,96.77808193528443,111.36597425330785,125.95386657133128,128.7485200830335,131.99790874565994,111.34512449179437,8.944320347381403,78.65461435239571,1.3458447565680882,93.93534697336032,96.7515827116611,111.36238553448437,125.95252906791077,128.74733723860652,131.9968792800576,2,0.6871747558389671,0.006073692813515663,40.94906448656172,14.73867587000894,0.9939263463020325,116.7034567647458,8.702527829265236,12.06179060153464,16.706100025315358,40.94906448656172,65.19202894780807,69.8363383715888,75.23635176293405,99.6468156449284,102.38907230113274,116.7034567647458,131.01784122835883,133.7600978845632,136.94856387913822,116.24335242169322,10.546868261545987,76.59338816959132,34.64357050632299,98.65477661246057,101.87464854217177,116.63680496801275,130.99221283892714,133.73744343779984,136.92875910061912,2,-4.211053174059884,0.002647397806867957,37.66783588532874,10.077417599150372,0.9973526000976562,111.05966242275397,8.746333914455636,17.91646033382391,21.09195899706165,37.66783588532874,54.24371277359583,57.41921143683357,61.111414892933965,93.9171629536597,96.67322336103294,111.05966242275397,125.446101484475,128.20216189184825,131.40667773029915,110.86536482941392,9.528210872475805,76.56468995192509,14.222086722676192,93.51183722101162,96.45487399728096,111.03056477772715,125.4349273659433,128.19225036888776,131.39807405902673,2,1.1669344182194124
25,47,set,1.378,15.7752742768062,122.51133536129998,118.3268115539,116.3694996937,119.0692155363,0.0034078897442668676,23.634557129387026,10.578996840241555,0.9965921640396118,116.4450077447235,11.337949277306404,2.900104329950544,6.233655807207533,23.634557129387026,41.03545845156651,44.3690099288235,48.244983938167735,94.223035502661,97.79574075375423,116.4450077447235,135.09427473569275,138.66697998678598,142.82102194196813,116.12872622477488,12.559715861923245,128.49241416439494,29.254773690843688,93.53670807665223,97.42889241465993,116.39641504693945,135.07556787807476,138.65043407220168,142.80657938064564,2,2.940489311525127,0.0002460638643242419,25.687210704204382,10.237800913750332,0.9997538924217224,122.09886003924953,11.028551635909915,5.621489632362469,8.847526739215045,25.687210704204382,42.52689466919371,45.75293177604629,49.503897094760845,100.48329603122579,103.95850688090151,122.09886003924953,140.23921319759754,143.71442404727327,147.7551076911982,122.0751312788244,11.131581691001017,121.62480796470746,2.286651538628913,100.4377549761755,103.93338014013821,122.09545864561264,140.23795025801067,143.7133626516892,147.7542069739946,2,-3.005915742524394,0.0023468718864023685,18.332869489152444,2.6570642214022406,0.9976531863212585,121.05001044104372,9.72347616464442,13.12511931059409,13.962387767535976,18.332869489152444,22.703351210768908,23.540619667710796,24.514125191801526,101.99234735380699,105.05631540505215,121.05001044104372,137.0437054770353,140.10767352828046,143.67019854495106,120.80895351673006,10.910688165959238,94.34067579749815,24.703289986660526,101.59512273156746,104.84172301355264,121.02134199349294,137.03267137819486,140.09792862259218,143.66163700621786,2,-1.73973798043005,0.0052888342179358006,28.306370503768747,5.793186877739614,0.99471116065979,114.34688089154719,9.583121887332577,16.951932867689056,18.777426056311064,28.306370503768747,37.83531495122642,39.660808139848434,41.78333848071959,95.56430713291782,98.58404809765015,114.34688089154719,130.1097136854442,133.12945465017654,136.64055612081756,113.89182631036357,11.42252542280095,91.52801670755971,38.94600388417392,94.62898707718932,98.09448536514685,114.28302032856136,130.08511993898017,133.107759353886,136.62156166106885,2,5.177389225936437,0.0015965651255100965,26.236792412489343,2.6347039535863694,0.9984034895896912,116.53684168922808,8.639234628093206,21.072867553534767,21.90309005848942,26.236792412489343,30.57049476648927,31.400717271443916,32.36603035364199,99.60425296417411,102.32656527712422,116.53684168922808,130.74711810133195,133.46943041428204,136.63470679963274,116.39267815605774,9.355496980921723,74.52830002976371,12.997764971083209,99.36745620498928,102.19769534178067,116.51952629256395,130.74044926305217,133.46352246417976,136.62955036368018,2,2.676537380242266
26,48,set,0.647,116.3694996937,118.1247553341,118.0144168771,118.2275701018,118.12224743766666,0.07439515739679337,75.09400649041015,36.69867833698173,0.9256048798561096,119.99734935192274,10.101048308253494,3.165918669705661,14.73005232350031,75.09400649041015,135.45796065731997,147.02209431111464,160.46789881975627,100.19965846164664,103.38260340607994,119.99734935192274,136.61209529776553,139.79504024219884,143.49590160941207,116.65676256234795,18.26140985904888,194.63543185688792,138.8441651505969,59.559959514825564,89.73682432715502,119.21233608984234,136.58815128224302,139.986328585214,144.15079311439325,2,1.4654848753187082,0.059482142329216,103.91798422535624,9.255290234737476,0.9405179023742676,118.98601594339812,13.912349450737882,85.77794869880552,88.69438651425975,103.91798422535624,119.14158193645271,122.05801975190695,125.44900898656871,91.71831207961625,96.10223748993558,118.98601594339812,141.86979439686064,146.25371980717998,151.35098051103546,118.08974245521382,14.136370941106264,187.13576495122513,12.701841831779875,90.85364020315245,95.0259825231716,118.02309911293068,141.45380161492116,145.8870283331864,151.0295955739031,2,0.03250498245283495,0.023527823388576508,100.53242073781624,7.884744522082273,0.9764721989631653,113.81172190765093,11.484161115866915,85.0786054472355,87.56317011308346,100.53242073781624,113.50167136254902,115.98623602839697,118.8750793941175,91.30317972789646,94.92195784372217,113.81172190765093,132.7014859715797,136.3202640874054,140.52787570469042,113.49929139889356,11.588643842674882,130.2456758581747,4.0512781913197395,90.88345737922398,94.44952972548602,113.49958056840485,132.56870515513506,136.20313188624934,140.425170003999,2,4.622956038773097,0.14606283605098724,81.4663689245503,20.60660645879478,0.8539371490478516,101.94254140654633,12.911966728243744,41.078162421722055,47.571517551640056,81.4663689245503,115.36122029746052,121.85457542737852,129.4045040511638,76.63555164960911,80.70424610251786,101.94254140654633,123.18083671057478,127.24953116348354,131.98026775448224,98.95173206329457,16.021421538823667,204.3904369266924,52.29536529408697,61.484851908523524,70.55741074779074,100.17632119809936,122.62097395849234,126.84055748971338,131.76318137036463,2,19.170515374372087,0.019776247441768646,79.10362811180342,23.29997005273997,0.9802237749099731,116.4293501614268,8.588298702779227,33.43652596757124,40.77858786269338,79.10362811180342,117.42866836091343,124.77073025603558,133.3074639092103,99.59659401550743,102.30285589081775,116.4293501614268,130.55584443203583,133.26210630734616,136.40872059026498,115.69119004862954,10.490175158866057,83.03650187661066,27.00757215288261,96.43047472389414,100.79882041119872,116.23627524538064,130.49522431884228,133.21822799919212,136.38930122517286,2,2.4310573890371217
27,49,set,1.153,118.2275701018,130.58227813050001,130.6017882258,130.5807775954,130.58828131723337,0.024909254163503647,54.66929180862374,35.58598492951936,0.975090742111206,109.27700994631473,9.97956505389667,-15.07795700761936,-3.8644445713366338,54.66929180862374,113.20302818858409,124.41654062486683,137.4546721950605,89.71742185930273,92.86208617201463,109.27700994631473,125.69193372061483,128.83659803332674,132.4929498932995,107.91677200884543,14.180422022497371,128.65510383789677,72.4292215133901,83.81534618116117,90.47030188739816,108.99798377144624,125.62597946552206,128.80917384612178,132.5351449638346,2,22.67150930838794,7.282682781806216e-05,92.55880312611106,13.222170235356167,0.9999271631240845,111.74632416124624,10.170296629873635,66.64382566735547,70.81026845831566,92.55880312611106,114.30733779390644,118.47378058486663,123.31817074333796,91.81290905460482,95.01767486242625,111.74632416124624,128.47497346006622,131.67973926788764,135.4059721045175,111.7449256721176,10.171876286208521,103.44013166959516,0.0268100424649258,91.8071610878992,95.0139080738463,111.74553214947024,128.47468323733338,131.67949234684733,135.4057479868827,2,18.843355645115764,3.68202781828586e-05,83.23341059265148,9.756167183235416,0.9999631643295288,110.41923839908752,9.643217017761266,64.11167428635848,67.18594361616178,83.23341059265148,99.28087756914118,102.35514689894448,105.9296493781582,91.51888034917168,94.55755791194274,110.41923839908752,126.2809188862323,129.31959644900334,132.8527158072709,110.4182357097403,9.644641678050714,92.99171369954179,0.027211732797050994,91.5141105953624,94.55467083640201,110.41879591563229,126.28075067183656,129.31948084392118,132.85264747272285,2,20.170045607493066,0.015576859936118126,52.47255532407753,20.54090902474884,0.9844231009483337,106.97149629081844,10.247906309456884,12.213113425856037,18.685766613839164,52.47255532407753,86.25934403431589,92.73199722229901,100.25785536466832,86.88596900734215,90.11519042904939,106.97149629081844,123.82780215258747,127.0570235742947,130.81169134719318,106.12256973646403,12.470010976920006,109.95603233011164,45.54470091509794,83.36382962777088,88.48182490080502,106.76991928780645,123.75021021652377,126.98853780485224,130.75178900171514,2,24.465711580769337,0.0050599840469658375,54.20202467254716,21.138838666707798,0.9949400424957275,108.81685661323306,9.074025910388523,12.77066221079717,19.4317292220708,54.20202467254716,88.97232012302351,95.63338713429714,103.37831706453517,91.03209263408827,93.89141218347885,108.81685661323306,123.74230104298725,126.60162059237784,129.9261974988569,108.54050932317791,9.959845005993376,84.18237611580265,15.016449128194854,90.23049866220177,93.46414397632404,108.75958793262002,123.72029041772687,126.5822602472442,129.90929987540704,2,22.047771994055452
28,50,set,0.494,130.5807775954,128.334927467,128.3648766484,126.0177985018,127.57253420573333,0.21380142867565155,93.17478121996673,28.505857231977597,0.7861985564231873,127.21746781852639,11.978449477334067,37.304327696849995,46.28681856258751,93.17478121996673,140.06274387734595,149.04523474308345,159.48932158928955,103.74013825231899,107.51467175047847,127.21746781852639,146.9202638865743,150.6947973847338,155.0835082944281,119.93909089210888,21.939435592016224,286.53792349670016,194.80069624057793,59.23938105700818,72.4733087444125,124.23076702193175,146.34559626050856,150.53538399541932,155.62864557807532,2,7.633443313624454,0.550192654132843,117.64301867673869,7.348985482288067,0.449807345867157,130.6397857321355,18.38707720511873,103.23927180854636,105.55501325178345,117.64301867673869,129.73102410169395,132.04676554493102,134.73931542981654,94.60177662914538,100.39573510225921,130.6397857321355,160.88383636201178,166.6777948351256,173.41452369808826,123.48905997078043,14.952958112953256,181.7875182444825,41.80343808324976,99.74808683630505,103.93255691851927,120.80473231528289,153.07928152258603,159.9305599215653,167.59223739728603,2,4.083474234952902,0.7156634330749512,116.38260193133817,3.6321293293207195,0.2843365967273712,123.49727093119185,16.280319703860318,109.26375925867794,110.40828083044816,116.38260193133817,122.35692303222818,123.50144460399841,124.83219827484481,91.58843065482782,96.71852801836768,123.49727093119185,150.276013844016,155.40611120755588,161.3709580629725,118.40556617007012,9.752142171447968,84.80436863300879,10.300326124052974,101.4543244405936,107.31297983874305,116.94999087831762,138.6592208652721,145.5351303607596,152.96012367845043,2,9.166968035663217,0.5402366518974304,98.98808533920217,14.641474833107672,0.4597633183002472,90.60206494504617,18.832614031840222,70.29132198576153,74.90500235604631,98.98808533920217,123.07116832235803,127.68484869264282,133.04924919002468,53.69081970789566,59.625171449796575,90.60206494504617,121.57895844029574,127.51331018219666,134.41327656064936,95.13249782537662,17.21461070789564,278.87507409589574,17.46747801175443,59.65009149003856,65.89430999555313,95.65559296196957,122.50266019181625,127.61704271923455,133.62359143289905,2,32.440036380356716,0.05568786710500717,98.05985900432798,16.55782751488588,0.9443121552467346,122.83147884281578,9.20240713471683,65.6071134129253,70.82465636203105,98.05985900432798,125.2950616466249,130.51260459573064,136.5791258423177,104.79509228769636,107.6948660905927,122.83147884281578,137.96809159503886,140.8678653979352,144.23947911672255,121.45200291477181,11.291789890620361,95.23588872721486,32.26895990805682,95.03548415391687,103.16965234701196,122.24890844566222,137.752655958545,140.68601353972983,144.09389734472472,2,6.120531290961523
29,52,set,1.378,129.51294326450002,117.7122298533,117.7217359529,117.6892192556,117.70772835393332,0.03721461445093155,51.24252760108939,27.65452091053734,0.9627854228019714,99.24883301433462,12.133497773794694,-2.9593373932736284,5.7548885797867015,51.24252760108939,96.73016662239206,105.4443925954524,115.5765635289359,75.46761437120009,79.2910051935008,99.24883301433462,119.20666083516844,123.03005165746914,127.47556976508119,97.46230056447418,15.89895033830504,170.20368709498342,82.573288626507,61.648646347620875,74.57216694503396,98.71144573119477,119.01439243203711,122.8702348825172,127.35322310846938,2,20.245427789459143,7.186021775851259e-06,92.20942625935433,14.135445957022778,0.999992847442627,111.75705300033005,9.567836499063889,64.50446127817736,68.95868670836887,92.20942625935433,115.46016581033977,119.91439124053129,125.09339091009346,93.00443805219702,96.01936243276613,111.75705300033005,127.49474356789396,130.50966794846306,134.01516909909768,111.75691627054167,9.567998966315328,91.54427634770975,0.0027458289877385967,93.00382060372863,96.01892606218262,111.75698080268948,127.49477316919231,130.50964720814542,134.01522670246504,2,5.950812083391654,1.215251086250646e-05,80.26765904101033,6.441141669746535,0.9999878406524658,110.86578155563339,10.231688763083941,67.64325334898693,69.67292380381949,80.26765904101033,90.86239427820118,92.89206473303372,95.25199527082106,90.81204007896568,94.03615118383614,110.86578155563339,127.69541192743063,130.9195230323011,134.66824895748127,110.8654089536642,10.232211286986898,104.68668620056049,0.011377590497574721,90.81006255410121,94.03499481674422,110.86562579701955,127.69537242969518,130.91950276150203,134.66824477241664,2,6.842319400269119,0.018917381763458252,41.278734395031236,15.06956460025778,0.9810826778411865,95.95591334629731,13.064249956435264,11.742930515826245,16.491506405717704,41.278734395031236,66.06596238434476,70.81453827423621,76.33578396556203,70.35045394665522,74.46713442205414,95.95591334629731,117.44469227054046,121.5613727459394,126.34790345838863,94.92156999774542,15.074043119898644,171.74190186777471,55.485411156863535,64.14404984370762,71.7760659320063,95.64025986537341,117.32351848731498,121.45454684191223,126.25424175241311,2,22.786158356187897,0.0077616749331355095,46.97644556362957,15.632434406077657,0.9922383427619934,102.26070734804605,11.16986413166011,16.337437137032563,21.26337913271174,46.97644556362957,72.68951199454739,77.61545399022657,83.34292611029122,80.36817593778648,83.88791581852976,102.26070734804605,120.63349887756235,124.15323875830563,128.2456970240586,101.83161068867345,12.21606736120276,125.69421867360528,23.53826659261063,78.7205282666994,83.04045013756742,102.15124210017007,120.59134916283747,124.11600666098398,128.21310753437496,2,15.87611766525987
30,53,set,0.893,117.6892192556,119.08853446549999,119.089839231,119.12055202360001,119.0996419067,0.033239204436540604,64.17400282815301,41.25069168730384,0.9667608141899109,117.86168492622701,9.337220584071341,-16.675867216328328,-3.677347007965693,64.17400282815301,132.02535266427168,145.02387287263434,160.1374617376265,99.56106886574113,102.50332378287132,117.86168492622701,133.2200460695827,136.1623009867129,139.58330818143176,116.07715128059009,15.27969331662685,140.8462540063823,92.62302481482745,88.82182770672702,99.41346355294661,117.5380288254251,133.21134959057053,136.24769439870929,139.87404656759,2,3.0224906261099136,0.0015389155596494675,98.75661878817614,11.350546441880887,0.998461127281189,114.43387696890139,11.385854853514438,76.50995655724034,80.08663130536723,98.75661878817614,117.42660627098505,121.00328101911194,125.16193837244757,92.11801152281251,95.70581231715514,114.43387696890139,133.16194162064764,136.74974241499027,140.9213362015123,114.40975589479766,11.402348319985478,129.63646087888677,0.37764710049342926,92.0418136392367,95.64732362120493,114.41557087643085,133.1536499278675,136.74240436257898,140.9148237973927,2,4.689886011902345,0.0003807053144555539,92.54355448959558,10.390567260443197,0.9996192455291748,111.66122848364006,9.911751387079278,72.17841688018589,75.45259224517235,92.54355448959558,109.63451673401879,112.90869209900526,116.71562854600597,92.23455274124974,95.35784826516142,111.66122848364006,127.9646087021187,131.08790422603036,134.7194102509933,111.65394479468988,9.918982492741671,98.24651159394587,0.13908928440663754,92.20457752545438,95.3374488891318,111.65680949345912,127.9628029712198,131.08635316045235,134.71807225691296,2,7.445697112010123,0.03272605687379837,67.10617597341646,23.661527118725626,0.9672739505767822,109.68328119990203,10.200141726338453,20.730435001496424,28.18642727296998,67.10617597341646,106.02592467386292,113.48191694533648,122.15111928262351,89.69137077907445,92.90554108591516,109.68328119990203,126.46102131388888,129.6751916207296,133.41235921988476,108.28990124994249,13.279486747357655,118.96024604773807,57.38460959625297,80.10840771027048,89.45774784370421,109.28294622902028,126.31608918281026,129.5535612360394,133.31738613009938,2,10.809740656757512,0.006772941909730434,66.47698194910491,25.286302081920436,0.9932270646095276,114.92532408573823,8.280417238256254,16.916740566340657,24.884716257467502,66.47698194910491,108.0692476407423,116.03722333186914,125.301717039735,98.69600452179134,101.30524975872093,114.92532408573823,128.5453984127555,131.1546436496851,134.1884551241268,114.59718702805189,9.392629725662022,72.43152045992709,15.790058317717957,97.76019049782865,100.80896053401341,114.85849618110868,128.52219080152855,131.13568809951016,134.1754342082807,2,4.502454878648109
31,54,set,0.647,119.12055202360001,109.08568091170001,107.0727206867,100.7122775114,105.62355970326666,0.07931441068649292,76.68624880165963,36.539565964829286,0.9206856489181519,121.41576923474233,10.180628550022726,5.07001549986866,16.58401119717759,76.68624880165963,136.78848640614166,148.3024821034506,161.6899904023153,101.46210393671754,104.67012543959173,121.41576923474233,138.1614130298929,141.36943453276712,145.09945281848718,117.86808091824672,18.639212123708653,201.3204789147793,146.10057775827244,59.104823484277446,88.22664038743822,120.56815066015335,138.1304131920383,141.56677182479308,145.78692618442622,2,-12.244521214980054,0.06174502149224281,105.77905024245356,9.125452972768187,0.9382549524307251,120.28305079927402,14.109424379319641,87.89349107321394,90.76901582262072,105.77905024245356,120.78908466228641,123.66460941169318,127.0080283653125,92.6290871732161,97.07511293475258,120.28305079927402,143.49098866379546,147.93701442533194,153.10648020804427,119.38749783654467,14.286814679857047,191.92565634633195,12.187045664538482,91.96323650669001,96.16341146875847,119.28024557029454,143.0524239781814,147.55042357148238,152.76776642724616,2,-13.763938133278003,0.02742737904191017,102.47509970274241,7.326550207484955,0.9725726246833801,115.16401001752294,11.802035716195713,88.11532516514744,90.42399702091872,102.47509970274241,114.5262023845661,116.83487424033738,119.51920420197851,92.03244506952396,95.7513887643276,115.16401001752294,134.57663127071828,138.29557496552192,142.6196507152489,114.81598689371002,11.884227689295425,136.93999762399662,4.294919256445583,91.75983101973871,95.36692028188622,114.78556306920973,134.417082684463,138.1548757692661,142.49631733379698,2,-9.192427190443354,0.1561574786901474,82.73533880524434,20.2498899328143,0.8438425064086914,101.72706119995482,13.148149531527721,43.04628384602809,49.42723390388662,82.73533880524434,116.04344370660203,122.42439376446058,129.84362720000792,75.95716165481329,80.10027975532114,101.72706119995482,123.3538426445885,127.49696074509633,132.31423091019542,98.76136019896228,16.044950428547192,209.91192115078405,47.52836776071153,62.02795534007121,70.49715948998245,99.88254679227539,122.76357164020266,127.06540634581438,132.0824018609256,2,6.862199504304385,0.01972511224448681,80.76458551014458,22.82286280179367,0.9802748560905457,117.70245762131907,8.577064694142146,36.032596394530074,43.22431685319842,80.76458551014458,118.30485416709074,125.49657462575908,133.85850386862307,100.8917197277304,103.59444165056193,117.70245762131907,131.8104735920762,134.51319551490772,137.6556938380474,116.97385022080915,10.429384174856212,82.3894150183256,26.38220598041411,97.7421495549569,102.09493535450798,117.50936330268257,131.74864027241765,134.46729379596982,137.6323708499408,2,-11.35029051754249
32,56,set,1.153,116.21723138940001,123.82224919890001,124.1091291572,125.65859239,124.5299902487,0.023819699883461,53.85741885157134,35.3026489586477,0.9761802554130554,109.12345443924829,9.947484114409031,-15.334501666238609,-4.210271329054969,53.85741885157134,111.92510903219762,123.04933936938127,135.98366120453153,89.62674383822227,92.76129911462044,109.12345443924829,125.48560976387614,128.62016504027432,132.26476296085877,107.80702917960261,14.04643212836823,126.28136302581194,71.02037295126524,84.12361057908228,90.48299359266403,108.8554840124152,125.41883847519622,128.58799637071465,132.29382282128455,2,16.722961069097394,7.470489799743518e-05,91.47293716206778,13.263929581999376,0.9999252557754517,111.4480977163995,10.175162561999212,65.47611288787358,69.65571448148717,91.47293716206778,113.29015984264838,117.46976143626196,122.32945154657945,91.50514555804074,94.71144467147425,111.4480977163995,128.18475076132475,131.39104987475827,135.11906551052633,111.44660109119852,10.176916604332815,103.53933756882363,0.029805553393497792,91.49895304843713,94.70739917212015,111.4472712942055,128.18443034965554,131.39079758559618,135.11887616529495,2,13.083389157501486,3.7578993214992806e-05,82.11129269923758,9.958768907286917,0.9999624490737915,110.21376536078944,9.585798083180276,62.59246431059791,65.73057554211513,82.11129269923758,98.49200985636001,101.63012108787724,105.27885357476853,91.425946354683,94.44653061644588,110.21376536078944,125.98100010513298,129.00158436689586,132.51366635258063,110.21271239153043,9.587342558551212,91.8878014045828,0.029676855914973627,91.42096476726383,94.44354481540647,110.21331568270361,125.9808651722333,129.00147324994518,132.51357952655766,2,14.317277857169572,0.014958688989281654,52.14471231184962,20.519969880408397,0.9850413203239441,107.39502082200562,10.157852486235262,11.92631038240247,18.392365429124887,52.14471231184962,85.89705919457433,92.36311424129676,99.88130061851977,87.48599578871386,90.68684031798351,107.39502082200562,124.10320132602772,127.30404585529737,131.0257193581795,106.5685496406344,12.36595426079748,107.93714380309152,44.979786746004834,84.16287926862209,89.13464902703458,107.20308756105348,124.02924709742824,127.23887141501802,130.96873710497277,2,17.9614406080656,0.004944157786667347,53.59245073874251,21.02525303000989,0.9950557947158813,108.6275383092206,9.061567066048864,12.38371203408147,19.0089870347583,53.59245073874251,88.17591444272671,94.80118944340353,102.50450342627676,90.86719321627054,93.7225868547661,108.6275383092206,123.53248976367509,126.38788340217066,129.70789558880188,108.35543099293788,9.939483078388506,83.89163976503544,14.901126437735659,90.08420862664141,93.30510974685969,108.57161185764049,123.51104667769553,126.36905218087313,129.69141856542564,2,16.17455925576212
33,59,set,0.299,40.7577518187128,42.5138977931886,42.7395175990649,42.973582849415,42.74233274722283,0.15480326116085052,59.80910869057373,19.29770279127174,0.8451967239379883,32.50123432563615,12.440922848364114,21.986306235323042,28.067212262518847,59.80910869057373,91.5510051186286,97.6319111458244,104.70227855292075,8.117473608401014,12.037737255880987,32.50123432563615,52.9647313953913,56.884995042871275,61.44314874503412,36.72858184839314,16.912569890985893,188.46558338134594,97.56941683463809,8.882543448518309,12.922373537956023,34.81280367444467,69.14909214898216,78.92266359582247,89.09140443085789,2,6.0137508988296915,0.9674435257911682,43.831711637407224,9.30952178999424,0.032556429505348206,84.58576017818342,13.939222332688201,25.58538421572765,28.51891095595143,43.831711637407224,59.144512318863015,62.07803905908679,65.48889786189721,57.26538643361814,61.65777976737826,84.58576017818342,107.51374058898857,111.9061339227487,117.01324041761524,45.15851598635234,11.936657788737909,90.1713943649015,52.312313637098676,25.71744887126634,28.668663638899716,44.2229857840015,62.9401564640612,74.94034557955557,91.61023273149297,2,-2.4161832391295093,0.9768555164337158,43.336375516866624,8.82604111682688,0.023144517093896866,63.668105590165986,13.7989014660611,26.037652801816257,28.8188297742311,43.336375516866624,57.853921259502144,60.635098231916984,63.86881750519389,36.622755690469276,40.970932465769394,63.668105590165986,86.36527871456258,90.7134554898627,95.76915067983626,43.80694504406181,9.478869878918301,80.50300976127934,9.346028761297944,26.114802709703564,28.90749632894558,43.560466826364916,59.180219000014745,62.923346570605844,68.89792131860305,2,-1.0646122968389804,0.6540625095367432,42.02291596837239,11.690088539477465,0.3459375500679016,34.907637557629045,14.81419871822331,19.11076345491211,22.794431434829033,42.02291596837239,61.25140050191573,64.93506848183266,69.21812858953498,5.872341610091919,10.540449065579573,34.907637557629045,59.27482604967851,63.94293350516617,69.37061725138639,39.56147649166978,13.295023999562918,165.30260771377863,11.455148723025781,12.149626657617777,17.03177222522649,39.9482036200042,60.71666426580783,64.65729838938476,69.26342819354429,2,3.180856255553053,0.8062430024147034,38.30407154555615,10.299618030870535,0.19375692307949066,44.70638999963445,12.803712100402995,18.117191150530545,21.36270747126396,38.30407154555615,55.24543561984833,58.49095194058175,62.264566055104524,19.611575414424887,23.646157712844126,44.70638999963445,65.76662228642478,69.80120458484402,74.49227842423795,39.54456221591768,11.121818767019866,117.29152589224049,6.4032102840715766,18.33615342547982,21.687653364171457,39.317524490643024,58.17681136961658,62.16596450992645,67.03096314154759,2,3.197770531305153
34,64,set,1.153,22.0146000827749,96.27604266954211,96.1429376282306,96.16595936603551,96.19497988793607,0.0035585262812674046,27.85655042726355,17.03858855831538,0.9964414238929749,115.15890486489462,10.094408936981901,-5.538469494430842,-0.16943376101536956,27.85655042726355,55.882534615542454,61.251570348957934,67.49423469655713,95.37422690319084,98.55507971296858,115.15890486489462,131.76273001682065,134.9435828265984,138.64201163514133,114.8482314043321,11.383924536705653,102.5675714505801,27.025509199295193,94.73420211029962,98.21352658204276,115.11372384321129,131.74538351342005,134.92832784916936,138.62865059208954,2,-18.653251516396026,0.0010515972971916199,31.547639926052327,10.83546460665876,0.9989483952522278,112.69109546720384,10.549801915701783,10.310519541242687,13.72488666808535,31.547639926052327,49.37039318401929,52.784760310861955,56.75469997799771,92.01386366839667,95.33821552254216,112.69109546720384,130.04397541186552,133.368327266011,137.23360472534867,112.6057643890579,10.872973257179035,111.30474381057367,6.916709166964653,91.82531430074435,95.23502444277922,112.67717641417151,130.0386651338392,133.36366318326876,137.2294942363581,2,-16.410784501121825,0.002119917655363679,26.919428831684087,4.840226947059014,0.9978801012039185,114.64048864333542,9.074925994235427,17.43275833844816,18.957963982545813,26.919428831684087,34.88089368082235,36.406099324920014,38.179480499850015,96.85396053226764,99.71356370740108,114.64048864333542,129.56741357926975,132.42701675440318,135.75192343710296,114.4545293819308,9.925082795764242,82.22936405828061,16.278151498057913,96.52048696690075,99.53299563487211,114.61632574401376,129.5581168662616,132.4188047601144,135.74476469576268,2,-18.259549493994726,0.00495198555290699,32.41513098177822,10.051109357772164,0.9950479865074158,116.5520074672454,8.45557275300729,12.71531863587126,15.882527299760785,32.41513098177822,48.94773466379564,52.114943327685175,55.7975078679835,99.97938940269292,102.64382795650931,116.5520074672454,130.4601869779815,133.12462553179788,136.22261116500158,116.13535961399718,10.321089590889848,71.64293125265216,34.881582256312086,99.21205503620102,102.24059440866688,116.49926759457188,130.4398507643502,133.10668190829546,136.2069678357061,2,-19.94037972606111,0.002191817155107856,29.07557267069823,4.9688971738103245,0.9978081583976746,114.22112841989426,8.523167245732786,19.33671316714713,20.902464132407395,29.07557267069823,37.24868120898906,38.814432174249326,40.63495604731942,97.51602758404654,100.20176586263669,114.22112841989426,128.2404909771518,130.92622925574196,134.04898042209925,114.03450213773318,9.401857321292862,72.53927075682537,15.855332424736725,97.19178018712036,100.02633430900192,114.19766370604536,128.23142920751337,130.918233324898,134.04202819037096,2,-17.839522249797113
35,65,set,1.493,96.16595936603551,118.62185133119999,118.6142252616,118.6122837253,118.61612010603334,0.023081623017787933,37.51301879080651,17.396980964242434,0.9769183993339539,96.03374420461354,13.077269432064865,3.415562661162433,8.897531553766612,37.51301879080651,66.1285060278464,71.61047492045059,77.98444847170087,70.40276710163982,74.52355014866002,96.03374420461354,117.54393826056705,121.66472130758724,126.45602214615691,94.68299302840602,15.851680454315233,174.05344380302685,77.22252980313249,61.33308975296835,71.08081197107919,95.64676418149047,117.39560550664966,121.5339311139332,126.34137979490194,2,23.93312707762732,6.5971303229162e-06,72.55060942777658,14.123422119798438,0.9999934434890747,112.2304209274402,10.189809137975667,44.86921073451529,49.319647329059464,72.55060942777658,95.78157152649369,100.23200812103786,105.40660245035106,92.25876200767075,95.46967640889767,112.2304209274402,128.99116544598274,132.20207984720966,135.93546175245183,112.23016371328465,10.19032486391555,103.83284542787955,0.010387030333495187,92.2576664273563,95.46902538106495,112.23033656536923,128.9911900153753,132.202097376161,135.93544434294796,2,6.385956392748682,3.608493352658115e-05,58.67256539991635,5.477073688710326,0.9999638795852661,111.8795472620071,10.344751188458819,47.93769822937217,49.66358087796069,58.67256539991635,67.681549921872,69.40743257046053,71.41414413161264,91.60420750359988,94.86394574976005,111.8795472620071,128.89514877425412,132.1548870204143,135.94503719675973,111.87762332198204,10.349574411627106,107.01109425346255,0.10215214417168929,91.59797612467757,94.86047341973864,111.87907985083609,128.89500924917394,132.15476384744977,135.94493370643312,2,6.738496784051293,0.014191852882504463,33.66117311417607,10.064811079584162,0.9858081340789795,97.40524479463862,13.251527535823776,13.93450588699141,17.106032105340695,33.66117311417607,50.21631412301144,53.38784034136073,57.07542497178939,71.4327280842832,75.60842166469158,97.40524479463862,119.20206792458566,123.37776150499403,128.23290770539592,96.50059703719782,15.211708497879817,174.54848874327706,56.84746526176728,67.04069099130095,73.61826227088889,97.16613525220015,119.11016688316732,123.29666569415278,128.1618544032826,2,22.115523068835515,0.0063302721828222275,36.805246845267945,9.094558780802524,0.9936698079109192,100.24458635235113,11.902873172024114,18.98023917961249,21.846028849141547,36.805246845267945,51.764464841394336,54.63025451092339,57.96235433032736,76.91538362263583,80.66610224420388,100.24458635235113,119.82307046049837,123.57378908206643,127.93481005106719,99.84300609513681,12.908119364644428,141.30512146613256,25.315222490318394,75.49333608032758,79.9310508339974,100.14954706929485,119.78642741543726,123.54147334577101,127.90648016118628,2,18.77311401089652
36,67,set,0.17,113.24470425290001,113.0295618646,113.0590686148,113.0745757357,113.0544020717,0.6907631158828735,106.85883546187412,14.204435011729334,0.30923688411712646,91.82980604077068,16.20637918567525,79.01865441814485,83.49461901403464,106.85883546187412,130.2230519097136,134.6990165056034,139.90329265336194,60.065886517047616,65.17268445746188,91.82980604077068,118.48692762407946,123.59372556449374,129.53148180526603,102.21130523238747,16.39636787429256,220.59254814870323,48.248331320430275,68.31624792319548,74.16382821246049,102.80562398799698,128.16652550985472,132.84895123671137,138.2549602494724,2,10.843096839312523,0.9979234933853149,111.76341172184982,6.014040858864741,0.0020765322260558605,128.43933130659138,26.906105535225887,99.97610823692258,101.8711948025118,111.76341172184982,121.65562864118783,123.55071520677704,125.75416288826456,75.70433349331483,84.18272602983598,128.43933130659138,172.69593658334676,181.17432911986793,191.03229271718263,111.79804266868084,6.178414078470353,37.59686458958731,0.5762560469172616,99.9498897431796,101.85728379434751,111.77069548723252,121.7231641616541,123.66997890616938,126.01431213058663,2,1.256359403019161,0.9999243021011353,113.10133056442872,2.481208919859319,7.570748130092397e-05,110.40805517469124,23.162967535321275,108.23825044338493,109.02010507337377,113.10133056442872,117.18255605548367,117.96441068547252,118.87348566019462,65.00947303039104,72.30836401325882,110.40805517469124,148.50774633612366,155.80663731899145,164.2931754569629,113.10112774711881,2.489372818709103,6.196550487532888,0.0005491202298721914,108.23603405618356,109.01897667137564,113.10131059430329,117.18379545738357,117.9655452313367,118.87617397818661,2,-0.046725675418812784,0.9768728017807007,108.62631414173171,7.9751451482114994,0.02312716841697693,50.373023885714744,34.24890001763158,92.99531687975782,95.50836771923159,108.62631414173171,121.74426056423184,124.2573114037056,127.17927610244067,-16.75358665895638,-5.961403527384917,50.373023885714744,106.70745129881439,117.49963443038585,130.04787962996926,107.27907724982133,12.881224759109074,89.259853756123,76.66575454958291,88.14554046911803,93.6210460346122,108.41098023650272,121.68767453759568,124.22735275559432,127.19727853882578,2,5.7753248218786695,0.7484986186027527,105.34560140147113,9.918848484731813,0.2515013813972473,93.7834918216777,11.663901244778016,85.90501560328708,89.03054749617789,105.34560140147113,121.66065530676437,124.78618719965517,128.4202934868602,70.92266546268088,74.59808155480079,93.7834918216777,112.96890208855461,116.64431818067452,120.91778368548935,102.43771487028674,11.533488619376676,107.85586109237639,25.165498640915757,78.164427108236,82.51627801640062,102.94971655724903,120.51277954635395,123.75990874495191,127.51197061195701,2,10.616687201413257
37,68,set,1.378,113.0745757357,117.86285878480001,117.8407890807,117.7282359047,117.81062792339999,0.02641238458454609,45.56919687735975,24.973952272420295,0.9735876321792603,99.45104516980204,11.79222500272857,-3.378850128206281,4.490700902756252,45.56919687735975,86.64769285196323,94.51724388292577,103.66729765270213,76.3387088668613,80.05456110423611,99.45104516980204,118.84752923536797,122.56338147274278,126.8838627351109,98.02789873775396,15.050363942210083,151.8571163824498,74.6564995018055,67.78118593346535,76.7484604164049,99.06293248567329,118.69929304514285,122.4337850036876,126.77215891118867,2,19.782729185646033,1.0287963959854096e-05,84.07161785141619,14.211691812454928,0.9999897480010986,111.0315226076383,9.851829323997546,56.21721373962176,60.69546502858316,84.07161785141619,107.44777067424923,111.92602196321062,117.13295688584434,91.72229195076751,94.82670541195405,111.0315226076383,127.23633980332252,130.34075326450906,133.9503048109332,111.031249238365,9.852241272070408,97.0596238676736,0.0074775904370958015,91.72105391605336,94.82595524166362,111.03140248273733,127.23632134090491,130.34076128587793,133.95032051355903,2,6.779378685034985,1.9655373762361705e-05,71.78881173679925,7.122235851733667,0.9999803304672241,110.60135603232473,10.015723433350015,57.8294859780013,60.07377626407131,71.78881173679925,83.50384720952718,85.74813749559719,88.35760996889732,90.97089882384483,94.12695701643611,110.60135603232473,127.07575504821335,130.23181324080463,133.90141294847956,110.60059159125383,10.01716135106726,100.31373979304054,0.02960854026845624,90.96759509030741,94.12511412683217,110.60110946146999,127.07569350930676,130.23176233118113,133.90137892768212,2,7.21003633214616,0.014455066062510014,40.03938776385533,14.309952636276158,0.9855449795722961,99.58627023879255,12.162189533422277,11.992395976280054,16.5016102685727,40.03938776385533,63.57716525913795,68.0863795514306,73.3293156568815,75.74881678013489,79.58124867307168,99.58627023879255,119.59129180451342,123.42372369745021,127.87975400355123,98.72552066340096,14.115757105368026,148.74071664609912,50.514326801714255,71.68708780144645,77.72467207549533,99.36269319873864,119.50534604676305,123.34791972539449,127.81333141024476,2,19.085107259999035,0.0061868829652667046,43.53399570782334,14.203544951087853,0.993813157081604,102.08377505308053,10.876021836865013,15.695559150895416,20.171243279458203,43.53399570782334,66.89674813618846,71.37243226475125,76.57638230863009,80.76716395775394,84.1943110879097,102.08377505308053,119.97323901825136,123.40038614840712,127.38518533129321,101.72153850876498,11.827157102597113,118.80416867597184,21.077890829382557,79.50941154152085,83.54052548951343,101.99891801841585,119.94056636887316,123.3715736998289,127.3599287138802,2,16.089089414635012
38,69,set,0.229,117.7282359047,117.7367465216,117.6862829693,117.677724254,117.70025124829999,0.5940257906913757,104.76037182899564,16.456710745733048,0.4059741497039795,102.54004740102278,15.302236608789247,72.50581146336557,77.69149147118536,104.76037182899564,131.82925218680592,137.01493219462571,143.04440588603677,72.54821476488551,77.37010801458618,102.54004740102278,127.70998678745937,132.53188003716002,138.13837300394957,103.85897126307763,16.035206159766926,255.9383175895187,1.1888760601279251,72.52371534077241,77.55397858194347,103.82011928648467,130.29747550030837,135.4134609094636,141.38258426171132,2,13.841279985222357,0.9936849474906921,114.34714817702512,6.166537247224904,0.006314980331808329,130.09493497680975,25.2699549020907,102.26095726313955,104.20409702019589,114.34714817702512,124.49019933385435,126.43333909091069,128.69265899230044,80.56673347776058,88.52955800320572,130.09493497680975,171.66031195041379,179.62313647585893,188.88164084039636,114.44658688764405,6.586025392219483,41.81860519827463,1.5561798862664062,102.18631038622661,104.16483696039091,114.37004960166095,124.69923410981205,126.8084908096481,129.5538429105522,2,3.2536643606559466,0.9996029734611511,115.26346694385788,2.61598812326197,0.0003970279940403998,114.7592489268859,21.608900272456065,110.13622443827988,110.96054939124845,115.26346694385788,119.56638449646731,120.39070944943586,121.34916535292444,72.40658264735424,79.21577093930387,114.7592489268859,150.3027269144679,157.11191520641756,165.0290681360746,115.26326692292045,2.650688303809419,7.026066918415263,0.00010089865764270247,110.12866884647651,110.95615806179127,115.2634429014017,119.57059470367058,120.39788093606967,121.36431108563035,2,2.436984325379541,0.9546408653259277,108.64763817716036,9.04516576090985,0.04535912349820137,60.342616518430134,30.869067130738234,90.91943905158222,93.76966446895051,108.64763817716036,123.5256118853702,126.3758373027385,129.68984031539998,-0.15964329416600265,9.567519487826857,60.342616518430134,111.1177135490334,120.84487633102626,132.15480521164702,106.45656351992676,14.911935358531752,121.32664224710453,101.03904723378386,64.31114637228347,88.61929053582068,108.17409371573761,123.40446359732115,126.3126594357157,129.72739732571227,2,11.243687728373231,0.5455845594406128,105.65095902286882,11.088931425372591,0.4544154107570648,102.39285863404046,11.076550762035223,83.91705280210412,87.41128994882854,105.65095902286882,123.89062809690908,127.3848652436335,131.447671069669,80.68321806752174,84.17355393899473,102.39285863404046,120.6121633290862,124.1024992005592,128.16076895100656,104.17042484774768,11.201417955284295,122.83969428237671,2.6317465273599483,82.216333322179,85.74528700405794,104.17059136687081,122.59503776527417,126.12364680202994,130.2257926208639,2,13.52982640055231
39,71,set,0.299,113.886577624,113.9250990322,113.8970844168,113.89286849550001,113.90501731483334,0.4263794720172882,96.59845159809413,19.917008589327544,0.5736204981803894,104.44082669442983,13.811112403119987,57.56183208323723,63.83788778191508,96.59845159809413,129.35901541427316,135.63507111295104,142.93234218712942,77.37154379788021,81.72356836592346,104.44082669442983,127.1580850229362,131.51010959097943,136.5702786715671,101.09699582891349,17.13470901825379,278.55558142099227,15.042367121541574,64.91020368217984,71.6730982738092,101.78237477336856,127.95966420210368,133.14122143731433,139.4028527683803,2,12.808021485919852,0.9735608100891113,109.85916306293932,6.725614272113061,0.026439150795340538,126.05224746894271,21.79909393640871,96.67720131568915,98.79651203397756,109.85916306293932,120.92181409190107,123.04112481018949,125.50528152648828,83.32680845797616,90.19592874338498,126.05224746894271,161.90856619450042,168.77768647990925,176.76452330392368,110.28729016618993,7.959383440816404,56.601837583152744,6.749471401175569,96.47610231023035,98.69814072884513,109.98255318314305,121.97943821748578,125.11930671217459,133.32642426069074,2,3.617727148643411,0.9953802824020386,110.12037848765812,3.601879629463697,0.004619773011654615,112.92671296170201,18.14026445837778,103.0608241372608,104.19581371529213,110.12037848765812,116.0449432600241,117.17993283805544,118.499603506212,77.37244795324956,83.08863317348042,112.92671296170201,142.76479274992357,148.48097797015444,155.1272786189878,110.13334921809985,3.80386259507651,14.433827772853686,0.03621500170336476,102.98265596047575,104.15230764347666,110.12295158802512,116.10776039705308,117.2920733430786,118.74731451957754,2,3.7716680967334923,0.8814351558685303,101.56114641238926,11.116474525658802,0.11856479197740555,69.03918872608699,25.128154610343298,79.77325670704103,83.27617296994573,101.56114641238926,119.84611985483279,123.3490361177375,127.42193329198479,19.788910691860004,27.70705247666644,69.03918872608699,110.37132497550752,118.28946676031397,127.49601778242868,97.70518196778829,17.155883127510453,183.78890948701746,110.53491851930183,48.84908061879357,63.907182115202595,100.0886568501526,119.45736608105119,123.1160471733236,127.4262812459631,2,16.199835347045052,0.3482528030872345,98.1102743911737,13.614624166162267,0.6517471671104431,103.79542848801924,10.496770472240891,71.42610136244699,75.71621045188053,98.1102743911737,120.50433833046688,124.79444741990041,129.78262637599033,83.22213640844359,86.52977750547669,103.79542848801924,121.0610794705618,124.36872056759488,128.21456816041152,101.81555454446509,11.987437655633116,136.36237042971212,7.33598217497144,77.11013167170375,81.53934268263146,102.14896468001247,120.90281573730319,124.49595685361864,128.72114757338377,2,12.089462770368257
40,72,set,0.17,113.89286849550001,113.8585689845,113.9013655179,113.8700171476,113.87665055000001,0.6938095688819885,107.2810502942195,14.175165915469439,0.3061904311180115,92.5741586768177,16.252377679998308,79.49823562501965,83.9649772255207,107.2810502942195,130.5971233629183,135.06386496341935,140.25741738584802,60.720083760878374,65.84137630328732,92.5741586768177,119.30694105034807,124.42823359275702,130.38284294079057,102.77794080948138,16.316760557569285,220.28792699125273,45.948748101799175,69.03382579352025,74.87599049177808,103.36442718299081,128.61091830093727,133.27834353419274,138.66854447006736,2,11.098709740518629,0.997943103313446,112.30798984598806,5.990726883052957,0.002056888770312071,128.87117910756106,27.060484281564317,100.56638091398837,102.45412100432272,112.30798984598806,122.1618586876534,124.04959877798775,126.24450459433763,75.83360451148275,84.36064338996667,128.87117910756106,173.38171482515543,181.90875370363938,191.8232791864938,112.34205759492353,6.155031364634779,37.32118656397344,0.5631246268537511,100.53992315052867,102.4400213329023,112.31509816813667,122.22828104427674,124.1667663783339,126.50018430252005,2,1.5345929550764765,0.9999270439147949,113.65151099218423,2.4367324492796043,7.291814108612016e-05,110.8952043410431,23.32083970285615,108.87560315163613,109.64344278507633,113.65151099218423,117.65957919929212,118.42741883273233,119.32019834517217,65.18719843421326,72.53583657224624,110.8952043410431,149.25457210983993,156.60321024787294,165.14759020462975,113.65130569502051,2.4449812391611583,5.976889214863991,0.0005539352469487806,108.87354032117678,109.64218008558728,113.65148816378787,117.66068955675455,118.42896762306005,119.32258146008343,2,0.22534485497949674,0.9772524237632751,109.1518080827463,7.938547752360667,0.02274749055504799,50.579975012705745,34.47051175308661,93.59254039856799,96.0940590195484,109.1518080827463,122.2095571459442,124.71107576692461,127.61963176942223,-16.980986552008673,-6.118971267232141,50.579975012705745,107.27892129264362,118.14093657742015,130.7703767465986,107.81943651088376,12.84058474295964,88.61591221263309,76.26370827635635,88.91612882083902,94.25258569035618,108.94113069031928,122.15433931600728,124.68253847930656,127.63898237695571,2,6.057214039116246,0.7453224062919617,105.92570176562526,9.861532455059825,0.2546776235103607,94.39237081323975,11.660203350190958,86.59745332133514,89.70492433962045,105.92570176562526,122.14647919163008,125.25395020991537,128.86705682723843,71.53879219445218,75.21304304168643,94.39237081323975,113.57169858479305,117.24594943202732,121.51806008784038,102.98842360434514,11.504661168634625,107.10852844941135,25.249016257447806,78.73293435623683,83.09065667198784,103.51204291391144,120.99560541485891,124.22596463204326,127.95843779221168,2,10.888226945654864
41,73,set,1.378,113.8700171476,119.65032909220001,115.9487372081,119.4992693814,118.3661118939,0.0268511101603508,45.82560383633073,25.108559911956807,0.9731489419937134,99.41364124002158,11.805006594282819,-3.3862692947708126,4.52569799762022,45.82560383633073,87.12550967504123,95.03747696743227,104.23684880773853,76.2762534779694,79.99613332722943,99.41364124002158,118.83114915281372,122.55102900207375,126.87619323366951,97.9747481292435,15.085790697245455,152.54427410280778,75.03730748782417,67.51603547772615,76.63302805260632,99.0192629376735,118.68075487803154,122.4196445180125,126.76320180853118,2,20.391363764656504,1.0095600373460911e-05,84.47106263389735,14.213999822556788,0.9999898672103882,111.04453941041312,9.83705177813691,56.61213490542732,61.09111347227722,84.47106263389735,107.85101179551746,112.32999036236737,117.53777090271922,91.76427221120908,94.86402911463519,111.04453941041312,127.22504970619104,130.32480660961716,133.92894390131158,111.0442670055492,9.837491263527632,96.76864685293711,0.00712893289736687,91.76308295725141,94.8632776319483,111.04442305548545,127.22506310182251,130.32480893882607,133.9289348583534,2,7.321844888350796,1.9134389731334522e-05,72.1970702579149,7.101372883754432,0.9999808073043823,110.5939254960385,10.023862276152753,58.27863516496687,60.516351313736585,72.1970702579149,83.87778920209321,86.11550535086293,88.7173339688083,90.9475164487894,94.10613927504659,110.5939254960385,127.08171171703039,130.2403345432876,133.91291619184463,110.59318434736906,10.025256814883688,100.47685142880633,0.02820964487431759,90.94432212061365,94.10435225057444,110.59368582479466,127.08165348574644,130.24030700644957,133.91290269567324,2,7.772927546530937,0.014632188715040684,40.096046939465324,14.356527130804139,0.9853678345680237,99.41391921691861,12.200953946285365,11.95777082001705,16.481661217934914,40.096046939465324,63.71043266099572,68.23432305891359,73.49432330882118,75.50048890516744,79.34513586610325,99.41391921691861,119.48270256773398,123.32734952866977,127.79758249112979,98.54597123024092,14.15741236716016,149.7009236329217,50.73162740991882,71.3586065397408,77.45697618113945,99.18684156919402,119.39544954909336,123.25041106221498,127.73004850797295,2,19.820140663659075,0.006255729589611292,43.68625755317663,14.29250958598694,0.9937443137168884,102.06089007046081,10.890241424290485,15.673453515948744,20.17717132242732,43.68625755317663,67.19534378392594,71.69906159040451,76.9356068432457,80.71640909590528,84.14803696533943,102.06089007046081,119.97374317558219,123.40537104501635,127.39538005565048,101.69571857443967,11.845528833420433,119.13334476776564,21.183656452280236,79.44185494151748,83.48588021439369,101.97497083390435,119.94064341258843,123.3761501631477,127.36977076766246,2,16.67039331946033
42,74,set,1.153,119.4992693814,113.6040252178,111.0919909451,113.4501635554,112.71539323943334,0.025627994909882545,55.19000802172047,35.75865936682159,0.9743719696998596,109.38425557147633,10.001333451432366,-14.895676472685707,-3.627752532718276,55.19000802172047,114.00776857615921,125.27569251612664,138.37708921827647,89.78200220929321,92.9335259695367,109.38425557147633,125.83498517341594,128.98650893365945,132.65083638378957,107.99536179998925,14.267952672774152,130.2332328606314,73.34082785537865,83.60108807382129,90.46575665524709,109.0979302511161,125.76990140395782,128.9625357104633,132.70187325553007,2,4.720031439444085,7.171883044065908e-05,93.24375156468983,13.193673594127468,0.9999282360076904,111.94349531260005,10.167802856364618,67.38462649642285,71.54208970057539,93.24375156468983,114.94541342880426,119.1028766329568,123.93682608117705,92.0149679122219,95.21894790618116,111.94349531260005,128.66804271901893,131.87202271297818,135.59734187117027,111.94214913327144,10.169312797470605,103.38927997550589,0.025076871893118028,92.00944000539016,95.21530435221179,111.94272485247437,128.66776640063517,131.87177663440556,135.597128804631,2,0.7732441061618971,3.6421737604541704e-05,83.94444876673026,9.621956462633621,0.9999635219573975,110.55946705222473,9.681266441970912,65.08576063915594,68.11773878079819,83.94444876673026,99.77115875266233,102.80313689430457,106.3284667276915,91.58453350122551,94.6352008316653,110.55946705222473,126.48373327278416,129.53440060322396,133.0814606575267,110.55849146196182,9.682631868670732,93.7268729448467,0.02579873322138398,91.57991155616182,94.63239088098553,110.55902831014897,126.48360408659968,129.53430291272073,133.08140626006366,2,2.156901777471518,0.015987424179911613,52.68092039124673,20.547752869411042,0.9840126037597656,106.7008804358411,10.30690156014392,12.408064803971527,18.882874558293445,52.68092039124673,86.47896622420001,92.95377597852192,100.4821415953177,86.49972458575931,89.74753602200659,106.7008804358411,123.65422484967561,126.90203628592288,130.67831896823014,105.83724340161444,12.53760375876259,111.2838959084043,45.907925070243294,82.84298614580727,88.05973686181976,106.4928388140102,123.57413601791512,126.83137309363691,130.61651360051647,2,6.878149837818896,0.005135126877576113,54.59339609716767,21.197085518056653,0.9948648810386658,108.94851074823852,9.082247611689416,13.04787190456107,19.72729310199164,54.59339609716767,89.45949909234369,96.13892028977426,103.90519092796066,91.14763253065234,94.00954282327983,108.94851074823852,123.8874786731972,126.74938896582469,130.0769781712047,108.66939120052284,9.973191921035342,84.37093688305238,15.0937136939426,90.33397651652291,93.57587290954837,108.89036803837325,123.86509915542729,126.72982907712452,130.0599359761372,2,4.046002038910501
43,77,set,1.378,11.1609297813451,130.76726121299998,130.7614303469,130.6938234491,130.74083833633333,0.003087008139118552,22.866539037124745,10.090104304359961,0.996912956237793,117.4354127003268,11.318587117285704,3.0902980003266407,6.269794375779593,22.866539037124745,39.463283698469894,42.64278007392285,46.33963173442288,95.25138959456777,98.81799362849318,117.4354127003268,136.0528317721604,139.6194358060858,143.76638377777044,117.14347363420912,12.47206625664353,128.02922080723766,27.522727061706668,94.63460202736728,98.4872218388561,117.39148579990223,136.03592871668948,139.6045498731115,143.75337130300838,2,13.59736470212421,0.00029761550831608474,22.287657494749922,9.946455733532725,0.9997023940086365,122.91711710994213,11.00244118578537,2.7929624832038513,5.927193706136347,22.287657494749922,38.648121283363494,41.782352506295986,45.42657364469511,101.35272864378263,104.81971182018279,122.91711710994213,141.01452239970143,144.48150557610163,148.5126227717533,122.88716939196355,11.138214810630755,121.04712942869452,3.0128434570000358,101.29777983533836,104.78939427511949,122.91301180652677,141.0130132152354,144.48019380958473,148.51141715566882,2,7.8536689443697725,0.003110040444880724,15.440070835855437,2.387589341308788,0.9968900084495544,121.72738668203296,9.749737631063992,10.7604817170185,11.512835848133,15.440070835855437,19.367305823577873,20.119659954692374,20.994434224091705,102.61825206643266,105.69049537775209,121.72738668203296,137.76427798631383,140.83652129763325,144.40866809251466,121.39683478276535,11.39313841415107,94.77948525719037,35.024838233467534,102.08275528914884,105.40342493985425,121.68926424213826,137.74957559472725,140.82353435750088,144.3972585831246,2,9.344003553567973,0.005164885427802801,27.201663586386708,5.41837813186541,0.9948351383209229,114.44436525105506,9.516065974845096,16.581837593311082,18.289224663993345,27.201663586386708,36.11410250878007,37.82148957946233,39.80669603420119,95.79321866585163,98.7918296180216,114.44436525105506,130.0969008840885,133.09551183625848,136.58204510086833,113.9937694104529,11.373105461802766,90.23943989547364,39.108396554514876,94.88850330047589,98.31760341230984,114.38244489528624,130.07305181594506,133.07442614715393,136.5635693072081,2,16.747068925880427,0.0015180108603090048,25.134822498401235,2.34831858951846,0.9984820485115051,117.27189813635297,8.526279116909498,20.532202638719152,21.27218214919423,25.134822498401235,28.99746284760824,29.737442358083314,30.59782845669809,100.56069814507438,103.24741700650378,117.27189813635297,131.29637926620217,133.98309812763156,137.1069894334542,117.13204001754279,9.244557230880927,72.59545562189007,12.867197349375049,100.3388130890406,103.12657226563313,117.25565117026773,131.29012020756375,133.97760090960873,137.10211848370668,2,13.608798318790534
44,78,set,1.076,130.6938234491,125.0504578597,125.11648344599999,125.1004869661,125.08914275726666,0.034348852932453156,63.07344652013625,39.26555442420969,0.9656512141227722,114.27045862769961,9.904348247554521,-13.885625984312135,-1.5126430887855022,63.07344652013625,127.65953612905798,140.03251902458462,154.4187855779314,94.85829277215035,97.9792554901191,114.27045862769961,130.56166176528012,133.68262448324887,137.3114181171582,112.51190765066725,15.317464097759464,147.6851355580324,86.94041967547871,83.64798683902268,94.6335191166492,113.91510056321877,130.53775320509885,133.7492949065443,137.56905358684102,2,12.577235106599403,0.00015415539382956922,101.38455089712592,12.310250987490011,0.9998458623886108,115.11836300360335,10.515789838636156,77.25690232099686,81.13598991167002,101.38455089712592,121.6331118825818,125.51219947325498,130.02247711078246,94.50779365088421,97.82142794726323,115.11836300360335,132.41529805994347,135.72893235632247,139.58174833857484,115.11624790947472,10.517461122293634,110.58815217006898,0.029071937354065325,94.50044198016415,97.81610564402841,115.11686848095162,132.41464442004832,135.7283626235108,139.58125094234185,2,9.972894847791935,6.704095721943304e-05,93.39686605071769,8.487342304913149,0.9999330043792725,112.99594524619346,10.180760188120603,76.76198080862474,79.43643027730262,93.39686605071769,107.35730182413275,110.03175129281064,113.14137677800929,93.04202194223785,96.25008492564012,112.99594524619346,129.7418055667468,132.94986855014906,136.67993506594746,112.99463642800333,10.181892496449091,103.64576334806952,0.025750307888175998,93.0366607995339,96.24621776521116,112.99510708843387,129.74149722081066,132.94960986102734,136.6796779343563,2,12.094506329263325,0.023665376007556915,59.30003008718574,21.590456238052028,0.9763346910476685,106.0423718767384,10.634318920248242,16.983513450815614,23.78688983648881,59.30003008718574,94.81317033788265,101.61654672355586,109.52694205614989,85.19948979293896,88.5504738306094,106.0423718767384,123.53426992286738,126.88525396053782,130.7814970887302,104.93620389351005,13.112012606964301,121.44402192802906,50.48159106294614,79.14013872263018,85.97810309226084,105.7294464354283,123.4142824564943,126.78008338682994,130.6903739627558,2,20.152938863756603,0.005859694443643093,62.29990330293846,22.544458247989677,0.9941403269767761,113.1648375939831,8.766017485263538,18.113577085911714,25.21756938607659,62.29990330293846,99.38223721980032,106.48622951996519,114.74615581955175,95.98375903501818,98.74602193942734,113.1648375939831,127.58365324853885,130.345916152948,133.55764373463077,112.86678704517985,9.718144302657166,79.37099225397114,15.07160930612276,95.10366454037161,98.27752456159632,113.10164829297933,127.55977610713309,130.32514545638324,133.54001835346375,2,12.22235571208681
45,79,set,1.076,15.292612674058601,124.32102074520002,124.3315315207,124.28450961370001,124.31235395986668,0.003335828660055995,27.682761409518392,17.6939150838034,0.9966641068458557,113.46204300830414,9.942658943318838,-6.9966749002462905,-1.4211389910470054,27.682761409518392,56.78666181008378,62.36219771928307,68.8449631481836,93.97478956883414,97.10782438384464,113.46204300830414,129.81626163276363,132.94929644777412,136.59212650340706,113.17589070467687,11.137114260132929,99.57105557890876,24.463432373614136,93.38643056209806,96.79315565717829,113.42033592483727,129.80026754779635,132.93522795486487,136.5797221486242,2,11.13646325518981,0.002620249055325985,26.226787917050707,10.513787202192821,0.997379720211029,109.89823218124724,10.380828045841398,5.620143659634632,8.933146904527867,26.226787917050707,43.52042892957354,46.83343217446678,50.685514422989776,89.55218308169478,92.82328951928545,109.89823218124724,126.97317484320902,130.2442812807997,134.0476494364739,109.67898878088296,11.22788047082729,107.76886699901807,18.296063158380857,89.07625057731737,92.56686694186982,109.86405220930025,126.96002776402509,130.2326830127647,134.0375259080536,2,14.633365178983723,0.00419619819149375,23.267122455741855,4.686780024717989,0.9958037734031677,112.19438817216148,9.12562737654253,14.081202403832851,15.558055333360757,23.267122455741855,30.97618957812295,32.453042507650856,34.170203202341625,94.30848717780538,97.18406688364784,112.19438817216148,127.2047094606751,130.0802891665176,133.4237720188701,111.82122855366818,10.773332327354073,83.01979883764437,33.04453541797746,93.6175047162393,96.81791221484403,112.14619289690232,127.1861391860202,130.0639052920943,133.4094546445583,2,12.491125406198506,0.005370522383600473,30.22704652815235,10.266814084165116,0.9946295022964478,114.20281936465656,8.251470220997255,10.10446068722014,13.339640144576894,30.22704652815235,47.114452911727795,50.34963236908456,54.11122764602243,98.03023491199718,100.63035864396716,114.20281936465656,127.77528008534597,130.37540381731594,133.39860957098483,113.75182841548906,10.293494531339267,68.28719420020366,37.669154813461034,97.21094786350923,100.20192342903627,114.14697822618257,127.75380476184775,130.35647840093287,133.38199723518727,2,10.560525544377626,0.0027807517908513546,26.878710561977385,4.774997596706284,0.9972192049026489,112.47408638767862,8.620176505303643,17.51988724616775,19.024538446350487,26.878710561977385,34.73288267760428,36.237533877787016,37.98701606962517,95.57885089690514,98.29515779796806,112.47408638767862,126.65301497738919,129.36932187845213,132.52761567464856,112.23606202220373,9.720158042273264,74.16421202442525,20.31671481324554,95.15818484273426,98.06889127942422,112.44396028559419,126.64139134639068,129.35911384969054,132.51867091911495,2,12.076291937662958
46,84,set,0.494,105.9156204145,95.62213193368031,95.6108866379962,95.65121740086951,95.62807865751533,0.1287190020084381,77.96998085929933,30.312030830474015,0.8712809681892395,109.8695604680305,11.005234987243353,18.5594921333025,28.111127007529277,77.96998085929933,127.82883471106936,137.38046958529614,148.48630933963295,88.2996962516334,91.76755978381003,109.8695604680305,127.97156115225097,131.4394246844276,135.47156548392394,105.76347514193783,18.382534446655004,223.7948583452581,114.12238097102164,51.82745529804932,69.3188324678424,108.46860627767583,127.96456542056069,131.8090528269184,136.6079627114439,2,-10.1353964844225,0.44267940521240234,99.80574903613376,8.448119497455423,0.5573205351829529,117.19651294015972,15.61257509506802,83.24773908403051,85.90982903982476,99.80574903613376,113.70166903244277,116.36375898823701,119.45901386868216,86.59642804789938,91.51611216898485,117.19651294015972,142.87691371133457,147.79659783242005,153.5167938208742,109.49797293347967,15.558254857382765,167.44262359113617,74.6159559680064,84.39279427871227,87.69840296056083,107.05693070304802,138.1568272560276,143.6896035129919,149.95518217662337,2,-13.869894275964342,0.33006903529167175,97.93201101452811,7.482028833565036,0.6699309349060059,109.00199457237079,12.290165820251532,83.26750396945042,85.62516875068317,97.93201101452811,110.23885327837306,112.59651805960581,115.33781288500441,84.91371220065261,88.78647074709504,109.00199457237079,129.21751839764653,133.09027694408897,137.59319569992235,105.3481325302264,12.114749798511072,119.66935964101168,27.09747228651092,84.10604313789557,87.15541864913591,104.29742550406725,126.72844678082083,130.91214234425826,135.69663395624363,2,-9.720053872711063,0.36374613642692566,85.01099132714714,17.607107442711147,0.636253833770752,90.30097052702133,15.570318597435875,50.50169486750615,56.049876789879434,85.01099132714714,113.97210586441483,119.52028778678812,125.97124829450688,59.783706848232804,64.69007550923897,90.30097052702133,115.91186554480369,120.81823420580986,126.52294809430485,88.37675834010966,16.53758711097693,267.015108768739,6.476445914820381,55.46136725893187,60.92601154216425,88.52989503336617,115.30078542126735,120.40391301186483,126.34242210837131,2,7.251320317405671,0.06669545918703079,80.86494586139489,20.84040106633352,0.933304488658905,107.87136630933983,9.29216026177579,40.01851034801104,46.585536580312855,80.86494586139489,115.14435514247691,121.71138137477872,129.34696857621833,89.659066857685,92.58712280054358,107.87136630933983,123.15560981813609,126.08366576099466,129.48816357956872,106.07015507063596,12.448018168376258,109.55279527811913,45.39977426310251,74.10784709476981,86.3844429701243,107.21015775457964,122.97614090877184,125.97393536687484,129.48405524182462,2,-10.442076413120631
47,85,set,0.494,95.65121740086951,91.4655339574941,91.531086245166,91.4770804175014,91.49123354005383,0.10500428825616837,72.29721009864593,30.469122524413358,0.8949957489967346,102.80529616360343,10.776745328227678,12.578827310257608,22.17996340433581,72.29721009864593,122.41445679295603,132.01559288703424,143.17898850720485,81.68326344971689,85.07912752373579,102.80529616360343,120.53146480347107,123.92732887748997,127.87575474700546,99.60182013009037,16.996916746601634,201.42579193430205,87.46975652487153,50.58818782535752,69.7673791082572,101.7478332869687,120.6107457217124,124.34984390685267,129.01960676975787,2,-8.110586590036547,0.41388365626335144,91.96784295298893,8.876403046577023,0.586116373538971,111.93065491824065,14.693052911782363,74.57041266943635,77.36745920754362,91.96784295298893,106.56822669843424,109.36527323654151,112.61744430952302,83.13280038820584,87.76273354530554,111.93065491824065,136.09857629117576,140.72850944827545,146.11180732273513,103.66837664855797,15.994282604753577,159.1443175298657,96.67307880036283,77.16381793527368,80.48546458911322,101.7040878087771,132.06376996371503,137.21285851128212,143.05962454254015,2,-12.17714310850414,0.22937911748886108,89.98000877942253,9.384747951328116,0.7706209421157837,103.33808432531052,11.253801126719477,71.58624079083336,74.54347207365508,89.98000877942253,105.41654548518999,108.3737767680117,111.81219722440383,81.28103942776406,84.82722872503541,103.33808432531052,121.84893992558561,125.39512922285698,129.51834065133278,100.274026904675,12.220505738307056,117.799852100705,31.541507716866896,76.71501162419406,80.26310984579237,100.25087390438478,120.4036525382915,124.11968795127423,128.40146571695485,2,-8.78279336462117,0.3065694272518158,78.85806091538959,18.4123223185085,0.6934305429458618,89.16980769303454,14.581890217941817,42.77057229936989,48.57248576919133,78.85806091538959,109.14363606158784,114.94554953140928,121.69152779720656,60.58982803935166,65.18473268024474,89.16980769303454,113.15488270582433,117.74978734671743,123.09235700104043,86.00853873197882,16.55237730157319,251.37640119261252,22.60457267927562,51.692246163812314,57.86574797915266,86.54150768620971,112.2547883674868,117.10453691756189,122.75387967577478,2,5.48269480807501,0.0747821033000946,73.83617706843592,21.554760262475487,0.925217866897583,101.87955825652868,9.422129830056651,31.58962325858883,38.38175147263363,73.83617706843592,109.29060266423818,116.082730878283,123.98004778050576,83.41252313195714,86.38153383195234,101.87955825652868,117.37758268110503,120.34659338110022,123.79870995561777,99.78241219138937,13.087980805127728,116.88197247720952,54.41297235047465,64.58184451683523,78.54688333914682,101.1204807707179,117.17580182222237,120.22694928052654,123.80509642755536,2,-8.291178651335542
48,86,set,0.952,91.4770804175014,126.0310601027,126.1346123719,125.9774749755,126.0477158167,0.016517924144864082,50.570804447958224,37.648961069494085,0.9834820032119751,112.07954629371733,9.12180385778085,-23.2198033036008,-11.356225718153922,50.570804447958224,112.49783461407034,124.36141219951723,138.1553849918222,94.20113925842833,97.07551413390655,112.07954629371733,127.08357845352809,129.95795332900633,133.30003530568337,111.06354141985055,12.911523994977388,105.24612453788505,61.46043127359562,91.18096057251574,95.66640845330149,111.90734948604417,127.04128946157212,129.9384663146423,133.3231045529396,2,14.984174396849454,0.0008458624943159521,81.40027323514225,12.50588391091838,0.9991540908813477,107.60675635905142,10.635666039056971,56.8891911749033,60.82992472603408,81.40027323514225,101.97062174425041,105.91135529538118,110.49330968430878,86.76123397090397,90.11264249966395,107.60675635905142,125.10087021843887,128.45227874719885,132.34901543801996,107.58458426077537,10.66465963074068,113.15399552940914,0.5804298594280063,86.66197694833728,90.05073132187339,107.59588075306841,125.09656923307136,128.4484870536449,132.34572572355597,2,18.463131555924633,0.00017750718689057976,74.41109209431836,14.110152732246979,0.9998225569725037,106.59227700045165,8.766017485263538,46.75570092275484,51.20195619584268,74.41109209431836,97.62022799279403,102.06648326588189,107.23621590537269,89.41119844148673,92.17346134589589,106.59227700045165,121.0110926550074,123.77335555941656,126.98508314109931,106.58657144774408,8.777689806184425,76.86476832996648,0.1837988990792887,89.38897153778649,92.16061220173644,106.59036981330266,121.0103947551775,123.77273067875875,126.98452182242711,2,19.461144368955928,0.01471022516489029,56.586979581364176,23.697634713938168,0.9852897524833679,113.89495995118553,9.020559459812311,10.140469023259207,17.607839171971854,56.586979581364176,95.56611999075648,103.03349013946914,111.71592171793066,96.21498828955131,99.05746000658183,113.89495995118553,128.73245989578922,131.57493161281974,134.8799192731789,113.05194411044961,11.66342375555336,88.4344501006523,47.600717929109244,93.34062887880756,97.7149464125777,113.72884106552004,128.66907736178317,131.51962621626893,134.83239055767822,2,12.995771706250395,0.004954843781888485,53.44500671412877,23.089517485988193,0.9950451850891113,109.79466707711664,8.438779206429425,8.190384021184094,15.46613013274164,53.44500671412877,91.42388329551589,98.69962940707345,107.15925663028622,93.25496375902947,95.91411049237853,109.79466707711664,123.67522366185474,126.33437039520382,129.42620314349378,109.51546648273737,9.442268726901835,73.50170243086566,15.655082548462575,92.52737883444131,95.52653821182753,109.7427774128939,123.65551611951179,126.31718155365215,129.41152486685067,2,16.53224933396264
49,87,set,1.493,125.9774749755,128.8490928444,129.066798005,129.1972471167,129.03771265536668,0.04214068502187729,46.08930234313943,21.994463583641323,0.9578592777252197,93.28570469330454,13.624401468944669,2.9809458599246526,9.91162914473491,46.08930234313943,82.26697554154393,89.1976588263542,97.25607594161212,66.58236850325838,70.87555852206793,93.28570469330454,115.69585086454114,119.9890408833507,124.98080208566287,91.29681249253714,16.973533057633126,198.18779993846502,89.91271401313405,50.25989672011363,64.43263219618076,92.56012610747982,115.41485395082637,119.7414036710402,124.7638939161475,2,37.74090016282953,2.9102195640007267e-06,87.15452330088551,14.52293238722169,0.9999971389770508,111.15507799266271,9.479627613853626,58.690098872020684,63.266425289792906,87.15452330088551,111.04262131197811,115.61894772975035,120.93991618473757,92.57534928265824,95.56247812986624,111.15507799266271,126.74767785545917,129.73480670266719,133.20798953884994,111.15501361423244,9.479702786495777,89.86369640686301,0.0016763591062702288,92.57504776651585,95.56223722476547,111.15504624110007,126.74771342338303,129.73482001304532,133.20799808520718,2,17.88269904113423,1.075760337698739e-05,73.57499238154708,5.253435595225789,0.9999892711639404,110.71977953617304,10.486149883775644,63.27844781980379,64.93385978878396,73.57499238154708,82.21612497431018,83.87153694329037,85.79631110991107,90.16730342748389,93.4715978670879,110.71977953617304,127.96796120525816,131.27225564486218,135.11421202516811,110.71938313239635,10.486798671481015,109.95845654391961,0.014842484523032167,90.16540001924879,93.47052572219327,110.7196377753334,127.96793659317808,131.27221977564878,135.11417546978046,2,18.31832952297033,0.02101234719157219,34.779816296376985,11.902806350654632,0.9789875745773315,91.0029931619298,14.917600778212377,11.450744534139268,15.201442099601689,34.779816296376985,54.35819049315228,58.108888058614696,62.46988454534221,61.76503290088685,66.46572341647305,91.0029931619298,115.54026290738653,120.24095342297274,125.70652201811416,89.82160513015371,16.907446202456388,220.83577890649593,65.02532702017683,52.99927069828,62.90302994819495,90.60165864609827,115.38636204777882,120.10529604220375,125.58760815424945,2,39.21610752521296,0.009872758761048317,41.22051961793973,12.232211646501003,0.9901273250579834,98.01562860344137,12.705586255748116,17.245825339526363,21.100321925554507,41.22051961793973,61.34071731032495,65.1952138963531,69.67689917659496,73.11313713970794,77.1167989681293,98.01562860344137,118.91445823875344,122.9181200671748,127.57324217794353,97.45491240919515,13.886921349385686,161.31538850263772,31.531992129283093,70.56286642410771,75.85281634625764,97.85684092422711,118.85329401958474,122.86413935290751,127.52596270213367,2,31.58280024617153
50,89,set,1.153,129.12482807019998,138.65335150800001,138.2581819463,138.6742135022,138.52858231883332,0.0319136381149292,59.31359148412183,36.885444064680016,0.9680864214897156,110.45850263579432,10.20581820167583,-12.980550436417715,-1.3575649673827712,59.31359148412183,119.98474793562642,131.60773340466136,145.12196586704255,90.45546652774634,93.67142555076047,110.45850263579432,127.24557972082816,130.46153874384228,134.2007861121102,108.82628903371945,15.002306770897775,144.25430054343693,80.81561381210277,81.09167444380356,90.49712325435557,110.10780924397737,127.19035757458802,130.47258577121502,134.34170922933387,2,29.702293285113868,6.51393856969662e-05,98.38631881420764,12.92765237651562,0.9999349117279053,113.64948496826158,10.16527968145303,73.04858575158337,77.1222229147281,98.38631881420764,119.65041471368718,123.7240518768319,128.46053543665377,93.72590289983684,96.92908781524744,113.64948496826158,130.3698821212757,133.5730670366863,137.2974617442404,113.64849654402909,10.166198187413766,103.33707160899465,0.015174159085118655,93.7220825836043,96.92643672307278,113.64885167843539,130.36964293685435,133.57283618959463,137.2972644952902,2,24.88008577480423,3.536899748723954e-05,89.3634346389511,8.480114905590126,0.9999645948410034,111.88869911677116,10.01769132268122,72.74271483923317,75.41488687952594,89.3634346389511,103.31198239837627,105.98415443866904,109.09113192119274,92.25438491607656,95.41106321097867,111.88869911677116,128.36633502256365,131.52301331746577,135.193334028088,111.8878983746842,10.018559163185284,100.35312984994432,0.017945153911887095,92.25065726750621,95.40858110446433,111.88825900592761,128.36616820909245,131.52289231767602,135.19321975545944,2,26.640683944149117,0.01966628059744835,54.291375534961844,20.43881800002898,0.9803337454795837,104.58915944325767,10.808550963673056,14.232028368336053,20.67251161701313,54.291375534961844,87.91023945291055,94.35072270158761,101.83917633723694,83.40478882939279,86.8106751885702,104.58915944325767,122.36764369794513,125.77353005712256,129.73360899906058,103.59999183886218,13.096453791289337,122.74276411492792,48.774617676151145,78.46141146805739,84.61842154561455,104.32128375352448,122.26437342927781,125.68256191410636,129.6539625388138,2,34.928590479971135,0.005755245219916105,57.7102147280758,21.285565029813313,0.9942447543144226,110.25258857645767,9.15457172094675,15.99127387905645,22.698575887075933,57.7102147280758,92.72185356907565,99.42915557709513,107.22784368294006,92.30995770951317,95.19465807807101,110.25258857645767,125.31051907484431,128.19521944340215,131.54930703723653,109.95019427918336,10.086054353365563,85.93141755020103,15.797069239444317,91.39121678601572,94.70651428219172,110.18708104643143,125.28528488266926,128.17316775263242,131.5300783331095,2,28.57838803964995
51,94,set,0.229,9.76103998024365,8.69374710932909,8.49070140835264,8.78577898670097,8.656742501460899,0.1765296757221222,54.430043240908,14.599099393437852,0.8234702944755554,-11.272129776556852,13.710273610864194,25.816334223049253,30.4166616533867,54.430043240908,78.44342482842929,83.04375225876674,88.39262707774307,-38.14377227204059,-33.82352305188389,-11.272129776556852,11.279263498770174,15.599512718926889,20.622736090595307,0.32625385639063076,28.634418823115737,192.41345434477245,627.5164869896602,-36.98632325944766,-32.50624103486666,-7.543097099679712,62.79898099184545,70.0959917393066,77.5485447226687,2,8.330488645070268,0.9950839877128601,10.928222474300725,9.570346977915277,0.004915998317301273,68.59195179667249,13.644045615144577,-7.82931292196497,-4.813597463507286,10.928222474300725,26.670042412108728,29.685757870566416,33.19217882020712,41.850113787567466,46.149493880310594,68.59195179667249,91.03440971303438,95.33378980577751,100.33274830678033,11.211697117953316,10.407799767811127,92.05643828747958,16.265855963330992,-7.80914810251983,-4.790780142117687,10.987478807465605,27.122361750913154,30.544750109685594,35.48402751236568,2,-2.5549546164924166,0.9993174076080322,11.047950331281292,5.1233460825867105,0.0006826118915341794,39.41380075706835,20.21534996692977,1.0063765290769648,2.620795945210922,11.047950331281292,19.475104717351662,21.089524133485618,22.966635598482355,-0.20755711298698287,6.162509043870578,39.41380075706835,72.6650924702661,79.03515862712368,86.441737175627,11.067313413525655,5.201786351050924,26.509714367132467,0.5488692632599199,1.0059381388542754,2.6211100371798643,11.051632099638134,19.50218963218273,21.137502909961707,23.071938360710284,2,-2.410570912064756,0.7964616417884827,13.554628383171568,7.890241247935748,0.20353838801383972,-4.797384976525905,14.000215542322708,-1.9099602921148726,0.576336448982337,13.554628383171568,26.532920317360794,29.019217058458004,31.910074335976248,-32.23730321527632,-27.825690289417793,-4.797384976525905,18.230920336365976,22.642533262224504,27.771986686470065,9.8192895710897,12.003225732783497,89.47919431292935,54.59823655272021,-21.052804324975078,-14.466150978786224,11.617252111068154,25.879271309028454,28.49269666360804,31.533046793616986,2,-1.1625470696288005,0.9761052131652832,14.139160340549672,4.882466739348788,0.023894790560007095,10.156307359770338,15.899804078925621,4.569701375711334,6.108217215861886,14.139160340549672,22.170103465237453,23.70861930538801,25.497476459708842,-21.006735996166935,-15.996543047268293,10.156307359770338,36.30915776680896,41.3193507157076,47.14478277644484,14.043990955415127,5.447893820663925,29.30955915879087,0.3699886571900306,3.8074673105853627,5.685710521024775,14.109744790963749,22.375474680254435,24.073420992224605,26.281121318755186,2,-5.3872484539542285
52,95,set,0.952,8.78577898670097,22.8413601299034,23.2165240359513,23.5895790675511,23.215821077801934,0.0036977562122046947,28.42516820728615,18.854208025601576,0.9963022470474243,106.19085430543387,9.90992048155551,-8.528400479918993,-2.5872442469221717,28.42516820728615,59.43758066149445,65.37873689449128,72.28661496436814,86.76776707192924,89.89048565854661,106.19085430543387,122.49122295232114,125.6139415389385,129.24477674961432,105.90329610271088,11.019860458479357,99.15786315557226,22.279497927179452,86.11379614514566,89.54190948742797,106.14475819199097,122.47345987283066,125.5983575510247,129.23101101714676,2,-82.68747502490895,0.010370241478085518,20.087780405838117,10.27341469904241,0.9896298050880432,103.95636909284067,10.193717519876587,-0.047742402529411976,3.1895169769416363,20.087780405838117,36.986043834734595,40.22330321420564,43.987316850095354,83.9770498853076,87.1891958581529,103.95636909284067,120.72354232752845,123.93568830037376,127.67050217377844,103.0866364165759,13.27085216901807,103.92879736864008,72.18721477476922,81.77622313885526,86.11563699283647,103.82248666303953,120.67202262999263,123.8901973567773,127.6306457857749,2,-79.87081533877397,0.012296667322516441,19.045452573293616,4.6788967736535145,0.9877033233642578,105.85485240399237,9.48552459971029,9.874983409552069,11.349352245018089,19.045452573293616,26.74155290156914,28.21592173703516,29.93019413553902,87.26356581409148,90.25255286262149,105.85485240399237,121.45715194536325,124.44613899389324,127.9214823906905,104.78738510795682,13.441157260252487,89.13798083923827,91.52662539269441,84.69857214478557,89.04365525200777,105.70683922185492,121.40022947630175,124.39594500692041,127.87744857821043,2,-81.57156403015489,0.007481707260012627,26.5447400301681,10.729326879803157,0.9925183057785034,106.50415565123541,8.175043947867508,5.515645767396393,8.896567797175948,26.5447400301681,44.192912263160245,47.5738342929398,51.50488680688742,90.48136394138295,93.05740496309785,106.50415565123541,119.95090633937296,122.52694736108786,125.52215175954743,105.90592409953304,10.708358505610803,67.19261445544758,47.47647367007716,89.29650828973666,92.45402917825317,106.42691942071002,119.92117960359987,122.50068964834402,125.49912352090101,2,-82.6901030217311,0.005419144872575998,23.551813563986585,4.752218191850345,0.9945808053016663,106.0653637735493,9.09787980286571,14.237637061283849,15.735110235056773,23.551813563986585,31.368516892916393,32.86599006668932,34.60712625157584,88.23384702425813,91.10068318223708,106.0653637735493,121.03004436486151,123.89688052284046,127.23019711122504,105.61820560622598,10.915220020412288,82.44524616324387,36.69622611420576,87.32146285454343,90.6238733843427,106.00323528779721,121.00610903460495,123.87579202689291,127.21169942038263,2,-82.40238452842405
53,96,set,1.226,23.5895790675511,103.2514394541,103.3002039249,103.5793072574,103.37698354546666,0.003633857239037752,27.12638530438464,15.36234510349183,0.9963661432266235,115.72167978436984,10.383045178880765,-2.9832578165346,1.8575762424259068,27.12638530438464,52.39519436634337,57.23602842530387,62.864544176174576,95.3712851839113,98.6430902630868,115.72167978436984,132.80026930565288,136.0720743848284,139.87625486232912,115.39973718606616,11.691553224788883,108.2734660040672,28.418957005257855,94.69809420674599,98.28413589373288,115.67421867592952,132.7820358121906,136.05593861948307,139.86215082657134,2,-12.022753640599504,0.0005583768943324685,32.47228998123193,10.870059366066258,0.9994415640830994,115.40623480903537,10.707398779194401,11.167365113929769,14.59263340778002,32.47228998123193,50.351946554683835,53.777214848534086,57.7598294781779,94.4201188337062,97.79413109186169,115.40623480903537,133.01833852620905,136.39235078436454,140.31536919552175,115.35991959891533,10.885289192834582,114.65034164219476,3.8383937023617225,94.31930987892919,97.73873265920137,115.39873815098103,133.01551837066185,136.38988555437678,140.313254459163,2,-11.982936053448668,0.0016810072120279074,26.672665532756554,4.3642389540515145,0.9983189702033997,116.67755680193511,9.216831195532913,18.11891436288883,19.49413126030202,26.672665532756554,33.85119980521109,35.22641670262428,36.82540354532052,98.61289960710535,101.51721858096332,116.67755680193511,131.8378950229069,134.74221399676486,138.1191124590564,116.52625529548109,9.921403381674786,84.83919128502367,13.594747115241843,98.3465210423663,101.37235098920574,116.65810597712061,131.83042875156184,134.73563555674406,138.11332285458744,2,-13.149271750014435,0.004865795839577913,32.249627813848655,8.987379308796717,0.995134174823761,116.69817520370205,8.738022004305943,14.634688053206599,17.46670436098575,32.249627813848655,47.03255126671155,49.86456757449071,53.15739856206653,99.5719667791439,102.32540801753764,116.69817520370205,131.07094238986645,133.8243836282602,137.02585411674127,116.28726238961929,10.53122899962657,76.37453292246245,34.531854608441826,98.79418327607661,101.91631141250274,116.64462674014665,131.0503429408937,133.80623303662617,137.0099653280115,2,-12.910278844152629,0.001913930638693273,29.221654875801946,4.4762967201362525,0.9980860948562622,115.05681784945693,8.534587017777021,20.448274520220117,21.85880198037485,29.221654875801946,36.58450777122904,37.99503523138377,39.635078234266906,98.32933467169086,101.01867143873345,115.05681784945693,129.0949642601804,131.784301027223,134.91123621407905,114.89253823453286,9.317296398343812,72.73811816409517,14.074230551438006,98.04730226294343,100.86565720698904,115.03630584076383,129.08708228862216,131.77736023364844,134.9051372257996,2,-11.515554689066207
54,100,set,0.17,38.6685939093871,41.4320404741317,41.3520123129752,39.7625539329341,40.84886890668033,0.34466981887817383,67.22026811609503,15.080165142312183,0.6553301811218262,5.348023366070983,13.92204122216735,37.663687556246806,42.41560378673566,67.22026811609503,92.02493244545438,96.77684867594324,102.30197823509776,-21.938676020659024,-17.5516966327789,5.348023366070983,28.247743364920854,32.63472275280098,37.735534365568945,26.673518757647813,32.71207070159379,205.4000529990837,864.6795165869869,-19.329996803133277,-14.566489772409048,15.308038659075898,83.17256440099747,89.19484080659413,95.8047483335443,2,14.175350149032518,0.9974794983863831,40.76656463509107,8.66761500013901,0.0025205248966813087,81.59270006926293,16.105552421265962,23.778351402959473,26.50960666509343,40.76656463509107,55.02352260508871,57.75477786722267,60.93045236366896,50.026397372459776,55.10142375508654,81.59270006926293,108.0839763834393,113.15900276606608,119.05981770472832,40.86946887505873,8.93210514747398,75.59198665585178,4.190554599695489,23.787609465001,26.520064890789556,40.79370459420707,55.218139114481275,58.10685290227816,61.736890929416546,2,-0.020599968378398614,0.9995957016944885,40.66515385191252,6.508887846980751,0.0004043230728711933,52.538346308040744,18.10811268823849,27.907968092419793,29.95898606938587,40.66515385191252,51.37132163443917,53.42233961140525,55.80709125710646,17.04709761110052,22.753151475545682,52.538346308040744,82.3235411405358,88.02959500498096,94.66411576321633,40.66995546473967,6.5221166969297455,42.48107170562654,0.0569754690780588,27.905011791334573,29.957408195110986,40.666763507225184,51.38356764973307,53.44305430545709,55.848815149359346,2,0.17891344194065795,0.912294864654541,40.379292033274496,8.722490713397567,0.08770512789487839,6.689833885208444,18.091733434151404,23.283524379530178,26.032071547291967,40.379292033274496,54.726512519257014,57.47505968701881,60.6708397607279,-28.769312063627467,-23.06841947179472,6.689833885208444,36.4480872422116,42.14897983404435,48.77749949746016,37.42455349684003,13.745143704790888,98.1159130097254,90.81305202036431,-3.5848873253533498,9.777056247408707,39.400464694769276,54.36656639246759,57.165296027780656,60.41239772401403,2,3.424315409840297,0.9727766513824463,37.45856739324415,8.094270276439353,0.027223313227295876,22.956106400776548,14.475900834526461,21.594089170289948,24.144677571517384,37.45856739324415,50.77245721497091,53.32304561619835,56.28865584275081,-5.416137878668636,-0.8546315902841535,22.956106400776548,46.76684439183724,51.328350680221725,56.63208753200321,37.06376102941121,8.660723259880045,69.43830512590125,5.569773641936854,19.715015034818,23.031909089898544,37.26631477762265,50.723464884133854,53.29621191789117,56.29413750542523,2,3.7851078772691196
55,101,set,0.053,39.7625539329341,41.528618616947504,44.7262396324576,43.196171091394504,43.15034311359987,0.606986403465271,75.90776648293668,11.739278422406917,0.3930135667324066,-16.92468840936975,15.639398529204925,52.89920357053093,56.5983717920475,75.90776648293668,95.21716117382586,98.91632939534242,103.21741188367653,-47.577346266480106,-42.649209803472004,-16.92468840936975,8.79983298473249,13.727969447740595,19.457993110323578,39.42335001495835,47.282152612373096,179.77669292040824,2055.8252164205473,-40.77715632664718,-34.74770810362886,64.9934845553452,92.21689356983498,96.29986795413261,100.94422188913757,2,3.7269930986415147,0.9997754693031311,41.069495304349225,8.0424429540565,0.00022458784223999828,80.90546633984793,19.02662185956282,25.30659676668056,27.840853841819072,41.069495304349225,54.298136766879374,56.832393842017886,59.7790153726133,43.613972747642286,49.609458365511856,80.90546633984793,112.201474314184,118.19695993205357,125.16800765302088,41.07844432605918,8.068698308864038,64.74766939441318,0.35631943435677277,25.307156562595694,27.84156651956587,41.07167676781316,54.31346854862329,56.859453727964386,59.837584469382634,2,2.0718987875406896,0.9999926090240479,41.38657873966337,4.688218354696059,7.406207259919029e-06,44.81048165615656,23.92631882313903,32.19783961279946,33.67514577500109,41.38657873966337,49.09801170432565,50.57531786652727,52.2930055421498,-2.0842415198187183,5.455189360319032,44.81048165615656,84.16577395199408,91.70520483213184,100.4714225839894,41.38660472816973,4.688659664384384,21.983468714238352,8.682314850417245e-05,32.197231654534114,33.67469221087693,41.386583093742,49.09849470789684,50.57579970336985,52.29401855062751,2,1.7637383854301376,0.9822840094566345,42.10080562949376,6.511557360691501,0.017715973779559135,-17.91170953082255,22.65070422546384,29.33838771927173,31.39024688765779,42.10080562949376,52.81136437132973,54.8632235397158,57.24895325223343,-62.30627403720091,-55.1688025290818,-17.91170953082255,19.345383467436683,26.482854975555796,34.78170808961315,41.03762477869845,10.649519408815053,50.738472875257614,62.67376253176855,26.37639756375094,30.144683352782103,41.9548140821976,52.755856182548726,54.81490232545876,57.20750469216935,2,2.112718334901416,0.9959114789962769,39.718573023269386,6.523799035580348,0.004088537767529488,5.365594713389605,16.1508332540808,26.93216187115476,28.98787851809253,39.718573023269386,50.449267528446235,52.50498417538401,54.89519904036142,-26.289456784920617,-21.20016194287366,5.365594713389605,31.93135136965286,37.02064621169982,42.93805131800859,39.57812023985679,6.946774801344889,43.452439275431075,4.805267124457962,26.501997839614013,28.753452427412107,39.68613322318785,50.437082424434195,52.49448367983326,54.886379417142265,2,3.5722228737430797
56,102,set,0.952,43.196171091394504,105.28274048440001,105.32707479849999,105.98712807519999,105.5323144527,0.006608258467167616,35.77087877425597,26.79590373267847,0.993391752243042,109.07162778507914,9.517707775893234,-16.748127474996245,-8.304460667882722,35.77087877425597,79.84621821639465,88.28988502350818,98.10747245577556,90.41726332895158,93.41639162963692,109.07162778507914,124.72686394052135,127.72599224120671,131.21312703527036,108.58723865795864,11.401947970675927,94.73300630866449,35.27153750343353,89.25458251573822,92.81238628350343,108.99277252931454,124.6966382126326,127.69958703031,131.19001153382578,2,-3.0549242052586294,0.0026059611700475216,48.15072956376959,11.845119462382026,0.9973939657211304,103.62048212415468,10.341982110907542,24.934722024926362,28.66724185439703,48.15072956376959,67.63421727314214,71.3667371026128,75.7065980428418,83.35056965801837,86.60943533916115,103.62048212415468,120.63152890914819,123.89039459029098,127.67953022123285,103.47592252729878,10.725746967384538,107.04349564828755,7.997369564427319,82.8800157368385,86.35557865485309,103.58661700456884,120.61851388721347,123.87891151017509,127.669520240186,2,2.056391925401229,0.0010639504762366414,43.801433538468174,10.28189032154733,0.9989359974861145,105.48463528852203,8.505664724424731,23.649298815244446,26.889228951153804,43.801433538468174,60.71363812578254,63.9535682616919,67.7206872291209,88.81383876407675,91.49406181691882,105.48463528852203,119.47520876012524,122.15543181296731,125.27177033749167,105.41900192747184,8.742210373227334,72.38183366303137,4.043830243701973,88.65993019201598,91.40987414779701,105.47328174097984,119.47087592929597,122.15164298335685,125.26846526060136,2,0.11331252522816726,0.008126296103000641,41.31599399065362,17.291870950049443,0.9918736815452576,114.44925122959148,8.378727509890899,7.424549703242292,12.87339734168798,41.31599399065362,69.75859063961924,75.20743827806493,81.54290121348971,98.02724707393034,100.66747089570936,114.44925122959148,128.2310315634736,130.87125538525262,133.94108615939368,113.85494616815085,10.731858567850479,72.06241619755875,43.11008237830463,96.68911879113666,99.99177066913207,114.36321691969805,128.1979737564487,130.8421286099274,133.91557789537552,2,-8.32263171545084,0.004485183861106634,36.88525073451969,11.275448577576414,0.9955148100852966,108.27975446391228,8.802433126989383,14.785777612936528,18.338788246188297,36.88525073451969,55.43171322285107,58.98472385610284,63.1158665618214,91.02730255869079,93.801040408986,108.27975446391228,122.75846851883855,125.53220636913376,128.7572760552707,107.95953633253153,10.023214555479928,77.70553092415155,22.759228544781486,90.31076465102457,93.42252949402761,108.23004966755457,122.73934376576483,125.51535409517706,128.7425139412554,2,-2.427221879831521
57,103,set,1.493,105.98712807519999,110.76630790189999,111.0150214425,110.8753531518,110.88556083206667,0.028197554871439934,40.09916081528313,18.876829732025538,0.9718024134635925,94.76021977937569,13.214297341603961,3.101254398218188,9.049538965215522,40.09916081528313,71.14878266535072,77.09706723234805,84.01323353101168,68.86067290882855,73.02463486942321,94.76021977937569,116.49580468932817,120.65976664992283,125.5012723069596,93.2189085693254,16.174541975025676,179.74162509280657,81.8739078479367,56.94730311619036,68.70427959388128,94.28153549399651,116.31219415979557,120.49786834626524,125.35933401304433,2,17.66665226274128,4.95818812851212e-06,77.48012208641504,14.340107783895364,0.9999949932098389,111.56818373592048,9.949495437630398,49.374027295557624,53.8927437871997,77.48012208641504,101.06750038563037,105.58621687727243,110.84020134299652,92.06753101381932,95.20272007899699,111.56818373592048,127.93364739284397,131.06883645802165,134.714171295031,111.56800929845738,9.949841695232823,98.99298342427377,0.005761365973219682,92.066796768958,95.20227607368426,111.56812357014716,127.9336337316449,131.06884267304372,134.71417285777045,2,-0.68244846639071,2.345019493077416e-05,63.58844583096707,5.541787512197513,0.9999765157699585,111.27283060996143,10.3779333441155,52.726741897086114,54.47301654173461,63.58844583096707,72.70387512019953,74.45014976484802,76.48057142835383,90.93245502153772,94.20264930863243,111.27283060996143,128.34301191129043,131.61320619838514,135.41551378198207,111.2717086146601,10.380435087918897,107.69969139661454,0.05331981579717148,90.9283633675131,94.20037585572449,111.27252602222656,128.3429056255954,131.61315034748472,135.41548670387405,2,-0.38614778259342586,0.016009703278541565,34.0153744838093,10.73940888803039,0.9839903116226196,95.32600166047754,13.741214577788494,12.966519848020386,16.350618823017633,34.0153744838093,51.680130144600966,55.06422911959822,58.99897551893411,68.39371598417533,72.72371502348369,95.32600166047754,117.9282882974714,122.25828733677976,127.29284698025481,94.34443813202591,15.711818828469884,187.6444906336897,59.216892898314875,62.92827814113751,70.34749040801393,95.04577590376182,117.82064731149696,122.16333762428471,127.20959212901013,2,16.54112270004076,0.007362866308540106,38.11741540490381,10.234548049484015,0.9926371574401855,99.12369262642612,12.182032807303237,18.058069829870476,21.283081925500905,38.11741540490381,54.95174888430671,58.17676097993714,61.926534501589785,75.2473470656264,79.08603177969155,99.12369262642612,119.16135347316067,123.00003818722584,127.46333874919178,98.67451391732371,13.23938682600452,148.08049392252607,27.201100839321324,73.51516311895821,78.20235169321083,99.01044085305303,119.11770518630767,122.96156364561027,127.42958917153774,2,12.211046914742965
58,104,set,0.053,110.8753531518,111.0185709645,111.0494169905,110.77108081659999,110.94635625720001,0.8640506267547607,115.76972702188118,10.193214354964399,0.13594932854175568,74.87505224081936,18.813035370582405,95.79139399945427,99.00338141982417,115.76972702188118,132.5360726239382,135.7480600443081,139.48268956619518,38.00218047459968,43.93036277755054,74.87505224081936,105.81974170408816,111.74792400703902,118.64071707942887,110.21011826915228,18.285031457624683,137.89284553534077,196.44898689039815,57.93142937176691,68.52079567265199,113.82514619008552,131.8201915847319,135.11987176126206,138.93612204791532,2,0.7362379880477334,0.9998038411140442,111.59411310013374,5.537596810010537,0.00019620155217126012,129.04600519296056,32.508823444970595,100.7406227916092,102.48557690259301,111.59411310013374,120.70264929767447,122.44760340865828,124.4764896663971,65.32988206104685,75.57374904157561,129.04600519296056,182.5182613443455,192.76212832487425,204.67283750173695,111.59754194974916,5.561072502962201,30.866313653271863,0.05974509546587976,100.73685038817062,102.48335943297243,111.59467017121281,120.70874693532568,122.45860494439516,124.4995403124023,2,-0.6511856925491486,0.9999984502792358,113.68487891124806,1.808258926384483,1.603116743353894e-06,105.40830390173694,29.32132116942589,110.14075654081141,110.71055765771717,113.68487891124806,116.65920016477895,117.22900128168472,117.89151822035798,47.939570430530324,57.179022429197765,105.40830390173694,153.6375853742761,162.87703737294356,173.61989706829957,113.68487171324752,1.808478159681951,3.271173540960409,0.00010981607322058187,110.13960503383396,110.70950719884806,113.68487086065028,116.66043123956229,117.2305462159378,117.89365310665903,2,-2.7385154560475087,0.9953540563583374,112.93775719764976,5.770954739899722,0.004645923618227243,30.06291186186975,45.057104178397026,101.62689375103558,103.44538136275291,112.93775719764976,122.4301330325466,124.24862064426392,126.36300548800139,-58.24738957545762,-44.049429365896955,30.06291186186975,104.17525308963643,118.3732132991971,134.88141037772036,112.55272473494544,8.622204004155263,42.58107810640588,31.761070123664798,101.16846477931134,103.20244285715114,112.90622494419875,122.42285696730615,124.24684838379312,126.37091015191811,2,-1.6063684777454341,0.9468257427215576,109.93518172571524,7.24575582143226,0.0531742200255394,80.51884725102488,13.039234708556505,95.73376127493657,98.01697398282764,109.93518172571524,121.85338946860284,124.13660217649391,126.79133037672322,54.96241683628949,59.071214747984186,80.51884725102488,101.96647975406557,106.07527766576025,110.85264319439484,108.37098698860854,10.115164125422531,58.75004513228532,43.56606264376955,79.53444768472394,92.16329451635193,109.43833352072487,121.66343569637837,123.96944705586895,126.64525897865454,2,2.575369268591473
59,106,set,0.229,110.7020056989,110.9039671458,110.749403559,110.8824099803,110.84526022836667,0.5553852915763855,100.2200575640422,16.810584690655826,0.4446146786212921,95.03794810092054,14.858578798977549,67.27191701129635,72.56910636444205,100.2200575640422,127.87100876364232,133.168198116788,139.3273255205329,65.91566879347414,70.59776087207807,95.03794810092054,119.47813532976302,124.16022740836695,129.60417130119026,97.91601264372554,16.17843805233632,255.11038396465074,6.6311881175076905,66.59872943891138,71.58157355482558,97.75979003686963,124.79119303421757,130.10876949046965,136.34146653484228,2,12.929247584641132,0.992953360080719,108.59472099824129,6.429476663276305,0.007046608254313469,125.55894539088908,23.80174508044373,95.99317829877896,98.0191729892514,108.59472099824129,119.17026900723117,121.1962636977036,123.55192036504931,78.90838226401596,86.40855866754683,125.55894539088908,164.7093321142313,172.2095085177622,180.93008445724138,108.71425780322623,6.859514048764262,45.03894109693919,2.013617646657836,95.92872569005826,97.98656970502259,108.6246422451414,119.42265688998329,121.64844641441415,124.59681097641786,2,2.131002425140437,0.9993897676467896,109.43721818892665,3.1966404319280257,0.0006102267070673406,109.68325179849946,20.00488938161366,103.17191807082315,104.17921258041011,109.43721818892665,114.69522379744319,115.70251830703015,116.87371586181541,70.47438909582893,76.77813694238922,109.68325179849946,142.58836665460967,148.89211450116997,156.22158368183858,109.43736770730784,3.23366494330259,10.456484428266961,3.6916030227279925e-05,103.16019911785536,104.1727390173973,109.43724273961853,114.70220159975577,115.71488695172273,116.89984934809516,2,1.4078925210588267,0.9457164406776428,103.26295839603088,9.521026125101642,0.05428354814648628,58.53272965643168,28.8713193387957,84.60209009496671,87.60226404185772,103.26295839603088,118.92365275020404,121.92382669709505,125.4121772808484,1.9459835662373237,11.04363532713937,58.53272965643168,106.02182398572396,115.11947574662602,125.69746202099327,100.83484171658802,15.286984246457763,130.97735593262104,102.71441778631323,55.672322656568355,80.46175997294125,102.66417668559306,118.75929028773179,121.82404142982072,125.417917528087,2,10.010418511778653,0.5848158001899719,99.6158026112482,11.827005525543225,0.4151841700077057,96.21069253670774,11.109658077758084,76.43529773622726,80.16210967658331,99.6158026112482,119.06949554591307,122.79630748626913,127.12953177186496,74.4361628237474,77.93693115331664,96.21069253670774,114.48445392009884,117.98522224966807,122.05562198722092,98.20205184238299,11.65600147837247,133.04679908573985,2.8152839751256615,75.4900322027902,79.11634120348101,98.15217550010198,117.45904660760215,121.19366658556395,125.54925636047739,2,12.643208385983684
60,107,set,0.053,110.8824099803,111.0754805652,110.78531611529999,110.9974497225,110.95274880099998,0.864068329334259,115.77437778919702,10.192961770187761,0.13593162596225739,74.88422948770382,18.813654136463796,95.79653982383536,99.00844765212597,115.77437778919702,132.54030792626804,135.75221575455868,139.48675273345287,38.01014496264176,43.93852224513076,74.88422948770382,105.82993673027687,111.75831401276588,118.65133379100604,110.21610826921922,18.283096765709782,137.88713486478386,196.38394943991148,57.94174200130442,68.53215230396752,113.83019787439507,131.82454030447192,135.12411761948468,138.940349015721,2,0.7366405317807647,0.9998038411140442,111.60037827173625,5.537358925935186,0.00019618526857811958,129.0509820485595,32.510948364520075,100.74735420743188,102.49223335867964,111.60037827173625,120.70852318479285,122.45340233604061,124.48220143688664,65.33069415085876,75.57523071554658,129.0509820485595,182.52673338157237,192.77126994626022,204.68275765941232,111.60380476743569,5.560853551624943,30.863689510879748,0.05973131810052062,100.7436047685588,102.49000173767878,111.60093539824253,120.71460099436737,122.46439600948943,124.50524087106494,2,-0.6510559664357061,0.9999984502792358,113.69119753994616,1.8079278264987066,1.6025619515858125e-06,105.41404519380272,29.32316811207833,110.14772411336091,110.71742089726327,113.69119753994616,116.66497418262905,117.23467096653141,117.89706659554071,47.94169178151581,57.181725770942904,105.41404519380272,153.6463646166625,162.8863986060896,173.6299349914783,113.69119028287462,1.808148972055592,3.2699759203967944,0.00010979338418614527,110.14660837618725,110.71639351800087,113.69118948175542,116.66622019871195,117.23623471214606,117.89919735043448,2,-2.7384414818746308,0.9953548908233643,112.94412393773388,5.770693468345053,0.004645129665732384,30.06611394189526,45.06050939538576,101.63377257395705,103.45217785630135,112.94412393773388,122.43607001916641,124.25447530151071,126.36876441955975,-58.250861598089564,-44.05182836938592,30.06611394189526,104.18405625317641,118.38308948188006,134.89253417704825,112.5591471489884,8.621818338138064,42.57791801459987,31.758093029123945,101.17546109950564,103.20925068290008,112.91259849279032,122.42871259966182,124.25269565683858,126.37667676136545,2,-1.6063983479884172,0.9468144178390503,109.94201354253093,7.245345538223649,0.0531856007874012,80.52628313302068,13.039161205050075,95.7413972320646,98.02448065546709,109.94201354253093,121.85954642959476,124.14262985299726,126.79720773206881,54.96999678251064,59.07877153248913,80.52628313302068,101.97379473355223,106.08256948353072,110.85990808166473,108.37752229593049,10.115261208782046,58.74565434864688,43.57307375371867,79.53861499389363,92.16849909313503,109.44508196966477,121.66955336414385,123.975438881338,126.65110627730975,2,2.5752265050694945
61,109,set,1.226,14.8024531217411,115.1893384434,115.2568753031,115.1871359006,115.21111654903332,0.0030519424472004175,25.52194007464061,14.019017739267161,0.9969480633735657,116.96486730786349,10.405931497927872,-1.9548297929511627,2.462707899909983,25.52194007464061,48.58117224937123,52.99870994223238,58.135052188525606,96.56961634633392,99.84863314168825,116.96486730786349,134.08110147403872,137.36011826939304,141.1726839254826,116.68578943756928,11.575601010673632,108.55274320625776,25.441874805117283,96.00928597975039,99.54810752263184,116.9249421246788,134.06576012184343,137.34662369039347,141.160760003287,2,-1.474672888535963,0.0008048157324083149,25.81213191802098,10.340988477143366,0.9991951584815979,116.57088851340583,10.673611221930228,5.54416693827628,8.802719515128327,25.81213191802098,42.82154432091363,46.08009689776568,49.86886847730428,95.65099493344002,99.01436038234395,116.57088851340583,134.1274166444677,137.49078209337165,141.40142128788167,116.49784143234784,10.979287405509975,113.92034797050349,6.624054001298433,95.50562430922031,98.93461653975972,116.56011386217081,134.12327155306033,137.48715598230075,141.3982121792989,2,-1.2867248833145197,0.0029715411365032196,20.955453215688998,3.560227197011657,0.9970285296440125,117.70408271702485,9.319626517487098,13.977536132766161,15.099400597913098,20.955453215688998,26.811505833464896,27.933370298611834,29.237780186559448,99.43795039338568,102.37466123790307,117.70408271702485,133.03350419614662,135.97021504066402,139.3847760528356,117.41659851571698,10.694199162461082,86.63501499570404,27.73185655741161,98.95012652586145,102.11277814543371,117.66926948660634,133.0200876209145,135.9583436874418,139.3743457369787,2,-2.2054819666836636,0.0046974108554422855,29.686830503013788,7.915597953012552,0.9953025579452515,116.28857624591461,8.6632034533259,14.172543599010206,16.666830500511438,29.686830503013788,42.70683050551614,45.201117407017364,48.10126497276657,99.30900948665283,102.03887462469298,116.28857624591461,130.53827786713623,133.2681430051764,136.44220118194258,115.88176863723875,10.490840504851462,74.99287012841322,35.064445407303175,98.56713880288247,101.64797707510746,116.23733217862936,130.51854680136174,133.25075866680635,136.42699307881054,2,-0.6706520882054292,0.0018134432611986995,26.76678744095215,3.5899099175486366,0.9981865286827087,116.00181634807078,8.424143990085781,19.730693294813666,20.86191109264321,26.76678744095215,32.67166378926109,33.80288158709063,35.11816674563955,99.4907975269231,102.14533255201673,116.00181634807078,129.85830014412483,132.51283516921845,135.59930581002075,115.83999043167859,9.234463561742107,70.86087745912528,14.414063332019857,99.22748318988003,102.00233845339851,115.98263525303304,129.8508913407286,132.50634901391422,135.59360373564013,2,-0.6288738826452658
62,110,set,1.493,115.1871359006,124.16596171440001,124.2099779614,124.18997091470001,124.18863686350001,0.03394746780395508,42.727640859462646,20.30362634172321,0.9660525321960449,93.88263335114868,13.377639506444522,2.9332644741264176,9.331147431011757,42.727640859462646,76.12413428791352,82.52201724479886,89.96093883485005,67.66294172035722,71.8783744889241,93.88263335114868,115.88689221337326,120.10232498194013,125.00367657665066,92.1460508905256,16.513615972484065,186.88036839485554,85.81914409182339,53.429278979337795,66.63030322969668,93.30078106944286,115.66288061120761,119.90480631742244,124.83052550463306,2,32.04258597297441,3.846086656267289e-06,81.98313198542856,14.468264488422218,0.9999961853027344,111.21830704532005,9.727792156899172,53.62585466932117,58.18495466595408,81.98313198542856,105.78130930490303,110.34040930153594,115.64134831913017,92.15218476870646,95.21751283381435,111.21830704532005,127.21910125682574,130.28442932193363,133.8485356486336,111.21819809537824,9.727963986193513,94.63038436717946,0.0032872201760935425,92.15163915896575,95.21716884782884,111.21826177956144,127.21913676792886,130.2844296147577,133.84851918164705,2,12.970438768121767,1.607638296263758e-05,68.17955035064904,5.47835198150849,0.9999839067459106,110.89705930225986,10.418553386409064,57.44217777225876,59.16846322414801,68.17955035064904,77.19063747715006,78.91692292903932,80.92410283607875,90.47706989389027,93.76006397703736,110.89705930225986,128.03405462748236,131.31704871062945,135.13423882331358,110.8963706882684,10.41991042447727,108.5449902928774,0.029335480052087824,90.47424524633549,93.75851083905012,110.89684959942187,128.03398445362782,131.317006549882,135.13421488633946,2,13.292266175231603,0.018055900931358337,34.34815024953228,11.317002114401623,0.9819440841674805,93.34881614035157,14.250094053495431,12.167233692341455,15.733338275441284,34.34815024953228,52.96296222362327,56.5290668067231,60.6754340588862,65.41914501919213,69.90949725205999,93.34881614035157,116.78813502864314,121.278487261511,126.4994921465827,92.28350457113702,16.23053926640723,201.7111538745645,61.71912410188243,58.59513014150064,67.06674997108452,93.02038133494865,116.66205752561123,121.1672976132651,126.40201695069925,2,31.905132292362993,0.008445942774415016,39.45609333824001,11.232171049418605,0.9915540814399719,98.39717060461129,12.428858918318086,17.441442613186073,20.980816049064487,39.45609333824001,57.931370627415525,61.470744063293935,65.58603057991806,74.03705475577839,77.95351693394763,98.39717060461129,118.84082427527494,122.7572864534442,127.31102012599412,97.8993600215843,13.539976907427928,154.2373920012025,29.093814730055428,71.9612782584752,76.9086172499047,98.26448199469169,118.78969542820869,122.71219885292751,127.27144664339484,2,26.289276841915708
63,114,set,0.893,24.2733057718037,133.9849108873,134.056451708,134.20350888489997,134.08162382673333,0.00550918048247695,32.63089451097631,23.301055231780335,0.9944908618927002,104.0737207819225,9.774668684017206,-13.038334545091757,-5.695930698814166,32.63089451097631,70.95771972076678,78.30012356704438,86.83725481233671,84.91572220043724,87.99582154476782,104.0737207819225,120.15162001907717,123.23171936340775,126.8130004944395,103.68013376795996,11.2237625553318,98.00893188188972,27.96436953151473,83.93303524560908,87.47991407489742,104.0060022648256,120.12564120118353,123.20885011421855,126.79294566746717,2,30.401490058773376,0.009218084625899792,32.93945955810907,11.040945663521178,0.9907819628715515,100.95116887751294,10.229646033818918,11.299603702343866,14.778720038492125,32.93945955810907,51.10019907772601,54.57931541387427,58.62454002984201,80.90143107663485,84.12489849635614,100.95116887751294,117.77743925866973,121.00090667839103,124.7488841804779,100.32423598037781,12.126430347262042,104.80473780396228,42.246053222619445,78.99631012214263,83.17846948587783,100.8318811223151,117.7315317588088,120.96035049275662,124.71339614819735,2,33.75738784635553,0.005202021449804306,30.827051641847376,7.522865377095719,0.994797945022583,102.63877196514821,8.94618593915301,16.082506442196433,18.453039241263824,30.827051641847376,43.20106404243092,45.57159684149832,48.327853518549446,85.10456972540968,87.92360557575012,102.63877196514821,117.3539383545463,120.17297420488674,123.45071260547087,102.26520241444607,10.324704592175305,79.91230094550873,26.68687333265181,84.24725624780562,87.4744307367786,102.58013980975547,117.33133991189956,120.15307701635143,123.43328901034374,2,31.81642141228727,0.009381571784615517,33.508815046050735,14.314095561183954,0.9906184077262878,107.6664545705454,8.353360113394977,5.453703274865525,9.964223045707328,33.508815046050735,57.05340704639413,61.56392681723594,66.80838082362845,91.29416959839781,93.9263998907959,107.6664545705454,121.40650925029489,124.03873954269298,127.09927611143937,106.97073714598032,11.05237645215006,71.0462120730193,51.108578715643475,89.70441736301512,93.13858855880923,107.56730244393326,121.36839752758773,124.00511056366122,127.06976410586672,2,27.110886680753012,0.006852553226053715,29.682839930828408,7.721284083417732,0.9931474328041077,104.29522560318637,9.190448114220887,14.549401212927288,16.982457801496075,29.682839930828408,42.38322206016074,44.81627864872952,47.64523274315263,86.28227829752936,89.17828368920081,104.29522560318637,119.41216751717191,122.30817290884336,125.67540503518678,103.78393880205623,11.053552963998388,84.29407607829425,37.886806579013054,85.0797164716122,88.56080942520724,104.21574880795558,119.38151878566802,122.28119795525768,125.65175649181928,2,30.297685024677108
64,117,set,1.493,129.9947898088,135.9740398363,136.0631594301,136.0646590144,136.03395276026666,0.04566566273570061,47.42286710528298,22.619471917368603,0.9543343186378479,93.19189818197289,13.734345341005888,3.0895167979253486,10.21714668227225,47.42286710528298,84.6285875282937,91.75621741264061,100.04362751217994,66.27307596236585,70.60091043401529,93.19189818197289,115.78288592993047,120.11072040157991,125.14276326736466,91.10182330925059,17.16610020362691,203.38262505406593,91.29221655587249,49.291316054606746,63.684264896438876,92.40628297337206,115.47835287679167,119.84251156198893,124.90857312795468,2,44.93212945101607,2.6386549052404007e-06,89.05638510047817,14.51655896500063,0.9999973773956299,111.22948492400675,9.392016779900215,60.60445234962488,65.17877043604196,89.05638510047817,112.93399976491436,117.50831785133144,122.82695118709589,92.82147029320647,95.7809920591988,111.22948492400675,126.67797778881472,129.63749955480702,133.0785831928835,111.2294282021409,9.392092557238376,88.21030389907607,0.0012972816484331632,92.82118910076706,95.7808258704699,111.2294576210088,126.6780112260299,129.63749589638394,133.07866077944902,2,24.804524558125763,9.38954053708585e-06,75.59291087208102,5.130706122328152,0.9999905824661255,110.73335229274196,10.519145607811472,65.53691165705868,67.15365029794744,75.59291087208102,84.0321714462146,85.64891008710336,87.52871815208744,90.11620575329877,93.4308974873026,110.73335229274196,128.0358070981813,131.35049883218514,135.20454431420023,110.73301924034665,10.519675243888873,110.65162941701459,0.011594571125035306,90.11453977200073,93.42995499430319,110.73322887079223,128.03579488687217,131.35047901255425,135.20453512201945,2,25.300933519920008,0.022305291146039963,34.96053335370989,12.090129368574392,0.9776947498321533,90.12369610664408,15.188024187645606,11.264315222874092,15.074040211497785,34.96053335370989,54.847026495921995,58.65675148454568,63.086380107171664,60.35571570253547,65.14161943536851,90.12369610664408,115.10577277791964,119.89167651075267,125.4563238864543,88.89326939400974,17.179968942880315,228.7911828818546,66.36047380670833,50.89178920965199,61.254369137814386,89.68936166609348,114.93933679703503,119.74490504267438,125.32764333306865,2,47.14068336625692,0.010451298207044601,41.94423781509115,12.538327022228604,0.9895486831665039,98.01871842356616,12.806585419290661,17.36956842513774,21.32052513667477,41.94423781509115,62.567950493507524,66.51890720504456,71.11274822728149,72.91827223682067,76.95375994778206,98.01871842356616,119.08367689935024,123.11916461031164,127.81129118745541,97.43266547918094,14.016304855845204,163.93756882083264,32.519056167937244,70.16978806139285,75.59905595717754,97.84919256518492,119.01843701252609,123.06163003073402,127.76086520743408,2,38.60128728108572
65,118,set,0.647,136.0646590144,130.6416280664,130.7823623244,130.63043291969998,130.68480777016666,0.11897145956754684,87.07907261975018,34.858514044257916,0.8810284733772278,130.57754563574647,10.837959048381471,18.757640538420986,29.741919363913688,87.07907261975018,144.41622587558663,155.40050470107934,168.1721026588324,109.33553623499878,112.75068938626468,130.57754563574647,148.40440188522825,151.81955503649417,155.7904086268904,125.40246005616709,21.127671329763263,248.05092367942302,198.32651764355458,58.98464545571856,80.0643002210103,129.1563087765871,148.25905398406758,151.9799855383677,156.57280500825308,2,5.28234771399957,0.08161813020706177,116.98074941096164,8.292148397882269,0.9183818101882935,128.65619605195852,15.485912516362754,100.72843719665087,103.34137904348515,116.98074941096164,130.62011977843812,133.2330616252724,136.27117120760622,98.30436525214947,103.18413668276602,128.65619605195852,154.12825542115098,159.00802685176757,164.68181571198147,127.70326025928117,15.364606908135793,225.8523839991156,10.217789402555299,98.57676537984403,103.2062191398839,127.29771726339837,153.48354815678553,158.4401689740764,164.18449665867288,2,2.981547510885491,0.07983116060495377,114.36678831394286,4.369902065114996,0.9201688766479492,124.06438122111896,14.292505576704771,105.80193765035027,107.17893905271573,114.36678831394286,121.55463757516999,122.93163897753546,124.53270069288982,96.05158504193973,100.55530158505196,124.06438122111896,147.57346085718595,152.07717740029818,157.31372118420296,123.29021574602308,14.014288994715201,189.49261516561322,6.9082471236864,96.563228508013,101.12293536718236,122.60028843004669,146.99205298564948,151.56506926839035,156.8651872580708,2,7.394592024143577,0.23785701394081116,90.43235737654888,17.69960291877359,0.7621430158615112,99.80537483646468,14.941315682241044,55.74177311509261,61.31910132000327,90.43235737654888,119.54561343309447,125.12294163800513,131.60779099800487,70.52093421762872,75.22909754510357,99.80537483646468,124.38165212782577,129.08981545530062,134.5640728092192,97.57593986626597,16.142607970001713,244.65790844298078,15.926167380000708,64.8493574687789,70.51283749949522,97.89163179121002,123.54714964023695,128.40118480231337,134.0392731289413,2,33.10886790390069,0.019990233704447746,91.25638781356459,19.051138620025256,0.9800097346305847,126.01815787908848,8.581125428765484,53.91684225383497,59.92005335686076,91.25638781356459,122.5927222702684,128.5959333732942,135.5759636403177,109.1994610918873,111.90346259425806,126.01815787908848,140.1328531639189,142.83685466628964,145.98084077717485,125.3232579811375,10.153448573499347,79.41908918581971,23.672931421460433,105.92820402205203,110.3403535222355,125.81404794186369,140.0574365940445,142.7728669496028,145.9290403680186,2,5.361549789029155
66,119,set,0.952,130.63043291969998,138.5936075084,138.3586485846,138.3411539893,138.4311366941,0.040331438183784485,68.28007441425457,41.166272241956825,0.9596685767173767,119.50177000159724,9.654630775882248,-12.404336557751776,0.5675822090001503,68.28007441425457,135.99256661950898,148.9644853862609,164.0471443265173,100.57904139683603,103.62131555301,119.50177000159724,135.38222445018445,138.42449860635844,141.96179978172017,117.43592713306283,16.10431084230392,157.8006815070297,101.5483517033645,80.76356662857097,99.56723757878527,119.1034550906303,135.38869172911606,138.5581032572033,142.37726698400795,2,20.995209561037157,0.000735066831111908,104.83259771083985,11.284612460186985,0.9992648959159851,117.51825516135406,11.294403127243282,82.71516370938141,86.2710619769595,104.83259771083985,123.39413344472018,126.95003171229827,131.08453191697063,95.38163180508067,98.9406152132559,117.51825516135406,136.09589510945221,139.65487851762745,143.79296586497668,117.50892597743518,11.2996501492779,127.56337475203294,0.11820434300528834,95.35657824603143,98.92042162750566,117.5105630425461,136.0921383841151,139.65149877091253,143.7900088759908,2,20.922210716664807,0.00026392735890112817,98.38366734226665,8.198571083847934,0.9997360110282898,114.87394647117198,10.572358137183656,82.31476329323317,84.8982179591799,98.38366734226665,111.86911672535338,114.45257139130011,117.456395753349,94.15250529063303,97.48396484379552,114.87394647117198,132.26392809854843,135.59538765171092,139.46892934720756,114.86958715764742,10.57523300892124,111.76298956903884,0.07175064156651383,94.13920600579982,97.47294945178491,114.87060427070455,132.26261443794465,135.5942191117829,139.4679269863769,2,23.561549536452574,0.03526513651013374,67.17635712135454,22.444268959445235,0.9647348523139954,107.41546816106668,10.722685503890478,23.186398301511595,30.258819919136684,67.17635712135454,104.09389432357239,111.16631594119747,119.3895344995608,86.39939075589162,89.77822001933245,107.41546816106668,125.05271630280092,128.43154556624174,132.36016478705085,105.99642921674341,13.556299556962035,128.68598291067295,55.087149203793025,76.31126617348168,85.94768046184522,106.9615604604771,124.88429175584645,128.28766286668872,132.24235962899914,2,32.43470747735658,0.006631782744079828,69.1398790078491,23.618550286730482,0.9933682084083557,117.08970031747236,8.37529623256807,22.84837107880918,30.29082090538472,69.1398790078491,107.98893711031347,115.43138693688901,124.08484325531126,100.67442134178495,103.31356393253976,117.08970031747236,130.86583670240495,133.50497929315978,136.57355290256936,116.77170648397082,9.408854432069667,73.3798426820004,15.146578399745126,99.73773196381245,102.816276965724,117.02260841206017,130.84131152838512,133.4843802234096,136.557196298524,2,21.659430210129173
67,120,set,1.226,138.3411539893,124.14026658370001,125.2731110412,125.3115715587,124.90831639453334,0.03970802202820778,60.574427199508996,35.19425667878583,0.9602920413017273,108.04676973137165,10.936487825894318,-8.40504835356949,2.6850264535470316,60.574427199508996,118.46382794547094,129.55390275258748,142.44851140265007,86.61164747525802,90.05784806483877,108.04676973137165,126.03569139790454,129.48189198748528,133.48884493461443,106.16174375098075,15.810568010636846,164.04119922941408,85.93357533793184,71.33202175289996,85.70658172711977,107.58280113208102,125.95556281378569,129.4831941040665,133.64324556675956,2,18.746572643552597,2.7556838176678866e-05,101.08024103480169,13.115793287997823,0.9999724626541138,114.42420658031016,9.886877800503818,75.37375856165377,79.50668087469268,101.08024103480169,122.65380119491068,126.7867235079496,131.59213886669454,95.04628217177408,98.16173977092545,114.42420658031016,130.68667338969485,133.80213098884622,137.4245237324138,114.42384109320085,9.887216633651136,97.75240129527968,0.004906674428259829,95.04484248985324,98.16072906477648,114.42397035144357,130.6866097996,133.802046464132,137.42450652585438,2,10.484475301332495,2.1852269128430635e-05,91.48822054569538,6.9892746907411585,0.9999781847000122,112.67753340205405,10.346203216817633,77.78949387378539,79.99188672086966,91.48822054569538,102.98455437052111,105.18694721760538,107.74770486358854,92.39934772035903,95.65954351569457,112.67753340205405,129.69552328841354,132.95571908374907,136.74640125989225,112.67707453307845,10.346593405372028,107.04265329092716,0.009811169923712832,92.39728672704089,95.65803183623875,112.67725024622821,129.6954425651773,132.95563303130308,136.74631913756193,2,12.23124186145489,0.02231292426586151,51.28135883532197,18.766798992183993,0.9776870608329773,100.17203705507865,11.86794965147877,14.499108705538745,20.41272144675888,51.28135883532197,82.14999622388504,88.06360896510517,94.939461773341,76.91128316784557,80.65099702636633,100.17203705507865,119.69307708379097,123.43279094231173,127.78101649602002,99.08114156197495,14.060888488772358,145.56394099921036,52.14449780870253,70.51773414941343,77.86919845977066,99.83581217466858,119.56337715779391,123.31834130039226,127.68075685560245,2,25.8271748325584,0.00681450217962265,56.97868912211426,19.48140542739304,0.9931855201721191,109.12388744172253,9.770315271795544,18.79583611620076,24.93462874675471,56.97868912211426,89.0227494974738,95.16154212802775,102.29921522145776,89.97442139140159,93.05314893045026,109.12388744172253,125.19462595299478,128.27335349204347,131.85303960297284,108.76854631322566,10.760936715839556,97.39483168054971,18.403191756192328,88.78003970212391,92.42554758338214,109.04050033616357,125.16245856311235,128.24500682411127,131.8282006086247,2,16.139770081307688
68,123,set,1.076,11.849616048740799,128.882604573,126.14310885239999,126.1831245212,127.06961264886667,0.00313553330488503,27.036080232813774,17.045173136063998,0.9968644976615906,113.50569607255844,9.965438348174775,-6.371845224121316,-1.0007346220569033,27.036080232813774,55.072895087684444,60.444005689748856,66.68908252055431,93.97379581998155,97.11400866140187,113.50569607255844,129.897383483715,133.03759632513533,136.6887723877199,113.23457122710367,11.103153773723783,99.90956620204012,23.370854575176153,93.42167280376415,96.81809714049533,113.46640991565246,129.8823101057431,133.0242656884406,136.67717117107284,2,13.835041421762995,0.0030518744606524706,23.409401188494734,10.319113165416502,0.9969481825828552,110.15427563196823,10.364219594456994,3.1843110318852723,6.435970471436708,23.409401188494734,40.38283190555275,43.634491345104195,47.41524816284826,89.84077849896819,93.10665144150413,110.15427563196823,127.20189982243234,130.46777276496826,134.26505585162568,109.88954744864796,11.415243825565597,107.4142066793826,22.89427375873673,89.28278715234848,92.80733602865703,110.11451068859583,127.18659773612521,130.45429333638157,134.25316955235067,2,17.180065200218706,0.005410958081483841,20.825851833153976,4.286477924066392,0.99458909034729,112.37863339780296,9.222856478418981,12.424509481457829,13.775223072905952,20.825851833153976,27.876480593402,29.22719418485012,30.797690638928824,94.30216686551984,97.20838446842261,112.37863339780296,127.54888232718329,130.45509993008608,133.83420595895674,111.88325057687283,11.39334901919236,84.70024415868072,45.1087639391493,93.37879096670166,96.72576367319289,112.31574596126696,127.52463536494659,130.43371155513265,133.81545808678118,2,15.186362071993841,0.005353000946342945,28.866039565990505,9.728301335734615,0.9946469664573669,113.51289674333367,8.231094380801535,9.798919317197754,12.864407829830565,28.866039565990505,44.86767130215044,47.93315981478325,51.497452696405404,97.38024820361264,99.97395129729237,113.51289674333367,127.05184218937495,129.6455452830547,132.66128565714084,113.05977833665908,10.297800180017061,67.8948489766034,38.14942290843732,96.5660220406744,99.54804025851429,113.45737710791133,127.03049090347886,129.62664631086878,132.64476100902917,2,14.009834312207587,0.0027975167613476515,25.653765272351947,4.353959488677465,0.9972025156021118,112.46665050568282,8.618569451367636,17.120161484397684,18.49213921580104,25.653765272351947,32.815391328902855,34.18736906030621,35.78258967249671,95.57456478274511,98.2903652844676,112.46665050568282,126.64293572689803,129.35873622862053,132.51644122614525,112.22379364395151,9.75443526986048,74.12497539840767,21.024439626717967,95.15126524612397,98.06273392986417,112.43634714393947,126.63123712131919,129.34845463982052,132.50741480938436,2,14.845819004915157
69,124,set,1.378,126.1831245212,123.7848045735,123.80112537690002,123.82913362689999,123.80502119243333,0.03469991683959961,50.02796100657169,27.133867509527917,0.9653000235557556,99.18924973559615,12.050186226753667,-3.153442073384575,5.396720620303967,50.02796100657169,94.65920139283939,103.20936408652793,113.1507760018678,75.57131872415835,79.3684572150797,99.18924973559615,119.0100422561126,122.80718074703395,127.22217484600077,97.48335119283145,15.705743768593495,165.7160105873317,80.95381031421613,62.9827848404726,74.98288775601273,98.68579497588385,118.82613977628239,122.65168455088799,127.09806514198401,2,26.32166999960188,7.685174750804435e-06,90.57814022191732,14.171799454875007,0.9999923706054688,111.53186498518039,9.621135228002705,62.80192369423793,67.26760448813727,90.57814022191732,113.88867595569738,118.3543567495967,123.54667575509893,92.67478644790552,95.70650581000956,111.53186498518039,127.35722416035122,130.38894352245526,133.91397246870392,111.53171017341582,9.621318032824378,92.56708034085278,0.003374216031385502,92.67403964317013,95.70605629456703,111.5317845274082,127.35723998040571,130.38898384945122,133.9139694697421,2,12.273311019017513,1.3214403224992566e-05,78.54046028267565,6.618931282882496,0.9999867677688599,110.7376288603887,10.178659324264133,65.56759335208046,67.65328715548381,78.54046028267565,89.42763340986748,91.51332721327084,93.93839700103176,90.78782317392819,93.9952241533694,110.7376288603887,127.48003356740799,130.6874345468492,134.41673133997654,110.73720141979935,10.17930404739388,103.60431363905049,0.013698631366210752,90.78562186889117,93.99396597761334,110.73746051907726,127.47999179274629,130.68741658408686,134.41672886087517,2,13.067819772633982,0.01785924844443798,41.01265704746902,14.952269041126305,0.9821407794952393,96.70209421501333,12.863205838506357,11.706748239708208,16.418363084018196,41.01265704746902,65.60695101091983,70.31856585522982,75.79683634337988,71.49067404581552,75.54400343732279,96.70209421501333,117.86018499270386,121.91351438421114,126.62638577077233,95.70752542273253,14.86262216907772,166.49983936585096,54.39795430040779,65.80588052817325,73.05698792304062,96.4089744299658,117.74762629609211,121.8142218818104,126.53940295325187,2,28.0974957697008,0.007415119558572769,46.22401689686711,15.420922052405917,0.9925848841667175,102.10910837067802,11.109722226272787,15.999565065752016,20.858857328031288,46.22401689686711,71.58917646570293,76.4484687279822,82.09844612923114,80.3344529289392,83.83524147236983,102.10910837067802,120.3829752689862,123.88376381241683,127.954187052952,101.694714116244,12.135105369305565,124.27406168996177,22.986759160449022,78.77401586720312,83.03084441581228,102.00511849691085,120.34288584303614,123.84846044431634,127.92319923941491,2,22.11030707618933
70,127,set,1.493,13.3695755788124,108.2736907707,108.2514095686,108.2729170456,108.26600579496666,0.0038054808974266052,21.573267560777992,8.01531147340629,0.9961944818496704,114.86775613950329,12.38832774844593,5.863545748030983,8.389253412599901,21.573267560777992,34.75728170895608,37.282989373525,40.219670366711874,90.58707992387107,94.49077031060843,114.86775613950329,135.24474196839813,139.1484323551355,143.68731606002163,114.51272146622439,13.642871175868427,153.13111295389677,32.99633246404335,89.74305776327509,94.04157507477831,114.80844508292832,135.22187387329043,139.12827889226358,143.66968485678197,2,-6.246715671257732,0.00011688499944284558,22.78073505300209,9.953335661734448,0.9998830556869507,126.1308293994519,11.28101212479937,3.2725556299644225,6.408954789532746,22.78073505300209,39.15251531647142,42.28891447603975,45.93565630929291,104.02045192568546,107.57521569029211,126.1308293994519,144.68644310861168,148.24120687321835,152.37438797300786,126.11874184245742,11.336101897263939,127.25793174946237,1.2483310372027845,103.99832609982401,107.56302759718659,126.12917746571645,144.68589107693114,148.24072294720202,152.37401145392877,2,-17.852736047490765,0.002569877775385976,13.671143468707513,1.9299506634140868,0.997430145740509,122.92086979805215,10.14914165250977,9.888509676476717,10.49665712015345,13.671143468707513,16.845629817261575,17.453777260938306,18.160880091544584,103.02891768513767,106.22701734047719,122.92086979805215,139.6147222556271,142.81282191096662,146.5313039047076,122.64011424498564,11.547447529071308,102.7499402970007,30.593957832768393,102.57299691122405,105.98127518889311,122.8880961227462,139.60208082468927,142.8017055747626,146.52156707695133,2,-14.37410845001898,0.006497989408671856,25.795602984066264,4.211278157173461,0.9935019612312317,110.94375942096246,10.611521473622544,17.54164946712607,18.868666833137983,25.795602984066264,32.72253913499454,34.04955650100646,35.592500972001375,90.14555951148887,93.48935983760099,110.94375942096246,128.39815900432393,131.74195933043606,135.629849841463,110.3904621260729,12.601355849656406,111.98792126308926,46.80564648177125,88.83930159711213,92.81562092338443,110.85677331835439,128.3646320906785,131.71238380793372,135.60396256454595,2,-2.124456331106245,0.0016399816377088428,24.606783999636818,1.8698383264827583,0.9983599781990051,116.07019866474243,8.9987416144632,20.941968222817962,21.53117364650878,24.606783999636818,27.682394352764852,28.27159977645567,28.956678415250067,98.43298919421274,101.26858588219349,116.07019866474243,130.87181144729138,133.70740813527212,137.00440208859175,115.92019568240892,9.72356306474283,80.85027988363117,13.696859096574014,98.17948411755562,101.13066538042914,116.05167257667017,130.86468312096432,133.70114085178457,136.99887737691523,2,-7.654189887442257
71,129,set,0.952,21.802528395613,114.8096266953,114.8924910748,114.65400916969999,114.7853756466,0.004583113361150026,30.9809038357943,21.706434079777345,0.9954168796539307,107.64968507966054,9.778939237740712,-11.562925193362133,-4.7230029885105225,30.9809038357943,66.68481066009912,73.52473286495072,81.47762061029198,88.48331636668317,91.56476140672466,107.64968507966054,123.73460875259642,126.8160537926379,130.3988995857532,107.29830261203433,11.142953872282682,97.34880179971466,26.81653878324824,87.67233919294348,91.1359227154917,107.59327830380117,123.71288523990125,126.79697270904214,130.38225972549714,2,7.487073034565668,0.005848374683409929,31.15387228712224,10.927326616138526,0.9941516518592834,103.72424769239373,10.250290495919952,9.736705672184783,13.180019469683423,31.15387228712224,49.12772510456105,52.57103890205969,56.57463532952599,83.63404748931741,86.8640201928736,103.72424769239373,120.58447519191387,123.81444789547004,127.56998919587815,103.29983169922889,11.65212964872402,105.15231210432974,30.62009647958107,82.51439896116354,86.28189066658348,103.64867151315539,120.55534628849688,123.78874790117516,127.54751097039863,2,11.485543947371113,0.004422481171786785,28.782724009667305,6.596799377096825,0.9955775737762451,105.92332559772655,8.960509767914871,15.853234817321264,17.931954627978378,28.782724009667305,39.63349339135623,41.712213202013345,44.129174216050444,88.36104916949404,91.18459860663766,105.92332559772655,120.66205258881541,123.48560202595905,126.7685884466375,105.58217855990132,10.311539692679212,80.12811193075768,26.200351441426243,87.64269624231531,90.8048886793166,105.87343807414946,120.64280514792394,123.46865502232255,126.75367327409312,2,9.20319708669868,0.007462112698704004,32.60831423380143,13.143597659838703,0.9925379157066345,110.5133389244449,8.25562383732417,6.847336193232632,10.989019951824847,32.60831423380143,54.227608515778,58.369292274370224,63.18489470701536,94.33261353337916,96.9340461128752,110.5133389244449,124.0926317360146,126.69406431551063,129.71879188728488,109.9320059895768,10.671764684005222,68.93585517056464,44.951049580039154,93.13971400589465,96.32648228710424,110.43554731576575,124.06263256900907,126.66765494782499,129.69569486855914,2,4.853369657023208,0.004888355731964111,28.896101163692435,6.7685757351932265,0.9951116442680359,107.37160928699439,8.979783055514162,15.62993649608199,17.762784816364125,28.896101163692435,40.02941751102074,42.162265831302875,44.64216293554362,89.77155790920358,92.60118055889454,107.37160928699439,122.14203801509423,124.97166066478519,128.26170850753772,106.98799308704105,10.508263029413653,80.46627706853927,29.95731482680186,88.9681790065289,92.17876752356814,107.31632267106141,122.12074853329196,124.9528907833152,128.24525691799414,2,7.7973825595589545
72,130,set,0.299,114.65400916969999,114.8021270538,114.7735609461,114.8415869407,114.80575831353333,0.4307112991809845,97.08786734529876,19.873880741037375,0.5692887306213379,105.18599722403931,13.852794236974598,58.1357768598213,64.39824252680242,97.08786734529876,129.7774921637951,136.03995783077622,143.32142755615226,78.03501943432508,82.40017837993918,105.18599722403931,127.97181606813943,132.33697501375354,137.4124156467504,101.69804431781762,17.188506681776488,279.36498612976663,16.080084049996444,65.3888188320274,72.15160722302876,102.39927206286964,128.6310993826607,133.79989496379568,140.03017336644018,2,13.107713995715713,0.9738842248916626,110.46954152603251,6.695446428433653,0.026115786284208298,126.5279781996777,21.934630392981,97.34670766588522,99.45651218416414,110.46954152603251,121.48257086790089,123.59237538617981,126.04547909057348,83.53689261523729,90.4487218419429,126.5279781996777,162.60723455741248,169.51906378411812,177.55555898226066,110.88892146085327,7.923499567787248,56.22329501553913,6.558687807640202,97.14014320382971,99.3545694928757,110.58938919863893,122.51673135298763,125.62094231320587,133.64087035347666,2,3.9168368526800634,0.9955999851226807,110.74105813307045,3.522993661723369,0.004400047939270735,113.45508289445904,18.29815800875089,103.83611743832977,104.94624923085772,110.74105813307045,116.53586703528319,117.64599882781114,118.93676694827997,77.59135221388414,83.357291327234,113.45508289445904,143.55287446168407,149.31881357503394,156.02296387698004,110.75300363344442,3.7231668443106463,13.830109056603792,0.03226783939924998,103.76172506931523,104.90497230522979,110.74335690921919,116.59460177280465,117.75117529040466,119.16882145185187,2,4.05275468008891,0.8836286067962646,102.11024166110441,11.053903663490857,0.11637142300605774,69.18618371109781,25.301719108287,80.44498859208696,83.9281881282393,102.11024166110441,120.29229519396951,123.77549473012185,127.82546694851862,19.595725511906387,27.568559267724552,69.18618371109781,110.80380815447106,118.77664191028921,128.04678416823978,98.27882522945058,17.144492655426486,182.46781420036058,111.46610206412049,49.202905692345084,64.53617600199419,100.6709362144331,119.91480827420384,123.55176878748972,127.83778793516353,2,16.526933084082756,0.34495314955711365,98.73711763970692,13.519205923398742,0.6550468802452087,104.41584084795365,10.493319816720913,72.23996093026481,76.50000274310067,98.73711763970692,120.97423253631317,125.23427434914902,130.18749359832594,83.84931192892022,87.15586568865848,104.41584084795365,121.6758160072488,124.98236976698708,128.82695309521296,102.45695050364041,11.935669664387726,135.17377291134153,7.2867502737391305,77.89381267654481,82.28312178697192,102.78075777623432,121.478865968208,125.05652943727483,129.2585371493908,2,12.348807809892918
73,131,set,0.299,114.8415869407,114.808572205,114.77055758750001,114.816626366,114.79858538616666,0.43177327513694763,97.20773419072785,19.863232087596945,0.56822669506073,105.36799725166625,13.863072700028104,58.276514682477476,64.53562484846515,97.20773419072785,129.87984353299055,136.1389536989782,143.41652192928882,78.19687404455073,82.56527184033308,105.36799725166625,128.17072266299942,132.53912045878178,137.61832695505024,101.8446106036548,17.201674806025476,279.5598024376683,16.337504575219643,65.50620578923814,72.26867940403247,102.54956230328271,128.79517133814238,133.96094713084733,140.1838965959239,2,12.953974782511864,0.9739633202552795,110.61848368575001,6.688073358525163,0.026036709547042847,126.64432222250778,21.96795287351359,97.51010077707885,99.61758196466238,110.61848368575001,121.61938540683764,123.72686659442117,126.1772689247842,83.58792577634796,90.51025526180993,126.64432222250778,162.77838918320563,169.7007186686676,177.7494226868355,111.03574708566708,7.914748650677011,56.130776580712286,6.512837053637468,97.3022556070107,99.51479171471837,110.73747619757675,122.64773360470312,125.74343912136499,133.7175700964873,2,3.762838300499581,0.9956523776054382,110.89252346769953,3.503873060953341,0.004347683861851692,113.58416039745734,18.33718302495495,104.02505846183087,105.12916515501287,110.89252346769953,116.6558817803862,117.7599884735682,119.04375111395731,77.64394209062638,83.42217839078721,113.58416039745734,143.74614240412745,149.52437870428827,156.24282714345907,110.9042326704039,3.703548883415429,13.685668734356826,0.03136162971862659,103.95158056231149,105.0884038373683,110.89475902339835,116.71353427020439,117.86336780112333,119.27185645966439,2,3.894352715762764,0.8841610550880432,102.24418375980089,11.03851002460361,0.1158389300107956,69.22150782575319,25.344436673368563,80.60910166859347,84.08745050969145,102.24418375980089,120.40091700991033,123.87926585100831,127.92359808811601,19.547324737494662,27.53361924052099,69.22150782575319,110.90939641098538,118.89569091401171,128.18148419960687,98.41887078995049,17.141501328062784,182.14191108468484,111.68901235855864,49.29011235674876,64.69201894812355,100.81293380346443,120.02614331689507,123.65771895313358,127.93794044378876,2,16.379714596216175,0.3441540002822876,98.89025083571823,13.495644708519881,0.6558460593223572,104.56734360254964,10.492525310637788,72.43927325887071,76.69189068886085,98.89025083571823,121.0886109825756,125.34122841256575,130.285815212194,84.00237188682463,87.30867528946695,104.56734360254964,121.82601191563234,125.13231531827465,128.97660755227156,102.61355564957034,11.923072267102677,134.885720549184,7.274559346968762,78.08514078909525,82.46466072537777,102.93498885824253,121.61968410275499,125.19360193437254,129.38998817528415,2,12.18502973659632
74,132,set,1.076,114.816626366,119.6958576136,119.70716276179999,119.7128662959,119.7052955571,0.023744184523820877,55.91734526424297,37.79880932698173,0.9762558341026306,111.85677988499768,9.57715473903796,-18.166959675137917,-6.256163351690098,55.91734526424297,118.09085388017601,130.00165020362385,143.85052498334204,93.08590152211617,96.1037621766156,111.85677988499768,127.60979759337975,130.62765824787917,134.1365734515188,110.52854571069915,14.00017437755139,123.46853637289979,72.53657378009875,87.86746561703279,93.94413156610388,111.60587390923922,127.56303884319665,130.62438430166898,134.21795737621036,2,9.176749846400853,0.00016957979823928326,92.60439401008028,12.829129612926026,0.9998303651809692,111.63215584220644,10.406825567851522,67.45976201574898,71.50235363562837,92.60439401008028,113.7064343845322,117.74902600441158,122.44941241090514,91.23515253582686,94.51445106187455,111.63215584220644,128.74986062253834,132.02915914858602,135.8420523774917,111.62892297610443,10.410265592310433,108.31155716315747,0.0613869242959532,91.22207024661095,94.50568706099196,111.63024979810629,128.74910015326466,132.02844604622712,135.84145382532128,2,8.076372580995567,6.0971917264396325e-05,84.15759022538994,10.774257568641914,0.99993896484375,110.09666759291161,9.497009188482922,63.040433430693696,66.43551358589993,84.15759022538994,101.87966686487994,105.27474702008618,109.2222614145685,91.48287162263912,94.47547758404401,110.09666759291161,125.7178576017792,128.7104635631841,132.19001472828518,110.09507907523087,9.499291793174548,90.19475647330147,0.041021583478547514,91.47562166218043,94.4710756959809,110.09595423440595,125.7176009755551,128.71026799922737,132.1898219644023,2,9.61021648186913,0.016492251306772232,56.06243183094142,22.113425667727643,0.9835077524185181,109.39184647904932,9.817612773541306,12.720913947391637,19.68908341705781,56.06243183094142,92.43578024482503,99.4039497144912,107.50595262081978,90.14967902874797,93.2433105004848,109.39184647904932,125.54038245761384,128.63401392935066,132.23102908293333,108.51232477814605,12.206206334818408,102.86067687740295,46.130840075772866,86.57311456770778,91.59998826255772,109.18885781279396,125.46255997130841,128.5657020188922,132.17167178731776,2,11.19297077895395,0.004939152393490076,56.570791436393804,22.82028349693172,0.9950608611106873,110.45589927523935,8.692013486777462,11.843857665413864,19.034765358404826,56.570791436393804,94.10681751438277,101.29772520737373,109.65870943449019,93.4198658880191,96.15880936600232,110.45589927523935,124.75298918447636,127.49193266245959,130.67654637133842,110.1897540074997,9.592727934393903,77.75008045579274,14.270512732284656,92.68310540559304,95.76486045164913,110.40281608091615,124.73272914280494,127.47439377914458,130.66159346367644,2,9.5155415496003
75,134,set,1.378,31.345122651897697,119.6443309046,119.6518895785,119.6573301242,119.65118353576668,0.004760350100696087,26.318162130533267,12.367393949815046,0.9952396154403687,112.98885683531896,11.386647354956478,2.078515406277205,5.975609336242286,26.318162130533267,46.660714924824234,50.55780885478932,55.08902275311105,90.67143811494599,94.2594886347014,112.98885683531896,131.7182250359365,135.3062755556919,139.47815970197473,112.57627009157792,12.859070273443171,129.76663394331706,35.588617641592634,89.6820962995307,93.73852161639283,112.9205966397216,131.691946622043,135.2830881156107,139.45789271062404,2,7.074913444188752,0.0001332382089458406,36.688157095954466,11.202090073519521,0.9998667240142822,119.3134513452722,11.048684914534423,14.732464000282555,18.26235860908879,36.688157095954466,55.11395558282014,58.64385019162637,62.74811552330061,97.65842683625372,101.13998189055623,119.3134513452722,137.48692079998816,140.96847585429066,145.01653600714647,119.30243799177576,11.089811277262367,122.07388852224734,0.9094879635442434,97.63372639479205,101.12633136360962,119.31160663881259,137.4862648428379,140.9679425686078,145.0160280781068,2,0.3487455439909155,0.0009426766191609204,27.781777314814754,3.6774198512341316,0.9990573525428772,118.69322073946279,9.685671306647073,20.574166850363213,21.732959934688946,27.781777314814754,33.83059469494056,34.989387779266295,36.33673516768886,99.70965381234151,102.76170916126453,118.69322073946279,134.62473231766103,137.67678766658406,141.22546159233957,118.60752410866843,10.075708875208084,93.7365450104056,7.783774571651892,99.55474471987193,102.67687041261826,118.68176620974444,134.62034387515928,137.67290171992798,141.2220866013807,2,1.0436594270982482,0.005840786267071962,31.518088843613228,7.143545854674726,0.9941592216491699,113.41233860082968,9.823360747744028,17.516996246540362,19.768001535257348,31.518088843613228,43.26817615196911,45.51918144068609,48.13646155574904,94.15890532810693,97.25434804605018,113.41233860082968,129.5703291556092,132.66577187355244,136.26489299228024,112.93401268929509,11.626528500679644,96.23284728712433,38.94341865446442,93.08749977374225,96.69722636239915,113.34000493256623,129.5424537194508,132.64116858376156,136.24332761859657,2,6.717170846471589,0.0019310940988361835,29.62018286909383,3.8104722233959807,0.9980688691139221,113.82378182841478,9.036663409857137,22.151794547147446,23.35251381204311,29.62018286909383,35.88785192614455,37.08857119104022,38.48466682508275,96.11224700468387,98.9597932431716,113.82378182841478,128.68777041365794,131.5353166521457,134.8462045403586,113.6611725681007,9.75692538943464,81.53162585648084,13.665491949209889,95.81083358165739,98.79627943650203,113.80186872947073,128.67931672780207,131.5279054098502,134.83966468475063,2,5.990010967665981
76,137,set,1.153,15.69870788645,105.001075211,105.00908013509999,104.667895049,104.89268346503333,0.003155635204166174,26.669011740273355,15.941344251476934,0.9968444108963013,115.73004047411925,10.126532642146008,-4.57544885777607,0.4478338297495057,26.669011740273355,52.8901896507972,57.91347233832278,63.7541240490499,95.88240120724383,99.0733765292429,115.73004047411925,132.38670441899558,135.57767974099465,139.2878781575808,115.44900169173643,11.312624655786196,103.02499861153353,24.95109243995649,95.31744827750695,98.77070330047549,115.68986227927417,132.37126123237312,135.56405740044366,139.27596862969224,2,-10.556318226703098,0.0013734663370996714,26.627109395899453,10.467306257582113,0.9986265897750854,113.36138329731855,10.524225368319387,6.1115661158877685,9.409922733703667,26.627109395899453,43.84429605809523,47.14265267591114,50.97770505515999,92.73428061022977,96.05057302938371,113.36138329731855,130.6721935652534,133.98848598440733,137.84439260883505,113.2422630527971,11.00341463742274,110.75768477401924,10.318168481039132,92.4870993630228,95.91576378972618,113.34324132976765,130.66524828611074,133.98235426457245,137.83901818491188,2,-8.34957958776377,0.0032543824054300785,22.67812950373723,4.162785889341387,0.9967455863952637,115.23172946620937,9.181810784001824,14.519219085276573,15.83095603543164,22.67812950373723,29.525302972042823,30.83703992219789,32.362217607493776,97.23571101670431,100.12899469616183,115.23172946620937,130.3344642362569,133.22774791571442,136.59181546341728,114.93052106378228,10.577095789102865,84.08767831870038,27.786864900752185,96.70649282233876,99.84570089359738,115.19415699660854,130.31998393980976,133.2149994641878,136.580668102506,2,-10.03783759874895,0.0048580653965473175,30.319778551862754,9.158753402248847,0.9951419830322266,115.90920727568022,8.413272821484982,12.368951740171322,15.254969799819596,30.319778551862754,45.3845873039059,48.27060536355418,51.626225058048675,99.41949555345997,102.07060496072839,115.90920727568022,129.74780959063204,132.39891899790047,135.4814066176674,115.49341384702757,10.308310695067668,70.84680173110807,35.415113633209735,98.67192716185662,101.67734920229312,115.8577303772467,129.7280067475233,132.38146535785057,135.46611779073896,2,-10.60073038199424,0.002150930929929018,27.121967075434583,4.227836158423908,0.9978491067886353,114.64378160042342,8.480088177042335,18.83556047238754,20.167795436094437,27.121967075434583,34.07613871477473,35.408373678481624,36.95738473437704,98.02311418769652,100.69527780554704,114.64378160042342,128.5922853952998,131.2644490131503,134.37141670276472,114.45553254671695,9.393402551021651,71.79566770953761,16.440837891793713,97.70680465957918,100.52406665626437,114.6208713311269,128.58347060940312,131.25666312787206,134.36462417153345,2,-9.562849081683623
77,139,set,0.053,107.18231937600001,107.15526036419999,107.3183149221,107.2572968479,107.24362404473334,0.8545248508453369,113.34883691698488,10.326276416224822,0.1454751193523407,70.05792226717473,18.496646877510855,93.10970704677888,96.36362370085402,113.34883691698488,130.33405013311574,133.58796678719088,137.37134810462757,33.8051605524982,39.63364556426036,70.05792226717473,100.48219897008909,106.31068398185126,113.08755740755626,107.05108256337317,19.335577739268565,140.8904935422944,232.97373143634894,52.54385141833018,62.615054256452225,111.1875466026156,129.5440015853978,132.89353498007839,136.76513122301736,2,0.19254148136016624,0.9997953772544861,108.2941103669315,5.662326580603576,0.00020464678527787328,126.440431514239,31.421439299412707,97.19615420024466,98.98041195384198,108.2941103669315,117.60780878002103,119.39206653361835,121.46665176984358,64.85554214497861,74.75676311856446,126.440431514239,178.12409990991353,188.02532088349938,199.53763002773107,108.29782655658377,5.685465949721048,32.25743087520247,0.06737413866369014,97.19264481419755,98.97849621617114,108.29474333459598,117.61463467441843,119.4036507635056,121.49126440001035,2,-1.0542025118504341,0.9999980926513672,110.3513879805169,1.9857299686414456,1.912960215122439e-06,102.38903645170618,28.39797546737855,106.45942875895781,107.08515283945079,110.3513879805169,113.61762312158302,114.243347202076,114.97088667148512,46.7300273017922,55.67852350610962,102.38903645170618,149.09954939730272,158.04804560162015,168.4526063073062,110.35137336810111,1.9861298118844126,3.9446586846705736,0.00012127961315099276,106.45849720806196,107.08438063038365,110.35139223886351,113.61869721000977,114.24473773515503,114.97159544162969,2,-3.10774932336777,0.994924783706665,109.58136792002499,5.903918573747009,0.005075223743915558,28.338706700887805,43.31317067628962,98.00990014782377,99.87028604077105,109.58136792002499,119.29244979927891,121.1528356922262,123.31593634257158,-56.553547880876245,-42.905119180775365,28.338706700887805,99.58253258255095,113.23096128265183,129.10020922164225,109.16904405323154,8.805048633373675,44.200627321728895,33.32834290947324,97.49292399610904,99.59624103389939,109.54591563858378,119.28346684248373,121.14861390187248,123.32169082788857,2,-1.9254200084982074,0.9525308609008789,106.34444188675765,7.4531145587770835,0.04746916890144348,76.6091636698268,13.082897127802521,91.73660577890342,94.08515937266834,106.34444188675765,118.60372440084696,120.95227799461188,123.68297909555156,50.96715648589134,55.08971287812781,76.6091636698268,98.12861446152577,102.25117085376226,107.04453358938522,104.93293611205809,10.05066715160894,61.036984627236485,39.97925371621438,77.44914565733085,89.26471645541235,105.89038406546922,118.42960244390946,120.7988549848998,123.5488484443372,2,2.3106879326752505
78,141,set,1.378,107.26379707400001,108.83474771339999,109.205952598,109.283992048,109.10823078646666,0.023422442376613617,43.748898577782526,23.983116987197544,0.9765775799751282,99.80340761534717,11.708678244466968,-3.257146954135436,4.300181615789164,43.748898577782526,83.19761553977588,90.75494410970049,99.54197179382231,76.85481994962424,80.54434573812787,99.80340761534717,119.06246949256646,122.7519952810701,127.04186635719114,98.49047633824544,14.806291814041137,147.3544452771015,71.87204882569365,69.62746648678684,77.62622089910148,99.45850213401677,118.9300031679477,122.63558918250638,126.94045238973276,2,10.61775444822122,1.1859934602398425e-05,81.13176091687616,14.176311233742338,0.9999881982803345,111.00319569268808,9.961952277328972,53.34670146511059,57.81380396726217,81.13176091687616,104.44971786649015,108.91682036864172,114.11079241723394,91.47812801341652,94.61724235780603,111.00319569268808,127.38914902757011,130.52826337195964,134.17816219434866,111.0028478814692,9.962508251159536,99.24170543226748,0.010582525198377147,91.47656839242171,94.61633708309289,111.00305205814423,127.38914639658098,130.52826683083492,134.17815250665438,2,-1.8946170950025305,2.4147519070538692e-05,68.8085358922878,7.234320012259349,0.9999758005142212,110.7125681739787,9.96174914036575,54.6295292156221,56.909138381595376,68.8085358922878,80.7079334029802,82.98754256895347,85.63808087293845,91.18789863583898,94.32694896966737,110.7125681739787,127.09818737829,130.2372377121184,133.88706210839672,110.71155054219231,9.963851963714134,99.23530823434807,0.04240076205556199,91.18387922910081,94.3247011318306,110.71226731981491,127.09811517090412,130.23716388208373,133.8870449845004,2,-1.60331975572565,0.013256436213850975,39.63012558577008,13.94312470066587,0.9867435693740845,100.83357395864621,11.892390235579997,12.302103340514147,16.695726350843156,39.63012558577008,62.564524820696995,66.95814783102601,72.06668409065045,77.5249174068136,81.27233274653017,100.83357395864621,120.39481517076224,124.14223051047881,128.4994107004518,100.02223491267496,13.824968352241502,142.1312959046511,48.99850994003542,73.98838042079178,79.62523356301054,100.63332576904438,120.31784395311622,124.07428891470988,128.43990243176358,2,9.085995873791703,0.005704300478100777,42.45782151520952,13.506888072148687,0.9942956566810608,102.33861037344133,10.771240583809865,15.98480735058444,20.240967680908163,42.45782151520952,64.67467534951086,68.93083567983459,73.8795418667602,81.2273667603578,84.62149623239478,102.33861037344133,120.05572451448788,123.44985398652484,127.39626300636984,101.9970279766564,11.693425881588047,116.39847785578736,20.337285302297452,80.08686238121243,84.02634153859462,102.26116252739239,120.0259080750359,123.42353252512824,127.37322277152448,2,7.1112028098102655
79,142,set,0.647,109.283992048,110.20074277500001,110.281500146,110.301558947,110.26126728933333,0.0632939338684082,71.12761695864344,36.94382455876783,0.936706006526947,116.43659894358805,9.929508497805054,-1.2809486277078719,10.360433139695282,71.12761695864344,131.89480077759157,143.53618254499474,157.07180467987078,96.97511990370573,100.10401087712793,116.43659894358805,132.76918701004817,135.8980779834704,139.5360899277273,113.56880829402594,17.333611500332704,178.7411423393854,121.71217653186777,61.28737461666857,91.25324052065221,115.78588422536072,132.75432383112033,136.06657143010628,140.10003717644855,2,-3.3075410046926095,0.054693154990673065,99.06269006179988,9.578435036477208,0.9453068971633911,115.73860964654145,13.43680181055526,80.28930236204795,83.30756645153129,99.06269006179988,114.81781367206848,117.8360777615518,121.34546204554694,89.40296203045054,93.6370374538215,115.73860964654145,137.8401818392614,142.07425726263236,146.99728497243478,114.82655702832005,13.78650468088611,175.6908331420463,14.37756583259146,87.9531741635352,92.11304906607754,114.86018030375841,137.47193329052305,141.7495479833568,146.71274066409728,2,-4.565289738986721,0.016424134373664856,95.5107119628506,9.379797156063297,0.9835758805274963,110.46837616134877,10.76319930020657,77.12664735467531,80.08231859063078,95.5107119628506,110.93910533507042,113.89477657102589,117.33138313579278,89.37289317451717,92.76448875480244,110.46837616134877,128.1722635678951,131.56385914818037,135.5073219712622,110.22271112074355,10.908842965644432,115.3887881994399,3.6142476845419034,88.690335493163,92.1967134005379,110.26915273266026,128.0861809911292,131.48774181318046,135.44048508058162,2,0.038556168589778395,0.12346728146076202,78.16522220950253,21.42132600618706,0.876532793045044,102.35373873149173,12.363287108446768,36.180194736284655,42.93027643411584,78.16522220950253,113.40016798488921,120.1502496827204,127.99867842313157,78.12214126840772,82.01794109012067,102.35373873149173,122.68953637286278,126.58533619457575,131.1150454123834,99.36725597990079,15.935919739313773,190.6346258678091,63.319647729307306,60.152285174273096,70.85599617425616,100.80141138926119,122.19791292522093,126.22170521733284,130.91619035809484,2,10.894011309432543,0.020041903480887413,74.88604769716738,24.27298274229485,0.9799581170082092,113.26368510942837,8.632897289411666,27.31187572490719,34.96054399657319,74.88604769716738,114.81155139776156,122.46021966942757,131.35344949633503,96.34351733994804,99.06383269184005,113.26368510942837,127.46353752701668,130.18385287890868,133.34680736546414,112.49452652525792,10.66621811373615,84.84149830742368,28.926969832266526,93.08080923070165,97.52664523640969,113.06798979767325,127.40453811808058,130.1431016941177,133.33392426416964,2,-2.233259235924592
80,143,set,1.493,110.301558947,111.2640621084,111.2660676546,111.28262236159999,111.27091737486666,0.030767513439059258,41.30581041394477,19.542370572052366,0.969232439994812,94.30861423587797,13.286143678069509,3.003467920186708,9.161471299274702,41.30581041394477,73.45014952861482,79.60815290770282,86.76816264795708,68.26825113343719,72.45485261880695,94.30861423587797,116.16237585294897,120.34897733831873,125.21680633555613,92.67784536539175,16.328405169169777,182.84071855815725,83.7756968454106,55.19957417912883,67.71079261400007,93.78371186877733,115.96074467137345,120.17123280070385,125.06088169279299,2,18.59307200947491,4.393815743242158e-06,79.60421104627564,14.409417581175427,0.9999955892562866,111.37080944760346,9.844740244909348,51.36227154897353,55.90282827562092,79.60421104627564,103.30559381693035,107.84615054357774,113.1255290024098,92.0754731304291,95.17765274936919,111.37080944760346,127.56396614583772,130.6661457647778,134.27309998683262,111.37066798574156,9.845000716988888,96.91939529900338,0.004433853690264682,92.07489404449385,95.17728788082646,111.37075690485976,127.56400736206574,130.66620838449296,134.2731835511548,2,-0.09975061087490644,1.957592940016184e-05,65.74187271309813,5.527063089325614,0.9999804496765137,111.07230769871448,10.39550068215195,54.90902811773924,56.650662944231286,65.74187271309813,74.83308248196498,76.57471730845702,78.59974418064037,90.69750076043509,93.97323069770033,111.07230769871448,128.1713846997286,131.44711463699386,135.25585861022878,111.07142315742746,10.39734719025089,108.06491971270883,0.040224778508555936,90.69410459769065,93.97132642714087,111.07205231906345,128.17131764087233,131.44705523079162,135.25582131351513,2,0.19949421743919515,0.016922518610954285,34.169427141864674,11.017949757428124,0.9830774664878845,94.40182737344864,13.973446901708778,12.57464243383372,16.046512521789925,34.169427141864674,52.29234176193941,55.76421184989562,59.80101113634639,67.01437470621663,71.41755255615914,94.40182737344864,117.38610219073814,121.78928004068065,126.90892586626143,93.38254205285037,15.948742621056276,194.0072843110057,60.354976939108425,60.9574586847007,68.83715277476476,94.10033592942666,117.27034116812064,121.68714734050837,126.81942323940238,2,17.888375322016287,0.007856287062168121,38.72928532096381,10.714570716780754,0.9921437501907349,98.7406698637085,12.29933905785383,17.729112606266018,21.105384816238946,38.72928532096381,56.35318582568867,59.7294580356616,63.65510412920696,74.6344082766682,78.51005740529172,98.7406698637085,118.97128232212528,122.84693145074881,127.35321113305423,98.26920687811914,13.381253354828505,150.98721462791235,28.0710864634091,72.74778167829216,77.55355397420315,98.61860381933175,118.92422380190509,122.80544019327486,127.31682323184258,2,13.00171049674752
81,144,set,0.829,111.28262236159999,117.05469322009999,117.0483359296,117.0263373623,117.04312217066666,0.03373468667268753,63.66213777365767,40.90075352104347,0.9662653207778931,117.23993079319345,9.29486318617128,-16.501866068137353,-3.6136150004789087,63.66213777365767,130.9378905477942,143.82614161545268,158.81151877400558,99.02233370707052,101.9512413694019,117.23993079319345,132.528620216985,135.4575278793164,138.8630160058435,115.43250160657087,15.28021606786064,139.9137920960616,93.57131026091835,87.58728430108276,98.80125647902834,116.91161554365829,132.51701726500903,135.5388625064823,139.14698729599579,2,1.6106205640957967,0.003619449445977807,96.32217196383962,11.070568244825626,0.996380627155304,113.32058484196848,11.667318489613253,74.62425691558859,78.11270763392439,96.32217196383962,114.53163629375484,118.02008701209064,122.07616486461376,90.45306080616824,94.12955370753014,113.32058484196848,132.5116159764068,136.1881088777687,140.46282640603766,113.25906862639629,11.709751367915997,136.07721943700258,1.0420402732822773,90.25625908325647,93.97745611733941,113.27414200132192,132.49131733536865,136.17014291997495,140.44700433144126,2,3.784053544270378,0.0007592002511955798,90.70920632887137,11.24018426804672,0.9992408752441406,110.18821821480961,9.74759600617214,68.67884998390609,72.22074846797184,90.70920632887137,109.1976641897709,112.73956267383666,116.85778510466916,91.08328110686574,94.15484956999967,110.18821821480961,126.22158685961953,129.29315532275348,132.86451746077717,110.17343806278934,9.763521269930393,95.0394178667621,0.2878460980878425,91.0212915967231,94.11380348030909,110.1797078012136,126.21806807742196,129.29005537064694,132.8617916013992,2,6.869684107877319,0.03877590596675873,68.70295010994411,23.951384855258596,0.9612240195274353,109.64172899950421,10.273788230497807,21.759098413779157,29.306427860261437,68.70295010994411,108.09947235962677,115.64680180610905,124.42220334830893,89.50547408293701,92.74285116603853,109.64172899950421,126.54060683296987,129.7779839160714,133.5421344078686,108.05428258994331,13.644453573375943,123.70242062855328,62.46782277793532,76.57325331660905,88.52174539334932,109.1694609374466,126.37429054424675,129.64152094494983,133.4414609175366,2,8.98883958072335,0.007998907007277012,66.71454127260019,25.837826955629893,0.9920010566711426,114.0649909351111,8.293063850644153,16.073331000787398,24.215097892087826,66.71454127260019,109.21398465311253,117.35575154441297,126.82231508066491,97.81088446635749,100.42411478183891,114.0649909351111,127.70586708838327,130.3190974038647,133.35754239334207,113.68623494848718,9.558027242067256,73.56479817876641,17.790617140889196,96.6988816862968,99.83967813720507,113.9868208458055,127.67969286718773,130.2987450629281,133.34528055892304,2,3.3568872221794805
82,145,set,0.229,117.0263373623,117.0368424957,116.6546842863,116.71170376789999,116.80107684996665,0.590187132358551,104.30176875168593,16.493458489665212,0.40981292724609375,101.79574554921655,15.255706216365121,71.97518413143571,77.17244373398654,104.30176875168593,131.4310937693853,136.62835337193613,142.67129084469946,71.89511080641708,76.70234184752225,101.79574554921655,126.88914925091083,131.696380292016,137.2858252726492,103.2747742642052,16.045181389981728,255.92952435120154,1.5189572102230948,71.94069317863426,76.96798600328599,103.22763944790087,129.74354708729732,134.87449543887303,140.86411950731332,2,13.526302585761442,0.9936116337776184,113.7791504993113,6.192697813376561,0.006388387642800808,129.6409666296872,25.117652963915727,101.64168581795329,103.59306904036441,113.7791504993113,123.96523195825819,125.91661518066931,128.18551989203723,80.41127144423662,88.326104051482,129.6409666296872,170.95582920789238,178.87066181513777,188.0733652031882,113.88048436666809,6.61299338571277,42.13492686095401,1.5970324549084354,101.56765896507362,103.5541841404881,113.80268828597043,124.17831293098882,126.29906635447743,129.06410595307378,2,2.920592483298563,0.999584972858429,114.68828997820705,2.670719836469297,0.00041501715895719826,114.25558686370802,21.43678045252053,109.45377528593053,110.29534676861928,114.68828997820705,119.08123318779482,119.92280467048357,120.9013133919361,72.24026923227552,78.99522078621719,114.25558686370802,149.51595294119883,156.27090449514048,164.1249954957094,114.6881092541009,2.705680742532141,7.320499303333369,7.767223921912106e-05,109.44623469209506,110.29099083630757,114.68826661636609,119.08541243151846,119.93033679992759,120.91681427737376,2,2.1129675958657543,0.9537993669509888,108.11724222048068,9.094564126512083,0.046200621873140335,60.177574417949984,30.660897181967915,90.29222407742702,93.15801543144453,108.11724222048068,123.07646900951683,125.94226036353433,129.27436214152016,0.08332020760722259,9.744886482603867,60.177574417949984,110.61026235329608,120.27182862829272,131.50548739340584,105.90239854730766,14.953125855315632,122.322562702227,101.27328480173512,63.34267616031382,87.83561200103445,107.63207082967303,122.95141110109239,125.87555075577734,129.30927699913644,2,10.898678302658993,0.5494019389152527,105.05171567278586,11.166865856811516,0.4505980312824249,101.78068401253563,11.078605519146754,83.16506077324527,86.68385586652887,105.05171567278586,123.41957547904283,126.93837057232645,131.02973031847858,80.06701619608131,83.55799954280249,101.78068401253563,120.00336848226877,123.49435182898993,127.55337440933981,103.57779211562953,11.245590559500101,123.81418841056377,2.648798891341192,81.55238680691936,85.08926044805493,103.57252733950165,122.08435016778866,125.63289211881157,129.75935115509148,2,13.223284734337113
83,146,set,0.17,116.71170376789999,116.73821746569999,116.7557181988,116.6831326013,116.72568942193334,0.7068820595741272,109.12694518758997,14.046357034376456,0.2931180000305176,95.79797703024772,16.457274718091465,81.59659128622127,86.02274387414052,109.12694518758997,132.2311465010394,136.65729908895867,141.80365801253024,63.54231129910687,68.7281690204582,95.79797703024772,122.86778504003723,128.05364276138857,134.0833230831859,105.21999120331216,15.989600359915169,218.85656697176086,36.81141259575764,72.12214002336297,77.9301678160232,105.77044404168142,130.5573637413324,135.16439677446647,140.49200019667816,2,11.505698218621177,0.9980289340019226,114.66096805665384,5.889664239209407,0.0019710096530616283,130.75017998022702,27.74601540248496,103.11743826676991,104.97333247126386,114.66096805665384,124.34860364204381,126.20449784653778,128.362375938353,76.36898907686287,85.1120459119982,130.75017998022702,176.3883140484558,185.13137088359116,195.29706392490232,114.69267358809131,6.053684291051168,36.13713700077601,0.5092153095397164,103.09011933718189,104.9586634980478,114.66735203440896,124.41010285252605,126.31412180768754,128.6011522612238,2,2.033015833842029,0.9999382495880127,116.02761474239983,2.24909553797671,6.175156886456534e-05,113.00385155063042,24.035601163642394,111.61946849017575,112.32818178939847,116.02761474239983,119.7270476954012,120.43576099462392,121.25979336568669,65.8949389231223,73.46880580065418,113.00385155063042,152.53889730060664,160.11276417813852,168.91902121896345,116.02742815450857,2.257064881552936,5.09379288522718,0.000564568611335785,111.61766051499234,112.32692017982603,116.02759503334951,119.7277878887808,120.43747509858223,121.26277032427029,2,0.698261267424769,0.9788500666618347,111.41919613767176,7.7760441957070885,0.021149897947907448,51.444104953546756,35.45601736587959,96.17842957189413,98.62874163902801,111.41919613767176,124.2096506363155,126.65996270344938,129.50898002080257,-18.048412118803967,-6.875853807974693,51.444104953546756,109.76406371506818,120.93662202589746,133.92713557461587,110.150725136557,12.65875171300283,85.77614680381247,74.46741873119153,92.1646650153305,96.97534194168692,111.22792364744986,124.16174091330947,126.63743865918747,129.5335734782999,2,6.574964285376339,0.7314335703849792,108.4383937407688,9.604916345202373,0.2685665190219879,97.02583573158252,11.646984746880305,89.61310362965206,92.6397122537972,108.4383937407688,124.2370752277404,127.26368385188553,130.78277046077045,74.19816509920976,77.86825062762796,97.02583573158252,116.18342083553706,119.85350636395528,124.12077393647361,105.37337245825304,11.379546078662885,103.90963191241295,25.58542977851649,81.18444335752194,85.56987478937876,105.95104986179058,123.07925273873649,126.23519748590462,129.88091927694197,2,11.352316963680295
84,148,set,1.378,116.7652204048,116.9853210328,117.018175614,117.00132164690001,117.0016060979,0.028512515127658844,46.77395008555554,25.595546034167118,0.9714875221252441,99.30025606743212,11.854462426262804,-3.3923983060490315,4.673023357452372,46.77395008555554,88.87487681365869,96.9402984771601,106.3180941870547,76.06593665587371,79.80140055003379,99.30025606743212,118.79911158483044,122.53457547899052,126.87785953066562,97.80260267274663,15.219198142575983,155.2009303568168,76.42341808319189,66.52315308658,76.22318371024348,98.88232408205937,118.64067208229949,122.3968268188237,126.76047980963719,2,19.199003425153364,9.437010703550186e-06,85.919373051713,14.21723264041226,0.9999905824661255,111.110655146232,9.784001624692563,58.054109116677665,62.53410637791802,85.919373051713,109.30463972550795,113.78463698674832,118.9936019794801,91.9343643371532,95.01740458775734,111.110655146232,127.20390570470667,130.2869459553108,133.8716465254477,111.11041957991648,9.784346784951076,95.72769378284143,0.005988677026601102,91.93329894238087,95.01673656998582,111.11054802549997,127.20391523886121,130.2869543905573,133.87167790507985,2,5.891186517983513,1.7401367585989647e-05,73.68410766862674,7.014484388805107,0.9999825954437256,110.58335168253188,10.05519214344743,59.93597089645027,62.146307580506175,73.68410766862674,85.2219077567473,87.4322444408032,90.00223851401617,90.8755372237448,94.04403241568842,110.58335168253188,127.12267094937533,130.29116614131897,133.97522654851298,110.5827092326073,10.056327212577205,101.10598552044378,0.023692492986709477,90.87259628765707,94.0423879188495,110.58313241316412,127.12262105839316,130.29111813873158,133.97518980647308,2,6.4188968652926945,0.015305953100323677,40.304238271073885,14.51817871499684,0.9846941232681274,98.78351839867426,12.345956318058278,11.849130868564071,16.423959354981662,40.304238271073885,64.18451718716611,68.7593456735837,74.07857245965177,74.5858886605753,78.47622737073165,98.78351839867426,119.09080942661686,122.98114813677321,127.50450763219023,97.88844482364482,14.31284820051774,153.31582603974954,51.54252934508817,70.13371990387515,76.46657532515512,98.54300061990914,118.99840794875468,122.89962370864835,127.43303429315287,2,19.113161274255177,0.006512212101370096,44.25147813477483,14.601511644876101,0.9934878349304199,102.00315640722957,10.941837544734934,15.633041190975458,20.234128746726206,44.25147813477483,68.26882752282344,72.8699150785742,78.21967370761493,80.55754889486091,84.0054352362585,102.00315640722957,120.00087757820062,123.4487639195982,127.45767691752394,101.62707002650028,11.91262123338573,120.3325782449949,21.57845215232805,79.22029428968878,83.31196778168983,101.91327073846638,119.96619823235213,123.41817632446696,127.43092321471042,2,15.374536071399717
85,153,set,0.17,16.9965903140171,17.801376865295,17.2566603806405,17.255659856432903,17.437899034122804,0.2783995270729065,59.84187655373963,13.866602204764071,0.7216004133224487,-17.160476966573796,14.237447441107532,32.66383564445834,37.03334562374016,59.84187655373963,82.65040748373909,87.01991746302092,92.10041711296256,-45.06536118292652,-40.57899402861049,-17.160476966573796,6.258040095462885,10.74440724977892,15.960778619814917,4.276942859826352,37.29573832600879,199.80334726852723,1191.168748923291,-43.023188253061825,-38.24755446338837,-9.983369172555792,72.55619454964318,78.45085381154985,84.80376306121298,2,13.160956174296452,0.9981623291969299,17.83833789790038,9.222348636010928,0.0018376599764451385,70.23395531356047,14.831552227877422,-0.23713328155313462,2.6689242949468373,17.83833789790038,33.007751500853914,35.91380907735389,39.29272904094785,41.16464711209592,45.8382228382161,70.23395531356047,94.62968778890485,99.30326351502502,104.7373053076088,17.934623033837276,9.50448937817617,85.29965645768843,5.035658399783669,-0.22993232337532948,2.6770705129915418,17.859609067771682,33.1654001838073,36.20268586898721,39.96469821004376,2,-0.49672399971447234,0.9998152852058411,17.790135634811854,5.287717964730967,0.00018472237570676953,37.91128751718482,21.134884178061938,7.42639886353372,9.092613562227664,17.790135634811854,26.48765770739604,28.153872406089985,30.0912070805913,-3.5123242892420166,3.1474966217003413,37.91128751718482,72.67507841266928,79.33489932361164,87.0783803929186,17.793852596666287,5.302082580143962,28.037309061809225,0.07477302533551361,7.425292631771101,9.092004114893838,17.79094206329869,26.49406564278127,28.165118743774485,30.114677134600612,2,-0.3559535625434833,0.8970075249671936,19.595189307155778,7.553083336802238,0.10299253463745117,-11.378648385218497,15.828016545265218,4.791417994793774,7.171472785949884,19.595189307155778,32.01890582836167,34.39896061951778,37.166288670178965,-42.40099076064242,-37.413418807145916,-11.378648385218497,14.656122036708908,19.64369399020542,25.442824255142497,16.405116423733425,12.868877574565037,76.9757620228661,88.63226404754636,-22.419149607921774,-11.960259376413088,18.56868841864341,31.6418791005056,34.07254169243859,36.89018100923922,2,1.0327826103893791,0.9879962801933289,19.426302305075716,5.387583169633426,0.012003714218735695,5.308550646691401,16.209835186904787,8.86683332888005,10.564516588001464,19.426302305075716,28.288088022149964,29.98577128127138,31.959694957970648,-26.462142514972083,-21.354255552774543,5.308550646691401,31.971356846157335,37.079243808354875,43.01826627229977,19.256836740204466,5.8476890813821365,31.831712834434175,2.3637526859312743,8.1742066251202,10.181999918653679,19.375887604578054,28.306046212296085,30.029481203724607,32.0587712451626,2,-1.8189377060816625
86,156,set,1.226,17.4657753765054,113.0695766855,113.09458914769999,113.1141490303,113.09277162116666,0.003217354416847229,26.0016212847393,14.417176878599516,0.996782660484314,116.60055720145522,10.400028498147956,-2.2555261560593536,2.287475605573974,26.0016212847393,49.71576696390462,54.25876872553795,59.54099006594005,96.21687590689503,99.49403260587788,116.60055720145522,133.70708179703254,136.9842384960154,140.79464138808586,116.30907005230561,11.610545301207598,108.48134658055719,26.32361719076404,95.6246173900112,99.17691763913841,116.55848489359765,133.6909107926999,136.96995125953134,140.78211988410231,2,-3.216298431138952,0.0007190181640908122,27.856609230068692,10.502605982437633,0.9992809891700745,116.21924239294154,10.686251152181178,7.271879760676015,10.581359687413915,27.856609230068692,45.13185877272346,48.44133869946136,52.289324329201094,95.27457500491677,98.64192342676196,116.21924239294154,133.79656135912109,137.1639097809663,141.07918004228472,116.15570890704167,10.945459904416728,114.19316665906531,5.610024813776934,95.14470088650378,98.57066438457514,116.20960538811339,133.79291030213452,137.16062908550776,141.0763499600659,2,-3.062937285875009,0.0024928143247962,22.70730638650724,3.7945861110156613,0.9975071549415588,117.40240828951292,9.283722059237778,15.270054272680635,16.465767659023445,22.70730638650724,28.948845113991034,30.144558500333844,31.534833718733427,99.20664741092685,102.13204438876626,117.40240828951292,132.67277219025956,135.598169168099,138.9995753652068,117.16634737479713,10.407050806863404,86.0085369451698,22.297747641431297,98.80274325465864,101.91416010763672,117.37333106840119,132.6615864935941,135.58830406041983,138.99095514196785,2,-4.073575753630465,0.004741278477013111,30.49246635343887,8.234488238157455,0.9952587485313416,116.45512182720807,8.685741633038013,14.35316597553157,16.947938508816335,30.49246635343887,44.0369941980614,46.63176673134617,49.648750560090775,99.43138104743345,102.16834819934209,116.45512182720807,130.74189545507406,133.4788626069827,136.6611784096941,116.04755208424463,10.501213120905705,75.40590861693414,34.869932116187336,98.67995377144224,101.77255655896083,116.40326174251518,130.72193171318955,133.46119609965982,136.6457038714697,2,-2.9547804630779666,0.0018407817697152495,27.52980996763207,3.842641701198181,0.9981592297554016,115.73444533879541,8.456998721032006,19.998370627791907,21.209226828341265,27.52980996763207,33.85039310692287,35.061249307472224,36.469131319915135,99.15903242827137,101.82392031938195,115.73444533879541,129.64497035820887,132.30985824931943,135.40836633423433,115.5720811878528,9.258035787381594,71.41635474742804,14.29502583291237,98.89057476590058,101.67817769631189,115.71489820797126,129.63746171800156,132.30321513005714,135.4025415588706,2,-2.4793095666861404
87,157,set,0.829,113.1141490303,115.466961092,115.6305303914,115.6470853407,115.58152560803335,0.03520188853144646,64.57652072541657,40.961691937155,0.964798092842102,117.79270923579436,9.324986927746831,-15.706920217231968,-2.799466823481737,64.57652072541657,131.95250827431485,144.8599616680651,159.86766568053298,99.51607070110376,102.45447066641492,117.79270923579436,133.1309478051738,136.06934777048497,139.48587275061683,115.91939670572341,15.464140082483514,142.95823390211098,96.18114429922207,86.14453804547864,99.11928774619915,117.45011302927544,133.12185210815508,136.15957437102577,139.79384255988657,2,-0.3378710976900692,0.003647118341177702,97.47611821196452,10.995911401559725,0.9963529109954834,113.94843308389869,11.729007977917748,75.9245278877141,79.38945346147196,97.47611821196452,115.56278296245708,119.02770853621493,123.05643332412443,90.95999987279694,94.65593177087793,113.94843308389869,133.24093439691944,136.93686629500044,141.2341858579357,113.88835994507417,11.768367848571318,137.50887279288935,0.9859895392782115,90.77632319645507,94.51134612100998,113.90189957046344,133.22039759683742,136.9186947465588,141.21818991928828,2,1.6931656629591743,0.000800600741058588,91.89965040900658,10.861293070604098,0.9991994500160217,110.77168103027603,9.865139472584387,70.6119071650881,74.03441310844053,91.89965040900658,109.76488770957263,113.18739365292507,117.16679645314095,91.43636296154617,94.54497058841346,110.77168103027603,126.9983914721386,130.1069990990059,133.7214272694391,110.75657769102247,9.880374354951066,97.33751152487943,0.28490850719012456,91.37434497253076,94.50303820077836,110.76259041164991,126.99463149816725,130.10368041080383,133.71848723136412,2,4.824947917010874,0.040529515594244,69.33209602286962,23.806927745860644,0.9594704508781433,109.39345019191686,10.367880737290836,22.671375058435416,30.173184573519087,69.33209602286962,108.49100747222013,115.99281698730383,124.71529177189643,89.07277735082023,92.33980395738371,109.39345019191686,126.44709642644999,129.71412303301346,133.51274750342236,107.76977924569469,13.730171875249969,126.10721594549697,62.4100143778049,75.58969077558406,87.89688943160826,108.8973473545583,126.272959167196,129.57150337761092,133.40833929435757,2,7.811746362338653,0.008063532412052155,67.58818657645524,25.727726721564093,0.991936445236206,114.5834071566703,8.28480339294896,17.16276879810085,25.269841965274217,67.58818657645524,109.90653118763625,118.01360435480962,127.4398289390696,98.34549088749509,100.95611824719833,114.5834071566703,128.21069606614228,130.82132342584552,133.85674191670347,114.20445711117146,9.543966297508511,73.4218817451363,17.66511941671464,97.22683000674029,100.36823584852263,114.50475541211438,128.1843730988052,130.80090717046247,133.8444934592092,2,1.377068496861881
88,159,set,0.893,11.8801304343281,120.2176950108,120.2652040172,120.2537064597,120.24553516256667,0.004526048433035612,30.11069715961272,20.42503408793252,0.9954739212989807,101.92984534634502,9.921789293202654,-9.921634035737938,-3.4854942405305565,30.11069715961272,63.70688855975598,70.14302835496338,77.62643178728624,82.48349566947269,85.60995424157234,101.92984534634502,118.24973645111768,121.37619502321733,125.01137877526818,101.60478531802161,11.096147809731235,99.88453299582203,23.239650747069348,81.67291792465144,85.18080483115142,101.87333214149164,118.22803086584861,121.35701522786465,124.9946852249254,2,18.640749844545056,0.015635346993803978,22.282883776114232,10.47525733233661,0.9843646883964539,100.78322539316996,10.173042988159288,1.751756675945348,5.052618759770347,22.282883776114232,39.51314879245811,42.81401087628311,46.651976401226236,80.84442752320001,84.05005873696291,100.78322539316996,117.516392049377,120.72202326313989,124.4492623212004,99.55584887959947,14.08656516736773,103.58837518987694,94.84329379045535,76.92728158123452,82.33870549978977,100.58069411205425,117.43859976822763,120.653424852508,124.38906332671614,2,20.6896862829672,0.01384291984140873,21.37105005960101,5.460635631818097,0.9861570596694946,102.22025101810772,9.490431292871252,10.668400888541415,12.389103735144566,21.37105005960101,30.35299638405745,32.07369923066061,34.074388152592704,83.61934748632817,86.60988068469469,102.22025101810772,117.83062135152075,120.82115454988727,124.29829568000942,101.10105991559657,13.359169670587013,89.23425189403507,89.23295296574646,80.5852050566102,85.22498338410956,102.05327631715944,117.76644658575938,120.76453776591437,124.24862712400405,2,19.144475246970103,0.00939428061246872,27.375399147036283,11.86306233651496,0.9906057715415955,103.36695917549048,8.267073678984671,4.124224221113376,7.862398036068239,27.375399147036283,46.888400258004324,50.62657407295919,54.97300899320183,87.16379250714148,89.76883305033749,103.36695917549048,116.96508530064347,119.57012584383948,122.59904845313545,102.65307852741094,11.0798769166932,69.0245415280539,53.73968054252713,85.58766974171769,88.98801657240362,103.26869631788989,116.92728763372503,119.53678602252731,122.56980307827116,2,17.592456635155727,0.00781027739867568,24.302778842757412,5.531086403982041,0.9921897053718567,102.4916313095519,9.358578698398427,13.46204869557345,15.204951310185573,24.302778842757412,33.40060637532925,35.143508989941374,37.17000993979723,84.14915411420725,87.09813919438047,102.4916313095519,117.88512342472335,120.83410850489656,124.26294096861498,101.88095291642587,11.597984438001879,87.13788542347442,47.37517876346225,82.72230573006314,86.37477345132078,102.39930009375107,117.84954328984888,120.80273769506739,124.23547084109302,2,18.3645822461408
89,160,set,0.053,120.2537064597,120.9437872627,121.06316216249999,121.0841682692,121.0303725648,0.8858050107955933,122.00912161289187,9.8584479806446,0.11419501900672913,86.92937938783973,19.67920202676519,102.68691862736682,105.79341769581617,122.00912161289187,138.22482552996757,141.33132459841693,144.94330111400666,48.35885217089231,54.55997255860424,86.92937938783973,119.29878621707522,125.49990660478713,132.71004918562514,118.00319341890606,15.962270206429848,130.31491851006948,124.47956662300531,71.66150899846488,83.83013112607956,120.55040673355526,137.69370596956296,140.87540569809207,144.56493696825132,2,3.027179145893939,0.9998264908790588,119.76808790608956,5.226741126331983,0.00017352726717945188,135.6564134101658,35.49647102296315,109.52386354196456,111.17086380730598,119.76808790608956,128.36531200487315,130.01231227021458,131.9273060134938,66.08460862688837,77.26991430406702,135.6564134101658,194.04291251626458,205.22821819344324,218.23355331038846,119.77084713713461,5.251310704855362,27.532726998848993,0.0437974288847391,109.52048104028073,111.16897783337424,119.76847990426359,128.37009381195813,130.02109256206688,131.94628259320865,2,1.2595254276653947,0.9999990463256836,121.9125780982663,1.400363746465381,9.86497184385371e-07,112.91507535199327,32.072065609771464,119.16791558993857,119.60918471084136,121.9125780982663,124.21597148569123,124.65724060659402,125.1703113227399,50.054981847035535,60.16122190993507,112.91507535199327,165.66892879405145,175.77516885695098,187.52585699938348,121.91257322377564,1.4005797037780743,1.9620314804029528,7.986187170801091e-05,119.16529527539574,119.60846982233542,121.91259167069548,124.217943323956,124.65907475131009,125.17310522738684,2,-0.8822006589756342,0.9963175058364868,121.21478124676378,5.405804020663397,0.003682490438222885,33.986448849388545,49.85001391140628,110.6196000587817,112.32302489678673,121.21478124676378,130.10653759674082,131.80996243474584,133.7905619377155,-63.71778304578846,-48.00952733636945,33.986448849388545,115.98242503514652,131.69068074456553,149.9549227330949,120.89356329520807,8.135251806303632,38.26618132713456,27.916086178770513,110.28720077654323,112.14455295391438,121.19175002323463,130.10222368057867,131.81122487171422,133.80037048551188,2,0.13680926959193584,0.9301188588142395,118.89162140401504,6.660939205020173,0.06988111138343811,90.23140413568247,12.967268093625892,105.83642045896464,107.93535139373435,118.89162140401504,129.84789141429573,131.94682234906543,134.387283162729,64.81602569430035,68.9021461802298,90.23140413568247,111.56066209113511,115.64678257706458,120.39778069740669,116.88881002556673,10.315435240784133,53.018128658533016,53.38966835932666,85.5049868124468,97.31391923453081,118.28270138762734,129.61772326631854,131.74475853857064,134.21163942102345,2,4.141562539233277
90,163,set,0.229,12.1171994922409,11.676612026349899,12.165706163888801,12.1341979192035,11.992172036480733,0.1807541698217392,55.045141965541305,14.82463220685401,0.8192458152770996,-9.07193194507154,13.655518844284398,25.989396756054898,30.66079191187587,55.045141965541305,79.42949201920673,84.10088717502771,89.53239358339351,-35.83625707007699,-31.533261643996916,-9.07193194507154,13.389397753853828,17.6923931799339,22.695555287254106,2.517496656222697,28.306484510741544,192.4916778915247,608.7653873708857,-34.65242991124266,-30.1857165727157,-5.246569474996841,63.8349251527113,71.17358494054874,78.69478661894097,2,9.474675380258036,0.9948046803474426,13.428897294356865,9.541597083696246,0.005195294041186571,69.61633475044297,13.72455734680437,-5.272289344680193,-2.265633275670501,13.428897294356865,29.123427864384226,32.13008393339392,35.62597138496791,42.7166966469518,47.041446820248325,69.61633475044297,92.19122268063762,96.51597285393413,101.54442955633291,13.720807209429545,10.385767593362118,91.54768586257309,16.316477819146897,-5.251095698741911,-2.241565238108417,13.49134839720534,29.600937053937358,33.03919993521123,38.08244811683962,2,-1.7286351729488114,0.9992054104804993,13.470027183699564,5.362214102603266,0.0007946149562485516,40.70958204405279,19.727686276032927,2.960280665204394,4.649969868542245,13.470027183699564,22.290084498856878,23.979773702194734,25.944402561442487,2.0440274447231417,8.26042572155923,40.70958204405279,73.15873836654633,79.37513664338243,86.60304307204666,13.49167248402684,5.443240614044227,29.03974250414737,0.589130508363036,2.9598724124277314,4.650444226160309,13.474477050272434,22.32229982772178,24.037157700584935,26.069817426494506,2,-1.4995004475461062,0.7975447773933411,15.699653146304136,8.08342249531787,0.20245517790317535,-2.758702413639554,14.156728563202352,-0.1435638163397872,2.4036063366994114,15.699653146304136,28.995699955908854,31.54287010894806,34.50450588326078,-30.505380536425637,-26.044448736590457,-2.758702413639554,20.527043909311338,24.98797570914652,30.174772982739483,11.962662785786485,12.15323771815576,92.68758912622656,55.013591510471784,-19.15081258144199,-12.48600376596672,13.736145701570784,28.327310587869817,31.00184865984272,34.11178002251293,2,0.02950925069424848,0.9739058017730713,15.930496922166611,5.17214138532938,0.0260942205786705,11.853773281540924,15.70987369116873,5.793286083971923,7.423081405401765,15.930496922166611,24.437912438931455,26.067707760361298,27.96269703816626,-18.93701335482311,-13.986669438327482,11.853773281540924,37.694216001409316,42.64455991790496,48.400404544441436,15.824118352324197,5.737195471344666,32.49305646683156,0.4223610065231169,4.943862251959824,6.948303290194066,15.895235128276711,24.65716700271318,26.453981436816935,28.777444079566944,2,-3.8319463158434637
91,164,set,1.076,12.1341979192035,126.78494180310001,126.73792548769998,126.73541978690001,126.75276235923333,0.0031515888404101133,27.08907225166667,17.09818921060991,0.9968484044075012,113.5033974174483,9.963634171198798,-6.422762801980099,-1.03494628570758,27.08907225166667,55.21309078904091,60.600907305313434,66.86540837171708,93.97503328676606,97.11467761333432,113.5033974174483,129.89211722156227,133.03176154813053,136.6822765893373,113.23105422821925,11.105975786266152,99.88249530646613,23.46011628830159,93.42003278422015,96.81724229966608,113.46391716191954,129.87694507351344,133.0184043947115,136.6706274611053,2,13.52170813101408,0.0030132574029266834,23.64370898415109,10.335272577197996,0.9969868063926697,110.13326699340354,10.365650239977574,3.3869469624385466,6.64369840001487,23.64370898415109,40.6437195682873,43.90047100586362,47.68714837174825,89.81696584670851,93.08328960046602,110.13326699340354,127.18324438634104,130.44956814009856,134.2473753922263,109.87265871847374,11.398097586725374,107.44481687835587,22.472581858669148,89.26639099500447,92.78780408818596,110.09400114395659,127.16813229732415,130.4362346437564,134.23571786670493,2,16.880103640759586,0.005297216586768627,21.028839116507378,4.318739949465323,0.9947027564048767,112.36441915608705,9.214357468434741,12.56426435696101,13.92514404676912,21.028839116507378,28.132534186245632,29.493413876053744,31.07573061648128,94.30461037727729,97.20814985410478,112.36441915608705,127.52068845806932,130.4242279348968,133.80022006343256,111.88059177176117,11.336227553021656,84.55342546741659,43.95629159569171,93.40363914281147,96.73665527174383,112.30291820896318,127.49697509155217,130.40333588100117,133.78187916459206,2,14.872170587472155,0.005353930406272411,28.98020253932073,9.772321917521047,0.9946460723876953,113.57299855589929,8.232807680715018,9.826803535648072,12.906163389548862,28.98020253932073,45.05424168909259,48.13360154299338,51.71402285658853,97.43699201005312,100.03123498228125,113.57299855589929,127.11476212951732,129.70900510174545,132.72537320131778,113.12009493047383,10.297319166941698,67.9275289149804,38.107288862931085,96.62238374682741,99.60518961009225,113.5174570481568,127.09340161854928,129.69010012029372,132.70882050644096,2,13.632667428759504,0.0027958492282778025,25.756154320379693,4.387601709463018,0.9972041845321655,112.46894916079295,8.618663669498602,17.1566129913258,18.539191734950965,25.756154320379693,32.97311690580842,34.355695649433585,35.963242229326944,95.57667877371186,98.29250896454329,112.46894916079295,126.6453893570426,129.36121954787404,132.51895906540406,112.22651705725815,9.751441105211882,74.12750949285719,20.963519341291764,95.15366069710035,98.06499332323612,112.43866353418457,126.63369097601564,129.3509423583022,132.50992198300904,2,14.52624530197518
92,165,set,0.385,126.73541978690001,127.7435481843,127.7255351955,127.66751701740002,127.71220013240001,0.34131935238838196,98.35504641329072,23.339215579463318,0.6586806774139404,121.17419661979605,13.185271475128976,52.61102445012648,59.96545301720816,98.35504641329072,136.74463980937327,144.09906837645497,152.6501809583561,95.33153940215993,99.48635501159035,121.17419661979605,142.86203822800172,147.01685383743217,151.84772488461368,113.38558266053091,20.43287467168256,300.4356781050641,117.06707239093379,64.46277432068041,73.77949240278427,116.28860355483715,141.72425265045976,146.425797061057,152.03624449098467,2,14.326617471869099,0.8977501392364502,117.74845745206953,6.756678190357205,0.10224980115890503,131.65761952348316,21.070250540218126,104.50561154384214,106.63471082451657,117.74845745206953,128.8622040796225,130.9913033602969,133.46684139578514,90.36068731942001,97.00014150162914,131.65761952348316,166.31509754533715,172.95455172754632,180.67435207322748,119.17065948980358,10.204850770274634,86.37907521866452,17.75905754084225,103.50447889213554,106.13569085121591,118.20860919402213,134.868069947585,146.2435293732954,158.9266637685661,2,8.54154064259643,0.9751572608947754,117.43045722756611,3.0902888766900842,0.024842780083417892,121.83064975357351,18.297233200997276,111.3736023274288,112.34738436041464,117.43045722756611,122.51353009471758,123.48731212770342,124.61954418602615,85.96873166288832,91.73437935973624,121.83064975357351,151.92692014741078,157.6925678442587,164.396379311543,117.53977505490238,4.25419862995054,17.629723143447837,0.4690489779010932,110.99049428998211,112.1473556010361,117.44913224420912,122.87272927958385,124.20277526698891,127.45269388896949,2,10.172425077497635,0.7849574685096741,104.53715103496351,12.190336030674898,0.2150425910949707,80.61313888549896,23.071040040899415,80.64453145539974,84.48583260115069,104.53715103496351,124.58846946877634,128.42977061452729,132.89611334376752,35.39473131945459,42.6646549966829,80.61313888549896,118.561622774315,125.8315464515433,134.2844038365564,99.39247570385486,18.10310688753445,231.1093904099103,96.61367739778207,53.06310451859272,63.64755212611734,101.82714115168987,123.9705116001369,128.1346761843646,133.08421547645602,2,28.319724428545157,0.14291957020759583,102.67767536645981,14.25929936535508,0.8570804595947266,117.67844469398253,9.848646622169184,74.729962165589,79.22321508756868,102.67767536645981,126.13213564535094,130.62538856733062,135.8497661303655,98.37545201806887,101.47886257694418,117.67844469398253,133.87802681102087,136.98143736989618,140.5898228256453,115.53454469600064,11.821853375617112,112.19273520487756,27.563879837994353,88.78137258156985,94.77575309525778,116.31342161013653,133.35544359027278,136.54488942776834,140.2472642441933,2,12.177655436399377
93,170,set,0.17,15.767232757624399,15.6736839316997,15.8367522241927,15.824257066955,15.778231074282466,0.27516472339630127,59.47783640566407,13.77902611792279,0.7248352766036987,-18.378288406793487,14.26371091216819,32.47144147249864,36.8133553197397,59.47783640566407,82.14231749158844,86.48423133882949,91.53264452144697,-46.33464808053411,-41.84000503446063,-18.378288406793487,5.08342822087365,9.578071266947127,14.804065149662122,3.044970641934306,37.5325104801133,199.71344082135033,1208.9759021184645,-44.317520025678064,-39.537458242368416,-11.313228066451744,72.00118620042907,77.87993082293274,84.20867587322556,2,12.73326043234816,0.9982044696807861,16.523694274738958,9.246578064584595,0.0017955661751329899,69.63488837189296,14.774166035767479,-1.5992657120849287,1.314426808317057,16.523694274738958,31.732961741160853,34.646654261562844,38.034451497438,40.67805504017379,45.33354778277756,69.63488837189296,93.93622896100834,98.59172170361212,104.00473811992703,16.619059530852976,9.528559455499458,85.7376184582041,5.055836741942926,-1.592250795752094,1.3224308482316007,16.544533208804555,31.887499264757167,34.92989651035628,38.693187845381786,2,-0.8408284565705095,0.9998264908790588,16.499205579251708,5.191765819225291,0.00017359512276016176,37.147513918311944,21.37338969214906,6.323531557404046,7.959510741216302,16.499205579251708,25.03890041728711,26.67487960109937,28.577058955324368,-4.743560105839862,1.991416362933336,37.147513918311944,72.30361147369054,79.03858794246374,86.86945358968933,16.502791443834308,5.206057431899896,27.029057516000513,0.07399989015782985,6.3224543759843135,7.959175922123204,16.499957768899126,25.044978500315796,26.68533879376406,28.599162140722463,2,-0.7245603695518419,0.8963663578033447,18.432011018623427,7.475000561923067,0.1036335751414299,-12.43761206590888,15.720967374929899,3.781279132837547,6.136729232879974,18.432011018623427,30.727292804366876,33.0827429044093,35.82146268430724,-43.25014192290068,-38.296302271748104,-12.43761206590888,13.42107813993033,18.37491779108292,24.134826964624708,15.232880379142276,12.814814010783573,75.69795331290406,88.52148925853314,-23.47904716039687,-13.132785975723458,17.40809418665626,30.35138566815725,32.75725576157308,35.546253239505575,2,0.5453506951401899,0.9885467290878296,18.44288419186531,5.243648603344813,0.01145330909639597,4.367117736353052,16.315764431087608,8.16552178172572,9.81784976819457,18.44288419186531,27.067918615536048,28.7202466020049,30.64143497247374,-27.611192928818312,-22.469926564607235,4.367117736353052,31.204162037313328,36.34542840152441,42.323261633964876,18.281670792108898,5.698513947280619,30.22985187858567,2.2432220906783593,7.518450015508544,9.460929174472856,18.39642528475977,27.08681616621946,28.764826468361058,30.741784940948037,2,-2.5034397178264314
94,171,set,0.893,15.824257066955,127.3837642259,127.3561362797,127.3643925839,127.3680976965,0.004815263208001852,30.886252702352415,21.31871778406742,0.9951847195625305,102.67095313669006,9.877981871584865,-10.897666350993283,-4.179917566725749,30.886252702352415,65.95242297143056,72.6701717556981,80.48100649659432,83.31046442844416,86.4231188282528,102.67095313669006,118.91878744512732,122.03144184493596,125.65057526346547,102.32528914082529,11.134950050068003,99.29315518473088,24.693777032243407,82.44874348145873,85.96807260550929,102.6110959416871,118.89571309790067,122.01122098174046,125.63272620556201,2,25.04280855567471,0.013136439025402069,25.726130142644664,10.661419663068491,0.9868636131286621,100.82847415172745,10.190105824856161,4.8301315789632575,8.189655341394705,25.726130142644664,43.262604943894615,46.622128706326066,50.528301110081266,80.85623373635755,84.06724162669346,100.82847415172745,117.58970667676142,120.80071456709734,124.53420517363277,99.84190204760208,13.307433250751341,103.96736196986136,73.12093764619893,77.83504062679121,82.66709033103899,100.65846119351589,117.52434942421203,120.74305027748282,124.48368375584724,2,27.526195648897925,0.01001936849206686,24.426275424976687,6.079042014240694,0.9899806380271912,102.3899719508789,9.293000874603855,12.511572016559098,14.427141119462494,24.426275424976687,34.42540973049088,36.340978833394274,38.56824189101047,84.17602492835611,87.10434575702354,102.3899719508789,117.67559814473425,120.60391897340168,124.00872477897326,101.60882561388885,12.089487492706903,85.8648577813976,60.290917362041554,82.25558283346597,86.16219170051372,102.2720911671402,117.63023706790283,120.56390943537833,123.97363929825998,2,25.759272082611147,0.009350362233817577,29.383798265274024,12.626753076889678,0.9906496405601501,104.86617411257646,8.295760092902695,4.635816992889939,8.61463767013137,29.383798265274024,50.152958860416675,54.131779537658105,58.75801844173497,88.60678310610253,91.22086303544617,104.86617411257646,118.51148518970675,121.12556511905039,124.16499796825349,104.16038684912772,11.065409003399058,69.66692119511023,52.7763855302263,87.0343365420696,90.44128176700896,104.76803616454454,118.47375159070432,121.09230491190999,124.13578789543078,2,23.207710847372283,0.0074611627496778965,26.052699539570277,6.169354436162206,0.9925388693809509,103.13627577091476,9.303999003806668,13.960987036829938,15.905014519299714,26.052699539570277,36.200384559840835,38.14441204231061,40.40476411634066,84.90077281125716,87.83255926435048,103.13627577091476,118.43999227747905,121.37177873057237,124.78061407349851,102.5611459771589,11.41072778995695,86.20250801057101,44.002538661220754,83.55663707494628,87.1479047601456,103.04861649686211,118.40620178932748,121.3419971657229,124.75451240349248,2,24.8069517193411
95,172,set,0.893,127.3643925839,129.1538459948,129.1539127177,130.3200386477,129.54259912006668,0.04203982651233673,69.1743601709285,41.31277675811566,0.9579601287841797,120.65286164081792,9.566481361690823,-11.797194376321627,1.2208894809054414,69.1743601709285,137.12783086095152,150.1459147181786,165.2822505528947,101.9029027131302,104.9174000758771,120.65286164081792,136.38832320575872,139.40282056850563,142.9078252186387,118.48870897630547,16.313969999422454,159.42146467715034,106.72352484703156,79.05564463983316,100.61566788393247,120.24043491810717,136.3959937371322,139.543793670142,143.34468088403176,2,11.053890143761208,0.0016170316375792027,104.55604009968829,10.919056803451607,0.9983829259872437,117.71962269471126,11.674916079323198,83.15508201977609,86.59578991364177,104.55604009968829,122.51629028573481,125.95699817960049,129.95756468092912,94.83720765671022,98.51609463728244,117.71962269471126,136.9231507521401,140.6020377327123,144.87953889545003,117.69833177680135,11.685733920320194,136.27604423698585,0.2797460005590154,94.78503286718045,98.47217059338506,117.70134248495648,136.9142747697676,140.5941588005157,144.8725556137552,2,11.84426734326533,0.0005230535753071308,98.6799720045271,8.44559832718492,0.999476969242096,114.80235672876523,10.608191764781326,82.12690345535293,84.78819896428169,98.6799720045271,112.5717450447725,115.23304055370127,118.32737171797662,94.01068292869942,97.35343402906793,114.80235672876523,132.25127942846254,135.594030528831,139.48070108818183,114.79392647728439,10.613565307951617,112.5121823489595,0.1358868768439858,93.98550183237217,97.3325869464471,114.79579077087514,132.24862060580782,135.59166338321526,139.47863383116365,2,14.748672642782296,0.04195397347211838,70.04774620786996,22.71537394684717,0.958046019077301,107.93359838716452,10.779155575024843,25.52643137669004,32.6842809838394,70.04774620786996,107.41121143190051,114.56906103904987,122.89160809716057,86.80684167636169,90.20346524411072,107.93359838716452,125.66373153021831,129.06035509796735,133.00966404307906,106.34413554569782,13.807792291852522,132.96330951290264,57.691734202863515,74.34250491352876,85.61388595044131,107.40098905088094,125.47137072135985,128.89964903665057,132.88468564029463,2,23.19846357436886,0.007274482864886522,70.97877503098017,24.162845088262138,0.9927254915237427,117.71143841337727,8.282639048791484,23.62046889396583,31.234431650085618,70.97877503098017,110.72311841187471,118.33708116799451,127.18995833283697,101.47776418080086,104.0877095332427,117.71143841337727,131.33516729351183,133.94511264595366,136.97973815598098,117.37147943962022,9.387334533825156,72.3502194860152,15.771477340041654,100.46660509418508,103.55295185063606,117.63943626123498,131.30971734432035,133.92416295821678,136.9645068131885,2,12.171119680446466
96,173,set,0.952,130.3200386477,126.4728714426,125.7253725368,125.82554137689999,126.00792845209999,0.04002148285508156,68.11708773909965,41.16820738881698,0.9599785208702087,119.41516950675036,9.645490280750996,-12.571116051057402,0.4014125005136151,68.11708773909965,135.83276297768566,148.80529152925666,163.88865947614647,100.51035594324728,103.5497498347319,119.41516950675036,135.28058917876882,138.31998307025344,141.85393531545702,117.36214465164392,16.069929129887367,157.1413267093246,101.10134684195278,81.10562238159162,99.54053414846001,119.02007815455774,135.28615385685214,138.4513800064738,142.26437119331962,2,8.645783800456073,0.0007339301519095898,104.65346031068145,11.299155463040742,0.9992660880088806,117.41537163519217,11.286442029283362,82.5075225474026,86.06800346581034,104.65346031068145,123.23891715555256,126.7993980739603,130.93922660058323,95.29435174419761,98.85082652794789,117.41537163519217,135.97991674243644,139.53639152618672,143.67156205550071,117.40600741603104,11.29173065665154,127.38398673483296,0.11944481896024907,95.2690076138947,98.83041964207654,117.40767274648408,135.976161046303,139.53301106415745,143.66858636897237,2,8.601921036068944,0.0002611743984743953,98.19041994172873,8.25708388424732,0.999738872051239,114.77353800853564,10.5490020639091,82.00683291127788,84.60872556668197,98.19041994172873,111.77211431677549,114.37400697217959,117.39926948162437,94.0978738904351,97.42197370299618,114.77353800853564,132.1251023140751,135.44920212663618,139.31418653316302,114.76921225384766,10.551842724744548,111.2701925717436,0.07180415032816738,94.08440284264563,97.41091954847404,114.77023766353268,132.12379518416265,135.4480295727918,139.31315505258996,2,11.238716198252334,0.03497607633471489,67.09132559226308,22.476663959369436,0.9650239944458008,107.48000691256584,10.701914081187432,23.037873739289516,30.120503356924807,67.09132559226308,104.06214782760134,111.14477744523663,119.37986500967256,86.5046407477964,89.87692472080165,107.48000691256584,125.08308910433001,128.45537307733528,132.37638198350396,106.06737691913877,13.537107764082002,128.19505788327996,55.05902503430565,76.50589811407016,86.08267684997479,107.03048168112137,124.91620215689025,128.3129016114587,132.25972776344275,2,19.940551532961223,0.006612419616430998,68.99895808532406,23.663464938440566,0.9933875799179077,116.99918676322872,8.374047341172478,22.619419056554214,30.076021955091086,68.99895808532406,107.92189421555702,115.3784971140939,124.04840943730525,100.58635556969726,103.22510462183783,116.99918676322872,130.7732689046196,133.41201795676017,136.48013399248268,116.68178905504378,9.407342228093142,73.36366276770197,15.134418688948971,99.65293401915811,102.72948643601258,116.93231462957513,130.7489503746735,133.39137395055397,136.46399071123946,2,9.32613939705621
97,175,set,1.493,14.9199841251369,108.5530347249,108.5090166652,108.611549057,108.5578668157,0.003940880298614502,21.81713883083441,8.140236028291367,0.9960591793060303,114.46930298614522,12.403357210869508,5.862569389727954,8.427642075458301,21.81713883083441,35.20663558621051,37.77170827194086,40.75415960944069,90.15916956545581,94.06759589147181,114.46930298614522,134.87101008081862,138.77943640683463,143.32382666462064,114.1041787207037,13.681894110348697,153.498137653435,33.69686483174195,89.28166005983842,93.60127847046314,114.40779720714877,134.8473101663932,138.75847993828776,143.3055075220107,2,-5.546311905003705,0.00010988504800479859,23.878350886654843,10.051973358079549,0.9998900890350342,125.81080849673538,11.28862040592843,4.17684513126278,7.34432605059812,23.878350886654843,40.41237572271156,43.579856642046906,47.26273773813837,103.68551906597172,107.24268027876559,125.81080849673538,144.37893671470516,147.93609792749902,152.07206657892104,125.79960438310383,11.338962147317284,127.43004741409149,1.1416050142874394,103.6647662300008,107.23116733668803,125.80925398727464,144.37841852217417,147.93558999995676,152.07164171695536,2,-17.24173756740383,0.0023514165077358484,14.6059583906125,1.9969965526961468,0.9976485371589661,122.66539833825391,10.148664547931679,10.691917070077407,11.321191367900655,14.6059583906125,17.890725413324343,18.51999971114759,19.251667075444068,102.77438133312934,105.97233064787466,122.66539833825391,139.35846602863316,142.55641534337846,146.27472253368842,122.41129990385187,11.40858585533173,102.76257970692936,27.39255722902013,102.35896513803587,105.7479014612705,122.6354195577377,139.34691381881152,142.54625532854098,146.2658034567773,2,-13.853433088151874,0.006565657444298267,26.090670114563935,4.30310909471642,0.9934343099594116,110.81925784534621,10.645389216530095,17.656731267372994,19.012685512951762,26.090670114563935,33.16865471617611,34.52460896175487,36.101198808823284,89.95467837953616,93.3091507822266,110.81925784534621,128.32936490846583,131.68383731115625,135.58413641755828,110.26295535027005,12.63040697805382,112.70183389114354,46.82495023706183,88.62861103801438,92.62576983633248,110.73107900260567,128.29539477105553,131.65387926503837,135.55784126810354,2,-1.7050885345700522,0.0016777710989117622,24.921036881739766,1.9411809968758447,0.9983221888542175,115.76943835356502,9.053094116398723,21.116392040389552,21.728078278459257,24.921036881739766,28.113995485020276,28.72568172308998,29.43689916695037,98.02569993677206,100.87842366107354,115.76943835356502,130.6604530460565,133.51317677035797,136.83008460474085,115.61701089498953,9.780183877829268,81.82732432327973,13.824137042609738,97.76459930690224,100.73645698135107,115.75037014793796,130.65311018260383,133.50673075975774,136.824454882704,2,-7.059144079289538
98,176,set,0.385,108.611549057,108.5140091585,108.55408348979999,108.53052062740001,108.5328710919,0.25130465626716614,86.85830016069582,24.56446824738837,0.7486953735351562,105.80622248413917,12.3080525644341,38.71282709643686,46.45334546984477,86.85830016069582,127.26325485154686,135.00377322495476,144.00379864495147,81.68288273802247,85.56127758282037,105.80622248413917,126.05116738545797,129.92956223025587,134.43903440099336,101.04452453094042,18.237577865455524,265.0590047389145,67.55054594123007,55.29630033081816,65.93554594496669,103.22556886669797,126.23284364648603,130.82148957886622,136.60707936784593,2,7.4883465609595845,0.8640866875648499,104.00011837986702,7.511971489229295,0.13591332733631134,120.97532018709309,18.377512394291276,89.27692480808588,91.64402483025215,104.00011837986702,116.35621192948187,118.72331195164816,121.475577283691,84.95605776884372,90.74700227099744,120.97532018709309,151.20363810318872,156.99458260534246,163.7278070757118,106.30727608941501,11.335955196454321,94.66257667025188,33.8414719473223,88.94579285507535,91.58747300915822,104.91723231919849,127.45593591956239,137.5250982613109,147.61655327587425,2,2.2255950024849938,0.920646607875824,103.34127036820736,5.311470956940237,0.07935338467359543,110.14767635351834,14.782165890121696,92.93097858767399,94.6046781002368,103.34127036820736,112.07786263617791,113.75156214874072,115.69759953691495,81.17516359538334,85.83317717495332,110.14767635351834,134.46217553208334,139.12018911165333,144.53613654572197,103.88138095065194,6.833542698072066,43.31272853808902,3.384496866528595,92.14647160796041,94.17777111566322,103.5393630304574,114.1944628873012,118.39643395766898,127.08267310238935,2,4.651490141248061,0.6841486692428589,92.85689325536404,14.036792223549002,0.3158513009548187,78.86746602314398,19.78275911233145,65.34528603873609,69.76842465569524,92.85689325536404,115.94536185503284,120.368500471992,125.51135500297028,40.09397064814275,46.327722946118286,78.86746602314398,111.40720910016965,117.64096139814518,124.88904562677831,88.4383116971035,17.340687339680752,258.40965696668326,42.2895473519352,50.57576174110588,57.891830515310616,89.50227689504861,114.99022377534922,119.76742822385737,125.36242543190484,2,20.094559394796505,0.17564553022384644,88.86121324449921,17.04733280272561,0.8243544697761536,104.70938979693673,9.906290744765323,55.44905491868875,60.82084605408718,88.86121324449921,116.90158043491124,122.27337157030966,128.51923966818663,85.29341671681422,88.41499153577368,104.70938979693673,121.00378805809977,124.12536287705923,127.754868210652,101.92572842330271,12.973415131422183,131.94231390372437,36.36718626849065,70.5226726035754,78.25381696834354,103.12284501916552,120.6306194355699,123.94118903124975,127.8435098809699,2,6.607142668597291
99,178,set,0.952,9.87759682020403,101.19261569140001,101.2927589655,101.2083774222,101.23125069303335,0.0037641548551619053,28.630822999709217,19.08419515150731,0.9962359070777893,106.33656231086849,9.900221359775399,-8.773512171179036,-2.759884612697295,28.630822999709217,60.02153061211571,66.03515817059747,73.02729981819877,86.93248500673454,90.05214729961948,106.33656231086849,122.62097732211748,125.74063961500244,129.3679212237157,106.04407246070357,11.029903834140141,99.01637740983064,22.643097637973913,86.26674735993888,89.69742535679238,106.28968080919448,122.60298273183663,125.7247402564196,129.35398640058366,2,-4.812821767670229,0.00986260175704956,21.03626430708406,10.329924194784768,0.9901373386383057,103.9367075730847,10.198503934572482,0.789984922276993,4.045051029158561,21.03626430708406,38.02747758500955,41.28254369189112,45.06726149662465,83.9480071651326,87.16166138682429,103.9367075730847,120.71175375934511,123.92540798103681,127.66197551967454,103.11908732055873,13.082384833812743,104.03608413766973,67.11207499356286,81.88191359050029,86.14550334901388,103.80938612733205,120.66275418253305,123.88223099016983,127.62414931755244,2,-1.8878366275253882,0.011240512132644653,19.88017442942622,4.82481225944038,0.9887595176696777,105.87692483875921,9.432543272276508,10.42371616875575,11.944064485125779,19.88017442942622,27.816284373726656,29.336632690096685,31.104366171821532,87.38947974248165,90.36177182597848,105.87692483875921,121.39207785153994,124.36436993503675,127.8203018270179,104.91028047779334,13.054817124705307,88.23444036498631,82.19413780385007,85.12858088915348,89.27517223887929,105.74252417415065,121.34034131424254,124.31874159311599,127.78031417932664,2,-3.67902978475999,0.0074682459235191345,27.07638153717491,10.923993566228834,0.9925317168235779,106.89040989538111,8.182380934236479,5.665747580019126,9.10801109896886,27.07638153717491,45.044751975380954,48.48701549433069,52.48939074600718,90.8532379564904,93.43159093860366,106.89040989538111,120.34922885215856,122.9275818342718,125.92547438633446,106.29433512147723,10.703386874257799,67.34255899058782,47.219510688058,89.6698186238274,92.82882182539626,106.81324482253747,120.3195337433772,122.90141588304101,125.90257518354217,2,-5.0630844284438865,0.005363951902836561,24.01596548781798,4.900586356003997,0.9946359992027283,106.20325902446424,9.087490416338865,14.41099272692176,15.955218245955903,24.01596548781798,32.076712729680054,33.6209382487142,35.41643413866143,88.39210509858717,91.25566745326252,106.20325902446424,121.15085059566597,124.01441295034132,127.34392303488067,105.762405142161,10.876887830266549,82.26832887725062,36.0378130771348,87.49107526700537,90.78449408768022,106.14183690712694,121.12715200479774,123.99356492869833,127.32564012555926,2,-4.531154449127655
100,179,set,0.494,101.2083774222,101.4041534532,101.09833228190001,101.2166238182,101.23970318443334,0.1171267107129097,75.3157050936455,30.43231998695822,0.8828732967376709,106.61752478669621,10.888126527946424,15.669453953208937,25.258993186549475,75.3157050936455,125.3724170007415,134.96195623408207,146.11186799743635,85.27718893280607,88.70815037649699,106.61752478669621,124.52689919689543,127.95786064058635,131.94709478727205,102.95124640108307,17.73300335959075,213.13988020905134,101.31960691060802,51.13621392356904,69.51515792318851,105.38936553699875,124.56634463717849,128.35960521725016,133.09882814810416,2,-1.71154321664973,0.42814162373542786,96.24423953704178,8.647883986158776,0.5718583464622498,114.75326707789,15.174599774516953,79.2946983816899,82.01973619695295,96.24423953704178,110.4687428771306,113.19378069239366,116.36222606319407,85.01159804002714,89.79327160123879,114.75326707789,139.7132625545412,144.49493611575286,150.05466500275813,106.82877855287363,15.734589093293934,163.69990681424923,83.87704700489215,81.1529648774632,84.44417268672527,104.57532524019082,135.34128709573355,140.68806693088854,146.75143751919313,2,-5.589075368440291,0.2779524028301239,94.30736868555086,8.353401542644056,0.7220476269721985,106.37102342753704,11.774544068364001,77.93500251356717,80.56724586075075,94.30736868555086,108.04749151035095,110.67973485753453,113.74028660529034,83.29334111916387,87.00362191098856,106.37102342753704,125.73842494408551,129.4487057359102,133.76270898877584,103.0179047751925,12.194551780914447,119.49993106743221,29.207478352745213,80.71442907636526,83.9085940367292,102.48254916257484,123.82106409914728,127.76490090639945,132.29329787526967,2,-1.778201590759167,0.3361540734767914,82.21629446281202,18.017955960107866,0.6638458967208862,89.86491030691958,15.094924646403058,46.90174970597178,52.57939425157669,82.21629446281202,111.85319467404733,117.53083921965225,124.13232800517045,60.27940165062357,65.03596875372433,89.86491030691958,114.69385186011482,119.45041896321558,124.98095616688602,87.29379425628068,16.536267809407455,260.39309165805923,13.054834306536268,53.83324124986914,59.578859058673565,87.60435356630781,113.92676622336806,118.92182755437157,124.73841984083526,2,13.945908928152662,0.07007716596126556,77.63002179635718,21.271524523658048,0.9299228191375732,105.10226202951577,9.344530173678825,35.93859983372687,42.64147753283104,77.63002179635718,112.6185660598833,119.32144375898748,127.11498764957669,86.78731943665746,89.73187768118268,105.10226202951577,120.47264637784886,123.41720462237409,126.84088993296399,103.17708372522321,12.731544185108396,112.90944639356644,49.18261231333035,69.76103999911729,82.890848376028,104.40276002524914,120.2877602895579,123.30863961861567,126.84998603372439,2,-1.9373805407898743
101,183,set,0.385,8.10158742504006,7.49492593514191,7.27188109020041,7.28837475073758,7.351727258693299,0.05842430144548416,46.04380367266009,17.56641456512485,0.9415757060050964,20.846790977494415,12.25406758003072,11.614263787515547,17.149622962681303,46.04380367266009,74.93798438263886,80.47334355780463,86.90939485075833,-3.1707401434856983,0.690643473572429,20.846790977494415,41.00293848141639,44.86432209847452,49.354015040651674,22.318908998043163,13.940710135172571,159.4175612383344,34.925841545954206,-2.8868750862757873,1.0138997195169688,21.643252551737554,45.64260222266241,52.69296624760486,63.046938146059084,2,-14.967181739349865,0.9293975830078125,11.582483867159226,10.050786610557573,0.0706024169921875,73.87402268746864,11.883338612870153,-8.116695905831023,-4.9495889429316975,11.582483867159226,28.114556677250143,31.28166364014947,34.96410993106798,50.58310699014897,54.32767006979668,73.87402268746864,93.42037530514058,97.1649383847883,101.51880220602655,15.980417066035747,18.933262154737513,103.85620565485183,254.61221016516407,-7.800029923494201,-4.590195931156587,12.540862814589214,67.3606593636611,78.32180852554048,86.62473506807196,2,-8.628689807342447,0.9688671827316284,11.888017896972343,5.715158228169722,0.031132856383919716,54.944324556123746,15.798028451069712,0.686513603811937,2.4874191567658226,11.888017896972343,21.288616637178862,23.089522190132747,25.183464090881994,23.980757765288008,28.958880159699174,54.944324556123746,80.92976895254832,85.90789134695947,91.6960344573065,13.228484173620046,9.763957178569916,39.41620809964143,55.918658530244606,0.7629790287458607,2.5744977602400865,12.116704175797269,23.598370830783704,41.47783584004798,62.27985094657981,2,-5.876756914926747,0.37150222063064575,14.851112630962945,9.75536131751948,0.6284977793693542,26.438804103848334,11.466735439133762,-4.269044207550451,-1.1950288143810717,14.851112630962945,30.897254076306954,33.97126946947634,37.54547669247464,3.964415622897075,7.577702727496174,26.438804103848334,45.29990548020048,48.91319258479959,53.11441971486593,22.133950989688614,12.220679256301061,117.993452096905,31.351549388482063,-0.9263899433569108,2.527738320520315,21.84539702231211,42.68452213077694,46.58839519114188,51.071266225666584,2,-14.782223730995316,0.7802700400352478,14.734116431566747,5.337385286345358,0.21973003447055817,35.90394150373009,13.874366847897717,4.273033498715838,5.954898884884159,14.734116431566747,23.51333397824933,25.195199364417654,27.150731345393133,8.710682173554044,13.082638872310255,35.90394150373009,58.72524413514991,63.09720083390613,68.18054532399967,19.385763922186104,11.889591615106534,64.52568889174665,76.83672788213113,4.588439419423341,6.406931001564332,16.343228949765216,46.267168141161946,52.64599065917447,59.35209972539774,2,-12.034036663492806
102,184,set,0.385,7.28837475073758,7.033303394905221,6.98429372028183,6.9727907758345395,6.996795963673864,0.05791338160634041,45.86553094102278,17.444489621515757,0.9420866370201111,20.18266140479102,12.270849098762078,11.674959554169135,17.171898916755264,45.86553094102278,74.55916296529028,80.05610232787643,86.44748228576347,-3.867760888508439,-0.0010892410819955956,20.18266140479102,40.366412050664024,44.23308369809047,48.728925118372146,21.67004360492003,13.980881939958598,159.47713987418604,35.98792869168456,-3.581350036637897,0.32432544050717554,20.983277188504765,45.07948107157466,52.21004426866591,62.63043511474413,2,-14.673247641246164,0.9311334490776062,10.744239188427606,10.047339296106069,0.06886659562587738,73.61109663569114,11.869344881673525,-8.948183972394311,-5.782163293984517,10.744239188427606,27.270641670839726,30.43666234924952,34.11784559969095,50.347608147526195,54.08776165753254,73.61109663569114,93.13443161384973,96.87458512385608,101.22332186742989,15.073666118822903,18.89795034404275,103.69903444580478,253.43350291742127,-8.639817839599687,-5.43211638885649,11.676916847753088,66.47897842403566,77.7700531674698,86.15946466869805,2,-8.076870155149038,0.970885157585144,11.091827915337042,5.5984283119309,0.02911486104130745,54.60415032837188,15.94270874384173,0.11911005392310514,1.8832328012296902,11.091827915337042,20.30042302944439,22.064545776750975,24.115719716767543,23.357015374430276,28.380728027632852,54.60415032837188,80.8275726291109,85.85128528231348,91.69243692106042,12.358683342578512,9.557660880821583,37.82999366677802,53.51889069095846,0.18910185928890752,1.9627671636713762,11.300902894142641,22.350993689137493,37.47885007692102,61.02934471124549,2,-5.361887378904648,0.371785968542099,14.17503005168686,9.651620473187146,0.6282140612602234,25.757127239519328,11.434963214373125,-4.741798468209385,-1.7004728895941064,14.17503005168686,30.050532992967824,33.0918585715831,36.62805682053483,3.3450111748076274,6.9482865223010215,25.757127239519328,44.56596795673762,48.16924330423102,52.358829603011465,21.451066786414522,12.16998627451141,116.77752276411542,31.331056871167686,-1.460030596346348,1.9614422871460337,21.14259746652203,41.94772562555541,45.84425761738962,50.317196286470356,2,-14.454270822740657,0.7853034138679504,14.172079220010595,5.219620307093282,0.21469660103321075,35.38300478011407,13.92489716749895,3.941811405133862,5.58656782657865,14.172079220010595,22.757590613442538,24.402347034887324,26.31473182471745,8.090707843392313,12.478587169227133,35.38300478011407,58.287422391001,62.675301716835826,67.77715970196257,18.7259930537137,11.784735937604584,63.02541246225793,75.85459388209422,4.227957762976318,6.008052310523913,15.700431805375917,45.539456261589585,51.99480181765885,58.76273676657974,2,-11.729197090039836
103,185,set,1.378,6.9727907758345395,86.7426821704754,86.75389481610779,91.60562678401959,88.3674012568676,0.002822490641847253,22.17790473180542,9.662136820316004,0.9971774816513062,118.31210906791233,11.298805319064664,3.240464550287694,6.28510393880727,22.17790473180542,38.070705524803564,41.11534491332314,44.65539618243928,96.16685757421598,99.72722815863023,118.31210906791233,136.89698997719444,140.45736056160865,144.59706080111977,118.04076789775678,12.392650385708867,127.56616941609813,26.011228109560378,95.60668761546279,99.42606252103081,118.27202696368629,136.88155522963172,140.443791974203,144.58516127854983,2,-29.673366640889185,0.0003549346001818776,19.147026400613697,9.681573820270522,0.9996451139450073,123.6481856577364,10.971264339426805,0.1714903992176069,3.2222545877433024,19.147026400613697,35.07179821348409,38.122562402009784,41.66973507476949,102.14490268759124,105.60206171678686,123.6481856577364,141.69430959868595,145.15146862788157,149.17116312930204,123.6111005830815,11.14599193216961,120.3591930926745,3.8746848154464404,102.07953559095395,105.5660617957382,123.64330275109937,141.69249503583148,145.14982889465378,149.16971206925987,2,-35.2436993262139,0.004034784622490406,12.776635196873222,2.1581635149066893,0.9959652423858643,122.32434741413445,9.781624120366443,8.54671243490774,9.226772111824616,12.776635196873222,16.32649828192183,17.006557958838705,17.79727430160891,103.15271642790793,106.2350075022737,122.32434741413445,138.4136873259952,141.49597840036097,145.07980789121552,121.8823492932306,11.980709295761757,95.3129168302742,48.2248796166811,102.44287050105511,105.85816896626852,122.27468211626697,138.39454545835835,141.47908326965447,145.06503032228218,2,-33.51494803636301,0.005067505408078432,26.13456908145792,5.08954917033081,0.9949324727058411,114.452864929253,9.456230111329994,16.159236010063815,17.763005669091427,26.13456908145792,34.50613249382441,36.109902152852015,37.974630973683325,95.91899448152301,98.89875053334413,114.452864929253,130.00697932516186,132.98673537698298,136.4513457451865,114.0053089824874,11.332499812668017,89.09841434959631,39.3268531965286,95.038754384676,98.43684822993802,114.39250053797532,129.98371791807605,132.9662030127194,136.43338275659897,2,-25.63790772561981,0.0014541279524564743,24.091810415033244,2.110920973737325,0.9985458850860596,117.9022642074852,8.42658363828552,19.954481332297863,20.61965439517347,24.091810415033244,27.56396643489302,28.22913949776862,29.00254693455529,101.38646376373109,104.04176754724134,117.9022642074852,131.76276086772907,134.41806465123932,137.50542913983804,117.76585334166353,9.148150570617805,70.91053859768722,12.778301093528636,101.17664072777016,103.92743583616354,117.88688436718463,131.75685740804633,134.41286384544978,137.50087964366094,2,-29.398452084795935
104,186,set,0.17,91.60562678401959,86.99033450393331,89.0736077572424,92.7930427488269,89.6189950033342,0.5830954909324646,93.34885356031849,15.067195114495997,0.4169045388698578,66.4880560876155,14.923196399692683,63.81769378786847,68.56552302825423,93.34885356031849,118.13218409238273,122.8800133327685,128.4003908826848,37.23912861000004,41.94158236387183,66.4880560876155,91.03452981135916,95.73698356523096,101.20460230593451,82.15046795829724,20.01533120631087,225.21994068336403,175.39374374187219,43.204588207961464,48.78552168023735,82.75728441398562,114.00191357158815,119.2622613759776,125.24953493829858,2,7.468527045036964,0.9973402619361877,92.81816893532263,6.804799599588662,0.002659681485965848,114.12237712722104,22.427774772602646,79.48100679811627,81.6252696332613,92.81816893532263,104.01106823738397,106.155331072529,108.64850001709968,70.16474631954384,77.23197044805484,114.12237712722104,151.01278380638723,158.08000793489822,166.29718328893202,92.87482609197167,6.980286245245613,47.519970929953196,1.2039371101954384,79.46970087927585,81.62088542690303,92.83312363655733,104.12224197302301,106.35047534282742,109.07246192383934,2,-3.255831088637464,0.9997771382331848,93.87711390602958,4.186200765421085,0.0002229176025139168,93.7085904121995,19.160057452278643,85.67231117375024,86.99142639387968,93.87711390602958,100.76280141817948,102.08191663830891,103.61567315697506,56.15556786401508,62.19310041922037,93.7085904121995,125.22408040517861,131.2616129603839,138.28154933280828,93.87708158087061,4.195440430137044,17.602206148102653,6.329513562422739e-06,85.66721469677326,86.98837769590754,93.87710502908183,100.76576934473644,102.08712363725543,103.62597097783349,2,-4.258086577536403,0.9615588784217834,90.23165271117693,8.9741947843845,0.03844115510582924,41.65003668954194,27.81664826288074,72.64255414353612,75.4704158711131,90.23165271117693,104.99288955124076,107.82075127881775,111.10875166905822,-12.86959207632298,-4.10427809529083,41.65003668954194,87.40435147437469,96.16966545540686,106.3612372388364,88.36412229964932,13.943621356666252,107.18472701635088,87.2401113126394,52.37118339734035,71.35780240099719,89.81931993348546,104.86076882101756,107.72248341706604,111.05933452370346,2,1.2548727036848817,0.846523106098175,85.58337916883585,11.285499847973687,0.15347689390182495,72.91199409462898,11.955170248634415,63.46420591927516,67.02038381193603,85.58337916883585,104.14637452573565,107.70255241839652,111.83737774765767,49.480290978260754,53.247488950340326,72.91199409462898,92.57649923891763,96.34369721099719,100.72387898633596,83.63861434621263,12.272404484248238,129.75115809407825,20.860753730917672,58.63348200281437,62.94178063783909,83.92808342077791,103.31506186058552,106.95461456043319,111.17005935770165,2,5.980380657121572
105,187,set,0.17,92.7930427488269,86.9172955857313,91.6876020024572,89.7743432109051,89.45974693303121,0.5891710519790649,94.0562726890262,15.027507230306687,0.41082894802093506,67.89559611505625,14.980438257644549,64.60289974020984,69.33822291721677,94.0562726890262,118.77432246083563,123.50964563784257,129.01548218638354,38.53447665744697,43.25496791364701,67.89559611505625,92.53622431646548,97.25671557266553,102.74530680792773,83.3087094526262,19.77116868782168,225.24570101696685,165.6534102653333,44.62109695930027,50.23109569014227,83.94021153739457,114.74969447772227,119.98013946093172,125.93864927337485,2,6.151037480405009,0.9973664879798889,93.89614730491243,6.760964781209386,0.002633564407005906,114.9003435849716,22.640662310058293,80.6448998329983,82.775349862849,93.89614730491243,105.01694474697585,107.14739477682656,109.62450335014388,70.52546087112391,77.6597680676887,114.9003435849716,152.1409191022545,159.27522629881926,167.5704002168523,93.95146812756096,6.935313483364305,46.94022927514103,1.1588062501433187,80.63251338569803,82.77031499684327,93.91060398010764,105.12516757398286,107.33762493199946,110.03829302857895,2,-4.491721194529745,0.9997878670692444,94.97592985147821,4.085802994203866,0.00021218496840447187,94.64358441537469,19.32027237702751,86.96790313491272,88.2553819774528,94.97592985147821,101.69647772550363,102.98395656804371,104.48092896079407,56.7765463848967,62.86456432233064,94.64358441537469,126.42260450841873,132.51062244585268,139.58925898556262,94.97586427509644,4.094997159932632,16.76944770941139,2.3431621591079393e-05,86.96288958096048,88.25253079801936,94.9759143654801,101.69910122007401,102.98858699932079,104.49063531212471,2,-5.516117342065229,0.9625269174575806,91.28172113116207,8.932872449497694,0.03747304901480675,42.22070722203499,28.124956715954696,73.7736128516565,76.5884534835109,91.28172113116207,105.97498877881324,108.78982941066765,112.06268996312903,-12.903195007984145,-4.040729840056279,42.22070722203499,88.48214428412624,97.3446094520541,107.64914048568686,89.44325229177105,13.901977669393,106.44767627814417,86.81703861805796,54.33685586892592,72.64049106499971,90.8821493117245,105.84808524490357,108.69621922154381,112.0181460996736,2,0.01649464126016653,0.8417096734046936,86.68251051114842,11.245459146953518,0.1582903265953064,74.07612258303534,11.92965651333933,64.641815593503,68.1853762465473,86.68251051114842,105.17964477574952,108.72320542879383,112.84336049027686,50.69442546895658,54.45358379878388,74.07612258303534,93.69866136728679,97.4578196971141,101.82865365087976,84.68704124882026,12.253326926974653,128.9702587366827,21.17376204263783,59.707050271547374,64.01141178415644,84.98143182601908,104.32442546032323,107.9536571790993,112.15666735907564,2,4.772705684210948
106,188,set,0.952,89.7743432109051,101.3416725368,101.54365651190001,101.643390669,101.50957323923335,0.015945356339216232,49.92830094327353,37.34707548645461,0.9840546250343323,111.89684597813823,9.121975588700415,-23.270621938076232,-11.502171626651773,49.92830094327353,111.3587735131988,123.12722382462327,136.81059060283002,94.01810235643185,96.89253134610155,111.89684597813823,126.9011606101749,129.7755895998446,133.1177344959639,110.90873336149338,12.82107262510481,104.12426455468986,60.255409584252995,91.12441411923925,95.5318635472572,111.7297328951411,126.85831950661685,129.75416541317256,133.13465983002672,2,-9.399160122260028,0.0008646445348858833,80.32756840803187,12.524834451303079,0.999135434627533,107.32118320872955,10.619302822098561,55.779343971151334,59.72604903383923,80.32756840803187,100.92908778222449,104.87579284491238,109.46469040653426,86.50773213649181,89.85398444610472,107.32118320872955,124.78838197135437,128.13463428096728,132.02537575271444,107.29785182301977,10.65064812331409,112.8077338089108,0.6294830211354361,86.40269843071617,89.78901671801239,107.31002387602507,124.78397456056749,128.13073596651546,132.02192006282215,2,-5.788278583786422,0.00018178623577114195,73.37339364625147,14.208662131562678,0.9998182654380798,106.41868042825061,8.727412775473509,45.5249275998905,50.00222420502256,73.37339364625147,96.74456308748037,101.22185969261244,106.42768458897692,89.31326571010777,92.06336387061039,106.41868042825061,120.77399698589082,123.52409514639344,126.72167858435029,106.41267874901956,8.740050300800668,76.19059155423149,0.19847284331943538,89.290242850259,92.05016122336598,106.41673090687874,120.77329152699588,123.52346067298329,126.72117291803788,2,-4.903105509786215,0.014272746630012989,56.114183645176766,23.608545791291846,0.9857272505760193,114.08192614299226,8.978987881217343,9.842284166880063,17.281581473320443,56.114183645176766,94.94678581703307,102.38608312347345,111.0358739559444,96.48343327818466,99.31280536021859,114.08192614299226,128.85104692576593,131.68041900779986,134.9701755115007,113.25456692286588,11.606130728664816,87.42662965860156,47.275604995156606,93.72406017092737,98.01688713104839,113.92130965391087,128.7898564620011,131.62675945103462,134.9238608932555,2,-11.74499368363253,0.004910849034786224,52.84052189582377,22.79010162076472,0.9950892329216003,109.64894303455333,8.449012230951684,8.172743515116998,15.354140586316284,52.84052189582377,90.32690320533123,97.50830027653053,105.85822635046449,93.0891833569496,95.7515546223151,109.64894303455333,123.54633144679156,126.20870271215705,129.30428467577283,109.36997444086764,9.452796162396135,73.5858882572125,15.77044737579324,92.3645478261732,95.36571497117531,109.59734931186621,123.5267053999134,126.19152016630014,129.28930424806165,2,-7.860401201634289
107,191,set,0.829,8.73375412560711,34.6567954871307,35.071844673814304,34.458198242838606,34.72894613459454,0.005285486578941345,30.850890833623282,20.451169261963777,0.9947145581245422,94.89992188012141,10.055392607555872,-9.232664361558328,-2.7882891023163126,30.850890833623282,64.49007076956286,70.93444602880489,78.42742496784211,75.19171451890159,78.36027287916211,94.89992188012141,111.43957088108071,114.60812924134122,118.292263095355,94.56139582848805,11.151443668733497,102.78716107395346,21.567934555167074,74.22966055818111,77.85291358856202,94.83307356888191,111.41384710266169,114.58548624407378,118.2724478536947,2,-59.83244969389351,0.03370225057005882,18.809738856023394,10.370374510799852,0.9662978053092957,97.1993120253185,10.160826037177149,-1.5158216913365017,1.751990729089151,18.809738856023394,35.86748698295763,39.135299403383286,42.93483755222995,77.28445893927446,80.48624046524472,97.1993120253185,113.91238358539229,117.11416511136255,120.83692807540439,94.55741241972177,17.42139589277899,103.38738810400045,200.11814637206786,25.538831427327285,75.62526039165482,96.75501061006774,113.74297333384119,116.96480355337421,120.70597010049406,2,-59.828466285127234,0.029576478525996208,18.587720846641915,5.317317158556095,0.9704235196113586,97.47514796567967,9.94378688803567,8.165970721495109,9.841512432739622,18.587720846641915,27.333929260544203,29.009470971788716,30.957650314049772,77.98568379518812,81.1190740372617,97.47514796567967,113.83122189409764,116.9646121361712,120.60785545257663,95.14193548996074,16.595418078841792,96.79064916207464,178.61723518883096,23.991951475568975,77.26325984227884,97.09521781798604,113.68609639575513,116.83665600000248,120.49566883209417,2,-60.41298935536621,0.012897123582661152,24.713700863660563,11.714317968051132,0.9871029257774353,96.23685443928679,8.379393718944621,1.7540595428299106,5.445362466648852,24.713700863660563,43.982039260672266,47.673342184491204,51.965279564474734,79.81354453787418,82.45397828902634,96.23685443928679,110.01973058954724,112.6601643406994,115.73023920310479,95.3144162388607,11.670611433693862,71.07849179328738,65.12512787145612,77.39283880071642,81.32654721236597,96.09963170783848,109.96697915649314,112.61361857625556,115.68942249313601,2,-60.585470104266165,0.013513517566025257,22.064837628934676,5.354156781871295,0.986486554145813,96.5699215461807,9.784808158622193,11.570883168886056,13.258033427006849,22.064837628934676,30.8716418308625,32.558792088983296,34.520468875722315,77.39204995964751,80.47534435744662,96.5699215461807,112.66449873491476,115.74779313271388,119.33278920388891,95.56310271111339,12.993665255486087,94.83605194567599,73.9999397204412,74.37124046217733,79.0865470325647,96.40191973975934,112.59987921036603,115.69082688791539,119.28281236260989,2,-60.83415657651885
108,193,set,0.893,11.2474527331423,29.7256235767,29.737548293778403,29.8580815525725,29.77375114101697,0.004481531213968992,29.988446127720565,20.283736292883614,0.9955184459686279,101.80539188211478,9.928514195827182,-9.76694647823932,-3.375331081756272,29.988446127720565,63.35222333719739,69.74383873368043,77.1754729302754,82.34586163829884,85.47443929686925,101.80539188211478,118.13634446736029,121.26492212593071,124.90256977396164,101.48353967508987,11.090012745338251,99.97745938088984,23.01068831651938,81.54333451711608,85.04934152341994,101.74939720350581,118.11484948011511,121.24586174381332,124.88590791202397,2,-71.7097885340729,0.016086170449852943,21.726176236987854,10.444951836636072,0.983913779258728,100.77629200787266,10.170380156585486,1.2544468169256575,4.545759325163562,21.726176236987854,38.906593148812135,42.19790565705004,46.024767736605156,80.84271319188426,84.04750531983773,100.77629200787266,117.50507869590757,120.70987082386104,124.43613426333245,99.50467330331887,14.227873455328231,103.52768126697293,98.90420384946712,76.74188439860868,82.27800961224716,100.5678799731548,117.4250396091624,120.63930160578722,124.37430532889684,2,-69.7309221623019,0.014593354426324368,20.876988890790088,5.365116822893504,0.9854066371917725,102.18934747115033,9.524384567131737,10.361553145068857,12.052157025635346,20.876988890790088,29.701820755944826,31.392424636511315,33.35811700570914,83.52189674466301,86.52312897142306,102.18934747115033,117.85556597087759,120.85679819763764,124.34637926044464,101.00272654660554,13.597390830009747,89.81014260505825,95.0788092705677,80.22790097961736,85.04553093438648,102.01255548755682,117.78759849941974,120.79689535033147,124.2938328639278,2,-71.22897540558857,0.009404785931110382,27.048337944831296,11.742380270378208,0.9905952215194702,103.11497311832434,8.262337380315886,4.0336955221163,7.7338411680562835,27.048337944831296,46.3628347216063,50.06298036754629,54.36519932300475,86.92108942478619,89.52463751121503,103.11497311832434,116.70530872543365,119.3088568118625,122.33604411763037,102.39958346628418,11.08270885665375,68.92095506729565,53.90555865841922,85.34367024044279,88.7432383393811,103.01665638328876,116.66749835764517,119.27547865103635,122.30684624461084,2,-72.62583232526721,0.007870621047914028,24.018707836821463,5.4336902486818905,0.9921294450759888,102.38164333538683,9.36743854377786,13.368870646258465,15.081082723546205,24.018707836821463,32.956332950096716,34.668545027384454,36.65936159503903,84.02180116218989,86.9735780714088,102.38164333538683,117.78970859936486,120.74148550858376,124.17356407691268,101.76488513574932,11.629319930142984,87.29065230166127,47.95111452117403,82.58049189854374,86.24349756250392,102.28850388107303,117.7538357652481,120.70982076690308,124.14582172892425,2,-71.99113399473235
109,195,set,1.493,20.995272494492397,98.0094285070224,97.9904126180295,97.99665439421901,97.99883183975696,0.00451941043138504,22.782194431711545,8.646014992454404,0.9954805374145508,112.89753073322242,12.459936200836125,5.836316436707563,8.560765312696107,22.782194431711545,37.00362355072698,39.72807242671553,42.89583302833309,88.47650452991678,92.40275948169317,112.89753073322242,133.39230198475167,137.31855693652807,141.88367682472204,112.49025665424854,13.835537870490015,154.8862056045054,36.5352426007138,87.45371000389105,91.86271885090137,112.8266344455356,133.3649977307667,137.29449468555217,141.86258120662367,2,-14.49142481449158,8.65654947119765e-05,28.113836755456894,10.436941290862736,0.9999134540557861,124.55011912014737,11.306532542231402,7.657807716606946,10.946596018901737,28.113836755456894,45.281077492012045,48.569865794306835,52.393792938944486,102.38972254734372,105.95252805981319,124.55011912014737,143.14771018048154,146.71051569295102,150.85304706254098,124.54177350067314,11.341989519577549,127.83604385311365,0.804985650091435,102.37330520801805,105.94344052322677,124.54889206851637,143.14729378291645,146.71017182171536,150.85278239609136,2,-26.542941660916185,0.001666872762143612,18.228168421740676,2.271810794317947,0.9983331561088562,121.66050650974722,10.151550562879546,13.775501085188168,14.491372196959295,18.228168421740676,21.964964646522056,22.680835758293185,23.513190633325266,101.763833019266,104.96269174721354,121.66050650974722,138.3583212722809,141.55718000022844,145.27654457992014,121.48810147512395,10.98604911606831,102.89080687312102,17.80289442498905,101.47297177494099,104.80454335080567,121.63926291138353,138.35014508334982,141.54995756648378,145.27018474047304,2,-23.489269635366995,0.006852485239505768,27.174186639256284,4.673148465343946,0.9931475520133972,110.25829244855653,10.78133261524252,18.014983952773523,19.487541436752586,27.174186639256284,34.86083184175998,36.33338932573904,38.04555563668639,89.12726881733415,92.52457839300466,110.25829244855653,127.99200650410839,131.3893160797789,135.33942265735314,109.68896394730223,12.750222495098845,115.59027079478278,46.97835109433142,87.71659261930192,91.80025232665085,110.16505815529085,127.9560394799244,131.3576361430345,135.3116362079341,2,-11.690132107545267,0.0018390294862911105,26.10503136329271,2.2423631179481154,0.9981610178947449,114.56368148839962,9.269882685404651,21.71008041185346,22.41667225579354,26.10503136329271,29.79339047079188,30.49998231473196,31.321548035558898,96.39504528409506,99.31608133189712,114.56368148839962,129.81128164490212,132.73231769270419,136.12865336619873,114.40100885064797,10.007254607953314,85.78194692959563,14.363817962422257,96.10108698595545,99.15647849392603,114.54227550528373,129.80303939517327,132.72501465919865,136.12224061095523,2,-16.40217701089101
110,199,set,1.076,37.9628525894841,122.402406725,122.4564269418,123.8102454463,122.8896930377,0.005051509942859411,32.29563833601822,22.323353018515302,0.9949485063552856,112.52707840653152,9.753386746051328,-11.457329594445284,-4.4230098422047845,32.29563833601822,69.0142865142412,76.04860626648171,84.22752317210448,93.41079165698059,96.48418484222856,112.52707840653152,128.56997197083444,131.64336515608244,135.21684892790614,112.12179032326804,11.380591818883744,97.1653412444748,32.35273379237503,92.50955183363801,96.0104801044461,112.4650341039143,128.54602328661224,131.6223834123529,135.1984911183522,2,10.767902714431955,0.001048998674377799,43.81619304255905,11.712321345531052,0.9989509582519531,108.28122453404086,10.44779508590747,20.860465029958476,24.551138797341146,43.81619304255905,63.08124728777695,66.77192105515962,71.06312690481838,87.80392244780765,91.09613089334019,108.28122453404086,125.46631817474153,128.75852662027407,132.58643042055604,108.21359613739294,10.655567090920995,109.18581254774995,4.35479308084778,87.61764682880668,90.99419957832791,108.26747466765977,125.46104778548305,128.75385360436772,132.58238999425197,2,14.676096900307058,0.0009195050806738436,38.57992619590076,7.750558525387185,0.9990805387496948,110.5372930489763,8.736356147564793,23.389110626072004,25.831391894517992,38.57992619590076,51.32846049728353,53.77074176572951,56.61042154406435,93.41434964363421,96.16726595331454,110.5372930489763,124.90732014463804,127.66023645431838,130.8610965997273,110.47113272945329,9.003617932002138,76.3089775858252,4.75669317981642,93.27808802159895,96.09265383240664,110.5272152244829,124.9034750727471,127.65681075047311,130.85812607222888,2,12.418560308246711,0.005840071476995945,38.138103300895,14.027820786482536,0.9941599369049072,116.86466732789992,8.380307167065421,10.644079777806883,15.064391402023936,38.138103300895,61.21181519976605,65.6321268239831,70.77169436495456,100.4395671010688,103.08028868918494,116.86466732789992,130.6490459666149,133.28976755473104,136.3601770898118,116.40489954639224,10.341814394941272,70.96861106202533,35.98462749302223,99.52560563863047,102.60500819180996,116.80296693497431,130.62531287779873,133.26884417835748,136.34175796054143,2,6.484793491307755,0.0028376413974910975,34.26065969404393,8.34616812939778,0.9971622824668884,111.64184494078114,8.645397563000403,17.902470751508243,20.5324347752572,34.26065969404393,47.98888461283065,50.618848636579614,53.67675017825587,94.69717708527,97.4214314028425,111.64184494078114,125.86225847871977,128.58651279629228,131.754047181705,111.42225638621694,9.574578862419,74.7284656942777,16.943149480827998,94.26613669967817,97.18971987388203,111.61101107968057,125.85035859379164,128.57608310092715,131.74490799480455,2,11.467436651483055
111,200,set,1.076,123.8102454463,123.70950879530001,123.91547626229999,123.8562648046,123.8270832874,0.029184723272919655,59.85896277791582,38.76250444477624,0.9708153009414673,113.06797333678401,9.737463881917796,-16.11414988441939,-3.8996832477969647,59.85896277791582,123.61760880362858,135.832075440251,150.03403258551967,93.98289482746554,97.05127055330254,113.06797333678401,129.08467612026544,132.15305184610247,135.72070173703295,111.51508582586924,14.700949627497858,135.90193549294406,80.21628557806403,86.41917313826518,94.31535486020812,112.76425007621032,129.04870051862255,132.1834355879657,135.8885013182244,2,12.311997461530765,0.00015862908912822604,97.60279281851629,12.562760924192881,0.9998413324356079,113.47957158994629,10.456864750387073,72.98023386071111,76.93888994783339,97.60279281851629,118.26669568919918,122.22535177632146,126.82814498659575,92.9844932879812,96.2795596787311,113.47957158994629,130.67958350116146,133.97464989191138,137.80587667114187,113.47704870483503,10.459167324732775,109.35370605386528,0.03997962535814189,92.97504205665282,96.27295010740443,113.47792186107539,130.6788941338665,133.97405714257476,137.805378605565,2,10.350034582564973,6.212622974999249e-05,89.36753747103721,9.540088925387069,0.999937891960144,111.56559373963943,9.847613563797013,70.66930676796912,73.67548760067471,89.36753747103721,105.0595873413997,108.06576817410529,111.56110306077198,92.26462582092914,95.36771085241139,111.56559373963943,127.76347662686746,130.8665616583497,134.47456861815436,111.56421668746201,9.849137468989651,96.97512425708207,0.030611027845322852,92.25835631039052,95.36361710596681,111.56484202030259,127.76321735257959,130.8663286758712,134.47438724379666,2,12.262866599937993,0.020107075572013855,57.87787622623958,21.92150533958762,0.9798929691314697,107.54012476226015,10.244446298945178,14.912515273745349,21.820208660182807,57.87787622623958,93.93554379229633,100.8432371787338,108.87492356876417,87.46137897477294,90.68951011133058,107.54012476226015,124.3907394131897,127.61887054974736,131.37227063053683,106.54156698528844,12.692289218040923,112.50097697395718,48.59373605439654,82.68904832468834,88.58840461233024,107.28301223245774,124.29215672522614,127.53247311369222,131.29739847160724,2,17.28551630211156,0.005429947283118963,59.722636492756266,22.896775255003558,0.9945700764656067,111.80827826217387,8.72624941543085,14.845781630841373,22.060792669070928,59.722636492756266,97.3844803164416,104.59949135467116,112.98850092962472,94.7051436878157,97.45487526151926,111.80827826217387,126.16168126282847,128.91141283653204,132.10857003811157,111.52545862846263,9.655639154834992,78.58067088851524,14.650991984803314,93.8949815896452,97.02239830922625,111.7499449634451,126.13955667019529,128.89229822086,132.0923922697245,2,12.30162465893737
112,201,set,0.229,123.8562648046,123.4370249603,123.57720924840001,124.15976431489999,123.72466617453334,0.6271712779998779,108.80705792761242,16.124601857277494,0.37282872200012207,108.98468516482055,15.728742709482663,77.20341902230086,82.28444807952107,108.80705792761242,135.32966777570374,140.41069683292397,146.3184911780449,78.15691593213757,83.11320567174145,108.98468516482055,134.85616465789963,139.81245439750353,145.57521232836092,108.87328246345314,15.978391723039268,255.30162446269816,0.007377592189458889,77.55130037462743,82.58988134905725,108.87431784087175,135.15314228675885,140.18939967698967,146.04656664498927,2,14.851383711080203,0.9943220615386963,119.2444435805822,5.939376665248197,0.005677992012351751,134.06389445844667,26.653360387302445,107.60347922607812,109.47503833091776,119.2444435805822,129.01384883024664,130.88540793508628,133.0614998589101,81.82426803236731,90.22301795494752,134.06389445844667,177.9047709619458,186.303520884526,196.06888273149207,119.32859468995908,6.352061835760711,39.10955382991605,1.2398982655722066,107.52388252039992,109.43276600638355,119.26235413668947,129.19025544897175,131.20200712225005,133.78567300485395,2,4.396071484574264,0.9997333884239197,120.2232055807672,2.1703472222575115,0.00026654673274606466,119.12274850248411,23.229740793415854,115.96940319119592,116.65330208049288,120.2232055807672,123.79310908104152,124.47700797033848,125.27218822719641,73.59329317718813,80.91322510529146,119.12274850248411,157.33227189967675,164.65220382778008,173.1632066117669,120.22290446185495,2.2032351922506725,4.852985392552026,0.0003227036565446132,115.96445695281533,116.6504071875193,120.22317680911841,123.79525143723595,124.48174171393052,125.28160626758486,2,3.5017617126783875,0.9615181088447571,113.20761396186978,8.599887532888248,0.03848189115524292,61.63964736502386,32.77304315846124,96.35214412631379,99.0620577620238,113.20761396186978,127.35317016171577,130.06308379742578,133.2139440409947,-2.5943368893370007,7.732788459591731,61.63964736502386,115.54650627045596,125.87363161938471,137.8811466425589,111.22318108419276,14.520315059277648,112.44435491695774,98.39519450372626,74.23092187365481,95.19332893229517,112.82714957119653,127.26263473293686,130.02520221881636,133.2716522232708,2,12.50148509034058,0.5133545398712158,110.84512306104477,10.37937534926889,0.4866454601287842,107.68128356886052,11.069335390558708,90.5019211944549,93.77256987230913,110.84512306104477,127.91767624978041,131.18832492763465,134.99116083868836,85.98578487057084,89.47384710375773,107.68128356886052,125.8887200339633,129.3767822671502,133.43240842173182,109.30545493559714,10.836690622918429,114.93317877321743,2.500684883629089,87.91226957251956,91.394772044551,109.3565680606638,127.04080922193016,130.4097264520033,134.32254881925996,2,14.4192112389362
113,202,set,0.299,14.3223159872423,14.767942459370401,14.7784466995369,15.030013433826,14.858800864244435,0.11402188241481781,51.811383265187345,16.629844914057298,0.885978102684021,8.019488260809986,12.884499136105045,19.217486165148443,24.457722542659695,51.811383265187345,79.16504398771498,84.40528036522625,90.49818762663344,-17.23366600479335,-13.173626874665516,8.019488260809986,29.21260339628548,33.272642526413314,37.993315434169006,13.012722444221462,19.296249957520978,178.61445674984984,193.7308031500508,-16.560378877173758,-12.408783978678208,10.081347024143184,54.43638975815918,64.69705653392938,74.34564518960042,2,1.8460784200229732,0.9801297187805176,16.737143111698245,9.775152470732246,0.019870202988386154,72.81691396799503,12.896147437232905,-2.4218036743246856,0.658448116210657,16.737143111698245,32.815838107185826,35.89608989772117,39.47754828041128,47.540929451700016,51.604639082161555,72.81691396799503,94.02918885382851,98.09289848429005,102.81783914191904,17.85145823278999,12.578095577919212,96.9595545599104,61.248908877100185,-2.3378197023040044,0.7537527810598865,16.985539168879285,35.01210963308917,41.65969778145962,72.71146803792581,2,-2.992657368545556,0.9938029050827026,16.713466964063876,6.118697824172654,0.006197064649313688,48.8941974848847,16.996990919386313,4.72103959640188,6.649104655753401,16.713466964063876,26.777829272374348,28.70589433172587,30.947686639226248,15.580707437333174,20.936635323870874,48.8941974848847,76.85175964589851,82.20768753243621,88.43511117529053,16.9128925256806,6.736073449549104,38.99677108025476,6.3779057794319645,4.734097617506059,6.6650283958592205,16.75848212640213,27.106706177737333,29.318312458992118,32.528590365424215,2,-2.054091661436166,0.6215408444404602,18.656685845655453,9.312270152920977,0.3784591555595398,14.012242504212985,13.015279247597707,0.4049717316230321,3.3393645094714373,18.656685845655453,33.97400718183946,36.90839995968787,40.32026571839714,-11.4972360698101,-7.39598677198434,14.012242504212985,35.4204717804103,39.52172107823606,44.290309711909785,16.89895374060901,11.094282752213887,118.00904476785897,5.074065018211606,-6.236052765429647,-1.9500552949555985,17.25368072335958,34.44511632563698,37.830370308504506,41.89362528140072,2,-2.0401528763645747,0.9165081977844238,18.172834982101172,5.865755553209246,0.08349180966615677,25.466954106122408,14.557031332067643,6.676165355695227,8.5245256855942,18.172834982101172,27.821144278608138,29.66950460850711,31.818622942952757,-3.0643030265513076,1.5227683219247155,25.466954106122408,49.41113989032009,53.99821123879612,59.33167299782388,18.7818343230844,7.300556202816753,49.22689077640116,4.071232722331755,6.004925026845058,8.157801413954964,18.42177441047615,30.157659629593738,34.43603598987409,42.60037069847386,2,-3.9230334588399653
114,208,set,0.893,15.1685959098185,86.6621717886899,86.7286892433009,83.3375002083438,85.57612041344487,0.004765750840306282,30.755689092096873,21.168658371052214,0.9952343106269836,102.55180796205136,9.885481233881674,-10.7341189161978,-4.063655407225021,30.755689092096873,65.57503359141876,72.24549710039153,80.00135248989105,83.1766207737967,86.29163830034037,102.55180796205136,118.81197762376235,121.92699515030601,125.54887621436262,102.20965185179784,11.128379473157066,99.39261360952487,24.448858226337897,82.32378861322779,85.84096543146254,102.4925195473835,118.78914274197328,121.90695098050418,125.53132443948738,2,-16.633531438352975,0.013517248444259167,25.157028575907027,10.630822826197017,0.9864826798439026,100.82062932295042,10.187211123130261,4.32099871053456,7.670881092758357,25.157028575907027,42.64317605905569,45.99305844127949,49.888020656935296,80.85406241870928,84.06415815854922,100.82062932295042,117.57710048735161,120.78719622719157,124.5196262616497,99.79785840343274,13.4255260055656,103.90409648371879,76.33993782027592,77.70774686796487,82.61776553110398,100.64567122575714,117.50985815306754,120.72791002777991,124.46761853724321,2,-14.221737989987872,0.01056489534676075,23.921349101488225,5.973569160011423,0.9894351363182068,102.36439005778695,9.324162352047441,12.21336868870665,14.095702202797973,23.921349101488225,33.74699600017847,35.6293295142698,37.81794901731673,84.08936766176967,87.02750779473735,102.36439005778695,117.70127232083655,120.63941245380421,124.05563532268417,101.53565078076707,12.276824904987524,86.39848702546071,64.32226917187705,82.02771082248229,86.02508873595924,102.23960478057295,117.65324865904319,120.59705616362848,124.01851639415464,2,-15.959530367322202,0.0093550905585289,29.053577748719988,12.498526878138565,0.9906449317932129,104.62548888541687,8.291087274534917,4.556915207762557,8.495330481663302,29.053577748719988,49.61182501577667,53.55024028967741,58.12949918031994,88.37525643465008,90.98786391052691,104.62548888541687,118.26311386030683,120.87572133618366,123.91344214001825,103.91850915161388,11.067445532605609,69.56042928638176,52.92816270852984,86.80270100494289,90.20834739289808,104.52735585003087,118.22537366390603,120.84245292172734,123.88423725084067,2,-18.342388738169007,0.007516081910580397,25.764290490327646,6.059500104736092,0.992483913898468,103.03392146999914,9.312998505848316,13.887888520728218,15.797299765539655,25.764290490327646,35.73128121511563,37.64069245992707,39.8607956767307,84.7807798104611,87.7154020998609,103.03392146999914,118.35244084013739,121.28706312953719,124.6991957450249,102.45315616254544,11.440903472088419,86.35602848196092,44.538199784735866,83.4237136119809,87.02470884612467,102.94552696941685,118.31835426823994,121.25701038235547,124.67283973586979,2,-16.87703574910057
115,209,set,0.17,83.3375002083438,83.3215294499946,81.3985574547648,81.4515977952682,82.05722823334253,0.5409064888954163,88.55140932917628,15.309123219127917,0.45909348130226135,56.67198438190784,14.568337507783761,58.546079184799666,63.37014247674672,88.55140932917628,113.73267618160583,118.5567394735529,124.16575558342379,28.118567552027653,32.70920159357654,56.67198438190784,80.63476717023913,85.22540121178803,90.56300537145003,73.915770509183,21.8307626892797,224.20822438813718,252.37381238129618,33.293386193380954,38.66712773746474,74.14675058122444,108.8630840859485,114.31686917554376,120.48864880058179,2,8.141457724159523,0.9971871972084045,85.19112703856557,7.11044054359295,0.002812801394611597,108.74265549170701,21.044627217877093,71.25491965890998,73.4954931212139,85.19112703856557,96.88676095591723,99.12733441822115,101.73248528064683,67.49594407659654,74.12732408454019,108.74265549170701,143.35798689887383,149.98936690681748,157.69977927999741,85.25737269163318,7.295045443630263,51.66187718653181,1.5558006836764222,71.25042612655427,73.49597634665595,85.20964202409534,97.01739125614927,99.3567808692585,102.23188462289441,2,-3.2001444582906515,0.999697208404541,86.08639707401194,4.879381596719869,0.0003027842612937093,87.15994385037779,18.220198853405257,76.52298487761345,78.060528557367,86.08639707401194,94.11226559065688,95.64980927041043,97.43753607817521,51.44901030654549,57.19038368257708,87.15994385037779,117.12950401817848,122.87087739421008,129.54646471759847,86.08672149570772,4.888974943833135,23.90167279447526,0.00034885401382045265,76.51653270036583,78.05662001247232,86.08648423638847,94.11673333803674,95.6574133811202,97.45299502804457,2,-4.029493262365193,0.9544610381126404,82.80316249526715,9.2095770676621,0.0455390103161335,37.384473185909286,25.797680676845946,64.75272312980343,67.65475625283403,82.80316249526715,97.95156873770026,100.85360186073086,104.22784252743816,-13.178051825373664,-5.048935442336699,37.384473185909286,79.81788181415524,87.94699819719222,97.39885278367433,80.73484434431866,14.174738437343905,111.26100016363901,89.66252526779606,40.55669904339572,62.21304369912455,82.29718106841823,97.78225720411085,100.72061477385245,104.14368037883138,2,1.3223838890238682,0.8776593208312988,77.91030536707098,11.4240566304465,0.12234064191579819,64.79039989199532,12.16796690902757,55.51956581404983,59.11940438398203,77.91030536707098,96.70120635015991,100.30104492009212,104.48663522223237,40.94162298522612,44.77587538905582,64.79039989199532,84.80492439493482,88.63917679876452,93.09732384221091,76.30520480699057,12.293851871453544,132.65618597227834,18.48239096052123,51.28222692714669,55.6215871393585,76.57559936934253,96.04022981563145,99.7069497181284,103.95707661336955,2,5.752023426351954
116,210,set,0.299,81.4515977952682,81.4305722940621,81.3690174447036,81.3039858466021,81.36785852845593,0.26974594593048096,77.64908058736044,20.935924886860825,0.730254054069519,72.39669909923822,12.597330291479977,36.615421826077416,43.212548603623816,77.64908058736044,112.08561257109706,118.68273934864347,126.35332493898785,47.706385426581996,51.67593467939172,72.39669909923822,93.11746351908471,97.08701277189444,101.70247164141296,73.8135077121395,15.477513495699947,234.11915132455033,5.434272685023553,44.479731276552904,49.59872005686682,73.34708846141181,99.78602521297064,106.56268954541525,115.27018260449461,2,7.554350816316429,0.9625490307807922,82.48548167690984,7.984560279171316,0.03745098412036896,106.4884499565527,17.174142388443734,66.83603109734497,69.35204874210224,82.48548167690984,95.61891461171744,98.1349322564747,101.06034650751097,72.82774940984027,78.23949955914,106.4884499565527,134.7374003539654,140.1491505032651,146.44147959038347,83.38441768992192,9.65301563448338,72.41179507740203,20.769019369371076,66.91175577928789,69.45468393471181,82.80953174839765,98.1069664647089,103.67184208138988,117.17777609583547,2,-2.0165591614659917,0.9777283668518066,82.3237071413973,7.45023322132508,0.02227161079645157,90.40793550243112,13.790246762285973,67.72151835117631,70.0691640056664,82.3237071413973,94.57825027712822,96.9258959316183,99.65554135693534,63.37954851043051,67.72499809892923,90.40793550243112,113.090872905933,117.4363224944317,122.48884674037367,82.50375408896565,7.74134799827768,58.50517873624287,1.4231379488080482,67.64983573600358,70.0363782623068,82.41681481200503,95.13111619561182,97.80889708980403,101.33799342073058,2,-1.1358955605097236,0.7735477089881897,76.7532412338461,12.873464255149019,0.22645235061645508,58.8947023513355,19.273884982334074,51.52171493749026,55.57827686233409,76.7532412338461,97.9282056053581,101.98476753020194,106.70139743535277,21.118581943793295,27.191982732697777,58.8947023513355,90.59742196997323,96.6708227588777,103.73246370449607,72.70913770017589,16.376412486737443,212.32014856027638,55.867052482523846,35.08306130222296,43.05968579591566,74.04926597758111,97.02871339834404,101.30459118017538,106.28831948616047,2,8.658720828280039,0.5320424437522888,71.29927838398434,15.395865375278081,0.46795758605003357,77.12364411272361,11.000152553880659,41.123936737612055,45.9753333814016,71.29927838398434,96.62322338656708,101.47462003035662,107.1154170687815,55.56374128267122,59.0300032874535,77.12364411272361,95.21728493799371,98.68354694277599,102.7138256205688,74.0248366355618,13.826846937378509,182.73587981906968,8.445979717708504,45.25123646249661,50.40071066792914,74.50992182762946,95.87864258572264,100.0827274156254,105.12801984560016,2,7.343021892894129
117,211,set,0.647,81.3039858466021,77.59456838021339,77.7470763211949,77.3523826467665,77.56467578272493,0.03541373461484909,57.486407242419624,35.50055247221102,0.9645861983299255,103.54491784669123,9.673908740977401,-12.093397034388367,-0.906805250277749,57.486407242419624,115.87961973511698,127.06621151922761,140.07304201342305,84.5844051246483,87.63275396729699,103.54491784669123,119.45708172608546,122.50543056873416,126.04979487992912,101.91380703216855,14.400287727040812,134.9018752221607,72.46571493539716,73.8085618232954,84.30862068367543,103.18782646489186,119.42458160652541,122.55724571167248,126.27396996490026,2,-24.349131249443616,0.04833769425749779,78.85429553121935,10.607834938668299,0.9516623020172119,104.43772885574072,11.97034404521607,58.06332109748382,61.405959758248244,78.85429553121935,96.30263130419044,99.64526996495488,103.5318097889665,80.97628564456372,84.7482650371101,104.43772885574072,124.12719267437133,127.89917206691771,132.28491327686655,103.20108428858207,13.11146366719231,141.80212477243174,30.10831504760237,75.32115279668517,80.69293918324634,103.68986126712385,123.83832209420406,127.64450885690417,132.0617211974163,2,-25.636408505857133,0.00746078509837389,75.30713057551375,14.492694381104327,0.9925392270088196,99.44186925934497,9.071152591500857,46.90197154960326,51.468769658455074,75.30713057551375,99.14549149257243,103.71228960142425,109.02217933811944,81.66273688173611,84.52115101858453,99.44186925934497,114.3625875001054,117.22100163695383,120.54452580568305,99.26180636458145,9.35693331142264,83.23894339562963,4.313376889823123,80.86894059589768,84.05418474155104,99.36469124544156,114.33202179552326,117.19421493874839,120.52133323155292,2,-21.697130581856513,0.06954396516084671,64.48387757412758,22.662480823621102,0.9304559826850891,101.52427972641942,10.853766311545803,20.066231359500584,27.207413795676203,64.48387757412758,101.76034135257893,108.90152378875456,117.20469165864985,80.2512886591755,83.6714228427896,101.52427972641942,119.37713661004923,122.79727079366334,126.7739159106201,98.94833799469289,15.300568442807766,145.32861137834408,88.77827266606585,56.316468531354076,73.45924747113612,100.61917774583638,119.05498788955951,122.52923556368727,126.56800398450152,2,-21.38366221196796,0.023441044613718987,59.04859129703564,23.587387472859508,0.9765589237213135,102.36095009368609,9.022870142768951,12.818161360839753,20.250791461992947,59.04859129703564,97.84639113207832,105.27902123323152,113.92105999869992,84.67644957667716,87.51964941384043,102.36095009368609,117.20225077353174,120.04545061069501,123.35128486806322,101.34565991755224,11.639998248291931,92.54556957895923,42.94366441221033,79.77376873992749,85.43762335205084,102.10790597664877,117.1127039677084,119.97178935429214,123.29689237273665,2,-23.780984134827307
118,212,set,0.229,77.3523826467665,77.4313841789099,77.37434792768279,77.3218793856003,77.37587049739767,0.3816780149936676,80.65293368387944,17.84716855827978,0.61832195520401,58.49309790219273,13.453114243272866,45.673126083635424,51.296953749978655,80.65293368387944,110.00891361778021,115.63274128412345,122.17165631708214,32.12547850547509,36.364694145352836,58.49309790219273,80.62150165903262,84.86071729891037,89.78972162125912,66.9510182927024,18.691449057817675,233.48041770829272,115.88971658561346,34.527432608708224,39.10041898743282,65.15461429824187,100.78549136560298,107.63466148209164,115.27925373405998,2,10.42485220469527,0.9903835654258728,79.22962915895081,7.684308478615639,0.009616498835384846,104.5406284190313,18.44534143002365,64.16866129476838,66.59006648728592,79.22962915895081,91.8691918306157,94.29059702313324,97.10600385165232,68.38842353364039,74.20074166749862,104.5406284190313,134.88051517056394,140.69283330442218,147.45090924072426,79.47303744525342,8.23733660203544,61.752587192269075,6.10153297473438,64.18208791930147,66.6117126353385,79.30712529190377,92.40143964096161,95.25455213708814,99.48606046051405,2,-2.0971669478557544,0.9973317384719849,79.56720269900251,6.445402868478313,0.0026682254392653704,84.87121305004023,15.550564864190019,66.93444521093386,68.96545841362253,79.56720269900251,90.16894698438249,92.19996018707116,94.56145195942376,54.39266597697379,59.29281003203313,84.87121305004023,110.4496160680473,115.34976012310666,121.04723656198287,79.58135212287041,6.4925105015618465,42.077600422366466,0.07486363355817766,66.90502464460918,68.94809574948337,79.57296654624537,90.22215505916338,92.28732143691563,94.7303532621645,2,-2.2054816254727427,0.8903589844703674,75.53785674576595,10.897379951192098,0.10964100807905197,44.88935760069147,21.57200819436582,54.17938451558058,57.61326180877936,75.53785674576595,93.46245168275253,96.89632897595132,100.88895342783697,2.6089984655315277,9.406561681561953,44.88935760069147,80.37215351982097,87.16971673585141,95.073353002446,72.17752384058913,15.762349515672915,156.75431405260207,91.69730938712667,28.804475742880758,42.03987055715154,74.14657184020894,92.99612797497632,96.52638925866266,100.63798556450837,2,5.198346656808539,0.779892086982727,70.29725853793792,13.09085688933505,0.22010788321495056,65.94357886374516,11.749670481788542,44.639650508073174,48.76471510361249,70.29725853793792,91.82980197226334,95.95486656780267,100.7511456318154,42.91464788922623,46.61709075629062,65.94357886374516,85.2700669711997,88.97250983826409,93.27739980973436,69.33897722563383,12.934115688412488,164.03746368999145,3.253741664845493,44.18150847204138,48.19204776195236,69.26541096682662,90.73936800851408,94.89596476575134,99.73934858785053,2,8.036893271763844
119,215,set,0.053,26.0093987563346,25.9973425516444,26.241925359566903,24.4093367665879,25.549534892599734,0.5530353784561157,70.40348714185602,11.479486292858052,0.4469645321369171,-32.67323964562124,15.71751805583731,47.90410744683301,51.52141247750873,70.40348714185602,89.28556180620329,92.90286683687901,97.10876567432732,-63.47900896142038,-58.526256226440495,-32.67323964562124,-6.820223064801986,-1.8674703298220976,3.891175068774416,24.33183988452415,53.005794272204085,183.29651610195634,2626.317657392906,-57.66200700336951,-51.7962636852554,55.41950027081994,85.7658174859362,89.8411214811771,94.45407180701731,2,1.2176950080755837,0.9998049139976501,26.234132921984013,8.47374482443754,0.00019516100292094052,72.70983673268454,17.783339449724515,9.625898251903749,12.296063013646654,26.234132921984013,40.17220283032137,42.84236759206428,45.947011179478864,37.85513188637414,43.45884633949596,72.70983673268454,101.9608271258731,107.56454157899492,114.08007065489778,26.243205134526114,8.501380742858801,71.8520624391296,0.421463749250175,9.626466667015224,12.29684221528904,26.23618656451375,40.18702826414629,42.86872477113285,46.00484133160735,2,-0.6936702419263803,0.9999942779541016,26.363822508726756,4.459020723270736,5.773065367975505e-06,34.04085480841965,25.656177071979037,17.624302484798367,19.029386099403105,26.363822508726756,33.6982589180504,35.10334253265514,36.737055888611685,-16.244328233641568,-8.159801102134288,34.04085480841965,76.24151071897357,84.32603785048087,93.72604779583345,26.363868173804295,4.459468228613708,19.88655209909781,0.00034024418045095736,17.62376380397261,19.02897939994435,26.363829275075275,33.69851356575356,35.10374300799061,36.738111256220904,2,-0.8143332812045614,0.9791933298110962,28.007983687635274,6.1491977700583815,0.02080671489238739,-29.52436012163632,20.393828508385077,15.95577752450683,17.89345343271284,28.007983687635274,38.12251394255771,40.06018985076371,42.31315684706727,-69.49552950495729,-63.06922291107986,-29.52436012163632,4.020502667807207,10.446809261684642,17.918779472398796,26.81092586495939,10.63560972265835,45.67956242366124,67.43666388305856,12.047807704697451,16.448736802706218,27.845002350918055,38.06045475404102,40.005576961198386,42.26590386513341,2,-1.2613909723596564,0.9976060390472412,27.20465451088466,5.332300180127884,0.002393994014710188,-7.104090725253741,17.360459076539115,16.75353820307756,18.433801219607318,27.20465451088466,35.975507802162,37.65577081869176,39.60943969867275,-41.1299652703519,-35.659504802841724,-7.104090725253741,21.451323352334228,26.921783819844407,33.282376339826044,27.122520479576092,5.647835676131437,29.086871878603333,2.8112002673798897,16.551494415283532,18.322758485307542,27.18939013903858,35.97029631299055,37.651566869846405,39.60646099328339,2,-1.5729855869763583
120,217,set,1.226,11.8156075195472,127.80557193950001,127.67552032559999,127.6390653144,127.70671919316668,0.0028769110795110464,24.99025045624777,13.581895059390666,0.9971230626106262,117.35807632014472,10.41137877596793,-1.6297747019604394,2.6500211069347444,24.99025045624777,47.330479805560785,51.61027561445597,56.58646315310705,96.95214888984286,100.23288217892828,117.35807632014472,134.48327046136114,137.76400375044656,141.57856520145165,117.09233921085165,11.536493177863283,108.61565485561422,24.474659262848444,96.42550387213709,99.94983131589001,117.3204280615907,134.4687880169287,137.75120631852946,141.56733939439943,2,10.614379982315029,0.0009150966070592403,23.492687343415362,10.158880867111568,0.9990849494934082,116.96176145061003,10.657056227641409,3.5816467206436506,6.782815303378975,23.492687343415362,40.20255938345174,43.40372796618707,47.12577825125453,96.07431506321457,99.43246386194828,116.96176145061003,134.49105903927176,137.84920783800547,141.75378154931732,116.87623361002143,11.024977529287503,113.56336313498319,7.9873961211818045,95.90889182410129,99.3418526003225,116.94952702189501,134.4863754880837,137.84506194789975,141.75020644149254,2,10.830485583145247,0.0036299889907240868,18.970815776438556,3.307821835752025,0.9963700771331787,118.03006408589903,9.365397819153923,12.48760411108942,13.52993303259256,18.970815776438556,24.411698520284553,25.45402744178769,26.66596007174615,99.67422165946736,102.62535551522028,118.03006408589903,133.43477265657776,136.38590651233068,139.81723739203449,117.67048790971477,11.08701556574677,87.4320115185757,35.49081821082045,99.06771033588488,102.30198897548537,117.98729975533347,133.41829117769038,136.3713369755047,139.80447923831267,2,10.036231283451912,0.00465551670640707,28.752689140513162,7.564853921036247,0.9953444600105286,116.05582405173978,8.637916242473354,13.925847906975505,16.30961173113862,28.752689140513162,41.1957665498877,43.57953037405082,46.35117097714535,99.12581931501845,101.84771619100444,116.05582405173978,130.2639319124751,132.9858287884611,136.15062213856052,115.64938014650363,10.480999947010805,74.53265175101362,35.31839673238428,98.39339952231356,101.46159009864331,116.0051873022713,130.24444394462972,132.9686393606049,136.13559454568153,2,12.057339046663046,0.0017859905492514372,25.890593570065107,3.3223932376878134,0.9982140064239502,116.27933885979762,8.388117916944008,19.37882248171757,20.42574300289526,25.890593570065107,31.35544413723495,32.402364658412644,33.61963601528782,99.83892984451222,102.48211268081563,116.27933885979762,130.0765650387796,132.71974787508302,135.7930191430842,116.11790506299734,9.20979476554277,70.25457304173158,14.565705770249767,99.58084561500442,102.34194254255415,116.26052918515623,130.06930897961024,132.71337853610126,135.78742513013108,2,11.58881413016934
121,219,set,0.385,127.8030728459,127.8290812693,127.7651247715,127.89917043310001,127.8311254913,0.34728655219078064,99.06027380107946,23.249616141554164,0.6527134776115417,122.07131359789486,13.247216221064887,53.4918635092522,60.818058365414586,99.06027380107946,137.30248923674432,144.62868409290672,153.1469688842496,96.10724690919288,100.28158194966589,122.07131359789486,143.8610452461238,148.03538028659682,152.8889468907285,114.07989256254263,20.549829420065816,302.26775226260315,120.0281247852318,65.0862510518057,74.32417589427935,117.00536452643165,142.6249730761063,147.33914795042057,152.94978675481946,2,13.751232928757375,0.8997323513031006,118.53330383802181,6.712212578250031,0.10026763379573822,132.29608969030602,21.24720154516711,105.377608928075,107.49269663381794,118.53330383802181,129.57391104222566,131.6889987479686,134.14824529954396,90.65233988951469,97.34755316616896,132.29608969030602,167.24462621444306,173.93983949109733,181.72447183422278,119.91326404358395,10.14345003144314,85.80153824304537,17.08782603069824,104.3484397948712,106.97702042943193,118.97364217771388,135.32776761473175,146.6800477007778,159.55786039198193,2,7.917861447716049,0.9769807457923889,118.23966935768578,2.9838043469268762,0.02301926352083683,122.5191985275399,18.551678284560303,112.39152030079505,113.33174795552954,118.23966935768578,123.14759075984203,124.08781841457652,125.18103625671294,86.15857723702788,92.00440321514401,122.5191985275399,153.0339938399358,158.8798198180519,165.6768558647164,118.3381820685845,4.1270223823799235,16.620565396232408,0.4118787701507568,112.03881108944954,113.14736000170473,118.2556857112033,123.4679847761954,124.7212126677239,127.50526051630769,2,9.492943422715499,0.7904272675514221,105.20084760519268,12.070662967217302,0.20957273244857788,80.65745749059327,23.295987499118926,81.54278291992537,85.34637384385647,105.20084760519268,125.05532136652887,128.85891229045998,133.28140873724215,34.998161008024844,42.338967959251335,80.65745749059327,118.9759470219352,126.3167539731617,134.85202848285059,100.05722227532466,18.129722749944985,228.9017254496455,99.78512154022584,53.198500103680885,64.00559430134733,102.56109337545641,124.46043098193078,128.5822612600738,133.48638029384162,2,27.773903215975338,0.14145605266094208,103.48664159393981,14.070476875904175,0.8585439324378967,118.43465945953976,9.850138075135991,75.90901367186396,80.342766671672,103.48664159393981,126.6305165162076,131.06426951601566,136.2194655609403,99.12874358952652,102.23262412067953,118.43465945953976,134.6366947984,137.740575329553,141.34950722964112,116.3201700923528,11.766145834078372,111.30564560074595,27.136340569651246,89.81475364823187,95.69409766935337,117.07597312186522,134.10633136681517,137.29283262661198,140.9903648777911,2,11.510955398947203
122,220,set,0.893,127.89917043310001,121.0786705029,121.2278000075,121.0707252802,121.1257319302,0.04260175675153732,69.46106527524937,41.3015534408977,0.9573982954025269,120.81970123613709,9.58165515827248,-11.488491974466484,1.5260552992587009,69.46106527524937,137.39607525124,150.41062252496522,165.54284631706588,102.0400022136406,105.05928099685431,120.81970123613709,136.58012147541987,139.59940025863358,143.10996434337673,118.63173942107905,16.375314045881595,160.56779034024322,107.58385375068141,78.51058006777632,100.6699918165788,120.40138806272299,136.5891469238635,139.74312893163855,143.55652629518295,2,2.4939925091209574,0.0016233456553891301,104.87394410141965,10.893557100644113,0.9983766078948975,117.91136795086325,11.692455352384467,83.52296452062662,86.95563719402222,104.87394410141965,122.79225100881709,126.22492368221269,130.2161475032456,94.9945765693471,98.6789903565255,117.91136795086325,137.143745545201,140.82815933237939,145.1120866022003,117.89019822855055,11.703005561104181,136.68421428854563,0.2754793119844366,94.9435804573917,98.63579471900981,117.89306988518211,137.13483477426774,140.82019971377161,145.10511201261218,2,3.2355337016494587,0.0005340955685824156,99.02074227889474,8.33903695284681,0.9994658827781677,114.9916857241968,10.65201655995518,82.67653018556635,85.30424710172231,99.02074227889474,112.73723745606718,115.36495437222312,118.42024316569793,94.1141169039604,97.47067765120737,114.9916857241968,132.51269379718622,135.8692545444332,139.77198180269636,114.98315322413288,10.657318589879909,113.4419936977166,0.13615954814979955,94.08947168016745,97.44992858544217,114.9849482987969,132.50997099627975,135.86683493248486,139.7698794961857,2,6.142578706067127,0.04255751892924309,70.21113381124177,22.65399985540662,0.9574424624443054,107.83092067082062,10.815128191071032,25.810109988869186,32.94861998411805,70.21113381124177,107.47364763836546,114.61215763361434,122.91221821338847,86.63365892813756,90.04161783979231,107.83092067082062,125.62022350184893,129.02818241350366,132.99067114559787,106.22991387092259,13.838218808310904,133.82984696752794,57.666242623484095,74.05229974514252,85.38043135394746,107.28946039524529,125.42471049941611,128.8646620044578,132.8634899063216,2,14.895818059277417,0.007305537350475788,71.23523277419196,24.0797406874665,0.9926944971084595,117.87977480737281,8.283738928533134,24.039808269693843,31.627583968361733,71.23523277419196,110.84288158002217,118.43065727869006,127.25308632993438,101.64394485011545,104.25423678605598,117.87977480737281,131.50531282868963,134.11560476463018,137.15063325287522,117.53901542536511,9.387927455663323,72.35502291030305,15.778635067164851,100.62770099643525,103.71694581262558,117.8074245445829,131.47960172001754,134.09454044288807,137.13496055426884,2,3.5867165048348966
123,221,set,0.647,121.0707252802,119.2206024646,119.0645290456,119.165635586,119.15025569873335,0.08302933722734451,77.83203749699834,36.40599539294712,0.9169706702232361,122.43336781486946,10.24154224222755,6.477597705490837,17.94950393213066,77.83203749699834,137.714571061866,149.18647728850584,162.52504748172151,102.36031387395786,105.58752991216475,122.43336781486946,139.27920571757414,142.50642175578105,146.25875783697498,118.73014983131843,18.912473546737125,206.22710156464763,151.45465912109086,58.855617128338466,86.98280697847707,121.53721242832745,139.2420107180199,142.7070637017329,146.96734656970344,2,0.42010586741491807,0.06349601596593857,107.090630774038,9.032187046315633,0.9365040063858032,121.21403819313517,14.253459177662474,89.38786946163015,92.23400515160162,107.090630774038,121.94725639647437,124.79339208644585,128.1026399071736,93.27777154980481,97.7691841681523,121.21403819313517,144.65889221811804,149.15030483646552,154.37254264881818,120.3172607995036,14.397995205268966,195.44121327563454,11.861376224564669,92.74422138387142,96.97150020774565,120.18030846585897,144.20274220679676,148.74823753255447,154.0202864258516,2,-1.167005100770254,0.030705291777849197,103.85005362114225,6.941593634334578,0.9692947268486023,116.13991740880373,12.04097824203924,90.24478010253398,92.43214815488376,103.85005362114225,115.26795908740073,117.45532713975052,119.99861521483193,92.5400337157764,96.33427067534171,116.13991740880373,135.94556414226574,139.73980110183106,144.15142154354373,115.7625557185681,12.104048996321024,142.0129048350967,4.495346882748086,92.37979317118631,96.03209222518875,115.70369377265241,135.76297729579565,139.578800465636,144.01025659601038,2,3.3876999801652516,0.16380168497562408,83.63105788029361,19.985083527699608,0.8361983299255371,101.55657583071678,13.324023376000675,44.461013937977675,50.75852075482877,83.63105788029361,116.50359500575843,122.80110182260952,130.12331445748623,75.44196988458567,79.64050765511587,101.55657583071678,123.4726440063177,127.67118177684789,132.55288928514642,98.62034729968758,16.058791471667718,213.87293083722125,44.011997621576675,62.41294047748664,70.4706759750524,99.66107707797552,122.85931193131351,127.2213564611457,132.30694120623915,2,20.529908399045766,0.01970561034977436,81.94971862783348,22.455513659501435,0.9802943468093872,118.61921473633564,8.571148330088334,37.93772060086342,45.0136855399442,81.94971862783348,118.88575171572273,125.96171665480352,134.1890550901097,101.82007270321188,104.52093031845078,118.61921473633564,132.7174991542205,135.4183567694594,138.55868743212534,117.8966148525523,10.388893657933425,81.95347195378947,25.97504401103504,98.67565303250598,103.02201495106539,118.42577940794087,132.6545365678247,135.37072003341618,138.53236040750323,2,1.2536408461810424
124,225,set,0.053,40.2796211298836,39.825992274554,39.3333005555829,39.654152344908596,39.60448172501517,0.6090696454048157,76.13022684978412,11.744324772230092,0.39093029499053955,-16.313037667401645,15.640166974953951,53.11177327347156,56.812531652085426,76.13022684978412,95.44792204748282,99.14868042609667,103.45161181570678,-46.967201650504165,-42.038823042281294,-16.313037667401645,9.412747707477997,14.341126315700865,20.071431524426245,39.99134964447708,47.057550693819145,179.63581214124287,2034.7771698339275,-40.124233445205334,-34.08613879452975,65.33844113456676,92.46823301054908,96.5498713865001,101.19360497930876,2,-0.38686791946191335,0.9997745156288147,41.62308362194824,8.025235114987856,0.00022554233146365732,81.22391827680903,19.07941207787989,25.89391182910588,28.422746535922144,41.62308362194824,54.82342070797433,57.3522554147906,60.292572270378145,43.82895775796592,49.84107812040655,81.22391827680903,112.6067584332115,118.61887879565214,125.60926800213406,41.63201769900972,8.051428470686236,64.47197927933114,0.35362159744378047,25.89448739508509,28.423477233296172,41.62526609784548,54.83879383862507,57.37942123070644,60.35119368750935,2,-2.027535973994553,0.9999926090240479,41.951401065899475,4.689615923638746,7.447123152815038e-06,45.230496729018626,23.879608013017307,32.75992275424199,34.237669304892904,41.951401065899475,49.665132826906046,51.14287937755696,52.861079099924545,-1.5726749414293906,5.952036878627652,45.230496729018626,84.50895657940958,92.03366839946662,100.78277206303007,41.95142784118244,4.690049343046101,21.996581580552416,8.007436535254406e-05,32.759512691051086,34.23724340679806,41.951405924898864,49.66530411189466,51.14330430068591,52.86199218871383,2,-2.346946116167274,0.982402503490448,42.634352881958165,6.522168594165022,0.017597470432519913,-17.482470436117367,22.74531793893882,29.851137336296482,31.90634021425684,42.634352881958165,53.362365549659486,55.41756842761984,57.8071859251299,-62.06247441335027,-54.895189144145284,-17.482470436117367,19.93024827191053,27.09753354111553,35.43105159551595,41.57644774934391,10.647669435205419,50.89415116297799,62.47866816164507,26.92020250376222,30.669184087689924,42.48914021407077,53.30721014947465,55.36953117237563,57.76596169007595,2,-1.9719660243287436,0.9958283305168152,40.201303960671176,6.565784906666097,0.004171660169959068,5.854967694917761,16.10873311845324,27.33260201336894,29.40154884315821,40.201303960671176,51.00105907818414,53.0700059079734,55.47560371970329,-25.717569053818192,-20.64154040056336,5.854967694917761,32.35147579039887,37.4275044436537,43.329484738522744,40.05802234328349,6.993773899263049,44.012202172273376,4.900656237316864,26.890499126737332,29.160669296402446,40.16797438766636,50.98854308184468,53.05920381548721,55.466507301442256,2,-0.4535406182683204
125,226,set,1.153,39.654152344908596,102.9614174739,102.9154930012,102.96001815390001,102.94564287633334,0.004996041767299175,31.406400933808563,20.338881296261178,0.9950039982795715,113.26808997410453,9.982527245205745,-8.457073892698688,-2.0480817344821105,31.406400933808563,64.86088360209922,71.2698757603158,78.72171419773477,93.70269609881143,96.84829382868597,113.26808997410453,129.68788611952309,132.83348384939762,136.4909210085437,112.8591100925501,11.598796675743223,101.21970744165725,33.312886967721596,92.78922616991588,96.36824922643147,113.20527178194727,129.6636627948075,132.81223490466678,136.47231544012848,2,-9.913467216216759,0.0005277303862385452,44.60871586743726,11.801355474654398,0.9994723200798035,110.89829148831309,10.572084169568786,21.47848416836004,25.197213512008354,44.60871586743726,64.02021822286616,67.73894756651447,72.06277408669976,90.17738727443222,93.50876049756162,110.89829148831309,128.28782247906454,131.61919570219396,135.49263702037027,110.86331406156494,10.681790543268086,111.78348351223067,2.3177859597117743,90.08337234729896,93.45708655511767,110.891294580139,128.28516263560593,131.6168389833656,135.49062138576724,2,-7.9176711852315975,0.0007026312523521483,38.26169343303155,6.953376914628788,0.9992973804473877,112.80147902387623,8.904855585701865,24.633325109426885,26.82440619544375,38.26169343303155,49.69898067061935,51.89006175663622,54.437667035782894,95.34828278837024,98.15429501625543,112.80147902387623,127.44866303149702,130.25467525938222,133.51727088431446,112.74910636072443,9.120074741434989,79.27470959884077,3.9012024218354124,95.24254281561977,98.09625716154946,112.79363158785291,127.44567538969991,130.25205816349606,133.51498315300324,2,-9.803463484391088,0.005431304685771465,37.54545922926196,12.661104606512266,0.9945687055587769,117.20522110103045,8.57979301065804,12.730150196003738,16.719795396028257,37.54545922926196,58.371123062495656,62.36076826252017,66.99959301363046,100.3891358053322,103.09271744895668,117.20522110103045,131.31772475310422,134.02130639672868,137.16480433108524,116.77256586382342,10.40969116333197,74.08369258312773,34.27811722576442,99.5265150700419,102.64198924120254,117.14649761902427,131.29506438129354,134.00141197016703,137.14727982983936,2,-13.826922987490079,0.002394670620560646,34.07556450058266,7.5384721761516085,0.9976053237915039,112.58503124385466,8.65033566220502,19.300430536868216,21.675881199966923,34.07556450058266,46.47524780119839,48.850698464297096,51.61267322108898,95.63068489175038,98.35649525552905,112.58503124385466,126.81356723218025,129.53937759595894,132.70872122136498,112.39702630129078,9.460974926332392,74.78520319178381,14.724772772008738,95.26978960512389,98.16160504514059,112.55900687192522,126.80356943342282,129.530564878573,132.70101346869967,2,-9.451383424957442
126,229,set,0.229,65.92718342590611,65.8796681509356,65.8921700993193,67.3462804312586,66.37270622717118,0.3320962190628052,74.89230084092338,17.846565829527062,0.6679037809371948,45.964613667688624,13.237948097117927,39.91367456732714,45.537312307597574,74.89230084092338,104.24728937424918,109.87092711451962,116.40962131737358,20.01871216812694,24.190126726748854,45.964613667688624,67.73910060862839,71.91051516725031,76.76068608008191,55.571389204151494,20.20964918717216,222.81825901426765,185.61166125430097,22.254139879435368,26.73155965739857,52.72962175498228,93.37267463038647,100.55258582306332,108.42942889500826,2,10.801317023019685,0.990227460861206,68.40124561281593,8.099813777251464,0.009772582910954952,97.67509621314909,17.157160405603932,52.52590232792172,55.078237543672344,68.40124561281593,81.7242536819595,84.27658889771013,87.24423017365159,64.04767974118874,69.45407869180326,97.67509621314909,125.8961137344949,131.30251268510943,137.58861984730348,68.68732973900093,8.725549896357899,67.84257359812851,8.292853910538305,52.55402509915055,55.1116846716443,68.49252131030352,82.35584979300837,85.43667722578769,90.23801168558991,2,-2.314623511829751,0.9966791868209839,68.51116476097043,7.30618505870835,0.003320841584354639,76.35214128604291,15.075877883246307,54.1913051815174,56.49355976797534,68.51116476097043,80.52876975396552,82.83102434042345,85.50789283964556,46.8039635995562,51.55452887030773,76.35214128604291,101.14975370177808,105.90031897252962,111.42387774903229,68.53720534795966,7.359429239801143,53.95784180411874,0.20349036129474293,54.17223869266288,56.48315728406633,68.52326019492385,80.60953943790575,82.96062649465571,85.75143608905029,2,-2.164499120788477,0.868872344493866,65.34383184758975,10.916969303869033,0.13112759590148926,38.286211529921374,19.732965164221895,43.94696519167714,47.38701529280288,65.34383184758975,83.30064840237662,86.74069850350236,90.7405001786146,-0.3896895001370595,5.828372209043927,38.286211529921374,70.74405085079881,76.9621125599798,84.19195308823095,61.79582724972273,15.42804372591388,154.6121594237903,83.41214617121801,20.998496431772473,31.944362705112756,63.68160340125105,82.72201501555938,86.2683868722555,90.39159352308133,2,4.576878977448452,0.8372774124145508,60.25608084031167,12.387968249478124,0.16272258758544922,55.63674228738306,12.191537478898159,35.97610922970884,39.87968633459789,60.25608084031167,80.63247534602544,84.5360524509145,89.07480444117054,31.741767912572413,35.5834476471026,55.63674228738306,75.6900369276635,79.5317166621937,83.99849958270701,59.5044101180459,12.473304193461223,152.67610483085858,2.9072126717584155,35.0585285808261,38.987199185322616,59.50445095515537,80.02144350788019,83.95032303397934,88.51754064084464,2,6.868296109125282
127,231,set,0.053,10.5367549407898,10.4492323523698,10.6407826082793,10.3051892089417,10.465068056530265,0.4967587888240814,65.13601738850507,10.909989143613089,0.503241240978241,-49.16483916478751,15.99783102795367,43.75283159530042,47.190682175631885,65.13601738850507,83.08135260137824,86.51920318170971,90.51644743855803,-80.5200118103341,-75.47892955447391,-49.16483916478751,-22.850748775101117,-17.809666519240928,-11.94831896364289,7.6151144329547975,58.77037744316522,187.9229686567097,3266.0342978836297,-75.52908543273438,-69.72578053337787,-9.377638769346738,79.07733711329801,83.0469502102812,87.51320998069042,2,2.849953623575468,0.9998435974121094,9.38303978072166,8.874157848562476,0.00015633017756044865,64.18383926784739,16.696528631516774,-8.009989995584249,-5.213650942626208,9.38303978072166,23.979730504069522,26.776069557027565,30.027418025627817,31.459244483232673,36.720493590797915,64.18383926784739,91.64718494489685,96.9084340524621,103.02577315363845,9.391606120006928,8.902322954080471,78.78194151104385,0.4694060809490398,-8.00945131673729,-5.213055887137593,9.384777799787667,23.992519704141742,26.79910239757333,30.078366108001727,2,1.073461936523337,0.999996542930603,9.622698631646017,3.824859866565697,3.428976469876943e-06,23.005417898598452,28.812703633487313,2.1261110472645726,3.3313640075443036,9.622698631646017,15.914033255747729,17.11928621602746,18.520653250735258,-33.46644352026305,-24.387262175221032,23.005417898598452,70.39809797241793,79.47727931745993,90.03378974173047,9.622744250345715,3.825305972413676,14.632349063364062,0.0006141178930911953,2.12596231256042,3.3308099443632275,9.622703700599764,15.914784656313302,17.119966820406862,18.5217827155131,2,0.8423238061845506,0.9760847687721252,12.501213549002848,5.581707266538921,0.023915309458971024,-42.89370175041874,18.374143260842065,1.5612683343410474,3.320122107054912,12.501213549002848,21.682304990950783,23.441158763664646,25.48620638203398,-78.90636078844855,-73.11647793514078,-42.89370175041874,-12.670925565696724,-6.881042712388947,-0.14905263823696657,11.176427985147333,10.493605786695973,38.48439314776786,71.6313790308565,-4.026882070915646,1.737904535162575,12.330235866071042,21.61698628609449,23.38379092807116,25.436136343026373,2,-0.7113599286170675,0.9986836314201355,13.908974086962878,3.973735204913706,0.0013163822004571557,-19.885586056731825,18.88508751686595,6.120596201233122,7.372761322615815,13.908974086962878,20.44518685130994,21.697351972692633,23.153264532915124,-56.89967743467606,-50.94879075414477,-19.885586056731825,11.177618640681107,17.1285053212124,24.0476971392045,13.86448771896591,4.211969893108585,16.23926841124873,1.501424587409447,6.039027756374115,7.327657600754379,13.902892358959953,20.443536515169964,21.69639467952638,23.153795172595984,2,-3.399419662435644
128,232,set,1.153,10.3051892089417,105.4518612253,105.4748737228,106.1708065318,105.69918049329999,0.002849656157195568,25.683546220302063,15.042731811129148,0.9971503615379333,116.14916548633984,10.149290664163711,-3.7996663586060535,0.940454241507986,25.683546220302063,50.42663819909613,55.16675879921017,60.67817338888888,96.25692131595036,99.45506792640543,116.14916548633984,132.84326304627425,136.04140965672931,139.75994624593963,115.89137163265832,11.252304931242936,103.35939610713123,23.2552078184591,95.74862483350732,99.18181154907718,116.11281307479238,132.82929514536013,136.02907133759214,139.74919350846852,2,-10.192191139358329,0.0017396706389263272,22.32400831974737,10.148154032668847,0.9982603192329407,113.92539842141133,10.4956371818145,2.4339919061515154,5.631780352249802,22.32400831974737,39.016236287244936,42.21402473334322,45.93214487908553,93.35432755025543,96.66161153573702,113.92539842141133,131.18918530708564,134.4964692925672,138.3419016660295,113.76604101871504,11.167717314783411,110.14591943614498,14.57185950125961,93.04003267855758,96.49080211088761,113.9024743608728,131.18033178229084,134.48871415466525,138.33509892305844,2,-8.066860525415052,0.0047583989799022675,18.977080948041063,3.6302930780873925,0.995241641998291,115.68316929271077,9.297758556110875,11.861837261664718,13.00578021165219,18.977080948041063,24.948381684429936,26.09232463441741,27.422405532394848,97.45989738578432,100.3897174091727,115.68316929271077,130.97662117624884,133.90644119963721,137.31299014306435,115.22300788106844,11.418767221315454,86.09967321287444,44.289115682207026,96.65236336274819,99.9644528962649,115.62745358777003,130.9551601278568,133.8875203971087,137.29638904627333,2,-9.52382738776845,0.0048084864392876625,28.41493651919128,8.424775452027374,0.9951915740966797,115.17015223780561,8.376399453378195,11.902680055380468,14.557414060672318,28.41493651919128,42.27245897771024,44.92719298300209,48.013894981286626,98.75271098906335,101.39220121612215,115.17015223780561,128.94810325948907,131.58759348654786,134.65657129828884,114.75299793142176,10.30456579758289,70.1679802609079,36.01689316859506,98.016754960955,101.00490264691433,115.11942644976459,128.92851790992935,131.57033699577852,134.64147085221128,2,-9.053817438121769,0.002129784319549799,25.376272162027668,3.666182835635426,0.9978702068328857,114.90976807092314,8.445836879473966,18.190685843443305,19.345938027765502,25.376272162027668,31.40660629628983,32.56185848061203,33.90508880755316,98.356231967854,101.01760264707987,114.90976807092314,128.8019334947664,131.46330417399227,134.55772273998312,114.71908001859032,9.393907380674179,71.20886405723843,17.036515381365227,98.04437306220784,100.848801579286,114.88717557872505,128.79323144094786,131.4556527480983,134.55102804070663,2,-9.019899525290327
129,233,set,1.378,106.1708065318,112.3108783081,111.1249523412,111.5742433983,111.67002468253332,0.022899771109223366,43.416654710160614,23.795725811480917,0.9771002531051636,99.88479871622933,11.694783408897171,-3.2221108663321445,4.276168803203447,43.416654710160614,82.55714061711777,90.05542028665337,98.77379086295801,76.9634444277943,80.6485918096929,99.88479871622933,119.12100562276574,122.80615300466434,127.09093323688536,98.59169356217684,14.763120172156565,146.60269511259992,71.34725747657092,69.95946783678004,77.79836302392633,99.54753310091797,118.99143696641127,122.69212459104722,126.99156680746592,2,13.07833112035648,1.21914672490675e-05,80.57417400852742,14.166030097834051,0.9999878406524658,111.01084540306621,9.983022391553597,52.80926521286226,57.273128022601355,80.57417400852742,103.87521999445349,108.33908280419257,113.52928801022223,91.44448105876424,94.59023481438152,111.01084540306621,127.43145599175091,130.5772097473682,134.23482832015904,111.01047790102044,9.983630046546935,99.66197080059983,0.011293927438183178,91.44287637508198,94.58925188942088,111.01069730579727,127.43141080747566,130.57717899709144,134.23477621850495,2,0.659546781512887,2.5145654944935814e-05,68.24807833790618,7.247378244283249,0.9999748468399048,110.744332380175,9.952583253114097,54.04347799677188,56.32720194690768,68.24807833790618,80.16895472890468,82.45267867904047,85.10800130886436,91.23762765093487,94.37378971875378,110.744332380175,127.1148750415962,130.2510371094151,133.89750327227145,110.74326295288154,9.954810138260564,99.05274265396241,0.04541019116246322,91.23344658720198,94.37145018464541,110.7440187993892,127.1147775946894,130.250953377372,133.89742225139543,2,0.9267617296517869,0.013048339635133743,39.553668574810374,13.869161463215177,0.9869515895843506,101.0657541618983,11.844167926080623,12.370611611137782,16.740928039265295,39.553668574810374,62.36640911035545,66.73672553848296,71.81816285949016,77.85161159993581,81.58383159046228,101.0657541618983,120.5476767333343,124.27989672386079,128.61940903651868,100.26311642400637,13.772860959756828,140.9637221798232,48.72726530220911,74.40298087558621,79.9723171470652,100.86949156491775,120.47223329365485,124.2133741784237,128.56111122623116,2,11.406908258526954,0.005617388058453798,42.26193333414974,13.367668421690626,0.9943826198577881,102.4030956678449,10.751291063951431,16.06178467036272,20.27407544684724,42.26193333414974,64.24979122145223,68.46208199793675,73.35978034783261,81.33095239519277,84.71879556689342,102.4030956678449,120.08739576879636,123.47523894049702,127.41433877766259,102.06526023137774,11.668264248816557,115.94474179523718,20.2037312509789,80.21145309297033,84.13416220663248,102.32697487034615,120.05802264751345,123.4493526888207,127.39169360519556,2,9.604764451155589
130,234,set,1.076,111.5742433983,105.5968662229,105.4148443075,105.2997024335,105.43713765463333,0.02208099327981472,54.56716737321915,37.37353140305937,0.9779190421104431,111.51569154091132,9.533973433652204,-18.683608151853946,-6.906821307087817,54.56716737321915,116.0411560535261,127.81794289829222,141.5110026981249,92.82944698139133,95.83370075930951,111.51569154091132,127.19768232251313,130.2019361004313,133.69503036944997,110.25821550803822,13.775406194342407,119.73187289710766,70.03037315693024,88.15927699575803,93.83811083479763,111.28070345569728,127.14839083555547,130.18962016817338,133.7528670824214,2,-4.821077853404887,0.00017512413614895195,90.78242651269343,12.905970178546553,0.9998249411582947,111.04884805231723,10.395332292300859,65.48718977719422,69.55399465518359,90.78242651269343,112.01085837020327,116.07766324819265,120.8062027999897,90.67437115208133,93.95004802796039,111.04884805231723,128.14764807667405,131.42332495255312,135.23200723045943,111.04530616362501,10.399244977213025,108.07318548360436,0.0719157621881209,90.65962317934257,93.94034948144065,111.04683077147128,128.14679737127227,131.42257623440312,135.23138653952563,2,-5.608168508991682,6.18786652921699e-05,82.29105020170473,11.160185056290844,0.9999381303787231,109.67363486700381,9.390954320125475,60.41748943057256,63.93417933441511,82.29105020170473,100.64792106899435,104.1646109728369,108.2535229813093,91.26770261909705,94.22688959300982,109.67363486700381,125.1203801409978,128.07956711491056,131.52026148484237,109.6719414611025,9.393538155009217,88.19227373044252,0.046394119995157974,91.26005792870923,94.22233349755075,109.67291670483493,125.12013579809901,128.07933543060722,131.52010426363628,2,-4.2348038064691735,0.01541785430163145,55.414979535632995,22.11354193691054,0.9845821261405945,110.02703438020328,9.684160475483116,12.073233768672218,19.041439875962197,55.414979535632995,91.78851919530378,98.75672530259376,106.85877080807781,91.04642862775007,94.09800789812478,110.02703438020328,125.95606086228177,129.00764013265646,132.55576051421377,109.1850315236131,12.047869200930416,99.87649566324599,45.27442346399966,87.79698671557361,92.58555731540596,109.83959207615037,125.88409799194487,128.94451771516768,132.50082722874316,2,-3.747893868979773,0.004779552575200796,55.48990767365899,22.644145039835625,0.9952204823493958,110.0816167476498,8.683803145109382,11.108198934879852,18.243603575670157,55.48990767365899,92.73621177164782,99.87161641243813,108.16806634655305,93.06167533439977,95.79803164868403,110.0816167476498,124.36520184661558,127.10155816089984,130.28316373286418,109.82069664851666,9.574682924979074,77.49877160264724,14.17620272232156,92.34756026954338,95.4158862206592,110.03018468288012,124.34563466008096,127.08449145405473,130.26850864735084,2,-4.383558993883327
131,236,set,1.378,11.836612607673201,126.42611821999999,126.40622181530001,126.4252231468,126.41918772736666,0.0031320012640208006,22.97835524395881,10.160548728493804,0.9968679547309875,117.29186436155376,11.321579378211045,3.0640456729467083,6.2657398160786,22.97835524395881,39.69097067183901,42.89266481497091,46.61532617757874,95.10197653214874,98.66952345848432,117.29186436155376,135.9142052646232,139.4817521909588,143.62979647883964,116.99646917035571,12.484897067743294,128.10003745166097,27.772014992509902,94.47541176551218,98.33373972752644,117.24728360888113,135.8970378179587,139.46664080305624,143.61659423973813,2,9.422718557010953,0.00028936826856806874,22.78943786816324,9.989173298614286,0.9997106194496155,122.79801470097989,11.006814644417876,3.211017967550063,6.358709937690723,22.78943786816324,39.22016579863575,42.36785776877641,46.027729934820115,101.2250544134128,104.69341571192656,122.79801470097989,140.9026136900332,144.37097498854698,148.403694548983,122.76907388407714,11.137203916838686,121.14378437467361,2.8933415960223967,101.17163240353771,104.66393610885638,122.79402188909367,140.9010881826352,144.36963677354817,148.40260116721637,2,3.6501138432895175,0.0029834117740392685,15.866380481722587,2.4259737076329557,0.9970165491104126,121.62934102302145,9.745345462448032,11.11155938732089,11.876008829833607,15.866380481722587,19.856752133611565,20.62120157612428,21.51003925895349,102.52881489972248,105.59967419321873,121.62934102302145,137.65900785282417,140.72986714632043,144.30040472138097,121.31380180368694,11.312773555342604,94.70597302382208,33.2722968256066,102.01660929471923,105.32469941088593,121.59279292287732,137.64492361717427,140.71744439645263,144.28952835347442,2,5.105385923679719,0.0051819393411278725,27.368027413555183,5.472456666186064,0.9948180317878723,114.43573727582773,9.52580184837842,16.64220944087436,18.36663721784427,27.368027413555183,36.369417609266094,38.093845386236,40.09886534471776,95.76550872914095,98.76718755590144,114.43573727582773,130.10428699575402,133.10596582251452,136.59606615433717,113.98455438087638,11.380064050285531,90.42587198033657,39.07961070241909,94.85655520490072,98.29083276251704,114.3735484479562,130.0803241775074,133.08485068705377,136.57756143631306,2,12.434633346490287,0.001528967753984034,25.299229795871312,2.3885960052400135,0.9984709620475769,117.16677475788609,8.542628301380317,20.61766765198464,21.370338993330478,25.299229795871312,29.228120598412147,29.980791939757985,30.855935034603863,100.42353095386808,103.11540161266237,117.16677475788609,131.2181479031098,133.91001856190408,137.0398999455233,117.02630401907679,9.260605584296307,72.8736378186888,12.884216590646734,100.19959581849865,102.99344065163108,117.15038037153143,131.21182649564673,133.90449087332735,137.03502878000015,2,9.392883708289872
132,238,set,0.385,11.4470043761898,14.2633005277421,14.1798153731319,14.1602664622302,14.201127454368068,0.06059782952070236,46.79689654383518,18.065711856448267,0.9394022226333618,23.58651256473047,12.185490144960164,11.388751950118333,17.08144487329602,46.79689654383518,76.51234821437433,82.20504113755203,88.82402691411802,-0.2966092533592217,3.543164903611313,23.58651256473047,43.62986022584961,47.46963438282015,51.93420165760416,24.99301268633879,13.781605719511393,159.26554847734997,30.667140308791282,-0.0303328455648873,3.8512693002813663,24.361104193861667,47.979112209816215,54.726254351332145,64.8031018331196,2,-10.791885231970722,0.9220673441886902,15.023025304653089,10.059623736671384,0.07793265581130981,74.9768746436339,11.944424035994544,-4.6934749172470696,-1.5235832843779633,15.023025304653089,31.569633893684134,34.73952552655324,38.42520959810934,51.566233717010036,55.33004544618193,74.9768746436339,94.62370384108587,98.38751557025776,102.76376010641214,19.695388009751007,19.045296153305397,104.42814913658599,258.29515643052343,-4.3421013559447745,-1.1246387394289303,16.090636056703637,70.64481672696287,80.5369161577001,88.52648941061308,2,-5.4942605553829384,0.959356427192688,15.163911480065998,6.204463051901011,0.04064350202679634,56.362713701113364,15.230211191053492,3.0033873549305454,4.958477925860215,15.163911480065998,25.369345034271777,27.324435605201447,29.59765091042086,26.512048289709632,31.31124558427212,56.362713701113364,81.4141818179546,86.21337911251709,91.79348312661367,16.838374008329243,10.60851066862143,46.35841234170532,66.18206619609028,3.112729530387198,5.082791716652204,15.491106539618235,29.299781192503428,51.905682166398755,66.82595005227616,2,-2.637246553961175,0.37073609232902527,17.634783969333782,10.18300672256254,0.6292639374732971,29.21747453092724,11.600922104042546,-2.3235424612180573,0.8852284284555552,17.634783969333782,34.384339510212,37.59311039988562,41.32400000971074,6.480085019549222,10.13565573211135,29.21747453092724,48.29929332974312,51.95486404230526,56.20525500458001,24.923353964214392,12.426913145231323,123.13018735764348,31.298001473894693,1.2585860562080542,4.847181818469839,24.71252684732353,45.69646361035477,49.63087202079014,54.15503128016432,2,-10.722226509846324,0.7587605118751526,17.05448581392597,5.84221037545906,0.2412395030260086,38.05350210142299,13.667207238233944,5.603963887919985,7.444904888438611,17.05448581392597,26.66406673941333,28.505007739931955,30.6454995005745,11.26626814523932,15.572946705316468,38.05350210142299,60.53405749752951,64.84073605760666,69.84818060416411,22.120278321288453,12.31558825539673,70.9593181035294,80.7144032641745,6.057105538863346,8.040608062998151,19.037860504809245,49.205348527340334,55.2896146332913,61.75346431556698,2,-7.9191508669203845
133,239,set,1.076,14.1602664622302,126.6253791955,126.6252028219,126.6373897906,126.62932393599999,0.0032684761099517345,27.468724544507673,17.478806404026216,0.9967315196990967,113.48013288944993,9.950375475066457,-6.789106500131773,-1.2813535639374791,27.468724544507673,56.21880265295282,61.72655558914711,68.1305086632855,93.97775532566905,97.11322169975789,113.48013288944993,129.84704407914197,132.98251045323082,136.6281677217789,113.19900618050144,11.125915366787204,99.68490775151407,24.101031294481253,93.40155780660766,96.8048249418333,113.4392380657357,129.83124764669907,132.96860579097572,136.61596738684162,2,13.43031775549855,0.0027539583388715982,25.304380387030875,10.449976135407319,0.9972460269927979,109.98282803500969,10.375537129805924,4.822803522329465,8.115699239149812,25.304380387030875,42.49306153491193,45.78595725173228,49.61466015341321,89.64714894033199,92.91658815547873,109.98282803500969,127.04906791454063,130.3185071296874,134.1199367789655,109.74962550472236,11.284898053503023,107.65603842311837,19.692708975084923,89.14591577469835,92.64690675184329,109.94691716046393,127.03524525643597,130.30635614596375,134.10931023116407,2,16.87969843127763,0.004559103399515152,22.46771168409758,4.552748719493249,0.9954408407211304,112.25785243603937,9.15627767050959,13.54448816322996,14.979106440240436,22.46771168409758,29.95631692795472,31.390935204965196,33.058988988732864,94.31187796939227,97.19711590032689,112.25785243603937,127.31858897175185,130.20382690268647,133.55853952895697,111.84848362719791,10.960818063307487,83.549691535621,36.58914202592383,93.553078728239,96.79661147957857,112.20529426100168,127.2983119366308,130.18597616610498,133.54289272104327,2,14.780840308802084,0.005363244563341141,29.784272096845186,10.088306141307237,0.9946367144584656,113.98483202028217,8.244848891495423,10.01155539486875,13.190485150519159,29.784272096845186,46.378059043171206,49.55698879882162,53.253181641348434,97.82522513497615,100.42326241743909,113.98483202028217,127.54640162312523,130.14443890558817,133.16521871080053,113.53323915415004,10.294627916441154,68.15878874982323,37.820046987578266,97.00788840490029,99.99583823126599,113.92911265493665,127.5249521586183,130.125556115577,133.14860292621356,2,13.096084781849953,0.0027854498475790024,26.479156192450276,4.633132822337333,0.9972146153450012,112.47647591985125,8.619539029438798,17.39838272507869,18.8583308654808,26.479156192450276,34.09998151941975,35.55992965982186,37.25743488384357,95.58248985881387,98.29859588462907,112.47647591985125,126.65435595507343,129.37046198088862,132.52852221619824,112.23694203135604,9.730930216141587,74.14930112258298,20.542522988316698,95.1610920029456,98.0719291494088,112.44629981901302,126.64274356460815,129.3602283850175,132.51951172108417,2,14.392381904643955
134,243,set,1.153,9.99160705007793,90.5363281543536,91.33162421420549,91.4897179280507,91.11922343220327,0.002832860918715596,25.62699395888324,14.99159742634781,0.99716717004776,116.1713127610405,10.150468724907656,-3.7559970674818395,0.9680105583586815,25.62699395888324,50.285977359407795,55.00998498524831,60.5026647601436,96.27675963402129,99.47527746361865,116.1713127610405,132.86734805846234,136.0658658880597,139.78483409974746,115.91481689631026,11.24878588965397,103.37682296329159,23.158777101130482,95.77153154542178,99.2036601009811,116.13517082255537,132.85343627618548,136.0535796823384,139.7741429611654,2,-24.795593464106986,0.0017641563899815083,22.070979849217338,10.129512207011148,0.998235821723938,113.95772392711126,10.493794248444225,2.2175007425166484,5.409414956265831,22.070979849217338,38.73254474216884,41.92445895591803,45.635749037068464,93.39026513898702,96.69696839707527,113.95772392711126,131.21847945714725,134.5251827152355,138.3699398676015,113.79561884630374,11.17924625384891,110.10646174056936,14.868801651079508,93.0714617461991,96.52375017037639,113.93448090972812,131.20956049605073,134.5173501828607,138.36307726459125,2,-22.67639541410047,0.004866581875830889,18.7596281746225,3.600719610489514,0.9951334595680237,115.70760453110245,9.305275960177443,11.70234741963596,12.836971463673528,18.7596281746225,24.68228488557147,25.81690892960904,27.13615458550194,97.46959878294828,100.40178761822023,115.70760453110245,131.01342144398467,133.9456102792566,137.35491347842458,115.23580406183666,11.47812210797835,86.22987202844641,45.51796544220065,96.64119645136991,99.96607190573317,115.65056987618172,130.99141538325517,133.9261905977297,137.3379195514325,2,-24.11658062963339,0.00480646500363946,28.300848385794872,8.382996727187015,0.9951935410499573,115.12157577504797,8.374218403878348,11.870476717991174,14.512045814358984,28.300848385794872,42.08965095723075,44.73122005359856,47.80261500017771,98.70840930477391,101.3472122605449,115.12157577504797,128.89593928955105,131.53474224532204,134.60292095566405,114.7042756841606,10.304580519086187,70.12824133259275,36.05621798933984,97.97305496918786,100.96012265716374,115.07088536703057,128.87637700768678,131.51749637855326,134.58782501278918,2,-23.585052251957336,0.0021289559081196785,25.272495902369513,3.6354700636879027,0.9978710412979126,114.922239611323,8.443935143298548,18.147105510667686,19.292679782438967,25.272495902369513,31.25231202230006,32.39788629407134,33.729863956168984,98.37243084266578,101.03320226512537,114.922239611323,128.81127695752062,131.4720483799802,134.56577018047432,114.73137893870337,9.39417767631992,71.17638351143047,17.074153925030238,98.06076916195273,100.86450352947996,114.89966092362711,128.8025801924684,131.4644010252534,134.55907567569994,2,-23.612155506500102
135,244,set,0.385,91.4897179280507,89.5306445490162,89.6673609909319,91.2254774513426,90.1411609970969,0.18699699640274048,77.00592891539179,25.06498970620067,0.8130030035972595,91.16903624652477,11.782080182414024,27.87945181837128,35.77768968764629,77.00592891539179,118.23416814313728,126.1324060124123,135.31581443126728,68.07658342603017,71.78923892544799,91.16903624652477,110.54883356760155,114.26148906701937,118.57825343066236,88.52057771587326,16.150436541026377,230.34053062262728,30.496069843091234,49.115500275310644,60.05327479881188,89.83719221624328,111.5132626453546,116.1187859862296,122.27433679875811,2,1.6205832812236451,0.8378061056137085,90.21174528878127,8.205108218424222,0.16219393908977509,111.26488955841236,16.34863118988034,74.13002869141619,76.71554327617686,90.21174528878127,103.70794730138569,106.29346188614636,109.29968134898749,79.22216122971868,84.37378425004572,111.26488955841236,138.155994866779,143.30761788710603,149.29749297046828,93.62644172087734,12.648502574994557,99.75512119783896,60.22988805854296,74.46435823559266,77.1782278839498,91.74850832691185,119.49454688298043,127.92250821350444,136.45862698998997,2,-3.485280723780434,0.8266893625259399,89.34497590384578,7.888025451323771,0.17331065237522125,99.27778537730318,12.679781179282095,73.88473011011588,76.37032863075035,89.34497590384578,102.3196231769412,104.80522169757567,107.69526714291288,74.42587093406145,78.42140131561,99.27778537730318,120.13416943899634,124.1296998205449,128.77536736702913,91.06643892495335,9.666288417884953,79.30173467938673,14.135520675115023,73.94469960320745,76.57874390017155,90.41639009712485,108.0068049648688,113.08923995590825,119.27934925200945,2,-0.9252779278564418,0.5859666466712952,81.06025002368541,15.222080366815092,0.41403332352638245,75.2465416351646,17.42338208732422,51.22552073495357,56.0221559225828,81.06025002368541,106.09834412478801,110.89497931241725,116.47210432350452,41.09734025512881,46.58762841506804,75.2465416351646,103.90545485526115,109.3957430152004,115.77938951261257,78.65317860178922,16.421491984934228,261.4651987447514,8.20001589972864,45.842268792073114,51.321839781121724,78.84611629930137,105.31702812007471,110.35383545457005,116.21570625588973,2,11.487982395307682,0.22497086226940155,75.77409835185507,18.27931438255736,0.775029182434082,92.42130880341298,10.133729971852764,39.94730049995763,45.70730179151938,75.77409835185507,105.84089491219075,111.60089620375251,118.29814250464156,72.55956302952747,75.75280630466412,92.42130880341298,109.08981130216185,112.2830545772985,115.99588997953661,88.67617564530026,14.250600688988772,154.75993558160513,48.32003593964021,53.443053914030905,61.55122988180964,90.2933645127713,108.69855580583199,112.191850884313,116.36343520718282,2,1.464985351796642
136,246,set,0.952,22.5047468137217,92.29000102441901,92.5166090442387,92.4616053183915,92.42273846234974,0.004637232515960932,31.125681687765763,21.866667714509667,0.9953627586364746,107.71273237819288,9.771039615440715,-11.73219949457797,-4.8417860117881375,31.125681687765763,67.09314938731964,73.9835628701095,81.99515763777282,88.56184664041498,91.6408024276487,107.71273237819288,123.78466232873706,126.86361811597078,130.44356961474222,107.35757946343435,11.149968218419078,97.2477809165245,27.073908381303273,87.74127489430236,91.20711388797734,107.655705463688,123.76275007687534,126.84429144870089,130.42668906598388,2,-14.934841001084607,0.005679809022694826,31.735541617031792,10.96107808986318,0.9943201541900635,103.71314465364082,10.253313494675254,10.252223329168864,13.706172565622019,31.735541617031792,49.76491066844156,53.218859904894714,57.23482232858064,83.6170194818788,86.84794476365376,103.71314465364082,120.57834454362789,123.80926982540285,127.56591870385287,103.30432179916103,11.596326530813437,105.2157149222906,29.25868150150144,82.53326068695213,86.28334973770441,103.63973845579295,120.55008776433299,123.78435123534028,127.5440151784428,2,-10.881583336811289,0.004198315087705851,29.294768145432847,6.710313514929393,0.9958017468452454,105.91667018932627,8.938263597587389,16.142795331198855,18.25728462241975,29.294768145432847,40.33225166844594,42.44674095966683,44.90529172503636,88.39799545372956,91.21453489218634,105.91667018932627,120.6188054864662,123.43534492492296,126.71018070719032,105.59499386165864,10.212246287154429,79.74618998671933,24.544474813934592,87.72085495955336,90.85568564220836,105.86943952521285,120.60056254516311,123.41928698365068,126.69611464487399,2,-13.172255399308895,0.007469815202057362,32.91848032094694,13.278512677674824,0.9925301671028137,110.69335034811607,8.259642474484734,6.893073704445765,11.077270582552394,32.91848032094694,54.75969005934148,58.94388693744811,63.80892005908012,94.5047485729487,97.10744746663741,110.69335034811607,124.27925322959472,126.88195212328344,129.90815205897107,110.11238448291599,10.671281391820298,69.02915874526221,44.84687324936005,93.30982142892651,96.49883754153616,110.61543995919331,124.2492166723754,126.8555478996098,129.88501132639496,2,-17.689646020566244,0.004866830538958311,29.173043665932198,6.893119408272263,0.995133101940155,107.42272763464706,8.973715675165323,15.66277788458451,17.834871206225976,29.173043665932198,40.51121612563841,42.68330944727988,45.20883734687604,89.83456810382049,92.6622788591201,107.42272763464706,122.18317641017401,125.01088716547363,128.29871201781486,107.04189242976646,10.489152111542078,80.36690144608653,29.654636920908146,89.03563211835656,92.24206280470862,107.3677235860004,122.16200234535246,124.99218962267098,128.2823832693135,2,-14.619153967416722
137,247,set,0.229,92.4616053183915,92.61017137512209,92.3230605463863,92.42058761009599,92.45127317720146,0.4564293920993805,89.05605500291293,17.539182184206723,0.5435705780982971,75.15392721706449,13.944300756768728,54.67988960358118,60.20666757345784,89.05605500291293,117.905442432368,123.43222040224467,129.85829418955723,47.82359994420316,52.21759354199128,75.15392721706449,98.09026089213769,102.48425448992582,107.59322163755951,81.49926471148564,17.147959101449803,246.10191710699485,47.950386287096606,49.925897999633804,54.67803128020708,80.6809702059067,111.16773749506292,117.35841581883757,124.4928417205534,2,10.95200846571582,0.9912541508674622,92.95698632113643,7.118166430332297,0.00874591339379549,113.92313184055854,20.55709984257399,79.00563648172309,81.24864445096013,92.95698632113643,104.66532819131272,106.90833616054977,109.51631766340884,73.63195652251949,80.10971160489716,113.92313184055854,147.7365520762199,154.2143071585976,161.74609735577585,93.14036038758385,7.598122826770878,53.921129700887896,3.8108982643633875,78.98428711522565,81.24484527786764,93.01137509324096,105.05855483269698,107.61358412618588,111.19082578435034,2,-0.6890872103823966,0.9984343647956848,93.5617330792098,4.9652330240148554,0.001565603306517005,96.20557401980552,16.97053767563633,83.83005517729178,85.39465153099974,93.5617330792098,101.72881462741987,103.29341098112782,105.11259236874413,62.94393137727823,68.29152357271849,96.20557401980552,124.11962446689255,129.46721666233282,135.6849482628521,93.56586930091503,5.007697921732239,25.065832954174113,0.010926269578728649,83.80205662990419,85.37850175658069,93.56294067945599,101.7533140290265,103.33537095041154,105.19857731641662,2,-1.114596123713568,0.917640209197998,88.51882188370797,10.49206825247054,0.08235979825258255,52.12577780859359,24.481713990568807,67.9547459855296,71.26090536440941,88.51882188370797,105.77673840300653,109.08289778188633,112.92702255713421,4.142500107268354,11.856941757217875,52.12577780859359,92.3946138599693,100.10905550991882,109.07876110342924,85.52149877540083,15.826480188601286,150.3797433656176,100.09778628757299,39.535391268651075,57.63460271600656,87.51212182417137,105.46214645062487,108.85057651461143,112.80832996494364,2,6.929774401800628,0.6930157542228699,83.65399498358153,13.087176368304059,0.30698421597480774,79.74172140610239,11.348476315854377,58.00360064238186,62.127505467622996,83.65399498358153,105.18048449954006,109.30438932478118,114.09931990518321,57.499116547622,61.075138977596424,79.74172140610239,98.40830383460835,101.98432626458276,106.14222515709305,82.45298625363681,12.707793564330021,158.23156571979158,3.2562489428992047,57.82825476573502,61.75438346409033,82.33732253407972,103.55245625911643,107.70781117174624,112.56532473463848,2,9.998286923564649
138,248,set,0.893,92.42058761009599,96.0999747257066,96.2905046007603,95.8358370445761,96.07543879034768,0.018920859321951866,52.81446423458111,38.81268462040139,0.9810791015625,112.46195162698095,9.092106436542586,-23.256999764717293,-11.026720835009769,52.81446423458111,116.65564930417196,128.8859282338795,143.1062705870695,94.64175046775267,97.50676737820504,112.46195162698095,127.41713587575684,130.28215278620922,133.61335410618483,111.33336551011058,13.253262790599326,109.60512271121476,66.04336704362811,91.07209408455759,95.8986338116855,112.26975837101037,127.37909647152178,130.27661465043258,133.67109912976068,2,-15.257926719762906,0.001654379186220467,83.02444146030217,12.125336211726333,0.9983456134796143,107.62192748277829,10.846277640668111,59.259219184879214,63.080038214438076,83.02444146030217,102.96884470616625,106.78966373572513,111.23219157848214,86.36361394074672,89.78138836660268,107.62192748277829,125.46246659895388,128.88024102480986,132.85414241340325,107.58123312455236,10.894481871106336,117.69034683039771,0.9993035258800882,86.18295600698454,89.66567351136977,107.60036242687357,125.45383021982754,128.87263834178378,132.84748923479478,2,-11.50579433420468,0.0002898752281907946,76.66612354159946,14.413964107154888,0.9997101426124573,105.99747593501178,8.788293056993593,48.41527301712284,52.9572624011974,76.66612354159946,100.37498468200153,104.91697406607608,110.19801829878023,88.77273805772091,91.54202022550342,105.99747593501178,120.45293164452013,123.22221381230264,126.4421028045967,105.98897539360726,8.804603811658238,77.2719331445239,0.24931555157251403,88.73882816597023,91.52218977270363,105.994415762182,120.45173392328002,123.22119128967162,126.44125839266935,2,-9.913536603259587,0.018864408135414124,59.36731252411576,24.35739416907753,0.9811355471611023,113.0665727608797,9.20592060232412,11.627697195477879,19.302964382021926,59.36731252411576,99.43166066620958,107.10692785275364,116.03108466652404,95.02329993578914,97.92418086871957,113.0665727608797,128.2089646530398,131.10984558597025,134.4827465826852,112.0535629447339,12.153770859097596,94.34215717316908,53.371427625300335,90.94294507974863,96.14143879487025,112.8509453507416,128.1278361159804,131.03982558280802,134.4237878253965,2,-15.978124154386222,0.005931041203439236,55.851960554206194,24.31991005365369,0.99406898021698,109.93411258380354,8.408823854704965,8.18581274179138,15.849268295320336,55.851960554206194,95.85465281309203,103.518108366621,112.42853160438793,93.45312067624053,96.10282816799601,109.93411258380354,123.76539699961106,126.41510449136653,129.49596208138036,109.61335146658011,9.541558593321215,73.79690809938458,17.244689658596045,92.58958179264208,95.64519231616593,109.87288804574612,123.7424304297454,126.3953933821312,129.47977053137123,2,-13.537912676232438
139,249,set,0.17,95.8358370445761,95.5702245231285,96.2454644324886,95.98909563873539,95.9349281981175,0.6047132015228271,95.88893695123951,14.920845623914355,0.39528682827949524,71.49713512258903,15.13426238661629,66.64461690948531,71.34632990956098,95.88893695123951,120.43154399291805,125.13325699299372,130.60001444732427,41.83452591224189,46.60348874472797,71.49713512258903,96.39078150045007,101.15974433293616,106.70469425087009,86.24718182808328,19.167244164290356,225.1671147823239,142.21635575805072,48.23862920441819,53.9197209778151,86.91990871462767,116.6788149637072,121.830175881546,127.71230118085903,2,9.687746370034219,0.9974374771118164,96.63832257283582,6.648777047561008,0.0025625473354011774,116.8991631916806,23.20302560989751,83.60695901837968,85.7020575313634,96.63832257283582,107.57458761430824,109.66968612729195,112.10569092240091,71.42206866392095,78.73358236099277,116.8991631916806,155.06474402236842,162.37625771944025,170.87747249058086,96.69024429851473,6.820673555689289,45.47258198896577,1.0492343214303892,83.59202460272361,85.6953179785905,96.65153476722898,107.67615297347214,109.84827642436112,112.49345425879548,2,-0.7553161003972235,0.9998140931129456,97.76836280781535,3.829801306838788,0.00018590518448036164,97.0314861465858,19.760666631153775,90.26209017846689,91.46890023775808,97.76836280781535,104.06782537787262,105.27463543716381,106.6778129359786,58.30129123902196,64.52808196735359,97.0314861465858,129.53489032581803,135.76168105414965,143.00167095360018,97.76822565216582,3.8389271252360455,14.737244273232976,0.00010092537215306202,90.25766052995839,91.46624536831115,97.76833646716113,104.07025852773953,105.27878525006007,106.68636656076833,2,-1.8332974540483207,0.9649439454078674,93.95217034108498,8.818906599207438,0.03505602106451988,43.63441753473357,28.93706889350984,76.66743102361579,79.44635983563235,93.95217034108498,108.45798084653761,111.23690965855417,114.46801495951594,-13.08119531470004,-3.96282518810073,43.63441753473357,91.23166025756785,100.35003038416717,110.95210623612353,92.18822698879424,13.785764392202239,104.40099301436246,85.64602192285757,59.7890909922858,75.89428993649067,93.58437042016,108.34342064574052,111.15473420560022,114.43496828713826,2,3.7467012093232626,0.8290133476257324,89.49379511224342,11.12135181741719,0.17098663747310638,77.05338144271475,11.86977788414776,67.69634609070664,71.20079923876139,89.49379511224342,107.78679098572543,111.29124413378018,115.36592826915214,53.78904428529509,57.52933423886593,77.05338144271475,96.57742864656356,100.31771860013441,104.66661398883889,87.36664927655477,12.188707332820254,126.62665896463002,21.937813740973553,62.46956532223246,66.76579874421866,87.67683786902525,106.871861541372,110.46769069905434,114.63080712351984,2,8.568278921562737
140,252,set,1.493,46.939982538326504,125.21159193889999,125.0995479652,122.5669840824,124.2927079955,0.008075750432908535,27.14743136291625,11.121967242230108,0.9919242262840271,106.22098539736007,12.666346074734324,5.3487761309109665,8.853423205698586,27.14743136291625,45.441439520133905,48.946086594921525,53.020996212030134,81.3954032751605,85.38670011611076,106.22098539736007,127.05527067860936,131.04656751955963,135.6873126601838,105.58240463598474,14.499198700888671,160.1396308770108,50.08687253952291,79.38595778441601,84.37172387991644,106.0917375355341,127.00550965916976,131.00268539541804,135.64878276705488,2,18.71030335951525,3.305348946014419e-05,45.04229835115868,12.004016669724736,0.9999669790267944,119.29449011346838,11.167840112378542,21.51485800867975,25.297447993976004,45.04229835115868,64.78714870834133,68.5697386936376,72.96781701072364,97.40592570810469,100.9250277994084,119.29449011346838,137.66395242752836,141.18305451883208,145.27477121652822,119.29203969844059,11.176003992043556,124.72129726769202,0.18223068799243905,97.39967582063896,100.9216144725633,119.29402696646514,137.6638429438402,141.18291306209846,145.2747191559206,2,5.000668297059406,0.0004082723462488502,33.003461065797595,3.5904936022110494,0.9995917677879333,117.51627724881743,10.2095916044104,25.966222918742453,27.09762464165469,33.003461065797595,38.9092974899405,40.040699212852736,41.35619822405851,97.50584540731053,100.72299346860967,117.51627724881743,134.3095610290252,137.52670909032432,141.26733897256278,117.48177771948596,10.349530334301752,104.19847163553699,2.9148604357949375,97.43578288511432,100.68441931950404,117.51105040439796,134.30756509758922,137.5249708397667,141.26576251507063,2,6.810930276014034,0.008492411114275455,30.63172743314601,6.416485252621886,0.9915075302124023,106.786318238859,11.438698528927091,18.05564743067472,20.077548393090265,30.63172743314601,41.185906473201754,43.2078074356173,45.558704259397345,84.36688109215059,87.9713334759488,106.786318238859,125.6013030017692,129.2057553855674,133.39671024342263,106.13957587998941,13.37597085132475,130.08228027447572,48.83365495027429,82.4393036478942,87.00349878870013,106.66352397672455,125.55400545001397,129.16405948511493,133.36016324970188,2,18.153132115510587,0.0028064073994755745,30.419860926216025,3.959681334484545,0.9971936345100403,109.15814274857307,10.2318999186115,22.659028120370813,23.906764721617073,30.419860926216025,36.93295713081498,38.18069373206123,39.63145718057335,89.10398741467621,92.32816505684046,109.15814274857307,125.98812044030566,129.2122980824699,132.9611013716336,108.93717562660973,11.035922268799155,104.44197443305177,17.350103243066087,88.59980423878021,92.05702585806162,109.12205203271762,125.97420123834982,129.2000407637346,132.95035278387945,2,15.355532368890266
141,256,set,1.076,12.0716874746344,114.06921742920001,111.5094973754,112.0421063198,112.54027370813333,0.003148054238408804,27.077423950538808,17.0865342273451,0.9968519806861877,113.50392664269458,9.96403175834721,-6.411567755668521,-1.0274238453402624,27.077423950538808,55.18227174641787,60.56641565674612,66.82664652504914,93.97478325552073,97.11455286591752,113.50392664269458,129.89330041947164,133.0330700298684,136.68373074060102,113.23185528866253,11.105336836124122,99.88846079079356,23.440493237055833,93.42032554873198,96.8173956617539,113.46448858491415,129.87817413193017,133.0196229910605,136.6720791559505,2,-0.6915815805292027,0.0030216919258236885,23.592267221070138,10.33172235783749,0.9969782829284668,110.13788568646204,10.36533684775471,3.3424635014414044,6.59809622812552,23.592267221070138,40.58643821401475,43.84207094069887,47.62744756340561,89.82219877723688,93.08842377785896,110.13788568646204,127.18734759506512,130.4535725956872,134.2512650259534,109.87636872043447,11.401882510803615,107.43810301096713,22.56451819966728,89.26995680147238,92.79207727836659,110.09851189600369,127.17218010606973,130.44018482516088,134.2396029903341,2,2.6639049876988565,0.005321974866092205,20.98426659020903,4.311640178958009,0.9946780204772949,112.36755708759786,9.216217107147386,12.533607125155498,13.892249603740254,20.98426659020903,28.07628357667781,29.434926055262565,31.014641554157066,94.30410348388705,97.20822895213428,112.36755708759786,127.52688522306144,130.43101069130867,133.807684161509,111.88121698913774,11.348673735335355,84.58555276429021,44.20678449808621,93.39827570051989,96.73428725694959,112.30575453834223,127.50304698015452,130.4100280961215,133.78925892562685,2,0.6590567189955863,0.005353714805096388,28.95515254432984,9.76264417857917,0.9946462512016296,113.55984811038552,8.232430808191147,9.820721560435043,12.89703185855721,28.95515254432984,45.01327323010247,48.08958352822464,51.66645907418469,97.42458022111289,100.01870443690527,113.55984811038552,127.10099178386577,129.69511599965813,132.71134601920932,113.10689483888183,10.297439243708753,67.92033622808565,38.11648386806837,96.6100255702409,99.59269678626218,113.50431198909291,127.0796203996315,129.676268709419,132.69481636910444,2,-0.5666211307485014,0.0027962110470980406,25.733683630250752,4.3801942265492455,0.9972038269042969,112.46847071978746,8.61864228666037,17.14866070092395,18.528905269959324,25.733683630250752,32.93846199054218,34.31870655957755,35.923539157069555,95.5762422422992,98.29206569517682,112.46847071978746,126.6448757443981,129.36069919727572,132.5184308804783,112.22594621829535,9.752093301543168,74.12694073490518,20.976861012128346,95.15317626758117,98.06451618529258,112.43818123446145,126.63320912055357,129.3503870336685,132.50938654653942,2,0.31432748983797865
142,259,set,0.229,14.3663278559793,14.1472631058477,13.7781641174996,13.7476508701576,13.8910260311683,0.18492379784584045,55.64981388368086,15.035050026493657,0.8150762319564819,-6.9538335209848725,13.604925712595852,26.181657325995296,30.919357316205925,55.64981388368086,80.38027045115578,85.11797044136641,90.62657054891207,-33.61899793001568,-29.33194492375351,-6.9538335209848725,15.424277881783759,19.71133088804593,24.69595648699606,4.623070508847419,27.98928321344702,192.66825226433076,590.7317231751749,-32.408847325839034,-27.954254158250283,-3.031977419739954,64.84616817250209,72.22122754573644,79.80444424565691,2,9.267955522320882,0.9945350885391235,15.812426235149161,9.510567912564232,0.005464871879667044,70.6119076707619,13.805237468315251,-2.827944345999022,0.16893410979958468,15.812426235149161,31.45591836049873,34.45279681629734,37.937315679464,43.554139434841076,47.90431275007718,70.6119076707619,93.3195025914466,97.6696759066827,102.72769250580603,16.111897754392025,10.359505834328237,90.99811616885006,16.321234687616048,-2.805682875835756,0.19420328241876625,15.877920360195578,31.95735000083514,35.40970821940462,40.55414542380507,2,-2.220871723223725,0.9990870952606201,15.786708026463465,5.588106749094078,0.000912936870008707,41.9703088406077,19.286838973021585,4.834220056473866,6.5950903724240675,15.786708026463465,24.97832568050286,26.739195996453063,28.786588282131746,4.168799077861905,10.246281803404127,41.9703088406077,73.69433587781126,79.7718186033535,86.83820568246449,15.810612508273143,5.671273114858692,31.538026047083516,0.6253207281044717,4.833827935354797,6.59585514862669,15.791989846921135,25.016386869427876,26.806501623054526,28.933123955207215,2,-1.9195864771048434,0.7987654805183411,17.7541322809357,8.2655648524618,0.20123453438282013,-0.8236303934150442,14.311426715686899,1.5539228582304432,4.158487954561291,17.7541322809357,31.3497766073101,33.95434170364095,36.9827115032069,-28.873511323545724,-24.363832533562846,-0.8236303934150442,22.716571746732747,27.22625053671563,32.46972672111446,14.01564512384538,12.29894262401923,95.78754850921675,55.476444086859146,-17.343220953312077,-10.599866362518531,15.768183848491175,30.668233177496777,33.4003199715556,36.57588308408361,2,-0.12461909267707938,0.9716240167617798,17.65280970196487,5.457998526471545,0.028376024216413498,13.49083268530105,15.529844893941473,6.955329162407953,8.675201029802354,17.65280970196487,26.63041837412738,28.350290241521783,30.350012970539993,-16.947103992317498,-12.053489014492392,13.49083268530105,39.035154385094486,43.928769362919596,49.6186543385058,17.53471006473211,6.022094616944536,35.7880528829097,0.477583291926197,6.018976115292467,8.14701564782357,17.611009653190155,26.861954800276685,28.754548795250816,31.186783741039704,2,-3.64368403356381
143,261,set,0.053,13.8326725235124,13.9332061603163,14.084780802781799,14.0782451974178,14.032077386838631,0.5083042979240417,66.1791143350123,11.054037974443514,0.4916956424713135,-45.76007121565878,15.92392792973551,44.51359802136492,47.99683988028957,66.1791143350123,84.36138878973502,87.84463064865967,91.89465207642569,-76.97039645035186,-71.9526018261981,-45.76007121565878,-19.56754060511948,-14.549745980965717,-8.71547532993901,11.13910063337691,57.60661076917422,186.79058663288845,3131.731010282532,-71.8230954210893,-66.01515934432958,42.56698522792244,80.44905625661154,84.44964492382327,88.95659925970709,2,2.8929767534617223,0.9998351335525513,12.979782851513377,8.798280847089858,0.00016483438957948238,65.93439510177717,16.904586320386365,-4.264530734651306,-1.4921013107600523,12.979782851513377,27.451667013786803,30.224096437678057,33.44764479535512,32.80201474027141,38.1288249805754,65.93439510177717,93.73996522297892,99.06677546328292,105.26034354974786,12.988511176594887,8.826451372005925,77.44408750018091,0.46215091399618774,-4.264014859817687,-1.491489402638084,12.981597932588949,27.464911510830802,30.24800936015209,33.50054640605973,2,1.0435662102437444,0.9999960660934448,13.163771483096056,3.98568386809738,3.914600711141247e-06,25.251415096725772,28.025176374191474,5.351974647862898,6.607904916774105,13.163771483096056,19.719638049418005,20.975568318329213,22.43585867624327,-29.676921257072344,-20.845897908317802,25.251415096725772,71.34872810176932,80.17975145052388,90.44772457444572,13.163818547256623,3.986133876591851,15.888687972191285,0.0005719644871270209,5.351390954252013,6.607426730777951,13.163779162192549,19.719761240381537,20.976443881869155,22.4367473619486,2,0.8682588395820083,0.976696252822876,15.765512288064222,5.714518079450097,0.023303691297769547,-40.02842280992864,18.76409940885698,4.5652626633390305,6.365966498800965,15.765512288064222,25.165058077327476,26.96576191278941,29.059469273360904,-76.80538185361765,-70.89261977906503,-40.02842280992864,-9.164225840792266,-3.2514637662396453,3.6233999581567886,14.465306767286156,10.533411555870282,40.099746224965486,70.85300108789497,-0.5438452239838674,4.80318334465862,15.595118486922111,25.100022385517615,26.908661124319266,29.00958042494614,2,-0.4332293804475249,0.998505711555481,16.67123585855213,4.2541851608375,0.0014943364076316357,-17.269214044702196,18.549581429986002,8.33318615974589,9.673723967025433,16.67123585855213,23.668747750078825,25.009285557358368,26.56795046324254,-53.62572557576776,-47.78056033824636,-17.269214044702196,13.242132248841955,19.08729748636336,25.8835652792932,16.620518208174662,4.506001631456923,18.585229302366212,1.7188346497344846,8.233658558213063,9.618791239545482,16.663793052433487,23.666721432215926,25.00797395968796,26.568040694559738,2,-2.5884408213360306
144,265,set,1.226,12.7443652382145,113.8533448234,114.0776627038,114.0961061166,114.00903788126668,0.0029301887843757868,25.154898310647987,13.716751274421645,0.9970698356628418,117.23765886663111,10.409822506272727,-1.72944017211233,2.5928502269243054,25.154898310647987,47.71694639437166,52.0392367934083,57.064833476645774,96.83478166888207,100.11502456126735,117.23765886663111,134.36029317199487,137.64053606438014,141.45452732324117,116.96784186055017,11.548628204973445,108.59819196591843,24.772955924811722,96.2979505794061,99.82665326978072,117.199316469471,134.34557174791345,137.6275594037815,141.443189491276,2,-2.9588039792834877,0.0008790766587480903,24.21692942010351,10.21558414482542,0.9991208910942078,116.84071320336852,10.662469426783032,4.194752415207276,7.413788788059456,24.21692942010351,41.02007005214756,44.23910642499975,47.98193187750345,95.94265714061434,99.30251169446527,116.84071320336852,134.37891471227178,137.7387692661227,141.64532628639068,116.7592860292321,11.009795755268534,113.68004874235997,7.535114215096171,95.78376456003275,99.21545562067551,116.82895576588368,134.37442768983365,137.73483025244101,141.6418746258183,2,-2.750248147965422,0.003409739350900054,19.59021245155686,3.3851004154494975,0.996590256690979,117.93021692276633,9.350514027315812,12.955537553224268,14.022217755609816,19.59021245155686,25.1582071475039,26.22488734988945,27.465133606452564,99.60354619229076,102.5499900110753,117.93021692276633,133.31044383445737,136.2568876532419,139.68276535140154,117.5949026729711,10.956068716252414,87.17306339287559,32.862323587249904,99.03715276744764,102.24729173822269,117.89012085359127,133.2950032313456,136.24328061794458,139.67083759833346,2,-3.5858647917044237,0.004667720757424831,29.04666574626092,7.6731078806633,0.9953323006629944,116.13350255733359,8.645787131584475,14.007650650670385,16.42552641876196,29.04666574626092,41.66780507375987,44.085680841851456,46.89698395172801,99.18807116142816,101.9124482360965,116.13350255733359,130.35455687857066,133.07893395323902,136.2466110703048,115.72700800908038,10.483823733325163,74.67554575818124,35.23530119136326,98.45287815436726,101.52485806926282,116.08268569806036,130.3349782649114,133.06165156944732,136.231494139851,2,-1.7179701278137003,0.0017941632540896535,26.165403134191045,3.4038017121260347,0.9982057809829712,116.19569454233658,8.399218282842126,19.494074367908244,20.566647542576902,26.165403134191045,31.764158725805185,32.83673190047384,34.08383001085202,99.73352920967565,102.38020988624659,116.19569454233658,130.01117919842656,132.6578598749975,135.7351981382313,116.03415902232366,9.217279637619738,70.44107816631285,14.516414963679127,99.47393043093115,102.23916831539391,116.1767742059336,130.00390065548225,132.65147233800977,135.7295758415913,2,-2.025121141056985
145,267,set,0.829,116.46215911520001,120.2092410132,120.2052528733,120.4161485761,120.27688082086667,0.038089923560619354,66.28221102134283,41.02576293906779,0.9619100689888,118.83861334803348,9.387458894287944,-14.126806777508165,-1.199163947434144,66.28221102134283,133.7635859901198,146.69122882019383,161.72240741554668,100.4395320088789,103.39761753790609,118.83861334803348,134.27960915816087,137.23769468718805,140.67710838940602,116.836743115372,15.813951386440875,148.87738684017495,101.20356990597186,82.63332551417182,99.67577728037577,118.46737206251828,134.27551752585504,137.34500941676356,141.0306061466312,2,3.4401377054946636,0.0037127130199223757,99.57346993725486,10.853591907771458,0.9962872266769409,115.12891543427173,11.846828753013341,78.30082069512741,81.72089992230582,99.57346993725486,117.4260399522039,120.84611917938228,124.82270039760586,91.90955774735201,95.64261619200474,115.12891543427173,134.6152146765387,138.34827312119143,142.6887603179702,115.07115558660954,11.881055010251723,140.2636328921726,0.895036768257067,91.74842897044041,95.51124158757268,115.08205276501727,134.59414131945272,138.32961032653353,142.67236282051925,2,5.20572523425713,0.000892053940333426,94.07784529994932,10.158314221898372,0.9991078972816467,111.88750167783007,10.09618705362378,74.16791528138748,77.36890530834705,94.07784529994932,110.78678529155158,113.98777531851115,117.70961799390143,92.0993386715479,95.2807517842965,111.88750167783007,128.49425157136363,131.67566468411223,135.3747449659464,111.87160904603142,10.110262793300246,101.93411057003662,0.2826927101042271,92.03797713359465,95.23727058830599,111.87710532298905,128.4899262759943,131.67187981059456,135.37144198016074,2,8.405271774835242,0.044024620205163956,70.47999760991132,23.50872535670694,0.955975353717804,108.91365939477221,10.551060830302799,24.403742588322174,31.811585441925857,70.47999760991132,109.14840977789677,116.55625263150046,125.16947086489651,88.23396016868745,91.55870871986303,108.91365939477221,126.26861006968139,129.59335862085697,133.45909732622272,107.221629191455,13.889659840996302,130.7544999700495,62.16785073451811,73.91013749603162,86.68045294591195,108.3696103599132,126.07846571483311,129.43843306923964,133.34655747491936,2,13.055251629411671,0.008193022571504116,69.20701978347583,25.447234668177526,0.9918069243431091,115.57410078058976,8.272756836458997,19.331356327708797,27.35004354363877,69.20701978347583,111.06399602331288,119.08268323924285,128.406140054009,99.35979532827261,101.96662669325258,115.57410078058976,129.18157486792694,131.7884062329069,134.81941105954297,115.1942081041098,9.521233771601185,73.18327187302457,17.46991623300088,98.2256047939261,101.3710938112278,115.49435287788836,129.15488489996713,131.76763442458906,134.80683078142175,2,5.082672716756861
146,268,set,1.226,120.4161485761,113.0046036945,113.10053699000001,116.0087424188,114.03796103443334,0.02652108483016491,53.0442508963784,32.972464853539165,0.9734789133071899,106.30676265293494,10.484057706697206,-11.58059269807113,-1.1906275074954564,53.0442508963784,107.27912930025224,117.66909449082792,129.7496744102956,85.75838713596882,89.0620223089055,106.30676265293494,123.55150299696436,126.85513816990105,130.69632801023147,104.89418286235987,14.459455354018909,135.8336725936435,73.24215604693124,78.80635119162484,86.33255428325299,105.98751611359967,123.45909215363372,126.79517933081563,130.6887469890088,2,9.143778172073468,3.433397796470672e-05,91.82701290752638,13.57833615325213,0.9999656677246094,111.66803624476276,9.975472245015983,65.21396307717406,69.4926374378833,91.82701290752638,114.16138837716944,118.44006273787869,123.41494635065636,92.1164699157525,95.25984454199447,111.66803624476276,128.07622794753104,131.219602573773,134.8744548945091,111.6673552136278,9.976294639510268,99.5129603019171,0.013515662816582938,92.1136117276128,95.25798576003082,111.66766875195913,128.07611697628886,131.2194685347285,134.8743657379133,2,2.3706058208055367,2.49389122473076e-05,81.62989017066107,8.797752290057266,0.9999750852584839,110.544354731303,9.782347127584222,64.38661253724405,67.15887540733975,81.62989017066107,96.10090493398238,98.8731678040781,102.09652250697373,91.37130667696907,94.45382557839777,110.544354731303,126.63488388420822,129.71740278563692,133.30149717468808,110.54363630794653,9.783374448976822,95.69386140833907,0.020849564362222735,91.36776828972378,94.45174203160148,110.5440489869909,126.63478835763622,129.71733322069784,133.30140744420896,2,3.494324726486809,0.015336848795413971,48.78103683209669,18.81719032333671,0.9846631288528442,104.23853969902859,10.827391917011807,11.900021508121114,17.829513079720144,48.78103683209669,79.73256058447322,85.66205215607226,92.55636753621292,83.01724149518535,86.42906483390666,104.23853969902859,122.04801456415052,125.45983790287183,129.42681986657598,103.3879940330743,12.934868964979865,120.86501070739061,46.44558551431535,79.29934438677589,84.70934511446868,104.02786453873256,121.96687246437297,125.38835787222354,129.36418058233252,2,10.64996700135903,0.005421305075287819,51.56136442913871,19.323767134651344,0.9945787191390991,106.84782864589329,9.5679380675455,13.687476799583315,19.77659597134178,51.56136442913871,83.34613288693564,89.4352520586941,96.51516902129514,88.09501462719435,91.109971013044,106.84782864589329,122.58568627874256,125.60064266459223,129.10618102828218,106.54810644409494,10.46681030064827,93.0735038856965,16.480888877862633,87.17057447180717,90.62019071800486,106.78274187423673,122.56057293610877,125.57851823058762,129.08685488533303,2,7.489854590338396
147,269,set,0.494,116.0087424188,117.2020770083,118.5882730191,117.2874417286,117.692597252,0.15823230147361755,83.9448563770841,29.79428282260961,0.8417676687240601,116.91215861161719,11.329421534133289,25.549135099568858,34.93762221389671,83.9448563770841,132.95209054027146,142.34057765459931,153.2567228800335,94.70690043904341,98.27691850993592,116.91215861161719,135.54739871329843,139.11741678419097,143.26833431166068,111.69566302141683,19.831054195910543,248.50845755128768,144.7618811584288,54.069195960265226,69.6684200839322,115.02666487016174,135.38685693066734,139.35781183785653,144.2813130116095,2,5.9969342305831645,0.4808870851993561,107.26452670597433,8.005665808721766,0.5191128849983215,122.58005943086283,16.648210099245347,91.57371004861594,94.09637826433695,107.26452670597433,120.43267514761172,122.95534336333272,125.88849034037565,89.95016722928594,95.19619066686899,122.58005943086283,149.96392819485666,155.2099516324397,161.3095876018275,115.2150138873454,15.272698096136471,174.6992150961829,58.55569642863728,90.96891387230046,94.45422031035346,112.53601395583215,144.26986108774426,150.2655938310231,157.02858714732267,2,2.477583364654592,0.47480785846710205,105.58624920866379,5.719300484863824,0.5251922011375427,114.80980864788971,13.645443518194112,94.37662624156822,96.17883706251021,105.58624920866379,114.99366135481736,116.79587217575936,118.89133173262749,88.06523079915372,92.36505138562666,114.80980864788971,137.25456591015276,141.55438649662568,146.55385716678495,110.43039698630469,11.59891175403493,113.32095915764108,21.214521591295103,91.246657257477,94.65848704288695,108.52462981013225,132.67694854507573,137.57817295032385,143.11017950626305,2,7.262200265695313,0.43031612038612366,90.85853337967706,16.528197583230792,0.569683849811554,90.8004682824532,16.733917860595948,58.46386138718273,63.67206763792932,90.85853337967706,118.04499912142478,123.25320537217138,129.30887068915297,58.00259195543358,63.27562279634392,90.8004682824532,118.32531376856247,123.5983446094728,129.72938252182462,90.82545192375558,16.645736705697754,277.0794781111029,0.0008265171231120483,58.19938170008713,63.44549263633921,90.82563146014269,118.2048468019141,123.45053819344484,129.55024474496227,2,26.86714532824442,0.06099841743707657,87.85989769568712,19.416267956423347,0.9390015602111816,113.91755091977953,9.219598268443105,49.80471178691824,55.92297892570252,87.85989769568712,119.79681646567171,125.915083604456,133.02889137791988,95.84747036170319,98.75266126889537,113.91755091977953,129.0824405706637,131.98763147785587,135.36554375108275,112.32807276473008,11.903940538106346,102.81194685484178,38.89157145468709,83.11284899095031,93.4898294753893,113.30906698973682,128.89569725955994,131.8537338480423,135.30477409053142,2,5.364524487269918
148,270,set,1.076,117.2874417286,125.52322788500001,125.540230999,125.5442342554,125.53589771313334,0.025110645219683647,56.97128397794842,38.096161748315645,0.97488933801651,112.15008827705061,9.615085889423625,-17.695820997962727,-5.691325846698533,56.97128397794842,119.63389380259534,131.63838895385953,145.59620887025852,93.30486622552104,96.33467937838223,112.15008827705061,127.96549717571898,130.9953103285802,134.51812289463135,110.76451101858714,14.181209329992514,126.57191890462838,74.53457348503791,87.58735575900228,94.03552368433182,111.88604091568084,127.9209503837738,130.99984285628088,134.61973812344954,2,14.771386694546194,0.00016594903718214482,93.98520148044662,12.763577849465554,0.9998340606689453,112.10617060017319,10.417796300292848,68.96904858162094,72.99098416187573,93.98520148044662,114.97941879901751,119.0013543792723,123.67772367570558,91.68766505332458,94.97042057079486,112.10617060017319,129.24192062955152,132.52467614702178,136.34158887554997,112.10316453091174,10.420838087335449,108.53950485752848,0.05448356299476558,91.67568672624809,94.96234269745852,112.10434080981382,129.2411783464778,132.5240201768866,136.34100573686027,2,13.432733182221597,6.074592602089979e-05,85.58368921999023,10.456864750387073,0.9999392032623291,110.45630554916579,9.584705553789268,65.08861091802514,68.38367730877505,85.58368921999023,102.78370113120542,106.07876752195531,109.9099943011858,91.67062786131778,94.6908678557536,110.45630554916579,126.22174324257799,129.24198323701378,132.75366493753089,110.45478902658718,9.586753131783428,91.86763768970663,0.037578004692690146,91.66368600825749,94.68657604638325,110.45558907131442,126.2214925323972,129.24174895073662,132.75352342549382,2,15.081108686546159,0.017386186867952347,56.55771850366862,22.088582818982147,0.9826138615608215,108.89587689192604,9.926291048864563,13.264891708933376,20.225232939647846,56.55771850366862,92.89020406768938,99.85054529840384,107.94344618518278,89.44070393608916,92.56858105802522,108.89587689192604,125.22317272582684,128.3510498477629,131.98788297056274,107.9859211635571,12.332805088297599,105.30099200394363,46.79765406794942,85.58175683617124,90.81435696683882,108.67975898428199,125.1402950261903,128.2783754772363,131.92471829424088,2,17.549976549576243,0.005066688172519207,57.41355992183926,22.90220649591494,0.9949333071708679,110.78085159502353,8.699643150744759,12.526060023346695,19.742782501841987,57.41355992183926,95.08433734183652,102.3010598203318,110.6920593144553,93.72986434121324,96.47121200533748,110.78085159502353,125.09049118470958,127.83183884883383,131.01924794367255,110.5104556536401,9.608073331789003,77.95785842553475,14.357157854333284,92.9748274557358,96.06742892959066,110.72643154307649,125.06991258561527,127.81389050827491,131.00385615125623,2,15.025442059493244
149,271,set,1.493,125.5442342554,121.424444732,121.3117733197,121.35434850850001,121.36352218673335,0.041777126491069794,45.94821035790852,21.9267695270753,0.9582228660583496,93.30010603485499,13.613172806017149,2.9725317875305706,9.881883973969678,45.94821035790852,82.01453674184734,88.92388892828646,96.95750403180364,66.61877761974131,70.90842937056053,93.30010603485499,115.69178269914946,119.98143444996867,124.96908165108357,91.3218792044273,16.953512369598382,197.6621406185659,89.75937891206182,50.370316685710854,64.51555047938496,92.58078513689637,115.4132823417418,119.73591428805223,124.75415540305097,2,30.041642982306044,2.94170854431286e-06,86.94875090285217,14.522751969524093,0.9999970197677612,111.15024547122188,9.489250559272529,58.48468008617681,63.06094965246382,86.94875090285217,110.8365521532405,115.41282171952753,120.73372407237697,92.55165613477115,95.54181727175117,111.15024547122188,126.75867367069259,129.7488348076726,133.2255433360264,111.15016999556043,9.489384973815657,90.0462282557353,0.001722989942939782,92.55129784105098,95.54161810432431,111.15021429144187,126.75868455498131,129.74888766458807,133.22556444836093,2,10.213352191172916,1.0921725333901122e-05,73.35775610936562,5.265458430129588,0.9999890327453613,110.72100370366192,10.482882987021737,63.037647224218816,64.69684771300476,73.35775610936562,82.01866450572648,83.67786499451243,85.60704413414801,90.17493059495165,93.47819560155133,110.72100370366192,127.96381180577251,131.26707681237218,135.10783625433885,110.7205905914838,10.483593761983212,109.88993332422004,0.015246696087712402,90.17299917356291,93.47710830874436,110.72086080678325,127.96379354220751,131.26705324636507,135.10782789279557,2,10.64293159524955,0.020879780873656273,34.76109027579374,11.881530426612008,0.9791202545166016,91.09763894966213,14.889185659054444,11.473718558417378,15.217711859846698,34.76109027579374,54.30446869174077,58.0484619931701,62.401663324094145,61.91537129878514,66.60710791601257,91.09763894966213,115.58816998331167,120.2799066005391,125.73506435380281,89.92134738214261,16.878717711547505,220.00667835837734,64.88471938800222,53.22828470452429,63.07748388758216,90.69964825470346,115.43557064203316,120.14535018142162,125.61708596493978,2,31.442174804590735,0.009811976924538612,41.14481902488254,12.196788302111944,0.9901880621910095,98.0202045308234,12.69465027041892,17.239553225683686,21.08288754899441,41.14481902488254,61.20675050077065,65.05008482408138,69.51879156162686,73.13914720447066,77.13936299064434,98.0202045308234,118.90104607100245,122.90126185717615,127.55237719910444,97.4621483947789,13.87301806848538,161.03255686193856,31.42844502010322,70.60956294818594,75.88481443090159,97.86254109649623,118.84035854944568,122.84773487999956,127.50541126258526,2,23.901373791954455
150,272,set,0.829,121.35434850850001,115.7786368038,115.7921503111,115.8526780273,115.80782171406666,0.04284093156456947,68.8533195741137,41.009311517901665,0.9571590423583984,120.45074036241299,9.49657084029913,-11.523454031757197,1.3990047851103355,68.8533195741137,136.30763436311702,149.23009317998458,164.2552442396628,101.83780353879341,104.83027137214536,120.45074036241299,136.0712093526806,139.06367718603255,142.5430677474211,118.24025564851533,16.356615059748346,158.3695726859513,109.16891895015537,77.49889134917137,100.3983276136342,120.03083871767058,136.0736912115764,139.19812283770813,142.96926640884416,2,-2.4324339344486674,0.0038444462697952986,102.61214498583757,10.633196989454664,0.9961555600166321,116.92791241768593,12.031200939256836,81.77146184598669,85.12209235164359,102.61214498583757,120.10219762003155,123.45282812568844,127.3486601965129,93.34719188597805,97.13834791616736,116.92791241768593,136.7174769192045,140.5086329493938,144.91667114488425,116.87287695404214,12.058721182463806,144.62798598659555,0.7848564378117407,93.2159406299881,97.02505082854995,116.88017294258515,136.69531134556027,140.48899428433225,144.89937427498558,2,-1.0650552399754787,0.0010715271346271038,97.2667267685601,9.1241132043101,0.9989284873008728,113.63134697572977,10.473739150822011,79.38379349724596,82.25889607173481,97.2667267685601,112.27455746538539,115.14966003987425,118.49258812391487,93.10319545665149,96.40357914575654,113.63134697572977,130.85911480570297,134.15949849480805,137.9969077825029,113.61381348145522,10.486054250238231,109.67087173672824,0.2866483370698276,93.04578829521522,96.3586994775868,113.61829537416602,130.85371350079822,134.15473091697322,137.9927400583534,2,2.194008232611438,0.049888432025909424,72.15459993190042,22.99867784346148,0.9501115679740906,108.15560035941732,10.846429993390528,27.078019666676596,34.325141265994326,72.15459993190042,109.9840585978065,117.23118019712425,125.65752523878723,86.89698821153686,90.31481064531367,108.15560035941732,125.99639007352096,129.41421250729778,133.3881697154742,106.3595668967244,14.127884786977264,138.16386329497436,61.43326525912952,71.78110158921498,84.74534966610354,107.52997754103733,125.77847892353988,129.23725097076846,133.26070971423582,2,9.44825481734226,0.008409246802330017,71.6240395946518,24.862956632003453,0.9915907382965088,117.1215500550216,8.262503097312198,22.893540046743745,30.72811520176375,71.6240395946518,112.51996398753985,120.35453914255984,129.46392589788266,100.92734156213905,103.53094186770986,117.1215500550216,130.71215824233335,133.31575854790415,136.3430065697097,116.73894851542165,9.494963934992398,72.89318151315997,17.260955540886645,99.76259980605222,102.91979239130104,117.03967849580074,130.68445446152384,133.2939576908741,136.32924067867046,2,-0.931126801354992
151,276,set,0.299,13.397049701714701,14.604900206907601,14.5643893107869,14.406338558464299,14.5252093587196,0.11289691179990768,51.576198773163405,16.52161434190956,0.8871030807495117,7.19150199872103,12.904395867081591,19.194429696560228,24.40056149977999,51.576198773163405,78.7518360465468,83.95796784976658,90.01122117318738,-18.100649143006418,-14.034340346865722,7.19150199872103,28.417344344307775,32.48365314044847,37.2116158898877,12.202397142150033,19.386547078487798,178.54021349174474,197.29799302529895,-17.433341184579998,-13.27629423327455,9.236943250045277,53.996935218342884,64.25597435337018,73.87345821196058,2,2.3228122165695666,0.9805864095687866,15.77110390026236,9.783100204418268,0.019413592293858528,72.44617297298795,12.869952123969119,-3.4034201575438914,-0.320663953804722,15.77110390026236,31.86287175432944,34.945627958068606,38.52999826233931,47.2215303272537,51.27698554318553,72.44617297298795,93.61536040279036,97.6708156187222,102.38615873559091,16.871370613842497,12.578301938772224,97.06657664153525,61.147103551575086,-3.3213335203544805,-0.22754338011291572,16.0138754394533,33.998613533321986,40.44978101389018,71.9588336849916,2,-2.3461612551228974,0.9941852688789368,15.780303866412446,6.004387175615878,0.005814769770950079,48.42511948969519,17.159675561951182,4.011921252971145,5.903965842979758,15.780303866412446,25.656641889845126,27.548686479853743,29.74859720732453,14.792773401878755,20.199964904309237,48.42511948969519,76.65027407508114,82.05746557751162,88.3444942524709,15.970126563383907,6.611798429806316,37.55521372374448,6.160674610102943,4.023876064996894,5.9185526749423545,15.821790872303357,25.960237749144145,28.113337510835784,31.192759538300944,2,-1.444917204664307,0.6211459040641785,17.843277333532384,9.218682815681221,0.3788541257381439,13.231041892179569,12.963842830226316,-0.22500897010111132,2.679893468443911,17.843277333532384,33.006661198620854,35.91156363716588,39.28914050324923,-12.17762315630182,-8.092582006347033,13.231041892179569,34.55466579070617,38.63970694066095,43.389450099676154,16.095913439471282,11.021079194108149,116.45822053582867,5.005973788113631,-6.918241678100607,-2.640086700580241,16.454303462262605,33.51200157687189,36.878456535233354,40.92610829230834,2,-1.5707040807516819,0.9191300868988037,17.491240976270326,5.73196046152562,0.08086997270584106,24.823116846902884,14.623100292927896,6.256804910872521,8.063005021587472,17.491240976270326,26.919476930953177,28.725677041668128,30.82577501002661,-3.8376330695529113,0.7702572928052902,24.823116846902884,48.87597640100047,53.48386676335868,58.84153512524169,18.084170620370198,7.175436607370604,47.49119539825678,3.995714601074996,5.5873907060203205,7.698130779268513,17.726774921179377,29.180231634596353,33.423895754046875,41.75006452635583,2,-3.558961261650598
152,278,set,0.053,16.9535604680946,15.873754128565,15.8412930550504,15.8802628183496,15.865103333988335,0.5194618701934814,67.20551796699587,11.179541870601986,0.48053810000419617,-42.48258461111671,15.860505095106689,45.29401853695843,48.81680797348034,67.20551796699587,85.59422796051139,89.11701739703331,93.21302143042136,-73.56860337413985,-68.57079394208526,-42.48258461111671,-16.394375280148164,-11.396565848093573,-5.585532301901338,14.496203558163767,56.47227904436252,185.8055253030402,3003.3127688986488,-68.26430153559171,-62.44790188178987,47.29589825199336,81.7747760903936,85.80046046565424,90.34142550438084,2,1.368899775824568,0.9998272061347961,16.383123496189995,8.721405534357201,0.00017281758482567966,67.62530250613324,17.112603916434267,-0.7105172457184281,2.037687970887905,16.383123496189995,30.72855902149208,33.47676423809841,36.67214671968989,34.08521514822299,39.477573887602354,67.62530250613324,95.77303112466412,101.16538986404348,107.43517224643307,16.391979434409194,8.74951840191502,76.10037940085586,0.45369923798477835,-0.7099985986299171,2.0383147808178803,16.38500744135488,30.742279172847905,33.50144253971776,36.726660152957564,2,-0.5268761004208589,0.9999955892562866,16.530948402609773,4.126765496016019,4.390422873257194e-06,27.43145425746617,27.33839970294371,8.442636657775802,9.74302320890963,16.530948402609773,23.318873596309913,24.619260147443743,26.131240540931735,-26.150824555264023,-17.53621164896986,27.43145425746617,72.39912016390218,81.01373307019637,91.03008228608803,16.53099592451725,4.1272178181571455,17.033399693091656,0.0005216722684207914,8.442030800003279,9.742786409161235,16.530955832876362,23.318964921141912,24.61981458013964,26.132304982346472,2,-0.6658925905289141,0.9773038029670715,18.877052030783375,5.834763133830446,0.022696251049637794,-37.322542237052346,19.152471890415203,7.4411264301536395,9.279720727699624,18.877052030783375,28.474383333867124,30.31297763141311,32.450740842701705,-74.86069735718192,-68.82555509108792,-37.322542237052346,-5.8195293830167785,0.21561288307722037,7.232770027842022,17.60153295006902,10.566640893931222,41.59715583262728,70.056760683803,2.7008014600211907,7.74038151127872,18.707782220564354,28.409751265846136,30.25627230982146,32.401270234520915,2,-1.7364296160806862,0.9983144998550415,19.32151570631101,4.525769591565455,0.0016855306457728148,-14.739945024217917,18.236534005388485,10.451170304516168,11.877287178877886,19.32151570631101,26.765744233744133,28.191861108105854,29.85003017404799,-50.48289487761933,-44.73637412600504,-14.739945024217917,15.25648407756919,21.00300482918349,27.684577089091086,19.264104659731878,4.791747349027724,21.008625890056457,1.9522280858845702,10.331449432679818,11.811401010140948,19.312531036984627,26.762918226173486,28.189815701595375,29.849497849994634,2,-3.3990013257435425
153,282,set,0.893,8.40417351256634,100.4107099268,100.5797213981,100.3847546877,100.45839533753333,0.004287527874112129,29.446123893015972,19.65605243152233,0.9957125186920166,101.22625641853593,9.95763762150161,-9.079030950998757,-2.8852052405218487,29.446123893015972,61.77745302655378,67.9712787370307,75.17293967912325,81.70964530929169,84.84740006094057,101.22625641853593,117.60511277613128,120.74286752778016,124.39118552978529,100.91850181324018,11.062629405455048,100.38595470668365,21.996288910541498,80.94166201086318,84.4398810411002,101.17253039102694,117.58441392175664,120.72456343327781,124.3752819727021,2,-0.46010647570685137,0.01830773800611496,19.209581893866655,10.30742143039848,0.9816923141479492,100.74552744936378,10.15865567909642,-0.9925928831906958,2.2553823695583795,19.209581893866655,36.16378141817492,39.41175667092401,43.18822982531716,80.8349281869915,84.03602581065086,100.74552744936378,117.45502908807669,120.65612671173605,124.37809449154264,99.25279397434159,14.924379801378297,103.254031267653,119.48359496393044,75.68646371006251,81.96974381106314,100.50806380245085,117.36392463146886,120.57576093662117,124.30766628482674,2,1.2056013631917466,0.018556514754891396,18.643182583310818,4.948889185253594,0.9814435243606567,102.03697069304154,9.68512871712689,8.943538016734,10.502984257565524,18.643182583310818,26.783380909056106,28.342827149887633,30.156020418289224,83.05446722183821,86.10635159518351,102.03697069304154,117.96758979089957,121.01947416424485,124.56794929394158,100.48947662474907,14.80446372069589,92.51556592582148,126.6569751256613,78.01577571366849,84.10347994948036,101.80744073838815,117.8794918813107,120.94181073649769,124.49981832491913,2,-0.031081287215741327,0.009463902562856674,25.56184579649443,11.206898539267346,0.9905361533164978,101.94314547172644,8.240538244950228,3.5967282811358885,7.128138087303373,25.56184579649443,43.99555350568548,47.52696331185297,51.632990387910425,85.79198729839908,88.38866625148773,101.94314547172644,115.49762469196514,118.0943036450538,121.11350409881864,101.22028599049284,11.096968242511247,68.4524289592161,54.690847730596275,84.20652176260712,87.60402098554582,101.84446508075753,115.45964648165275,118.06082853502524,121.08410693406748,2,-0.761890652959508,0.008157714270055294,22.73045330889532,5.012655147614699,0.9918422698974609,101.86416261300036,9.407622910742411,12.9058297526512,14.485369308684312,22.73045330889532,30.975537309106326,32.55507686513944,34.39163295484865,83.42556052781136,86.38999994727394,101.86416261300036,117.33832527872678,120.30276469818935,123.74956617118387,101.21861081060516,11.775167386045423,87.9863587686537,50.668045993658595,81.91498228560923,85.62788567145557,101.76718447963258,117.30098569468701,120.26979557474547,123.72071047511523,2,-0.760215473071824
154,283,set,0.494,100.3847546877,98.4141543173305,101.0360029672,100.478236213,99.97613116584351,0.11522725224494934,74.86036824487599,30.44504277570733,0.8847727179527283,106.0506978193757,10.869804108434842,15.189180896708251,24.78272921256105,74.86036824487599,124.9380072771909,134.53155559304372,145.6861287812252,84.74627324783789,88.17146110736462,106.0506978193757,123.92993453138676,127.3551223909135,131.33764349827348,102.45671868533464,17.621673885854,211.3424462802277,99.18063141288144,51.03714924617014,69.56041604951137,104.8499512313022,123.9762523874852,127.76091372812755,132.48956391536848,2,-2.4805875194911238,0.42582640051841736,95.61542104882672,8.68228763644956,0.5741735696792603,114.3305925145226,15.100828982610365,78.59844997796819,81.33432873977672,95.61542104882672,109.8965133578767,112.63239211968525,115.81344243369223,84.73351157190766,89.49193919250203,114.3305925145226,139.16924583654318,143.92767345713756,149.46037391447254,106.36117500688316,15.769245776390642,163.03138683802717,85.63738837346838,80.57337208808595,83.86609204660525,104.14587106966641,134.85207761152208,140.1681379893385,146.19792283503114,2,-6.385043841039646,0.2698918282985687,93.66937963258827,8.506898246905342,0.7301081418991089,105.91636548388144,11.69147842396266,76.99616544850687,79.6767771970589,93.66937963258827,107.66198206811765,110.34259381666968,113.45938428395827,83.0014888468875,86.68559479380156,105.91636548388144,125.1471361739613,128.83124212087537,133.11481145986133,102.61100092477554,12.201882270177348,119.33031714269997,29.555300003392176,80.12102992631213,83.35603895668713,102.15988139489104,123.31186032965718,127.21839531838963,131.70673749285456,2,-2.6348697589320267,0.3315640985965729,81.72266629647532,18.082860892711768,0.6684358716011047,89.77447159260976,15.01571459502075,46.28091020931244,51.979006971439425,81.72266629647532,111.46632562151122,117.1644223836382,123.7896912908116,60.344211784236634,65.0758189797217,89.77447159260976,114.4731242054978,119.20473140098287,124.7062473179403,87.10477935203409,16.537843384189642,259.13145968966637,14.368577992868786,53.52960558905999,59.333048917156695,87.44638693895482,113.6830540751312,118.65751985580104,124.45058035693562,2,12.871351813809426,0.0707232728600502,77.06598528942618,21.329450632433392,0.929276704788208,104.62140209045944,9.354943615898682,35.26103023983164,41.98216105578573,77.06598528942618,112.14980952306661,118.8709403390207,126.68570742264667,86.28604952589512,89.23388915392196,104.62140209045944,120.0089150269969,122.95675465502376,126.38425528307727,102.67259049079699,12.782937247035118,113.50085520069297,49.90239383646539,68.99514922909222,82.26377754480839,103.91412194638593,119.82234796243422,122.8475105548163,126.3943673262763,2,-2.69645932495348
155,284,set,0.829,100.478236213,84.5386430364252,84.87775481362969,84.69917816387431,84.70519200464307,0.026459692046046257,58.53929953347901,40.17579244641971,0.9735402464866638,114.24522687858374,9.171912534540661,-20.203806711859997,-7.543998387664047,58.53929953347901,124.62259745462204,137.282405778818,152.00216887911358,96.26860864153255,99.15877328006286,114.24522687858374,129.3316804771046,132.22184511563492,135.58228610420093,112.77125817354836,14.301857878829049,124.60651785486397,79.93583922991299,90.18555862790546,96.83071365227667,113.98510710829204,129.30583708515223,132.2574950944088,135.74842515880394,2,-28.066066168905294,0.0035729440860450268,89.40880902168321,11.459005543112246,0.9964269995689392,109.88414623656072,11.340615449948679,66.94957085853837,70.560422192838,89.40880902168321,108.25719585052842,111.86804718482806,116.0664422055246,87.65694839214281,91.23049378185073,109.88414623656072,128.53779869127072,132.11134408097863,136.26636287886356,109.8109828101251,11.406684106816586,128.619195803764,1.492567075274246,87.36847992300925,91.02794300605271,109.83698489069447,128.51826886384458,132.09405767513974,136.2512025662495,2,-25.10579080548203,0.0006070267409086227,83.69447536921288,13.29533428922787,0.9993929862976074,107.13407535561952,9.170060914392353,57.63609899990581,61.82559654204414,83.69447536921288,105.56335419638162,109.75285173851995,114.62404802762043,89.16108622737207,92.05066740121532,107.13407535561952,122.21748331002371,125.10706448386696,128.46682706864118,107.11984828850093,9.191269360657172,84.14627501760306,0.33330705511567915,89.100311700665,92.01353569665801,107.12763877858916,122.21489001244933,125.10483336203151,128.46488912674707,2,-22.414656283857866,0.03033510036766529,64.96122003629445,24.51151364850238,0.9696649312973022,110.88322995163216,9.798110956858393,16.919536078667797,24.64336790948478,64.96122003629445,105.2790721631041,113.0029039939211,121.983527702011,91.67928535966242,94.76677160697066,110.88322995163216,126.99968829629364,130.0871745436019,133.67704454573595,109.49018468287935,13.166135308072194,111.31648351331884,62.03101503995974,82.53145469525701,91.6135224261771,110.52319766393735,126.86972435193178,129.97841219180543,133.59238038634976,2,-24.78499267823628,0.007704500574618578,61.724114253543206,25.83471040695732,0.992295503616333,111.33917353843657,8.364275384099633,11.089012304884726,19.229797139418494,61.724114253543206,104.2184313676679,112.35921620220168,121.82463788522915,94.94549502882636,97.58116483607937,111.33917353843657,125.09718224079377,127.73285204804678,130.79738779612887,110.95691475228347,9.663537739305394,74.56431988294196,18.819693352676474,93.84837084348634,97.0052839706278,111.26226853198158,125.07029262428404,127.71124270847007,130.782534170801,2,-26.2517227476404
156,287,set,0.17,84.830737230005,84.7132414420566,84.8062770214,84.6311520500204,84.71689017115901,0.5484881401062012,89.40061805821227,15.270243873509322,0.45151185989379883,58.44531928658671,14.626750076128927,59.47149003099059,64.28330203843696,89.40061805821227,114.51793407798758,119.32974608543395,124.92451742943587,29.777415926505512,34.38645637335331,58.44531928658671,82.5041821998201,87.11322264666791,92.47222823031595,75.42393353626738,21.489501120471584,224.49392341916388,237.30473498758482,35.08749194335089,40.49827601554527,75.75631942581698,109.7829619735236,115.20371538624619,121.34410580598339,2,9.292956634891624,0.9972108006477356,86.58407194248437,7.055234064555464,0.0027891674544662237,109.70893526007302,21.2818484252428,72.75606727345553,74.97924460240874,86.58407194248437,98.18889928256,100.41207661151321,102.99700070942349,67.99727882215666,74.70340968958091,109.70893526007302,144.71446083056512,151.42059169798938,159.217918099796,86.64856829679752,7.237980779159442,50.90075316256536,1.4873731090659712,72.75055150671399,74.97887471878659,86.60193917492641,98.31606390269367,100.63522107145862,103.48244150607471,2,-1.9316781256385127,0.9997120499610901,87.51120775260864,4.756163993718175,0.0002879344392567873,88.34661653241952,18.36760412162469,78.18929762035482,79.6880141571653,87.51120775260864,95.33440134805198,96.83311788486245,98.57569974798452,52.34677397174566,58.13459627455632,88.34661653241952,118.55863679028269,124.34645909309336,131.0760533319849,87.51144693042272,4.765715336572823,22.711722309308524,0.00020089384045473145,78.18296496729933,79.68430105728078,87.5112698892176,95.33847386334102,96.84022274822722,98.5902954584235,2,-2.7945567592637133,0.9557861089706421,84.15924873178045,9.17408422904878,0.044213879853487015,38.19222059160995,26.146250341459353,66.17837405170793,69.06922301367126,84.15924873178045,99.24927444988964,102.14012341185297,105.50136007429968,-13.053488408418481,-4.814534113720647,38.19222059160995,81.19897529694055,89.43792959163838,99.01749448760353,82.1268671318162,14.14073514294971,110.66838723199984,89.2919277717888,42.49605361032157,63.89308504396018,83.67072005288735,99.08699940071739,102.0136977878396,105.42386835047596,2,2.5900230393428103,0.872356116771698,79.29758114600304,11.41782486952874,0.12764383852481842,66.2575116714883,12.124860443575631,56.91905561994096,60.51693049746196,79.29758114600304,98.07823179454411,101.67610667206512,105.85941375740187,42.493221884505715,46.313890994592484,66.2575116714883,86.2011323483841,90.02180145847089,94.46415498744236,77.63309307876754,12.305534156147818,132.49141648303402,18.934484961788016,52.58943456609885,56.923461776439986,77.9053286348893,97.38652550013524,101.05424922932066,105.30505851114197,2,7.083797092391464
157,291,set,1.076,19.3408297099901,109.3865830136,110.4851391411,110.5006441635,110.12412210606668,0.0035890876315534115,28.459300562816843,18.47661784022274,0.9964109063148499,113.36963172716725,9.913369132434404,-7.754204960129975,-1.9320313054698204,28.459300562816843,58.85063243110349,64.67280608576365,71.44234119488408,93.93978526214472,97.06359055437375,113.36963172716725,129.67567289996074,132.79947819218975,136.43157693298812,113.06488042150013,11.177258714857482,99.14743191875517,25.783603072938607,93.30563726938902,96.72524583647063,113.32487801283995,129.6584026543023,132.7842342256829,136.4183502137874,2,-2.940758315433456,0.002199915237724781,29.490650980783073,10.739849240855268,0.9978000521659851,109.59446758129798,10.398321212157725,8.440933269316904,11.825171004050265,29.490650980783073,47.15613095751587,50.54036869224924,54.47527642976586,89.21413250578995,92.49075122127391,109.59446758129798,126.69818394132204,129.974802656806,133.78458002679488,109.41824240218554,11.05560137539276,108.1409623057175,14.08496921161834,88.81701248240783,92.27588016953575,109.56573452963735,126.68709743971115,129.96506472428132,133.77610057837612,2,0.7058797038811377,0.0031363845337182283,26.097397690043245,5.1842019743069345,0.996863603591919,111.94671075689945,9.026071554580767,15.936548531820208,17.570144269755495,26.097397690043245,34.62465111033099,36.25824684826628,38.15765493157051,94.25593558803968,97.10014422322375,111.94671075689945,126.79327729057513,129.63748592575922,132.94449312883893,111.67745296987037,10.214786825882124,81.29873890858019,23.042982894321945,93.75569012265436,96.83205598320743,111.91111871285462,126.77958194540518,129.62538376779656,132.9339091419756,2,-1.5533308638036942,0.005408735945820808,31.771555662327053,10.9152239296982,0.9945911765098572,114.91210949170974,8.274629171231844,10.378109876928818,13.81760999257546,31.771555662327053,49.725501332078636,53.16500144772529,57.16416364586017,98.6941343306708,101.30155568773058,114.91210949170974,128.5226632956889,131.13008465274868,134.16177547268126,114.46241412975459,10.2922092830463,68.74355677837309,37.18486817308793,97.86602154699388,100.86870454607616,114.8557121404295,128.50097117417576,131.11093885678122,134.14506712086907,2,-4.338292023687913,0.0027702711522579193,28.281216267441472,5.309932394907946,0.9972297549247742,112.42906749463214,8.623216209401317,17.87394001307938,19.547154708810016,28.281216267441472,37.015277826072925,38.68849252180356,40.63396620563616,95.52787429330354,98.24513903661165,112.42906749463214,126.61299595265262,129.33026069596073,132.48966819076742,112.19595806166936,9.68468928666561,74.2319716177212,19.56156321746951,95.10870083875729,98.01964707234853,112.39904394747572,126.60144757821543,129.32008587314505,132.48075622521276,2,-2.0718359556026797
158,294,set,0.299,18.5585568866165,17.7663315225888,18.2384502278165,18.074397110409997,18.0263929536051,0.11939217150211334,52.92423704393646,17.11556009382009,0.8806078433990479,11.836709776630357,12.796204051328154,19.378355684818082,24.771645946310592,52.92423704393646,81.07682814156232,86.47011840305481,92.74098388121308,-13.24338930279836,-9.211172868407886,11.836709776630357,32.88459242166859,36.91680885605906,41.6051318672304,16.742239055107046,18.88544671556893,179.1682564934209,177.49184533000602,-12.541935458420744,-8.414664685102174,13.97125688176561,56.510587768856325,66.76650213354972,76.54787804380857,2,1.2841538984980545,0.9780110120773315,21.148288996590907,9.730904028075884,0.021988967433571815,74.55069864050571,13.023705422289211,2.076067564546431,5.142376212493591,21.148288996590907,37.15420178068821,40.22051042863538,43.78575689480069,49.024705067559836,53.128609540305746,74.55069864050571,95.97278774070568,100.07669221345158,104.8483680617824,22.322552409815874,12.556579120508475,96.33804564681301,61.32962335313438,2.1687497877698707,5.247436258596335,21.422518255560384,39.63607954024607,47.39542571186295,76.03036726258337,2,-4.296159456210773,0.9918211698532104,20.989446582771173,6.638227957961106,0.008178908377885818,51.08444160517218,16.29826124156586,7.978758864000534,10.070533249588179,20.989446582771173,31.90835991595416,34.000134301541806,36.43227408017246,19.140436561078022,24.27618748897996,51.08444160517218,77.89269572136439,83.02844664926633,88.99986699505115,21.235592431719734,7.295569788358802,45.87825209893014,7.347121716226486,7.99822362174793,10.093767932018082,21.053568691001473,32.372098230577855,34.86795958770841,38.77358009076439,2,-3.209199478114634,0.6239797472953796,22.38868605969504,9.735800698031422,0.37602031230926514,17.55373232100859,13.259718499294708,3.306867330893528,6.374718970261373,22.38868605969504,38.402653149128696,41.47050478849654,45.03754531564577,-8.434838382748538,-4.256563744911851,17.55373232100859,39.36402838692902,43.542303024765715,48.40045026222284,20.57064657934299,11.434212556792739,125.25637098835139,5.4848710273603025,-3.1461200182457065,1.18757854776366,20.912607461700777,38.71132393569633,42.184232059860385,46.32324057863421,2,-2.544253625737891,0.903533399105072,21.31377612739179,6.5023807820207296,0.09646668285131454,28.439879599990995,14.257289378561103,8.569343980865765,10.61831151426544,21.31377612739179,32.00924074051814,34.05820827391781,36.440575835849735,0.4961059008457802,4.988725455168055,28.439879599990995,51.891033744813924,56.383653299136206,61.60729443539167,22.001209437848747,7.889054063211541,57.81106734655654,4.426146336970578,7.914032618340869,10.258153814072875,21.633174525198566,34.66942556012085,39.0244076299141,46.458511840869896,2,-3.9748164842436466
159,295,set,0.494,18.074397110409997,36.650872583974504,36.678471021257,38.6155252947137,37.31495629998174,0.03168192878365517,43.42764548901279,21.181089818630387,0.9683180451393127,49.971765571265884,11.279432467624847,1.9134722911891942,8.587853078053683,43.42764548901279,78.26743789997188,84.94181868683637,92.7022287584517,27.864484168669428,31.418750166938953,49.971765571265884,68.5247809755928,72.07904697386233,76.21164931271218,49.76443392175292,11.77804948458089,137.40857627163047,1.3138088098646006,26.534985806957135,30.573691955106867,49.861366805259,68.76453675240303,72.47220226952784,76.91042207675495,2,-12.44947762177118,0.6225019693374634,23.267568822489984,10.375402150639573,0.3774980306625366,81.55946579293807,11.225479557478817,2.932154282116997,6.201550963930369,23.267568822489984,40.333586681049596,43.60298336286297,47.404363557949125,59.55793015108896,63.095195028549426,81.55946579293807,100.02373655732671,103.56100143478717,107.67383629656783,45.27264513241762,30.217130992606275,114.58074774491584,798.4942576794112,5.122738620850977,8.711732166377704,32.11919208737608,94.07456268786365,98.4482782638493,103.28173817710677,2,-7.957688832435885,0.5706902742385864,23.109824951984507,7.677082415720007,0.4293097257614136,69.91831388339972,12.247777016307815,8.063019910827535,10.482148096082078,23.109824951984507,35.73750180788693,38.15662999314148,40.969389308631065,45.91311204075895,49.77251343603292,69.91831388339972,90.0641143307665,93.92351572604048,98.41090390701368,43.20516449843654,25.196127291153587,98.03502322608387,536.8098072459313,9.996328620690225,12.70271173820621,31.95623524588275,84.52797899245432,89.14464583631442,94.29192976767173,2,-5.8902081984548005,0.15177467465400696,24.878653423505604,12.501382823470166,0.8482253551483154,55.018012489532175,10.571903083657494,0.3763933325564217,4.315708544411855,24.878653423505604,45.441598302599346,49.38091351445478,53.96121877745611,34.29746319751554,37.628779358598685,55.018012489532175,72.40724562046566,75.73856178154881,79.61193675276459,50.44362271267025,15.344906473536676,118.52206131209041,116.94416920326785,12.677898896349681,19.28946843700253,52.690386369608774,71.55063082179608,74.98490480545667,78.9525527975165,2,-13.12866641268851,0.33389484882354736,22.847502965387108,7.399070103354865,0.6661051511764526,59.396287606349944,12.133651462944501,8.345592043724514,10.677115669815649,22.847502965387108,35.01789026095856,37.3494138870497,40.06031397020584,35.61476773801698,39.43820698936064,59.396287606349944,79.35436822333924,83.17780747468291,87.62338189152342,47.192836683971265,20.33332817571298,116.34714947757003,297.09708522367254,12.184447214555517,15.162350402541904,51.18931799354317,76.8576631650771,80.99514495456076,85.72338734681742,2,-9.877880383989528
160,296,set,1.076,38.6155252947137,101.0325016506,100.9270146293,101.61478080469999,101.19143236153333,0.00511319050565362,32.43909579772874,22.46443832160926,0.9948868155479431,112.4892682028246,9.747314688206625,-11.59039424554684,-4.511617052997913,32.43909579772874,69.38980864845539,76.46858584100431,84.69919412872603,93.38488246796135,96.45636228489057,112.4892682028246,128.52217412075862,131.59365393768786,135.16491300534113,112.07995710227159,11.388704157522255,97.10471588788964,32.597942544452025,92.47221495018076,95.97683876127374,112.42650433986226,128.49799999457517,131.5723281220878,135.1463718658794,2,-10.888524740738262,0.0010241111740469933,44.2977586152771,11.74360844714926,0.9989758729934692,108.24101945245177,10.44857355486192,21.28070901032419,24.981241667485683,44.2977586152771,63.6142755630685,67.31480822022999,71.61747715987084,87.76219159510475,91.0546453442679,108.24101945245177,125.42739356063564,128.71984730979878,132.54803632856414,108.17553273079923,10.648255356021712,109.20212019961751,4.183036656558731,87.58040509629143,90.95514309277056,108.22759480263778,125.42223488366102,128.71533656391017,132.5441141135563,2,-6.984100369265903,0.0008838117937557399,39.002231905308626,7.845145510314372,0.9991161227226257,110.48419946164178,8.730386326415395,23.62602925161635,26.098115858705967,39.002231905308626,51.90634795191128,54.378434559000894,57.252769484769516,93.37295669074665,96.12399184794987,110.48419946164178,124.84440707533368,127.5954422325369,130.79411513165346,110.42101562076945,8.98440132628539,76.20667194873631,4.511996814312623,93.2421518212634,96.05236934927524,110.47452100171213,124.8407222153626,127.59218164309193,130.79125759859127,2,-9.229583259236122,0.005863322876393795,38.340526611889985,14.138253790968353,0.9941366910934448,116.89709440208148,8.384295734609719,10.630058377305122,15.085168585055278,38.340526611889985,61.595884638724684,66.05099484647485,71.23102326115907,100.46417672651363,103.10615515357492,116.89709440208148,130.68803365058804,133.33001207764931,136.40188295962048,116.43649351409981,10.345398753175921,71.05626627063435,35.97119848706527,99.54571528180922,102.62865373675687,116.83511717670147,130.664199415382,133.30897579843625,136.38345070481034,2,-15.245061152566478,0.0028431923128664494,34.457865592509876,8.469561806708054,0.9971568584442139,111.60165055061117,8.646226147981963,17.857829486526096,20.526676136056466,34.457865592509876,48.389055048963286,51.05790169849365,54.16101269560266,94.65535869837804,97.37987411166037,111.60165055061117,125.82342698956195,128.54794240284428,131.71578036844534,111.38232159880681,9.571844044399128,74.74863329544294,16.872194808286864,94.22337654836119,97.14765263636565,111.5707519367882,125.81154326188452,128.53745141688233,131.70661547186387,2,-10.190889237273481
161,297,set,0.299,101.61478080469999,101.5047366677,100.7183839453,100.16506200559999,100.79606087286668,0.36047711968421936,89.00484845105255,20.502754022775413,0.6395227909088135,92.4156984812314,13.2259870719809,48.820188982529025,55.28081913419651,89.00484845105255,122.72887776790859,129.18950791957607,136.70138668391843,66.49324016015647,70.66088567587033,92.4156984812314,114.17051128659247,118.33815680230633,123.18394538822581,91.18615682407037,16.31206895539683,263.40084868176746,2.6820015125019103,57.474084889787015,63.951492897980984,91.50731418763071,117.19360576950992,122.73820667833412,129.73023288744204,2,9.60990404879631,0.968569815158844,99.86905827443448,7.207984374119653,0.0314301960170269,118.50972925886904,19.801138998220786,85.74166850003247,88.01297903365423,99.86905827443448,111.72513751521473,113.99644804883648,116.63733739928733,79.70020996948477,85.93975395987533,118.50972925886904,151.07970455786275,157.3192485482533,164.57406687096716,100.45493933348787,8.557056804927715,62.64539399181128,10.57793994884169,85.64627225074373,87.98657757890683,100.05920449946326,113.22156755544246,117.03463523659481,127.95592350216057,2,0.3411215393788041,0.9905319213867188,99.97072030596226,4.990495510960693,0.009468095377087593,104.42625161731873,15.983110280257092,90.18952883947048,91.76208566447352,99.97072030596226,108.179354947451,109.75191177245404,111.58034892829603,73.09993110708294,78.13637470287247,104.42625161731873,130.71612853176498,135.75257212755452,141.60852623835513,100.01290737726357,5.222448799574188,27.08796040292986,0.18617874258461237,90.05587184396244,91.68572470488427,99.9838103961148,108.3473961631769,110.04391712166887,112.20780331853899,2,0.7831534956031021,0.8434175252914429,92.53997286419143,12.009732569670108,0.15658248960971832,66.12792966715043,22.59595079531143,69.00132956368033,72.78572068825233,92.53997286419143,112.29422504013053,116.07861616470251,120.47878869544252,21.84067991190082,28.9608980470654,66.12792966715043,103.29496128723544,110.41517942240003,118.69397176175463,88.40431076367237,17.138381512200507,201.59662700744025,92.1276103076697,43.61400596244838,55.196498975094435,90.51954155454017,111.70927152042546,115.67839677851902,120.33242432828298,2,12.391750109194305,0.4077615439891815,88.01689316685442,14.87545253119879,0.5922384858131409,93.77134102385133,10.600046908055335,58.8615419519696,63.54895111836762,88.01689316685442,112.4848352153412,117.17224438173923,122.62237053820417,72.99563084962772,76.33581542128077,93.77134102385133,111.20686662642188,114.54705119807495,118.43073761313906,91.42490127548078,12.836278569524637,156.7736077979268,7.9966888195979875,64.52050488415846,69.50085328651042,91.88487879756543,111.65052607945478,115.53005372307433,120.1839356899867,2,9.371159597385898
162,300,set,1.378,10.8358386695324,98.734714631991,96.67150346422329,97.889310683052,97.76517625975544,0.0030655961018055677,22.812814656062336,10.056351494207918,0.9969344139099121,117.50428147656828,11.317129075003637,3.1027279115392545,6.271588426915578,22.812814656062336,39.35404088520909,42.52290140058541,46.207386575220355,95.32311608117006,98.88926067087058,117.50428147656828,136.11930228226598,139.68544687196652,143.83186064044878,117.21399686142878,12.465872875307838,127.99480253558107,27.403321559955618,94.71089471196593,98.56087649021583,117.46066523244879,136.10249652630378,139.67063204392042,143.8188618056912,2,-19.448820601673347,0.00030167639488354325,22.045748100101456,9.925898139212016,0.9996984004974365,122.97431620221752,11.00027082770464,2.5913452330327615,5.719098545067695,22.045748100101456,38.37239765513521,41.50015096717014,45.13684013420327,101.41418155972981,104.88048083381906,122.97431620221752,141.06815157061598,144.53445084470522,148.5647728561217,122.9438778914322,11.13867789815696,120.99918514639937,3.072122415065944,101.35847626640373,104.849754259749,122.97015472352494,141.0665714428967,144.53302895691323,148.5636088566531,2,-25.17870163167676,0.0031729992479085922,15.23461918039559,2.3692545598438524,0.9968269467353821,121.77440219759951,9.751923358059702,10.59096557289434,11.337542224465114,15.23461918039559,19.131696136326063,19.87827278789684,20.746329488749904,102.66098363580758,105.73391569234222,121.77440219759951,137.8148887028568,140.88782075939145,144.46076836943092,121.4363449683611,11.433215836674075,94.81606299667853,35.90156479844935,102.11380771450033,105.44076646614016,121.73549809462749,137.79991159175722,140.87463120347383,144.44922978690445,2,-23.671168708605663,0.005156813655048609,27.121050286245307,5.392457788537036,0.9948431253433228,114.44781857942982,9.511389815408844,16.552027232560206,18.251246534587445,27.121050286245307,35.99085403790316,37.69007333993041,39.66578299846341,95.8058370983074,98.80297454420528,114.44781857942982,130.09266261465436,133.08980006055222,136.5746200556799,113.99748372674094,11.369856628855269,90.14996455946184,39.12288245909542,94.90319482091705,98.32980498855483,114.38602693903714,130.068847916022,133.068825224814,136.55623572110753,2,-16.232307466985503,0.0015128041850402951,25.05533714297666,2.3291385177295947,0.998487114906311,117.32214246049283,8.518438297414644,20.490309533221648,21.22424520441676,25.05533714297666,28.886429081536562,29.620364752731675,30.47372358204354,100.62631019303342,103.31055833102802,117.32214246049283,131.33372658995762,134.01797472795224,137.13899328383147,117.18255135889218,9.237023021198535,72.46221713967373,12.859266137114975,100.40540738712818,103.19025909644587,117.3059677235152,131.32751753638462,134.01249248060554,137.13424476213277,2,-19.41737509913675
163,301,set,0.385,97.889310683052,95.5585348583201,95.4083764738209,94.83967826587539,95.2688631993388,0.2087305188179016,80.55892938129412,24.963827498516594,0.7912694215774536,96.64402911778946,11.944898467717856,31.630726567930957,39.49708717776819,80.55892938129412,121.62077158482003,129.48713219465728,138.63347641039047,73.23245832207478,76.99641954959665,96.64402911778946,116.29163868598226,120.05559991350412,124.43201827379859,93.28657214412007,16.902990992486032,242.97812748532613,42.73245830420065,51.16492911859831,62.273846817126525,94.92053640242938,117.00294306429862,121.59183412855334,127.59428900845379,2,1.9822910552187238,0.8464597463607788,95.46140581073826,7.950443960769299,0.15354031324386597,114.8408672204243,17.051040052304394,79.87882198652645,82.38408922599244,95.46140581073826,108.53872239548406,111.04398963495007,113.95690421655476,81.42144281895773,86.79440214709659,114.8408672204243,142.887332293752,148.26029162189087,154.50751799628785,98.43694007602205,12.122464262483694,98.14434592981723,48.81037142432312,79.98878123787934,82.66164666970492,96.75258135819611,122.62996607174445,131.60168449858702,140.64047034470235,2,-3.1680768766832585,0.864990770816803,94.66019620782757,6.9090369266962375,0.13500916957855225,103.30619984064916,13.340810240441591,81.11873266364563,83.29584176020961,94.66019620782757,106.02455065544552,108.20165975200949,110.73301957391702,77.15869224480049,81.36251973018746,103.30619984064916,125.24987995111084,129.4537074364978,134.34156538148272,95.82748033628059,8.605177727521568,65.31871027069619,8.72982610768798,80.72345519968984,83.13317732539682,95.27314319932846,110.39791308592504,115.64442318022247,122.61481212260163,2,-0.5586171369417912,0.6219608783721924,85.55887309979252,14.863264313405528,0.37803909182548523,76.84504510873442,18.23410170753939,56.42741035281823,61.110978885549045,85.55887309979252,110.00676731403598,114.69033584676681,120.13599643659057,41.106862471516905,46.85261678088621,76.84504510873442,106.83747343658263,112.58322774595193,119.26390885111314,82.26470292987631,16.76145396442059,263.09286793225374,17.853269382475773,47.97926048643967,53.95805031390945,82.69281511431572,109.06138312897878,114.04762873017094,119.85855190647146,2,13.004160269462488,0.20395760238170624,80.65979356567031,18.033820689649954,0.7960423827171326,97.0021542382386,10.026723567193912,45.31415451030312,50.99679819650707,80.65979356567031,110.32278893483354,116.0054326210375,122.61273398787121,77.35013716359956,80.50966161229988,97.0021542382386,113.49464686417731,116.65417131287765,120.32780129237536,93.66900409275975,13.77399220077574,146.36109259682542,43.36163780917238,59.66653504299971,67.81319070943839,95.13125289273293,113.15082292820449,116.57605944863072,120.65648629550952,2,1.5998591065790464
164,302,set,0.494,94.83967826587539,96.21712741841749,95.95704195145919,96.9338843055317,96.36935122513613,0.10336501151323318,71.86708896186362,30.464789826816236,0.8966349363327026,102.25093806382799,10.76284915623049,12.157198104721544,21.756968920910595,71.86708896186362,121.97720900281661,131.57697981900566,142.73878800857858,81.15614134657892,84.54762659287067,102.25093806382799,119.9542495347853,123.34573478107706,127.28906931704705,99.11030581878512,16.89260055761122,199.79864502650958,85.56079627080682,50.53106804388717,69.77740685631372,101.21579874416574,120.03815601759966,123.77012952593928,128.43021861391753,2,-2.7409545936489934,0.41207364201545715,91.3366402783108,8.909015884165727,0.5879263877868652,111.52435960896034,14.62587738904351,73.8752900076507,76.68261318867252,91.3366402783108,105.99066736794907,108.79799054897089,112.06211044023581,82.85816668413634,87.46693213824459,111.52435960896034,135.58178707967608,140.19055253378434,145.5492383789437,103.20553590407866,16.037721016710318,158.47354870164168,98.73526414412967,76.56525791480247,79.89514614670327,101.28980164207017,131.59008368445018,136.7121764729226,142.52916529237106,2,-6.83618467894253,0.22338040173053741,89.3435191979911,9.533322593513462,0.776619553565979,102.90218982220509,11.185399431850655,70.65855026170273,73.66259895315206,89.3435191979911,105.02443944283013,108.02848813427947,111.52134394595666,80.97920978308302,84.50384499782459,102.90218982220509,121.30053464658558,124.82516986132715,128.92332001078847,99.87344393114978,12.221291340911035,117.46708478284714,31.89243135252707,76.1316418373112,79.74582193495759,99.91354157694241,119.9100121189204,123.59720854699866,127.84739517097404,2,-3.504092706013651,0.30252066254615784,78.36213676679753,18.461035096859863,0.6974793076515198,89.05128796641418,14.511020809898078,42.179172859622284,47.99643623044915,78.36213676679753,108.7278373031459,114.54510067397277,121.30892651697081,60.610209800102695,65.18278275648503,89.05128796641418,112.91979317634332,117.49236613272566,122.80897037768298,85.8175962095149,16.555328546241494,249.97003756215324,24.1086462278784,51.36315055537516,57.60509373005253,86.38487145168925,112.00429397859472,116.83197200179083,122.45550166168054,2,10.551755015621225,0.07554065436124802,73.28449449629449,21.574437819360135,0.9244593381881714,101.41324132032611,9.4349114216109,30.999373383649754,37.79770219968094,73.28449449629449,108.77128679290801,115.56961560893922,123.47414205098926,82.92115473664313,85.89419304852355,101.41324132032611,116.93228959212867,119.90532790400907,123.36212744775428,99.28837662328935,13.141871011152357,117.45398718335917,55.25471304122891,63.825329358011736,77.88785276436657,100.64397281171571,116.72695555936113,119.78260296398501,123.36622126359387,2,-2.9190253981532237
165,303,set,1.076,96.9338843055317,94.7568208328556,93.6511979861246,93.6762007181218,94.028073179034,0.016077805310487747,48.921757290513284,35.02059328521529,0.9839222431182861,110.5511999123926,9.42211980685123,-19.717344265733956,-8.68199259266548,48.921757290513284,106.52550717369203,117.56085884676051,130.39184002722283,92.08418443294269,95.05319197452205,110.5511999123926,126.04920785026316,129.01821539184252,132.47032829401905,109.56033908638321,12.92871399268284,107.0675121784921,60.08471463933265,89.01239060870405,93.61449125043914,110.37352392860151,125.99581375473376,128.98226102481942,132.46188447061482,2,-15.532265907349213,0.00021340719831641763,82.38415107937467,13.115588814607213,0.9997865557670593,108.96080320736817,10.377454234896323,56.67806936670815,60.810927248063834,82.38415107937467,103.9573749106855,108.09023279204119,112.89557323503,88.62136665575872,91.89140997057603,108.96080320736817,126.03019644416031,129.30023975897763,133.10237180467536,108.95512752317451,10.385394609534544,107.70528027813117,0.1507012714579128,88.59633783374834,91.87600684410228,108.95814617919739,126.02914652745581,129.29936998705446,133.1015766648309,2,-14.927054344140515,7.545550761278719e-05,73.9025240061932,12.36024807256279,0.9999245405197144,108.41096223216962,9.021899896484094,49.67688294398951,53.57172513401835,73.9025240061932,94.23332287836806,98.1281650683969,102.65676083241705,90.72836336293516,93.57125746544465,108.41096223216962,123.2506669988946,126.09356110140409,129.39903987616466,108.40835794976508,9.027178865911818,81.40006351253956,0.08984807629827361,90.71795713623861,93.5652944015642,108.41011351151775,123.25036934852311,126.09333876772489,129.39885597473122,2,-14.38028477073108,0.011681398376822472,52.48968030464802,21.65594251657041,0.9883185625076294,112.64761881136496,9.19596822755368,10.044812920900306,16.86882471121457,52.48968030464802,88.11053589808145,94.93454768839572,102.86893613842224,94.62385228238512,97.5215971189428,112.64761881136496,127.77364050378714,130.6713853403448,134.0406399472816,111.94488555986625,11.438430948883296,89.05632158096768,41.780890808753846,92.40555878725283,96.44292227429213,112.51214887882941,127.72161544564574,130.62545689096137,134.00054987080182,2,-17.916812380832255,0.004156283102929592,50.91957858596224,20.96135710008514,0.9958437085151672,109.07907435849407,8.666332029844982,9.836073602712403,16.441214334062188,50.91957858596224,85.39794283786227,92.00308356921207,99.6829871127562,92.093375701932,94.82422668683783,109.07907435849407,123.3339220301503,126.06477301505613,129.239977451856,108.83734611464956,9.519440082003374,76.61933268747693,14.000307498975118,91.46283910748652,94.4868560811094,109.03399393708906,123.31667138749692,126.0495386887644,129.22677059142748,2,-14.809272935615567
166,305,set,0.494,86.58465944954669,92.9758597477751,93.0025789615146,92.9502790367377,92.97623924867581,0.08839186280965805,67.6503558421926,30.27903711107927,0.9116081595420837,96.64321924279136,10.654334593262464,8.304533617925493,17.845771829435613,67.6503558421926,117.45493985494956,126.99617806645969,138.08992945355556,75.76110716075772,79.11839834430906,96.64321924279136,114.16804014127366,117.52533132482499,121.42890787314728,94.08048819877077,15.882495695797681,184.5204949737859,67.73337239160375,50.25035051528078,68.96370773846773,95.80394499250386,114.28706916656903,117.95442549781339,122.51927186100271,2,-1.1042489500949557,0.39775604009628296,84.81574864051655,9.227875431480669,0.602243959903717,107.48254345175131,13.986783110629718,66.72944514099242,69.63724426798917,84.81574864051655,99.9942530130439,102.90205214004067,106.28299703245531,80.06895229534395,84.47633252284842,107.48254345175131,130.4887543806542,134.89613460815866,140.0206666058351,98.4666889059596,16.575956429660028,151.68743971146432,123.07489184652589,70.23098633900112,73.68369497497852,97.13871317240863,126.85470951444967,131.72741443793194,137.26809616693117,2,-5.49044965728379,0.1761159896850586,82.80007668442454,10.966373683394519,0.8238840103149414,98.57598993505096,10.594762674156808,61.306379223963425,64.76199715678788,82.80007668442454,100.8381562120612,104.29377414488565,108.3116767887268,77.81063666895433,81.14915612377405,98.57598993505096,116.00282374632786,119.34134320114757,123.2230935580429,95.79759935973125,12.23814914800883,113.66010006533074,36.11219450357628,70.17291095102762,74.63185305717013,96.33705908874559,115.01872307699635,118.46813427899467,122.45407628359325,2,-2.8213601110554407,0.265191912651062,73.23495714224373,18.8172170518845,0.734808087348938,87.58705535267869,13.843300256798793,36.353889431277125,42.283389425318404,73.23495714224373,104.18652485916904,110.11602485321032,117.0103500262603,60.45468542217897,64.81685271630494,87.58705535267869,110.35725798905243,114.71942528317841,119.79138747479158,83.78099497769756,16.57879456987877,234.71757267167027,40.1388567185726,47.842790858404776,54.80966173457961,84.7004530517883,109.33295513399929,113.93328856947088,119.28752405528299,2,9.19524427097825,0.08444511890411377,67.70705911990646,21.448015797585,0.915554940700531,96.73152234613258,9.586118825753783,25.669720616793725,32.42821254433628,67.70705911990646,102.98590569547662,109.74439762301918,117.6026050730127,77.94307469613376,80.96376002720368,96.73152234613258,112.49928466506148,115.51996999613138,119.03216949672778,94.28055386351387,13.71533220835626,122.97992987103363,65.13093752967157,56.20735510565886,70.72482481943543,95.83233336140016,112.23889107345002,115.34426774875476,118.97996572410285,2,-1.3043146148380629
167,307,set,0.829,93.00482788061531,90.9080165416227,91.5423978615696,94.15894406393771,92.20311948904333,0.022552665323019028,55.26627793284564,39.32644472893519,0.9774472713470459,112.41840013120826,9.136894127650656,-21.81213737587241,-9.419967314650052,55.26627793284564,119.9525231803413,132.34469324156368,146.75326902158866,94.51041671045745,97.38954668627046,112.41840013120826,127.44725357614605,130.32638355195905,133.6739943604046,111.12946032731833,13.72894752789679,116.47932739804364,72.00389071639499,89.90476623609455,95.4467802062587,112.1931955396347,127.41326713951925,130.33787578917972,133.77851367037826,2,-18.926340838274996,0.0036611962132155895,84.50587389454196,11.668942248891632,0.9963388442993164,107.78298836606479,11.148657701841746,61.635167349036536,65.31217191376528,84.50587389454196,103.69957587531863,107.37658044004739,111.65189288755636,85.93202079448987,89.44507830954991,107.78298836606479,126.12089842257964,129.63395593763968,133.71864450915336,107.69777064926882,11.238862464599665,124.33603800869794,1.976461386640869,85.56189607741562,89.19982403820454,107.7340313472152,126.10114626094565,129.61651442209833,133.7033402478667,2,-15.494651160225487,0.0005696086445823312,78.83679434633868,14.414075030628226,0.9994303584098816,105.40141595497089,8.873701458608922,50.58572641584927,55.127750753059175,78.83679434633868,102.54583793961817,107.08786227682808,112.36894715010581,88.00928068653685,90.80547592629343,105.40141595497089,119.99735598364833,122.79355122340492,126.04473247807886,105.38628104435641,8.900458721726114,78.81606758786378,0.4017319673276553,87.94723654950911,90.7686965911072,105.39549230697249,119.99507553538683,122.79150481907615,126.04303423844468,2,-13.183161555313077,0.026016604155302048,62.32496265292108,24.58424469989985,0.9739833474159241,111.49348011769595,9.538493231083871,14.14072845399766,21.887478592428295,62.32496265292108,102.76244671341385,110.5091968518445,119.5164680454329,92.79837691799247,95.80405493089557,111.49348011769595,127.18290530449633,130.18858331739943,133.68333356738086,110.21427686241931,12.868579353198905,104.33983141664945,61.2599148795628,85.76991873418314,93.17829510414185,111.18905927145302,127.07110490477156,130.0932849392805,133.60661856134055,2,-18.01115737337598,0.007586038671433926,58.41996792721946,25.179532224909543,0.9924139380455017,109.76799198641999,8.433795000479865,9.068991618831049,17.00332302213551,58.41996792721946,99.83661283230339,107.77094423560786,116.99631918798062,93.23805753248547,95.89563369091547,109.76799198641999,123.64035028192448,126.29792644035449,129.3879330558826,109.37846133446995,9.759557876723337,75.39892548382474,19.84976591490585,92.12781785281027,95.31404075899121,109.69056271714759,123.61230134519347,126.2744866244677,129.36994166611942,2,-17.175341845426615
168,310,set,1.153,9.93409719918064,83.6972069405072,84.5105655109002,84.3070090318099,84.1715938277391,0.0028297915123403072,25.616628628049405,14.982231743201408,0.9971702694892883,116.17534342604756,10.150681885076299,-3.748005996658115,0.9730504054170801,25.616628628049405,50.26020685068172,54.98126325275692,60.4705115922332,96.28037251277487,99.4789575113492,116.17534342604756,132.87172934074593,136.07031433932025,139.7893606494597,115.9190882304289,11.24812278236804,103.3799732190796,23.141112601369557,95.77574113464597,99.20761338284804,116.1392397395653,132.8577908318814,136.05804233006782,139.77861327610694,2,-31.747494402689796,0.0017686884384602308,22.024541670283092,10.126092957534825,0.9982313513755798,113.96364162759247,10.493454795887263,2.1777641694101533,5.3686009422341705,22.024541670283092,38.680482398332,41.87131917115603,45.58135649438416,93.39684815425431,96.70344444732598,113.96364162759247,131.22383880785895,134.53043510093062,138.37506788334846,113.80103454180853,11.181350926006633,110.09920041432424,14.923923734900855,93.07725342280915,96.52982053902693,113.94033869667135,131.21486982736118,134.52257146854055,138.36813367173315,2,-29.629440714069432,0.004886708687990904,18.719717107059118,3.595313761698533,0.9951133131980896,115.71205750716463,9.30666317180786,11.67303162100877,12.805952226100743,18.719717107059118,24.633481988017493,25.766402593109465,27.083667633096276,97.47133287417591,100.40395883420078,115.71205750716463,131.02015618012848,133.95278214015335,137.36259359131404,115.23808672714627,11.489157084006102,86.25389097340798,45.74713017069614,96.63907709809521,99.96632063362836,115.65477755182155,130.99807374215698,133.9333024910401,137.3455439150854,2,-31.066492899407166,0.004806104581803083,28.27988251290664,8.375345012167791,0.9951938986778259,115.11260032869934,8.373817475661465,11.864507930960581,14.503665892672519,28.27988251290664,42.056099133140755,44.69525709485269,47.763848576321735,98.70021966329077,101.33889628242795,115.11260032869934,128.88630437497073,131.52498099410792,134.59301281081042,114.69527358097882,10.30458081652883,70.12094230824098,36.06348637657312,97.96490494800287,100.95189348997063,115.06191599927553,128.86678488747165,131.5077795097461,134.57795657270475,2,-30.52367975323972,0.0021288087591528893,25.253433102084088,3.629860409720006,0.9978711605072021,114.9244901550471,8.443588340390944,18.13903743012507,19.282844041828575,25.253433102084088,31.224022162339597,32.367828774043105,33.69775114930124,98.37536110759851,101.03602324886988,114.9244901550471,128.8129570612243,131.47361920249568,134.5672139399916,114.73359409130178,9.394251372122419,71.17045913013898,17.081095141007307,98.06375246519528,100.86732326391666,114.90191427193213,128.80424515783992,131.46598382221842,134.5605388639168,2,-30.56200026356268
169,311,set,0.893,84.3070090318099,73.3895399356521,73.2789701080425,73.453042204649,73.37385074944787,0.01602501980960369,49.67633626894562,37.428044276281646,0.9839749932289124,111.21266999459067,9.101173428167408,-23.681282524336936,-11.88731810859656,49.67633626894562,111.23999064648777,123.03395506222816,136.7469875005799,93.37469785832961,96.24257187175513,111.21266999459067,126.18276811742619,129.0506421308517,132.38516545048492,110.22655047767502,12.793062410482467,103.95276988693173,59.709834368138466,90.48023077683138,94.88138651669378,111.04566657318269,126.14102254081644,129.03065002501924,132.40535397357618,2,-36.85269972822715,0.001807491178624332,77.72880984078363,12.240608419789936,0.9981924891471863,105.99962758310906,10.724935379400891,53.737658189137605,57.59480068539941,77.72880984078363,97.86281899616783,101.71996149242965,106.20472321512835,84.97914050296389,88.35867872548133,105.99962758310906,123.64057644073678,127.02011466325422,130.94955820220372,105.94852624397056,10.794877472330501,115.0871522442463,1.4420065538317324,84.74428913975476,88.21507022587417,105.97579962982384,123.63122391286593,127.01188763673078,130.94236242316194,2,-32.574675494522694,0.000314622389851138,71.55343078994905,14.9573127180947,0.9996854066848755,104.89997503411453,8.590908745471138,42.237636556980526,46.95084071614359,71.55343078994905,96.15602086375449,100.86922502291756,106.34934343305268,88.06210329852092,90.7691876253172,104.89997503411453,119.03076244291185,121.73784676970814,124.88541733022018,104.88948651460925,8.61396019582139,73.85088261803155,0.34974751161738965,88.02300595370919,90.74682552992314,104.8966735185591,119.02950569115644,121.73676603920234,124.88443701631473,2,-31.515635765161377,0.01632220484316349,56.78720446930325,23.971161307770075,0.983677864074707,113.69521216782454,9.005832029978787,9.80459163847383,17.35815284997883,56.78720446930325,96.21625608862766,103.76981730013266,112.55246461592422,96.04410573824887,98.88193668959818,113.69521216782454,128.5084876460509,131.3463185974002,134.6459103647346,112.76635584458487,11.880924069320661,89.16021298007436,51.99702013783064,92.7214273623139,97.37579517240023,113.51127424297015,128.43871118269462,131.28528437025835,134.5936583928941,2,-39.392505095137,0.005786835215985775,52.711953571660914,22.876378700183295,0.9942131638526917,108.94485962861009,8.480749040386497,7.875075222602426,15.083659095149002,52.711953571660914,90.34024804817281,97.54883192071938,105.9303685265855,92.32289694752993,94.99526881026513,108.94485962861009,122.89445044695503,125.56682230969025,128.6740321289871,108.6194489660797,9.629549028698404,74.53531403108991,18.192889477099047,91.45466671224716,94.53653534420707,108.88386282642546,122.87128002860622,125.54658264542996,128.6565323934871,2,-35.245598216631834
170,312,set,1.226,73.453042204649,84.9663151043769,83.418976816198,83.4754502874477,83.95358073600754,0.009912963025271893,38.000515428279655,24.357910030049922,0.9900869727134705,108.3681377528969,10.191962122500332,-9.740110969285148,-2.0646812296056183,38.000515428279655,78.06571208616492,85.74114182584445,94.66548764276436,88.39225906099983,91.60385188995019,108.3681377528969,125.13242361584359,128.34401644479397,132.07818716888033,107.67057915074385,12.543006830974978,108.72780346897085,48.598471915133395,86.37625054879028,90.60061029702351,108.24074324849107,125.08350896630549,128.30092993199986,132.04055003042475,2,-23.71699841473631,9.862748993327841e-05,65.79309062459131,13.252797141843907,0.9999014139175415,110.25526143123689,10.471142472403994,39.81808553216189,43.994179178577255,65.79309062459131,87.59200207060536,91.76809571702074,96.62370708061442,89.73219930833736,93.03176475717757,110.25526143123689,127.47875810529621,130.77832355413642,134.61478146069268,110.25088080432519,10.480734251218735,109.6513378238187,0.19495593933471086,89.71549586894835,93.02238335104218,110.25396741849929,127.47830697003471,130.77794706339373,134.6144678593108,2,-26.297300068317654,0.00011217065184609964,56.17991849918961,9.181848203968732,0.9998878240585327,111.04588385636708,9.172953611477169,38.18382670789711,41.07712217877378,56.17991849918961,71.28271481960545,74.17601029048211,77.54009154825798,93.0672251460152,95.95771783867124,111.04588385636708,126.13404987406291,129.02454256671896,132.38536498910224,111.03972891787815,9.191343078366621,84.14309582603742,0.3376265381168479,93.04998791228508,95.94818180998577,111.04459421053397,126.13360572226267,129.0241381187568,132.3850541071606,2,-27.086148181870612,0.007417863700538874,42.504992056353274,15.339728742777424,0.9925820827484131,113.06850790773984,9.346627028253126,12.439676187895632,17.273383597344072,42.504992056353274,67.73660051536247,72.5703079248109,78.1905374054767,94.74945555543508,97.69467454055503,113.06850790773984,128.44234127492464,131.3875602600446,134.81201382436916,112.54507130998634,11.185646481231583,88.45688904712692,36.661119857336274,93.40902169675684,97.01126428112818,112.98096299090393,128.40860360010353,131.3578279351714,134.7860424368605,2,-28.591490573978803,0.0030899036210030317,40.701493985490856,12.284344342542381,0.9969101548194885,108.45899877826184,9.14183890899222,16.624621500419416,20.495545638939216,40.701493985490856,60.90744233204249,64.77836647056229,69.27915233074995,90.54132376417014,93.4220118917999,108.45899877826184,123.49598566472379,126.37667379235353,129.72609628901972,108.24964095724974,9.895592325699322,83.78127259526381,14.142159685967512,90.04259470697052,93.15459239841388,108.42348535155064,123.48226693016748,126.36464554284355,129.71554182414346,2,-24.2960602212422
171,315,set,0.299,100.04451981129999,99.34403136092381,99.7443552175774,99.40229400614109,99.4968935282141,0.3525732457637787,88.06745956999517,20.561988493965192,0.6474267840385437,90.86484398981081,13.162239485496402,47.76670267129639,54.24599821836207,88.06745956999517,121.88892092162826,128.36821646869393,135.90179778898332,65.06732864234684,69.21488663328816,90.86484398981081,112.51480134633344,116.66235933727476,121.48479183451177,89.87856379325076,16.21775307097305,261.2294969269696,1.7862584919031832,56.53218970821497,62.931118880203144,90.14239043277499,115.8177509470526,121.43059654396232,128.54369679327417,2,9.61832973496334,0.9679760336875916,98.55899325150986,7.2694840897348225,0.032023947685956955,117.55493207463458,19.56802195936858,84.31106624944266,86.60175598044351,98.55899325150986,110.51623052257621,112.80692025357705,115.47034210903819,79.20231378558326,85.3684001825011,117.55493207463458,149.74146396676804,155.90755036368589,163.07695835899617,99.16731636682293,8.637193777565896,63.41528887281622,11.185644302964727,84.23066527349809,86.58581906862808,98.75892931526013,112.0779381950003,115.99410648803958,127.20045963134203,2,0.3295771613911711,0.9897187948226929,98.64046988374496,5.181768674137299,0.010281220078468323,103.33361798497444,15.754545113093904,88.48438990621798,90.1172188860667,98.64046988374496,107.16372088142322,108.79654986127193,110.69506642259569,72.45527697049886,77.41969731473132,103.33361798497444,129.24753865521754,134.21195899945002,139.98417051530095,98.68872264209209,5.417610472445521,29.126526104322746,0.2241222561527267,88.34660540177623,90.03813028754759,98.65621954241666,107.35168819995366,109.12155615034317,111.38962005223723,2,0.8081708861220136,0.8382091522216797,91.35297943957619,12.106853420927997,0.1617908477783203,65.67653093579125,22.302507424092134,67.62398276845175,71.43897767919293,91.35297943957619,111.26698119995945,115.08197611070061,119.51773215667612,21.96441961963348,28.99217070916115,65.67653093579125,102.36089116242132,109.38864225194901,117.55992166760805,87.19876506821244,17.10977206063666,203.336325630182,89.40797433675952,42.9739464237189,54.20295349317277,89.26387331070224,110.655364444326,114.65854510740334,119.34976111500289,2,12.298128460001664,0.41630324721336365,86.71802473259997,14.99300869367124,0.583696722984314,92.47816042456708,10.620332539402257,57.33226767310841,62.05672000389987,86.71802473259997,111.37932946130006,116.10378179209152,121.59697863259791,71.66269114349984,75.00926792770053,92.47816042456708,109.94705292143362,113.29362970563432,117.1847484492123,90.08019447554763,12.941389063868606,159.41694334358425,8.062365729634118,62.92611939486397,67.95751651399023,90.5517249132375,110.45698183748415,114.37436621669859,119.08286554195064,2,9.416699052666473
172,319,set,0.385,25.4561681695564,30.9799804268484,30.9424609467465,30.0586715209417,30.660370964845537,0.0711502656340599,50.32003053043446,20.085898264262386,0.9288496971130371,35.17832290683064,11.91339352843514,10.952393335344588,17.28166791988418,50.32003053043446,83.35839314098473,89.68766772552432,97.04681725570188,11.8285006574452,15.582534352283893,35.17832290683064,54.77411146137737,58.52814515621607,62.893020614317635,36.25565811590867,13.254729950538579,160.53575652181965,15.152060571959598,11.788665009648941,15.651388132121307,35.78556779885793,58.114866751086375,63.950626032782786,72.9000650525236,2,-5.595287151063136,0.8894664645195007,29.261328059289973,10.004504125414222,0.11053358763456345,79.97360492247398,12.271414407547883,9.652860290295703,12.805383162751419,29.261328059289973,45.71727295582852,48.86979582828424,52.53528496228017,55.9220746443142,59.78892442639429,79.97360492247398,100.15828541855367,104.02513520063376,108.52118374094715,34.866739484192145,18.934471095012523,105.6717788260876,252.84248022492636,10.158956499923876,13.380335291663457,30.825777562781507,81.4427887639416,89.19557918009784,96.39110622747283,2,-4.206368519346608,0.896146297454834,28.853899459583268,8.30511374820259,0.10385370999574661,62.64218641311113,13.307388864282172,12.576175625597731,15.193202988607696,28.853899459583268,42.51459593055883,45.1316232935688,48.17448317138172,36.560183510848695,40.75347957444296,62.64218641311113,84.5308932517793,88.72418931537356,93.59980220656873,32.36293862908632,13.654807482854363,80.20271436329479,106.25106083395927,12.96776973473446,15.637873503133056,30.04701633938705,63.26622142721289,72.01034601304794,79.98156205580112,2,-1.7025676642407852,0.3748965263366699,29.30019671348945,11.946923155213119,0.6251034736633301,40.33057925492314,12.229393121136312,5.884657603204104,9.649256830726618,29.30019671348945,48.95113659625227,52.715735823774786,57.09289599694878,16.361409184714077,20.21501762420668,40.33057925492314,60.44614088563958,64.29974932513218,68.78040194308828,36.195327155974994,13.24805492000022,146.99785652853234,28.513102634809577,10.223903025831806,14.346770667934667,36.228430069686695,57.932989108930684,62.00967427205086,66.71762347226017,2,-5.5349561911294565,0.6564918160438538,26.909042118012025,8.298392186646536,0.34350815415382385,47.165941612484836,12.822229638313459,10.644492302596223,13.259401631940706,26.909042118012025,40.55868260408334,43.17359193342782,46.21398913937432,22.034833319888406,26.075250686300272,47.165941612484836,68.2566325386694,72.29704990508125,76.99490827203881,33.86745147028596,13.936305329832708,101.6842302449052,92.53634181802715,12.028841745924169,14.850384219768614,31.370673998726545,60.7046465421524,65.8277393920022,71.45152620801045,2,-3.2070805054404197
173,320,set,0.17,30.0586715209417,30.0802360215639,30.6973894326079,30.159716812323,30.312447422164933,0.3161274492740631,64.06470311409358,14.67872240088355,0.6838725805282593,-3.8271280002484076,14.009991508677722,35.294935869300495,39.920353333986434,64.06470311409358,88.20905289420071,92.83447035888665,98.2125177650247,-31.286206780968723,-26.871513346856297,-3.8271280002484076,19.21725734635947,23.631950780471904,28.764985961294244,17.63534328241669,34.624176403930285,202.34478228354553,996.4888186356181,-28.934859860463256,-24.183537984631624,4.805803665338523,78.77329092862269,84.78043714577413,91.3278533207456,2,12.677104139748241,0.9977298378944397,31.725251126131774,8.913919904471909,0.002270176075398922,76.9055799237743,15.534443540589129,14.25428915229211,17.063157640906226,31.725251126131774,46.387344611357314,49.19621309997143,52.46212974527033,46.45863006434872,51.35369412336339,76.9055799237743,102.4574657241852,107.35252978319987,113.04409962883129,31.827818870843476,9.18960892933572,79.82542207056898,4.623504355144654,14.262847738995962,17.072902688716642,31.75057828847241,46.57236404448486,49.53338697564849,53.242145296054694,2,-1.5153714486785432,0.9996817111968994,31.56844275479903,6.155122820890226,0.0003183562948834151,46.47597756191285,19.05194983145075,19.504623705433602,21.44416665852596,31.56844275479903,41.692718851072094,43.63226180416446,45.887399643637266,9.134842057005422,15.138308781153583,46.47597756191285,77.8136463426721,83.81711306682027,90.79744054864105,31.573190792956552,6.169253951882192,37.98903434478693,0.07072725831643364,19.502718227234187,21.44319529277143,31.569832943173456,41.70333723605152,43.6504332524554,45.92461824684977,2,-1.2607433707916194,0.9054009914398193,32.07307506426178,8.312083217039417,0.09459906071424484,-0.33059560083935935,17.101073220916692,15.78169132236469,18.400914837192026,32.07307506426178,45.745235291331525,48.364458806158865,51.409872185071976,-33.848083210818466,-28.45935791302689,-0.33059560083935935,27.798166711348156,33.18689200913974,39.45244973045694,29.0077199283907,13.422084542385745,90.21999672461789,89.93240062325592,-11.108207681275934,0.8585219158565327,31.054403790506747,45.37015778930378,48.04045111913122,51.13734282268522,2,1.3047274937742337,0.980281412601471,30.138377243706366,7.002007502695688,0.019718576222658157,15.703240117417856,15.1293723987977,16.41469471894357,18.62109980695594,30.138377243706366,41.65565468045679,43.86205976846916,46.4274825116205,-13.949784892920007,-9.182362946244048,15.703240117417856,40.58884318107975,45.35626512775571,50.89942343293306,29.85373655517451,7.523476405351982,52.574884883571066,4.027802377871386,15.083405319289929,17.86422779269163,30.02255563422717,41.64646793939899,43.87729164094318,46.485989686803556,2,0.4587108669904225
174,327,set,0.647,8.03207690231709,48.8868226058534,48.8633170862804,48.616708784942,48.7889494923586,0.011566635221242905,35.64022963264749,20.755489815707126,0.9884334206581116,70.03527583684406,10.640664277494121,-5.039782887626373,1.5004869301272663,35.64022963264749,69.7799723351677,76.32024215292134,83.92471924009408,49.17995708137367,52.532940606834885,70.03527583684406,87.53761106685323,90.89059459231446,94.78916255717483,69.63744479750834,11.420242021250518,116.89691985934458,13.525278944464633,47.4561457055952,51.58576440204002,69.89464061223973,87.48507656214039,90.84594754659831,94.75301609546527,2,-20.84849530514974,0.22316575050354004,15.685337336106613,10.386769802015614,0.77683424949646,86.95855760703714,10.435743183707949,-4.672357391552222,-1.3993786450488024,15.685337336106613,32.770053317262025,36.043032063765445,39.84857718317724,66.50487681506019,69.79328758138101,86.95855760703714,104.12382763269326,107.41223839901407,111.23572657649231,71.0528159144708,31.453743421239654,108.67716277301491,880.6608124361605,3.056736681942568,7.806022877913592,83.11610208748695,102.81195758185251,106.2610497986102,110.23064696172884,2,-22.2638664221122,0.2009577602148056,16.079503230398807,5.839285604116894,0.799042284488678,81.82024821518263,11.414918139956333,4.63471375088648,6.474733125661611,16.079503230398807,25.684273335135998,27.52429270991113,29.663712881453428,59.44741977439527,63.0443787113213,81.82024821518263,100.59611771904396,104.19307665596999,108.37531876242028,68.60913900583789,28.37150504737839,110.96760251018661,693.9749065720935,9.345297395163609,12.119022621463438,78.16043904891754,99.32519187678724,103.07710716751022,107.40039238513813,2,-19.820189513479292,0.042854368686676025,20.608703765180238,11.834072553579492,0.957145631313324,73.0127914576357,9.130372361989348,-2.5856522302695204,1.1433866038181328,20.608703765180238,40.07402092654233,43.80305976062999,48.13887329144495,55.11759046269667,57.99466536260003,73.0127914576357,88.03091755267135,90.90799245257473,94.25321379115087,70.76704736297431,14.086715602293337,85.79275252715126,112.64280393274286,23.10006456621754,50.89158898613083,72.50017754807385,87.83619646430822,90.73635765328736,94.10283797854638,2,-21.978097870615713,0.08407118916511536,18.887444090164998,5.703247987273499,0.9159287810325623,75.96692010026939,11.167165216546788,7.7092834402083845,9.506435952894496,18.887444090164998,28.268452227435496,30.065604740121607,32.1551829204864,54.07967846642924,57.598567891066075,75.96692010026939,94.3352723094727,97.85416173410952,101.94563116084583,71.1681784111876,19.17909793894935,116.95601566871267,250.8816311370279,15.853359473408169,20.254694142563114,74.67941056364609,93.85559065360034,97.43170705289413,101.57563716725814,2,-22.379228918829
175,328,set,0.17,48.616708784942,48.8338000216822,48.820806646659896,48.6412551778616,48.7652872820679,0.38159653544425964,71.25163474754467,15.397300698294524,0.6184034943580627,16.305231162213843,13.895007968930276,41.07347991975397,45.92532884869247,71.25163474754467,96.57794064639685,101.42978957533536,107.0711124929897,-10.928484021786549,-6.550023092000739,16.305231162213843,39.160485416428415,43.53894634621423,48.62985341051533,37.27258889143189,30.369629901820442,209.86364523449998,712.4508165417999,-7.95211779627606,-3.138901020738388,28.345175799668134,88.5204031914591,94.50251607910101,101.11839757276161,2,11.492698390636015,0.9972509741783142,51.060311072225346,8.351364827302286,0.0027490006759762764,87.26638227339605,16.893456553085674,34.691936788958294,37.32353834604222,51.060311072225346,64.79708379840847,67.42868535549239,70.48849088355948,54.155815854955954,59.47911899030595,87.26638227339605,115.05364555648613,120.37694869183613,126.56643901086821,51.159840302484064,8.59836411457315,70.33809707163574,3.5937025605426984,34.70134749064487,37.33432912901828,51.08823448715767,64.99195651170618,67.77787317086002,71.27672837454823,2,-2.3945530204161614,0.9995280504226685,51.11836547803009,6.63633490856372,0.0004719691351056099,59.89059801886902,17.41790540788159,38.111388067899284,40.20256593401439,51.11836547803009,62.0341650220458,64.1253428881609,66.55678908399032,25.752130733295658,31.240693134817313,59.89059801886902,88.54050290292072,94.02906530444238,100.41070523473883,51.12250670079678,6.648277541791855,44.16334352961754,0.03630185752774222,38.106901559396874,40.200079885845746,51.11987896534123,62.046442196153855,64.14571192611892,66.59708987421585,2,-2.3572194187288744,0.9212343692779541,49.99807581728518,9.084242229568414,0.07876569777727127,14.454926058457659,19.408821383008426,32.193288220493244,35.05582703787384,49.99807581728518,64.94032459669651,67.80286341407711,71.13118341531369,-23.585664834609744,-17.469744188237055,14.454926058457659,46.37959630515236,52.495516951525055,59.60659642045772,47.19849817796132,14.048586828689514,105.69466800792955,91.6682732541063,5.235659912662117,20.755714514169664,49.095455883035186,64.6105536020779,67.52100213825385,70.89978605394461,2,1.566789104106583,0.960811197757721,46.156298784608076,9.285942533345619,0.03918885067105293,31.72547030022367,13.795151450805848,27.956185856742028,30.882282528971587,46.156298784608076,61.43031504024456,64.35641171247411,67.75863145552208,4.687470295368726,9.034465402020796,31.72547030022367,54.41647519842653,58.763470305078606,63.81779154987728,45.59077343736691,9.90699343811892,90.3074095274146,7.841210115624949,25.428777190167924,29.273342631436773,45.827115601718056,61.30687536743469,64.25501570424792,67.6823270282346,2,3.1745138447009893
176,329,set,0.17,13.5886070943943,12.7868816823445,13.5220762769505,13.7686560125724,13.359204657289133,0.2695555090904236,58.84622946170058,13.619650469574598,0.7304444909095764,-20.52083810640049,14.312005388746602,32.15220505931033,36.44389798900947,58.84622946170058,81.24856093439168,85.54025386409083,90.53027437677478,-48.571853214887014,-44.061992079029366,-20.52083810640049,3.0203158662283727,7.5301770020860275,12.773865202971223,0.8729921969330405,37.94588603584219,199.62066686779494,1240.2696001773286,-46.59771900059589,-41.80892405951192,-13.645888055515869,71.03091559866536,76.87922463921954,83.16286049216956,2,12.486212460356093,0.9982790946960449,14.191553639932025,9.287270942170894,0.001720928936265409,68.58581425388569,14.675784933481184,-4.011162921388305,-1.0846476537787932,14.191553639932025,29.467754933642837,32.394270201252354,35.796976651892564,39.82180433940701,44.446296177689376,68.58581425388569,92.72533233008198,97.34982416836436,102.72679533377024,14.28516263236854,9.568627136422363,86.47561899119758,5.083011107228909,-4.0044146748615415,-1.076948827072377,14.21161512810318,29.6165727583283,32.66720720908515,36.43151699349816,2,-0.925957975079406,0.9998451471328735,14.215122873375222,5.017738249191089,0.00015480468573514372,35.81242562894423,21.814719445448056,4.380536621111618,5.961677915100127,14.215122873375222,22.468567831650315,24.04970912563882,25.888127581874322,-6.9436388169795435,-0.0695947718298271,35.81242562894423,71.69444602971828,78.56849007486801,86.5610518336597,14.218465552136626,5.031865783153605,25.247467059860885,0.07219645923163702,4.379589284180878,5.961171746936299,14.2157835083836,22.473699881803796,24.059107520704387,25.907962409129794,2,-0.8592608948474929,0.8952982425689697,16.37630771650298,7.334393031620893,0.10470176488161087,-14.320884160512023,15.536215643307754,2.0011615260644824,4.3123047369537435,16.37630771650298,28.440310696052208,30.75145390694147,33.4386573529942,-44.771307277443015,-39.875684810506996,-14.320884160512023,11.233916489482937,16.129538956418962,21.821758071937026,13.162257672083058,12.718708436296154,73.43334931232569,88.33219626596126,-25.355557464977622,-15.19853482660117,15.358334553394089,28.06693562066288,30.428095934593397,33.16513028525195,2,0.19694698520607545,0.9894612431526184,16.71052147809717,4.99319242143293,0.010538742877542973,2.7138073755352394,16.504855542443824,6.924044164210283,8.49745081363661,16.71052147809717,24.92359214255773,26.496998791984055,28.326424052374506,-29.63511505769096,-24.434264125763605,2.7138073755352394,29.861878876834073,35.06272980876143,41.109842978050615,16.563013473596502,5.439021016801069,27.540080232240143,2.042865556570079,6.351570339579056,8.182341936466628,16.670379818413334,24.94389180454143,26.54236446260925,28.427982667937197,2,-3.203808816307369
177,330,set,1.226,13.7686560125724,96.46755120979961,97.02191239891529,98.1650016246308,97.2181550777819,0.0029901396483182907,25.337187006591073,13.866595522627122,0.9970098733901978,117.10288818295307,10.407960862918998,-1.8408408059424595,2.5286670677287972,25.337187006591073,48.14570694545334,52.5152148191246,57.59571202083892,96.7036597391294,99.98331600841178,117.10288818295307,134.22246035749436,137.50211662677674,141.31542580950494,116.8284974483578,11.562050966590082,108.57669335885993,25.1045071565441,96.15523172883742,99.68893546286567,117.06376619046007,134.20743711956976,137.48889033519163,141.30381647396175,2,-19.610342370575893,0.0008411927265115082,25.012509990849153,10.278042078878942,0.9991588592529297,116.70667488189999,10.668161939249085,4.867917684659236,8.106635199445272,25.012509990849153,41.91838478225303,45.15710229703906,48.92281133035148,95.79746169973079,99.15911002322048,116.70667488189999,134.2542397405795,137.61588806406917,141.5245307291955,116.62954848367782,10.994032549806233,113.80281124604869,7.066647507980814,95.64543934234656,99.07576878045413,116.69541743459277,134.24990587992684,137.6120948499224,141.52116896525803,2,-19.41139340589592,0.003183492925018072,20.27093510672968,3.471596000746277,0.9968165755271912,117.8184862472852,9.334786949794857,13.466731976393689,14.560667833591939,20.27093510672968,25.98120237986742,27.075138237065673,28.34707508259447,99.52264002233277,102.46412807609585,117.8184862472852,133.17284441847454,136.1143324722376,139.53444802256465,117.50795237331207,10.821018479773086,86.89921675799378,30.196169377837887,98.99702709048871,102.18258012129252,117.78112132017152,133.1584117702127,136.101639285779,139.52332265215819,2,-20.289797295530164,0.004682039842009544,29.367205182804604,7.79335159861626,0.9953179359436035,116.21359197793826,8.654458540701974,14.092516730659074,16.548282539712588,29.367205182804604,42.18612782589661,44.64189363495013,47.497252105898326,99.25116493246732,101.97827445796347,116.21359197793826,130.44890949791306,133.1760190234092,136.3468732050749,115.806970920788,10.487213602235089,74.83333757419034,35.147986819410484,98.5127403859595,101.58907030152474,116.16256807996176,130.429279111019,133.15871238670871,136.3316903542529,2,-18.588815843006103,0.0018035578541457653,26.466005746936496,3.4954365289495675,0.9981964230537415,116.10064782638736,8.411568876563226,19.615076039949642,20.716524294515132,26.466005746936496,32.21548719935786,33.31693545392335,34.59760708490302,99.6142757748454,102.2648482514202,116.10064782638736,129.9364474013545,132.58701987792932,135.66888319972833,115.93898434705476,9.225697127901782,70.64891580430259,14.464315058191332,99.35284002679131,102.12289536149991,116.08159992204642,129.92910936443036,132.5805838471466,135.6632240443153,2,-18.720829269272855
178,336,set,0.17,12.4122762376901,12.630333995289101,12.3352503957148,12.3242530701563,12.429945820386735,0.26659107208251953,58.51230236378146,13.531458289706706,0.7334089279174805,-21.669385187871356,14.338963802049857,31.991131457650354,36.255034118014805,58.51230236378146,80.7695706095481,85.03347326991256,89.99118158871296,-49.7732378155126,-45.25488180439895,-21.669385187871356,1.9161114286562224,6.434467439769886,11.688032768975901,-0.2936631420906224,38.16577112597613,199.60611235310182,1257.0199732872911,-47.82157341107592,-43.027622835068065,-14.892895195002023,70.51404298520326,76.34482777696772,82.60285952103511,2,12.723608962477357,0.9983193278312683,12.931206388755761,9.308016972753537,0.0016806864878162742,68.02609774849161,14.624365889665858,-5.312171645328718,-2.379119088603762,12.931206388755761,28.24153186611528,31.174584422840233,34.584891884857015,39.36286730801045,43.971156473009316,68.02609774849161,92.08103902397389,96.68932818897275,102.04746024511117,13.023803813374812,9.588851755463798,86.85301981764816,5.093060599408452,-5.305514368373605,-2.371603810038947,12.950842720041043,28.38730711998053,31.44181585868085,35.2059533262112,2,-0.5938579929880774,0.9998548030853271,12.983963196388089,4.921961843887147,0.0001451786229154095,35.10141418341324,22.063038345857098,3.3370952490889216,4.888056405753556,12.983963196388089,21.07986998702262,22.630831143687253,24.43415866802509,-8.141346363992852,-1.1890544613392322,35.10141418341324,71.3918828281657,78.34417473081932,86.42771653417944,12.98717393996528,4.935977319281207,24.29286060506392,0.07100840618446816,3.3364585047623456,4.887794339273692,12.984575633702246,21.084747433037435,22.63935934484158,24.45240311811423,2,-0.5572281195785447,0.8947581052780151,15.269483898135796,7.257374052943852,0.10524185001850128,-15.341027298388966,15.439029307107772,1.045292132030358,3.3321658650075907,15.269483898135796,27.206801931263996,29.49367566424123,32.15266059732089,-45.60096869657859,-40.73597065079527,-15.341027298388966,10.053916054017328,14.918914099800652,20.575525707455434,12.047976387202361,12.666733677645752,72.21227144206082,88.23386412946662,-26.36778497875829,-16.30766554002983,14.255439831461235,26.835074168976895,29.171724369297102,31.880314140277893,2,0.3819694331843735,0.989924430847168,15.780667374662421,4.860559353364573,0.010075542144477367,1.82901760367821,16.60761879014066,6.254146097348563,7.785758693267798,15.780667374662421,23.77557605605704,25.307188651976276,27.08801929301142,-30.721317093968153,-25.488084398312086,1.82901760367821,29.146119605668492,34.379352301324566,40.46411626900265,15.64009651320002,5.3016415472248,26.165967055678102,1.9414294329976463,5.71875988378136,7.491433607794466,15.743596479104792,23.796281614064462,25.352760259062517,27.189754077460723,2,-3.2101506928132846
179,337,set,0.494,12.3242530701563,12.1126979956755,12.2322168948199,11.8606487632546,12.068521217916667,0.0296009611338377,42.13588150276152,20.12350666743346,0.9703990817070007,45.88692714353047,11.383906342380383,2.6945331919402804,9.03565857385145,42.13588150276152,75.23610443167158,81.57722981358275,88.95015845679204,23.574880709087818,27.162067507390223,45.88692714353047,64.61178677967071,68.19897357797312,72.36985346140712,45.77589455314125,11.753654414710292,137.74431485457174,0.40416701595368154,22.664756403466537,26.56588852380426,45.82364390408945,64.883646993611,68.62457864151588,73.09890635072858,2,-33.70737333522458,0.6677024960517883,17.565102645239406,10.318352738231813,0.33229750394821167,80.0160070906916,11.145694842318974,-2.6584971014751986,0.5929227195941493,17.565102645239406,34.537282570884656,37.788702391954004,41.56918060142847,58.17084661707257,61.682970504408914,80.0160070906916,98.34904367697428,101.86116756431062,105.94477059182832,38.317382311771446,31.2683690344714,112.36937895395585,865.3415231219337,-0.8137403001046053,2.702971593895302,24.487013085335594,91.5454817897025,96.0422088820653,100.96346433732613,2,-26.248861093854778,0.6828263998031616,17.72433529585691,6.658329830541955,0.31717365980148315,67.93436604068232,12.953871745472421,4.6742486308059945,6.772357324650789,17.72433529585691,28.676313267063026,30.774421960907823,33.213926741800904,42.545243959205365,46.62714311707781,67.93436604068232,89.24158896428683,93.32348812215928,98.0695780363598,33.649635562390884,25.089622708544315,83.49461200256775,545.9946231447535,5.7963482243992015,8.055096416353352,21.848310148991292,80.94259233374046,86.23877757783568,92.01288930674272,2,-21.581114344474216,0.15265119075775146,20.459050626091475,11.579485808713168,0.8473488688468933,50.72033329929975,10.399483903986688,-2.2363245184790017,1.4124913953965113,20.459050626091475,39.50560985678643,43.154425770661945,47.39696281967744,30.33771938968184,33.61470448140379,50.72033329929975,67.82596211719571,71.10294720891766,74.91315057046113,46.10091548854504,15.184160841530359,112.10831506601603,118.4505520728657,9.113660981381807,15.229127996648531,48.39015236902433,66.97685668440094,70.35621834762513,74.26002025992233,2,-34.03239427062837,0.37669825553894043,19.121789305788262,6.336189353985517,0.6233017444610596,56.1406422346363,12.417030199492629,6.703086372750533,8.699685265833875,19.121789305788262,29.543893345742646,31.540492238825987,33.86196993895268,31.803710248684542,35.71644507503488,56.1406422346363,76.56483939423771,80.47757422058805,85.02697404112689,42.19570491428665,20.808412503719154,111.22572402938836,321.7643068955475,9.588637972945357,12.056575989760416,45.5936013457488,73.56929740564637,77.86330803517153,82.75435700141016,2,-30.127183696369983
180,338,set,0.647,11.8606487632546,16.6054672172375,15.625688506899799,15.568673027507499,15.933276250548266,0.012144435197114944,36.40170457641023,21.592937983714535,0.9878556132316589,72.06945280183976,10.583776572800502,-5.919676192077198,0.8844822173591567,36.40170457641023,71.91892693546129,78.72308534489765,86.63438994912026,51.325631898732006,54.660689519224825,72.06945280183976,89.47821608445469,92.8132737049475,96.69099893129746,71.63629163512425,11.470853848579257,116.31836022688553,15.262376313341115,49.468677854749956,53.6536285000507,71.92267403393593,89.42424975263071,92.76802438040262,96.65532207815556,2,-55.703015384575984,0.19609680771827698,19.35470721695941,10.498640134158958,0.8039031624794006,87.54182797695944,10.459187461190218,-1.22224933263891,2.0859809142297507,19.35470721695941,36.623433519689065,39.93166376655773,43.77819637337995,67.04219724547369,70.33799554645535,87.54182797695944,104.74566040746353,108.04145870844519,111.87353649149392,74.17054865947301,29.026104073291634,109.55674022720157,732.9578134957262,7.403592929640418,12.437011272646384,84.29270664047887,103.6133867532408,107.04712329652894,111.00483641435973,2,-58.237272408924746,0.14966455101966858,19.461070800043863,6.514981287663687,0.8503354787826538,82.67102056426448,11.021315549808861,6.691942116270647,8.74488019950927,19.461070800043863,30.177261400578452,32.230199483817074,34.61718366801614,61.06963902438784,64.54256970838472,82.67102056426448,100.79947142014424,104.27240210414111,108.31043456269558,73.210734276615,24.86220832594711,109.64224643757467,508.4873161400529,13.16804580267635,16.668251721460724,80.21974611504132,99.91856732863054,103.49783760562741,107.63296542523406,2,-57.27745802606673,0.04230230301618576,23.215298474427478,12.560122816525787,0.9576976895332336,75.54287503061394,9.196623745188285,-1.4020898873628553,2.5557349047090874,23.215298474427478,43.87486204414586,47.8326868362178,52.4345134863441,57.51782371067903,60.41577510763295,75.54287503061394,90.66997495359493,93.56792635054884,96.93742112858622,73.3292974681932,14.092719968891323,87.67351931935426,110.93119673907715,26.105080167376723,53.54723998842952,75.03350859727489,90.47646837757662,93.39732727064892,96.78796024409523,2,-57.396021217644936,0.07654418796300888,21.09228199754704,6.367329448590868,0.9234558343887329,77.64185385625112,11.033685521727111,8.612545600607653,10.61895706003743,21.09228199754704,31.56560693505665,33.57201839448642,35.90490532359404,56.01622761692494,59.493056207196325,77.64185385625112,95.7906515053059,99.2674800955773,103.31004471255619,73.31331453410147,18.48154858675937,115.5268819912083,226.04087631062168,18.231436493332808,23.601050041222948,76.4935384183655,95.3612232897851,98.88919184254969,102.97874074490207,2,-57.3800382835532
181,339,set,0.829,15.568673027507499,75.4009066205012,75.3055144722138,73.8391561661233,74.8485257529461,0.0058502936735749245,32.19217212751445,22.024740346152985,0.9941496849060059,96.79648340868685,9.973368708304733,-10.975525719791648,-4.035301913519724,32.19217212751445,68.41964616854861,75.35986997482055,83.42938000808898,77.24903993587081,80.39175171590749,96.79648340868685,113.20121510146622,116.34392688150288,119.99800850027701,96.4185271416917,11.224923077581565,101.72407796582559,24.274620996177514,76.18772817221496,79.83467100267242,96.72317420104407,113.17304911314781,116.31901454426912,119.9763341984956,2,-21.570001388745595,0.024991504848003387,24.946567990590914,10.667074755567635,0.9750084280967712,97.50973470652283,10.190459978114408,4.039485649281946,7.400791389932994,24.946567990590914,42.49234459124882,45.85365033189988,49.7618946704404,77.53680016352176,80.74791965121753,97.50973470652283,114.27154976182814,117.4826692495239,121.21628961210756,95.69626543521791,15.244555545101449,104.09390838366792,128.30195130733438,57.29920121738025,77.64882527073127,97.18230984300978,114.14624218617334,117.37220840875614,121.11948606375505,2,-20.847739682271808,0.016541264951229095,24.087507118838694,6.4392071911000714,0.9834587574005127,98.0797076239185,9.51479302775649,11.466892935291225,13.495953815865736,24.087507118838694,34.67906042181165,36.70812130238616,39.06734307836284,79.43105596916295,82.42926580252065,98.0797076239185,113.73014944531633,116.72835927867403,120.21442615597842,96.8557852232918,13.370950456831507,89.71964329786061,89.06288250383396,75.41196422671484,80.71779881797949,97.87911966538447,113.65312413458459,116.66043851696853,120.15487850686192,2,-22.0072594703457,0.012704615481197834,28.5204287516177,13.067688584108735,0.9872954487800598,99.3919216220856,8.441625796769298,2.9082297655793603,7.025993788174091,28.5204287516177,50.0148637150613,54.13262773765604,58.92041830788682,82.84663908945353,85.50668281290251,99.3919216220856,113.2771604312687,115.93720415471766,119.03007984784819,98.49153294363775,11.641572551553935,72.52520360150618,63.00163124319285,80.45871837084786,84.39020766953936,99.25576965779383,113.22480397988984,115.89104491211047,118.98953875643176,2,-23.643007190691648,0.012140844017267227,25.34805750697818,6.492770532662029,0.9878591895103455,98.19395345574688,9.654080836011422,12.622461103077656,14.668400347365393,25.34805750697818,36.02771466659096,38.0736539108787,40.452500432271506,79.27230271332616,82.31440357775078,98.19395345574688,114.07350333374296,117.1156041981676,120.65270388442048,97.30954608794363,12.498989369456005,92.58154800977765,63.643504725914134,76.70686335219332,81.10169040275717,98.04524198180329,114.01629222197619,117.06510602537216,120.60845337762873,2,-22.461020334997528
182,340,set,0.893,73.8391561661233,77.60504619052351,79.7616085045017,78.0412276197269,78.46929410491737,0.013056238181889057,45.967298550314354,35.31874756298297,0.9869437217712402,109.84795845570481,9.159783119552543,-23.25617465219409,-12.126871478041679,45.967298550314354,104.06146857867037,115.19077175282278,128.1309918572449,91.89511343518387,94.78145596941994,109.84795845570481,124.91446094198969,127.80080347622574,131.15680044255106,109.01391294569679,12.31570806160644,99.09271718781322,52.583471952559584,89.59970686236846,93.66116996460893,109.7068816286834,124.87119947090788,127.77079686071967,131.14789047554962,2,-30.54461884077942,0.00212537357583642,70.67238101014185,12.283292574186756,0.9978746175765991,104.30139187916205,10.59572757473211,46.59756995316751,50.46816266858467,70.67238101014185,90.87659935169901,94.74719206711617,99.24759257632286,83.53414744268918,86.87297094767422,104.30139187916205,121.72981281064989,125.06863631563492,128.950740196556,104.22991674526624,10.712147158346673,112.35150216478155,2.398498458454872,83.2072565602828,86.68335299090178,104.27328347696695,121.71890244071572,125.05903847223267,128.94235790888484,2,-25.76062264034887,0.0003924318007193506,64.88873355110928,14.942517130464305,0.9996076226234436,103.91509219648512,8.42830362033595,35.601938137026444,40.31048005328056,64.88873355110928,89.466987048938,94.17552896519211,99.65022651038376,87.39592064985811,90.0517664175273,103.91509219648512,117.77841797544293,120.43426374311213,123.52225840542438,103.89978266777831,8.467167435813119,71.09605058746821,0.5974613164370969,87.34413101753186,90.02268964952694,103.91098195098749,117.77689427496601,120.43289217286302,123.52109072374449,2,-25.430488562860944,0.013871094211935997,53.327421150253755,23.04171347826177,0.9861288666725159,114.0989789564837,8.808625463299151,8.166492590769536,15.427175164358246,53.327421150253755,91.22766713614925,98.48834970973796,106.93046231466622,96.83439029511491,99.610079414719,114.0989789564837,128.58787849824841,131.36356761785248,134.5909060762517,113.25600648970327,11.5930336723641,83.88004431167576,50.51788368476574,94.16621949291019,98.36047678304371,113.9450025363834,128.52891849360861,131.31181284488392,134.54593196017257,2,-34.7867123847859,0.00568692060187459,48.774480319323246,20.442578706703348,0.99431312084198,107.98757134372138,8.587602424109239,8.707762303059276,15.149430589361295,48.774480319323246,82.39953004928518,88.8411983355872,96.33102983357514,91.15617987891841,93.86222234960805,107.98757134372138,122.11292033783472,124.81896280852436,127.96532198615589,107.65083567189525,9.77392628151728,75.70408416855241,19.826031068476336,90.26924542883353,93.3962407369357,107.92624655251745,122.08938408906096,124.79823472162293,127.94719573420052,2,-29.181541566977884
183,342,set,1.493,85.21945287406871,111.9389995138,111.9909744233,111.9403402762,111.95677140443333,0.018404364585876465,34.86987011959861,15.82387896606698,0.9815955758094788,97.81473951108967,12.958267255156855,3.855637250386412,8.841905409822214,34.86987011959861,60.89783482937499,65.8841029888108,71.6817173113881,72.41700238893753,76.5002866174384,97.81473951108967,119.12919240474092,123.2124766332418,127.96017699137685,96.65627335578549,15.524570980053227,169.43464380884737,71.57710345333216,66.08739303465576,73.87055420290686,97.51022949600595,119.01233585029709,123.109464600724,127.86981985025992,2,15.300498048647839,9.211954420607071e-06,66.87431985380634,13.79042584355618,0.9999908208847046,113.30001455158757,10.452922289587718,39.84558186896582,44.191087887827635,66.87431985380634,89.55755181978503,93.90305783864684,98.95564769708113,92.81266333079967,96.10648741131732,113.30001455158757,130.4935416918578,133.78736577237547,137.61714809748406,113.29959060087742,10.453887628501517,109.26433334033656,0.019854758192431255,92.81103390270056,96.10554872620575,113.29989354454712,130.49354842666887,133.78739704028246,137.61718584864138,2,-1.342819196444097,5.9909001720370725e-05,53.146630589414414,5.2524960867708925,0.999940037727356,112.78348001979293,10.313969924607578,42.851927430405894,44.5070433505409,53.146630589414414,61.78621782828793,63.441333748422934,65.36576369428171,92.56847042993277,95.81850918103375,112.78348001979293,129.7484508585521,132.9984896096531,136.77736202682493,112.77990122759766,10.324097255724972,106.37324975291594,0.21305682356986252,92.55810730316387,95.81281462329125,112.7827062488084,129.74819614919068,132.9982625205734,136.77718016825185,2,-0.8231298231643365,0.012509905733168125,33.22400098648616,9.266894433761479,0.9874901175498962,99.67028073735835,12.76345222529093,15.06122164777896,17.981316066537175,33.22400098648616,48.46668590643514,51.38678032519336,54.78202115142808,74.65437405739051,78.67627005216673,99.67028073735835,120.66429142254998,124.68618741732618,129.36251068708575,98.83904636198478,14.713377513738571,161.9420737045754,54.541631613125254,71.12048649312327,77.01761357816315,99.4676200571047,120.58629729600739,124.61739205137395,129.30218955015656,2,13.11772504244854,0.005319292191416025,35.42462647473615,7.808628300106916,0.9946807026863098,101.83881593112898,11.569303568431712,20.119996237866367,22.580575893789376,35.42462647473615,48.26867705568292,50.72925671160593,53.59021231986502,79.16339761079209,82.80900499529146,101.83881593112898,120.86862686696648,124.51423425146587,128.7530406916832,101.48553893010804,12.521939354961615,133.46114569326872,23.337766760154796,78.02697713962947,82.21437715148092,101.76127334574345,120.83873344331427,124.48787642120307,128.72994462361495,2,10.47123247432529
184,343,set,0.385,111.9403402762,112.0149723692,112.0379889449,112.0009210955,112.01796080320001,0.26615241169929504,88.89563025906389,24.38681695448723,0.7338475584983826,108.64378926627828,12.444300000377664,41.09834733069815,48.782885941673904,88.89563025906389,129.00837457645386,136.69291318742964,145.6278500357584,84.25340945272626,88.17473727578486,108.64378926627828,129.11284125677167,133.0341690798303,137.5935601160833,103.38776588204978,18.657456636937468,271.9293966077983,76.17097299348409,56.77369516788482,67.18572625725386,105.73225202545663,129.09672005400722,133.69373431401692,139.42596406728498,2,8.630194921150235,0.8700884580612183,106.58782937009903,7.373890474907184,0.12991154193878174,122.911343743619,18.828809223061995,92.135269613338,94.45885887770503,106.58782937009903,118.71679986249302,121.04038912686006,123.74206379980936,86.00755579464189,91.94070860188813,122.911343743619,153.88197888534984,159.8151316925961,166.71370405040983,108.70844229222288,11.11242727307162,93.36718354982557,30.11885634948215,91.66378835550516,94.30303246183556,107.40341642051855,128.84343418137857,139.274694932909,149.7558919737375,2,3.309518510977128,0.9344573616981506,105.9817782588934,4.849147599884675,0.06554266065359116,112.28746766699318,15.320815622359634,96.47762360740059,98.00564024160006,105.9817782588934,113.95791627618674,115.48593291038621,117.26258246879536,82.25922083338968,87.08696852270015,112.28746766699318,137.48796681128619,142.31571450059667,147.92901451864122,106.39507228883278,6.308148001297445,37.3577053696777,2.4352788563349406,95.69791759234334,97.58533520022016,106.11520197046539,115.54171561368497,119.01760161648373,128.00097091458883,2,5.622888514367233,0.7034308910369873,95.06265062479014,13.732414203427899,0.2965691387653351,79.33790917891197,20.31829496875159,68.14761336528515,72.47483931548183,95.06265062479014,117.65046193409843,121.97768788429511,127.00902321238287,39.51478281289746,45.917288006091056,79.33790917891197,112.75853035173287,119.16103554492648,126.60533148360194,90.39918042996624,17.51198671269962,255.08599460087262,51.583927569825434,51.1476801588852,58.99498216916663,91.71041139780034,116.73786683204176,121.42243209343769,126.92130179162358,2,21.618780373233776,0.1683664470911026,91.40679469770109,16.61915750422257,0.8316335678100586,107.10301678308494,9.882859163343253,58.83384453602627,64.0707132000028,91.40679469770109,118.74287619539936,123.9797448593759,130.06873642599913,87.73296875865051,90.8471600436092,107.10301678308494,123.35887352256069,126.47306480751936,130.09398518717356,104.46030123377528,12.736764429460925,127.72860931720858,34.49672141516631,73.93317519268818,81.41685750641402,105.57698029445832,122.9611139090717,126.24031070129814,130.0913591563841,2,7.557659569424729
185,345,set,0.229,112.1110168132,111.6312631836,111.668286229,111.7793279334,111.69295911533334,0.5631598830223083,101.12121055285763,16.74225449465235,0.43684014678001404,96.55115810563053,14.943574244529488,68.30699472333518,73.58265252398411,101.12121055285763,128.65976858173113,133.9354263823801,140.06951870314285,67.26229078605239,71.9711658098976,96.55115810563053,121.13115040136347,125.84002542520868,131.31511027996316,99.12483118466551,16.14137982169088,255.40640568373357,5.138029693994405,67.80428087986239,72.79954951751819,98.9982924851721,125.88736323355006,131.15571357822938,137.32620903262497,2,12.568127930667828,0.99309903383255,109.76021397901243,6.3765741850585105,0.006900981534272432,126.46691415939155,24.08617959462965,97.26235823154991,99.27168280319381,109.76021397901243,120.24874515483106,122.25806972647496,124.59434377808701,79.25886962875387,86.84867429376041,126.46691415939155,166.0851540250227,173.67495869002923,182.49974685312412,109.87550829512159,6.804141759087134,44.38366359275459,1.9128670029219383,97.19527980052824,99.23737920413306,109.7886120711693,120.49168690416555,122.69391372559744,125.60015018055512,2,1.8174508202117465,0.9994387030601501,110.61796782477762,3.074514690103645,0.0005612625973299146,110.70713693306732,20.305769971256147,104.59202976223516,105.56084118564506,110.61796782477762,115.67509446391018,116.64390588732009,117.77035853780757,70.90855911105032,77.30711754780434,110.70713693306732,144.10715631833028,150.50571475508428,157.9454217364614,110.61801407316318,3.11113833392178,9.678757045695388,4.460181505126182e-06,104.58105186732816,105.55455961630949,110.61797605066506,115.68128157838588,116.65507292073539,117.7938204601791,2,1.0749450421701567,0.9475950598716736,104.35616134644313,9.429169461331433,0.05240492895245552,58.924075688931794,29.256964172051728,85.87532879810857,88.84655775883206,104.35616134644313,119.8657649340542,122.83699389477768,126.29168967678233,1.5814796147316699,10.800652056943214,58.924075688931794,107.04749932092035,116.26667176313191,126.98595209147338,101.97529495912838,15.218615826255355,129.10699805237877,102.49915339732448,57.240008467016864,82.15500215433805,103.78407694331766,119.71069758485967,122.74510250293469,126.30429382743912,2,9.717664156204961,0.5767788290977478,100.83233642688342,11.687252640556707,0.423221230506897,97.45965075366973,11.100704014247684,77.92574217317161,81.60851653196553,100.83233642688342,120.05615632180128,123.7389306805952,128.0209517606207,75.70267068270506,79.20061749411965,97.45965075366973,115.7186840132198,119.2166308246344,123.28374993757146,99.40495025622855,11.563352099461534,130.93500390825758,2.7766968418728943,76.85124838626619,80.45525031622266,99.36427555685745,118.49410626552155,122.18685979705893,126.49086091713144,2,12.288008859104792
186,347,set,0.647,124.89621124840001,107.6957440149,107.7125874868,107.6175466105,107.67529270406665,0.09090472012758255,80.11953878413746,36.09576783014168,0.9090953469276428,124.45830655848103,10.372019652916466,9.373133842740259,20.74728415113062,80.11953878413746,139.49179341714427,150.86594372553463,164.09085153765932,104.12952159182312,107.39785241356942,124.45830655848103,141.51876070339262,144.78709152513892,148.58723242755306,120.42771162873225,19.460338955242698,216.23954380208107,162.46622094164132,58.544317171687865,84.60228660947027,123.45571406737545,141.4651792614929,144.9893231533904,149.3314405063615,2,-12.752418924665605,0.06730490177869797,109.64563404033666,8.846706293552453,0.9326950311660767,123.06674886619265,14.546620562702564,92.30640832317002,95.09409710681248,109.64563404033666,124.19717097386082,126.9848597575033,130.22615041860612,94.55589646652585,99.13968727374447,123.06674886619265,146.99381045864084,151.57760126585947,156.90724868671455,122.1634337988092,14.626624518920313,202.62972285993933,11.307421231754414,94.26222471868631,98.56018973912099,121.9655059910597,146.4991117378173,151.1416725950694,156.5253326524666,2,-14.488141094742545,0.038667231798172,106.5421743376151,6.216604494735637,0.9613327383995056,118.09387047518868,12.543851813057259,94.35785342180343,96.31676988712636,106.5421743376151,116.76757878810383,118.72649525342676,121.00415898769607,93.50837269418899,97.46107032453963,118.09387047518868,138.7266706258377,142.67936825618835,147.27523347277778,117.64719484350348,12.558624569557356,152.75833405759084,4.960304531656637,93.56491452313588,97.36305234970702,117.51042423239586,138.4859362718478,142.46713331753278,147.08920096392185,2,-9.971902139436835,0.1800430566072464,85.37969827966722,19.43995613190422,0.8199569582939148,101.18137651393798,13.690502504062273,47.27808440009636,53.40381592832704,85.37969827966722,117.3555806310074,123.48131215923809,130.6037988985698,74.3484846757205,78.66250381534293,101.18137651393798,123.70024921253302,128.01426835215545,133.03024790881406,98.33639557283568,16.080617452518997,221.72482952424463,36.86157222494177,63.148801677014376,70.45092947372794,99.20407392210787,123.03813575421621,127.52208864971291,132.74564733265214,2,9.338897131230965,0.019706448540091515,84.29246515040437,21.673161047058173,0.9802935123443604,120.45041961983948,8.564447483156819,41.81385006703393,48.643287594647354,84.29246515040437,119.94164270616136,126.7710802337748,134.7117772759729,103.6644110053674,106.36315711433357,120.45041961983948,134.53768212534538,137.23642823431155,140.37430381461579,119.7378700392884,10.315906626935583,81.16092400699912,25.256444722879017,100.51513025072077,104.85924146034567,120.25556281330323,134.4718709423744,137.18477727523194,140.341448847802,2,-12.062577335221746
187,348,set,0.829,107.6175466105,118.3766209014,118.6197266266,118.4722248384,118.48952412213333,0.03101722151041031,61.87232672390597,40.72422750000439,0.9689827561378479,116.17399096152928,9.242902221049468,-17.945692474318292,-5.113066584273156,61.87232672390597,128.85772003208507,141.69034592213023,156.61104679049674,98.05823549564705,100.97076971967824,116.17399096152928,131.3772122033803,134.2897464274115,137.67619689343508,114.48970161679594,14.928005542049466,134.22230492020842,88.62275155903856,89.27815194838858,98.14557965193677,115.87166245740868,131.3603279005794,134.35378549458466,137.9164317272693,2,3.9998225053373915,0.0035812994465231895,93.9981086961755,11.212673910231555,0.9964187145233154,112.10307543433885,11.549529788775011,72.02167166172975,75.55490134710698,93.9981086961755,112.44131604524402,115.97454573062126,120.08268880955589,89.46641300996733,93.1057894716882,112.10307543433885,131.10036139698948,134.73973785871036,138.97129950462696,112.03823769304202,11.59886694068204,133.36418029764198,1.16970936733733,89.241431181255,92.9378176674516,112.05663010183581,131.0804868837758,134.72214223058458,138.9558450913687,2,6.4512864290913114,0.0006916694110259414,88.32878324533253,11.978396020238483,0.9993083477020264,109.07802659942061,9.530200030917634,64.85155845310717,68.62607510638217,88.32878324533253,108.03149138428287,111.80600803755787,116.19469936143359,90.39917777335954,93.4022425129927,109.07802659942061,124.7538106858485,127.75687542548168,131.2485871805298,109.06367684914862,9.547696647052181,90.86113559862459,0.29757922330281217,90.33762815912726,93.36290226743776,109.07044816345821,124.75073062343624,127.75416445858025,131.24621344986923,2,9.425847272984711,0.03557055816054344,67.44038706215586,24.19877894791403,0.9644294381141663,110.10690997242561,10.097762033302438,20.011651854398295,27.636937741882527,67.44038706215586,107.24383638242918,114.86912226991342,123.73516502201991,90.31566006269688,93.49756946785521,110.10690997242561,126.716250476996,129.89815988215435,133.59781721116906,108.5892375275575,13.476564719003875,119.16729247345013,62.45046022483324,78.6288308201264,89.68421220195754,109.67777163551278,126.56398638450226,129.772422550733,133.5035357836032,2,9.900286594575832,0.007882529869675636,64.99104040885256,25.963047529181768,0.9921174645423889,113.07725883428702,8.313021389066925,14.104402322754638,22.285627513764446,64.99104040885256,107.69645330394064,115.87767849495046,125.39012083198587,96.7840363090047,99.40355545155512,113.07725883428702,126.75096221701892,129.37048135956934,132.4162384695989,112.69821714936036,9.589478386819733,73.8750460106793,18.082978748859013,95.68196994032441,98.82442238596397,112.99981162570745,126.72464159050722,129.34980402717474,132.40319875782376,2,5.791306972772972
188,349,set,0.17,118.4722248384,118.7908046413,119.337139472,119.2966223428,119.14152215203335,0.7148934602737427,110.28746665847177,13.964756114394131,0.28510648012161255,97.79998267985357,16.589194802147468,82.91704762137377,87.31748691421782,110.28746665847177,133.2574464027257,137.65788569556977,142.7743473566914,65.28575833512545,70.51318544133679,97.79998267985357,125.08677991837034,130.31420702458166,136.3922207398787,106.72719748210763,15.80063787683212,217.87622672114134,31.783251655330407,74.02318036617696,79.80169845305119,107.25371708786825,131.7837233074669,136.35789578804838,141.6525330540606,2,12.414324669925719,0.9980828762054443,116.11789843113249,5.82682609156354,0.0019171652384102345,131.92426351625858,28.185889786356668,104.69752914748966,106.53362240080872,116.11789843113249,125.70217446145625,127.53826771477532,129.67312292164704,76.68093466278414,85.56260047231534,131.92426351625858,178.2859265602018,187.167592369733,197.49444829869884,116.1482066571926,5.990609558751455,35.40989345658448,0.4780685232397161,104.67020345241829,106.5188201962438,116.12385887894426,125.76131146826897,127.64308606834305,129.90129277986145,2,2.9933154948407434,0.9999444484710693,117.49813391057606,2.1367868576495725,5.553180380957201e-05,114.31255074476283,24.505761665017488,113.31010862694438,113.98343229774892,117.49813391057606,121.0128355234032,121.68615919420773,122.46904347414755,66.28214046760624,74.00415978885044,114.31255074476283,154.6209417006752,162.34296102191942,171.3214772959278,117.49795469173175,2.1447118459453343,4.598953079534077,0.0005635021303987101,113.30909316238662,113.9827334267708,117.49811551409445,121.01411137977793,121.68793346770315,122.47167965286778,2,1.6435674603015968,0.9798040390014648,112.82045629280873,7.672005996280565,0.020195964723825455,51.95444915367271,36.0898608210796,97.78360085092348,100.20112940383319,112.82045629280873,125.43978318178426,127.85731173469398,130.66821113188462,-18.780378262706463,-7.408089314053925,51.95444915367271,111.31698762139932,122.68927657005186,135.91202014922106,111.59120898003557,12.541293954093003,83.97574911979726,73.30835131271547,94.12257390616858,98.65622929872148,112.64060479045918,125.39588094153638,127.83832394812123,130.69564648657612,2,7.550313171997772,0.7227120995521545,109.99909502919604,9.439216054232842,0.27728793025016785,98.65814547239997,11.641002897884402,91.49857152060738,94.47296626681258,109.99909502919604,125.52522379157949,128.4996185377847,131.9579952295728,75.84219904862013,79.5103996344622,98.65814547239997,117.80589131033773,121.4740918961798,125.7391678155966,106.85438987774899,11.302359673764833,101.9688856150674,25.774788858840303,82.69745021183307,87.10135450781283,107.4687273181987,124.36855635569206,127.4769232427536,131.067572384386,2,12.28713227428436
189,350,set,1.153,119.2966223428,124.77728813780001,123.6071024641,121.9448694561,123.443086686,0.025511890649795532,55.106660391139926,35.731489797990776,0.9744880795478821,109.36663611277167,9.99778590492664,-14.925772726882386,-3.6664101994647496,55.106660391139926,113.87973098174459,125.13909350916222,138.23053571900778,89.77133581397325,92.92174170556878,109.36663611277167,125.81153051997457,128.9619364115701,132.62496409781323,107.98235828612108,14.25386022615952,129.97769556865848,73.19448827749733,83.63636490903455,90.46602675966854,109.08149351237768,125.7463619848687,128.93735634326626,132.67428281041222,2,15.460728399878917,7.189131429186091e-05,93.13470176255227,13.198321688588539,0.9999281167984009,111.91163488363169,10.168169037469372,67.26646659654486,71.42539446340513,93.13470176255227,114.84400906169941,119.00293692855968,123.83858936370734,91.98238978147641,95.18648516289453,111.91163488363169,128.63678460436884,131.84087998578696,135.56633330683647,111.91028589313595,10.169660571302055,103.39675260838415,0.025345129760551137,91.97687084834982,95.18282073719521,111.91086040305271,128.6364672013369,131.84060403530245,135.56613957502927,2,11.532800792864052,3.648107667686418e-05,83.83107695841468,9.643644674525941,0.9999635219573975,110.53658741531459,9.675112862055443,64.92988071664234,67.96869303848943,83.83107695841468,99.69346087833992,102.73227320018702,106.26554924500338,91.57371465932567,94.62244293299784,110.53658741531459,126.45073189763131,129.4994601713035,133.04426565306247,110.53561350491614,9.676454242675593,93.60778699971829,0.026016781568405256,91.56906830363162,94.61960822061337,110.53614749176683,126.45058029031782,129.4993467783365,133.04416580691034,2,12.907473181083859,0.015920961275696754,52.64766339565623,20.54699511508113,0.9840790629386902,106.74413791758806,10.297393547480524,12.376292979576782,18.850863957660835,52.64766339565623,86.44446283365161,92.91903381173567,100.44712179955276,86.56161742989109,89.80643279286804,106.74413791758806,123.68184304230809,126.92665840528502,130.69945750493125,105.88287262631653,12.526735965025212,111.06961203423528,45.84977337513735,82.92676560525385,88.12741467400117,106.53714559389692,123.60214422407299,126.85637278656074,130.63785800233202,2,17.560214059683474,0.005123053211718798,54.53072700758659,21.18851768206185,0.9948769211769104,108.92690873591283,9.080919202864143,13.00199546495525,19.678716848521745,54.53072700758659,89.38273716665142,96.05945855021793,103.82259007132794,91.12863415178093,93.99012584902847,108.92690873591283,123.86369162279719,126.72518332004472,130.05228581783248,108.64823141263685,9.97106381434018,84.34064019162048,15.081171070179717,90.31683319873237,93.55752550068844,108.86890680445539,123.84144018309291,126.70564667812468,130.0353270694617,2,14.794855273363154
190,351,set,0.829,121.9448694561,129.40283438790001,129.43742224849998,129.4445933776,129.428283338,0.04346100986003876,69.1699192227128,40.998526548867495,0.9565390348434448,120.65215066144665,9.511214075207109,-11.185716232276732,1.7333441291418552,69.1699192227128,136.60649431628372,149.52555467770233,164.54675429847765,102.01051362479028,105.00759569313034,120.65215066144665,136.29670562976295,139.29378769810302,142.77854330485204,118.41468628684248,16.424595000974854,159.58428207727638,110.18366570271283,76.94240824607084,100.475794980966,120.22575451558536,136.30049361049308,139.43118850109468,143.2144409328894,2,11.013597051157518,0.0038633192889392376,102.97697629892778,10.605677944861466,0.9961366057395935,117.15083919769235,12.054469476537372,82.19022949536853,85.53218846504316,102.97697629892778,120.4217641328124,123.76372310248703,127.64947263871808,93.5245131709417,97.32300135823402,117.15083919769235,136.97867703715065,140.777165224443,145.19372863712528,117.09607225678647,12.081289479606294,145.18339135235325,0.773136167159543,93.39664450367364,97.21182375256512,117.10296247223782,136.95640073251488,140.757384729519,145.176354611342,2,12.33221108121353,0.0010976770427078009,97.65220588481982,8.999848844555494,0.9989023208618164,113.85083111878053,10.522689813248723,80.01282628318663,82.8487718708377,97.65220588481982,112.45563989880195,115.29158548645302,118.58898511104042,93.22673806432653,96.54254661417306,113.85083111878053,131.159115623388,134.47492417323454,138.3302681950229,113.83305002116612,10.534804388642952,110.69436704084738,0.2877093130224195,93.17019249163016,96.4976541157968,113.83738392867075,131.15354876994869,134.4699889054231,138.3259796903025,2,15.595233316833884,0.05066346749663353,72.35667042606455,22.93151969427869,0.9493365287780762,108.05974911417957,10.884433310855231,27.41171771450736,34.63767708542112,72.35667042606455,110.07566376670798,117.30162313762173,125.70336251537546,86.72665183277525,90.15644950550791,108.05974911417957,125.96304872285121,129.3928463955839,133.38072740702694,106.25090694498057,14.156966931181852,139.11035925489472,61.30931137992941,71.55140558218335,84.50096946483447,107.42325780951175,125.74139058019574,129.21276923650018,133.25100040171137,2,23.17737639301943,0.008437559939920902,71.91996203867883,24.779248166027706,0.9915624260902405,117.31629425423588,8.261870967156911,23.35352806928433,31.161725819657526,71.91996203867883,112.67819825770012,120.48639600807331,129.56511333004778,101.12332471369123,103.72672582850277,117.31629425423588,130.905862679969,133.50926379478054,136.5362802142811,116.93325834122487,9.492373694158285,72.86333143378491,17.24163590075784,99.95430559876587,103.11340764475992,117.23412211900413,130.8780021774022,133.48732044368487,136.52222140389586,2,12.495024996775129
191,353,set,1.076,120.8270125702,123.4620334493,123.49855092969999,123.4725366827,123.47770702056665,0.02723219245672226,58.519225057659646,38.47974046482733,0.9727678298950195,112.62194336835574,9.677371424343887,-16.899680387850502,-4.774315610062942,58.519225057659646,121.8127657253822,133.93813050316976,148.036487481654,93.65464391162463,96.70408388166716,112.62194336835574,128.53980285504431,131.58924282508684,135.13487580768174,111.14861024818364,14.455590588626277,131.42363028073467,77.54074511896953,87.05386303325794,94.18172211881023,112.3373358768785,128.49927202552786,131.6072224892719,135.26967284103534,2,12.32909677238301,0.00016158507787622511,95.95291173038024,12.65947550152433,0.9998383522033691,112.82956003618676,10.437098321081015,71.14079568422541,75.12992753639463,95.95291173038024,116.77589592436584,120.76502777653506,125.40325564982346,92.37322322376451,95.66206100790752,112.82956003618676,129.997059064466,133.285896848609,137.10988152658882,112.82682594512649,10.43973766011858,108.94130858048189,0.04601542860221295,92.3627089123459,95.65480316307581,112.82783269694343,129.99634133421048,133.28527544742084,137.1093764948979,2,10.650881075440168,6.113015842856839e-05,87.63326099324715,9.971928707792426,0.9999388456344604,111.02908763693443,9.72146150035458,68.08863986957294,71.23089789053327,87.63326099324715,104.03562409596103,107.17788211692134,110.83143614270688,91.97537321914673,95.0387064288071,111.02908763693443,127.01946884506177,130.08280205472212,133.64458893085418,111.02765475865169,9.723212935687068,94.50711294260762,0.033458445656652715,91.96878046974123,95.03454019140327,111.02835719290856,127.01921017109007,130.08257296026937,133.64442062197475,2,12.450052261914962,0.01879301853477955,57.27141483182534,22.016020157435765,0.9812069535255432,108.16826701821606,10.093104583849641,14.12080824034338,21.058284224830388,57.27141483182534,93.48454543882028,100.42202142330729,108.48833651991633,88.38614554167462,91.56658733627043,108.16826701821606,124.76994670016167,127.95038849475748,131.64833940932652,107.21175850952882,12.523334527882765,109.06537095788066,47.76821559064253,84.06463180034024,89.63467598317371,107.93114411293337,124.67903233544521,127.87066769098051,131.57923779029696,2,16.265948511037834,0.0052588386461138725,58.65102219039581,22.939321757379247,0.9947410821914673,111.30753495641488,8.71284905799521,13.690777716156411,20.91919559796372,58.65102219039581,96.38284878282788,103.6112666646352,112.01586459261382,94.23066460001053,96.97617358229074,111.30753495641488,125.63889633053903,128.38440531281924,131.5766528393208,111.03061404073765,9.632616595147486,78.28178113503753,14.50454543582126,93.44691546465,96.55742153408931,111.25106631987667,125.61757022813202,128.36588422337041,131.56074636416415,2,12.447092979829009
192,354,set,1.226,123.4725366827,128.6133602015,128.62962245010002,128.60560275449998,128.61619513536667,0.02836858108639717,54.25129073183782,33.41828901214942,0.9716314077377319,106.48762671728069,10.543469254516106,-11.247352156925679,-0.7169031563087103,54.25129073183782,109.21948461998433,119.7499336206013,131.99385632933402,85.82280670632375,89.14516307333854,106.48762671728069,123.83009036122284,127.15244672823763,131.0154040025392,105.0057547941294,14.659616581990297,139.6926784984377,75.21155660504336,78.04246421666588,86.20739366071223,106.14821746914772,123.73791359556178,127.09850650244243,131.02511898109773,2,23.610440341237265,3.2809410186018795e-05,93.41915765957643,13.520891158337044,0.9999672174453735,112.04835675129857,9.95356552724546,66.91869795034977,71.17927079816964,93.41915765957643,115.6590445209832,119.91961736880309,124.87345406091141,92.53972680013803,95.67619839270972,112.04835675129857,128.42051510988742,131.5569867024591,135.20381275473224,112.04774854738545,9.954258673149516,99.07621685967842,0.011386035733679746,92.53717406782047,95.67452754396287,112.04801600186642,128.42037831829367,131.55692244110278,135.20377297282116,2,16.568446587981214,2.3867336494731717e-05,83.29321304548185,8.533270636798253,0.9999761581420898,110.79912055743954,9.859508435778256,66.5683099270241,69.25723188878574,83.29321304548185,97.32919420217796,100.0181161639396,103.14456905001259,91.47483911804531,94.58167234689103,110.79912055743954,127.01656876798803,130.12340199683376,133.73576704610002,110.79846688769412,9.860378851058849,97.20932687126864,0.018056997893994762,91.47154876895074,94.5796856756884,110.7988256736097,127.01647358528673,130.12333656837518,133.7357199063151,2,17.817728247672548,0.01628158614039421,49.18784933877677,18.86938315861062,0.9837184548377991,103.56532242007583,10.980550505143523,12.2045379374133,18.150476011999054,49.18784933877677,80.22522266555447,86.17116074014024,93.08459873427263,82.04383889957143,85.50392409576668,103.56532242007583,121.62672074438497,125.08680594058023,129.10990274351454,102.67997515192549,13.10592993148362,124.40650066202156,47.35933074729481,77.98493122085885,83.64640384554373,103.33846422506191,121.5393462071572,125.00971803824442,129.0423974063167,2,25.936219983441177,0.005633020773530006,52.41567831080303,19.485907851268642,0.9943669438362122,107.10112172904647,9.598436677003837,14.22400071625021,20.364212107201624,52.41567831080303,84.46714451440442,90.60735590535585,97.74667861435756,88.28853153423063,91.31309834781267,107.10112172904647,122.88914511028027,125.91371192386231,129.43042448670997,106.79307369992549,10.511941913805526,93.74987464781996,16.750644533982307,87.3252732003947,90.8031500180136,107.03331809007688,122.86300805700179,125.89073508919596,129.41028350710363,2,21.82312143544118
193,356,set,1.153,128.6201094454,131.24513572709998,130.91966350500002,131.3342336732,131.16634430176666,0.03154291957616806,59.08929887532323,36.83478544804938,0.9684571027755737,110.39038225889101,10.19326046170934,-13.105553981113651,-1.498531566880125,59.08929887532323,119.67712931752656,131.2841517317601,144.7798236931434,90.41195886890458,93.62396081798735,110.39038225889101,127.15680369979465,130.36880564887744,134.1034520635331,108.77219877897016,14.960566540293403,143.4226491458626,80.39616651288488,81.28368559066227,90.49338793652583,110.04351790750162,127.10055430150145,130.37746525603586,134.2389065587326,2,22.394145522796492,6.541128095705062e-05,98.11825820839924,12.943725588730485,0.9999345541000366,113.55069625562146,10.164637528092323,72.74902222871798,76.82772422751131,98.11825820839924,119.40879218928715,123.4874941880805,128.22986671391044,93.62837278465626,96.83135535089176,113.55069625562146,130.27003716035117,133.47301972658664,137.1971791594948,113.54968286906823,10.165632145960014,103.32405322465004,0.015577341112205103,93.62445558889554,96.82870924485535,113.55005764007181,130.2697971511377,133.47283753326778,137.19702251532902,2,17.61666143269842,3.533838753355667e-05,89.07744185042888,8.544545406470716,0.999964714050293,111.80691510623646,9.997741802822784,72.33044058947911,75.02291534794398,89.07744185042888,103.13196835291379,105.82444311137864,108.95502689141746,92.21170124597325,95.36209324053905,111.80691510623646,128.25173697193387,131.40212896649967,135.0651404944425,111.80611774621373,9.998574641825765,99.95389418380142,0.018256189072023966,92.2079323596392,95.35959892421293,111.80647509753165,128.2515679452785,131.40201166587178,135.06501451851648,2,19.360226555552927,0.019445126876235008,54.20516794976753,20.45153811592331,0.9805548787117004,104.70252056015411,10.779676113493098,14.120889814109681,20.565381303054778,54.20516794976753,87.84495459648026,94.28944608542537,101.78256016661095,83.57474361270093,86.97153120751284,104.70252056015411,122.43350991279539,125.83029750760728,129.7797971696276,103.7205937168021,13.065052026677666,122.07509045300864,48.62055412158237,78.71216507303042,84.81031733438134,104.43833559435896,122.3315924838884,125.74056826544059,129.7012919491646,2,27.445750584964557,0.005720316898077726,57.539702630289966,21.29656516365721,0.9942796230316162,110.17047313193035,9.150285130094568,15.79920191511146,22.509970179240014,57.539702630289966,92.5694350813399,99.28020334546846,107.08292172313614,92.23624382867258,95.11959344805418,110.17047313193035,125.22135281580653,128.1047024351881,131.45721949119337,109.86940182809693,10.079609567671971,85.84317747375108,15.754626437140889,91.32364023038387,94.63461945589908,110.1053896511911,125.19642389986058,128.082808148267,131.43826056633378,2,21.29694247366973
194,357,set,0.829,131.3342336732,138.65585077080001,136.8803035129,137.1093241195,137.5484928010667,0.05488517880439758,74.37970609707332,40.57831101189698,0.9451148509979248,124.05265808005728,9.788548150672023,-5.152322039709844,7.634324053589694,74.37970609707332,141.12508814055695,153.91173423385646,168.7789736517679,104.86745624380396,107.95192915183527,124.05265808005728,140.15338700827928,143.2378599163106,146.82422626031956,121.32635292578627,17.5761578819722,180.93071565318917,127.99104893151168,69.84357132818154,101.14126893613914,123.5009758433826,140.16759786345418,143.43035282349462,147.41808057610675,2,16.22213987528042,0.004256049636751413,108.72749773225402,10.145701020195213,0.9957439303398132,120.8540260372119,12.45534156347064,88.84228913476011,92.03930461122067,108.72749773225402,125.41569085328737,128.61270632974794,132.32992773123914,96.44200515766462,100.36681229161778,120.8540260372119,141.34123978280599,145.26604691675917,149.82948340384434,120.80241251091175,12.471441592615532,154.91336335546077,0.6231998361066406,96.36270844113119,100.28754119954729,120.8029143416242,141.31582206045454,145.24350585801957,149.8096614049495,2,16.746080290154936,0.0017012374009937048,103.80000708825605,7.088069417304538,0.9982988238334656,117.59217563312828,11.407748207011064,89.90764631041935,92.14117039911886,103.80000708825605,115.45884377739323,117.69236786609275,120.28932230825637,95.23340000268522,98.82809961947697,117.59217563312828,136.35625164677958,139.95095126357134,144.13056642210168,117.56871908085222,11.415911008579105,130.00080507518393,0.3230654880305953,95.20415317900488,98.79217584507066,117.56907849357101,136.34685549143182,139.94263931033092,144.12329113855264,2,19.979773720214467,0.06529715657234192,75.5748650930391,21.721374001565817,0.9347028136253357,106.42022801116778,11.563289645178457,33.00175435524541,39.84638428419413,75.5748650930391,111.30334590188404,118.14797583083276,126.10633732282773,83.75659676381306,87.40030909880558,106.42022801116778,125.44014692352997,129.0838592585225,133.32046229414715,104.40611034760208,14.623848397909905,155.78718194427054,58.06943515651609,68.65661433106209,80.4514979080868,105.57635276698933,125.14306778579387,128.8415300622091,133.1425981129937,2,33.142382453464606,0.008955094031989574,76.74548327284941,23.116532029241814,0.9910448789596558,120.6361509527382,8.269974394633826,31.437913048068836,38.722171722011126,76.74548327284941,114.76879482368768,122.05305349762997,130.5225784142731,104.42729898618747,107.03325357492895,120.6361509527382,134.23904833054746,136.84500291928893,139.8749883040668,120.24310263835405,9.469017874010769,72.56538347609947,17.096525524541374,103.16797120594624,106.37531008343099,120.5479337636006,134.2077743528163,136.81933199769165,139.85609245234303,2,17.30539016271264
195,359,set,1.493,10.4097485212952,114.09071695169999,114.76610552919999,114.4599812422,114.43893457436666,0.003559836884960532,21.110083210376672,7.7813838913422835,0.9964401125907898,115.62429699334359,12.358955747277035,5.8588510334656565,8.310845694000552,21.110083210376672,33.90932072675279,36.36131538728769,39.21228908309644,91.40118884215629,95.2956238071022,115.62429699334359,135.95297017958495,139.84740514453088,144.37552742138635,115.28783596713508,13.568450575928603,152.41558437133122,31.686595127876714,90.61730170953537,94.87738780134107,115.56895982811511,135.93166578059308,139.82858063947825,144.35910158912338,2,-0.8489013927684255,0.00013164572010282427,20.666437428411484,9.764831242002272,0.9998683929443359,126.73856173631367,11.26313072632636,1.5277198789755033,4.604719343434994,20.666437428411484,36.72815551338797,39.805154977847465,43.38283182861105,104.66323115954754,108.21236031028718,126.73856173631367,145.26476316234016,148.8138923130798,152.94052195654706,126.72460269540169,11.328474743125682,126.85397100885885,1.480989913830895,104.6383954370798,108.19867887234241,126.73670255955419,145.26411740458215,148.81334135061672,152.93996132317702,2,-12.28566812103503,0.003048605751246214,11.874621548818872,1.8056602433253823,0.9969513416290283,123.40623349741148,10.151692224182845,8.335592503585293,8.904574748543038,11.874621548818872,14.844668349094706,15.413650594052452,16.075215417118944,103.50928235587779,106.70818572276926,123.40623349741148,140.1042812720537,143.30318463894517,147.02260112105617,123.06621109017712,11.855813705575354,102.752609572176,37.80691210801256,102.96334698402288,106.415355912272,123.36732723228923,140.08930488870018,143.28996304736756,147.01105908962518,2,-8.627276515810465,0.006374981254339218,25.21073424698598,4.038983599356738,0.9936250448226929,111.15908460197679,10.547708402195957,17.294471858098817,18.567197424386535,25.21073424698598,31.854271069585423,33.12699663587314,34.60681515663535,90.48595601424219,93.80964818059824,111.15908460197679,128.5085210233553,131.83221318971138,135.69672361942807,110.61116837832137,12.547554348854767,110.64890984802115,46.79252933751437,89.2155948962396,93.15344296745312,111.07426792714524,128.475830344204,131.8033410978762,135.67142867410666,2,3.827766196045289,0.001571435364894569,23.992706305529175,1.7396155052115656,0.9984285235404968,116.63532569642337,8.89622894690192,20.583122568367056,21.131293432280913,23.992706305529175,26.854119178777438,27.402290042691295,28.039657137726586,99.1990373622729,102.00233124692106,116.63532569642337,131.26832014592566,134.0716140305738,137.33104899402923,116.489739014933,9.617157839099185,79.0232738632443,13.465893390846547,98.95918630520019,101.87178394083548,116.61777737406338,131.26156741458394,134.0656670715614,137.32583004955592,2,-2.0508044405663384
196,362,set,0.229,14.861967986132,13.5751041278362,13.6961366896355,13.802170998685101,13.691137272052266,0.1858612447977066,55.78540246092134,15.080738469662327,0.8141387701034546,-6.4847154329736725,13.594013782959669,26.22769820011548,30.979795091990656,55.78540246092134,80.59100982985201,85.3431067217272,90.86844633878621,-33.12849285291573,-28.844878308703198,-6.4847154329736725,15.875447442755842,20.159061986968375,25.13968963069644,5.088886095855809,27.91884730411368,192.72075009083278,586.7412850854748,-31.912340687930865,-27.46043583606133,-2.540967038326585,65.07194609242485,72.45457308860202,80.05097196735046,2,8.602251176196457,0.9944754242897034,16.337161085406457,9.50326968258956,0.00552456034347415,70.83361830184376,13.82353984141599,-2.2889052278404733,0.7056734801010478,16.337161085406457,31.96864869071186,34.96322739865339,38.445072307935455,43.73997807381388,48.09591865638248,70.83361830184376,93.57131794730503,97.92725852987363,102.9919808236407,16.638229800753965,10.35304022251409,90.86888807241434,16.31654952257217,-2.2664437332798424,0.7311688121516507,16.403322939856473,32.475394973969124,35.93053287779435,41.097540126386555,2,-2.947092528701699,0.9990594983100891,16.297779243089373,5.637469699370486,0.0009405118180438876,42.25125795216152,19.19288812753185,5.248541668387372,7.024966761250798,16.297779243089373,25.570591724927944,27.34701681779137,29.41249489318956,4.633888462892685,10.681766303916888,42.25125795216152,73.82074960040613,79.86862744143033,86.90059244434893,16.322188961600684,5.72106128630574,32.097627940595814,0.6329169993454736,5.248306585493998,7.025683168950302,16.30325752738128,25.609969858168387,27.41664012680507,29.563875572213583,2,-2.6310516895484177,0.7990589737892151,18.207731774098725,8.305366332979228,0.2009410262107849,-0.39873201487134224,14.346235303476737,1.9295128830479378,4.54661983813719,18.207731774098725,31.868843710060254,34.48595066514951,37.52890308595532,-28.516836523422807,-23.996189186894316,-0.39873201487134224,23.198725157151625,27.719372493680115,32.975601983861424,14.46892984618927,12.331349881667517,96.47494707446216,55.587242829639294,-16.94601603848472,-10.184772178407881,16.21718190000203,31.184493848469426,33.92912246589679,37.11905047395486,2,-0.7777925741370044,0.9710959196090698,18.033969484901363,5.522175106148108,0.0289041418582201,13.853817055738809,15.490364155997552,7.210705160527418,8.950799732892513,18.033969484901363,27.11713923691021,28.857233809275304,30.880469803170268,-16.506738797426593,-11.625564609052855,13.853817055738809,39.33319872053046,44.2143729089042,49.88979277816215,17.913146874599096,6.085970509259644,36.54859357173115,0.49046319152204565,6.255007240059595,8.41041817349006,17.990590102705802,27.351266600299734,29.265138670363722,31.72107263133752,2,-4.22200960254683
197,365,set,0.952,11.8306121348008,123.76366288950001,123.71214114659999,123.7527272007,123.7428437456,0.0038862735964357853,29.00246207392211,19.50001918807556,0.996113657951355,106.58577127191901,9.882229037829052,-9.216873232545979,-3.0722152132072864,29.00246207392211,61.07713936105149,67.2217973803902,74.36629025585728,87.21695827079816,90.33095099668074,106.58577127191901,122.84059154715729,125.95458427303987,129.5752737848573,106.28425400982721,11.048017060665401,98.75667505581319,23.30123265732933,86.52941888253206,89.96507290588798,106.53745369721719,122.82199997898347,125.9381458356033,129.56102525349027,2,17.45858973577279,0.009024262428283691,22.72379790049505,10.430388787371468,0.9909757971763611,103.90102496178206,10.207045042019494,2.280611532496561,5.567335073073117,22.72379790049505,39.880260727916976,43.166984268493536,46.98851068141609,83.89558429084572,87.11192990395924,103.90102496178206,120.69012001960486,123.90646563271838,127.64616249552321,103.1684665545643,12.773239499720445,104.22536970694223,58.93091202616857,82.04368220151315,86.18926186111769,103.78452589557807,120.64527993833465,123.8669087325267,127.61150537495952,2,20.574377191035694,0.009589111432433128,21.365105630572018,5.093026888505428,0.9904109239578247,105.90814378258054,9.342133291155555,11.382956356807282,12.98782188085249,21.365105630572018,29.74238938029154,31.34725490433675,33.21325790507946,87.597898993143,90.54170195515923,105.90814378258054,121.27458561000185,124.21838857201807,127.64119570346642,105.097454917021,12.432541890431667,86.68729468257608,67.88119407697042,85.77081264580444,89.63923853878518,105.79477782894651,121.23094897065668,124.17985194808416,127.60743301976291,2,18.645388828579,0.007449585013091564,28.016830836954504,11.27628785397709,0.9925503730773926,107.55821464340593,8.19519727290286,5.915712763852948,9.468987861791447,28.016830836954504,46.564673812117555,50.11794891005606,54.24939911312666,91.49592314231546,94.07831468548885,107.55821464340593,121.03811460132302,123.6205061444964,126.6230943965688,106.96565983496814,10.695317483177183,67.60818153082761,46.78115502101934,90.31418393589325,93.47629556464308,107.48112337998951,121.00842698487409,123.59433139090974,126.60021978971854,2,16.777183910631862,0.005270525813102722,24.838825214440384,5.175210490829625,0.9947294592857361,106.43625712127877,9.069153296125998,14.695599040000461,16.326361468361963,24.838825214440384,33.3512889605188,34.98205138888031,36.878165137495735,88.66104329059908,91.51882742876703,106.43625712127877,121.35368681379052,124.21147095195845,127.53426261107197,106.00619416410707,10.81038017465337,81.9572014092319,34.90695066229386,87.77929098620487,91.05717720982955,106.37603181428526,121.33049161878408,124.19102561974246,127.5163096874954,2,17.736649581492927
198,367,set,0.053,108.6121034938,108.1474387009,105.4611362003,105.5484052374,106.38566004620002,0.8582783937454224,114.28337386199283,10.2747411032266,0.14172159135341644,71.92698763746603,18.617411802145764,94.14525134919535,97.38292869236318,114.28337386199283,131.18381903162248,134.4214963747903,138.18599598380408,35.43753101990938,41.304070310257416,71.92698763746603,102.54990496467462,108.41644425502267,115.23756400353068,108.280557699318,18.919684788289295,139.73055206158958,218.2237457153043,54.62833975876886,64.89383070016603,112.20780787933253,130.4227599555432,133.75292320443552,137.6028350575567,2,-1.8948976531179795,0.999798595905304,109.57715550089293,5.613885097012306,0.00020142107678111643,127.44918829075644,31.836533646626226,98.57414289740265,100.34313623778341,109.57715550089293,118.81117476400243,120.58016810438319,122.63700516143706,65.0507289507714,75.0827504525407,127.44918829075644,179.81562612897216,189.84764763074148,201.51204065641505,109.5807571658303,5.637165134791536,31.71351181868096,0.06432285812635453,98.5704905395303,100.34096728719365,109.57775750554646,118.81750460978888,120.59165856801881,122.66045404853553,2,-3.19509711963029,0.9999982118606567,111.64834265074943,1.9159806538036241,1.788286226656055e-06,103.56208826579297,28.745283544536164,107.89308957421882,108.49683492317168,111.64834265074943,114.79985037832716,115.40359572728003,116.10558017142887,47.2223677931102,56.28030436981417,103.56208826579297,150.84387216177174,159.90180873847572,170.43361752832584,111.64832820661138,1.916394543756362,3.672452946920251,0.00011693137438252855,107.89269597349004,108.49549053695817,111.64834179370759,114.80119174052388,115.40400948674349,116.10678901096891,2,-5.262668160411366,0.9950944185256958,110.88713766531939,5.853263298184847,0.004905564244836569,29.018207861426518,43.97909908025944,99.41495240884696,101.2593762997981,110.88713766531939,120.51489903084067,122.35932292179182,124.50386429525298,-57.17924240840061,-43.3209727707964,29.018207861426518,101.35738849364941,115.21565813125363,131.32889150901957,110.48552245998403,8.734949465022925,43.580774435834485,32.7183573996864,98.92110772877572,100.99738023003691,110.85323829603313,120.50648115961745,122.35640433302447,124.51022856556378,2,-4.09986241378401,0.9503795504570007,107.73855482821497,7.3746903266998665,0.0496203787624836,78.12794524032408,13.06488208659055,93.28442739074731,95.60826869669876,107.73855482821497,119.86884095973119,122.19268226568263,124.89464999144276,52.52124688834408,56.638126554502286,78.12794524032408,99.61776392614587,103.73464359230407,108.52140590705827,106.26925753928533,10.075004003254183,60.15715601046224,41.347750319784915,78.23342411132715,90.42546813068299,107.2680688495202,119.68863625423857,122.03401660047055,124.755891781529,2,0.11640250691468168
199,369,set,0.385,105.57341036529999,110.5376540438,110.4681252509,110.6032333528,110.53633754916666,0.23843269050121307,85.03150014186814,24.70526889144834,0.7615673542022705,103.21284236892042,12.193469952903538,36.61006288625159,44.394949000957936,85.03150014186814,125.66805128277832,133.45293739748467,142.5045499050963,79.31408041465818,83.15636909176322,103.21284236892042,123.2693156460776,127.11160432318266,131.57909527103843,98.87782063877464,17.854454605287025,258.7578413487018,60.024144961620486,54.02963821082135,64.85526793410004,100.90509849125515,123.6167267622808,128.20146748054015,134.04224511614174,2,11.658516910392024,0.8587863445281982,101.61259619403455,7.637344415503586,0.14121367037296295,119.22062309878976,17.98215039748538,86.64367620211941,89.0502825319159,101.61259619403455,114.17490985615319,116.5815161859497,119.37971613835902,83.97625595513578,89.64261779709906,119.22062309878976,148.79862840048045,154.46499024244372,161.05336044666254,104.09909181542659,11.547906621125332,95.75470652279515,37.59960228566949,86.44161131008435,89.08777804754217,102.62894892655835,126.14613852128352,135.88652747449768,145.64993137817683,2,6.43724573374007,0.9064890742301941,100.90918634749568,5.750250138566156,0.09351089596748352,108.20007399008884,14.329280049184728,89.63890317380955,91.45086655119692,100.90918634749568,110.36750614379443,112.1794695211818,114.2862685325521,80.11520116929843,84.63050572958396,108.20007399008884,131.7696422505937,136.28494681087923,141.53496416904557,101.5909607760247,7.326669273343284,49.173832863225016,4.505942196202176,88.90205929318186,91.05062975427577,101.18837825352168,113.06231294322768,117.80443635406235,126.01576286392536,2,8.945376773141959,0.6664596199989319,90.81914619165042,14.296409281109828,0.3335403800010681,78.37457957400852,19.31765164291648,62.798698892430984,67.30364553323422,90.81914619165042,114.3346468500666,118.83959349086985,124.07756752917801,40.51267808800121,46.59987020497227,78.37457957400852,110.14928894304475,116.23648106001582,123.31415740496882,86.66838071305354,17.178746663009655,260.6837134575693,34.425623454295554,49.96461794094005,56.83868048073485,87.52398700495246,113.35609296111532,118.20720437251443,123.8787990326441,2,23.867956836113123,0.18287697434425354,86.53689872848584,17.39204286503782,0.8171230554580688,102.52387662960848,9.933271209120507,52.44912109543489,57.9295339418329,86.53689872848584,115.14426351513876,120.62467636153679,126.99684067279375,83.05502281106365,86.18509945379397,102.52387662960848,118.86265380542298,121.99273044815331,125.63212098921707,99.60022953759236,13.19601986238963,135.9426354856279,38.19260036812345,67.415597267164,75.32626413917647,100.87185858572248,118.50715235324618,121.84879967742141,125.8011414627293,2,10.936108011574305
200,374,set,0.647,29.6886110034899,90.40128225178749,90.9047935915757,91.1764035467621,90.82749313004177,0.015397817827761173,40.39431614998851,25.611674039904955,0.9846022129058838,80.97526126027041,10.293560673727118,-9.803642552004675,-1.7331387868480306,40.39431614998851,82.52177108682504,90.5922748519817,99.97597960334839,60.800253067087404,64.04386065184532,80.97526126027041,97.90666186869551,101.15026945345342,104.9216642499059,80.35040574884886,11.806476345475259,114.42620142348503,24.96688069496451,58.226861773830436,62.72774269921644,80.79663330211142,97.84848995375006,101.10620634668453,104.89699417085413,2,10.477087381192916,0.11141424626111984,35.96407539055308,10.897573064949897,0.8885858058929443,90.6022146249138,10.629255196869002,14.605224664357504,18.03916280970156,35.96407539055308,53.88898797140459,57.32292611674865,61.315621322404,69.76925725656535,73.11864566255103,90.6022146249138,108.08578358727657,111.43517199326224,115.32955985478756,84.51475225028109,20.22807091555864,113.62460425842313,295.5506212295398,27.70960191331143,34.56093610041212,88.9249395608664,107.46968707232172,110.89292587440079,114.85490413795354,2,6.312740879760682,0.03944983705878258,34.81295702278459,10.077485756947244,0.9605501890182495,86.4804132884365,9.65462543017269,15.061447884452619,18.236968024918106,34.81295702278459,51.38894602065106,54.56446616111655,58.25669458913566,67.5576951610735,70.59996763275902,86.4804132884365,102.36085894411396,105.40313141579949,108.94043063257936,84.44214281266727,13.953443546703822,93.54096118759448,101.15781156509416,38.25636478959555,64.38502016184178,85.98323318249687,102.17172062262729,105.23637100101644,108.79432270751285,2,6.3853503173745025,0.04195820167660713,34.94125672504213,16.049013524121033,0.958041787147522,85.8802103834878,9.514692127488575,3.485768230368649,8.54297862089841,34.94125672504213,61.33953482918584,66.3967452197156,72.2768452173338,67.23175648962341,70.2299345282616,85.8802103834878,101.530486238714,104.52866427735219,108.01469418642398,83.74290253290526,14.207121423734536,97.53812490610906,104.30409586765764,38.83392577803339,63.740919275584695,85.35856407146576,101.33203486844923,104.3537560605109,107.86141042091664,2,7.084590597136511,0.05102071166038513,31.148956907183248,10.216537685767909,0.9489793181419373,84.82562483892578,10.428974178979564,11.12491099638195,14.344247839861495,31.148956907183248,47.95366597450499,51.17300281798454,54.91617763252755,64.38521105242765,67.67148883524798,84.82562483892578,101.97976084260357,105.2660386254239,109.0870467486217,82.08700556949071,15.74927232703212,108.53973596158525,139.50004368572172,30.892708595892458,50.48225930098502,84.12235528152841,101.7136011999001,105.03144479150471,108.88144865945966,2,8.74048756055106
201,375,set,0.647,91.1764035467621,90.58660260382129,90.5618274652288,90.568060992155,90.57216368706837,0.04297982528805733,61.92307755402649,36.44220722949605,0.9570201635360718,107.90923531585189,9.694242483710351,-9.502336132930964,1.9809808184727302,61.92307755402649,121.86517428958024,133.34849124098395,146.70032886772037,88.90886919038147,91.96362540597386,107.90923531585189,123.8548452257299,126.9096014413223,130.46141570826785,105.93275708359991,15.297127228357237,147.01785316398852,86.98412286374247,69.3633612161357,87.61014376057221,107.47870984916628,123.83276665134038,127.00083695659174,130.7913062729812,2,-15.360593396531542,0.0484204962849617,86.19311614678202,10.299953474145328,0.9515794515609741,108.12625241394144,12.417571452585422,66.00557829501896,69.25120031740265,86.19311614678202,103.13503197616137,106.38065399854507,110.15439101407958,83.78825959142128,87.70116497222725,108.12625241394144,128.55133985565564,132.46424523646158,137.01384336341377,107.06423343157638,13.192145952293206,151.86670602473933,22.16541097286255,80.14041618096186,84.75724010181702,107.36539474454214,128.25120917087597,132.19964496544017,136.78193445792039,2,-16.492069744508015,0.008676429279148579,82.52168282203966,13.053939419124406,0.9913235902786255,102.92519508328988,9.481143122513448,56.93643170418811,61.049863222488085,82.52168282203966,103.99350242159124,108.1069339398912,112.88968703757766,84.34249603089388,87.33010243057763,102.92519508328988,118.52028773600213,121.50789413568586,124.98163222982598,102.7481674650966,9.704180777116797,90.59064426931235,3.580686760706591,83.56252564057128,86.84345962198543,102.83364007640047,118.48259829760758,121.47457560011941,124.95246571166075,2,-12.176003778028232,0.08349645137786865,69.45180249701195,22.63495309224987,0.9165034890174866,102.31738256078472,11.286744061873415,25.08810964444867,32.2206178073483,69.45180249701195,106.68298718667559,113.81549534957523,122.10857750218159,80.1957706967915,83.75234065413923,102.31738256078472,120.8824244674302,124.43899442477793,128.57427561396702,99.57321715439322,15.562491867187726,159.53258546376946,82.65797668285745,57.51802882233772,72.50018851953608,101.23355424159958,120.51402347996414,124.14475394236509,128.3712182365039,2,-9.001053467324851,0.021740183234214783,64.50113285636856,24.69849053172823,0.978259801864624,105.93618737492417,8.847931797468727,16.092980941677688,23.875731125028764,64.50113285636856,105.12653458770833,112.90928477105942,121.95841379687235,88.59455971421872,91.38263466683847,105.93618737492417,120.48974008300986,123.27781503562963,126.5195547016239,105.0353801187989,11.240971460538928,89.84579350138449,36.51348147923526,84.60247742104463,89.58845704562466,105.71318100129731,120.4174334973604,123.22336159424123,126.49059394837738,2,-14.46321643173053
202,379,set,0.229,24.2217843461874,24.0842447614359,24.291289483669203,24.8939951451731,24.423176463426064,0.2049313634634018,58.51046343969335,15.891321774283753,0.7950685620307922,2.5329352926251403,13.406452880964558,27.36404509536004,32.37156518220981,58.51046343969335,84.64936169717689,89.65688178402667,95.47920606499729,-23.743229514498648,-19.518717353183437,2.5329352926251403,24.584587938433707,28.80910009974892,33.721008450685744,14.004486270396395,26.55569236561949,194.65220006230732,510.5525823426152,-22.402900572901505,-17.992074281980653,6.936693138247017,69.53189639761705,77.02528096209645,84.83667088456329,2,10.418690193029668,0.9933474659919739,26.203539426181017,9.335889502391288,0.006652477663010359,75.1753207467174,14.207746678800794,7.905532237848522,10.847367717354526,26.203539426181017,41.559711135007504,44.50154661451351,47.92206612234919,47.32864895479928,51.805657091284175,75.1753207467174,98.54498440215062,103.02199253863553,108.22748202785644,26.529321631094874,10.186755475787681,87.92187527960198,15.848072187989889,7.932113296997084,10.877536497943018,26.281856413260606,42.160639361176926,45.65621053080224,51.22688216714882,2,-2.10614516766881,0.998444139957428,25.976116904435948,6.517975553230113,0.0015558842569589615,47.766046958234085,17.629445826528514,13.20111956799239,15.255001175324363,25.976116904435948,36.69723263354753,38.7511142408795,41.139195475742994,13.212968070838222,18.768189049324153,47.766046958234085,76.763904867144,82.31912584562994,88.77827077729687,26.010020142562638,6.605985208819019,42.90147086595383,0.7375860947268154,13.200976196207746,15.25656679162593,25.986088661006654,36.765240455091345,38.869461785290284,41.390795591620055,2,-1.5868436791365745,0.8062421083450317,26.823727266313966,9.027071202268196,0.19375792145729065,7.505824375048242,15.055145885151255,9.130992823989612,11.975516458513932,26.823727266313966,41.671938074113996,44.51646170863832,47.82383516652588,-22.001719341844616,-17.257686938426342,7.505824375048242,32.269335688522816,37.01336809194109,42.52933099834458,23.0807313545979,12.958107341701599,109.61573872947478,58.29682302588401,-9.530003087513945,-2.388153764484391,24.77095030604682,40.94647486976307,43.91792074770594,47.36744615522095,2,1.3424451088281621,0.9591757655143738,25.342808020191782,6.805326820193865,0.04082415997982025,20.863362677125608,14.76124144648254,12.004612549587316,14.14904151740577,25.342808020191782,36.53657452297779,38.68100349079624,41.174365600502895,-8.06813892508011,-3.4167188544276037,20.863362677125608,45.14344420867881,49.79486427933132,55.203145334353806,25.15993653869925,7.355468154364305,53.317151548542874,0.7857130574798081,10.685133471518027,13.358735433028965,25.25783415528628,36.79807034443195,39.119643445787254,42.00059991316715,2,-0.7367600752731853
203,381,set,1.153,24.685421333239898,109.79124950559999,109.8593251341,109.8708281634,109.84046760103332,0.003744840621948242,28.370711464014235,17.51669412052172,0.9962551593780518,114.89586388036162,10.079283251786272,-5.961378140412862,-0.4416863923254546,28.370711464014235,57.183109320353914,62.702801068441325,69.12063559151363,95.14083171688276,98.31691826658974,114.89586388036162,131.4748094941335,134.65089604384048,138.34378304501007,114.57184097477263,11.41453863400722,102.36055177811798,27.93114044912969,94.46587993131791,97.95744791630091,114.84837894156088,131.4565284541681,134.63485193971826,138.32971463473146,2,-4.731373373739302,0.0009423057199455798,33.58968494025094,10.98851828524039,0.9990577101707458,112.40818180738728,10.557906679606086,12.052584857719939,15.515180783950704,33.58968494025094,51.66418909655117,55.12678502278194,59.15280109197883,91.71506496322448,95.04197071242203,112.40818180738728,129.77439290235253,133.10129865155008,136.96954556581048,112.3339124731956,10.831729290494117,111.47813807160131,5.848421874117598,91.54629912090232,94.94950930161296,112.39570083275494,129.76958659015915,133.09711444355153,136.96590355197898,2,-2.4934448721622715,0.0017778389155864716,28.683496948843384,5.14233905454103,0.9982221722602844,114.3749137924717,9.03798313190438,18.60469760564921,20.225101903967364,28.683496948843384,37.1418919937194,38.762296292037554,40.646366475972094,96.6607923610586,99.50875445763255,114.3749137924717,129.24107312731084,132.08903522388482,135.40040663699443,114.22256953511463,9.727192779107119,81.58692953811916,13.031495633097045,96.38404421548833,99.3583920415199,114.35473935389665,129.23332018594553,132.08220416872012,135.39444012131372,2,-4.382101934081305,0.0050035566091537476,33.25855565307197,10.437345560148094,0.9949964284896851,116.755149776176,8.473464842899416,12.801734260982666,16.09064995271653,33.25855565307197,50.42646135342741,53.715377045161276,57.5394523075521,100.14746385982679,102.8175403964871,116.755149776176,130.69275915586488,133.3628356925252,136.46737669921487,116.33736810102221,10.329292988290591,71.98543034084437,34.70866161907938,99.36962329804209,102.40904590305607,116.70174475532927,130.67222093761762,133.34465658734484,136.45150277787837,2,-6.496900499988882,0.002214212203398347,29.873855497625662,5.310286882273041,0.9977858066558838,114.01125051692001,8.542061656167121,19.46588446079501,21.13921085916602,29.873855497625662,38.6085001360853,40.281826534456314,42.22743009674851,97.26911731711189,99.96080942013042,114.01125051692001,128.0616916137096,130.75338371672814,133.88305749067018,113.82495462027649,9.407835810789114,72.86769359137803,15.639925394513966,96.94073401960853,99.78314653354064,113.98749255724765,128.05256254227487,130.7453045493786,133.87598233714937,2,-3.9844870192431614
204,382,set,0.053,109.8708281634,109.8807760615,109.88756194770001,109.87483608039999,109.88105802986667,0.8615142107009888,115.10898662903784,10.22938476226425,0.13848578929901123,73.56822939074195,18.725538132957112,95.05976091099708,98.28314600134536,115.10898662903784,131.93482725673033,135.1582123470786,138.90609412347706,36.86684905901459,42.76746007612933,73.56822939074195,104.36899870535456,110.26960972246928,117.13034521661743,109.35618207481382,18.563126646623854,138.70857371131115,205.88109718728245,56.46485328435883,66.90792397387482,113.1069726153858,131.19896596369597,134.51217116921785,138.34323678516304,2,0.524875955052849,0.9998014569282532,110.70102144133244,5.571396729228064,0.0001985341077670455,128.3372817111206,32.20812193659831,99.78128450846118,101.53688932407609,110.70102144133244,119.86515355858879,121.6207583742037,123.66202837781024,65.21052270571343,75.35963552641158,128.3372817111206,181.3149278958296,191.46404071652773,203.26457770517425,110.70452184820773,5.594827950241323,31.240250607073776,0.061739327751429846,99.77751695125988,101.53466768033391,110.70159904585276,119.8715082013852,121.6318001731805,123.68568646487537,2,-0.8234638183410681,0.9999983310699463,112.78346398266426,1.855653820276263,1.683472760305449e-06,104.59049587064727,29.061631944786022,109.14644932714862,109.7311850660165,112.78346398266426,115.83574289931202,116.4204786381799,117.1003603024197,47.63074392690793,56.7883651611372,104.59049587064727,152.39262658015733,161.5502478143866,172.19796156155763,112.78345183020245,1.8560159472152982,3.444867178643553,0.00011300246103295666,109.14480946938875,109.7301489933454,112.7834581633103,115.83717060951392,116.42195149093533,117.10216049533607,2,-2.902393800335787,0.9952402114868164,112.03009313459214,5.807800043031327,0.004759821575134993,29.603907856343135,44.57499334330402,100.64701422084056,102.47711216920314,112.03009313459214,121.58307409998113,123.41317204834371,125.54105641755237,-57.76147370764543,-43.71543161572824,29.603907856343135,102.92324732841448,116.96928942033168,133.30084885592308,111.63776290348214,8.672466499657835,43.027423529103864,32.18466370935473,100.17321735612181,102.22529922422916,111.9975225226571,121.57592711687901,123.41018273411434,125.54841372296768,2,-1.756704873615476,0.9484257698059082,108.96179216363649,7.303678589139133,0.051574259996414185,79.4597258719025,13.050192076723933,94.64684517426747,96.94830994620317,108.96179216363649,120.9752743810698,123.27673915300551,125.95268932215791,53.881819410193614,57.99407010208977,79.4597258719025,100.92538164171523,105.03763233361138,109.81901246541385,107.44024817358961,10.096998617091945,59.376043557769236,42.57368153612269,78.94840623180757,91.4089750651794,108.47669287599027,120.78962290159993,123.11334770915089,125.809909127602,2,2.440809856277056
205,384,set,0.494,10.038109683413099,7.15233910097958,6.97678961630448,7.01629815899353,7.048475625425863,0.02882782183587551,41.646850646645106,19.702998452864623,0.9711721539497375,44.255006303083405,11.425207294428956,3.0296832915820318,9.238302179631475,41.646850646645106,74.05539911365872,80.26401800170817,87.4828792096967,21.862011490098332,25.46221264616951,44.255006303083405,63.04779995999729,66.64800111606847,70.83401300295411,44.179817784891526,11.753892904500473,137.96350373562115,0.1904474118417312,21.096780722089132,24.95576376028543,44.21099497729906,63.33491661767021,67.08975152643103,71.5801558111221,2,-37.13134215946566,0.6859226822853088,15.281613313123913,10.28888384607717,0.31407731771469116,79.4262497022201,11.118085588876978,-4.884228466303298,-1.642094598378538,15.281613313123913,32.20532122462636,35.44745509255112,39.21713637469868,57.63520237098743,61.1386262965989,79.4262497022201,97.7138731078413,101.21729703345278,105.29078447530817,35.42798865599542,31.58863250237934,111.43622189949195,886.405481470885,-3.1714361879688067,0.31567878201087207,21.553981833353745,90.51952607632829,95.07806008757369,100.04395509272189,2,-28.37951303056956,0.724932849407196,15.574440591316602,6.268818044634087,0.27506715059280396,67.156215155952,13.264175484639065,3.287782998198983,5.263152493901384,15.574440591316602,25.885728688731817,27.86109818443422,30.15789212219997,41.15890892144031,45.33858800152262,67.156215155952,88.97384231038137,93.15352139046368,98.01330159554672,29.76289234333123,24.6462306736599,76.88332984487624,530.5533565743776,4.173843448833564,6.274604097355601,18.676985383756655,79.20839402564941,84.86807221053509,90.96079163208344,2,-22.71441671790537,0.15332140028476715,18.694688494906465,11.215396212824194,0.846678614616394,48.960179577964624,10.333483769137,-3.2870841545758793,0.24700335654477712,18.694688494906465,37.14237363326815,40.6764611443888,44.78560163113573,28.706923555626886,31.963111321255454,48.960179577964624,65.95724783467378,69.21343560030235,72.99945757573202,44.31983283436754,15.119662175433936,109.6946428483864,118.90957072043037,7.67331050226344,13.586955290356926,46.62512156367961,65.10925197387864,68.46778273037869,72.34727461844723,2,-37.27135720894167,0.39460882544517517,17.642267962715614,5.945903776619063,0.6053911447525024,54.837716406827,12.530736114655607,5.988510705001557,7.862126570239289,17.642267962715614,27.422409355191938,29.29602522042967,31.474508572704778,30.277924922326633,34.226489660263915,54.837716406827,75.44894315339008,79.39750789132736,83.98856772732286,40.16006255009833,20.96467162427629,109.00903291060843,330.5083753370287,8.553438963164272,10.841667161017515,43.08248236144928,72.22854109902477,76.58916953813176,81.54875641844015,2,-33.111586924672466
206,385,set,0.385,7.01629815899353,7.17584552987879,7.0863184449782795,7.08331680559412,7.115160260150397,0.05774390697479248,45.806296469833,17.40365775548094,0.9422560930252075,19.960627358280867,12.276471448790177,11.695754069829157,17.17982688850805,45.806296469833,74.43276605115794,79.91683886983684,86.29325868983048,-4.100814538582146,-0.23237123042785868,19.960627358280867,40.153625946989585,44.022069255143876,48.51997061389697,21.4530572711596,13.994444069315895,159.49896215361983,36.345502655591105,-3.813757271200053,0.09365836116693332,20.7625297566906,44.89152614661239,52.04949686123603,62.49198362879642,2,-14.337897011009204,0.9317097663879395,10.463626856575978,10.046071694727022,0.06829020380973816,73.52358202450978,11.864732870751974,-9.226311851196254,-6.0606906071102955,10.463626856575978,26.987944320262244,30.153565564348206,33.83428438606605,50.26913291164738,54.00783312924304,73.52358202450978,93.03933091977652,96.77803113737217,101.12507811444611,14.770003735386748,18.88544090184055,103.64480403761242,253.01506751783327,-8.920654347650336,-5.713724511949414,11.38778832418774,66.17473525573446,77.58419570625597,86.00357377261494,2,-7.654843475236351,0.9715359807014465,10.825461899458674,5.559592400202467,0.028464000672101974,54.49073575437984,15.991704844799688,-0.07113897366075861,1.6807461756138018,10.825461899458674,19.97017762330354,21.722062772578106,23.759007860203297,23.14757020717775,28.186722039273633,54.49073575437984,80.79474946948604,85.83390130158193,91.69300432236821,12.068350082172726,9.488666644218377,37.30850186306957,52.72629010918197,-0.0033532095522520733,1.757911745131291,11.028311991770371,21.941797830846156,35.84494165894989,60.595710398786544,2,-4.953189822022329,0.3718893527984619,13.948890500235812,9.616941518854102,0.6281106472015381,25.528534007380955,11.424405437995189,-4.8999685181461565,-1.869570637231563,13.948890500235812,29.76735163770318,32.79774951861778,36.32124195739715,3.137110804126838,6.737059286930439,25.528534007380955,44.320008727831464,47.91995721063506,52.10567531024168,21.22218787787184,12.152978023401873,116.37353882633732,31.32133601095172,-1.6387708652682955,1.7717461864056374,20.906970095126127,41.700830176029285,45.59491053958573,50.06454554686737,2,-14.107027617721442,0.7869700193405151,13.984209603288484,5.180652089053278,0.21302993595600128,35.2088575998285,13.941817674678829,3.830318092311865,5.4627952246354745,13.984209603288484,22.50562398194149,24.1381011142651,26.036208576802817,7.883397078434022,12.276608231336876,35.2088575998285,58.14110696832011,62.53431812122297,67.64237550758261,18.50569438153719,11.749564751772683,62.52915160542449,75.52310494148725,4.1069473377225725,5.874523372583308,15.486382212713007,45.294771903718164,51.776191699054195,58.56507087954294,2,-11.390534121386793
207,388,set,0.494,7.25736277597029,7.35088725209133,7.30287886787851,7.21835078008717,7.290705633352338,0.02792562171816826,41.07002720245029,19.192541992837942,0.9720743298530579,42.26453134899514,11.475073409617552,3.453336124715321,9.501104895112352,41.07002720245029,72.63894950978822,78.68671828018526,85.7185564649284,19.773800746191494,23.389715231651305,42.26453134899514,61.13934746633897,64.75526195179879,68.95954397992152,42.231172031238515,11.761184332176295,138.28663783319448,0.03873269087781776,19.16840500265639,22.984815836533276,42.24437386740858,61.447184602373184,65.21986077843306,69.73084214004402,2,-34.940466397886176,0.7080602049827576,12.49264437658065,10.247938383714235,0.2919398248195648,78.72653307277243,11.087377160318471,-7.592945771284867,-4.363714242646925,12.49264437658065,29.349002995808217,32.57823452444616,36.33291404883579,56.99567315553624,60.48942053724367,78.72653307277243,96.96364560830118,100.4573929900086,104.51962935836828,31.828954611975245,31.891611647071397,110.24879635154686,906.8261272882796,-6.0350840971876085,-2.584413604481912,18.048934932421957,89.25031178896523,93.89562587780243,98.9239060602598,2,-24.538248978622907,0.7725319862365723,12.95387754299314,5.810174206288973,0.22746799886226654,66.21732947621825,13.665126420788319,1.5661453547631563,3.3969914265588272,12.95387754299314,22.51076365942745,24.341609731223123,26.470363955600423,39.4341738472864,43.74019672023419,66.21732947621825,88.69446223220231,93.00048510515009,98.00716727371848,25.069608173712563,23.81365873698008,68.55562229048707,498.53471078570067,2.221415113477355,4.143864851007458,15.14872228254885,76.77818555120922,82.98489246983642,89.53621761759334,2,-17.778902540360225,0.15437918901443481,16.544200416605165,10.77608513309721,0.84562087059021,46.782358886690986,10.255060873487173,-4.576538338602887,-1.1808822989076262,16.544200416605165,34.26928313211795,37.66493917181321,41.61312315646897,26.682808915390254,29.91428481432747,46.782358886690986,63.6504329590545,66.8819088579917,70.63919794788728,42.11421929323505,15.040688075096853,106.85792638155631,119.36447710604698,5.905276603721196,11.571814389437323,44.43827113286849,62.80228962408458,66.13620443830807,69.98700385073086,2,-34.823513659882714,0.41699013113975525,15.844345466922661,5.495882233684879,0.5830098986625671,53.24677978513717,12.669596266145861,5.072614225626751,6.804423641547926,15.844345466922661,24.884267292297395,26.61607670821857,28.629679417234307,28.41482740482813,32.407148414756314,53.24677978513717,74.08641115551802,78.07873216544621,82.72066812384136,37.65033538071652,21.125220195001994,106.17904405651535,340.09592647702016,7.288067506253498,9.373869743110923,39.69462696671658,70.57025538241581,75.0155862931187,80.06163350771371,2,-30.35962974736418
208,390,set,0.952,5.64443661749233,109.35451311540001,107.2458399606,107.4964475111,108.03226686236667,0.0035138949751853943,27.84163055188592,18.202643543215313,0.9964860677719116,105.745110332467,9.936320936423602,-7.83489521623666,-2.0990537002765954,27.84163055188592,57.782314804048426,63.518156320008494,70.1873116605681,86.27027915824543,89.40131680163677,105.745110332467,122.0889038632972,125.21994150668856,128.86044941870352,105.47136174700422,10.990858067502355,99.54782227858567,21.250724372351,85.64923486720082,89.06959666110863,105.70119737649244,122.07205283319277,125.20508709034715,128.84736244013354,2,2.560905115362445,0.012006055563688278,17.338765302534703,10.109614807820908,0.9879939556121826,104.01098620739933,10.179904206377557,-2.4757156183671007,0.7099287188081647,17.338765302534703,33.967601886261235,37.1532462234365,40.857246218080675,84.05874059683151,87.26653385152065,104.01098620739933,120.755438563278,123.96323181796714,127.69298471584517,102.97039586980061,13.882390130030174,103.61332851605185,89.10754570297607,81.3942158048177,86.00371842294182,103.85593782312647,120.69575718558279,123.91061802771904,127.64690361356696,2,5.061870992566057,0.015981534495949745,16.625514004698722,4.275461084880125,0.9840185046195984,105.77189233735481,9.6481270519907,8.245764261031129,9.59300633234377,16.625514004698722,23.65802167705367,25.005263748366314,26.571723810053946,86.86191079718643,89.90213556259928,105.77189233735481,121.64164911211033,124.68187387752319,128.2167921932293,104.34720055416804,14.726409244507261,91.89083198755917,124.97672315247124,83.01302877467947,88.23646606291413,105.57548848456587,121.56621442178273,124.61534787006588,128.15839919075037,2,3.6850663081986283,0.007532654330134392,24.991560155089594,10.178944651511815,0.9924673438072205,105.34082500998065,8.153196701115824,5.041195237499821,8.24868612651209,24.991560155089594,41.73443418366709,44.94192507267937,48.67132640511349,89.36085311692285,91.9300098449015,105.34082500998065,118.75164017505979,121.32079690303844,124.30799682225825,104.73558157593577,10.724686545090211,66.75435121748065,48.264529840596076,88.16967716474875,91.32382996712128,105.26326707025025,118.72178589692929,121.29446463419688,124.28490240948251,2,3.2966852864309004,0.005590433720499277,22.199656423998746,4.3455075877587115,0.9944095015525818,105.63714838222455,9.128359034126898,13.682618057446142,15.051932507328683,22.199656423998746,29.347380340668806,30.71669479055135,32.308818762409565,87.74589343738499,90.62233391682568,105.63714838222455,120.65196284762342,123.52840332706411,126.87288701474716,105.17068977606026,11.030383968578006,82.96666613320703,38.70198842476096,86.79806305449254,90.12801774162462,105.57283039386427,120.62717476591311,123.50654341580754,126.85377040187979,2,2.8615770863064114
209,392,set,0.952,106.18931877739999,103.1432386254,104.323020794,104.3437684753,103.9366759649,0.02266830764710903,56.55380410784444,39.80236523235952,0.9773316979408264,114.09192796557612,9.190535650214906,-21.457398247089458,-8.91526070584932,56.55380410784444,122.02286892153818,134.56500646277834,149.1479518479411,96.07880909252349,98.97484206769332,114.09192796557612,129.20901386345892,132.10504683862874,135.4723110367501,112.78763671006992,13.849486634282462,118.4630199617021,73.34533115587602,91.41478064851542,97.01139094710075,113.86478786418785,129.1766458517458,132.1195966131531,135.58281891014187,2,-8.850960745169914,0.0007396969012916088,90.44867515497604,12.212908289285446,0.9992602467536926,110.5824883504382,10.812242176123165,66.51181476148588,70.36022865971917,90.44867515497604,110.5371216502329,114.38553554846621,118.860148389611,89.39088309311181,92.79793259156432,110.5824883504382,128.36704410931208,131.77409360776457,135.73552495047704,110.56758920043428,10.827222552525905,116.92842991857215,0.299629454732593,89.33044754045812,92.75702796123674,110.5734549312979,128.3632666500024,131.77075955372814,135.73264312877788,2,-6.63091323553428,0.00016587293066550046,83.36044603459845,12.53585463155782,0.9998340606689453,108.69724636186277,9.216046712655212,58.79062244131549,62.740800076944154,83.36044603459845,103.98009199225274,107.93026962788142,112.52320480600801,90.63412672521979,93.53819850039764,108.69724636186277,123.85629422332788,126.76036599850575,130.1369770389093,108.69303645499934,9.222512613817747,84.9474894084431,0.10646503769231412,90.61588678999657,93.5271844990727,108.695413787693,123.8556097036734,126.75979212724205,130.13650730141742,2,-4.75636049009934,0.019630614668130875,60.58827926940232,23.95323179791104,0.9803693890571594,111.9079009055051,9.474081440186737,13.640807632157063,21.188719069399,60.58827926940232,99.98783946940563,107.53575090664756,116.31182913888014,93.33904249613973,96.32442368658032,111.9079009055051,127.49137812442989,130.47675931487046,133.94791012237332,110.90046560514192,12.245230356615933,99.25941919212946,50.686293111484346,89.01272896478373,94.43298236377127,111.6779447816913,127.40510035921154,130.40219609976978,133.88533131427903,2,-6.963789640241913,0.005425008479505777,58.89341136247714,24.795651475807805,0.994575023651123,111.59423070574404,8.370476407187434,10.294827496686388,18.108194099870026,58.89341136247714,99.67862862508423,107.49199522826788,116.57672245868025,95.18839841421443,97.82602222807006,111.59423070574404,125.36243918341802,128.00006299727363,131.06687070031353,111.30833189952271,9.381116897737831,73.0202022070844,14.985550125798227,94.41977193080896,97.41573339763069,111.53893683682273,125.34218923866895,127.98290147900029,131.05313558556745,2,-7.371655934622709
210,393,set,0.494,104.3437684753,102.7209231734,103.29578634789999,104.89066354559999,103.6357910223,0.12470504641532898,77.07393970524915,30.36111246278491,0.8752949237823486,108.78127557041202,10.963763640702606,17.56725274762053,27.134353752555825,77.07393970524915,127.01352565794244,136.58062666287776,147.7044491365637,87.29269369962518,90.74748918096365,108.78127557041202,126.81506195986037,130.26985744119887,134.2868038074468,104.82720753770582,18.163297207731496,220.16680644826175,109.73823151805104,51.57252920569844,69.36687927851624,107.44122602386827,126.82493083097202,130.6518839346957,135.43087622450184,2,-1.1914165154058196,0.43758121132850647,98.62254571959548,8.515385897256769,0.5624188184738159,116.37555628614012,15.463205278585855,81.93269604651192,84.61598234160127,98.62254571959548,112.62910909758969,115.31239539267904,118.43229559831612,86.06823085456219,90.94084699936302,116.37555628614012,141.81026557291722,146.68288171771806,152.34835101183543,108.60717588596559,15.613270970883226,166.2101671716153,77.5644147724581,83.32426732902987,86.62064565741385,106.2230830388206,137.2132366364469,142.6818904389138,148.877948907676,2,-4.971384863665591,0.3115110695362091,96.72570888698777,7.771196973564965,0.6884889006614685,108.1174720859917,12.110130340887327,81.49444270203378,83.94322735926514,96.72570888698777,109.50819041471041,111.95697507194177,114.80421644519325,84.38205276976676,88.19808027192809,108.1174720859917,128.03686390005527,131.8528914022166,136.2898480588724,104.568808525815,12.149731340119954,119.78313808503819,27.832507674515373,82.9741364840909,86.05409535277236,103.69392165992517,125.76000643480123,129.8582076539234,134.551823959879,2,-0.9330175035150035,0.3542770445346832,84.08274093657994,17.751604644930786,0.6457229256629944,90.17042829960403,15.407166205284641,49.29023516472166,54.88394965215692,84.08274093657994,113.28153222100295,118.87524670843821,125.37914866312818,59.97293743342347,64.82789508579742,90.17042829960403,115.51296151341062,120.36791916578457,126.01285664626184,88.01369772529254,16.534812967384088,264.92179921930483,8.478009786031535,54.93910687377197,60.48729782060289,88.21504914037895,114.84494321815905,119.91412786805817,125.8144759944079,2,15.622093297007453,0.0677679106593132,79.78263746706276,21.002758284187937,0.9322320222854614,106.94281655903735,9.30830363642861,38.617987654054126,45.236174327331135,79.78263746706276,114.32910060679436,120.94728728007138,128.642359550477,88.69887667447406,91.63201956189218,106.94281655903735,122.25361355618253,125.18675644360064,128.59716893456968,105.1022207977668,12.540732940722659,110.66629280764491,46.60294915888812,72.66345067371978,85.23368620615744,106.26993056206963,122.07307465952294,125.07839138322554,128.5987992940413,2,-1.466429775466807
211,394,set,0.385,104.89066354559999,102.73767127389999,99.51823223773711,99.607744701366,100.62121607100103,0.2356289029121399,84.6253999509867,24.73400475317978,0.7643710970878601,102.62966822177017,12.16900130382713,36.14764144131182,43.94158252368398,84.6253999509867,125.30921737828942,133.10315846066158,142.16529932506253,78.77886393844804,82.61344229079292,102.62966822177017,122.64589415274742,126.48047250509231,130.93899853412864,98.38734224138962,17.768656544639754,257.3425100822952,58.38264531907421,53.75567166812906,64.619169073612,100.37971404394443,123.02869094347189,127.6130805987953,133.46694921033554,2,2.2338738296114116,0.8576234579086304,101.07262874439046,7.6654154046086935,0.14237651228904724,118.82800211455995,17.895448334156907,86.04869062481889,88.46414241403015,101.07262874439046,113.68111507475075,116.09656686396202,118.9050515745418,83.7535678924151,89.39260901619927,118.82800211455995,148.2633952129206,153.9024363367048,160.45904030173358,103.60057386702594,11.596674952022706,95.98840904063674,38.49414103155478,85.87535139067302,88.52312629741965,102.11209630120244,125.84559794442673,135.51342261063365,145.2065578849457,2,-2.979357796024914,0.9031128287315369,100.35966878772541,5.850753487547155,0.09688715636730194,107.76324398781065,14.232463903371668,88.89240266971088,90.7360356933345,100.35966878772541,109.98330188211632,111.82693490573995,113.97055672501777,79.86812732593583,84.35292411589384,107.76324398781065,131.17356385972744,135.65836064968548,140.87290613178234,101.07697864033754,7.438869670182895,50.54049680174164,4.796132929681731,88.17343137255662,90.34675779819224,100.66051554922502,112.81833087535836,117.65548097054072,125.7506086678895,2,-0.45576256933651393,0.6624823212623596,90.35795579091439,14.352169041086613,0.33751773834228516,78.25527937379263,19.21611256270853,62.22822137035386,66.75073848906243,90.35795579091439,113.96517309276634,118.48769021147491,123.746093727521,40.59239082801622,46.64758692911374,78.25527937379263,109.86297181847151,115.91816791956904,122.95864198137912,86.2730932044728,17.14187744019262,261.0927158962589,32.75168991847587,49.81425181481166,56.59550551451191,87.08463729271601,112.98378895599119,117.84997038237654,123.53717827441294,2,14.348122866528229,0.1845836192369461,86.01452935470816,17.46290960022678,0.8154164552688599,102.03277698389293,9.940091666303392,51.78785547298491,57.290599161649446,86.01452935470816,114.73845954776687,120.2412032364314,126.63933197776312,82.55055531491155,85.68278115434369,102.03277698389293,118.38277281344216,121.51499865287431,125.1568880995689,99.07607846469865,13.246710677840408,136.85693475591955,38.61914038064748,66.71940665950797,74.66391463875902,100.3645646789662,118.03050602684276,121.37931514127492,125.3430540487611,2,1.5451376063023758
212,395,set,1.378,99.607744701366,114.3941337773,114.3412645389,114.3063678134,114.34725537653334,0.019999388605356216,41.48646332276298,22.66862037104898,0.9800005555152893,100.46892172682621,11.622234111624689,-2.943216183704031,4.199900887457019,41.48646332276298,78.77302575806893,85.91614282922998,94.22156013039168,77.68976144814894,81.35204779504122,100.46892172682621,119.5857956586112,123.24808200550348,127.50628134400924,99.2893030061656,14.52024213956185,142.65188708286948,68.18499382952533,71.87400300951978,78.88101672625889,100.1744896049706,119.47240269384109,123.14828869946767,127.41891438730825,2,15.057952370367744,1.4461919818131719e-05,77.19179589567057,14.080407867836383,0.9999855756759644,111.14153196464162,10.111022734075865,49.594703587076836,54.03158594530383,77.19179589567057,100.35200584603729,104.78888820426428,109.94772280463965,91.3242915589872,94.51037954830812,111.14153196464162,127.7726843809751,130.958772370296,134.6632882064376,111.1410451647336,10.111892860836157,102.23417327988935,0.016668344725040328,91.32221586532937,94.50912469632564,111.14135111287632,127.77266048783729,130.95877324832395,134.66329637539653,2,3.2062102117997426,3.2419389754068106e-05,64.88017239725143,7.271857584778774,0.9999675750732422,111.00337477395829,9.903092005808286,50.62759343038061,52.91903107425348,64.88017239725143,76.84131372024936,79.13275136412224,81.7970428299293,91.59367110698751,94.71423797017039,111.00337477395829,127.29251157774618,130.41307844092904,134.04141180810123,111.00187887325764,9.90650286567326,98.0697656575139,0.06896514634774872,91.58830894878047,94.71124517034343,111.0029724643249,127.29239173676011,130.41298572457123,134.04134165220103,2,3.345376503275702,0.011900396086275578,39.09342971037576,13.395194816634467,0.9880996346473694,102.44212469333112,11.570313907538258,12.839330303874586,17.060294932512985,39.09342971037576,61.12656448823852,65.34752911687693,70.25531269441623,79.76472614473323,83.41065189754976,102.44212469333112,121.47359748911249,125.11952324192902,129.35869985411793,101.68825327990518,13.476003271323114,134.41433913373294,47.18864283625872,76.7823020606753,81.9907750543317,102.26746851008133,121.40642761132118,125.0602730131064,129.30676819948084,2,12.659002096628157,0.005119875073432922,41.12265036734365,12.488995477995852,0.9948800802230835,102.89242053798702,10.629321350024789,16.64466902738818,20.58008085838163,41.12265036734365,61.66521987630566,65.60063170729912,70.17639844648498,82.05933351183577,85.40874276336602,102.89242053798702,120.37609831260801,123.72550756413827,127.6199196631141,102.57616243174903,11.51685478853231,113.20258372319182,19.43489013274341,81.0593302963819,84.88400898460614,102.82386308523738,120.34970191444198,123.70216884671983,127.599545112542,2,11.771092944784314
213,396,set,1.153,114.3063678134,118.9616126341,118.34498794769999,118.2904195406,118.53234004080001,0.022834431380033493,53.09845906415585,35.02201257110306,0.9771655797958374,108.99534985538963,9.91956146874417,-15.543424241315194,-4.507625336563102,53.09845906415585,110.70454346487477,121.74034236962687,134.57184355357305,89.55336663421981,92.67912319575771,108.99534985538963,125.31157651502156,128.43733307655944,132.07170058962006,107.71897735637793,13.923874557115917,124.15821993253043,69.71619242762642,84.38862499460326,90.50160304649754,108.73737619240063,125.24415667610988,128.4011531968215,132.08997732728304,2,10.813362684422074,7.664075383218005e-05,90.43708832950811,13.299823348829579,0.9999233484268188,111.17992485069038,10.18078758488209,64.36991356505725,68.56082565637189,90.43708832950811,112.31335100264432,116.50426309395898,121.37710410217653,91.22594785006896,94.43401946647455,111.17992485069038,127.92583023490621,131.1339018513118,134.86397840484221,111.17833390116837,10.182688972793045,103.65404765564266,0.03297332711350972,91.2192243552636,94.42967222615478,111.17906322727889,127.92548825550868,131.13364376491737,134.86377767717477,2,7.354006139631636,3.8451336877187714e-05,81.04669464067257,10.139803366124855,0.9999614953994751,110.03654974321731,9.534199958094742,61.17304523274984,64.36820229732734,81.04669464067257,97.72518698401778,100.9203440485953,104.63540464464928,91.34986120394831,94.3541863620646,110.03654974321731,125.71891312437002,128.7232382824863,132.21641554641127,110.03542918358472,9.535952010647755,90.90142213318616,0.032313710829773384,91.34466119178573,94.35110173272065,110.03609286213297,125.71877400194722,128.72312943600244,132.21636003841644,2,8.496910857215283,0.014404150657355785,51.83458899038057,20.4886039295742,0.9855958223342896,107.79260529756044,10.07579049880352,11.6776631949093,18.133834505648245,51.83458899038057,85.53534347511288,91.99151478585182,99.49820918401032,88.04441880413466,91.21940475120027,107.79260529756044,124.3658058439206,127.5407917909862,131.23239910373292,106.98657468888415,12.270296458765237,106.10583567763129,44.45403036729603,84.89571039768057,89.73923911459273,107.60923547349209,124.29523543149169,127.47861881008832,131.1779732774347,2,11.545765351915861,0.0048373183235526085,53.023092577946066,20.893348983082564,0.9951626062393188,108.46863174688616,9.050292296376401,12.072881054677666,18.656591723959842,53.023092577946066,87.38959343193227,93.97330410121445,101.62829056633356,90.73038479642811,93.58222563822046,108.46863174688616,123.35503785555186,126.20687869734421,129.5227599900096,108.20041584174288,9.920840910811874,83.62321481030902,14.798986399974204,89.96453226270403,93.17359865606498,108.41393883891841,123.33402160818663,126.18841781861256,129.50672663532694,2,10.331924199057127
214,397,set,0.647,118.2904195406,120.323028829,116.82439517670001,116.6108683661,117.9194307906,0.07779131084680557,76.20278951133051,36.59123492056647,0.9222087264060974,120.98564275225044,10.155836485518032,4.48528691717587,16.01556403760336,76.20278951133051,136.39001498505763,147.92029210548515,161.3267310773193,101.08056900775725,104.28077827432,120.98564275225044,137.69050723018086,140.8907164967436,144.61165136944172,117.50193040224558,18.52424764122824,199.27376695831117,143.8744980550302,59.229416074951196,88.72529360694847,120.15761592637284,137.662021805296,141.08678336004996,145.28956879516682,2,0.4175003883544264,0.061037104576826096,105.2188305721473,9.164854193282425,0.9389628767967224,119.88963865002957,14.049207633998499,87.25604642975284,90.14398691184529,105.2188305721473,120.2936742324493,123.18161471454174,126.53946964058414,92.35369767606731,96.78074851745282,119.88963865002957,142.99852878260631,147.4255796239918,152.57298296134033,118.99417277003478,14.240613806300995,190.4594976906278,12.335320146234226,91.62936688534799,95.81987044757297,118.89931926703318,142.56704213982104,147.04523036356943,152.2397088760753,2,-1.0747419794347763,0.026167476549744606,101.88927942936073,7.493232772585849,0.9738325476646423,114.75289822393047,11.70378023808404,87.20281306731725,89.56400832578126,101.88927942936073,114.2145505329402,116.5757457914042,119.32114555955897,91.81391047431413,95.50189285027497,114.75289822393047,134.00390359758597,137.69188597354682,141.9799624990385,114.4162925594498,11.793207376497751,134.8633597632664,4.216697454488056,91.49502415621555,95.08740006587556,114.39617414987283,133.85309553748527,137.5588833710913,141.86336293291325,2,3.503138231150203,0.15302814543247223,82.35310988039616,20.35967877929832,0.8469719290733337,101.79521899682504,13.075437190113707,42.44887273616703,48.86441839670038,82.35310988039616,115.84180136409194,122.25734702462529,129.71680532477123,76.16783302208657,80.28803871069033,101.79521899682504,123.30239928295974,127.42260497156352,132.21323450620062,98.820036679777,16.03834398624325,208.2369929849825,48.99221241505377,61.86367511425844,70.51235369928655,99.97369304061809,122.72146257739082,126.99823826759807,131.9864398551637,2,19.099394110823,0.019737597554922104,80.26203802740963,22.972093629827317,0.9802623987197876,117.31578641182783,8.580096379675481,35.23756186346608,42.47630650171934,80.26203802740963,118.0477695530999,125.28651419135318,133.70311920542554,100.49910652378138,103.2027837621254,117.31578641182783,131.42878906153024,134.13246629987427,137.2760753837514,116.58443400127948,10.447266842614702,82.58087755106659,26.56445629584434,97.34567195203252,101.70234201057303,117.12275698262714,131.36734553656268,134.08720631355504,137.25406615572655,2,1.3349967893205275
215,398,set,0.494,116.6108683661,120.8602640216,122.57904847030001,121.4856479892,121.6416534937,0.16021151840686798,84.31284700452335,29.752893666353323,0.8397884368896484,117.33511115188162,11.351976419187771,25.99824698262094,35.373691945120584,84.31284700452335,133.2520020639261,142.62744702642573,153.52842793180758,95.08564621692561,98.66277156571303,117.33511115188162,136.0074507380502,139.58457608683761,143.74375736082084,112.04455882631245,19.918901406701497,250.04611853393163,146.71595350918275,54.23703678593918,69.72959323621741,115.41476745425157,135.83485538839423,139.81381950456114,144.7448348262248,2,9.597094667387552,0.4834471642971039,107.70217994752451,7.978817650678153,0.5165528655052185,122.90689611326637,16.714268368686483,92.06398471298284,94.57819279602212,107.70217994752451,120.8261670990269,123.34037518206618,126.26368542653917,90.1475320827038,95.41437116519214,122.90689611326637,150.3994210613406,155.66626014382894,161.79009879890825,115.55622286190707,15.258335407947117,175.0846907591262,57.73250661986907,91.34707972732332,94.85025333309878,112.86961115324583,144.63612121517653,150.66251740425048,157.45816264844913,2,6.085430631792931,0.48458924889564514,106.03808461767252,5.621123855968141,0.5154107809066772,115.16257202165173,13.73774922156723,95.02088430733605,96.79215865563988,106.03808461767252,115.28401057970517,117.055284928009,119.11477414972427,88.23707831873679,92.5659853884071,115.16257202165173,137.75915865489634,142.08806572456666,147.12135571735087,110.74094695611177,11.548887427979235,112.58287076330338,20.794295543322967,91.65941539634078,95.13126730191307,108.81442242097926,133.00493083999683,137.96073776204963,143.5483557411296,2,10.900706537588235,0.4345792531967163,91.20147133927065,16.45667332576614,0.5654207468032837,90.81270728448726,16.810191781003283,58.94698431542802,64.13265253182865,91.20147133927065,118.27029014671264,123.45595836311328,129.48541834445132,57.86533682050959,63.16240236375417,90.81270728448726,118.46301220522034,123.76007774846492,129.91906119644307,90.98165607708475,16.65859649932592,277.4716998042136,0.037137523140809404,58.324083072646886,63.577641524650154,90.98368805448158,118.37873784125325,123.62769172253482,129.73159227997533,2,30.659997416615255,0.060716934502124786,88.2793969075768,19.313364383850605,0.939283013343811,114.28232075720982,9.216914722244764,50.42589829493099,56.51173945216473,88.2793969075768,120.04705436298885,126.13289552022259,133.20900108252374,96.21749985303308,99.1218451470231,114.28232075720982,129.44279636739654,132.34714166138656,135.72407072651964,112.70349697268043,11.87447584839062,102.4413004049158,38.56121380409354,83.63189856038132,93.90137002088193,113.67593299553805,129.25508496668914,132.21125898861786,135.65949304468623,2,8.938156521019579
216,401,set,0.299,22.4152222671025,22.4332342083491,22.6883055624692,23.1749549189189,22.7654982299124,0.1246170625090599,53.99042545109509,17.54194591604844,0.8753829002380371,15.348873030788312,12.720368479104614,19.608843236890657,25.136492087296237,53.99042545109509,82.84435881489394,88.37200766529952,94.79909403943378,-9.582591058335282,-5.5742711982261035,15.348873030788312,36.27201725980272,40.2803371199119,44.940875199169454,20.16426921240672,18.51694572553322,179.99090454054567,162.88635931485055,-8.855247746952784,-4.74862497323967,17.543620683552618,58.489726888698115,68.72162980694148,78.60946670885151,2,2.6012290175056805,0.9760628342628479,25.14529207057145,9.679724872976994,0.023937178775668144,76.18078189329206,13.151437142906166,6.1733799392799895,9.223561505362857,25.14529207057145,41.067022635780035,44.117204201862904,47.663699450121726,50.404438748253625,54.548592809158535,76.18078189329206,97.81297097742558,101.9571250383305,106.77559973127357,26.366938042219,12.507968241454531,95.59441283271676,60.85486576109587,6.27382669127612,9.337532738736254,25.44282695960199,43.816512088465515,52.9491964674549,78.91137748121399,2,-3.6014398123066016,0.9896871447563171,24.88478227951437,7.098544335184318,0.01031283475458622,53.13900894401146,15.726530922152854,10.97189103989228,13.208715883710612,24.88478227951437,36.56084867531812,38.79767351913645,41.398465802455064,22.31557473483637,27.271167517343844,53.13900894401146,79.00685037067906,83.96244315318654,89.72439072079929,25.176162940357244,7.7825537362369355,52.42028301601168,8.147846654611651,10.998657056970686,13.240385535238858,24.970698389840987,37.1732611561372,39.94574316818518,44.598094024857154,2,-2.410664710444845,0.6271111965179443,25.795373118555247,10.112045769242613,0.37288886308670044,20.723219555341323,13.495588578569517,5.976127600819094,9.162537959117238,25.795373118555247,42.42820827799325,45.6146186362914,49.31950929603648,-5.727648008825039,-1.4750482659636184,20.723219555341323,42.921487376646255,47.174087119507675,52.11865335402637,23.9040250804913,11.749674994948197,132.03888405990392,6.016012485244849,-0.38034329457214655,4.013173354531947,24.239974220567394,42.583767428429326,46.13815731413522,50.35187021610024,2,-1.1385268505789021,0.8902604579925537,24.20213784175528,7.114100349999403,0.10973954200744629,31.18277386584999,13.989125867843708,10.258757373352655,12.50048407856202,24.20213784175528,35.90379160494854,38.145518310157904,40.75201006668959,3.7645909896786875,8.172709444246596,31.18277386584999,54.19283828745337,58.60095674202128,63.726347088197926,24.968189641960116,8.443500617663668,66.53200924825146,4.760693432235398,9.65664355574005,12.172852913661307,24.60024844891394,38.80469047736614,43.14122799331054,49.9453896273486,2,-2.2026914120477166
217,402,set,1.378,23.1749549189189,106.258238334,103.7338695129,104.9562767894,104.98279487876668,0.003994506783783436,24.890226884699644,11.40187193577894,0.9960054755210876,114.81737817262447,11.364048367798137,2.5429685342349266,6.135816477097443,24.890226884699644,43.64463729230184,47.23748523516436,51.4149474225849,92.54425265316894,96.12518199799975,114.81737817262447,133.50957434724918,137.09050369208,141.25410793354897,114.45816152505023,12.701156499508473,129.1450326436709,32.17411196327884,91.72851465219428,95.69190382388193,114.7602571310304,133.48759286662244,137.07113902913602,141.23712915546778,2,-9.475366646283547,0.00018285919213667512,31.005737329548076,10.701154990430133,0.9998171925544739,120.77268572057054,11.051470029214373,10.031858955323944,13.403903730969216,31.005737329548076,48.60757092812693,51.979615703772204,55.90034649131675,99.11220248708653,102.59463515987177,120.77268572057054,138.9507362812693,142.43316895405454,146.48224952805947,120.7562772584843,11.117827002111026,122.13360268997249,1.4732291320320787,99.07830968194718,102.57598267141218,120.7701517590573,138.94981736757714,142.43236364116447,146.4815738469771,2,-15.77348237971762,0.0015106810024008155,22.88243183164201,3.122873315196759,0.998489260673523,119.93630134876526,9.697232739994607,16.76171260557516,17.745762332630648,22.88243183164201,28.019101330653367,29.003151057708855,30.14732152934886,100.93007442867315,103.98577290499256,119.93630134876526,135.88682979253795,138.94252826885736,142.49543811753094,119.78967691670226,10.397986389391281,93.90899111398849,14.208292914755747,100.67896800172682,103.84900227690673,119.91791392490127,135.8797748811261,138.93631658727975,142.49000440844355,2,-14.80688203793558,0.0055248248390853405,29.928595563504174,6.419647908039403,0.9944751858711243,114.01214325041627,9.694088794560544,17.34631687031904,19.369214418214128,29.928595563504174,40.48797670879422,42.510874256689306,44.86292982646237,95.0120783501443,98.06678613669374,114.01214325041627,129.9575003641388,133.01220815068825,136.56396610840534,113.54759759869115,11.512109139478321,93.68384958784691,38.844945338754854,94.01868598272198,97.54827254059579,113.9446442510535,129.9314566169436,132.9892617949891,136.54384968138424,2,-8.564802719924472,0.001741570420563221,27.90616395767551,3.151718763974147,0.9982584118843079,115.28465733654757,8.825738416023134,21.728908690887085,22.722047917621623,27.90616395767551,33.0902799977294,34.08341922446393,35.23815820382139,97.98652790417064,100.76760949242697,115.28465733654757,129.80170518066816,132.5827867689245,135.81639513750355,115.13247949710866,9.541974045377618,77.77529951372021,13.273734611369395,97.72197144542123,100.62385802052145,115.26535962191684,129.79426207999427,132.57625197044328,135.8106927129314,2,-10.149684618341979
218,403,set,0.893,63.86980778381349,128.9526235798,130.5677687195,130.47960518949998,129.99999916293334,0.010836589150130749,42.76490847364937,33.05856017883275,0.9891633987426758,108.72317038036647,9.25353350093383,-22.028678857612846,-11.61158413829721,42.76490847364937,97.14140108559593,107.55849580491157,119.67061966452813,90.58657798880132,93.5024622392385,108.72317038036647,123.94387852149444,126.85976277193161,130.2501083676296,108.0084064786942,11.965646091203931,96.54293289427486,46.63361224538026,88.69562652863394,92.55690271486485,108.60200869875638,123.9021593401311,126.82642783787158,130.2281301983686,2,21.991592684239137,0.002606435678899288,63.68610459424928,12.213179584045537,0.9973934888839722,103.07069460605172,10.495362545985934,39.74871247280014,43.59721185882229,63.68610459424928,83.77499732967625,87.62349671569841,92.09820895487262,82.50016201122867,85.8073594561161,103.07069460605172,120.33402975598732,123.64122720087475,127.48655895219396,102.9680334300889,10.690534393394795,110.25430142576926,4.032424374777686,82.05558971872938,85.55966756620734,103.0363646594065,120.32078334131813,123.62958857395796,127.47637681450209,2,27.03196573284444,0.0005431022727862,58.425322323555946,14.203091902202774,0.9994569420814514,103.34613496390554,8.360496635655506,30.587773726126017,35.06331509429262,58.425322323555946,81.78732955281926,86.26287092098588,91.46665497505205,86.95986266515246,89.594341749632,103.34613496390554,117.09792817817907,119.73240726265863,122.79555853818833,103.32174295230419,8.429967403401603,69.96950422185212,1.095319699017899,86.88509356964657,89.55287828469861,103.34044946373945,117.09578296783327,119.73051860943467,122.79394483556139,2,26.678256210629144,0.012187793850898743,49.851177055046406,21.749211784091436,0.9878122210502625,113.99741047487319,8.67019430500096,7.223505266093049,14.076907168647892,49.851177055046406,85.6254469414449,92.47884884399976,100.44740965103152,97.00414189810702,99.73620992591836,113.99741047487319,128.25861102382802,130.99067905163935,134.16729856383319,113.2156111043345,11.382418310980526,80.02125663375465,49.53838097211442,94.74981668051684,98.6581776214591,113.86376685936875,128.20733117883782,130.9454627792053,134.12775794566144,2,16.784388058598836,0.005685154814273119,45.07881756600722,17.763216862519126,0.9943148493766785,107.30018258872919,8.69942932236242,10.263552265895143,15.86092588336707,45.07881756600722,74.29670924864735,79.89408286611928,86.402239350255,90.24961443084715,92.99089471543337,107.30018258872919,121.609470462025,124.35075074661121,127.53808149817556,106.94644494550948,9.946283422088664,77.04366548318113,21.884936363517387,89.33580819232367,92.51338908175752,107.23787063071018,121.58547912823374,124.3296538573693,127.5196090816992,2,23.05355421742385
219,404,set,0.17,130.47960518949998,129.9773865342,129.9994033027,130.0054030245,129.99406428713334,0.7659962773323059,118.33677951752458,13.390652299937175,0.23400375247001648,111.19169343028332,17.566180690331667,92.09158328014927,96.31111651472683,118.33677951752458,140.3624425203223,144.58197575489987,149.4880950275035,76.7626119313103,82.29789741010636,111.19169343028332,140.08548945046027,145.62077492925633,152.05674053425366,116.66480608809967,14.788768434383133,209.5571650066388,9.150912428949287,86.38638979695365,91.84210702015399,117.00510595114073,140.3107560946135,144.78816365985583,150.04913237481654,2,13.329258199033674,0.9984450936317444,125.79989790352658,5.404738219820182,0.0015549110248684883,139.93165532095404,31.42897674989012,115.2068056468119,116.9098946399321,125.79989790352658,134.68990116712106,136.39299016024125,138.37319917095255,78.33199282022267,88.23558892252376,139.93165532095404,191.62772171938428,201.53131782168538,213.04638856633994,125.82187211473713,5.5688109007882955,30.70168546459136,0.31004310365214544,115.17906195835822,116.89482493121778,125.8035583421565,134.73257069885068,136.46932822530718,138.53979887825204,2,4.172192172396208,0.999974250793457,127.26507670785392,1.4734972295605477,2.5797173293540254e-05,123.0656743785714,28.236019177741017,124.3770752065957,124.84138944550831,127.26507670785392,129.68876397019955,130.15307820911215,130.69294385524717,67.72409372341673,76.62155582339275,123.0656743785714,169.50979293375005,178.40725503372607,188.7524775640856,127.26497447963649,1.4803322588375794,2.1917055630398905,0.0004549209343958199,124.37485679167659,124.83956539961336,127.2650677262708,129.69058057141,130.15483501478585,130.69567587900625,2,2.729089807496848,0.9854469299316406,122.07179471175512,6.923667465544016,0.014553040266036987,54.85241042597578,40.818469686665054,108.50165583835712,110.68337516924913,122.07179471175512,133.4602142542611,135.6419335851531,138.17865380078916,-25.150320063927687,-12.287997484743975,54.85241042597578,121.9928183366955,134.85514091587925,149.81037060314952,121.09354466756297,11.67422979902924,71.4870493470404,64.80015504277773,106.4706747817554,109.72590919744607,121.9564743389098,133.4381264554145,135.64017904951314,138.22018376602173,2,8.900519619570375,0.663249135017395,120.45222646967024,8.236554354901795,0.33675089478492737,109.51117875352256,11.641092438519506,104.30887657735617,106.90430016542707,120.45222646967024,134.00015277391338,136.59557636198429,139.61331718261786,86.69505683332277,90.36328563434638,109.51117875352256,128.65907187269872,132.32730067372233,136.5924093993853,116.767822451129,10.83356787989315,90.63017892608953,26.73642042861377,92.63073151274517,97.13729826406727,117.68835247054807,132.97217839348548,135.75842227080025,138.99061688203753,2,13.226241836004334
220,408,set,0.229,10.5912692566486,10.4217255459421,10.3547024017111,10.372712298302599,10.383046748651934,0.17800189554691315,54.644666797542754,14.679136693374332,0.8219980597496033,-10.499043951633155,13.69078582666887,25.87408755438868,30.499635566929534,54.644666797542754,78.78969802815597,83.41524604069683,88.79344523692903,-37.332491091955575,-33.01838267444526,-10.499043951633155,12.020294771178946,16.33440318868926,21.350486550186446,1.0966605140238173,28.519388337433355,192.4286811996392,620.9268298879272,-36.165899289965516,-31.690599850358282,-6.736602766808378,63.16126755250265,70.47337357068675,77.9505621405483,2,9.286386234628116,0.9949860572814941,11.809772746165336,9.560661220409061,0.005013979971408844,68.95073711225209,13.671959574031405,-6.928778914225187,-3.9161155382788024,11.809772746165336,27.535661030609468,30.548324406555857,34.05119665068867,42.154188749062946,46.46236481937261,68.95073711225209,91.43910940513155,95.74728547544122,100.75647120127236,12.0962768369922,10.400681130810222,91.88516286893724,16.289010566696067,-6.908303963396457,-3.892868231031422,11.870153787656037,27.996850611497912,31.42496051803359,36.40050544251875,2,-1.713230088340266,0.9992793202400208,11.900804834236155,5.207682335328724,0.0007206927402876318,39.867480435874754,20.04046775157991,1.6939350140664118,3.334929656959586,11.900804834236155,20.46668001151272,22.107674654405894,24.015685563708175,0.5888854094417226,6.903844368884506,39.867480435874754,72.83111650286499,79.14607546230778,86.4885799845467,11.920960368788352,5.2870716151767265,27.389855371755186,0.56327273687475,1.6936953899624403,3.3354592274002193,11.904745352432075,20.495414051308565,22.158968519453172,24.12783995092998,2,-1.5379136201364183,0.7968204021453857,14.309586906982567,7.958560084306413,0.20317955315113068,-4.077734864348471,14.054729751972376,-1.2889042270560616,1.2189204869999433,14.309586906982567,27.400253326965185,29.90807804102119,32.82396623953508,-31.6244989906579,-27.19570807270301,-4.077734864348471,19.040238344006056,23.46902926196095,28.618455814371018,10.573658446149086,12.05575655406468,90.60471143980001,54.73654965312329,-20.381675786228428,-13.767926451465085,12.362708876209378,26.741300147127774,29.376403515255166,32.44136762724783,2,-0.19061169749715212,0.9753515720367432,14.76886354369666,4.983370014226129,0.024648398160934448,10.752412778342475,15.832738143232717,5.00163779417659,6.5719493013556,14.76886354369666,22.96577778603772,24.53608929321673,26.36191578185049,-20.279183759047225,-15.29012398112679,10.752412778342475,36.79494953781173,41.78400931573216,47.584869498097234,14.669864025891988,5.54873324795913,30.40061013984022,0.3878241035607179,4.2091551744019675,6.131527868242684,14.737496783123621,23.17619986445455,24.908692005310904,27.157479247965824,2,-4.286817277240054
221,411,set,1.226,10.4262262128256,112.4527726468,112.5968262332,112.4857874207,112.51179543356666,0.002799091162160039,24.74506948734954,13.381964185477306,0.9972009658813477,117.53493377517643,10.413468948405285,-1.4830983585908655,2.733697161132479,24.74506948734954,46.75644181356659,50.973237333289944,55.876173420725344,97.12490968217587,100.40630160624545,117.53493377517643,134.6635659441074,137.94495786817697,141.76028512468937,117.27521319071523,11.51824106314677,108.63806009175762,24.032601643494463,96.61311664305578,100.13103701957587,117.49829828202441,134.64948409255524,137.93252712896893,141.74943558364066,2,-4.763417757148574,0.0009721265523694456,22.404204654543214,10.07395224292911,0.9990278482437134,117.1418904798915,10.64852647982721,2.6596210764256583,5.834027770025344,22.404204654543214,38.97438153906108,42.14878823266076,45.839722038070306,96.27116209100907,99.62662307785891,117.1418904798915,134.6571578819241,138.01261886877393,141.91406741790513,117.04979050755614,11.049726720377022,113.37953860934061,8.716576675538407,96.09544377667682,99.53043352310216,117.12890415812836,134.65218701100008,138.00821304473538,141.9102798563065,2,-4.537995073989478,0.003988713026046753,18.04036295353326,3.194287985615461,0.9960112571716309,118.17669155337771,9.388809354165147,11.779673545477959,12.786226774866156,18.04036295353326,23.294499132200364,24.301052361588564,25.471388017943987,99.77496336150125,102.73347443442324,118.17669155337771,133.61990867233217,136.57841974525417,140.01832823421455,117.77727295317116,11.299366074957382,87.83883317784353,39.836427115557704,99.10203103611231,102.37609702983664,118.1295679364901,133.6017437933444,136.56240737178118,140.00432635261066,2,-5.265477519604502,0.0046386439353227615,28.30695853182018,7.404315580859093,0.9953613877296448,115.93054734823754,8.626119597905248,13.794766663167584,16.1279431935508,28.30695853182018,40.48597387008955,42.81915040047277,45.5319723420792,99.02366361000811,101.74184324110591,115.93054734823754,130.11925145536915,132.83743108646695,135.99790233604645,115.52409639032007,10.477045111929392,74.31908896105666,35.4498079112027,98.2950968241681,101.35763510674927,115.88016346244412,130.0998526583871,132.820330406604,135.982917030891,2,-3.012300956753407,0.0017743717180565,25.47546714859424,3.203550763852862,0.9982256293296814,116.39982580753548,8.371694560753065,19.19662302879685,20.2060950555477,25.47546714859424,30.744839241640783,31.754311268391632,32.92804065746526,99.9916059788896,102.62961364555088,116.39982580753548,130.17003796952008,132.80804563618136,135.87529965106265,116.23849231900513,9.199034452372233,69.97912248251885,14.64312652980292,99.73577362821746,102.49061753013416,116.38117531194438,130.1628685123017,132.80174126786176,135.86973523001396,2,-3.7266968854384714
222,412,set,0.299,112.4857874207,115.5730260878,115.492298627,115.6794868457,115.5816038535,0.4185280501842499,95.70924627014182,19.99392666773667,0.5814719796180725,103.0783122421725,13.736566483327422,56.521870091843,62.82216347371338,95.70924627014182,128.59632906657023,134.8966224484406,142.2220750673595,76.15513666361072,80.48367104021135,103.0783122421725,125.67295344413364,130.00148782073427,135.03434447728193,99.99415450119248,17.036561938820306,277.02940382130413,13.215336862337647,64.04228432114002,70.80053463988564,100.64802072046689,126.73289638295601,131.94084753639765,138.26406597994642,2,15.587449352307516,0.97297203540802,108.7407390548303,6.780699136258093,0.027027972042560577,125.18498627872782,21.55495805372915,95.45081295776258,97.58748148728945,108.7407390548303,119.89399662237113,122.03066515189802,124.51500407497488,82.9380448051471,89.73023534526456,125.18498627872782,160.63973721219105,167.43192775230852,175.32931712206013,109.1851945192404,8.025205281648178,57.29282635824549,7.111182275751741,95.2600964479099,97.49595381799553,108.87079399315209,120.99555319934953,124.20183181907866,132.75008285776622,2,6.396409334259602,0.994955837726593,108.9833139903188,3.7485775934871803,0.005044147837907076,111.96111209844992,17.859320692533522,101.6362369138301,102.8174525397624,108.9833139903188,115.14917544087521,116.33039106680751,117.70380950560484,76.95748675273327,82.58514368244667,111.96111209844992,141.33708051445316,146.96473744416656,153.50810482333887,108.99833287097904,3.9540467723717025,15.589812110037714,0.04450226513768973,101.55118639813503,102.77009234235952,108.98646455191874,115.22001743085902,116.45672138487144,117.98226223686406,2,6.583270982520958,0.8773708939552307,100.55433012844153,11.228922194434459,0.12262911349534988,68.76054094249808,24.816235130462612,78.54604704214752,82.08439673017013,100.55433012844153,119.02426352671294,122.56261321473555,126.67670940323416,20.121613854913704,27.941466580876096,68.76054094249808,109.57961530412004,117.39946803008246,126.49173677994742,96.6554866950994,17.172801615641966,186.14714077381325,108.75804416181641,48.21443614065245,62.79243435228488,99.02060969769938,118.61490083756705,122.31227548215745,126.66599886609713,2,18.9261171584006,0.3544013202190399,96.96456588147836,13.784599020137472,0.6455987095832825,102.66068402862828,10.503925704484875,69.9472482606828,74.29091818713353,96.96456588147836,119.63821357582319,123.98188350227393,129.03233850648064,82.07336795155341,85.38326373637753,102.66068402862828,119.93810432087902,123.24800010570316,127.0964692603396,100.64197529668152,12.082857265515756,138.5721178671006,7.423623693703014,75.67622716175887,80.17743906924929,100.99248181570475,119.85091845889892,123.47331879842501,127.7426925764166,2,14.939628556818477
223,414,set,0.952,22.340198327344698,115.0382220244,115.0467319825,115.0447201836,115.04322473016667,0.004624486900866032,31.091688320683588,21.82906866633032,0.9953755140304565,107.69808780685752,9.77289791772597,-11.692500081375634,-4.813934448102586,31.091688320683588,66.99731108946975,73.8758767227428,81.87369580489266,88.54355986352812,91.62310122105946,107.69808780685752,123.77307439265556,126.85261575018691,130.4332481009775,107.34382261621285,11.148315168449388,97.2714573203591,27.01348450606716,87.72514331515883,91.19060168071168,107.64120702928635,123.75116429680435,126.83325928671742,130.41628617328786,2,7.699402113953823,0.005718777421861887,31.59938104886855,10.953188490768605,0.9942812919616699,103.71572128564799,10.252605856372455,10.131526091083451,13.58298923314468,31.59938104886855,49.615772864592415,53.067236006653644,57.0803078083367,83.62098305947353,86.85168535708985,103.71572128564799,120.57975721420613,123.81045951182244,127.56684912299872,103.30331118351764,11.609138314467877,105.2008946487674,29.57193818718154,82.52899164686305,86.28299763663964,103.64181201384675,120.55125608840174,123.78535812271382,127.5448412795301,2,11.739913546649035,0.00424967473372817,29.174901300003754,6.683634414950566,0.9957503080368042,105.91830597645117,8.943424211952376,16.07521856086821,18.181300991354632,29.174901300003754,40.168501608652875,42.2745840391393,44.7233600120902,88.38951662256099,91.20768222405569,105.91830597645117,120.62892972884664,123.44709533034134,126.72382187857195,105.59216964370137,10.235099594233793,79.83476280577044,24.922308794612135,87.70299130540693,90.84409692392788,105.87046828294953,120.61046755464679,123.43085453916738,126.7095770370827,2,9.451055086465303,0.007467927876859903,32.84595775222225,13.246867413516199,0.9925320744514465,110.65149344227342,8.258702297816141,6.8825747137532325,11.056799841354852,32.84595775222225,54.635115663089636,58.80934079069125,63.66277959735655,94.46473437951559,97.06713701379807,110.65149344227342,124.23584987074875,126.83825250503125,129.8641079751342,110.07044757095025,10.67137459871116,69.00727331392972,44.87099072069117,93.27031513893098,96.45875942714943,110.5736117038266,124.2058897545967,126.81175786066723,129.8409888547926,2,4.97277715921642,0.004871816840022802,29.108248320374244,6.863788836352446,0.9951281547546387,107.41090827081334,8.975134961053092,15.65546940363536,17.818320358270896,29.108248320374244,40.39817628247759,42.56102723711312,45.07580888768801,89.81996699076296,92.64812497774619,107.41090827081334,122.17369156388048,125.0018495508637,128.2901944066888,107.02942900240501,10.49359464008809,80.3901246598693,29.7250784189818,89.01998982787339,92.22738087046591,107.3558383336797,122.1524798329949,124.9831375828968,128.27383318049513,2,8.01379572776166
224,417,set,1.226,17.1141034930912,119.090477442,119.15248742130001,119.04846939379999,119.09714475236667,0.0031949924305081367,25.937969921026856,14.364152785489265,0.9968050718307495,116.64935283830474,10.400861760625379,-2.215252206962809,2.311041113729736,25.937969921026856,49.56489872832397,54.09119204901651,59.35398621594763,96.26403837929914,99.5414576479192,116.64935283830474,133.75724802869027,137.03466729731034,140.84537548332827,116.35953815255722,11.605896253158154,108.49152388915644,26.20617401791516,95.67620110195291,99.22654481905288,116.607569677936,133.7411920333574,137.0204666123418,140.8329411321826,2,2.737606599809453,0.0007297306437976658,27.58793386766108,10.481315357693722,0.9992702603340149,116.26580352319563,10.68469822355445,7.044933255974826,10.347704286336384,27.58793386766108,44.82816344898576,48.13093447934733,51.97111956718348,95.32417981934981,98.69103889730013,116.26580352319563,133.84056814909113,137.20742722704145,141.12212852032948,116.20109151530943,10.94961177604709,114.15963375066974,5.734242471650086,95.1923848156901,98.61871136794272,116.2560244868038,133.83683730984995,137.2041750017658,141.11927709983297,2,2.896053237057245,0.002550929319113493,22.476938378795467,3.7631540070256797,0.9974491000175476,117.44277908809833,9.28821178705318,15.101292056747543,16.28710086156231,22.476938378795467,28.66677589602862,29.852584700843387,31.231343702727926,99.23821850469368,102.16503024227049,117.44277908809833,132.72052793392618,135.64733967150298,139.0503908325506,117.20053138609772,10.441907376344155,86.08693436646253,22.94689825702579,98.82418674961481,101.94179992237832,117.41300721270562,132.70907101897325,135.63724736135626,139.04155146089352,2,1.8966133662689515,0.00473513500764966,30.387546111935208,8.192064018887914,0.9952648878097534,116.43529993616535,8.682762736386568,14.331395675868439,16.912799898248764,30.387546111935208,43.862292325621645,46.443696548001974,49.44513682628157,99.41739768654122,102.15342615726081,116.43529993616535,130.7171737150699,133.45320218578948,136.63442656875927,116.02785486145379,10.499752503981057,75.351161380236,34.89394844306708,98.66737604173657,101.75830862210944,116.38352526171573,130.69724832915455,133.43559771870898,136.61898402780832,2,3.0692898909128843,0.0018370173638686538,27.430029625868848,3.8084906356840333,0.9981630444526672,115.77076943524507,8.45262659882689,19.965525144470085,21.165619990553246,27.430029625868848,33.69443926118445,34.89453410726761,36.28990371949685,99.20392572677906,101.86743591689817,115.77076943524507,129.67410295359196,132.33761314371108,135.43451935348708,115.60849311882617,9.25480290384527,71.34229685022876,14.30990613680529,98.9362083820396,101.72208466551848,115.75127192676273,129.66657937851215,132.3310142236915,135.42873893435612,2,3.488651633540499
225,419,set,0.647,18.1444274652924,90.9643310665022,91.0893650433631,91.086378123238,91.04669141103443,0.013177125714719296,37.721378512266156,22.99239930758508,0.9868228435516357,75.3130422620717,10.48533733592276,-7.342896048764288,-0.09775288113169722,37.721378512266156,75.540509905664,82.7856530732966,91.20969776056481,54.762158717909934,58.06619711526946,75.3130422620717,92.55988740887395,95.86392580623347,99.70558448209667,74.81768986837076,11.568729369901554,115.45966529472652,18.375661901979647,52.67440402739015,56.956836437984606,75.155719560267,92.50406083710782,95.81814602411937,99.67179017503966,2,16.229001542663667,0.1592143476009369,25.30254680865233,10.663377529194273,0.8407856822013855,88.5502747023225,10.506803700868403,4.402710897877842,7.762851604204297,25.30254680865233,42.84224201310036,46.202382719426815,50.1092724537883,67.95731785598826,71.26812052728195,88.5502747023225,105.83242887736304,109.14323154865671,112.99275515480214,78.48033160749407,25.424749252858458,110.92067451087723,535.4973836171959,14.566881553685972,20.136928594422077,86.03278571745386,104.93309614217527,108.35264423684745,112.30147644556492,2,12.566359803540365,0.09185957163572311,24.94967652069915,7.709202779815639,0.9081403613090515,84.03621054415581,10.455875125905067,9.839916722744425,12.26916636741502,24.94967652069915,37.630186673983275,40.05943631865387,42.883964018073,63.543071870533666,66.83782642035916,84.03621054415581,101.23459466795244,104.52934921777793,108.36021341454156,78.60854120425446,19.899367714955176,104.74212020505246,291.24230089540947,20.275502906676785,25.807679161747746,82.70710051856481,100.7413311665698,104.09502102050472,107.97990023981755,2,12.438150206779966,0.041759129613637924,27.429332010771468,13.77974778871318,0.9582408666610718,79.46524665344899,9.30651148729914,0.4215226288481766,4.763663882030055,27.429332010771468,50.09500013951288,54.437141392694755,59.48581898386335,61.224819316634374,64.15739747929945,79.46524665344899,94.77309582759852,97.70567399026359,101.115429866664,77.2922718532901,14.116463904008166,90.92363329359794,108.35089760432776,30.872962148428776,57.536483483377054,78.95678152468473,94.57987703824334,97.53535408715882,100.96608701141646,2,13.754419557744328,0.06592825055122375,24.67720837735982,7.582306326317191,0.9340717792510986,80.28841910408056,10.816841490984515,9.816161058027914,12.205424315859888,24.67720837735982,37.14899243885974,39.53825569669172,42.31629057991424,59.08779935527237,62.49629814547551,80.28841910408056,98.08054006268561,101.48903885288875,105.45215531046915,76.62207166261376,17.422065127484334,113.08049575023533,190.4480325237716,22.34500339260077,29.993104130351576,79.33029770263533,97.72042284688682,101.17176152818573,105.17417381766005,2,14.424619748420668
226,420,set,0.893,91.086378123238,59.6555844487436,59.6655863217837,64.0589137017532,61.1266948240935,0.018402444198727608,52.282024880422696,38.60225076363307,0.9815975427627563,112.24294859779042,9.091114807419494,-23.376996338481945,-11.213027296629427,52.282024880422696,115.7770770574748,127.94104609932732,142.08428887759192,94.42469099592941,97.28939543377422,112.24294859779042,127.1965017618066,130.06120619965142,133.39204420269198,111.1395195814959,13.171738033002123,108.54953881669469,64.94498294168346,90.98424409238457,95.72647990278101,112.05527897878355,127.15745750569396,130.0526532945691,133.44266081222787,2,-50.012824757402406,0.0016749126370996237,82.1631621190832,12.149127292116209,0.9983250498771667,107.33633829532775,10.824878097091947,58.35131018294279,62.179626028350725,82.1631621190832,102.14669820981567,105.9750140552236,110.4262585665493,86.11996708799106,89.53099829601851,107.33633829532775,125.14167829463699,128.55270950266444,132.51877044324885,107.29417140085285,10.876073051164555,117.22893780766952,1.059595669366567,85.93127143393286,89.41107657091052,107.31445189980631,125.13295981872828,128.54503179612897,132.51204816845762,2,-46.16747657675935,0.0002921912237070501,75.82741111328147,14.535117932160173,0.9997077584266663,105.79501787690467,8.751197173726435,47.33910345520522,51.91926966440042,75.82741111328147,99.73555256216251,104.31571877135771,109.64115181369519,88.64298659479213,91.40057946553326,105.79501787690467,120.18945628827606,122.94704915901718,126.15334681731537,105.78625627847318,8.768448752610674,76.62280224347192,0.26232783450691666,88.60839286156526,91.38044085216208,105.79193859764659,120.18832036804788,122.94604058484566,126.15252871453882,2,-44.65956145437968,0.01840035803616047,58.94795029603352,24.314585726933476,0.9815996289253235,113.18736441406239,9.169767568580335,11.292237972232243,18.954015775264473,58.94795029603352,98.94188481680254,106.60366261983478,115.51213511006898,95.2149502330415,98.10443897058103,113.18736441406239,128.27028985754373,131.15977859508325,134.5194337026779,112.18933829882381,12.105870728432201,93.41572346007169,53.136218524841176,91.27947601165185,96.3728663425161,112.97757326535782,128.19137615797928,131.09127678104497,134.46175765605588,2,-51.062643474730315,0.005903323646634817,55.32866369982012,24.114934166344547,0.9940966367721558,109.75394613455515,8.419856731019907,8.064261244230366,15.663126772612301,55.32866369982012,94.99420062702792,102.59306615540987,111.42838953033059,93.25133018676897,95.90451425212528,109.75394613455515,123.603378016985,126.25656208234132,129.34146194049177,109.43265173358948,9.554683840445962,73.90843450727189,17.383074778627044,92.38769156531679,95.44704488461727,109.69279380159898,123.58041729950715,126.2366895065335,129.32493627504115,2,-48.30595690949598
227,421,set,1.076,64.0589137017532,111.3611540222,111.8004478278,112.00191209660001,111.72117131553334,0.008285569958388805,38.634634187521925,28.13637515157154,0.9917144179344177,110.99807717578587,9.520727433580063,-16.51164776506601,-7.64558452980782,38.634634187521925,84.91485290485164,93.78091614010984,104.08963070459592,92.33779429934648,95.33787412544531,110.99807717578587,126.65828022612641,129.65836005222525,133.14660120021716,110.39850346260154,11.810178232824729,96.45252839722758,43.027633933450765,90.84003750865922,94.57401459298228,110.89939983592079,126.62065648267333,129.62546480361806,133.11809952810833,2,1.3226678529318008,0.00044709653593599796,62.03357671166809,12.735190795282803,0.9995529055595398,107.30797930612019,10.434988102232818,37.073061416667784,41.086051942128165,62.03357671166809,82.98110148120801,86.9940920066684,91.66006074377873,86.85577844663989,90.14395127896707,107.30797930612019,124.4720073332733,127.76018016560047,131.58339169339098,107.2877375024149,10.479924490079235,108.91280542713498,0.9160360109308633,86.77938132187168,90.1013873911131,107.30213156637936,124.46980723144152,127.75821249200494,131.58170100810096,2,4.433433813118441,0.00022852455731481314,54.787695266061206,11.222797347707866,0.9997715353965759,108.64596497006858,8.664313356272972,32.791416658762145,36.327836344142554,54.787695266061206,73.24755418797986,76.78397387336027,80.89582601669258,91.66422284100419,94.39443772095889,108.64596497006858,122.89749221917826,125.62770709913296,128.80217192645787,108.63366354657504,8.703101926735725,75.0819579611695,0.6627327182039112,91.63105928370777,94.37611603637642,108.64348219866372,122.89656079024371,125.6269203411804,128.8014856676871,2,3.0875077689583037,0.007306681480258703,45.312185853208675,18.214521709854182,0.992693305015564,116.57353998534683,8.592750342414023,9.61237930627155,15.35196375556868,45.312185853208675,75.27240795084866,81.0119924001458,87.68549970959869,99.73205878607112,102.43972341913862,116.57353998534683,130.70735655155505,133.41502118462253,136.5632664765854,116.05285439462163,10.609133474429024,75.71999495867917,36.83353624173387,98.52318887799055,101.82201637196265,116.49427787142973,130.67679440104172,133.38809536534455,136.53977543604478,2,-4.331683079088293,0.0032148275058716536,41.713893863072386,13.975347301456807,0.9967851638793945,109.86722973866301,8.667312299335261,14.322716480778002,18.726493166364676,41.713893863072386,64.70129455978008,69.10507124536676,74.22541334679883,92.87960978920485,95.6107696671803,109.86722973866301,124.12368981014572,126.85484968812116,130.03041327986963,109.64812757339632,9.507537158155912,75.50868563081258,14.884473610441834,92.38656708338516,95.34666565655215,109.8321947064979,124.11016247726012,126.84295697504064,130.01996929474151,2,2.073043742137017
228,423,set,0.829,27.0996981635619,104.97693551740001,104.70351211170001,105.1556887808,104.9453788033,0.006973800715059042,34.64302493448585,24.807005762909952,0.9930262565612793,99.60700090046022,9.815732420204123,-13.977812925095236,-6.160868468442672,34.64302493448585,75.44691833741436,83.26386279406692,92.3527500523503,80.36851887497795,83.46155782790231,99.60700090046022,115.75244397301813,118.84548292594248,122.44180914835584,99.15396078353992,11.366359435431885,99.96828253849918,29.226407389706072,79.11377774845633,82.80900043497581,99.52137305938355,115.71948976081443,118.81653941846983,122.41659529004885,2,5.791418019760087,0.015686044469475746,34.98299335241971,11.121618434681418,0.98431396484375,98.11526728390129,10.253699722190852,13.185021770647396,16.68955893256362,34.98299335241971,53.276427772275795,56.78096493419202,60.855746753834254,78.01838512011886,81.24943210618436,98.11526728390129,114.9811024616182,118.21214944768371,121.96893983367313,97.12497254132258,12.921617947940529,105.42936707472934,61.5389311718918,74.0510699682781,79.51802874388234,97.91045742636129,114.90240280409802,118.14278953100312,121.9081401268482,2,7.820406261977425,0.006708881817758083,33.08226751610824,8.583542357699596,0.9932911396026611,98.88050293433841,8.968725455292512,16.258833635243004,18.963596736954464,33.08226751610824,47.200938295262006,49.90570139697347,53.0505730316822,81.30212405473748,84.12826234006852,98.88050293433841,113.63274352860829,116.45888181393933,119.74487833011412,98.4390724671623,10.451942175125295,80.3926803597711,28.850622441631945,80.15686266252838,83.53912661438159,98.80458010467787,113.60350986092259,116.43308996420845,119.72223303158363,2,6.506306336137698,0.012739070691168308,34.60727817466851,15.449394637941603,0.9872609376907349,103.86350075353653,8.53965475043843,4.327021101356731,9.195285370245625,34.60727817466851,60.01927097909138,64.88753524798028,70.54794454586192,87.12608500227081,89.8170186643645,103.86350075353653,117.90998284270854,120.60091650480223,123.72970842726174,102.98124170887485,11.634467135689277,75.03730791220202,60.32360651045583,84.70319504467405,88.68437955079781,103.72539085677325,117.85690301716853,120.55415000176231,123.68871536861155,2,1.9641370944251548,0.01040127407759428,30.667383315900864,8.80968057272325,0.9895987510681152,100.4798055914872,9.440559831973097,13.400726678061094,16.176748273573097,30.667383315900864,45.158018358228624,47.93403995374063,51.16176498723449,81.97664832692443,84.95146651141387,100.4798055914872,116.00814467156053,118.98296285604998,122.44183188635319,99.75366998001408,11.797048384151577,89.00441505207405,50.166185745730495,79.93070117448292,83.95392395599465,100.35543996014405,115.96029010617929,118.94075294971995,122.40477317576531,2,5.191708823285921
229,424,set,0.385,105.1556887808,105.6359415727,105.6297040868,105.77054476480001,105.67873014143333,0.23671337962150574,84.78284446175691,24.72297922721548,0.7632865905761719,102.85605902157045,12.17844316333474,36.32669558588266,44.11716241082561,84.78284446175691,125.4485265126882,133.23899333763114,142.29709462694552,78.9867490336663,82.82430261373693,102.85605902157045,122.88781542940396,126.72536900947458,131.1873543837214,98.57788425714295,17.801955082884216,257.891753757091,59.01756140891148,53.861534072849665,64.71057456392978,100.58382658774676,123.25697873613544,127.84145639667021,133.6902701825749,2,7.100845884290379,0.8580735921859741,101.28238369604486,7.6545235213833545,0.14192639291286469,118.9803334541375,17.929011371619623,86.27979327531877,88.69181291931208,101.28238369604486,113.87295447277762,116.28497411677094,119.08946821681064,83.84011688735396,89.48973407187475,118.9803334541375,148.4709328364002,154.12055002092103,160.68945094215886,103.79418835793894,11.577693505553063,95.89817729158614,38.144649083250485,86.09535101958673,88.74245519394576,102.31284405048267,125.96253743505488,135.65846207397522,145.3787251933905,2,1.8845417834943987,0.9044316411018372,100.57311227897515,5.811664991042085,0.09556836634874344,107.93277247503774,14.269833086040002,89.18245820632036,91.01377403983267,100.57311227897515,110.13245051811762,111.96376635162993,114.09306677552348,79.96441356100127,84.4609857674727,107.93277247503774,131.40455918260275,135.90113138907418,141.12936833766454,101.2764637301228,7.395244249565384,50.00799397276467,4.681719957990513,88.45624587463008,90.62009102415792,100.86539157561793,112.91262206485062,117.71414411114459,125.85452290930563,2,4.402266411310535,0.6640260815620422,90.53712259247536,14.330641868694743,0.33597391843795776,78.30196479179395,19.25540085510835,62.449580654491875,66.96531433821018,90.53712259247536,114.10893084674052,118.62466453045883,123.87518083735404,40.56207260789982,46.62964885686449,78.30196479179395,109.97428072672339,116.04185697568806,123.09672563487945,86.42642868347367,17.156212586463326,260.93844607849053,33.39718423343193,49.87318787069334,56.69016297730288,87.25494969695804,113.12859649006421,117.98888949236002,123.67017442258292,2,19.25230145795966,0.18391747772693634,86.21730013682445,17.43569860214689,0.8160825371742249,102.2234049867472,9.937410792959831,52.04395883132117,57.538128052650414,86.21730013682445,114.89647222099848,120.3906414423277,126.77880051234573,82.74643773296631,85.87781880144051,102.2234049867472,118.56899117205388,121.70037224052808,125.3412794584198,99.27960407776396,13.22702366609223,136.50146417889252,38.4528377568698,66.98953034346343,74.92118992186742,100.56155081476571,118.21552185797238,121.56156815962558,125.52090973398039,2,6.399126063669371
230,425,set,1.378,105.77054476480001,124.5516917544,124.61771956800001,124.54468021720001,124.57136384653334,0.022711332887411118,43.295772179915424,23.727052153638308,0.9772886633872986,99.91576908455619,11.689833281846049,-3.2083955005191953,4.268244388136701,43.295772179915424,82.32329997169413,89.79993986035004,98.49314951478806,77.00411686686027,80.68770441245368,99.91576908455619,119.1438337566587,122.8274213022521,127.11038788767061,98.62985311455546,14.747525547292335,146.33451529352504,71.15495823545542,70.07975138461882,77.86200576756184,99.58126425504553,119.01528504110335,122.71429485368358,127.01178207743467,2,25.941510731977885,1.2315956155362073e-05,80.3695937037256,14.161978049988747,0.9999877214431763,111.01466758540052,9.990759637925755,52.612626775900864,57.07521274339446,80.3695937037256,103.66397466405672,108.12656063155032,113.31528123252997,91.4331385168696,94.58133035895796,111.01466758540052,127.44800481184308,130.59619665393143,134.25665002914212,111.01429431388858,9.991377671405571,99.81652266338838,0.011566025126805294,91.43147024286175,94.5803302236576,111.01451762137873,127.4479959560378,130.59618669470768,134.2566719295303,2,13.55706953264476,2.5524879674776457e-05,68.04282313727259,7.251517828122572,0.9999744892120361,110.7567985748653,9.949294973521956,53.830109360902235,56.11513773678191,68.04282313727259,79.97050853776327,82.25553691364294,84.91237622029479,91.25653875519687,94.39166465205766,110.7567985748653,127.12193249767294,130.25705839453371,133.90231978472332,110.75570986653462,9.951566865934419,98.98728740957945,0.04656853816773504,91.25225549871806,94.38929497356946,110.75648010971747,127.12182108239716,130.25698650080233,133.9022338879029,2,13.815653979998729,0.01297340914607048,39.52568111241712,13.841703226068207,0.9870266318321228,101.15057720831697,11.826700820098393,12.396441304631548,16.758105357832925,39.52568111241712,62.293256867001304,66.65492092020268,71.72629798548513,77.9706695449938,81.69738546950818,101.15057720831697,120.60376894712577,124.33048487164015,128.66359751806993,100.35109636264869,13.75392518254073,140.5418673372273,48.629003254143335,74.55346915832233,80.0986424422113,100.95574214053441,120.52879793363061,124.26441828135518,128.60563131066772,2,24.220267483884655,0.005585860460996628,42.19067235288084,13.31611707156373,0.9944140911102295,102.42797192727514,10.743962764360493,16.09156247869695,20.287608890808812,42.19067235288084,64.09373581495285,68.28978222706472,73.16859299279207,81.37019185788917,84.7557258064852,102.42797192727514,120.10021804806506,123.48575199666111,127.42216686291913,102.09148981684423,11.659081479409906,115.7784181815203,20.15525800476001,80.25837819891098,84.17488188626183,102.35233315056378,120.07106456101697,123.46002308005109,127.39963801754364,2,22.479874029689114
231,426,set,0.053,124.54468021720001,124.57550895320001,124.49966696329999,124.6172070941,124.5641276702,0.8946403861045837,124.89969645101255,9.708084530398258,0.10535967350006104,92.34375324913901,20.103495003701408,105.87220041256151,108.93131840043549,124.89969645101255,140.8680745015896,143.92719248946358,147.48407825931332,52.94162707850332,59.27644657789994,92.34375324913901,125.41105992037808,131.7458794197747,139.11147611179044,121.46962034937866,15.059930505849877,126.89825362362541,99.90413267610857,77.96792059360943,90.95989735037514,123.63457327090177,140.42388107757947,143.5583893263742,147.20127769697385,2,3.094507320821336,0.9998371601104736,123.40924313189288,5.087427257742954,0.00016286120808217674,138.67329132802396,36.973423752592964,113.43806893274932,115.04116995514259,123.40924313189288,131.77731630864315,133.38041733103643,135.24436871728062,66.20671238780396,77.85742116775769,138.67329132802396,199.48916148829022,211.13987026824395,224.68633707087974,123.41173168412917,5.112528989207525,26.100338313617783,0.037939043186658826,113.43425214672327,115.03916961620996,123.40957387426533,131.78207590256517,133.3882800207573,135.26131035315012,2,1.1523959860708288,0.9999991655349731,125.56717243789954,1.2357756971908553,7.771818104629347e-07,116.27083383589013,33.540927607984564,123.14509657843558,123.53450230027669,125.56717243789954,127.5998425755224,127.9892482973635,128.44201660385082,50.53182371617518,61.10091740857993,116.27083383589013,171.4407502632003,182.00984395560505,194.29869947008277,125.56715802006276,1.2365213223149298,1.5280146241588313,6.71655371058567e-05,123.14446992596315,123.53368140289392,125.56717991439014,127.6003923702596,127.99022868481549,128.44586343117874,2,-1.0030303498627688,0.9967009425163269,124.87999216558012,5.228294054958712,0.003299033734947443,35.5642082970168,52.228052808482055,114.63272411727617,116.28021372651246,124.87999216558012,133.47977060464777,135.12726021388409,137.0428229251937,-66.80089419026407,-50.34329379362797,35.5642082970168,121.47171038766152,137.92931078429766,157.06482791332178,124.58533341579378,7.904102814586949,36.24388239726988,26.230590290319956,114.34680375616165,116.1261295091512,124.86019912278357,133.4778920417261,135.13012339851767,137.05449603384474,2,-0.021205745593789516,0.9214045405387878,122.9041003071673,6.3737803836005265,0.07859547436237335,94.55876136895601,12.950753860372455,110.41172030994237,112.42016452580982,122.9041003071673,133.38803608852476,135.3964803043922,137.7317307521596,69.17575022998292,73.2566669099666,94.55876136895601,115.86085582794543,119.9417725079291,124.68672007925969,120.67628677877015,10.430681917020468,50.614321994039756,58.18502026214544,88.4322268545361,99.03228728067354,122.24368559554613,133.14012955562526,135.17931917486473,137.54354080588126,2,3.887840891429846
232,428,set,1.153,67.8654878883857,108.5565346148,108.4874976837,108.6303322828,108.5581215271,0.008692245930433273,38.06267533902529,26.129961964434763,0.99130779504776,110.21422776466625,9.800075505121121,-13.151109028668337,-4.917287370279261,38.06267533902529,81.04263804832982,89.2764597067189,98.85005680375613,91.00643272885567,94.09453802566948,110.21422776466625,126.333917503663,129.42202280047684,133.0126125814445,109.58707324309995,12.082971189805882,101.14151513133328,44.85716976285171,89.3595568093174,93.26071549668785,110.10715317699716,126.2928874850621,129.38574904520888,132.98112898769614,2,-1.028951715999952,0.00020897573267575353,63.49688652229105,12.98067780605326,0.9997910857200623,108.99888604226255,10.46543726387774,38.05522552750825,42.14557155271586,63.49688652229105,84.84820149186623,88.93854751707384,93.69445874001218,88.48700592259877,91.78477360114016,108.99888604226255,126.21299848338495,129.51076616192634,133.34513377199232,108.98938392685464,10.486637084485416,109.53770770109615,0.43257961837489,88.45141109563156,91.76486420535454,108.99614487437385,126.2119944940317,129.50989061264545,133.344358181859,2,-0.43126239975464387,0.0001607979938853532,55.09790010960102,10.142014485240969,0.999839186668396,110.14814677595948,8.900027073543196,35.21991698784518,38.415770798958036,55.09790010960102,71.78002942024399,74.97588323135686,78.69175394583276,92.7044142503834,95.50890496407564,110.14814677595948,124.7873885878433,127.59187930153556,130.85270583740262,110.13929311731135,8.927580543033402,79.21428356357539,0.4872247320632515,92.68043282283791,95.49566387153706,110.14635304522471,124.78672599172853,127.59133974951628,130.8521997033985,2,-1.5811715902113548,0.0070346142165362835,43.925250863260956,16.710753564651803,0.9929653406143188,115.45062558120871,8.872217355992758,11.17277572201909,16.438507253351183,43.925250863260956,71.41199447317072,76.67772600450282,82.80027689200908,98.06139910045172,100.85712668410221,115.45062558120871,130.0441244783152,132.8398520619657,136.0904895653507,114.94746694856872,10.763948162828054,80.1269098578434,35.73507337790392,96.8658077994699,100.24436345268008,115.37184920734614,130.01384606247552,132.81307896190114,136.06711953154445,2,-6.389345421468718,0.002990192035213113,41.12076065901474,12.985773603689852,0.9970097541809082,109.58120220302868,8.830750018734179,15.669112084391717,19.761063848214793,41.12076065901474,62.48045746981468,66.57240923363776,71.33018747473429,92.27325020983328,95.05591100601198,109.58120220302868,124.10649340004538,126.88915419622408,130.12459873529704,109.37648644229452,9.603460955166566,78.25319713570892,13.972621753553254,91.80800504992047,94.80612679034223,109.54800880035626,124.09367891301122,126.8778702756267,130.11480795121284,2,-0.8183649151945218
233,429,set,0.299,108.6303322828,108.5425246274,108.45998748369999,108.7823943092,108.59496880676666,0.3973214328289032,93.29046772052112,20.19296881743594,0.6026785373687744,99.31355351995875,13.541668594963342,53.712976097406305,60.07598972224362,93.29046772052112,126.50494571879861,132.86795934363593,140.26633779953622,72.77237078325348,77.03949081655844,99.31355351995875,121.58761622335905,125.85473625666401,130.81618546681733,96.92044948030022,16.76945582810094,272.5274486386627,8.686920181658607,61.686625320866455,68.39738279480653,97.47223113312178,123.35103893526643,128.6514036024593,135.1745625961049,2,11.674519326466438,0.9713678956031799,105.6335667568204,6.932377631055813,0.028632139787077904,122.8056804484867,20.904604374557877,92.0463562727199,94.23082026698098,105.6335667568204,117.0363132466598,119.2207772409209,121.76068872087536,81.83340876329478,88.42066612300954,122.8056804484867,157.19069477396383,163.77795213367858,171.43706239290427,106.12524485487896,8.209453326955522,59.194178176662085,8.201344335971175,91.88695694387424,94.16016659955453,105.78327574072382,118.26670641168042,121.66883475829007,131.12854280486613,2,2.469723951887701,0.9936234354972839,105.8256300826911,4.169498430012561,0.006376605946570635,109.29631864923985,17.133416100172695,97.65356332627019,98.96741546751647,105.8256300826911,112.68384469786574,113.99769683911202,115.52533389116745,75.71544016076265,81.11435703480203,109.29631864923985,137.47828026367765,142.87719713771705,149.15460476893372,105.84776568186528,4.384244138425716,19.145740233306494,0.07632075858025991,97.54962476310337,98.90890901795512,105.83100496242784,112.78176958658233,114.17102403125422,115.90459914165625,2,2.7472031249013753,0.8657950162887573,97.75273462592122,11.525651840604812,0.13420501351356506,67.92346329898444,23.98930464601145,75.162872119988,78.79472439292248,97.75273462592122,116.71074485891995,120.34259713185443,124.56541028224713,20.905290178642602,28.464568543948687,67.92346329898444,107.38235805402019,114.94163641932627,123.73093116195125,93.74949977764838,17.193995165446207,192.24597840384206,103.38775327722432,46.53009540787593,59.9148837081328,96.04715200782336,116.24158375406465,120.04201592646768,124.5099881335939,2,14.845469029118277,0.37217316031455994,93.80170999985289,14.221314089660135,0.6278268694877625,99.52332183588705,10.5295369989794,65.928446571287,70.40972993945934,93.80170999985289,117.19369006024644,121.67497342841878,126.8854337984008,78.88580854400546,82.20377471299605,99.52332183588705,116.84286895877804,120.16083512776864,124.01868784809714,97.39389444280314,12.3501964931858,144.87833568479277,7.649300427541199,71.71474644746247,76.4057105132524,97.78836924002903,116.95157946576037,120.6608862008863,125.06156294748537,2,11.201074363963514
234,430,set,1.493,108.7823943092,115.77264521619999,117.5145991324,117.60118052760001,116.96280829206667,0.02983821928501129,40.87580688277274,19.30717405218192,0.9701617956161499,94.45975080936921,13.259937673386604,3.0344410972499176,9.118331616857944,40.87580688277274,72.63328214868753,78.71717266829556,85.79101019280264,68.47075053228562,72.64909423414878,94.45975080936921,116.27040738458963,120.4487510864528,125.30697862576619,92.86090274789164,16.273245876607714,181.7023191460068,83.11634070942821,55.79624077865554,68.05662349573895,93.95155077072938,116.07529633899605,120.27673673478353,125.15616679389647,2,24.101905544175025,4.583254849421792e-06,78.85891689713263,14.386852004701828,0.9999954700469971,111.4336643005917,9.881501353115407,50.66120511700916,55.19465119678476,78.85891689713263,102.52318259748048,107.05662867725609,112.32773947241094,92.06627753530168,95.18004096019394,111.4336643005917,127.68728764098947,130.80105106588172,134.42147396574342,111.43352094184277,9.881739562448734,97.6445753175903,0.004863334403382833,92.0655833619841,95.17964466341921,111.43360821375623,127.68729283105426,130.8011010016025,134.42145859362117,2,5.529287350223896,2.0846988263656385e-05,64.98382102809387,5.535281449558034,0.9999791383743286,111.13812942050765,10.389049747142291,54.13486874266746,55.87909325959113,64.98382102809387,74.0885487965966,75.83277331352028,77.8608112604909,90.7759660825138,94.04966326334137,111.13812942050765,128.22659557767392,131.5002927585015,135.30667321307666,111.13716561540816,10.391117855412094,107.9307417421933,0.044407749373302864,90.7723125048383,94.04763559519823,111.1378581536545,128.22650703217704,131.50024196274813,135.3066272989111,2,5.825642676658504,0.016592228785157204,34.114954361464086,10.921314029312661,0.9834077954292297,94.72789694653054,13.890420013701737,12.709572200159243,16.15099136927315,34.114954361464086,52.078917353655015,55.52033652276892,59.521730035288,67.50317398954076,71.8801892071139,94.72789694653054,117.57560468594716,121.9526199035203,127.04184601493992,93.72219542959546,15.864061899312263,191.7214454348062,59.947227205944706,61.663681225711606,69.37443887426002,94.43414559467865,117.4627575155106,121.85313725002408,126.95456894464758,2,23.24061286247121,0.007679678499698639,38.51088635695341,10.547648931177118,0.9923203587532043,98.86732041456727,12.258369539797881,17.837874330273856,21.161547756695896,38.51088635695341,55.86022495721091,59.18389838363295,63.04838702412644,74.84135760738059,78.70409681651927,98.86732041456727,119.03054401261527,122.89328322175396,127.38455233268307,98.40380608871124,13.331507540223512,149.9680088212604,27.761445205147098,73.01049708700278,77.77374666981046,98.74841738468366,118.98474215715027,122.85289429684822,127.34914077003013,2,18.559002203355433
235,432,set,0.893,122.8244564618,108.5860392883,106.4018480724,108.4619990913,107.81662881733332,0.037604354321956635,66.78365996076353,41.34636652412617,0.9623956084251404,119.28972708625182,9.448401319681645,-14.253729318116314,-1.2250609777103563,66.78365996076353,134.7923808992374,147.82104923964334,162.96969182347783,100.77120078819507,103.74848990668038,119.28972708625182,134.83096426582324,137.80825338430856,141.26999540937788,117.3152658901239,15.810557271848415,150.20072938170182,99.77247915777637,84.09873069028198,100.0932679444319,118.92283981263743,134.83108311732022,137.92152811782267,141.634371322848,2,-9.498637072790572,0.0015719846123829484,101.84659126568172,11.128920673938259,0.9984279870986938,116.13393021409826,11.532744260761485,80.03430755795951,83.54114573109915,101.84659126568172,120.15203680026428,123.65887497340394,127.73633221586715,93.53016682009473,97.16425398808094,116.13393021409826,135.10360644011556,138.73769360810178,142.96310530697744,116.11146745181561,11.546019392641902,132.98980069550575,0.3203817320907794,93.46742123789686,97.1138376797117,116.11571970525456,135.0950900473937,138.73012445369895,142.9564135218743,2,-8.29483863448229,0.0004441942146513611,95.79401051375535,9.358333463972432,0.999555766582489,113.2608893033293,10.25934011398871,77.45201396905341,80.40092177331896,95.79401051375535,111.18709925419174,114.1360070584573,117.56474967223288,93.15295217476437,96.38577650670622,113.2608893033293,130.13600209995235,133.3688264318942,137.12768336656885,113.2531261766722,10.265581653802839,105.2462040248346,0.1354598395736851,93.12455831525145,96.36474865427088,113.25553033022919,130.13381453700757,133.36688769851608,137.1260297804893,2,-5.436497359338873,0.03724849969148636,68.66468151164257,23.19953218870106,0.9627515077590942,108.78084524079256,10.491039871594234,23.19443396361079,30.504846847480188,68.66468151164257,106.82451617580493,114.13492905967433,122.63486389756933,88.21878493209414,91.52462025750827,108.78084524079256,126.03707022407684,129.34290554949098,133.1866535425535,107.28657913898415,13.554388138694819,126.01010105372185,57.71142251990656,76.9686347072772,87.50978079849328,108.3164514363698,125.86956612175486,129.20279787404684,133.07761463141264,2,0.5300496783491724,0.007025244180113077,68.83390128414264,24.783252102486987,0.9929747581481934,116.34246099826379,8.277499817264731,20.259619743491562,28.069079175714208,68.83390128414264,109.59872339257106,117.4081828247937,126.48836712458143,100.11885947438803,102.72718540174574,116.34246099826379,129.95773659478184,132.56606252213953,135.59880510053105,116.0087020365075,9.385926746538981,72.35062701701553,15.745025208771791,99.14691872853085,102.21239807480863,116.2731423121145,129.93352277520063,132.54641789953874,135.58480923183546,2,-8.192073219174176
236,438,set,0.299,79.5835551724934,80.5980374377884,80.4745422809221,80.39496438101101,80.48918136657385,0.26256057620048523,76.67680026001507,20.936847021759657,0.7374394536018372,70.53769786245782,12.559458612113149,35.64133414754144,42.238751499345554,76.67680026001507,111.11484902068457,117.7122663724887,125.38318981820396,45.92161131739463,49.87922681177659,70.53769786245782,91.19616891313903,95.153784407521,99.75536770385116,72.14958622750144,15.450396154365793,231.41753889076057,7.29735757394253,43.116232189684766,48.11354290046385,71.61058473335473,98.21794389831126,105.14232811923368,113.99804365544861,2,8.3395951390724,0.9622219800949097,80.81310584295184,8.054324461763848,0.03777797892689705,105.4053503972059,16.9691651647072,65.02691997809474,67.5649210393756,80.81310584295184,94.06129064652808,96.59929170780894,99.5502664314113,72.14639782666808,77.49355752969868,105.4053503972059,133.3171432647131,138.6643029677437,144.88153170237038,81.74214782791249,9.761358776908521,73.29966742829879,21.9841839360124,65.1136270014365,67.67667839217536,81.1489423410275,96.65496075522798,102.43893855283315,116.0853416885506,2,-1.2529664613386444,0.9764814972877502,80.62670362350352,7.657035336662131,0.0235185194760561,89.1183659299536,13.664523692035603,65.61919013529521,68.03200127829922,80.62670362350352,93.22140596870781,95.63421711171182,98.43963150040305,62.33639162766952,66.64222457454451,89.1183659299536,111.59450728536268,115.90034023223767,120.90680157070132,80.8264163004523,7.956038096237216,61.64265518445966,1.6559965207488097,65.56389510314106,68.01185253925318,80.73315727476106,93.8231090765898,96.58721401960024,100.2306224920763,2,-0.33723493387844883,0.7669885754585266,75.23346803422572,12.906804109237672,0.23301135003566742,58.06398042238001,19.010285371152204,49.936596824606305,54.003664482793965,75.23346803422572,96.46327158565748,100.53033924384513,105.25918433441237,20.804505759093033,26.794843580257783,58.06398042238001,89.33311726450222,95.32345508566698,102.28851738046964,71.23277694103872,16.26843728432872,211.97743926616667,52.68423435742714,34.21749665490956,41.94691986010424,72.49876621250354,95.54280459766271,99.83105111434271,104.82751010898566,2,9.256404425535123,0.5448993444442749,69.75233962481532,15.326804153492485,0.4551006555557251,75.58611313416375,11.05346598352076,39.71235548587113,44.5419902233683,69.75233962481532,94.96268902626232,99.7923237637595,105.40781788313289,53.921717902124456,57.4047795207849,75.58611313416375,93.76744674754259,97.25050836620305,101.30032022571002,72.40729377328341,13.858074258678407,183.6066025096444,8.439619649399951,43.648145769041754,48.76025643942931,72.87848684099893,94.34399903867047,98.55183985543646,103.58867077081281,2,8.081887593290432
