sample_idx,row_idx,state,voltage,g_before,g_after_1s,g_after_5s,g_after_10s,y_measured_uS,shuffle_run1_pi_1,shuffle_run1_mu_1,shuffle_run1_sigma_1,shuffle_run1_pi_2,shuffle_run1_mu_2,shuffle_run1_sigma_2,shuffle_run1_comp1_q025_uS,shuffle_run1_comp1_q05_uS,shuffle_run1_comp1_q50_uS,shuffle_run1_comp1_q95_uS,shuffle_run1_comp1_q975_uS,shuffle_run1_comp1_q99_uS,shuffle_run1_comp2_q025_uS,shuffle_run1_comp2_q05_uS,shuffle_run1_comp2_q50_uS,shuffle_run1_comp2_q95_uS,shuffle_run1_comp2_q975_uS,shuffle_run1_comp2_q99_uS,shuffle_run1_mixture_mean_uS,shuffle_run1_mixture_std_uS,shuffle_run1_within_var_uS2,shuffle_run1_between_var_uS2,shuffle_run1_mixture_q025_uS,shuffle_run1_mixture_q05_uS,shuffle_run1_mixture_q50_uS,shuffle_run1_mixture_q95_uS,shuffle_run1_mixture_q975_uS,shuffle_run1_mixture_q99_uS,shuffle_run1_n_components,shuffle_run1_residual_uS,shuffle_run2_pi_1,shuffle_run2_mu_1,shuffle_run2_sigma_1,shuffle_run2_pi_2,shuffle_run2_mu_2,shuffle_run2_sigma_2,shuffle_run2_comp1_q025_uS,shuffle_run2_comp1_q05_uS,shuffle_run2_comp1_q50_uS,shuffle_run2_comp1_q95_uS,shuffle_run2_comp1_q975_uS,shuffle_run2_comp1_q99_uS,shuffle_run2_comp2_q025_uS,shuffle_run2_comp2_q05_uS,shuffle_run2_comp2_q50_uS,shuffle_run2_comp2_q95_uS,shuffle_run2_comp2_q975_uS,shuffle_run2_comp2_q99_uS,shuffle_run2_mixture_mean_uS,shuffle_run2_mixture_std_uS,shuffle_run2_within_var_uS2,shuffle_run2_between_var_uS2,shuffle_run2_mixture_q025_uS,shuffle_run2_mixture_q05_uS,shuffle_run2_mixture_q50_uS,shuffle_run2_mixture_q95_uS,shuffle_run2_mixture_q975_uS,shuffle_run2_mixture_q99_uS,shuffle_run2_n_components,shuffle_run2_residual_uS,shuffle_run3_pi_1,shuffle_run3_mu_1,shuffle_run3_sigma_1,shuffle_run3_pi_2,shuffle_run3_mu_2,shuffle_run3_sigma_2,shuffle_run3_comp1_q025_uS,shuffle_run3_comp1_q05_uS,shuffle_run3_comp1_q50_uS,shuffle_run3_comp1_q95_uS,shuffle_run3_comp1_q975_uS,shuffle_run3_comp1_q99_uS,shuffle_run3_comp2_q025_uS,shuffle_run3_comp2_q05_uS,shuffle_run3_comp2_q50_uS,shuffle_run3_comp2_q95_uS,shuffle_run3_comp2_q975_uS,shuffle_run3_comp2_q99_uS,shuffle_run3_mixture_mean_uS,shuffle_run3_mixture_std_uS,shuffle_run3_within_var_uS2,shuffle_run3_between_var_uS2,shuffle_run3_mixture_q025_uS,shuffle_run3_mixture_q05_uS,shuffle_run3_mixture_q50_uS,shuffle_run3_mixture_q95_uS,shuffle_run3_mixture_q975_uS,shuffle_run3_mixture_q99_uS,shuffle_run3_n_components,shuffle_run3_residual_uS,shuffle_run4_pi_1,shuffle_run4_mu_1,shuffle_run4_sigma_1,shuffle_run4_pi_2,shuffle_run4_mu_2,shuffle_run4_sigma_2,shuffle_run4_comp1_q025_uS,shuffle_run4_comp1_q05_uS,shuffle_run4_comp1_q50_uS,shuffle_run4_comp1_q95_uS,shuffle_run4_comp1_q975_uS,shuffle_run4_comp1_q99_uS,shuffle_run4_comp2_q025_uS,shuffle_run4_comp2_q05_uS,shuffle_run4_comp2_q50_uS,shuffle_run4_comp2_q95_uS,shuffle_run4_comp2_q975_uS,shuffle_run4_comp2_q99_uS,shuffle_run4_mixture_mean_uS,shuffle_run4_mixture_std_uS,shuffle_run4_within_var_uS2,shuffle_run4_between_var_uS2,shuffle_run4_mixture_q025_uS,shuffle_run4_mixture_q05_uS,shuffle_run4_mixture_q50_uS,shuffle_run4_mixture_q95_uS,shuffle_run4_mixture_q975_uS,shuffle_run4_mixture_q99_uS,shuffle_run4_n_components,shuffle_run4_residual_uS,shuffle_run5_pi_1,shuffle_run5_mu_1,shuffle_run5_sigma_1,shuffle_run5_pi_2,shuffle_run5_mu_2,shuffle_run5_sigma_2,shuffle_run5_comp1_q025_uS,shuffle_run5_comp1_q05_uS,shuffle_run5_comp1_q50_uS,shuffle_run5_comp1_q95_uS,shuffle_run5_comp1_q975_uS,shuffle_run5_comp1_q99_uS,shuffle_run5_comp2_q025_uS,shuffle_run5_comp2_q05_uS,shuffle_run5_comp2_q50_uS,shuffle_run5_comp2_q95_uS,shuffle_run5_comp2_q975_uS,shuffle_run5_comp2_q99_uS,shuffle_run5_mixture_mean_uS,shuffle_run5_mixture_std_uS,shuffle_run5_within_var_uS2,shuffle_run5_between_var_uS2,shuffle_run5_mixture_q025_uS,shuffle_run5_mixture_q05_uS,shuffle_run5_mixture_q50_uS,shuffle_run5_mixture_q95_uS,shuffle_run5_mixture_q975_uS,shuffle_run5_mixture_q99_uS,shuffle_run5_n_components,shuffle_run5_residual_uS
0,0,reset,0.1,119.6248230599,118.8711943832,119.5302794701,118.9024589623,119.10131093853333,0.9999990463256836,113.70217098416337,6.554982588987148,9.227219379681628e-07,39.28753610781371,28.374121328430526,100.85464119046144,102.92018409806411,113.70217098416337,124.48415787026264,126.5497007778653,128.95134079442835,-16.324719788879932,-7.383740270816389,39.28753610781371,85.95881248644378,94.89979200450733,105.29561293798494,113.70209880079464,6.555456383811784,42.968498639547846,0.005109602985332576,100.85429448638789,102.91974503590504,113.70216324695465,124.48418348300739,126.55013644402007,128.95178458256086,2,5.399212137738687,0.9999994039535522,116.08933159516968,5.5984519926286325,6.147781164145272e-07,56.16391120887596,48.89889483637049,105.11656732044106,106.88069752978078,116.08933159516968,125.29796566055859,127.0620958698983,129.113278486141,-39.676161554221835,-24.26761331664669,56.16391120887596,136.59543573439856,152.00398397197375,169.9197512544131,116.0892969288795,5.598756226964006,31.344116029215748,0.0022077012963101334,105.11521771570835,106.88042324224624,116.08933141445644,125.29918926033565,127.06364683912254,129.1149376065969,2,3.012014009653825,0.9999997615814209,122.39266948146292,4.745341964947744,2.2388312004295585e-07,56.04464003281633,40.921924861461235,113.0919701358388,114.5872765392936,122.39266948146292,130.19806242363225,131.69336882708703,133.43198567321588,-24.160858873701955,-11.265936497393824,56.04464003281633,123.35521656302646,136.2501389393346,151.2432729359357,122.39265284822544,4.7455076860783,22.518639911073755,0.0009855469364405678,113.0908738662236,114.58624521407086,122.3926689820229,130.19895627782398,131.69459677815345,133.43355517712328,2,-3.2913419096921075,0.9999803304672241,117.32462902964605,4.47482293176444,1.9683886421262287e-05,52.84310393449755,66.47300011348938,108.5541372461938,109.96420030036768,117.32462902964605,124.6850577589244,126.09512081309829,127.73462384366546,-77.44158223226859,-56.49525139652113,52.84310393449755,162.18145926551617,183.12779010126366,207.48242642963012,117.32336146666593,4.493580599184059,20.110622803665322,0.0818413723446653,108.55292148558415,109.96053311451149,117.32454124457327,124.68636998665289,126.09894716417159,127.73717594382299,2,1.7779494718674016,0.9999995231628418,115.44262168902952,5.349541385683822,5.187033025322307e-07,57.59914929931642,43.76917420944494,104.95771323928274,106.64340913826048,115.44262168902952,124.24183423979856,125.9275301387763,127.88751591870857,-28.186855784255073,-14.394735647759958,57.59914929931642,129.5930342463928,143.3851543828879,159.42147466998188,115.44259651856683,5.349743045597201,28.61857309219396,0.001735511540502025,104.9563666238213,106.642480538542,115.44261590661185,124.24252799812497,125.92776608768479,127.88910109828583,2,3.6587144199665005
1,1,reset,0.7,118.9024589623,81.5070324267578,81.318927956309,81.25443852370441,81.36013296892374,0.8962782621383667,88.71191949424093,8.702775460478234,0.10372170805931091,31.334550919586853,12.301256811311806,71.65479302616461,74.39712771352903,88.71191949424093,103.02671127495282,105.76904596231725,108.95760268497926,7.224530604837682,11.10078403743912,31.334550919586853,51.56831780173458,55.444571234336024,59.95155355061249,82.76063817790796,19.739023579098102,83.57785674068542,306.0509909897673,22.68681680526055,30.781163410093004,87.44521694933616,102.55952445569407,105.35781874949704,108.59762131844661,2,-1.400505208984228,0.8335762023925781,88.55408438484817,8.06802760255444,0.16642381250858307,37.342615905683445,15.12479380440067,72.74104085756642,75.2833599204419,88.55408438484817,101.82480884925442,104.36712791212992,107.32312324575351,7.698564775463581,12.464543959621839,37.342615905683445,62.22068785174504,66.98666703590331,72.52814781785702,80.03127787594113,21.35786037611221,92.3310430246317,363.8272522628897,21.680936911686942,29.430189039325136,86.51610539839082,101.09947109097122,103.72959078505889,106.76577195439862,2,1.3288550929826073,0.8636671304702759,92.45932932315539,9.431628270918385,0.13633283972740173,33.989563227302035,14.04082413587674,73.97367759658556,76.94568135367723,92.45932932315539,107.97297729263353,110.9449810497252,114.40057769994986,6.4700536077228925,10.894462722017401,33.989563227302035,57.08466373258666,61.50907284688117,66.65340460558022,84.48797731760801,22.499912637219904,103.70534058847227,402.54051535857394,21.316595580882037,29.209005499132555,90.58113979076386,107.29259622500635,110.34658445442234,113.87710226162226,2,-3.1278443486842775,0.6443134546279907,99.21441306010027,14.949036189934674,0.3556865155696869,34.28284009261958,18.727781069106594,69.91484052424244,74.6254366636574,99.21441306010027,123.80338945654313,128.5139855959581,133.9910716195144,-2.4229363131803794,3.478381476346467,34.28284009261958,65.08729870889269,70.98861649841953,77.85017376823801,76.11912516401827,35.14197070467895,268.73695541382006,966.2209769164265,6.684455562556932,14.098987062059257,87.92831699849901,120.46299837579123,125.59621737263001,131.45283434852684,2,5.241007804905465,0.8638901114463806,87.97642784481944,7.298019385118862,0.13610993325710297,38.101521853440126,16.436125332376456,73.67257269151132,75.97225418964452,87.97642784481944,99.98060149999435,102.28028299812756,104.95415972609955,5.887308156595843,11.066501487451731,38.101521853440126,65.1365422194285,70.3157355502844,76.3376670778829,81.18796165198131,19.371938464002728,82.78130975863277,292.4909847568219,23.28518885859948,32.53164237137648,86.53053536594591,99.45603741804712,101.8190500119801,104.55083585666867,2,0.17217131694242482
2,2,reset,0.4,81.25443852370441,81.5390661819985,81.52716689018699,81.18293274968221,81.41638860728924,0.9996016621589661,76.53854715409375,7.871280602396916,0.0003983680217061192,19.87779623553981,11.935378223283573,61.11112066118705,63.59144270648841,76.53854715409375,89.48565160169909,91.96597364700044,94.84988404945872,-3.5151152239596577,0.2458460759341996,19.87779623553981,39.50974639514541,43.27070769503928,47.6436379911489,76.51597763282675,7.954079332248275,61.98912730153709,1.2784274207889461,61.0583767464022,63.562409441206476,76.53461534649668,89.48418819842382,91.96465052750463,94.84875533735637,2,4.900410974462488,0.996860146522522,73.5326440526824,7.6946922058461045,0.003139832988381386,21.11141052709111,15.191675808244954,58.45132445710297,60.8760016696212,73.5326440526824,86.18928643574358,88.61396364826183,91.43317490715111,-8.663726921877423,-3.87667252557155,21.11141052709111,46.099493579753755,50.88654797605963,56.452533246719426,73.36804862774966,8.26730009333513,59.74701547270489,8.601125070399021,58.027795035631286,60.64827102968946,73.5022857224793,86.17763638885074,88.60372536331616,91.42413771324584,2,8.048339979539577,0.9992194175720215,75.96128172900755,8.60860105134277,0.0007806107751093805,27.56887197683976,16.189660879662707,59.08873371110207,61.80139306672814,75.96128172900755,90.12117039128697,92.83382974691303,95.98788248326456,-4.162280269216204,0.9392495598121826,27.56887197683976,54.19849439386732,59.300024222895715,65.23165514568527,75.9235082458059,8.722455526215729,74.25476672960625,1.8266270808150502,58.97815382126093,61.74014383514932,75.95287621409939,90.11799556213116,92.83102845328254,95.98539188452024,2,5.49288036148333,0.982097327709198,78.26665750818708,10.239034494556703,0.017902616411447525,24.910167004598236,16.690564483901102,58.19851866239266,61.424944483334244,78.26665750818708,95.1083705330399,98.33479635398149,102.08621363682991,-7.802738265491286,-2.5433685226139318,24.910167004598236,52.36370253181039,57.62307227468775,63.73822620826313,77.31143235214999,12.56993581004321,107.94817045607819,50.05478181841112,53.604723043076184,59.44755144824617,78.03305066221343,95.01863567127218,98.25568527857858,102.01680659053807,2,4.104956255139243,0.9996533393859863,74.36796779118383,7.757248343558821,0.00034669952583499253,28.22179656454942,20.472666208217674,59.16404041867555,61.6084297181178,74.36796779118383,87.12750586424985,89.5718951636921,92.41402598362873,-11.903891871067422,-5.452742701404276,28.22179656454942,61.896335830503105,68.34748500016624,75.84834007398436,74.35197182929353,7.812628792304947,60.29935378886306,0.738029970430367,59.12182358506204,61.584770506920144,74.36467720691792,87.12631764311094,89.57100244457489,92.41310832042544,2,7.064416777995703
3,10,reset,0.1,111.2591723452,111.263566923,111.31858421460001,111.2560530246,111.27940138740001,0.9999990463256836,107.65987130254575,6.681852184309521,9.773659712664085e-07,34.91139687073762,25.693829508705967,94.5636816712788,96.66920250243062,107.65987130254575,118.65054010266088,120.7560609338127,123.20418392616935,-15.447583591238562,-7.351191786930173,34.91139687073762,77.17398552840538,85.27037733271379,94.68418252428356,107.65980275130289,6.682263778977973,44.64775126462598,0.0051725484955107435,94.5632614433147,96.66886866804495,107.65986329505246,118.6508242311227,120.75640888472623,123.20419509253978,2,3.6195986360971233,0.9999990463256836,109.17016839647374,5.80717014453996,9.961240721167997e-07,49.44146533954881,42.907342992881816,97.78832406107915,99.61822352190288,109.17016839647374,118.7221132710446,120.55201273186832,122.67966631641772,-34.65538159880661,-21.13483340514371,49.44146533954881,120.0177640842413,133.53831227790423,149.2588714917806,109.1701135335218,5.807587674499955,33.725026831006744,0.003553687008052676,97.78774530149045,99.61753114687419,109.17015979208068,118.7228497441265,120.5530601998806,122.68096337911587,2,2.1092878538782145,0.9999997615814209,114.44772777432996,5.120574943463443,2.912594254667056e-07,51.15113125242147,37.503690854899425,104.41158530500338,106.02513150649729,114.44772777432996,122.87032404216264,124.48387024365654,126.35996640792294,-22.354752110505608,-10.536950674326633,51.15113125242147,112.83921317916955,124.65701461534854,138.39776274140166,114.44771538611442,5.120660695547476,26.22069116441764,0.0011669186814221213,104.41142812296827,106.02504385676617,114.44772616607696,122.87052745503475,124.48407062287521,126.36086528031812,2,-3.16831399871441,0.9999719858169556,110.29687074414926,4.831172813421339,2.796938133542426e-05,47.614208696197174,55.464031578468955,100.82794602675439,102.35029861956382,110.29687074414926,118.24344286873469,119.76579546154413,121.5358593477759,-61.09329563499424,-43.61600481099851,47.614208696197174,138.8444222033928,156.32171302738857,176.64284064450248,110.29511260738302,4.851397204707053,23.42561795107877,0.10989187344169406,100.82568025572725,102.34873021169479,110.29673861184865,118.24546283599247,119.76832049831235,121.5389504182757,2,0.9842887800169962,0.9999994039535522,108.70331741700727,5.617060297523502,5.548604349314701e-07,51.803818473821195,41.01383687295501,97.69408153487136,99.46407541382062,108.70331741700727,117.94255942019392,119.71255329914317,121.77055369851028,-28.58182466497152,-15.657939861854913,51.803818473821195,119.26557680949728,132.18946161261388,147.21627068947794,108.7032813686703,5.61734492350361,31.552280929990047,0.0017963890778867175,97.69351613730471,99.46374792044821,108.70331371749785,117.94321959727243,119.71344517174832,121.77109945705249,2,2.5761200187297106
4,12,reset,1.5,20.345573637345,8.529708548388609,8.33565342353622,8.34815827106303,8.404506747662618,0.013549186289310455,5.537709827052652,4.8518405407894445,0.9864507913589478,13.152189078539273,8.065416573145022,-3.9717228916260012,-2.4428576838550615,5.537709827052652,13.518277337960361,15.047142545731303,16.82477875430334,-2.655736925137436,-0.11424062467283669,13.152189078539273,26.418618781751377,28.960115082215978,31.915153776728957,13.049018786690457,8.078579944635957,64.48850835639723,0.7749417594919095,-2.6936429195348803,-0.1888731104310904,13.03035237891763,26.365232049599342,28.913031146776135,31.873876750321774,2,-4.644512039027839,0.020015986636281013,11.40119175694705,4.6228225118568185,0.9799839854240417,19.34596083403641,8.05061489557871,2.340626126786697,3.797325381566444,11.40119175694705,19.005058132327655,20.4617573871074,22.1554850794733,3.56704558530045,6.103877723854218,19.34596083403641,32.5880439442186,35.12487608277237,38.074491681087466,19.18693790184115,8.07347409703348,63.94286565161056,1.2381080581867814,3.513287962319458,5.989544102922614,19.159089562930614,32.50897764977994,35.05514826323664,38.01335329919824,2,-10.782431154178534,0.0025558259803801775,7.294614332949237,6.943646319761993,0.9974441528320312,15.04563315954416,8.788315670089364,-6.314682375168363,-4.126667500379524,7.294614332949237,18.715896166277993,20.903911041066834,23.447951187019058,-2.1791490385999914,0.590140254803206,15.04563315954416,29.50112606428511,32.27041535768831,35.490312635056355,15.025822585472046,8.792808534517604,77.16031992554989,0.1531572155005786,-2.2026159073292315,0.5646854524608146,15.024905700492939,29.490388613103015,32.26087522721238,35.48193575402225,2,-6.621315837809428,0.013814892619848251,10.977557629957559,7.393659126616585,0.9861851334571838,11.996463304783852,8.611595103661424,-3.513747972176823,-1.18392940090059,10.977557629957559,23.139044660815703,25.468863232091937,28.17778082054471,-4.881952947834016,-2.1683501353111865,11.996463304783852,26.161276744878883,28.874879557401716,32.030029266287116,11.982387545128532,8.596767624624855,73.89027328155072,0.014144054325350522,-4.863602068755151,-2.154175488551178,11.980154650650071,26.126601276471423,28.8396261971584,31.995067880520857,2,-3.577880797465914,0.15110750496387482,6.2809037434974755,5.322281011357764,0.8488925099372864,14.822120410595652,9.320325724644682,-4.150575354365158,-2.473469481689296,6.2809037434974755,15.035276968684244,16.712382841360107,18.662380859317544,-3.4453823338901124,-0.5084511619552696,14.822120410595652,30.152691983146568,33.08962315508141,36.50444034549096,13.53147869154139,9.347740969782077,78.02236811031032,9.357895856248279,-3.628156500718312,-1.0747132905729704,13.143873458388356,29.399900344239548,32.42764347213138,35.92545629159683,2,-5.126971943878772
5,14,reset,0.1,9.64951048033333,9.62050013131983,9.521968609878279,9.765539170065889,9.636002637088,1.0,11.359868440260783,8.369832122291289,3.103332701925865e-08,-8.836044834624985,19.274745875524694,-5.044701076076592,-2.4072802830649866,11.359868440260783,25.127017163586547,27.764437956598154,30.831009604031863,-46.61385256181534,-40.54018049654972,-8.836044834624985,22.868090827299735,28.941762892565364,36.00371925557935,11.359868166048914,8.369833327951108,70.05410128471131,1.2657715289758374e-05,-5.044791854574702,-2.407347727171885,11.359867809028284,25.127153738215384,27.76459964732121,30.83113312716274,2,-1.7238655289609142,0.9999990463256836,11.284035298921495,6.647449579097649,9.179673838843883e-07,-24.800418112703454,26.46615204766353,-1.744726465155841,0.3499537487656852,11.284035298921495,22.218116849077298,24.312797062998825,26.748315495048992,-76.673122935485,-68.33336429975196,-24.800418112703454,18.73252807434504,27.072286710078068,36.76905843742025,11.28400177165191,6.6475850187511405,44.18918676199332,0.001195273014112591,-1.745198959481633,0.3496361795744801,11.284029372769348,22.21832011341739,24.313191055195396,26.748336261316354,2,-1.6479991345639107,0.9999992847442627,14.470839850629176,9.057206518740374,7.122673082449182e-07,-1.2984938463167168,20.490246150548142,-3.2809587266433624,-0.42693914176945214,14.470839850629176,29.368618843027797,32.222638427901714,35.54105298024969,-41.458638335751566,-35.00194954417428,-1.2984938463167168,32.40496185154083,38.861650643118125,46.368946724584475,14.470828575403232,9.057229600745972,82.03323029410922,0.00017712072818457195,-3.281141585470809,-0.42710613763519334,14.47083538476315,29.36876392891,32.22275399691567,35.54124685598271,2,-4.834825938315232,0.9999946355819702,12.815716939500184,6.8883035553944625,5.366689492802834e-06,-10.514807272349174,17.47730702618796,-0.6851099436521704,1.4854658528668772,12.815716939500184,24.145968026133488,26.316543822652534,28.840307271340055,-44.76969959042642,-39.2624191237189,-10.514807272349174,18.232804579020545,23.740085045728065,30.14348877198224,12.815591760931461,6.888616072725676,47.450110625365255,0.002921145112940503,-0.6857085389975746,1.48511575615263,12.815679116049997,24.14599574296606,26.316619461171687,28.840427572073704,2,-3.1795891238434617,1.0,10.219166874987245,8.604949521319009,1.9571054110656405e-08,-20.935781694808227,33.11639000656695,-6.646224275583194,-3.934715554888667,10.219166874987245,24.37304930486315,27.08455802555768,30.23727290013647,-85.84271340566163,-75.40739590864939,-20.935781694808227,33.535832519032915,43.97115001604516,56.10446179287615,10.219166465251929,8.604951753517689,74.04517772793105,1.899626797547994e-05,-6.646341593551792,-3.934872421556629,10.219166959951968,24.373402993860164,27.08500305655689,30.23729575401203,2,-0.5831638281639293
6,15,reset,0.9,9.765539170065889,10.562261946420001,10.0221158029424,9.77654723636563,10.12030832857601,0.9791485071182251,11.015228742283966,5.864258765090597,0.020851528272032738,10.65641180197666,8.370306180575076,-0.47850723331693956,1.3693814431427338,11.015228742283966,20.661076041425197,22.50896471788487,24.657534653277843,-5.749086851523511,-3.1115166778365833,10.65641180197666,24.424340281789895,27.061910455476827,30.128655790228397,11.007747250540449,5.927561258364457,35.1333581126136,0.0026286473048175206,-0.618504482475534,1.2698151788447334,11.009955273952968,20.739659953975963,22.62100102547996,24.828247751794752,2,-0.8874389219644385,0.9002761244773865,11.622848732926883,5.360697602251343,0.09972387552261353,4.910188829196201,9.538551004171895,1.1160745005040251,2.805285838873697,11.622848732926883,20.440411626980065,22.12962296534974,24.093696203300127,-13.785027603679083,-10.779331385877553,4.910188829196201,20.59970904426995,23.605405262071482,27.100176679181615,10.953436272261605,6.244197601410401,34.94457854418785,4.045425141271558,-2.61666841051808,0.5681738886811932,11.254871604035795,20.449925800244277,22.230071689915928,24.347600473389527,2,-0.8331279436855947,0.4935280680656433,12.865542285833662,7.59813469290566,0.5064719319343567,11.626716724841245,9.02337035585906,-2.026528061945738,0.36772287814197213,12.865542285833662,25.36336169352535,27.757612633613057,30.5414467753507,-6.058764191808887,-3.2154067323199307,11.626716724841245,26.468840182002417,29.312197641491373,32.618215168877114,12.23811191062817,8.373371891740934,69.72974892658006,0.383607910817122,-4.3795138848196835,-1.6155578433722244,12.29125945842565,25.906193561077313,28.550032908796055,31.656377468721242,2,-2.1178035820521597,0.7643206119537354,11.769060985165524,6.922611079215134,0.23567941784858704,9.246337237735034,9.270681100388103,-1.7990074090740968,0.38237904354406105,11.769060985165524,23.15574292678698,25.33712937940514,27.87346255210922,-8.923863831181809,-6.0025761945488085,9.246337237735034,24.49525067001887,27.416538306651873,30.8131665065335,11.174507271723648,7.617754111681236,56.88378029529086,1.1464011321499445,-4.255722554732435,-1.512744267807854,11.299737906815967,23.43325431526365,25.80655635241548,28.626252963388524,2,-1.0541989431476377,0.9963812828063965,10.168564693457576,6.989619183911577,0.003618658287450671,10.513576624965907,13.524706160374055,-3.5308371726593624,-1.328335772208975,10.168564693457576,21.665465159124125,23.867966559574512,26.42885042230535,-15.994360350854247,-11.732585356378287,10.513576624965907,32.759738606310094,37.02151360078605,41.976748048179154,10.169812574751772,7.024267688382451,49.33990128378781,0.0004291818918989831,-3.585014547596715,-1.362979826354254,10.169211482466325,21.703609289134835,23.927470916706206,26.533746527169548,2,-0.049504246175761324
7,16,reset,1.1,9.77654723636563,13.805671369798699,13.971715937690101,13.769162198803,13.8488498354306,0.7584566473960876,8.184786547451182,5.279285341124138,0.24154338240623474,13.309152945680758,7.892267290744013,-2.1624225852623837,-0.49886509360859854,8.184786547451182,16.868438188510957,18.531995680164748,20.466240777230297,-2.1594067005410196,0.32752846762999255,13.309152945680758,26.29077742373152,28.77771259190253,31.66931217886516,9.422543583894056,6.402713100414942,36.18406020721262,4.8106774849916425,-2.161920714965911,-0.36458158456865747,9.053233374540797,20.602829640243005,23.525518530673615,27.04912422915563,2,4.426306251536545,0.5466519594192505,10.40996623067393,4.933959843325684,0.4533480405807495,11.1641275495761,8.626104793693056,0.7395826365887004,2.294324487146758,10.40996623067393,18.5256079742011,20.08034982475916,21.888073222797516,-5.742727172930607,-3.024552206793409,11.1641275495761,25.352807305945603,28.070982272082805,31.231448097637447,10.751863786880023,6.86892347199151,47.04115769109778,0.14095197297811746,-2.938841486894516,-0.28925071081782705,10.6525778388879,22.21021991925961,25.078475274869792,28.551782619768296,2,3.096986048550578,0.09638772159814835,10.405310614185645,7.022063517066384,0.9036123156547546,14.387362435171816,8.597931031108978,-3.357680976417134,-1.1449560305446127,10.405310614185645,21.955577258915895,24.168302204788418,26.741073148492774,-2.464272727361113,0.2450243943735977,14.387362435171816,28.52970047597003,31.238997597704742,34.38914101054196,14.00354206883222,8.540076222988679,71.55183295630444,1.3810762434163177,-2.5791369169409766,0.06078284505532836,13.943842575973477,28.15022014488149,30.88870590048176,34.071909620733415,2,-0.15469223340161875,0.3308371305465698,9.814020346729329,6.581717318317172,0.6691628694534302,12.086565398164282,8.904301480631771,-3.0859085535958783,-1.0119412558739924,9.814020346729329,20.639981949332647,22.713949247054533,25.125384437734265,-5.365544811360671,-2.559707187722257,12.086565398164282,26.732837984050814,29.538675607689232,32.80106821745071,11.334723114309735,8.2783151593986,67.38717323648707,1.143328641841583,-4.61506162547171,-2.0035531957578923,11.178699183174736,25.228834407181054,28.10505976418695,31.481299376091208,2,2.5141267211208653,0.9653475880622864,8.060260944439534,6.289268537740006,0.0346524640917778,14.776583841907815,11.71970260857997,-4.266478878631771,-2.284665220733901,8.060260944439534,18.405187109612967,20.387000767510834,22.691287436482945,-8.193611180429055,-4.500611500607587,14.776583841907815,34.053779184423206,37.746778864244675,42.040689089768726,8.292998502848205,6.667290242206747,42.94379156399016,1.5089711966695805,-4.369265657677444,-2.33350469159517,8.180923699052096,19.140256483918577,21.576328052209927,25.020606717492157,2,5.555851332582396
8,18,reset,0.3,10.6833201109441,10.6942961650575,10.6977969705765,10.6902959266338,10.6941296874226,0.9999985694885254,13.331476168193518,7.907267223126021,1.4053006225367426e-06,-3.646289412693818,14.209102014234967,-2.1664828052675293,0.32517899696018127,13.331476168193518,26.33777333942685,28.829435141654564,31.726530462185558,-31.495617613249898,-27.01818239653168,-3.646289412693818,19.725603571144035,24.203038787862255,29.409024850151127,13.331451973231104,7.907305405375264,62.52506922357229,0.00040506964005555845,-2.166630257458529,0.3251082877783424,13.331465761565408,26.33784973907802,28.82953074470999,31.726640307376144,2,-2.6373222858085033,0.9999617338180542,12.317344793010491,6.618325002601565,3.821409336524084e-05,-18.18250512946375,18.421596062013446,-0.6543338500695377,1.4311689081376908,12.317344793010491,23.203520677883287,25.289023436090517,27.713871092523984,-54.288169948755,-48.48333422630154,-18.18250512946375,12.118323967374025,17.923159689827493,24.672535705840353,12.316178627304922,6.621863234827825,43.81351784747041,0.03554695206808837,-0.657833755357281,1.429173218085613,12.317059364714112,23.203592362389063,25.289151408369303,27.713968252963507,2,-1.6220489398823208,0.9999446868896484,15.376694425654222,9.21337601794686,5.536714525078423e-05,0.8411152821700512,15.191014958859306,-2.6811907455466866,0.22203946606660985,15.376694425654222,30.531349385241825,33.43457959685513,36.81021213774377,-28.932726925803404,-24.14588076998376,0.8411152821700512,25.82811133432385,30.6149574901435,36.18070063623501,15.375890463010615,9.214448651263915,84.89437922936501,0.01169749223755041,-2.6845709016068424,0.2198834159770193,15.376270975431854,30.53128639618169,33.43457943787203,36.81028467241683,2,-4.681760775588014,0.99983811378479,14.101330636996522,7.455670400754196,0.00016186032735276967,-5.604453575981353,13.517099649078018,-0.5115148290830156,1.8378441369612428,14.101330636996522,26.3648171370318,28.714176103076056,31.445813623340268,-32.09748206361328,-27.838103959631813,-5.604453575981353,16.629196807669096,20.888574911650565,25.84102245584949,14.098140687259832,7.461262923462955,55.60759617358477,0.06284309405061307,-0.5244496384283401,1.8300669355567367,14.10003734549345,26.364386855535685,28.713854009855247,31.4455139217227,2,-3.404010999837231,0.9999991655349731,11.550727137524952,8.667269641393993,7.835641326892073e-07,-12.70830394788284,25.019034852347975,-5.436809203904669,-2.7056627678883487,11.550727137524952,25.807117042938245,28.53826347895457,31.713811441520587,-61.74471118643727,-53.860954167592716,-12.70830394788284,28.444346271827015,36.32810329067158,45.494674591430574,11.55070754107596,8.667321312992978,75.12199082393106,0.0004611275927880964,-5.436988275542386,-2.7058345366242493,11.550721855720155,25.807348565797135,28.538540172795322,31.713922750007058,2,-0.8565778536533593
9,21,reset,1.1,9.50850535804277,9.337425615733189,8.61322733321562,8.687251978955999,8.879301642634935,0.7627707719802856,7.9718150205398715,5.270592474358427,0.23722927272319794,13.311839500734251,7.90223600142569,-2.358356406390495,-0.6975381270917254,7.9718150205398715,16.641168168171465,18.301986447470235,20.233046618199253,-2.1762584593959122,0.31381795276270097,13.311839500734251,26.3098610487058,28.799937460864413,31.6951894228199,9.238625500668359,6.4158371602503825,36.00298102767246,5.15998925471796,-2.327706967997828,-0.5395942352991399,8.853864033103314,20.475015994573948,23.438421183748808,26.996435957556972,2,-0.3593238580334237,0.5529044270515442,10.22174553626349,4.922792500212384,0.4470955729484558,11.138297779302746,8.640064225460721,0.5732495324833309,2.1244724375596427,10.22174553626349,18.319018634967335,19.87024154004365,21.673873403476765,-5.795916926713229,-3.0733431990399893,11.138297779302746,25.349938757645475,28.07251248531872,31.238092821779617,10.631531986502319,6.85439205819877,46.77502473216422,0.2076657553341527,-2.962351330108922,-0.3368730066753747,10.510775245144496,22.108680590227173,25.00437084648769,28.500861977243243,2,-1.7522303438673834,0.09730742871761322,10.236699613790165,7.005662988588466,0.9026925563812256,14.390663984755626,8.599521789987289,-3.494147531668471,-1.286590562189268,10.236699613790165,21.759989789769595,23.967546759248798,26.534308813539546,-2.4640890078868836,0.2457093784468114,14.390663984755626,28.535618591064434,31.245416977398133,34.39614321866044,13.986452178394796,8.546765185202927,71.53149867831848,1.5156935377005922,-2.6002126035731177,0.03740057361588961,13.924131717440757,28.148273287531715,30.889059090341235,34.07432081854804,2,-5.10715053575986,0.33600562810897827,9.59176995497463,6.5501253460026305,0.6639944314956665,12.078430207359723,8.916578443810462,-3.246239817413489,-1.1822274773845685,9.59176995497463,20.365767387333825,22.429779727362746,24.829640128348878,-5.397742407834986,-2.5880361859392345,12.078430207359723,26.744896600658677,29.55460282255443,32.82149351383658,11.242899087293981,8.281709955036503,67.20715691145887,1.3795704020846156,-4.667068054360595,-2.068017354195064,11.067940357836472,25.17705799193685,28.071020862331512,31.464189314722173,2,-2.363597444659046,0.9663350582122803,7.862561781697792,6.282281741327043,0.03366485983133316,14.755075217413278,11.732877787454258,-4.45048417203679,-2.470872126055008,7.862561781697792,18.19599568945059,20.175607735432372,22.47733455475955,-8.24094268100707,-4.5437913658592315,14.755075217413278,34.05394180068578,37.75109311583362,42.0498305146385,8.094596636009582,6.657191520295899,42.772726252635906,1.545467315276806,-4.545524767684335,-2.5147188674705565,7.9822286550045005,18.92285069127193,21.354038593123878,24.79478304140972,2,0.7847050066253534
10,23,reset,1.3,10.3502011251083,9.826078412105732,10.8043305485531,10.8013511626196,10.477253374426144,0.20588132739067078,4.442005361580698,4.836780929661897,0.7941186428070068,14.341167714442761,7.8389010055084585,-5.037911061666783,-3.51379129334339,4.442005361580698,12.397802016504782,13.921921784828177,15.694040394500933,-1.0227959347286362,1.4473229642186265,14.341167714442761,27.23501246466689,29.705131363614157,32.57717840342397,12.303114601779662,8.344766970828571,53.61377574294576,16.02135554340864,-2.827058063041845,-0.7920348149956679,12.056143687088701,26.337632801538376,28.91727662133097,31.888988721490545,2,-1.825861227353517,0.1637471467256546,8.635874246061611,4.585981170111072,0.8362528681755066,15.941124537264464,8.214916213909211,-0.352483681134947,1.0926064852732544,8.635874246061611,16.179142006849965,17.624232173258168,19.30446179154083,-0.15981537801173218,2.4287898077134376,15.941124537264464,29.453459266815486,32.04206445254066,35.05187740691579,14.744910883504506,8.196701277108504,59.8782008404997,7.307714225349683,-0.21123252946750998,2.026608978022372,14.344868998328723,28.72801383543884,31.40437867486372,34.49431875208702,2,-4.2676575090783615,0.01641710288822651,7.0213787367556435,6.622164672399404,0.9835829138755798,15.830171971430715,8.560339490443297,-5.957825520840677,-3.8711128429104296,7.0213787367556435,17.91387031642171,20.000582994351962,22.426837443940357,-0.947785125274109,1.7496665126391342,15.830171971430715,29.910677430222293,32.60812906813554,35.74449954609133,15.685557371949878,8.60518930120864,72.79631804976748,1.252968984379879,-1.156700522516197,1.5323939798737938,15.685250913733057,29.84227852825688,32.54759930214625,35.69134272745781,2,-5.208303997523734,0.0880783423781395,7.40229232264349,6.356563235282267,0.9119216799736023,13.184568001091627,8.780777266740216,-5.056342683961162,-3.053323769856936,7.40229232264349,17.85790841514391,19.86092732924814,22.18986969124856,-4.025439197987257,-1.2585253335590583,13.184568001091627,27.627661335742307,30.394575200170507,33.61171052799887,12.675275038858542,8.749594595636335,73.86991478208473,2.6854943969927256,-4.16413561913145,-1.514169270486606,12.564114861764052,27.23835149885033,30.048118624469875,33.30681472490105,2,-2.1980216644323978,0.7642139792442322,4.995575964510849,5.669700659939005,0.23578602075576782,16.366436412490174,10.434471259656764,-6.11683313209258,-4.330251729718984,4.995575964510849,14.321403658740676,16.107985061114277,18.185272041207906,-4.084751454155377,-0.7967414842771596,16.366436412490174,33.5296143092575,36.81762427913572,40.64064644413294,7.6766659021090415,8.575316686985959,50.238000006679485,23.298056275420365,-5.873687395060817,-3.9423394429113676,6.453849789453713,24.735875410261077,29.38949266693432,34.34890712488341,2,2.800587472317103
11,24,reset,1.4,10.8013511626196,12.6268652721052,12.2087168040412,13.0104469986265,12.6153430249243,0.07437798380851746,2.213389261552578,4.667678675411879,0.9256220459938049,14.261784867831999,7.952073485809103,-6.935092833660331,-5.464258937142698,2.213389261552578,9.891037460247851,11.361871356765485,13.07203362480277,-1.3239927667697309,1.181787952914254,14.261784867831999,27.341781782749738,29.847562502433725,32.76107411576054,13.365649919543847,8.375354741097206,60.152637451940905,9.993934911183317,-2.834684008716713,-0.5152876235838701,13.472341544732707,27.04146531815076,29.58302384179039,32.5293513946988,2,-0.7503068946195466,0.07792196422815323,7.498706201992974,4.438492399620356,0.9220780730247498,17.763272410263376,8.161990270152053,-1.200579046917687,0.19803588028088548,7.498706201992974,14.799376523705059,16.19799145090363,17.824183559796218,1.7660654385990018,4.33799311126114,17.763272410263376,31.188551709265607,33.760479381927745,36.750901123173634,16.963437911098485,8.398355137634526,62.96215503369464,7.5702247039669235,1.1230166134818445,3.398020898816812,16.92644171684889,30.864885771007277,33.47537869796981,36.501165231886624,2,-4.348094886174184,0.007206836715340614,4.96344519764618,6.486049254702922,0.9927932024002075,16.041093516574293,8.638198337450426,-7.74897774352441,-5.705156443537819,4.96344519764618,15.632046838830176,17.675868138816767,20.0522520922485,-0.8894641161423174,1.8325216508927777,16.041093516574293,30.249665382255802,32.9716511492909,36.13654785444521,15.961259341405976,8.675361193262361,74.38389352708533,0.878008271624661,-1.055337403787085,1.6744676894395365,15.969552852645485,30.219406213146012,32.944941487347805,36.11310870671244,2,-3.3459163164816754,0.04461495205760002,5.986763727961943,6.287390511679771,0.9553850293159485,13.093181971761936,8.790343398765534,-6.336295231669272,-4.3550733592348045,5.986763727961943,16.328600815158687,18.309822687593154,20.61342127807273,-4.135574501557926,-1.36564624984649,13.093181971761936,27.552010193370357,30.321938445081795,33.54257864956908,12.776129218634027,8.816972654278945,75.58641830544447,2.152585440472313,-4.31908330658231,-1.622853290279482,12.724644239990381,27.357917667058594,30.150115178640405,33.39174968540939,2,-0.16078619370972724,0.5367026925086975,3.073534637846194,5.394792373030001,0.46329736709594727,16.199896972617864,9.939159924760393,-7.5000641173639835,-5.800109163582347,3.073534637846194,11.947178439274731,13.64713339305637,15.62369840573628,-3.280498516496344,-0.14856627847499482,16.199896972617864,32.548360223710716,35.680292461732066,39.32184053333613,9.15494393029026,10.209359933088773,61.38779031468674,42.84324492431563,-6.560005335558278,-4.599811632555417,7.150919695203028,28.501232765911254,32.17812336746959,36.29758202858045,2,3.46039909463404
12,25,reset,0.8,13.0104469986265,9.92908646447075,10.0781256298829,9.83005795802172,9.945756684125122,0.9933063387870789,14.804145307306008,6.289204475809765,0.006693636998534203,8.96442158716178,8.62889249916272,2.4775310433107567,4.459324514630881,14.804145307306008,25.14896609998113,27.130759571301255,29.435022769014196,-7.947896937664975,-5.22884353666038,8.96442158716178,23.157686710983935,25.876740111988532,29.038227307915932,14.76505595807833,6.325699239341791,39.78772463043673,0.22674095726975713,2.3320695187818905,4.3565672626621,14.777613861595402,25.14096043662044,27.12546824945412,29.433239248847652,2,-4.819299273953208,0.9514420628547668,14.45144594416871,5.742828364813777,0.048557937145233154,1.8439717576305839,9.985670234787897,3.195709179738655,5.005333879344974,14.45144594416871,23.897558008992444,25.707182708598765,27.81126250163468,-17.727582264047324,-14.580994145601654,1.8439717576305839,18.268937660862814,21.415525779308485,25.07411447920231,13.839253005058643,6.600298991885093,36.220520299964484,7.3434264823148645,-0.3019098291198442,3.13663045887165,14.163809052924972,23.796635467592907,25.62617007984698,27.754087720906824,2,-3.8934963209335205,0.754629373550415,15.98305205910333,8.109943660679473,0.24537061154842377,10.102447386759543,9.39945974123167,0.08785456752263343,2.643381814462593,15.98305205910333,29.322722303744058,31.87824955068402,34.84960225271601,-8.32015518018871,-5.358288059989722,10.102447386759543,25.563182833508804,28.525049953707793,31.96886057290631,14.540124256209781,8.815586984277958,71.31132413612374,6.403246590915015,-3.3768897578974064,-0.2796913604109339,14.730351418733624,28.69735238361962,31.32807186248403,34.37829476864445,2,-4.594367572084659,0.8715578317642212,15.299480243966151,7.473060854638371,0.12844222784042358,7.6158248971964895,9.401709326487307,0.6525501145988244,3.0073889927851525,15.299480243966151,27.591571495147143,29.946410373333475,32.68441947573196,-10.811186775832965,-7.848610788019647,7.6158248971964895,23.08026058241262,26.04283657022594,29.48747140122018,14.31257534518916,8.163081969108797,60.02685835640192,6.609061087987633,-2.6074511516602445,0.5361833212781211,14.553652813205005,27.26511855206627,29.66507494190594,32.45046376584289,2,-4.366818661064038,0.9984672665596008,13.436262604657507,7.439121518332561,0.0015327580040320754,8.12036317305595,14.45903929790391,-1.1441476478912396,1.199996593895447,13.436262604657507,25.672528615419562,28.016672857206252,30.742247133561932,-20.218833101885032,-15.662640058335175,8.12036317305595,31.903366404447063,36.459559447996924,41.75711850440768,13.428114947298512,7.457841107679712,55.5761509246667,0.043247491904234006,-1.1903976209936789,1.1704278005791893,13.432159529184835,25.679505822874283,28.028312376211716,30.76326900927255,2,-3.4823582631733903
13,26,reset,0.6,11.052395872062801,10.809359435198,10.8113274169425,10.675797177789,10.765494676643167,0.999749481678009,14.041320118090766,6.9331260021441325,0.0002505223674234003,4.267179679615694,10.12469136677291,0.4526428536100937,2.6373426673524243,14.041320118090766,25.445297568829105,27.629997382571435,30.17018305363604,-15.576850753842827,-12.38645563678499,4.267179679615694,20.92081499601637,24.11121011307421,27.820733916027507,14.038871534091802,6.935834603351446,48.08187507911915,0.02392736324209365,0.44285298506586634,2.6308169913535004,14.039870837643054,25.444787320913093,27.629580245169215,30.16992621479966,2,-3.2733768574486355,0.9964788556098938,13.045848971682908,6.114937818478125,0.0035211003851145506,-6.3584045020178905,12.254612982734956,1.0607910797638542,2.9876713223764373,13.045848971682908,23.104026620989373,25.03090686360196,27.27132156559143,-30.37700459265538,-26.51544911355609,-6.3584045020178905,13.798640109520303,17.66019558861959,22.15008835756086,12.977524073221325,6.25385522001765,37.78958340662696,1.3211142951646109,0.7924178339541539,2.8328500110737873,13.021849346909429,23.095336313959525,25.02363660402402,27.265776247166908,2,-2.212029396578158,0.9853296875953674,15.468835711424653,8.648444874608519,0.014670311473309994,6.040419303387736,10.844371183138595,-1.4818047650880715,1.2434097919349547,15.468835711424653,29.694261630914344,32.41947618793738,35.588127059229585,-15.214157650547929,-11.796983969205815,6.040419303387736,23.87782257598128,27.294996257323398,31.268199150591965,15.330517891612208,8.758341424940957,75.42355824624975,1.2849860507031465,-1.9594306630797342,0.8980072805697608,15.370325509153483,29.650449917918653,32.38127080908383,35.55566440492938,2,-4.565023214969042,0.9886326193809509,14.340121144803454,7.521932015379299,0.011367414146661758,2.5081550609961596,10.494675313025457,-0.4025946994987599,1.9676439876244114,14.340121144803454,26.712598301982492,29.082836989105665,31.838751697460825,-18.06103058197536,-14.754049691311849,2.5081550609961596,19.77035981330416,23.077340703967675,26.922420664201827,14.205622766949588,7.665610011209708,57.188287618405774,1.573295991415565,-0.9523315504377999,1.604846224390806,14.260208592076564,26.67970556420579,29.054415454779967,31.814909024062782,2,-3.4401280903064215,0.999915361404419,12.28865583764005,8.05908590576495,8.469054591841996e-05,0.18846582359236663,17.65326424414187,-3.5068622859736163,-0.9673608443709245,12.28865583764005,25.54467251965102,28.08417396125371,31.036893201228846,-34.41129630449441,-28.848569895917137,0.18846582359236663,29.22550154310186,34.78822795167913,41.256099567833,12.28763170434186,8.061150802724733,64.96976122592733,0.012398882110323672,-3.5115136077028497,-0.9702686508169058,12.288221597140215,25.5448875511812,28.084574544548417,31.03778073657717,2,-1.5221370276986939
14,28,reset,1.2,117.9338879135,30.342282182617502,27.993992489211802,27.7139126058394,28.6833957592229,0.004691511392593384,62.69478223599244,10.086687806745362,0.9953084588050842,18.697125420484475,9.905306229140274,42.925237411472224,46.10365721314014,62.69478223599244,79.28590725884474,82.46432706051266,86.15992697132819,-0.7169180444707202,2.404346543418079,18.697125420484475,34.989904297550865,38.11116888543967,41.740313508368445,18.903540371464086,10.352357355138306,98.13210083103725,9.039191327772679,-0.6970305178509116,2.4268880947585014,18.75564266044807,35.43462370798068,38.94938713130022,43.89570934095678,2,9.779855387758815,0.004786209668964148,65.78001120261345,9.086270404986756,0.9952137470245361,23.740134515979626,9.94766937210478,47.97124845504723,50.83442637150916,65.78001120261345,80.72559603371774,83.58877395017967,86.9178370422146,4.24306081654208,7.377674469558997,23.740134515979626,40.10259456240025,43.23720821541717,46.881874011436764,23.941345152157123,10.358383082281273,98.87764783789117,8.418427418633478,4.263434895912235,7.400792451057968,23.800094674727653,40.55897863794923,44.098417561588434,49.09885702499169,2,4.742050607065778,0.005044310353696346,65.77135778451004,13.163467004767519,0.9949557185173035,16.521425823507997,9.601328324127971,39.97143654348436,44.11938133846215,65.77135778451004,87.42333423055793,91.57127902553572,96.39416126605772,-2.296831895527145,0.728646106014196,16.521425823507997,32.31420554100179,35.339683542543135,38.857455558311216,16.769858242207803,10.235628359063258,92.59455822593387,12.17353779826394,-2.276110603249705,0.752133124655441,16.58242311831688,32.777849410325175,36.21649749476866,41.163096748140006,2,11.913537517015097,0.007678719237446785,80.95334203421363,29.12415840769736,0.9923213124275208,15.226112475437006,10.395752903354943,23.871040475087383,33.048364445403394,80.95334203421363,128.85831962302385,138.03564359333987,148.70626602918907,-5.1491888073163885,-1.8733793925376752,15.226112475437006,32.32560434341168,35.60141375819039,39.410250141210675,15.730813899608423,12.110859206818754,113.75504692017861,32.917871642973545,-5.117163794491291,-1.836273056871058,15.324492467051428,33.07052325565883,37.03395791133232,43.66351245993596,2,12.952581859614478,0.0032859458588063717,62.380888218514876,7.745710452754283,0.9967141151428223,14.425567621695599,10.320333130049743,47.19957469644104,49.64032828698606,62.380888218514876,75.12144815004369,77.5622017405887,80.40010526321572,-5.801913621657427,-2.549869758614168,14.425567621695599,31.40100500200536,34.65304886504862,38.43425265818007,14.583147088801567,10.671847548010648,106.35644240602014,7.531900655065988,-5.787432272883346,-2.5334347748773456,14.46820964276698,31.722580536531748,35.253869599666174,39.92404318934378,2,14.100248670421333
15,31,reset,0.5,23.264990098420203,23.8146666434871,23.8626579946586,23.8366635535984,23.8379960639147,0.9998617172241211,25.924967321200214,7.48642282461452,0.00013826793292537332,3.664333988616022,10.320424165424297,11.25184821191713,13.61089758524073,25.924967321200214,38.23903705715969,40.59808643048329,43.34099114341303,-16.56332568079245,-13.31125313155976,3.664333988616022,20.6399211087918,23.89199365802449,27.673230805050554,25.921889004640622,7.4914631899966935,56.05350351684659,0.06850723659040837,11.238607904270829,13.603033827266184,25.92371017787232,38.238554846492356,40.59770018443145,43.34067137700857,2,-2.083892940725921,0.9972207546234131,23.576200710827877,6.854426258010571,0.002779305912554264,-6.656169748468997,12.519651349202077,10.141772110441503,12.301672819667777,23.576200710827877,34.850728601987974,37.010629311214245,39.52198066392049,-31.194235491903367,-27.249163678371932,-6.656169748468997,13.93682418143393,17.88189599496537,22.468894551479796,23.492177132067937,7.058427313957389,47.288214648081365,2.533214907072346,9.841019531812062,12.134676164451582,23.5526361806034,34.84159838911379,37.002542923137796,39.514981570531525,2,0.3458189318467646,0.9959715008735657,25.649055959330845,9.322696016063617,0.004028527531772852,6.8063842015209275,11.809075070291756,7.376907529031108,10.314585604342557,25.649055959330845,40.98352631431912,43.921204389630574,47.336890016629454,-16.33897762698073,-12.617815758790687,6.8063842015209275,26.230584161832535,29.951746030022576,34.27840088568284,25.573148465952467,9.4100404784419,87.12432873070735,1.4245516518993113,7.054250959696776,10.106013545938332,25.60705825016079,40.96599362747133,43.905692894616976,47.32324319482514,2,-1.735152402037766,0.9904878735542297,25.92253971121211,8.727418399201849,0.00951218418776989,2.847729146131144,10.680046937380427,8.817113970764272,11.567213903361932,25.92253971121211,40.27786551906228,43.027965451659945,46.22555095006025,-18.0847782043318,-14.719384794831022,2.847729146131144,20.414843087093303,23.780236496594085,27.693233633562492,25.703049359838438,9.030217271076665,76.52830596092284,5.016556148992666,7.764188056916088,10.941434419747042,25.820797356420393,40.237614085881155,42.99241098976699,46.19434202267905,2,-1.8650532959237367,0.999930739402771,23.392808262949316,8.541402109527818,6.930274685146287e-05,0.6212169747593776,18.552310721822522,6.651967750800349,9.343452023841524,23.392808262949316,37.4421645020571,40.13364877509828,43.26308090177731,-35.740643870009066,-29.894618604361096,0.6212169747593776,31.137052553879837,36.983077819527814,43.7803455810163,23.391231115120902,8.544604221817838,72.97435024167142,0.03593412798869873,6.645719373707261,9.339742047987897,23.392228796498824,37.44213528248384,40.13370329017589,43.26321335736741,2,0.446764948793799
16,35,reset,1.4,114.49088194609999,10.1866541384403,10.6942961650575,10.8123268743736,10.564425725957133,0.0005287458770908415,51.188006648140664,10.074525480704997,0.9994712471961975,13.34739050033771,10.004751249294339,31.44229954462779,34.61688687138802,51.188006648140664,67.75912642489331,70.93371375165353,74.62485758214902,-6.2615616225613095,-3.108960878811363,13.34739050033771,29.803741879486775,32.95634262323672,36.62192229944104,13.367398477658913,10.042534851892478,100.0957876484143,0.7567173653450632,-6.259329150126018,-3.106414205355669,13.354022961263832,29.851825450612314,33.04215811017221,36.80730111178942,2,-2.8029727517017804,0.0009323952253907919,56.61484246150938,8.700783471615779,0.9990676045417786,20.904151975685124,9.448912854033635,39.56162021986107,42.303327210902744,56.61484246150938,70.92635771211602,73.66806470315768,76.85589159319244,2.3846230887216215,5.362073396979508,20.904151975685124,36.44623055439074,39.423680862648624,42.88561030566345,20.93744844812239,9.510900345525698,89.26929374056905,1.187931539884236,2.3883839729678122,5.3663079248966685,20.91520372364732,36.52716512771028,39.56924132268913,43.20510324307172,2,-10.373022722165256,0.0008854229818098247,54.42226288308234,13.646817640119759,0.9991145730018616,11.270580944898576,9.22152806715411,27.674991804861715,31.975245391386014,54.42226288308234,76.86928037477865,81.16953396130296,86.16950808759799,-6.803281949148744,-3.897482942394669,11.270580944898576,26.438644832191812,29.34444383894589,32.723063159330486,11.308788390524034,9.315226337233154,85.12618351798555,1.6472576822535803,-6.799829772032776,-3.8935911128764396,11.280807290486926,26.512833873537776,29.4779623073541,33.019597114725656,2,-0.7443626645669017,0.0020852736197412014,71.87768567956371,32.268657809345804,0.997914731502533,8.738513596358345,9.30667918483104,8.632278543798762,18.800466845005296,71.87768567956371,124.9549045141221,135.12309281532865,146.9458091724867,-9.502242421579087,-6.5696114156847685,8.738513596358345,24.04663860840145,26.979269614295774,30.38908693237018,8.870176091036816,9.843815886226476,88.60498852334322,8.295723081602192,-9.496005776916602,-6.561932962084933,8.761657167884044,24.215450533488617,27.285890720644794,31.09576025729407,2,1.6942496349203164,0.0005087964818812907,51.73531536597375,7.294696931115709,0.9994912147521973,6.5365364699329405,9.32205000207234,37.43797210285209,39.736606661316294,51.73531536597375,63.73402407063119,66.0326586290954,68.70531806344702,-11.734345796210384,-8.796871286598732,6.5365364699329405,21.869944226464607,24.80741873607626,28.222867673956344,6.55953352305254,9.376693603326448,86.88347687492778,1.0389065391093895,-11.73236497711076,-8.794577829201339,6.54248388029346,21.913838232578968,24.887277294218297,28.40302779149642,2,4.004892202904593
17,40,reset,1.0,100.7408380489,35.3315316607622,36.6768970758243,36.4863232841486,36.16491734024503,0.0718192532658577,65.39292642983503,9.132055803698371,0.9281807541847229,20.197927862014573,8.766763888083927,47.49442594977624,50.37203131959852,65.39292642983503,80.41382154007154,83.29142690989381,86.63726503439105,3.01538638040374,5.77788448407253,20.197927862014573,34.61797123995661,37.38046934362541,40.592470395276635,23.443799060993236,14.611200482928588,77.32572504426037,136.16145860299866,3.2965443241006924,6.097063048895774,21.049437691720396,60.70444146608594,68.95869476854614,75.28977214019491,2,12.721118279251797,0.030980337411165237,65.07888810443039,8.910462215312673,0.9690195918083191,22.374852053362822,9.236699280907501,47.61470307681256,50.422482011759286,65.07888810443039,79.7352941971015,82.54307313204822,85.80772293574427,4.2712541267571,7.181833740102057,22.374852053362822,37.56787036662358,40.478449979968545,43.86262778865655,23.697835915339894,11.827077521535799,85.13319539695262,54.746527554017185,4.395865307667527,7.323161913607473,22.74506188002797,41.392054829687666,57.43044070504319,69.17724966332804,2,12.467081424905139,0.041663218289613724,65.6339203308742,11.930408366169052,0.9583367109298706,19.392721997096018,9.62565365054481,42.25074961232751,46.01014485876884,65.6339203308742,85.25769580297955,89.0170910494209,93.38820046995065,0.5267875143716907,3.5599306782187004,19.392721997096018,35.22551331597333,38.258656479820345,41.7853409032944,21.31927776462268,13.420052550218648,94.7230901378536,85.37468814221074,0.7026029505852454,3.759343048773398,19.917392419787667,41.890890208626665,62.612428500465306,74.05972768887575,2,14.845639575622354,0.027110103517770767,76.75399619186513,22.084968776501064,0.9728899002075195,18.785166742719454,9.966556852148281,33.46825279023141,40.42745519872732,76.75399619186513,113.08053718500292,120.03973959349884,128.13131635333673,-0.7489257373620752,2.3916395562452983,18.785166742719454,35.1786939291936,38.31925922280098,41.97084508722178,20.356707779869993,14.088748569409631,109.86218849983719,88.63064929594857,-0.6327139482523072,2.523668605390232,19.13015385551563,38.37534661751883,49.80239400562152,84.14932200835523,2,15.80820956037504,0.06158831715583801,63.82793663154743,8.092497911234457,0.9384116530418396,21.096618290230303,11.100381537794426,47.966932180562274,50.516962091156216,63.82793663154743,77.13891117193864,79.68894108253258,82.65390194302765,-0.6597297385001184,2.8381154572439726,21.096618290230303,39.35512112321663,42.852966318960725,46.91996728172057,23.7283676479942,15.006499635986826,119.66297627537246,105.53203826973683,-0.35636473748193753,3.1824248000996094,22.010719095837864,56.94745055712876,65.76347548232577,71.79847658509888,2,12.436549692250832
18,42,reset,0.3,123.57058184810002,121.63402171700001,121.6194653413,121.7330056767,121.662164245,0.9999488592147827,109.23110680186383,7.156871397049834,5.115096064400859e-05,39.99308858272089,21.410489709441528,95.2038966216613,97.45910092680116,109.23110680186383,121.0031126769265,123.25831698206636,125.88047936117441,-1.9707001391499617,4.7759669293388,39.99308858272089,75.21021023610297,81.95687730459173,89.80133580045349,109.22756632219196,7.17542441919804,51.24163678583741,0.2452002093555497,95.19758386895506,97.45554759901731,109.2306486011464,121.00302028498292,123.25828966317485,125.88050983962883,2,12.434597922808038,0.9999581575393677,110.70108399123397,6.200770015623935,4.186452497378923e-05,54.19639535244538,33.22347458048633,98.5477980841952,100.501724941143,110.70108399123397,120.90044304132493,122.85436989827275,125.1262321344969,-10.920418266589834,-0.4513573111976257,54.19639535244538,108.84414801608835,119.31320897148058,131.48575481100966,110.69872089183184,6.215105649080579,38.49414999474972,0.13365861548810826,98.54356718303842,100.4991872922909,110.70078648773568,120.90088537451778,122.85498687340537,125.12654722598575,2,10.96344335316816,0.9999772310256958,116.98855070289392,5.80971643768303,2.280478111060802e-05,51.935262765298916,28.52941284202465,105.60171572464483,107.4324175488114,116.98855070289392,126.54468385697643,128.375385681143,130.50397218647797,-3.981358905143921,5.008554577298739,51.935262765298916,98.86197095329908,107.85188443574174,118.30460167797642,116.98707136588835,5.819502899500735,33.77059800566373,0.09650604268498009,105.59942197318485,107.43082855758419,116.98838860305851,126.54488048865211,128.3757226665661,130.50448934033574,2,4.675092879111645,0.9993720650672913,115.3644418580351,6.5639310291377155,0.00062799290753901,50.47769201164017,46.016442446214946,102.49937344392023,104.56773609769861,115.3644418580351,126.16114761837157,128.22951027214995,130.63442885302032,-39.712877879601365,-25.212620245420183,50.47769201164017,126.1680042687005,140.66826190288168,157.52794506731502,115.32370012757224,6.857807227303774,44.38791898922152,2.642372017129706,102.4379459300504,104.53387369154949,115.36009245712802,126.16214487478813,128.2311650939855,130.64048313300802,2,6.338464117427762,0.9999613761901855,110.32528996507658,5.811865546858604,3.8606835005339235e-05,55.99849386428704,31.510687840106755,98.93424281024453,100.7656218409719,110.32528996507658,119.88495808918125,121.71633711990863,123.8457110242223,-5.761319430406438,4.168024682751771,55.99849386428704,107.82896304582229,117.7583071589805,129.30331553068396,110.3231907066724,5.824856786868174,33.81481013990347,0.1139398437155686,98.93041283991934,100.76354215677136,110.32503180312182,119.88541279766994,121.71682717526119,123.84650370632991,2,11.338973538327593
19,43,reset,0.1,121.7330056767,121.5844496406,122.83626981620002,123.67543607949999,122.6987185121,0.9999990463256836,115.18041283687076,6.523719692693215,9.03825252862589e-07,40.39140273753452,29.13214254721377,102.39415719395734,104.44984883912957,115.18041283687076,125.91097683461193,127.96666847978418,130.35685427480598,-16.706547447491438,-7.5267075921173685,40.39140273753452,88.3095130671864,97.48935292256047,108.1629006185,115.18033949903906,6.524213506059012,42.559645101464284,0.00505544804637678,102.39373037471294,104.44946845752546,115.18040578360291,125.911213092116,127.96687022517948,130.3571022268292,2,7.518379013060937,0.9999994039535522,117.79827192239034,5.5447117880213,5.401226417234284e-07,57.84637710050421,50.60459835027368,106.9308365132139,108.67803262746293,117.79827192239034,126.91851121731776,128.66570733156678,130.69720040262288,-41.33681311814726,-25.390780036365967,57.84637710050421,141.08353423737435,157.02956731915566,175.57027688935403,117.79823295328683,5.545079890632387,30.745193647238512,0.0019413238314451148,106.9294849871193,108.67659875323615,117.79826579730224,126.919290104877,128.66722052089833,130.6976024310033,2,4.900485558813173,0.9999997615814209,124.37445159259022,4.653405677354085,2.088090269580789e-07,57.276909698168666,41.85428084552301,115.253944059522,116.72028038651777,124.37445159259022,132.02862279866267,133.49495912565845,135.19989199715246,-24.75597335788109,-11.567255954035417,57.276909698168666,126.12107535037272,139.3097927542184,154.6445269626594,124.37443389934597,4.653594645848047,21.654545022920885,0.0009400747881380474,115.25378115386161,116.72024421701157,124.37444744755793,132.02975022150187,133.4963377716563,135.19992132895237,2,-1.6757153872459725,0.9999821186065674,119.06599143692996,4.386641010450984,1.7866115740616806e-05,54.15046497147058,69.6460967607976,110.46833304333964,111.85060906075559,119.06599143692996,126.28137381310434,127.66364983052028,129.27084442577296,-82.35337634348447,-60.40716988854058,54.15046497147058,168.70809983148172,190.6543062864256,216.17151410619476,119.06482982956723,4.40504708018264,19.32893627186592,0.07528692357424271,110.46321679531711,111.84658256798433,119.06593565422395,126.28484034890555,127.66754544473176,129.27605751808446,2,3.6338886825327705,0.9999995231628418,117.10148851422905,5.283190084356381,5.069688313596998e-07,59.03493764802086,44.529072779952315,106.7466262254114,108.41141414210139,117.10148851422905,125.7915628863567,127.45635080304669,129.39202653512515,-28.24044126564857,-14.208869218869808,59.03493764802086,132.2787445149115,146.31031656169026,162.6250514426728,117.1014626047614,5.283406625015212,27.91308939514355,0.0017093582888509094,106.74547262071773,108.41041233997423,117.10148856534167,125.79230479415999,127.45735850430997,129.39267981854567,2,5.597255907338607
20,45,reset,1.2,111.6200364662,15.5141658296774,15.5041620147721,15.7412193904118,15.586515744953767,0.005060610361397266,60.2483292740352,9.793246403417507,0.9949394464492798,17.83509190308901,9.425227472583103,41.05391903161046,44.13987240774445,60.2483292740352,76.35678614032595,79.44273951645994,83.03082722458363,-0.638014489271356,2.3319723099680285,17.83509190308901,33.33821149620998,36.30819829544937,39.76144979628404,18.049729784812467,9.895861125311551,88.8707104504209,9.057375469537947,-0.6175815866177544,2.3551502078369646,17.895174791224818,33.79621637713715,37.175114605129096,42.032659239993606,2,-2.4632140398587,0.004575653467327356,62.82911875503654,8.972969126489522,0.9954243302345276,22.51627921658048,9.426402840419007,45.24242243272724,48.06989794280666,62.82911875503654,77.58833956726642,80.41581507734583,83.70336640627954,4.040869145593156,7.01122631541161,22.51627921658048,38.02133211774934,40.991689287567795,44.44537142424178,22.70073643361884,9.809224620046274,88.8188948626349,7.401984385071006,4.059337463628511,7.032160513166516,22.570585761500844,38.43373624132069,41.76772148464387,46.42279584381549,2,-7.114220688665073,0.005028855055570602,62.36815405545509,12.9797239021129,0.9949711561203003,15.891331559064163,9.38337345337999,36.92836267804011,41.01840811823597,62.36815405545509,83.7178999926742,87.80794543287007,92.56350716077253,-2.499742463049852,0.4570557012319192,15.891331559064163,31.325607416896403,34.282405581178175,37.720322443665964,16.125056940441464,9.962947412370719,88.45214670894121,10.808177338644697,-2.4795329716868664,0.47997611184765165,15.950750939004232,31.775747169047772,35.13107713470771,39.92874754098281,2,-0.5385411954876975,0.006782812532037497,77.03713778548237,27.893656851619692,0.9932171702384949,14.526410540601141,9.791512010948233,22.366574959188846,31.156155144155917,77.03713778548237,122.9181204268088,131.7077006117759,141.9274871014726,-4.664600355048762,-1.5791935039459695,14.526410540601141,30.632014585148244,33.71742143625104,37.304873690915926,14.950408834462179,11.261683154268258,100.50082103945066,26.32468257663915,-4.6381178633897155,-1.5486707680301097,14.608105547466423,31.246551543077224,34.887582827869025,40.584395710866715,2,0.6361069104915877,0.0040933494456112385,59.695791079686096,7.758098681390763,0.9959065914154053,14.379604872587628,10.107679889781322,44.49019707565252,46.93485432535306,59.695791079686096,72.45672783401912,74.90138508371967,77.74382745373855,-5.4310836786435495,-2.2460490541836435,14.379604872587628,31.00525879935889,34.1902934238188,37.89358449566576,14.565099007880455,10.505469492087421,101.99335978313802,8.371516920172843,-5.413394337261112,-2.225967096700826,14.431674038150765,31.400454155999945,34.934725346213774,39.8001410451694,2,1.0214167370733112
21,46,reset,1.4,15.7412193904118,16.8225330428194,16.298375003117098,15.7752742768062,16.298727440914234,0.052275869995355606,5.583931521226006,4.839103006049122,0.9477241635322571,13.959800974690474,7.870938039654151,-3.900536088109787,-2.375684609465667,5.583931521226006,13.543547651917676,15.068399130561795,16.841368511613023,-1.466954107577962,1.013259992655028,13.959800974690474,26.906341956725914,29.386556056958906,32.27034094994709,13.521945580081894,7.9632235874459605,59.93723023900348,3.475705794941877,-1.7700685398565268,0.571670625813768,13.471459659060109,26.70037799178275,29.205014685203118,32.11125097682138,2,2.7767818608323402,0.05492785945534706,10.513576624965907,4.618845277492987,0.9450721740722656,17.922653098015225,8.042584226870863,1.460806230916738,2.9162522179538852,10.513576624965907,18.110901031977924,19.566347019015076,21.258617516785293,2.159477670718415,4.693779262383979,17.922653098015225,31.151526933646466,33.68582852531203,36.63250181599066,17.515688987713425,8.07165868719245,62.30207185223849,2.8496123965410725,2.086507094240398,4.481677289080965,17.415614588474405,30.930024097061242,33.49058822865922,36.46143346929908,2,-1.2169615467991903,0.006191241554915905,7.633136453756052,6.78964143946156,0.9938088059425354,15.643138108570007,8.64648120786259,-5.674316235529298,-3.534829893642314,7.633136453756052,18.801102801154414,20.9405891430414,23.428204381947047,-1.3036536518430601,1.420942133449472,15.643138108570007,29.865334083690534,32.58992986898307,35.75786128441523,15.593546996478967,8.659038335020574,74.58418494733151,0.39477148944321017,-1.3663182443341744,1.3538827437154055,15.591904556132468,29.839581609820954,32.567083848868414,35.737757478897244,2,0.7051804444352676,0.03253114968538284,9.714790439793653,6.8953888048791665,0.9674688577651978,12.862634548536803,8.641944948865389,-3.799923277170203,-1.627114845152425,9.714790439793653,21.056695724739726,23.229504156757507,25.755863526709316,-4.075266307617202,-1.3520999445193915,12.862634548536803,27.077369041592995,29.800535404690805,32.96680480790778,12.760231656483125,8.608849050427413,73.80042091588463,0.3118622702900205,-4.064559597889662,-1.3635886024574577,12.739148974602047,26.955408702378584,29.68710914349998,32.8635340971985,2,3.5384957844311096,0.4126548767089844,6.2015694490864774,5.500851618897467,0.5873451828956604,16.015770847054014,9.800634429814616,-4.5799016082514115,-2.8465262875789037,6.2015694490864774,15.249665185751855,16.983040506424366,18.998463918122717,-3.193119661025886,-0.10483824125203611,16.015770847054014,32.13637993536006,35.22466135513391,38.815455917104714,11.96589373379291,9.604551535660999,68.90261112722736,23.344807608289464,-4.025521282194591,-1.8247297889472704,10.702669167398804,29.456671651623935,32.889307330236896,36.78781958710096,2,4.332833707121324
22,51,reset,0.3,126.0177985018,129.4941260169,129.5606481815,129.51294326450002,129.5225724876333,0.9999508857727051,110.78072038822127,7.126262606780471,4.911785072181374e-05,41.19173180372143,22.136140097705713,96.81350233455703,99.05906149284975,110.78072038822127,122.50237928359277,124.74793844188551,127.35888625336176,-2.1943055445147266,4.781021477304257,41.19173180372143,77.6024421301386,84.57776915195758,92.68809425948933,110.77730272807393,7.144438117492727,50.80519271670554,0.2378477632604673,96.8074376191176,99.05563569555974,110.7802825030404,122.50241492575685,124.74804022196997,127.35897595418247,2,18.745269759559378,0.9999649524688721,112.54539864076864,6.124888322084891,3.5096945794066414e-05,56.034123086879006,34.682273974533494,100.54083812015229,102.47085386951458,112.54539864076864,122.61994341202269,124.54995916138499,126.79401956758839,-11.9418848051575,-1.013141051057083,56.034123086879006,113.08138722481507,124.01013097891548,136.717157414437,112.54342082898707,6.137313094480397,37.55515889263522,0.11207901427315352,100.53738153754335,102.46872207976949,112.5451565071518,122.62017203390457,124.55024523960618,126.7948592280903,2,16.979151658646245,0.9999792575836182,119.12619616463476,5.689043316855275,2.07490666070953e-05,53.253352489747115,29.30694665042333,107.97587615711014,109.76855263102132,119.12619616463476,128.4838396982482,130.2765161721594,132.36088999012728,-4.187207441919398,5.047714996924981,53.253352489747115,101.45898998256922,110.69391242141361,121.43150552458778,119.1248301568298,5.6984473855921545,32.38236384190589,0.09003313597710293,107.97344061167128,109.76742742059653,119.1260510664239,128.4842616655091,130.27675208262576,132.36146803469552,2,10.39774233080351,0.9994547963142395,117.28599766270213,6.423465469209785,0.000545173475984484,51.872745064744336,48.62766606443372,104.69623668711426,106.72033718807486,117.28599766270213,127.85165813732938,129.87575863829,132.22921290097307,-43.43572907378636,-28.112647831524527,51.872745064744336,131.85813796101314,147.18121920327502,164.99761263330765,117.25033254922413,6.69771903823235,42.52755744388226,2.331467558077821,104.64468179160241,106.69225233287837,117.28238785965578,127.85307585624851,129.87781314576537,132.23600505148775,2,12.272239938409186,0.9999629259109497,112.07801358710478,5.722476901080231,3.7048939702799544e-05,57.465495882749536,32.17916801315126,100.86216495862514,102.66537670121693,112.07801358710478,121.49065047299261,123.29386221558441,125.3904855601806,-5.6045144754902765,4.535474664036862,57.465495882749536,110.39551710146219,120.53550624098933,132.32543497854698,112.07598743254042,5.7353904170902235,32.78389196237697,0.11049537243946854,100.85831558159629,102.66355118886001,112.0777709834995,121.49104815876115,123.29401825059388,125.39115987168009,2,17.446585055092896
23,55,reset,0.6,100.7122775114,116.19686723950001,116.4685478433,116.21723138940001,116.29421549073334,0.9793220162391663,82.890694162206,8.331589847281577,0.020677972584962845,26.247094982554074,11.067845494928958,66.56107812757455,69.18644838363284,82.890694162206,96.59493994077917,99.22031019683746,102.27287049080975,4.55451642603942,8.04210917768166,26.247094982554074,44.45208078742648,47.93967353906872,51.994753819894555,81.71941844487984,11.639863516495033,70.51301291287604,64.9733351365816,61.083933503622085,67.21368340947039,82.6701872281213,96.51040095747078,99.14577397929996,102.20748232623946,2,34.5747970458535,0.922514796257019,80.83069648027055,8.129987627147859,0.07748516649007797,29.609181067435635,13.498939777694838,64.89621353630449,67.45805684468579,80.83069648027055,94.2033361158553,96.7651794242366,99.74387591266431,3.151745273678621,7.405401014094771,29.609181067435635,51.81296112077649,56.06661686119264,61.01241092108136,76.86178581945485,16.206051096502204,75.09463623232496,187.54123582987117,23.395303442415837,34.63917454204972,79.97342501000738,93.88289168999006,96.48290653263905,99.49665832446449,2,39.432429671278484,0.964090883731842,83.84755012573653,9.336446403637861,0.03590906038880348,30.511019296602605,13.795707006706385,65.54845143101781,68.49046239587476,83.84755012573653,99.20463785559829,102.14664882045525,105.56737236793572,3.4719304221912104,7.819100590261762,30.511019296602605,53.20293800294344,57.55010817101399,62.604632962544336,81.93228073391691,13.760779041700877,90.87332876016045,98.48533596191294,37.594900475370785,63.567829220183526,83.41160462561726,99.03852048618472,102.00023196230886,105.4390327739975,2,34.361934756816424,0.7717218995094299,88.9198254083104,13.390722319114344,0.22827811539173126,29.866615619951155,15.96422492413474,62.67449193586961,66.89404723421514,88.9198254083104,110.94560358240565,115.16515888075119,120.07130380725329,-1.4226902724496178,3.607802352019025,29.866615619951155,56.125428887883274,61.155921512351924,67.00495633292181,75.43927129499987,28.4763293991182,196.556724705846,614.3446961449933,10.244827564761028,17.486830621913526,83.83971491441366,109.21697792865255,113.64854447770306,118.7472326237373,2,40.85494419573347,0.9767211675643921,81.27625125111643,7.693193156678454,0.02327883429825306,34.291892380530754,16.758575326389852,66.19786973791665,68.62207458451563,81.27625125111643,93.93042791771724,96.35463276431622,99.1732947957409,1.4456883086050567,6.726488972378942,34.291892380530754,61.857295788682556,67.13809645245644,73.27816846303108,80.18251029774723,10.70223145681677,64.3453151552096,50.19245497545262,60.300398877148595,66.57442698819615,81.04762314475983,93.84271722430898,96.27737336929303,99.10571787928716,2,36.11170519298611
24,57,reset,1.0,125.65859239,41.5255662530028,41.511052110069,41.4235792955009,41.48673255285757,0.06459740549325943,76.47748601953204,9.860750145153187,0.9354025721549988,25.708570166861257,11.02792816902746,57.150770874483676,60.257995378814556,76.47748601953204,92.6969766602495,95.80420116458039,99.41702115615706,4.09422813147269,7.5692425202761235,25.708570166861257,43.84789781344638,47.322912202249825,51.36336741795339,28.988109836018076,16.60673348847848,120.04026015364856,155.7433182213004,4.410923994313213,7.9287022307739425,26.664253849318932,69.0804507861176,79.30888473259132,86.49646854750802,2,12.498622716839492,0.056500595062971115,78.37665251674775,8.926428471337166,0.9434993863105774,30.603478869015916,12.067053137710163,60.881174202353975,63.69398426994592,78.37665251674775,93.05932076354958,95.87213083114153,99.1426304138206,6.952489319572937,10.754942748837205,30.603478869015916,50.45201498919462,54.254468418458885,58.675642281865805,33.302691038125204,16.23430826932753,141.88853497312166,121.66420935241047,7.254068871526225,11.097172954472933,31.510008003518745,68.317032123189,79.67733136742243,86.65158209874282,2,8.184041514732364,0.05347393825650215,80.70997278423471,11.908770269141815,0.946526050567627,24.28431836028914,10.996045557850454,57.369211956555375,61.121788814504924,80.70997278423471,100.29815675396448,104.05073361191404,108.41391518229354,2.732465094540597,6.19743294233519,24.28431836028914,42.371203778243085,45.83617162603768,49.864945566650775,27.301620049639528,16.827954908256174,122.03093155822974,161.14912650582,2.9920590878723288,6.4920345072960615,25.06355559103261,63.02279174089608,81.68073414511198,91.29664549954934,2,14.18511250321804,0.05766212195158005,93.176825639204,23.866265368089167,0.9423378705978394,24.282025617522606,13.696644335125447,46.399805072273644,53.920312486716206,93.176825639204,132.43333879169177,139.95384620613433,148.69806133955277,-2.5629039883778297,1.7530505058271721,24.282025617522606,46.81100072921804,51.12695522342304,56.145185048035216,28.254645797287328,21.62258555158349,209.62502732413128,257.91117266343093,-2.2138483070702164,2.1491709858199934,25.32875715117415,67.8959387398862,97.17013120449002,115.6283546850664,2,13.23208675557024,0.03707396984100342,75.97381966025996,7.691929450812428,0.9629260301589966,24.736306971939605,12.381447512579722,60.89791496504464,63.32172160483629,75.97381966025996,88.62591771568363,91.04972435547528,93.86792338542959,0.46911577081030487,4.370638123963555,24.736306971939605,45.101975819915644,49.0034981730689,53.5398610703777,26.63588497207442,15.60549773443583,149.81030423371593,93.72125530576581,0.669763436305514,4.598235566648809,25.333998499967606,52.132134298232906,72.52927428871578,80.69568879175858,2,14.850847580783146
25,58,reset,0.1,41.4235792955009,41.4596104620839,41.1284494944697,40.7577518187128,41.11527059175546,0.9999997615814209,45.45871760369939,7.912339579328927,2.2547408207174158e-07,1.7172828843850994,17.32665089899889,29.95081699476389,32.44407714896852,45.45871760369939,58.473358058430264,60.96661821263489,63.86557196276044,-32.24232885035128,-26.78252168975522,1.7172828843850994,30.21708745852541,35.67689461912147,42.02510036751899,45.45870715269931,7.912371865297492,62.60517038260446,0.0004314024205632788,29.950648095699467,32.44394987869617,45.45871547574994,58.473414601077934,60.966740196779206,63.86574342521377,2,-4.34343656094385,0.9999961853027344,43.5910034912239,6.926999658604727,3.8704451981175225e-06,-5.446200378201752,23.917590437926396,30.014333639437382,32.1971029788763,43.5910034912239,54.98490400357149,57.167673343010414,59.70561442050064,-52.32381623351708,-44.78713575796485,-5.446200378201752,33.89473500156133,41.43141547711356,50.19443528924786,43.590816125521975,6.927810361931616,47.98535532101241,0.009307019824030604,30.01386091361954,32.1966491212322,43.59097102956781,54.98502987786535,57.16796581649411,59.70591325796483,2,-2.475545533766514,0.9999990463256836,45.37978791095307,8.292886326374127,9.035107382260321e-07,12.633333298438899,22.224718191482506,29.1260293833751,31.73920375912031,45.37978791095307,59.020372062785825,61.633546438531035,64.67192638597588,-30.926313923418988,-23.92307502679548,12.633333298438899,49.189741623673264,56.19298052029677,64.33575921435101,45.379756047767145,8.292973922455008,68.77234431448376,0.0009688610614642945,29.125716064550687,31.738962433337566,45.379780282819056,59.020533754788076,61.63370373411589,64.67212784330312,2,-4.264485456011684,0.999966025352478,44.94758701805003,7.229486606482673,3.397310501895845e-05,4.755301917266749,19.262851935255235,30.778053642629295,33.056139752379906,44.94758701805003,56.839034283720146,59.11712039347076,61.765887815447726,-32.9991941153612,-26.92926995386702,4.755301917266749,36.439873788400504,42.50979794989469,49.56739656481126,44.94622149199556,7.234029924178476,52.27630686638315,0.05487896141870948,30.774201460822038,33.05388461353612,44.947290553179364,56.83908443771982,59.11715623218214,61.7658324465393,2,-3.830950900240097,0.9999998807907104,43.211864757971796,7.9402577685281495,1.4466567677118292e-07,0.2474135887922131,31.325207647638432,27.649245503692242,30.15130296847866,43.211864757971796,56.272426547464924,58.77448401225135,61.68366653712353,-61.148865208817796,-51.277967825433876,0.2474135887922131,51.77279500301828,61.64369238640221,73.12074380376377,43.21185964250835,7.940280056873672,63.04782787069194,0.0002670447099170274,27.64879430049637,30.15106887530257,43.21186322788289,56.27271120586394,58.774877964373985,61.68420419767016,2,-2.0965890507528897
26,60,reset,0.3,42.973582849415,43.6088028729479,43.2006684007415,43.0376303825012,43.2823672187302,0.9999861717224121,45.72720587369404,7.931039593934459,1.3808014955429826e-05,4.974790228323883,12.413331472428943,30.182653909621322,32.68180663211521,45.72720587369404,58.77260511527287,61.271757837766756,64.17756297197721,-19.35489238579441,-15.443323066651732,4.974790228323883,25.392903523299488,29.30447284244217,33.852517508973214,45.726642237175774,7.932567097234252,62.90264691073441,0.022931473727641077,30.180790480263305,32.680765241515914,45.72706898950717,58.77259660246534,61.27173459685055,64.17761765000246,2,-2.4442750184455733,0.999698281288147,42.571412690912084,7.421542924674308,0.0003017500275745988,-2.69391643560796,15.739836886918301,28.025455848832376,30.364060893685505,42.571412690912084,54.778764488138656,57.11736953299179,59.83650329583101,-33.54342985650288,-28.583644226680107,-2.69391643560796,23.195811355464176,28.15559698528695,33.92241964402403,42.55775520975449,7.466958193768766,55.13743722323733,0.6180841621144673,27.988769632207806,30.343683258045488,42.568616115848286,54.77768610782423,57.11643204139256,59.83577200785799,2,0.7246120089757113,0.9999024868011475,44.39584521464424,9.16075757145486,9.747780131874606e-05,12.258726103831243,15.7929651315078,26.4410903034901,29.327739897613547,44.39584521464424,59.463950531674925,62.35060012579838,65.70695411560179,-18.69491676302093,-13.718389873047506,12.258726103831243,38.235842080709986,43.212368970683414,48.99865696231554,44.39271098742917,9.16713385930017,83.93560871974695,0.10066471620848025,26.428951120792036,29.320720661051613,44.39477323680703,59.46361813699559,62.350316000090444,65.70675049967856,2,-1.110343768698968,0.9984428286552429,45.300990388083875,8.982000509981349,0.0015572039410471916,6.7919048566141385,13.693217359025583,27.69659287940003,30.526914271961076,45.300990388083875,60.07506650420667,62.90538789676772,66.19624817911273,-20.046307999554685,-15.73143338101396,6.7919048566141385,29.315243094242227,33.630117712782955,38.64709194856244,45.24102536497237,9.118567921529074,80.84268856886543,2.3056590871426272,27.473206221547436,30.40214488980112,45.283519428196705,60.06829815548908,62.89947029055183,66.19100535833299,2,-1.958658146242172,0.9999901056289673,42.83108064461665,8.48577342665058,9.909856999001931e-06,4.8198493695058175,22.75314145228041,26.199270347414465,28.873225446302015,42.83108064461665,56.78893584293128,59.46289094181883,62.57194161529748,-39.775488412109176,-32.605737872817514,4.8198493695058175,42.245436611829135,49.415187151120804,57.75157161476888,42.83070462203102,8.48687565015587,72.0127685580473,0.014318151689903809,26.198092515707685,28.872529018112242,42.83098516295794,56.78895381115495,59.462980708354166,62.57203857000517,2,0.45166259669917963
27,61,reset,1.3,43.0376303825012,26.0883675621412,26.1014553127424,25.8898134716609,26.026545448848168,0.024484431371092796,25.344590509312603,6.1309270019302815,0.975515604019165,13.276466525863249,7.4936152935403655,13.328194393685118,15.260112993612859,25.344590509312603,35.42906802501234,37.36098662494008,39.6072595061527,-1.4107495634744165,0.9505662313043537,13.276466525863249,25.60236682042214,27.96368261520091,30.709222532870807,13.571948149171428,7.692742142077676,55.699694097644525,3.4785940856601445,-1.3311770977355368,1.0407750719630613,13.499646976156878,26.364026496858358,28.895112268447562,31.840247011309764,2,12.45459729967674,0.01885540783405304,27.697084849688878,5.947448913366029,0.9811446070671082,17.313560357312866,7.607340055113301,16.04029917959958,17.91440193343017,27.697084849688878,37.479767765947585,39.35387051977818,41.53291998526445,2.4034478311418432,4.800599476206536,17.313560357312866,29.82652123841919,32.223672883483886,35.010879721631426,17.50934620436365,7.709863468969899,57.44738681558015,1.9946124629327566,2.4654539236333766,4.870842103674326,17.481073370841933,30.247943079027586,32.69011109289259,35.510841689636116,2,8.51719924448452,0.006216268055140972,24.465579906067042,8.793781164243121,0.993783712387085,13.997310246350999,8.574547752234743,7.230085536223815,10.001097063444197,24.465579906067042,38.93006274868988,41.701074275910265,44.92297402228442,-2.808494531747975,-0.10656572338091763,13.997310246350999,28.10118621608291,30.80311502444997,33.94469118062396,14.06238354287306,8.615306987714273,73.54653751323407,0.6769731117621606,-2.7865015270251967,-0.08200150494205469,14.048655761119539,28.25074952903963,30.994403462930222,34.20331314975165,2,11.964161905975107,0.013003704138100147,31.2073981030992,11.450510331688772,0.9869962930679321,12.153740063879347,8.002210375424381,8.764810248385416,12.372984653575614,31.2073981030992,50.04181155262278,53.64998595781299,57.84526846990606,-3.5303040686651883,-1.008724695766153,12.153740063879347,25.316204823524842,27.83778419642388,30.769665158375414,12.401508161812739,8.340692083440848,64.90764379036109,4.659500210706782,-3.4876380646172693,-0.9604423080444341,12.272903826851044,26.00237406924016,28.98343856250922,33.109177416493665,2,13.625037287035429,0.12032396346330643,24.675816325725094,6.412334877414361,0.8796759843826294,15.465852448483723,9.562646381975972,12.10787090918288,14.128464045382653,24.675816325725094,35.22316860606753,37.2437617422673,39.59313793543593,-3.276590057081439,-0.2633011361638342,15.465852448483723,31.19500603313127,34.20829495404888,37.71189452939787,16.574030998940223,9.71426794831887,85.3887571485014,8.978230296590514,-2.7468450471132515,0.338074197606739,16.7538713141047,32.17616360231877,34.92908920164634,38.1239805274361,2,9.452514449907945
28,62,reset,0.1,21.6274668829413,21.6639799720838,21.6034607015767,21.6084649865077,21.625301886722735,0.9999998807907104,24.492046249626164,8.22635902332255,7.198693197096873e-08,-5.307481348793033,18.160797920992202,8.368678840017868,10.960889773509091,24.492046249626164,38.02320272574323,40.615413659234456,43.62941907462927,-40.90199120444765,-35.17933567746982,-5.307481348793033,24.564372979883746,30.287028506861574,36.9408522855925,24.492042947877433,8.226365583156904,67.67299845569195,6.392524501770863e-05,8.368563497273302,10.96079561434335,24.492046086427518,38.02327152487659,40.61554920457423,43.62952976100409,2,-2.8667410611546984,0.9999980926513672,23.47663093849387,6.833453730721738,1.8605112472869223e-06,-18.202292848211172,24.83555878679205,10.083307736258392,12.236599784911146,23.47663093849387,34.71666209207659,36.86995414072935,39.373621497314836,-66.87909360625088,-59.053151796032594,-18.202292848211172,22.648566099610235,30.474507909828525,39.573856536058834,23.476552294803373,6.833769542503042,46.69714839679477,0.0032319488922075376,10.083109038803265,12.236329585013422,23.476616932947604,34.71680875172054,36.87000310095398,39.3738518010094,2,-1.851250408080638,0.9999991655349731,25.978372043593907,8.861512157247132,8.265092219517101e-07,3.5742157111690034,20.878577433621842,8.610127366825683,11.402481631471392,25.978372043593907,40.55426245571642,43.34661672036212,46.59333201139284,-37.34704410716053,-30.767988106111055,3.5742157111690034,37.91641952844905,44.49547552949853,52.14504993687225,25.978353319673232,8.861552499719231,78.52669247327005,0.00041486283770811246,8.60992542558428,11.402285901238924,25.97836565188868,40.55435498078717,43.34665018558492,46.59345151359469,2,-4.3530514329504975,0.9999876022338867,24.991756278953744,7.168282512666104,1.2402716492943e-05,-5.278150425447961,17.59762342321469,10.942180723119893,13.200980788982086,24.991756278953744,36.782531768925395,39.04133183478759,41.667675062818674,-39.76885854844721,-34.22366513884884,-5.278150425447961,23.6673642879529,29.212557697551283,35.66004341331883,24.991380973601302,7.1692983568346955,51.3874779591569,0.011364062010027702,10.940815217634976,13.200187448237171,24.991654224957344,36.7825902556027,39.04134787787702,41.66780591365436,2,-3.3660790868785675,1.0,22.703269921930286,8.42539539456607,4.63844713749495e-08,-13.399131619539986,32.064288113825654,6.189798393071147,8.844727748678048,22.703269921930286,36.56181209518252,39.21674145078942,42.30367058603255,-76.24398151255403,-66.14019221918312,-13.399131619539986,39.34192898010312,49.445718273474036,61.193556866691324,22.703269300418647,8.425400393567092,70.98733524351164,6.0456748176307514e-05,6.1895712505398635,8.844651604638127,22.70326872305421,36.5621241348967,39.2171909204931,42.30388715997712,2,-1.0779674136959123
29,63,reset,1.0,24.138246496393897,23.5885941598887,22.0491608089396,22.0146000827749,22.55078501720107,0.7729029059410095,21.109905408898484,6.039746645113471,0.22709709405899048,12.457655255633625,7.565486035910188,9.272219508729458,11.1754062338156,21.109905408898484,31.04440458398136,32.947591309067505,35.160457176503506,-2.3704249002910487,0.013538109816032318,12.457655255633625,24.90177240145121,27.285735411558296,30.057607611358957,19.14500454202058,7.371065620267113,41.19262996834676,13.139978409937061,2.9938580927210148,6.052850057214529,19.63375428767251,30.396038812118967,32.37324749518218,34.65733206308337,2,3.4057804751804888,0.45826801657676697,21.234948902040927,5.79370702414764,0.5417319536209106,9.910088965991612,8.277841213472898,9.879491797734817,11.705148889877456,21.234948902040927,30.764748914204393,32.59040600634704,34.713126920482274,-6.314181682156608,-3.705748177317666,9.910088965991612,23.525926109300883,26.13435961413983,29.16722727460194,15.099909771550958,9.183864827917072,52.50361318350711,31.8397531987989,-4.025372155853643,-1.0749962609415038,15.987053418263777,28.800267430931996,30.885540597368397,33.257710508073835,2,7.45087524565011,0.14880730211734772,21.0191505581657,8.186764030080582,0.8511927127838135,13.432772240963509,8.652335119614444,4.973387909279765,7.5531220502917975,21.0191505581657,34.48517906603959,37.064913207051625,40.06441165481769,-3.525492975651865,-0.7990525621339142,13.432772240963509,27.664597044060926,30.39103745757888,33.561113651967474,14.561680931351814,8.999231876081964,73.69628498713624,7.289892532033725,-2.9598848968390774,-0.1744085927313518,14.521232133095053,29.436765397005722,32.29220495038479,35.600940572877555,2,7.989104085849254,0.2640121281147003,22.765303449159454,8.627168221735065,0.7359877824783325,11.697424911761217,8.446661932397907,5.856364445990259,8.574874509318043,22.765303449159454,36.95573238900086,39.67424245232864,42.83509790078553,-4.85772826532418,-2.1960976033764172,11.697424911761217,25.590947426898843,28.25257808884661,31.34729894093679,14.619478032303459,9.796035815085956,72.15975930306385,23.802539278508902,-3.763887393750103,-0.968468626535275,14.29636065762978,31.304680330572303,34.586442274907526,38.32798909939016,2,7.93130698489761,0.9463781714439392,19.896769356269004,7.0171833466542015,0.05362178757786751,14.593417970961475,11.806499106359942,6.143342723912522,8.354529877541367,19.896769356269004,31.43900883499664,33.650195988625484,36.2211789165128,-8.54689506100835,-4.826544905733996,14.593417970961475,34.01338084765694,37.73373100293129,42.05944206690701,19.612393359501596,7.449985872464967,54.07500147255563,1.4272722652750487,4.678901863947723,7.400131438322224,19.7291075234351,31.538919436215984,33.83577549523939,36.55900568157083,2,2.938391657699473
30,66,reset,0.4,118.6122837253,114.0005175623,113.582837724,113.24470425290001,113.60935317973333,0.9995954632759094,102.07713437574145,7.573825550555409,0.0004045312525704503,36.4654125232068,17.310995511920094,87.2327090714636,89.61929994901266,102.07713437574145,114.53496880247025,116.9215596800193,119.69648734363223,2.536484783308893,7.991358769284364,36.4654125232068,64.93946627712923,70.39434026310471,76.73681012989265,102.05059182520004,7.694262310951057,57.460854206775544,1.7407613207670478,87.18119600423266,89.59098603472712,102.0732934524793,114.5335853836657,116.9202502398439,119.69535813965847,2,11.558761354533289,0.9994832277297974,102.44974823281444,6.7619929847054605,0.0005167459021322429,47.465962646257395,24.88116009174623,89.19648551907923,91.32725954650125,102.44974823281444,113.57223691912763,115.70301094654965,118.18049623706307,-1.3002150271405384,6.540096226588368,47.465962646257395,88.3918290659264,96.23214031965531,105.34819652936105,102.4213328855267,6.898008921891669,46.02082293116609,1.5614275508588094,89.14031824172135,91.29600105875298,102.44548578625984,113.57096458973417,115.70203024247027,118.17964677236209,2,11.188020294206638,0.999721109867096,107.81278106100712,6.808293576203437,0.0002788725250866264,45.702484711981924,22.430694155611445,94.46877085547297,96.61413467883848,107.81278106100712,119.01142744317575,121.15679126654126,123.6512403478539,1.7391320187504036,8.807276075085234,45.702484711981924,82.59769334887861,89.66583740521344,97.88408237414892,107.79545830748262,6.896082432694619,46.48024488211241,1.0755034360195965,94.43716001448539,96.59666459826609,107.81041453144837,119.01055722700433,121.15626548324698,123.65066917870801,2,5.813894872250714,0.9952379465103149,108.58667345442365,8.404694624728684,0.004762004129588604,44.759862635014926,33.19390089614245,92.11377468889803,94.76218101751913,108.58667345442365,122.41116589132817,125.05957221994925,128.1389169266237,-20.298987627816118,-9.83924564667273,44.759862635014926,99.35897091670256,109.81871289784596,121.98042341587828,108.28272455787447,9.739475978582432,75.54944864419419,19.307364938731094,91.4475727962568,94.40543575840908,108.53902742294285,122.39561754362954,125.04823608947048,128.13343493267615,2,5.326628621858859,0.9996428489685059,102.32518756432519,6.325050160292339,0.0003571452689357102,50.08601467279955,25.535597889681814,89.9283170497429,91.92140586751835,102.32518756432519,112.72896926113204,114.72205807890747,117.03945455792295,0.03716248532617783,8.083693867582042,50.08601467279955,92.08833547801704,100.13486686027292,109.49069853582262,102.30653000121899,6.4186595878901365,40.224853811572196,0.9742767790962438,89.89233882146968,91.90134287407933,102.3224711141548,112.72832314102259,114.72165111606365,117.03943052212054,2,11.302823178514345
31,70,reset,0.4,117.677724254,113.8332822791,113.89207723429999,113.886577624,113.87064571246667,0.9995902180671692,101.49331305501518,7.5833984259418035,0.0004097885394003242,36.03034165582895,17.104206298445142,86.63012525975151,89.01973264948671,101.49331305501518,113.96689346054364,116.35650085027885,119.13493586120956,2.506713326733312,7.896425889705231,36.03034165582895,64.16425742195266,69.55396998492458,75.82067561537276,101.46648775010334,7.704516312631398,57.60425119953046,1.7553884296696802,86.57792778958506,88.99102405304875,101.48941710642022,113.9654922124367,116.35531237155608,119.13377587291214,2,12.404157962363328,0.999448835849762,101.75673031747914,6.792165479513073,0.000551150063984096,46.78797163674841,24.49507839392817,88.44433060059728,90.58461229364747,101.75673031747914,112.9288483413108,115.069130034361,117.55767004087797,-1.221499813836047,6.497153098035,46.78797163674841,87.0787901754618,94.79744308733285,103.77204518292695,101.72643284924399,6.935657361478516,46.43877968782954,1.6644175796834728,88.38405488832151,90.55111892739905,101.75215229412741,112.92743299811458,115.06779374734779,117.55664496716813,2,12.144212863222677,0.9997113347053528,107.02254815502626,6.857077747586459,0.0002886821166612208,45.22856129541679,22.214259238450456,93.58292273056576,95.74365895162043,107.02254815502626,118.30143735843208,120.46217357948674,122.97449639525678,1.6894132448177146,8.68935641701129,45.22856129541679,81.76776617382227,88.76770934601585,96.90665604817812,107.00471113643749,6.9462378422704285,47.14839925488627,1.102013518701902,93.55004942412094,95.72541508137752,107.02007980491366,118.3007002591497,120.46155466165467,122.97399165834713,2,6.865934576029176,0.99498450756073,107.85711731142305,8.464607364898805,0.005015454720705748,44.25181511405045,32.530791135860504,91.2667917329489,93.9340771865491,107.85711731142305,121.780157436297,124.4474428898972,127.54873865934583,-19.50736390083099,-9.256574673370523,44.25181511405045,97.76020490147141,108.01099412893188,119.92975191382615,107.53810373003971,9.838048708468474,76.59783678042537,20.188929415556494,90.55483738978201,93.55367672857605,107.80635311080434,121.76340226736593,124.43464066186458,127.54149604864178,2,6.33254198242696,0.9996381998062134,101.6693066871189,6.362010522361113,0.00036180796450935304,49.554509695988976,25.347296274938433,89.19999519402626,91.2047306047098,101.6693066871189,112.13388276952801,114.13861818021154,116.46955634043914,-0.125278108356639,7.861917484742939,49.554509695988976,91.24710190723499,99.23429750033458,108.52113849787531,101.65045192854272,6.45563378514271,40.69299030452483,0.9822975567866209,89.1633327963169,91.1844259237029,101.6665351093352,112.13321307002597,114.13820375361493,116.4692807074592,2,12.220193783923946
32,75,reset,0.6,113.4501635554,104.0690044103,102.7282781569,104.4749548459,103.75741247103333,0.9803403615951538,90.37501036081974,8.336724242406403,0.01965962164103985,31.188392614236832,12.693153983723574,74.03533109666122,76.6623192538033,90.37501036081974,104.08770146783618,106.71468962497826,109.76913107860662,6.31026795591751,10.310012246655575,31.188392614236832,52.06677298181808,56.066517272556155,60.71708439914519,89.2114223346799,11.782064323175018,71.30208984104414,67.51481645665399,69.16403738199992,74.81077700510384,90.16545457195257,104.00736601982562,106.64379055599505,109.70702115362397,2,14.545990136353439,0.9585837125778198,89.59045266752216,7.8060439786556755,0.04141627252101898,37.40894360524712,16.096249144665173,74.29088760762127,76.75065291708766,89.59045266752216,102.43025241795665,104.89001772742303,107.7500264819371,5.860874995519723,10.932969819330065,37.40894360524712,63.88491739116416,68.9570122149745,74.85441858297065,87.42928773263918,13.313279960450803,69.14115960543603,108.10214979721245,41.63820170960875,71.34502310714721,89.16809399809615,102.26964079783032,104.74846375875086,107.62589950342996,2,16.328124738394152,0.9745498299598694,93.58490148351422,8.77726195261023,0.02545023150742054,35.70481534049175,15.342090523107435,76.38178417352445,79.14759032606011,93.58490148351422,108.02221264096832,110.78801879350398,114.00386616686859,5.63487046764789,10.469322098540665,35.70481534049175,60.940308582442825,65.7747602133356,71.39585501226486,92.11184564391512,12.812517584900005,81.07010686921626,83.09102151903728,64.04851130557384,76.42571876467721,93.29761841897881,107.91231081521369,110.69104968133456,113.91892547354358,2,11.645566827118216,0.8559308648109436,98.50019132019116,12.79133597234772,0.14406909048557281,35.56009202237914,20.084546666681828,73.429633500238,77.46031595252018,98.50019132019116,119.54006668786215,123.57074914014433,128.25728856560443,-3.804896090131244,2.523952592011419,35.56009202237914,68.59623145274685,74.92508013488951,82.28373446148846,89.43246405598207,26.204235424310244,198.16182091414774,488.49977571266464,16.674245159335225,27.661186982435552,95.7889199725018,118.56013696398499,122.70896612838081,127.50343724009667,2,14.324948415051267,0.9768983125686646,89.53402826803772,7.207653626320281,0.023101717233657837,40.11323369837623,18.101279667445144,75.40728674741044,77.67849305897487,89.53402826803772,101.38956347710057,103.66076978866498,106.30153795845065,4.635377476096572,10.339278184916132,40.11323369837623,69.88718921183631,75.59108992065588,82.22310717015594,88.39232571474868,10.650812703894307,58.319555662891055,55.12048844214784,69.83158216519135,75.7723333652111,89.32177292877454,101.30838972559607,103.5892186415404,106.23923987382626,2,15.365086756284654
33,76,reset,1.5,104.4749548459,11.156423545141,10.6863158092715,11.1609297813451,11.001223045252535,0.00025235535576939583,42.87339928139804,9.414458999277569,0.9997476935386658,10.649603704632263,9.813892552030163,24.421398708884997,27.38799225065039,42.87339928139804,58.358806312145674,61.325399853911065,64.77470595961208,-8.585272245492739,-5.4928130540865965,10.649603704632263,26.792020463351115,29.88447965475726,33.480131779112874,10.657736072735636,9.827131872373064,96.31055352955501,0.261972861244283,-8.584256070739384,-5.491643057952279,10.652705918594988,26.813842333658773,29.922397691871573,33.557905706420165,2,0.3434869725168994,0.0005677746376022696,49.10482057046613,8.09919946347382,0.9994321465492249,19.705069087542284,9.0644144973967,33.23068131845131,35.782822957567795,49.10482057046613,62.42681818336446,64.97895982248095,67.94637602375117,1.9391431317020142,4.795434025307811,19.705069087542284,34.61470414977675,37.47099504338255,40.79205048298607,19.72175996776708,9.090913211991781,82.15419762208894,0.4904747516662808,1.9413305772223088,4.797919677441096,19.711522072450727,34.66050851477218,37.55086939563773,40.95645326209941,2,-8.720536922514546,0.0004685598541982472,45.27271412641141,13.109901790380162,0.9995315074920654,9.14854771272563,9.088048629303037,19.57777877640911,23.708844617526992,45.27271412641141,66.83658363529582,70.9676494764137,75.77090628534651,-8.66370029045693,-5.799962037094831,9.14854771272563,24.097057462546086,26.960795715908187,30.290510320684525,9.165474662993967,9.123903910828426,82.63446502075368,0.6111632107618488,-8.661915291206155,-5.7979469270386135,9.153855140194967,24.134262265059473,27.02640300425354,30.430658992229866,2,1.8357483822585685,0.001264582620933652,62.70000496914739,29.758306780821318,0.9987353682518005,6.125401837037714,8.729865564937072,4.374795437843524,13.75194612877884,62.70000496914739,111.64806380951592,121.02521450045126,131.9281786837662,-10.984820260115363,-8.233949200247796,6.125401837037714,20.48475287432322,23.235623934190787,26.434106034691414,6.196944796020554,9.01534520964865,77.23403426481228,4.042413097731182,-10.981592841634448,-8.229827836020506,6.138461806758413,20.579229280249873,23.40596909226647,26.816586730148494,2,4.804278249231982,0.00036127542261965573,43.649390208782066,6.884465234268839,0.9996386766433716,4.153524374661856,8.889470132276713,30.156086296797035,32.32545259857365,43.649390208782066,54.973327818990484,57.142694120767096,59.66505127043146,-13.269516926245018,-10.468352814090284,4.153524374661856,18.775401563413993,21.576565675568723,24.83352431823334,4.167793061187734,8.920460115737551,79.01124945284585,0.5633583909809043,-13.268153117307524,-10.466826939149879,4.157551436298619,18.80510264702162,21.630493229474965,24.954414158100306,2,6.833429984064802
34,80,reset,0.2,124.28450961370001,124.2524969781,124.30601505610001,124.2730029328,124.27717165566668,0.9999933242797852,113.48181952288826,6.805110709774599,6.7271307671035174e-06,41.20856593031667,25.36048359186266,100.14404762092224,102.28840849010919,113.48181952288826,124.67523055566731,126.81959142485428,129.31287435518496,-8.497068540253146,-0.5057174870019452,41.20856593031667,82.92284934763526,90.91420040088647,100.20587301889398,113.48133916542339,6.807938421678936,46.3135492047341,0.035138414468198036,100.14301505063811,102.28789473151126,113.48176167761062,124.67536111057774,126.81991951125823,129.3132272174869,2,10.795832490243285,0.9999955892562866,115.65886239739147,5.814003866656453,4.369912858237512e-06,57.50261403946754,41.858550741757625,104.2636242127682,106.09567705021172,115.65886239739147,125.22204774457123,127.05410058201474,129.18425793225293,-24.538637859419786,-11.348574967044762,57.50261403946754,126.35380304597982,139.54386593835486,154.88016456798604,115.65860353720373,5.815967192295685,33.81014855826643,0.014779632814674369,104.26216949485725,106.09457338894306,115.65883751235268,125.22298148757142,127.05492709739941,129.185189941514,2,8.618568118462946,0.9999978542327881,122.34578963524834,5.119936684337406,2.092289378197165e-06,55.71832879024964,35.0382829792879,112.3108981308216,113.92424321025406,122.34578963524834,130.76733606024263,132.38068113967506,134.25654345608038,-12.955443929277436,-1.9145180503841175,55.71832879024964,113.35117563088338,124.39210150977671,137.22956390915743,122.34564368853192,5.121167118786432,26.216264067504802,0.009288110405268791,112.31034600091623,113.92347622555357,122.34577886274535,130.7679685572412,132.38157967373047,134.25719770842588,2,1.9315279671347554,0.9998998641967773,118.65514811723331,5.286213807463777,0.00010012432903749868,53.51198870920674,58.55217266557151,108.29435944002596,109.96010016318556,118.65514811723331,127.35019607128106,129.01593679444068,130.952720369952,-61.248160931884065,-42.797764865647444,53.51198870920674,149.8217422840609,168.27213835029752,189.72471111023125,118.64862434063507,5.3581274591629775,28.284520154388378,0.424848186453022,108.28643791637398,109.95468698927566,118.65466782734855,127.35203647018442,129.01901161105883,130.9544708769492,2,5.628547315031611,0.9999955892562866,115.12020810916596,5.486043872306185,4.358047590358183e-06,58.91113088730014,37.855543251885315,104.36775970183918,106.09646894818823,115.12020810916596,124.14394727014368,125.87265651649274,127.88265460840023,-15.28437050159338,-3.355696730781773,58.91113088730014,121.17795850538204,133.10663227619364,146.97629345198465,115.11995708094376,5.4879192109191965,30.10278988604777,0.01376901864852671,104.36683957914002,106.09545395884602,115.1201824151313,124.14476390513434,125.87334283736537,127.88339539707077,2,9.157214574722914
35,81,reset,0.7,124.2730029328,106.0692732059,105.8510770611,105.8299608852,105.91677038406665,0.9029708504676819,91.5430872747257,8.709618623300235,0.0970291793346405,33.3389394743922,13.155884769571363,74.47254845397791,77.21703949282622,91.5430872747257,105.86913505662518,108.61362609547349,111.80469004274673,7.553879141273292,11.6994346954071,33.3389394743922,54.97844425337729,59.1239998075111,63.94410403921081,85.89558930798383,19.54748328971007,85.2906208427002,296.8137020018846,24.779787270128367,33.84390494757739,90.36655740691332,105.43365298570752,108.2302460306291,111.46899059914492,2,20.021181076082826,0.8769575953483582,92.0317651653296,7.894181056617963,0.12304236739873886,40.52710883321357,16.47112337637152,76.55945460692004,79.04699282253993,92.0317651653296,105.01653750811927,107.50407572373916,110.39637648368628,8.24430023060961,13.434521807623685,40.52710883321357,67.61969585880344,72.80991743581751,78.84467168289984,85.69450688971719,19.346034967142998,88.03146288327866,286.237332498141,26.85098586845884,36.62496494025569,90.63966346411085,104.50779236165947,107.05647836782272,110.0046988273656,2,20.222263494349463,0.8832618594169617,96.40212129594516,9.178988922465468,0.11673814803361893,36.07687084726747,14.741768197823179,78.41163359342073,81.30402807508045,96.40212129594516,111.50021451680988,114.3926089984696,117.75564266156714,7.183536111096096,11.828819959400139,36.07687084726747,60.324921735134794,64.97020558343884,70.3713519538763,89.35986399715406,21.794958718915655,99.78770406028994,375.2325809932151,24.4000677374052,33.413308398276506,94.8747235982302,110.94076400042563,113.90025068687403,117.32480254832277,2,16.556906386912587,0.7130637764930725,103.09013826095224,14.592580774676902,0.2869362235069275,36.55747828333316,20.816854101002264,74.4892055010939,79.0874788471426,103.09013826095224,127.09279767476187,131.69107102081057,137.0375575228911,-4.242806026056208,2.3168003135799466,36.55747828333316,70.79815625308636,77.35776259272252,84.98472256541814,83.99950806710373,34.37850825715854,276.18358374000934,905.6982462475111,8.274418912554356,17.041993540134957,95.42696271503952,124.61330314331751,129.51965277446183,135.1447216879558,2,21.91726231696292,0.8699151873588562,91.1624097064756,7.084146270831422,0.13008473813533783,40.232863621245215,17.08934527930134,77.27773815443229,79.51002601904378,91.1624097064756,102.81479339390741,105.04708125851892,107.64259832301863,6.7383623544449875,12.123392056360373,40.232863621245215,68.34233518613004,73.72736488804543,79.98862568049776,84.53724624849798,19.369345541856106,81.64749664269593,293.52351761795586,25.3671349055139,35.20795798535142,89.831843156102,102.33065440123387,104.62135729053627,107.27058244710523,2,21.379524135568673
36,82,reset,0.3,105.8299608852,106.01174588939999,105.8726388151,106.09978260150001,105.99472243533334,0.9999384880065918,97.41244941548018,7.3754648640919065,6.156729068607092e-05,31.35944471134257,17.211342121908718,82.95680391261943,85.28088928332545,97.41244941548018,109.5440095476349,111.86809491834093,114.57034642212331,-2.3741659731957157,3.049306197418357,31.35944471134257,59.66958322526677,65.09305539588084,71.3990138660345,97.40838809758215,7.394623100234868,54.412373960747075,0.2686015161414602,82.94909488501317,85.27660999269892,97.41187973870979,109.54384028476608,111.86802369728292,114.57024297427367,2,8.586334337751197,0.9998695850372314,96.92355303997735,6.724127663580012,0.0001304340548813343,40.7910331964306,24.946786481757783,83.74450499191106,85.86334726445304,96.92355303997735,107.98375881550166,110.10260108804363,112.56621313492592,-8.103769837825354,-0.24277902887266833,40.7910331964306,81.82484542173384,89.68583623068653,98.82593689241861,96.91623329827885,6.760171400459356,45.289170878871346,0.4109258122803275,83.73044203865464,85.85539820308855,96.92248056393913,107.98351090433917,110.10259992106013,112.56613847394536,2,9.07848913705449,0.9999576807022095,101.30754154934829,6.705528799390651,4.2291914724046364e-05,42.441756738792265,23.75590352068585,88.1649466052465,90.27792818304302,101.30754154934829,112.33715491565354,114.45013649345007,116.90693421613035,-4.118958581960285,3.366772671282881,42.441756738792265,81.51674080630164,89.0024720595448,97.70625239005912,101.30504922848577,6.71810276221531,44.9860807736269,0.1465429255065871,88.16027855001504,90.2752345645826,101.30719078260195,112.33728693858598,114.4502846704124,116.90711542579601,2,4.689673206847573,0.9984859824180603,101.07254620515607,7.5671145576105365,0.0015140105970203876,40.282926333888625,31.462801884419328,86.24127420535068,88.6257503795131,101.07254620515607,113.51934203079905,115.90381820496147,118.67628706887685,-21.383032212292214,-11.468777459754143,40.282926333888625,92.03463012753137,101.94888488006944,113.47634860907569,100.98050937049855,8.016214888430715,58.673259284363155,5.5863706274719185,86.0597384225103,88.52585030160277,101.05893298134873,113.51516756607768,115.90096734838436,118.67507597184571,2,5.014213064834792,0.999953031539917,97.11627020755463,6.476864796914622,4.697240729001351e-05,45.023846339809445,27.480404803345966,84.42184847286664,86.4627756550753,97.11627020755463,107.76976476003396,109.81069194224263,112.18371085830692,-8.836757355330164,-0.17739717106884,45.023846339809445,90.22508985068771,98.88445003494905,108.95282763185504,97.11382368434202,6.4892758947070766,41.98327955826076,0.12745930584919107,84.41675094166898,86.45981132867531,97.11591061886915,107.76980353476003,109.81078086237594,112.1836989137983,2,8.88089875099132
37,83,reset,0.4,106.09978260150001,106.0972272868,106.307127457,105.9156204145,106.1066583861,0.9995427131652832,94.04457752679365,7.695005772136233,0.00045736608444713056,30.69492963461196,14.89229350380734,78.9626433525788,81.38741937308285,94.04457752679365,106.70173568050444,109.1265117010085,111.94583784553477,1.5065707199497567,6.199286651248599,30.69492963461196,55.190572617975306,59.883288549274155,65.33958496678639,94.0156109993935,7.8180191080498656,59.287471291620896,1.8346519654347473,78.9034939597752,81.35484230207342,94.04016386585327,106.70011498635664,109.12503500971297,111.94462387329023,2,12.091047386706492,0.9988577365875244,93.0430319607267,7.146049651191784,0.0011422912357375026,38.41919080444919,20.42553011428213,79.03703201265577,81.28882627358858,93.0430319607267,104.7972376478648,107.0490319087976,109.66722937456699,-1.6141125846820898,4.822183513565697,38.41919080444919,72.01619809533267,78.45249419358046,85.93607936196659,92.98063821447221,7.408674302463983,51.484261273102135,3.404434190092213,78.90136165374726,81.2142029255351,93.03286593704196,104.79343285015761,107.0458001259504,109.66441020610142,2,13.126020171627786,0.9995713829994202,97.1980375066426,7.456232797068105,0.0004285943286959082,39.421000710270405,19.815699649877825,82.58408976404277,84.93362594699062,97.1980375066426,109.4624490662946,111.81198524924244,114.54382882245558,0.5829430680469017,6.827075270587834,39.421000710270405,72.01492614995297,78.2590583524939,85.51921146339552,97.17327239268019,7.561097773050537,55.73987107324017,1.4301143778400853,82.53103031617843,84.90439375093894,97.19404485555347,109.46098139089206,111.81082441394673,114.54281322723037,2,8.933385993419805,0.9911008477210999,98.69893435522779,9.170287289330357,0.00889919139444828,37.97250786929494,25.600924874461498,80.72550154025485,83.61515404718577,98.69893435522779,113.78271466326981,116.67236717020073,120.03221269510522,-12.204382855565214,-4.137266263775238,37.97250786929494,80.0822820023651,88.14939859415509,97.52916502447772,98.15852212389149,11.031931349556576,89.1783976418147,32.52548854155186,79.19726545189513,82.83562098876816,98.59757655392222,113.74415897286693,116.63881249134866,120.00380977020357,2,7.948136262208507,0.9995957016944885,93.3679203541059,6.821716910765398,0.00040432653622701764,42.87380388306272,23.29297448002237,79.99760089627789,82.14719455139725,93.3679203541059,104.58864615681456,106.73823981193392,109.23760698677344,-2.7795871905917267,4.560270327109826,42.87380388306272,81.18733743901561,88.52719495671715,97.06136554475032,93.34750687873652,6.911339264001969,46.73637973785509,1.0304766798754774,79.95384476227841,82.12275438033828,93.36456639439844,104.58765519767935,106.73740252623928,109.23709799971105,2,12.75915150736347
38,88,reset,0.1,129.1972471167,128.7450983522,129.07437794860002,129.12482807019998,128.98143479033334,0.9999991655349731,120.27686172023722,6.414954673193182,8.244686569014448e-07,44.29628353434352,32.11197986071404,107.70378159832167,109.72520025930612,120.27686172023722,130.82852318116832,132.84994184215276,135.20027788628855,-18.642040464931547,-8.523223008144612,44.29628353434352,97.11579007683164,107.23460753361857,118.99991961455791,120.27679787429997,6.415400501954336,41.15245929448753,0.00475969342357966,107.7034162701006,109.7251094422143,120.2768557721247,130.82881514500448,132.85043453077034,135.20033263085563,2,8.704636916033365,0.9999996423721313,123.73929171530455,5.351379625913697,3.3364023011017707e-07,63.75967223868215,57.35598672534781,113.25078038091227,114.93705552842619,123.73929171530455,132.5415279021829,134.22780304969683,136.18846233123435,-48.655996040757024,-30.582530553886734,63.75967223868215,158.10187503125098,176.1753405181213,197.18965002070973,123.7392687354771,5.351627678715327,28.63835123849947,0.0012002886038238014,113.2487001357994,114.93613866331872,123.73929606268034,132.54341928622426,134.22825794353145,136.19076092372552,2,5.242166054856241,0.9999998807907104,131.32141901768316,4.337271178158334,1.6147706105584803e-07,61.63108041352469,45.40042831970207,122.82052371730921,124.18724278921734,131.32141901768316,138.455595246149,139.8223143180571,141.41142060213042,-27.35212397578372,-13.045978773287622,61.63108041352469,136.30813960033697,150.61428480283308,167.2482703156072,131.32141331495583,4.3373156673484505,18.81225186666648,0.0007842525377119646,122.81876093541752,124.18648597053257,131.32142105776364,138.45703641770487,139.8237885539667,141.41300793169623,2,-2.339978524622495,0.9999876022338867,125.13722283491683,4.0809776023372235,1.2365336260700133e-05,58.740772007713225,82.36950281098952,117.13865371262125,118.42461202420472,125.13722283491683,131.84983364562893,133.1357919572124,134.6309964041223,-102.700486926297,-76.74500344113244,58.740772007713225,194.22654745655882,220.1820309417234,250.36088975785972,125.13639776229415,4.097936900090811,16.73806724332476,0.054511770911710486,117.13682259028299,118.42319405967814,125.13715439479813,131.85450153197996,133.14144185518228,134.637689553013,2,3.8450370280391866,0.9999995231628418,122.8510022472156,5.051798729492336,4.5934538661640545e-07,64.03557618285433,47.44261476202208,112.94965868026542,114.54153278438129,122.8510022472156,131.1604717100499,132.75234581416578,134.60324348165233,-28.95024008311728,-14.000580780519186,64.03557618285433,142.0717331462278,157.0213924488259,174.403602173423,122.85097308173931,5.052083244901094,25.52169212947142,0.0015889917983719004,112.94807034463747,114.54131283672181,122.8509960724842,131.16178952409015,132.75344590340472,134.60448257679676,2,6.1304617085940265
39,90,reset,1.2,138.6742135022,10.918882963332399,10.1816570524673,10.314191946493299,10.471577320764332,0.004512212239205837,70.71218877560621,10.893486453550548,0.9954877495765686,22.198785592959446,12.04574276803132,49.361347660572164,52.79399807233685,70.71218877560621,88.63037947887555,92.06302989064024,96.05422782771622,-1.4104363994157652,2.3853019116386562,22.198785592959446,42.01226927428023,45.80800758533465,50.22137367261194,22.417687516922275,12.472067441248267,144.9806470779712,10.571799991487731,-1.387190598146532,2.4116694980097404,22.26721606345208,42.53076677133454,46.779679615511895,52.65230405539033,2,-11.946110196157942,0.007853792980313301,75.86957741303497,9.136082264598071,0.9921461939811707,29.043003076633966,12.444702936836233,57.963185214627615,60.84205936398381,75.86957741303497,90.89709546208613,93.77596961144233,97.12328296634493,4.651833522135103,8.573288314645243,29.043003076633966,49.51271783862268,53.434172631132824,57.99371129681275,29.410768918771648,13.091823373283075,154.3098476765208,17.08598028249089,4.693789134668769,8.620849696673432,29.16647162030091,50.47741848281858,55.31595248659888,63.44530889089702,2,-18.939191598007316,0.005882228724658489,77.53401155714053,13.399719311464674,0.9941177368164062,19.362252794400973,10.610362392672105,51.27104430372391,55.49343464754617,77.53401155714053,99.57458846673488,103.79697881055714,108.70642009011037,-1.4336753581545914,1.9097597295447528,19.362252794400973,36.81474585925719,40.158180946956534,44.04564678939661,19.704431717556446,11.522232855557963,112.97373489076153,19.78810170775204,-1.4069238625753482,1.9400972240002883,19.440938533179228,37.42011641117508,41.3201059027239,47.31502002815953,2,-9.232854396792114,0.01564631424844265,94.07683776619103,31.63398075671333,0.9843536615371704,18.523011837449303,13.438316961603197,32.07537479539977,42.04356978359801,94.07683776619103,146.11010574878404,156.07830073698227,167.66848164701997,-7.815605420126698,-3.5810525569672116,18.523011837449303,40.627076231865814,44.8616290950253,49.78521193176187,19.705150292079153,16.77313010152907,193.42021950829863,87.91766449224609,-7.727311363018675,-3.4803892193380577,18.786108311102446,42.74605943230962,49.41523208939189,82.81571991060014,2,-9.233572971314821,0.0020705556962639093,71.39197554217027,7.512214832065834,0.9979294538497925,15.339864884790359,11.360873530222728,56.668305027193625,59.035481729208136,71.39197554217027,83.7484693551324,86.11564605714692,88.8680005460847,-6.927038067360613,-3.34710914673348,15.339864884790359,34.02683891631419,37.60676783694133,41.769208869070866,15.455924048234825,11.636620319062837,128.9190515615525,6.491883168888834,-6.917018191750503,-3.335727866667796,15.369408133908848,34.24750800405973,38.01409197005986,42.73536410768417,2,-4.984346727470493
40,91,reset,0.3,10.314191946493299,10.3016890855458,10.3076907536097,10.2766821978165,10.295354012324,0.9999986886978149,12.943592644295407,7.905445841298841,1.3619888932225876e-06,-3.722764522007722,14.245529650778577,-2.5507964863822714,-0.05970862043342784,12.943592644295407,25.94689390902424,28.437981774973082,31.33440977054597,-31.643489578231193,-27.154575635935615,-3.722764522007722,19.70904659192016,24.197960534215742,29.41729309566678,12.943570600970158,7.905481529778967,62.49626839384352,0.000378315682213923,-2.550985128864442,-0.059835240844633944,12.943581887859327,25.946966693301647,28.43805421552455,31.33449643132214,2,-2.648216588646159,0.9999630451202393,11.967056855794702,6.605484968772856,3.699605440488085e-05,-18.32703963346617,18.47794898187047,-0.9794557834207822,1.1020009471352328,11.967056855794702,22.832112764454166,24.913569495010186,27.333712769908168,-54.54315414610086,-48.72056103492009,-18.32703963346617,12.066481767987732,17.88907487916851,24.65909769714331,11.965936586492147,6.608887674654315,43.64345097440266,0.033951217330451026,-0.9829583397643404,1.0999387762182236,11.96678129551726,22.832178976984505,24.91368966792,27.333720095258702,2,-1.6705825741681473,0.9999451637268066,15.048308925219928,9.208374467035274,5.480610707309097e-05,0.7306428436450574,15.193418292747522,-2.9997733863274263,-0.09811921521037803,15.048308925219928,30.194737065650227,33.096391236767275,36.4701912899794,-29.047909812192128,-24.260306340971557,0.7306428436450574,25.721592028261664,30.509195499482235,36.07581918839148,15.047523775730527,9.209419264664158,84.802161968939,0.01123439297486378,-3.0031277870100146,-0.10029356215441967,15.04789556572051,30.194667809676304,33.09640036722452,36.47029932977015,2,-4.752169763406528,0.9998434782028198,13.737933605845008,7.431956022851028,0.00015651065041311085,-5.722100950693388,13.534790182530166,-0.8284325336285487,1.5134537863146509,13.737933605845008,25.96241342537536,28.304299745318563,31.02724869956952,-32.249802246758826,-27.98484967245532,-5.722100950693388,16.540647771068535,20.805600345372042,25.76452941602451,13.734887750045957,7.437288389077276,55.25399627668302,0.059260202814870294,-0.8407684137616623,1.5060321451171927,13.736695124856709,25.962030532415774,28.303949832457842,31.02706582800929,2,-3.4395337377219573,0.9999992847442627,11.186898531264447,8.664891257941767,7.565779469587142e-07,-12.887418407493485,25.060215209779393,-5.7959762642573835,-3.0655792815011775,11.186898531264447,25.439376344030066,28.169773326786274,31.344449887972342,-62.00453766348398,-54.10780428748358,-12.887418407493485,28.3329674724966,36.229700848497004,45.41135996878275,11.18688077943453,8.664940581010578,75.08076195214645,0.0004384916192277602,-5.796119140518081,-3.065758782951469,11.186892760236136,25.439434601079704,28.169934498265004,31.344676204850582,2,-0.8915267671105305
41,92,reset,0.7,10.2766821978165,10.5317535000966,9.6660196877489,9.55198332605791,9.916585504634469,0.9988608360290527,12.987688831056971,6.5594992922372235,0.0011391915613785386,6.612110666206831,9.383875833780303,0.13130646165603466,2.198272629234955,12.987688831056971,23.777105032878985,25.844071200457904,28.247366064325433,-11.779948003398339,-8.822991533848977,6.612110666206831,22.047212866262633,25.004169335811998,28.442270262384863,12.9804261845486,6.566930676578727,43.078330055884095,0.04625310385877689,0.10315638294633109,2.1787221265706083,12.982974224375445,23.775960086407004,25.843459056614154,28.24757610268068,2,-3.063840679914131,0.9884335398674011,12.421138606723787,5.849078110631698,0.0115664666518569,-2.50830137591808,11.137902947504895,0.9571561671240705,2.8002612621287692,12.421138606723787,22.0420159513188,23.8851210463235,26.028129034490654,-24.33819001633019,-20.828521435755007,-2.50830137591808,15.811918683918837,19.321587264494024,23.402335467283145,12.248457818010268,6.148094733549317,35.25085983312012,2.548209997626604,0.19774037416340962,2.3631902182320417,12.350980547815794,22.018114646571547,23.86645175132543,26.015894039494192,2,-2.331872313375799,0.9350663423538208,14.54778969256298,8.2908363446064,0.0649336576461792,7.934149302902334,10.03742148504526,-1.7019509445812808,0.9105774606760502,14.54778969256298,28.185001924449903,30.797530329707236,33.83515919685861,-11.738835305434922,-8.575939832014999,7.934149302902334,24.44423843781966,27.607133911239586,31.28468343548923,14.118341831705813,8.57160445212822,70.81661463112083,2.6557882526235312,-2.999606999964891,-0.08901841244663011,14.209864701606598,28.034390722686773,30.669059535850554,33.73056741176009,2,-4.201756327071344,0.9651495814323425,13.33718374900998,7.314057120770781,0.03485041856765747,4.943134194079107,9.978961264851348,-0.9981047885694778,1.306630366179915,13.33718374900998,25.36773713184004,27.672472286589436,30.35222498252836,-14.615270488149804,-11.470796435619889,4.943134194079107,21.357064823778096,24.50153887630801,28.15766951770194,13.04464760854298,7.580994127329626,55.101486492397406,2.3699854662088873,-2.124606923311153,0.5261648409049972,13.142292208356572,25.29339804279515,27.612212162177215,30.308090401551787,2,-3.128062103908512,0.9996938705444336,11.49799405389463,7.714454974157536,0.0003061493916902691,3.9459529313018464,16.055934634796177,-3.6220598558100185,-1.191155190302224,11.49799405389463,24.187143298091478,26.618047963599274,29.444499982409802,-27.523100691027935,-22.463709386838417,3.9459529313018464,30.3556152494421,35.41500655363162,41.29764233469864,11.49568223032436,7.71951895143534,59.573520103939494,0.017455372202773663,-3.634049081055642,-1.1986953110620655,11.496922368436174,24.18843193710653,26.62025631413339,29.448595801254058,2,-1.579096725689892
42,93,reset,1.4,9.55198332605791,9.93008229059194,9.82158115670726,9.76103998024365,9.837567809180952,0.08136533200740814,1.339935187835323,4.625744073043883,0.9186346530914307,14.340757718089222,7.975781120351192,-7.726356597030307,-6.268736728060187,1.339935187835323,8.94860710373083,10.406226972700951,12.10102507801798,-1.29148602637364,1.2217652145084834,14.340757718089222,27.459750221669957,29.97300146255208,32.89519917123329,13.282941262851779,8.53297766268194,60.17819915433977,12.633506008380033,-3.3295178624071005,-0.9952814067351097,13.461373586280363,27.12874672825333,29.68147605103713,32.639880363439374,2,-3.445373453670827,0.0852133110165596,6.720808252096077,4.393833142208774,0.914786696434021,17.719294906656785,8.195731351642168,-1.8909464607115805,-0.5064041280856122,6.720808252096077,13.948020632277764,15.332562964903733,16.942392641363647,1.6559566304723532,4.238516467388267,17.719294906656785,31.200073345925297,33.78263318284121,36.785417112759404,16.78207757466926,8.515922580204778,63.09134228840629,9.42959720200294,0.7514939231931723,2.994412481915821,16.781506366367253,30.842970395898533,33.46814295263771,36.50999773766161,2,-6.9445097654883075,0.007495199330151081,4.278330501494352,6.4108284105495255,0.9925048351287842,16.141941830168697,8.636109918524555,-8.28666229424888,-6.26654386136158,4.278330501494352,14.82320486435028,16.843323297237582,19.192147545216862,-0.7845225766685751,1.9368051079319937,16.141941830168697,30.347078552405396,33.068406237005966,36.23253777911131,16.05302225471897,8.682075126305358,74.33143028681549,1.0470070920458616,-0.9908080987124881,1.745910603926887,16.065593597687272,30.315595023629655,33.04062327747736,36.20815989762418,2,-6.21545444553802,0.0484330914914608,5.030037236964105,6.1418235990962975,0.9515669345855713,13.148358849446943,8.830525064421291,-7.007715816662811,-5.072363586105588,5.030037236964105,15.132438060033795,17.06779029059102,19.31805550945564,-4.159152241397031,-1.3765623306523054,13.148358849446943,27.673280029546184,30.455869940290913,33.69123205972777,12.755163778902634,8.891902150417744,76.02844390163223,3.0374841935534374,-4.448150833952586,-1.7583047550903894,12.703997725389643,27.46023452184238,30.26775926620096,33.52625826618688,2,-2.917595969721683,0.5684487819671631,2.2652484055871867,5.367956830451861,0.43155115842819214,16.238981493426223,9.975887640871974,-8.255753652664243,-6.564254856300488,2.2652484055871867,11.094751667474858,12.786250463838615,14.752983366051883,-3.313398996501096,-0.16989347472241434,16.238981493426223,32.64785646157486,35.79136198335354,39.44636649843904,8.295628972191155,10.355120593550845,59.3270816366639,47.90143676847667,-7.3203989268579015,-5.403666201871745,6.094928715789911,28.16956283055857,31.924946235657117,36.11343098628524,2,1.5419388369897966
43,97,reset,0.3,103.5793072574,102.822963329,102.7893958347,102.7473828186,102.78658066076667,0.999937891960144,95.8344489763286,7.402554294214636,6.207617843756452e-05,30.278518996009275,16.795910619334567,81.3257091660656,83.65833069678446,95.8344489763286,108.01056725587274,110.34318878659161,113.05536542114672,-2.64086090544032,2.6517044958440543,30.278518996009275,57.905333496174485,63.19789889745886,69.35164995787822,95.83037646130002,7.42152086328379,54.811918546398516,0.2667607796635892,81.31793929509234,83.65403512976226,95.8338733857809,108.0103540930153,110.34313816587158,113.05528390788962,2,6.956204199466654,0.9998524188995361,95.12350181255898,6.785695898894795,0.0001475952158216387,39.089135635519845,24.145122230077423,81.82378224068404,83.96202530187215,95.12350181255898,106.28497832324582,108.42322138443393,110.90939104084055,-8.234434337749349,-0.6260562378096353,39.089135635519845,78.80432750884931,86.41270560878903,95.2590894039167,95.1152327508919,6.825551275181312,46.12491944318612,0.4633584672774916,81.80741593795976,83.95303839844061,95.12227180486126,106.2847090249337,108.42314248338252,110.90931978231657,2,7.671347909874768,0.9999547004699707,99.29761264908122,6.819858440452288,4.530583828454837e-05,41.250763186598654,23.249719864723346,85.93093572613323,88.07994375800766,99.29761264908122,110.51528154015477,112.6642895720292,115.16297583328688,-4.317850398904575,3.0083771415027485,41.250763186598654,79.49314923169453,86.81937677210186,95.33769956594291,99.29498341430123,6.8326743179958775,46.53285229245871,0.1526482395442112,85.92567684070936,88.07713739424197,99.29723019368392,110.5151589706811,112.66443736555462,115.16303617808074,2,3.491597246465446,0.9983420372009277,99.21301044099604,7.688629249900832,0.0016579055227339268,38.986326352523946,30.073736935952464,84.1435740207092,86.56634073301147,99.21301044099604,111.8596801489806,114.28244686128289,117.09943675079107,-19.957114922474858,-10.480568922561936,38.986326352523946,88.45322162760982,97.92976762752274,108.94830033794047,99.11315460627186,8.156022579824404,60.51646815594984,6.003673517274925,83.93998699679598,86.45411466555777,99.19773246957149,111.85479269368439,114.27867744191097,117.09730411022566,2,3.6734260544948114,0.9999525547027588,95.37440609420652,6.562538525075099,4.744899706565775e-05,43.59383840022112,27.065706978457104,82.51206693790272,84.57999079922797,95.37440609420652,106.16882138918507,108.23674525051032,110.6411536403261,-9.453972493669227,-0.9252878892998382,43.59383840022112,88.11296468974206,96.64164929411146,106.55808828896716,95.37194951107051,6.574709826561444,43.09962745180864,0.12721550457004352,82.50685348808094,84.57725651923526,95.37403792495772,106.16894117634394,108.23694897042857,110.64160852729842,2,7.414631149696163
44,98,reset,1.1,102.7473828186,27.6484062767412,27.616901654280003,27.4063081099377,27.557205346986297,0.019644275307655334,61.56242220837245,9.301934555976526,0.9803557395935059,18.71478223713123,8.806765505998902,43.33096549210988,46.26210141630923,61.56242220837245,76.86274300043567,79.79387892463502,83.20195788713548,1.4538390250837132,4.228942052877814,18.71478223713123,33.200622421384644,35.97572544917874,39.202382449187986,19.556493351881578,10.634477302109747,77.7352674532018,35.35684573493063,1.5286916242929753,4.313785901514796,18.935976087332545,35.14969803677289,40.97995493973445,61.3520253354421,2,8.00071199510472,0.011311897076666355,62.375546127868844,8.887528718622345,0.988688051700592,21.84818476378964,9.027097411526896,44.95630992780363,47.7568622804075,62.375546127868844,76.99422997533019,79.79478232793406,83.05102966791286,4.155398952262171,6.999930845595372,21.84818476378964,36.6964386819839,39.540970575317104,42.84835363585481,22.306624985205044,9.991470112868258,81.46020012985446,18.36924939879066,4.199313600315227,7.049766912666212,21.977634164223797,37.740326677059464,41.6937798785841,52.85093962612954,2,5.250580361781253,0.013811333104968071,62.226968304564025,12.35900965292863,0.9861887097358704,17.36188058545372,9.341680600506642,38.00375450024103,41.8982064514161,62.226968304564025,82.55573015771193,86.45018210888702,90.97832413590477,-0.947476946615808,1.9961833678881558,17.36188058545372,32.72757780301927,35.671238117523245,39.093879390410905,17.981528000523486,10.751179785459463,88.17134035051465,27.41654028071504,-0.8919087533054595,2.0592487888724107,17.525808412376534,34.06869811809274,38.52836735529975,54.95002767957241,2,9.575677346462811,0.01236045453697443,74.8329609746733,24.25892588897497,0.9876394867897034,16.407808281376205,9.541681946720432,27.286339928656027,34.930578740245835,74.8329609746733,114.73534320910075,122.37958202069055,131.26766164300454,-2.2935446861318773,0.7131381240957122,16.407808281376205,32.10247843865669,35.109161248884284,38.605079792903155,17.12996876235687,11.784027831275555,97.19241927646868,41.670875434953146,-2.244432248392477,0.7693690639761946,16.55504335174912,33.26363855475481,37.48988958792014,53.921823982905224,2,10.427236584629426,0.017527742311358452,60.34579309470454,7.944192519717189,0.9824721813201904,17.86666701700085,10.439135642514449,44.77546186980634,47.27875921544696,60.34579309470454,73.41282697396211,75.91612431960273,78.82674847391978,-2.593662872055873,0.6958168931725659,17.86666701700085,35.037517140829124,38.326996906057566,42.1517280257883,18.611228828052862,11.800240402385834,108.1716284614559,31.074018640304143,-2.5146027445268744,0.7854423300167321,18.100103713432947,37.046726209674055,43.07579722264886,58.98059970152688,2,8.945976518933435
45,99,reset,0.9,27.4063081099377,21.273839198282598,20.2055469884036,21.133812112802097,20.87106609982943,0.9101341366767883,25.410875051365373,6.433184001195466,0.08986587077379227,11.46847431643937,7.678779896710237,12.802066103102977,14.829229014152823,25.410875051365373,35.99252108857792,38.019683999627766,40.376698975859995,-3.581657726322895,-1.1619946472265195,11.46847431643937,24.098943280105253,26.51860635920163,29.331987604378778,24.157929257969858,7.672333309384446,42.965501392095135,15.899201366394943,6.554168974475245,10.53131052012463,24.68111526563881,35.70059816609985,37.76168324909131,40.15012823298399,2,-3.2868631581404273,0.6311166286468506,24.47684401641181,6.193750176741689,0.3688834011554718,7.498560545393687,8.525942954256395,12.337316740759503,14.289031573766916,24.47684401641181,34.6646564590567,36.616371292064116,38.88566157241492,-9.21198057919188,-6.525367646096301,7.498560545393687,21.522488736883666,24.20910166997925,27.33286981122154,18.21383779330771,10.869031375945518,51.02600043526773,67.10985250275863,-5.227302785149123,-1.8854556128522766,20.24422896445609,33.24311411825077,35.37106582777735,37.80024542695351,2,2.65722830652172,0.32763954997062683,24.72348379651359,8.655326474588664,0.6723604202270508,12.56118472959266,8.874462107861413,7.759355631883771,10.486738652337323,24.72348379651359,38.96022894068985,41.6876119611434,44.85878413980234,-4.832441383981127,-2.0360064557665982,12.56118472959266,27.158375914951915,29.954810843166445,33.20627078747206,16.54603454813433,10.492063513205718,77.49748035630736,32.58590824981588,-3.306207627186817,-0.31287730870256036,16.298251592851877,34.177382850881216,37.42701940633786,41.10659454263982,2,4.325031551695101,0.4081712067127228,26.636904410376083,9.223636716163217,0.5918288230895996,10.834037327461274,8.51202735433574,8.55890864021488,11.465372104112243,26.636904410376083,41.80843671663992,44.714900180537285,48.09429207594742,-5.849229722456538,-3.1670017390280165,10.834037327461274,24.83507639395056,27.517304377379084,30.635974066997704,17.28431297709485,11.74448251531815,77.6060853700579,60.326793085924415,-3.8819298099394772,-0.9278584074171705,16.57329162323251,37.4193883481987,40.90443981750605,44.802258885295046,2,3.5867531227345815,0.9754671454429626,23.69520754713325,7.463153508542504,0.024532800540328026,13.307669406243583,12.512658483764142,9.067695459296196,11.419412430111503,23.69520754713325,35.971002664154994,38.3227196349703,41.05709884537155,-11.216690572783701,-7.273822283580984,13.307669406243583,33.889161096068136,37.83202938527086,42.416465868547384,23.440370865880617,7.794577084236718,58.173230877030115,2.5821713655437093,7.916167531298578,10.695074625609218,23.557045843477358,35.94425046443901,38.315753520346775,41.080000210134926,2,-2.569304766051186
46,105,reset,0.2,110.77108081659999,110.7678047615,111.15001361579999,110.7020056989,110.87327469206666,0.9999922513961792,104.21607456280928,6.993483129809298,7.748338248347864e-06,34.35288473280947,21.425484247134673,90.5090995018946,92.71281847171852,104.21607456280928,115.71933065390004,117.92304962372395,120.48534917398163,-7.640292742904769,-0.8889007402816418,34.35288473280947,69.59467020590057,76.3460622085237,84.19601446142674,104.21553321150645,6.996413751619252,48.91198419729259,0.03781830220524291,90.50799306271284,92.7121288071272,104.21600680786108,115.71950925736151,117.92319186325818,120.48560729954738,2,6.657741480560205,0.9999897480010986,104.9027941788977,6.186942079397293,1.0277333785779774e-05,46.96456947400473,33.57166398373464,92.77661052884365,94.72618005986237,104.9027941788977,115.07940829793301,117.02897782895174,119.29577373211741,-18.83468283519565,-8.255903792437316,46.96456947400473,102.18504274044676,112.7638217832051,125.06393861057927,104.90220138612361,6.1906108902212065,38.289443002322756,0.03449898882340313,92.77512431252906,94.72509768808624,104.90272195406304,115.0797777254822,117.02959088407752,119.2960023408651,2,5.971073305943051,0.9999966621398926,109.98678402833636,5.762586412772453,3.3269634513999335e-06,48.11976117356278,30.368850692827674,98.69232220150248,100.50817286666631,109.98678402833636,119.4653951900064,121.28124585517023,123.39256467866619,-11.402092436253746,-1.8325530348825723,48.11976117356278,98.07207538200811,107.64161478337928,118.76827241988616,109.98657700052432,5.763959185698439,33.21035967191559,0.012734005120686134,98.69151743919453,100.50798672149348,109.98676044622025,119.46573705424886,121.2814150801085,123.39288025477761,2,0.8866976915423379,0.999808132648468,107.60942556699311,5.956457369430192,0.00019194510241504759,45.40207606798823,43.561551516540746,95.93498364746173,97.81192505910403,107.60942556699311,117.4069260748822,119.28386748652447,121.46621750518193,-39.97699601511782,-26.25029993962724,45.40207606798823,117.05445207560368,130.78114815109427,146.74139882841337,107.59749353765042,6.04802045693774,35.836813768124344,0.7426378185403187,95.91727633139014,97.80172000672988,107.608211035617,117.40790092589287,119.28540783798333,121.46887445634718,2,3.2757811544162365,0.9999948740005493,104.7421484366076,5.953340587939919,5.076828074379591e-06,50.08951447719905,33.97951864580149,93.07381529654484,94.9497745780572,104.7421484366076,114.53452229515798,116.41048157667035,118.59168965680267,-16.50911828057911,-5.8018200094127295,50.08951447719905,105.98084896381081,116.68814723497721,129.13769543979046,104.74186582426557,5.9551362393756735,35.44794422370851,0.015163953609127777,93.0728103549559,94.94894544015001,104.74211598424455,114.53472261064539,116.4105909186759,118.59257168783839,2,6.131408867801085
47,108,reset,1.2,110.9974497225,14.641408480069499,14.5728918563183,14.8024531217411,14.672251152709634,0.005106771364808083,60.00593376539595,9.763372639505652,0.9948931932449341,17.755099456636785,9.381490706966998,40.8700750243211,43.9466148680263,60.00593376539595,76.06525266276559,79.1417925064708,82.71893494877844,-0.6322844503157441,2.3239204410705803,17.755099456636785,33.186278472202986,36.14248336358931,39.57971041812337,17.97086417906646,9.85491875145066,88.04970077090604,9.069711397434713,-0.6117531903481991,2.3472002735293276,17.81545280196713,33.64650862674892,37.01408790518213,41.86836505735332,2,-3.2986130263568256,0.004567026626318693,62.540268906266725,8.959577485724628,0.99543297290802,22.404366396129213,9.379792054311439,44.97981971755052,47.803075382919815,62.540268906266725,77.27746242961364,80.10071809498292,83.3833629424864,4.02031178720382,6.975981415544435,22.404366396129213,37.832751376713986,40.7884210050546,44.2250257006218,22.587668121131497,9.760567841114625,87.94530328628518,7.323381057134193,4.038678028411423,6.996784420540613,22.458301894200847,38.24227510850718,41.55890039394132,46.187188032232086,2,-7.915416968421862,0.005032578483223915,62.036448124025966,12.959016388914433,0.9949674010276794,15.834762851652648,9.3637785947594,36.637242726689365,40.72076301499648,62.036448124025966,83.35213323305544,87.43565352136255,92.18362835003747,-2.5179059532828596,0.43271766809208145,15.834762851652648,31.23680803521321,34.18743165658815,37.618169278560316,16.06727613440309,9.938445772790823,88.08424116697245,10.688457922320158,-2.497755237913978,0.4555662615976195,15.894101535135787,31.686170642590856,35.034383798634956,39.82009454440706,2,-1.3950249816934566,0.006715990602970123,76.65239801651884,27.763089197082117,0.9932839870452881,14.46452266997126,9.73821315932346,22.237743090664836,30.98618005532107,76.65239801651884,122.3186159777166,131.06705294237284,141.23900154695707,-4.622024396076739,-1.5534125651684931,14.46452266997126,30.482457905111005,33.55106973601926,37.11899415011993,14.882175533110075,11.187986629010062,99.37250975171271,25.798530108750537,-4.596155069003017,-1.5232630395814182,14.54496070914612,31.08725397334506,34.70179241747805,40.33162839208443,2,-0.20992438040044092,0.004191008862107992,59.431517410365224,7.757943584085967,0.9958089590072632,14.379901580475064,10.089027078703337,44.22622739146314,46.670835768396515,59.431517410365224,72.19219905233393,74.63680742926731,77.47919297413239,-5.394228132832833,-2.2150712023417434,14.379901580475064,30.974874363291864,34.15403129378296,37.850488276157044,14.568712839635138,10.492127362446556,101.61410650989009,8.470623260267448,-5.3761043203191585,-2.1945581123905042,14.433119463531845,31.37910202671034,34.916255437700535,39.810499932545014,2,0.10353831307449646
48,111,reset,0.2,124.18997091470001,124.1822752403,124.2399929034,124.2104716631,124.21091326893333,0.9999932050704956,113.4192950789726,6.806410155454339,6.736207524227211e-06,41.16053431802996,25.328600980685657,100.07897631027441,102.22374664825419,113.4192950789726,124.614843509691,126.75961384767078,129.2533728739638,-8.482611382899833,-0.5013068706574728,41.16053431802996,82.82237550671738,90.80368001895974,100.08367136187678,113.41880166875907,6.809343070525607,46.33122594737219,0.03517171549211651,100.07803332756562,102.22303257248053,113.41923812376808,124.61502798942844,126.75995063549487,129.2537507062466,2,10.792111600174252,0.9999955892562866,115.58534897226303,5.8166809810044375,4.3981422095384914e-06,57.42946205849289,41.79067746383487,104.18486373993522,106.01776016383823,115.58534897226303,125.15293778068784,126.98583420459084,129.11697240639648,-24.478760660153156,-11.310085340655078,57.42946205849289,126.16900945764083,139.33768477713892,154.64911573121162,115.58509173785284,5.818621216681706,33.84130958527937,0.014874922937342445,104.18388685823346,106.01732288663523,115.58532070121478,125.15366364869884,126.98696753808512,129.1183321729024,2,8.62582153108049,0.9999978542327881,122.26027302740098,5.124302336299333,2.0995310023863567e-06,55.66515064478817,35.00200099934358,112.21682500235983,113.83154574394312,122.26027302740098,130.68900031085886,132.30372105244214,134.18118287339345,-12.937510700760242,-1.9080176495411934,55.66515064478817,113.2383189391175,124.26781199033657,137.09198125678648,122.26012755602534,5.125523645300641,26.26099030879687,0.009311212203200738,112.21662307792985,113.83099891634451,122.26026101955699,130.68922359023537,132.3040764297757,134.18219378544987,2,1.9507857129079866,0.9998993873596191,118.57937431747152,5.290846496524395,0.00010062952060252428,53.45576256453799,58.42766324662646,108.20950573655378,109.87670626801987,118.57937431747152,127.28204236692316,128.94924289838926,130.8877238165375,-61.060353099684505,-42.6491912409748,53.45576256453799,149.56071637005076,167.97187822876046,189.37883274350162,118.57282296128705,5.362859916761086,28.333768429979983,0.4267353845440867,108.20014450207475,109.8707618165887,118.57887688110905,127.28309001043715,128.95144780505663,130.89179277003794,2,5.63809030764628,0.9999955892562866,115.04963478946755,5.4892439343057715,4.364173946669325e-06,58.85079533839042,37.825084838567996,104.29091437587329,106.02063199490333,115.04963478946755,124.07863758403177,125.80835520306181,127.81952574613136,-15.28500865737491,-3.365932648075315,58.85079533839042,121.06752332485613,132.98659933415573,146.84510103800753,115.04938417012194,5.49111189272121,30.137910051997615,0.013783352153770231,104.2904140996916,106.01970505518605,115.04960751307519,124.0790425612254,125.80932516483766,127.82020472505667,2,9.161529098811386
49,112,reset,0.9,124.2104716631,26.2999195485461,25.857305425716,24.231844472268,25.463023148843366,0.24050651490688324,81.16976481332468,9.486667584037402,0.7594934105873108,28.14146155535444,11.359162065181119,62.57623801530775,65.56558523003778,81.16976481332468,96.77394439661155,99.76329161134159,103.23905377918224,5.87791301304582,9.457302633311695,28.14146155535444,46.82562047739718,50.40501009766305,54.5668240765739,40.89511186665191,25.16528768172828,119.64269382458436,513.6488856752933,7.245595876816248,11.01682042210247,32.77509428489062,88.88955444320469,93.11710783699174,97.6069281590206,2,-15.432088717808544,0.1928471475839615,82.2671517473856,8.676575479681699,0.8071528673171997,33.19246288239929,12.932381461328363,65.26137629806612,67.99545510011293,82.2671517473856,96.53884839465825,99.27292719670507,102.451884668498,7.845460983862218,11.920588330613342,33.19246288239929,54.464337434185225,58.539464780936356,63.27768100124571,42.656377143188536,22.89944371867536,149.51158865705796,374.87296108137633,9.05177821091038,13.294152249162284,37.12477301823218,87.8699993901717,92.0557689188901,96.3852991396242,2,-17.19335399434517,0.1896977722644806,85.26339700706096,11.076340106878973,0.810302197933197,27.749664184686623,11.787025628238759,63.554169317061636,67.04443880891301,85.26339700706096,103.4823552052089,106.97262469706028,111.03081726685215,4.647518468488045,8.361732329108136,27.749664184686623,47.137596040265095,50.85180990088519,55.17038619620476,38.65989034870113,25.383193298703958,135.8516338472999,508.4548236499023,5.726702730566259,9.590372750766589,31.259273786175815,92.26759736437056,97.64653004276515,103.19688923542371,2,-13.196867199857767,0.14946125447750092,95.87440204204381,20.59357332367484,0.8505386710166931,28.077809621466535,15.185235898415419,55.511740014656304,62.00098826870615,95.87440204204381,129.74781581538144,136.2370640694313,143.78221756247893,-1.684705836172423,3.100319277844225,28.077809621466535,53.055299965088835,57.84032507910548,63.4039508705539,38.21077128198601,29.048515693068776,259.51270370704776,584.3034514802417,-0.6192112371572331,4.312068299670778,31.443686347732502,104.67672544502766,115.74768419257722,126.74905459684864,2,-12.747748133142647,0.15730826556682587,80.52569628171881,7.591547777804624,0.8426916599273682,29.733490882892788,13.510941611741547,65.64653605030666,68.03871138522148,80.52569628171881,93.01268117821613,95.40485651313095,98.18627731529406,3.2525319266557986,7.509969569290124,29.733490882892788,51.95701219649544,56.21444983912977,61.16464117765767,37.72352240317838,22.469678020128377,162.89553351195764,341.99079078974205,4.255689498453819,8.651093552691679,32.92392587003066,84.12528702969152,88.11015374787628,92.10720417793355,2,-12.260499254335013
50,113,reset,0.3,24.231844472268,25.866869945775303,25.8938022666399,24.2733057718037,25.344659328072964,0.9999959468841553,27.31973175845024,7.949808390822987,4.111784164706478e-06,-0.5015688288020073,13.126891014280194,11.738393628442857,14.243460593235795,27.31973175845024,40.396002923664675,42.90106988845761,45.813751607473336,-26.229802445773654,-22.093383124237484,-0.5015688288020073,21.09024546663346,25.226664788169632,30.03614617503454,27.319618966069804,7.95003425408949,63.199905819282485,0.00318260969374713,11.737908230354526,14.243195744975976,27.319691582208602,40.3960102043363,42.90111234259316,45.813818360553455,2,-1.9749596379968395,0.9998894929885864,25.118941463574565,7.0416570270147565,0.00011052841000491753,-12.384002226917403,16.764474418660928,11.317547299142248,13.536446362941017,25.118941463574565,36.70143656420811,38.92033562800688,41.500285318095095,-45.24176830723589,-39.95910877838702,-12.384002226917403,15.1911043245522,20.473763853401074,26.615997196346505,25.114796860347916,7.054498015318621,49.61051794791727,0.15543779744333058,11.305511269345248,13.529680867662785,25.117990402311406,36.701129022320615,38.92012926585194,41.50008656960534,2,0.2298624677250487,0.9999239444732666,27.48654093276567,9.312237063031565,7.609855674672872e-05,5.212286010803837,15.237835463496399,9.23489167372475,12.169274024606269,27.48654093276567,42.80380784092507,45.73819019180659,49.150043826913475,-24.653322699996313,-19.85172291821799,5.212286010803837,30.276294939825657,35.07789472160398,40.66079214629281,27.484847076859722,9.314856603590037,86.72883320115407,0.03775284988650349,9.227847295821523,12.164908421566974,27.485779922526937,42.803538190952864,45.737982055478504,49.149925907899394,2,-2.140187748786758,0.9995027780532837,27.34542666150203,8.249296566029525,0.0004971928428858519,-0.9143542364891317,13.158313728231676,11.177102494294214,13.776541285070037,27.34542666150203,40.91431203793402,43.513750828709846,46.536160190217224,-26.704175241102185,-22.55785429693636,-0.9143542364891317,20.72914582395809,24.875466768123918,29.696460931145037,27.331375304841366,8.276474618103219,68.10314201187576,0.3968683515510221,11.120847782182844,13.743851901431029,27.340447353259925,40.912368608107116,43.51209951895794,46.534744113924084,2,-1.9867159767684015,0.9999973773956299,24.83005587499104,8.686419438183432,2.6002396680269158e-06,-5.796596209194789,23.73515824466535,7.804986621542859,10.542167356873247,24.83005587499104,39.11794439310883,41.85512512843921,45.037689268036104,-52.316651536097815,-44.83745733419974,-5.796596209194789,33.24426491581015,40.723459117708224,49.41963871330538,24.82997568303859,8.68663354937647,75.45514963550335,0.0024389971914657383,7.804587007456757,10.541835707309613,24.830033219764026,39.1180635494286,41.85534262065588,45.03796356025071,2,0.5146836450343741
51,115,reset,0.2,134.20350888489997,134.0609446416,134.0663904809,133.899872621,134.0090692478333,0.9999942779541016,119.87495739998563,6.66994340864569,5.695222171198111e-06,46.23951519885985,29.095294124938892,106.80210854011975,108.9038767927137,119.87495739998563,130.84603800725756,132.94780625985152,135.39156606866126,-10.786213405620224,-1.6179848697657704,46.23951519885985,94.09701526748545,103.2652438033399,113.9252908310044,119.87453481428946,6.672628980513852,44.49271172272252,0.030880334483572056,106.80114723082325,108.90321429912302,119.87491107921146,130.84632474898214,132.94813336589732,135.3920041831372,2,14.134534433543848,0.9999978542327881,123.24190140218782,5.529481232690423,2.1553528313233983e-06,65.12033887064104,49.88482277818069,112.40431733292445,114.14671414143687,123.24190140218782,132.33708866293875,134.0794854714512,136.10539831240592,-32.652117149756464,-16.932892805880925,65.12033887064104,147.17357054716297,162.8927948910385,181.16979028756577,123.24177731106342,5.530605401413876,30.58046068140963,0.007281016260391576,112.40359443725363,114.14644716973481,123.24188668734901,132.33840079911343,134.08091933986952,136.1071115067093,2,10.767291936769894,0.9999985694885254,131.2369597688528,4.6744665426730405,1.4351512618304696e-06,61.28876380343927,39.15271237292499,122.07517369827619,123.54814652207375,131.2369597688528,138.92577301563188,140.39874583942944,142.1113950726753,-15.449142344549486,-3.111717148154213,61.28876380343927,125.68924475503272,138.026669951428,152.37159299512584,131.23685999152266,4.675440953457682,21.852806194418207,0.00702182642981311,122.0744506460376,123.54706078741658,131.2369494150673,138.92579446970845,140.39987805868998,142.11220983719392,2,2.7722092563106457,0.9999428987503052,126.491510921632,4.808634477690183,5.7135428505716845e-05,59.360838894234,73.46894052407552,117.06676053054167,118.5820110603194,126.491510921632,134.40101078294458,135.91626131272233,137.67806751584604,-84.63563851526933,-61.48481439507366,59.360838894234,180.20649218354163,203.35731630373732,230.27515249045007,126.48767970524928,4.866925627504115,23.430044247884283,0.25746764711952547,117.05899144407873,118.577719195819,126.49130174725916,134.40238958491852,135.91948899223928,137.68390034182528,2,7.521389542584032,0.9999963045120239,122.37481306132824,5.155997482038369,3.675187599583296e-06,65.12890563655458,41.33056175341314,112.26924369215382,113.89395190244477,122.37481306132824,130.8556742202117,132.48038243050266,134.36945684222812,-15.877506860943825,-2.8538187674888604,65.12890563655458,133.111630040598,146.13531813405297,161.27817010452094,122.37460018762437,5.157793879598879,26.590489804603987,0.012043890668458694,112.26777089896405,113.89276297269286,122.37479318960536,130.85671539738874,132.4816042893704,134.3706524777479,2,11.634469060208943
52,116,reset,0.4,133.899872621,130.1671815212,129.8902038107,129.9947898088,130.01739171356667,0.9996956586837769,111.29442963514688,7.40821129982301,0.00030432388302870095,43.62306412713337,21.399038133658788,96.77460229763112,99.10900640941011,111.29442963514688,123.47985286088364,125.81425697266265,128.52850624293546,1.6817200813629185,8.424778639711832,43.62306412713337,78.82134961455489,85.56440817290381,93.40467099588938,111.2738336822082,7.509837832317191,55.00424756345368,1.39320084877301,96.73687487642894,99.0882061946852,111.29160758092618,123.47895007857981,125.81352789723647,128.52769059050223,2,18.74355803135846,0.9998366832733154,113.57284950275303,6.248056486511524,0.0001633014326216653,58.536163597210916,32.67812548338253,101.32688381581858,103.29571112951687,113.57284950275303,123.84998787598919,125.81881518968748,128.10800242703618,-5.511785432499408,4.78543037389381,58.536163597210916,112.286896820528,122.58411262692123,134.55685134311767,113.5638601961076,6.300871354863174,39.206217315066276,0.4945652717566969,101.31084689924758,103.28713193721984,113.57168824745253,123.84980419344141,125.8193610993215,128.1089858399277,2,16.45353151745907,0.9998489618301392,120.6667628577699,6.017839487979221,0.0001509978756075725,53.52385028134303,26.511737168551125,108.87201419658766,110.76829774955547,120.6667628577699,130.56522796598432,132.46151151895214,134.66635095694937,1.5618002633909072,9.915923242867542,53.52385028134303,97.1317773198185,105.48590029929514,115.19937368053148,120.65661955843164,6.082455308046634,36.31505455776159,0.6806214120838088,108.85671750810792,110.75999251820225,120.66563660512273,130.56506943145808,132.461583099725,134.66635292738388,2,9.360772155135024,0.9981513619422913,120.32221486950374,7.398566944809187,0.001848655752837658,53.0428598223681,46.814252192703094,105.82129012046919,108.15265519609108,120.32221486950374,132.4917745429164,134.82313961853828,137.53385535250942,-38.71138843850524,-23.959732689820527,53.0428598223681,130.0454523345567,144.79710808324143,161.9490958856747,120.19784063186576,8.187875395761958,58.68906688921103,8.352492258059828,105.61765053002088,108.04045801049695,120.30763098679988,132.49155730524564,134.8277724348172,137.54831821601942,2,9.819551081700908,0.9997305274009705,112.7753364641523,5.731734861504282,0.00026947067817673087,58.577639313857546,29.12948566294902,101.54134256667123,103.34747158848279,112.7753364641523,122.20320133982182,124.00933036163337,126.10934567377856,1.484896526301597,10.663899169924925,58.577639313857546,106.49137945779015,115.67038210141348,126.34295635776215,112.76073155732077,5.819272843698493,33.072584725975275,0.7913272798205853,101.51694021942681,103.33378723032014,112.77352113977754,122.20313280949473,124.00952544704336,126.10969634146964,2,17.2566601562459
53,121,reset,0.9,125.3115715587,26.696067936153703,26.7530826908358,26.7390832344879,26.729411287159138,0.24246980249881744,81.68223463048415,9.501961526962413,0.757530152797699,28.466494256660724,11.50545793509713,63.05873225515259,66.05289874970667,81.68223463048415,97.31157051126162,100.3057370058157,103.78710262795101,5.9162110782297646,9.541700042378604,28.466494256660724,47.39128847094283,51.01677743509168,55.23219186384026,41.369703042378575,25.344260353352183,122.17041715147998,520.1610391991379,7.314888536096777,11.136578129645855,33.21332701373867,89.47044458854084,93.69327071749869,98.1819902014597,2,-14.640291755219437,0.20212772488594055,82.90709941103667,8.6510612987068,0.7978722453117371,33.706053446169925,13.137681740677284,65.95133083752303,68.67736985687927,82.90709941103667,97.13682896519406,99.8628679845503,103.03247747148023,7.956670394092956,12.096489985282755,33.706053446169925,55.315616907057084,59.45543649824688,64.26887143341969,43.65094792453836,23.30745541851288,152.83911064416475,390.3983106562994,9.249561167878722,13.569013051817702,37.950030341681114,88.81549981149496,92.91494793380191,97.18147371795135,2,-16.92153663737922,0.1938493698835373,85.99301249163904,11.042739287299282,0.8061506152153015,28.066809850876027,11.885477351306026,64.34964119786693,67.82932272344529,85.99301249163904,104.15670225983277,107.63638378541114,111.682265556235,4.771702303249697,8.516939321530725,28.066809850876027,47.616680380221325,51.36191739850236,55.71656481904736,39.29576731430598,25.72703509416604,137.51891901612862,524.3613927105855,5.886949964716777,9.786808564464863,31.704818640856335,93.1678679203763,98.48559059037085,103.98901968362662,2,-12.566356027146838,0.15705592930316925,96.62739541080725,20.55974997317957,0.8429440259933472,28.432348573505926,15.477219387078199,56.33102593222694,62.80961609820739,96.62739541080725,130.4451747234071,136.92376488938754,144.45652605172478,-1.9024440059924395,2.9745881295466994,28.432348573505926,53.89010901746514,58.76714115300429,64.43774499069897,39.14278375738641,29.73206763826599,268.3105160460807,615.6852615075642,-0.7553321177440576,4.279360868498819,32.07373148789345,106.33777782717017,117.14276033417309,127.97418878716977,2,-12.413372470227273,0.15726704895496368,81.10178296728857,7.556434422335125,0.8427329659461975,30.01498305039034,13.606745891249574,66.291443647973,68.67255440088968,81.10178296728857,93.53101153368746,95.91212228660414,98.68067812101691,3.3462511567528104,7.633877720161429,30.01498305039034,52.39608838061925,56.68371494402787,61.66900742711273,38.04925376113171,22.603143563974896,165.00646082272564,345.89565972402625,4.356245394858209,8.782786866826799,33.22702440090377,84.68306018197622,88.64991334664332,92.62866549101281,2,-11.319842473972571
54,122,reset,1.5,26.7390832344879,11.940670628660799,11.8070989237711,11.849616048740799,11.865795200390899,0.00886881910264492,9.380794462942426,5.0996391674924855,0.9911311268806458,12.714156526975941,8.039409452475319,-0.6143146394926724,0.9926344821486222,9.380794462942426,17.768954443736227,19.37590356537752,21.244329198613972,-3.0427964568465615,-0.5094952694760408,12.714156526975941,25.937808323427916,28.471109510798442,31.41661961528574,12.684592855049512,8.024164418203902,64.28953575608135,0.09767016305934632,-3.0213528852571194,-0.4930810862899006,12.670774732768791,25.903498468450028,28.440589266743196,31.389776518389876,2,-0.8187976546586135,0.013372142799198627,14.912303424309016,4.858716746080729,0.9866278767585754,19.388794663604166,7.982293184144262,5.389393590909142,6.920425562188271,14.912303424309016,22.904181286429758,24.435213257708888,26.21536879712055,3.7437875086418604,6.259090768274456,19.388794663604166,32.51849855893387,35.03380181856647,37.95838544250886,19.328934762714614,7.965238489392029,63.18065073347974,0.2643807663477085,3.769751584358413,6.271994340640891,19.30285236332382,32.466501556726975,34.98784253094283,37.91806359520784,2,-7.463139562323715,0.0021552222315222025,10.460309467138195,7.3576145129822095,0.9978448152542114,14.423517639927873,8.806539603402786,-3.960349990436148,-1.6418894502513872,10.460309467138195,22.562508384527774,24.880968924712533,27.576680347426393,-2.8369828111672426,-0.06195096762098551,14.423517639927873,28.908986247476726,31.684018091022985,34.910592323960415,14.414976586241865,8.805591255548954,77.50466599126533,0.03377915775349387,-2.8403670890149773,-0.06682004409624623,14.413767909460319,28.90091332930711,31.676533084903205,34.90380082852797,2,-2.549181385850966,0.009850217960774899,15.461817221214623,8.32713518295342,0.990149736404419,11.524255399276974,8.478750890423902,-0.8590678317704352,1.764898713418475,15.461817221214623,29.158735729010765,31.78270227419968,34.833630450929,-5.09379097984079,-2.42204875485481,11.524255399276974,25.470559553408755,28.142301778394735,31.248779507736504,11.563040715549924,8.48618513111463,71.86411466822082,0.15121730977811457,-5.067688021755075,-2.3943432187395253,11.562357640433788,25.522772858584727,28.197648243551676,31.307932591474476,2,0.30275448484097467,0.08950752764940262,9.889367966070992,5.449793248990875,0.9104925394058228,14.274548701680523,9.196349031224791,-0.7920305251406514,0.925255774332701,9.889367966070992,18.85348015780928,20.570766457282634,22.567482904823038,-3.749964188779888,-0.8520993570412383,14.274548701680523,29.40119676040228,32.29906159214093,35.66845571940786,13.882042972923404,9.01268382564971,79.66133139380858,1.5671512696066328,-3.480608824302972,-0.6503079080856768,13.691112741426661,28.980978085579743,31.927746525915964,35.34299696152815,2,-2.0162477725325054
55,125,reset,0.7,123.82913362689999,76.6459135081524,71.1434893035764,70.92535602755589,72.90491961309489,0.9023603200912476,91.31060315819897,8.709456108298255,0.09763962030410767,33.17166905417903,13.081072573099297,74.240382861002,76.98482268968993,91.31060315819897,105.63638362670801,108.38082345539593,111.57182785979063,7.5332379317497065,11.655219387901212,33.17166905417903,54.68811872045683,58.810100176608344,63.60279442478253,85.63393426486087,19.56953869493963,85.15575519920344,297.8106524425023,24.59581409219811,33.568062578840625,90.12584282963674,105.19803241644186,107.99493085066223,111.23398947012672,2,-12.72901465176598,0.873630702495575,91.74428489319475,7.9092841624244645,0.12636934220790863,40.2608135042415,16.352247361271065,76.24237279134974,78.73467015204102,91.74428489319475,104.75389963434846,107.24619699503974,110.14403128963579,8.210997609860073,13.363760123247136,40.2608135042415,67.15786688523585,72.31062939862292,78.30182938892439,85.23835658048216,19.520826872478064,88.4421759705331,292.6208306113481,26.371405149543257,35.93429092066989,90.30567856898297,104.22914399020969,106.78455029085517,109.74003728422741,2,-12.333436967387271,0.8816729187965393,96.07516269071499,9.200549470840308,0.11832713335752487,35.90196963965838,14.680953870276921,78.04241708988893,80.94160552365686,96.07516269071499,111.20871985777312,114.10790829154104,117.47884139221192,7.127828795221692,11.753949419026124,35.90196963965838,60.04998986029063,64.67611048409506,70.05497546466876,88.95504626272474,21.860482788378338,100.13680521603024,377.7443152200786,24.12793042324585,33.03395987622722,94.52031973602907,110.6397329390274,113.6071429604682,117.04056393690406,2,-16.050126649629846,0.7074474096298218,102.77018735655436,14.624368978798815,0.2925525903701782,36.367436881431644,20.631565419988554,74.10695086148387,78.71524099990052,102.77018735655436,126.82513371320819,131.43342385162484,136.7915570395718,-4.069688286427926,2.4315316706768826,36.367436881431644,70.3033420921864,76.8045620492912,84.36363523435654,83.34389069735262,34.473326081194074,275.8316832749639,912.5785278253702,8.116843131135626,16.75550524643034,94.85533233152027,124.2797747205209,129.20481142815288,134.84907173391537,2,-10.43897108425773,0.8693177700042725,90.89985019954077,7.1020991210295055,0.13068218529224396,40.055915129212835,17.03235039146969,76.97999170768935,79.21793670134652,90.89985019954077,102.58176369773501,104.81970869139217,107.42180339097507,6.67312178986554,12.040191812295575,40.055915129212835,68.07163844613008,73.43870846856012,79.67908725232704,84.25544959215338,19.376243924254826,81.75925221160793,293.6792590514423,25.18493581283269,34.96938274797205,89.55871413335416,102.09389948151679,104.39073529665306,107.04682131417776,2,-11.350529979058493
56,126,reset,1.4,70.92535602755589,13.5751041278362,13.3795785084901,13.3695755788124,13.441419405046233,0.002117839641869068,35.00623550093927,7.411779886505513,0.9978821873664856,12.116441185084454,8.163357823778682,20.47941386205009,22.814942472454703,35.00623550093927,47.197528529423835,49.53305713982844,52.24861388277003,-3.883446142435039,-1.311087539460594,12.116441185084454,25.543969909629496,28.116328512603943,31.107251303466654,12.164918426125942,8.229392082923665,66.6156214765664,1.1072765747581574,-3.876065357059523,-1.3027258728898221,12.138110947437218,25.688109701734394,28.35745466425129,31.571442018006696,2,1.276500978920291,0.0026588321197777987,38.49674215419116,6.953240773903838,0.9973412156105042,18.884628621276214,7.926033997006225,24.868640661504223,27.059678848168566,38.49674215419116,49.93380546021375,52.1248436468781,54.672399046256444,3.34988744690396,5.847462853959845,18.884628621276214,31.921794388592577,34.419369795648464,37.323340959787075,18.936774840042904,7.987707831545908,62.783532767263345,1.0199607510243656,3.3588898334801467,5.857690592180289,18.910982530834286,32.08261954237828,34.67450396254256,37.77335561634009,2,-5.495355434996672,0.0015955689596012235,34.30199393542567,10.67991948785605,0.9984044432640076,11.895075522303202,8.767057224290822,13.369736381440347,16.73508963027593,34.30199393542567,51.868898240575405,55.234251489410994,59.14720193092694,-5.288040887708508,-2.525450350762668,11.895075522303202,26.315601395369065,29.07819193231491,32.29030045762655,11.930827451204246,8.815920534362384,76.92064750215064,0.7998091060069286,-5.282129640485474,-2.5187105019176634,11.912002465823308,26.41434312004995,29.238651906184593,32.59322888352644,2,1.5105919538419865,0.0029964179266244173,46.30865353132084,18.106267057298467,0.9970036149024963,9.702188446610997,8.032868392229613,10.82102220455181,16.526494491571487,46.30865353132084,76.09081257107019,81.79628485808988,88.43012940688284,-6.041944294709216,-3.5107042631717285,9.702188446610997,22.91508115639372,25.446321187931204,28.389434753324224,9.811877033335488,8.325816981550366,65.31596332617795,4.003268244650215,-6.03256252893935,-3.4998346247168683,9.731133996820505,23.118313952001223,25.8119048446434,29.224270971923335,2,3.6295423717107447,0.006379772908985615,34.55547148366058,6.650229866870128,0.9936202168464661,11.371213470938486,8.968453097575553,21.52126045568253,23.61681676707824,34.55547148366058,45.49412620024292,47.58968251163863,50.02621959633681,-6.206631597346291,-3.380579134752834,11.371213470938486,26.1230060766298,28.949058539223255,32.234955267918366,11.519123655630038,9.143821323794324,80.20215391414435,3.4073131279802156,-6.1820835936624245,-3.352761160344274,11.443348617724938,26.609969284362215,29.744711641410582,33.644765758780686,2,1.922295749416195
57,128,reset,1.3,108.2729170456,22.1841443708621,21.9730768284237,21.802528395613,21.9865831982996,0.0017208355711773038,53.98497479858202,9.680625530053048,0.9982792139053345,15.215404018045064,9.352350620740435,35.011297411859076,38.06176278431524,53.98497479858202,69.9081868128488,72.95865218530497,76.50547741980643,-3.11486636939701,-0.16784382100169815,15.215404018045064,30.59865185709182,33.545674405487134,36.972225001889115,15.282120827328603,9.48995830401306,87.47721832494283,2.5821018418673303,-3.107983905118883,-0.16006758596139659,15.235607681836836,30.747845911112233,33.81714688591909,37.589196875354325,2,6.704462370970996,0.0020250584930181503,57.60291614081462,8.723089161389742,0.9979749321937561,21.069596293718355,9.083216336754509,40.505975550559015,43.25471129548162,57.60291614081462,71.95112098614761,74.69985673107021,77.89585606648235,3.266819409893671,6.12903495782283,21.069596293718355,36.01015762961387,38.87237317754304,42.20031730818024,21.14357820712696,9.22979823070748,82.49183249444147,2.697338721643619,3.274647422147817,6.1379488451933835,21.092696086499792,36.18134655232657,39.18472981317234,42.91542179902765,2,0.8430049911726378,0.002076004631817341,55.97149614387497,13.118805724347615,0.9979239702224731,13.322321381193966,9.152050543630887,30.259109403975746,34.39298096691006,55.97149614387497,77.55001132083989,81.68388288377419,86.49040195066586,-4.615368069012799,-1.7314621495404978,13.322321381193966,28.376104911928422,31.260010831400727,34.613174706484,13.410860930545256,9.365454917303207,83.94342759573833,3.768313689814781,-4.607295143615152,-1.7222841876655433,13.346156312136907,28.55086931565333,31.578096092297265,35.34352073280849,2,8.575722267754342,0.003452135482802987,71.59929478382595,28.84364537622834,0.9965478777885437,11.383238232412857,9.176714386773844,15.066788663573135,24.155720072234686,71.59929478382595,119.0428694954172,128.13180090407877,138.69964788440268,-6.60279146207445,-3.71111371016986,11.383238232412857,26.47759017499557,29.369267926900157,32.73146823676419,11.591112368939363,9.963309651751825,86.79340092924149,12.474140070506602,-6.591321142216362,-3.6973793906626247,11.421608407345706,26.759193608948795,29.887489070688705,33.97900441850821,2,10.395470829360235,0.0017021592939272523,53.7790177158641,7.516061245224751,0.9982978701591492,10.7294504944852,9.554198299217395,39.04780836962631,41.416197116266765,53.7790177158641,66.14183831546143,68.51022706210188,71.26399081485346,-7.99643407313474,-4.9858072305961265,10.7294504944852,26.444708219566518,29.45533506210513,32.95583939603421,10.802728031445941,9.714559525090811,91.22348710574089,3.149183097934292,-7.9894963932181735,-4.977956491588095,10.749867293232821,26.596754193565214,29.734812663451763,33.60841057904517,2,11.183855166853657
58,133,reset,1.0,119.7128662959,29.7366551556075,31.6051929860492,31.345122651897697,30.8956569311848,0.06332562118768692,73.87279132350902,9.7189837908733,0.9366743564605713,24.25279719326592,10.359441252621876,54.823933127068784,57.8864855848085,73.87279132350902,89.85909706220954,92.92164951994926,96.48252860324452,3.948665438168536,7.21303267570012,24.25279719326592,41.29256171083172,44.5569289483633,48.352461327553804,27.39501360280068,15.89172641662748,106.5036926223484,146.04325910390088,4.2400473961471965,7.543749404957291,25.131635140300574,66.06321738732166,76.46658943624617,83.62164659509676,2,3.5006433283841183,0.045294903218746185,75.14467418917823,8.993392069850493,0.9547051191329956,28.357518844295058,11.197678123109025,57.51794963342313,60.35186062448803,75.14467418917823,89.93748775386842,92.77139874493332,96.06643271129069,6.410473012529295,9.938977370064016,28.357518844295058,46.77606031852609,50.30456467606082,54.40721354018337,30.476739151361926,14.76594765170722,123.37206267577001,94.66116813819293,6.63331488778251,10.191778802016586,29.023748680430266,56.584605733160004,73.98153158312387,82.06630472391906,2,0.41891777982287337,0.0487116239964962,77.01216711941036,11.989375012779925,0.9512883424758911,22.94798919279704,10.591828264749093,53.51342389721725,57.291400144757944,77.01216711941036,96.73293409406278,100.51091034160348,104.90362419146932,2.1883872634554358,5.5259820554773675,22.94798919279704,40.369996330116706,43.70759112213864,47.58826635870178,25.581542330246602,15.785101208923972,113.72407764898867,135.44532058600143,2.4155284652361715,5.783692899366831,23.62820614189043,52.74309182202044,76.61479739321464,86.87796521107109,2,5.314114600938197,0.045064181089401245,89.23103152206227,23.72186303396387,0.9549358487129211,22.76729948403856,12.529357743137817,42.73703432930101,50.212039072600724,89.23103152206227,128.2500239715238,135.7250287148235,144.41633715941214,-1.7897904419296218,2.1583399568658024,22.76729948403856,43.37625901121131,47.32438941000673,51.914944232884366,25.7624338189959,19.11455350875618,175.26924021195146,190.09693540704254,-1.5424432769176597,2.4390012618764714,23.504631528155645,52.87719192845982,85.96459146205339,107.39657258705664,2,5.133223112188901,0.039470624178647995,73.06636018988259,7.829585052179137,0.9605294466018677,23.714088958151784,11.984883934301946,57.72065547371832,60.1878388192807,73.06636018988259,85.94488156048448,88.41206490604685,91.28069873064146,0.22414808802725616,4.000709150222789,23.714088958151784,43.427468766080764,47.204029828276305,51.59509821934134,25.662055586797578,15.25547503067433,140.387637632111,92.34192739129541,0.43124785037923924,4.23563884132564,24.331605353562257,51.136308073227916,70.4224085718402,78.26658059954116,2,5.233601344387221
59,135,reset,0.3,119.6573301242,119.57079822829999,119.5733002864,119.5741009671,119.57273316059998,0.9999457597732544,106.71434418562635,7.205645453391238,5.419739318313077e-05,38.077879629500494,20.329809452451467,92.59153861161472,94.86211212708938,106.71434418562635,118.56657624416331,120.83714975963795,123.4771821672151,-1.7678147098663501,4.638318816403363,38.077879629500494,71.5174404425976,77.92357396886732,85.37208862886635,106.71061969721457,7.224728778152448,51.940910020519155,0.25530814487192344,92.58486349056957,94.85836505378597,106.71385538481947,118.56650827192982,120.8371898073296,123.47728851404358,2,12.862113463385413,0.9999450445175171,107.72403573187559,6.3207027154053215,5.500544284586795e-05,51.24919320921843,31.06548304970081,95.33568605269663,97.32740494555912,107.72403573187559,118.12066651819205,120.11238541105455,122.42818905630293,-9.638034730534692,0.15102074191855763,51.24919320921843,102.3473656765183,112.13642114897155,123.51831365794169,107.7209346900849,6.3385342525619786,40.002171060246226,0.17542514070411414,95.32983727361362,97.32426606424751,107.72362894242208,118.121018170824,120.11261751596363,122.42839122201302,2,11.851798470515078,0.9999735355377197,113.5566654361657,6.00474185775733,2.640952152432874e-05,49.83001510752144,27.349249127722384,101.7875876585012,103.67974401252623,113.5566654361657,123.43358685980516,125.32574321383021,127.52578389112351,-3.773528187027935,4.844503485387868,49.83001510752144,94.81552672965499,103.4335584020708,113.45388267241174,113.55497620693313,6.015287302686799,36.07572438279582,0.10724850471074529,101.784627083384,103.67794057364672,113.55647053337898,123.43384182483445,125.32569346647838,127.52628581552885,2,6.017756953666847,0.9992198944091797,112.26698414326711,6.788675115819076,0.0007801150786690414,48.239099783233186,42.17955091313924,98.96142541351844,101.10060725681689,112.26698414326711,123.43336102971732,125.57254287301578,128.05980406650679,-34.43130089059329,-21.140087519428192,48.239099783233186,117.61828708589454,130.90950045705964,146.36340837801205,112.21703609039473,7.115728621765263,47.43807185621814,3.195641439672878,98.88189013625502,101.05692848215172,112.26119821749458,123.43330428290884,125.57403282798828,128.0641797376028,2,7.355697070205252,0.9999589920043945,107.48873019307379,5.956217305775813,4.096846532775089e-05,53.627644095056326,30.500545837337498,95.814758789659,97.69162455475731,107.48873019307379,117.28583583139026,119.16270159648857,121.34496365969062,-6.15232725493825,3.4587106505120957,53.627644095056326,103.79657753960053,113.40761544505088,124.58252406083163,107.4865193379761,5.9692951080812025,35.5131820514312,0.1188453287220997,95.81045155916196,97.68920208333518,107.48844846947142,117.28619496230606,119.16323744666596,121.34554204744445,2,12.086213822623876
60,136,reset,1.2,119.5741009671,15.776720281747,15.405621542112,15.69870788645,15.627016570103,0.004622638691216707,63.32785167134391,10.159812814275702,0.9953773021697998,18.936379871533575,10.041514705219633,43.414984465695,46.61644671463447,63.32785167134391,80.03925662805334,83.24071887699282,86.96311061248707,-0.744627300926247,2.4195579885665097,18.936379871533575,35.45320175450063,38.61738704399339,42.29643625817111,19.14158448675718,10.483813980201118,100.84305869619598,9.067275206725785,-0.7247286473246598,2.4421239528897436,18.994827122994423,35.897087885912065,39.45341210019493,44.43812682183714,2,-3.514567916654178,0.004880586639046669,66.55398013317821,9.108700172604555,0.9951194524765015,24.085702100440784,10.098570957637095,48.70125584889951,51.57150161745611,66.55398013317821,81.53645864890032,84.40670441745692,87.74398541499227,4.29286672814991,7.4750310337445995,24.085702100440784,40.69637316713696,43.87853747273165,47.57849117859042,24.29297315291612,10.518924225336567,101.88834616510361,8.759443777252496,4.314008010122363,7.498948828768577,24.14777686826442,41.169269957768904,44.77189112057721,49.88749988898758,2,-8.665956582813118,0.005064588040113449,66.66779222127711,13.203111224545356,0.9949354529380798,16.702288162310076,9.66399168128183,40.79016973729168,44.950606836539976,66.66779222127711,88.38497760601423,92.54541470526254,97.38282194922296,-2.238787479896999,0.8064363945247948,16.702288162310076,32.59813993009535,35.64336380451715,39.18409466480843,16.955343541014955,10.314192652198248,93.8026131689397,12.579968678282219,-2.217862079698156,0.8301831194676992,16.76393330456348,33.067072830859765,36.53096778076074,41.525407640482335,2,-1.328326970911954,0.00798656977713108,81.97562883028445,29.413208534291194,0.9920133948326111,15.430010135681691,10.573194335082126,24.32679943330755,33.59520609237556,81.97562883028445,130.35605156819332,139.62445822726136,150.40098397275267,-5.293069962622205,-1.9613469148409095,15.430010135681691,32.821367186204284,36.15309023398558,40.026938298920655,15.961480816676456,12.36501925009598,117.80907209056387,35.08461994834418,-5.259264112006931,-1.9222455962516682,15.534151494233496,33.6116753138402,37.677832365313385,44.65701219406762,2,-0.3344642465734555,0.003121932502835989,63.08090506831308,7.738198348513339,0.9968780279159546,14.453156060538106,10.382847458923777,47.914314999999604,50.352701448691015,63.08090506831308,75.80910868793514,78.24749513662655,81.08264634528342,-5.896851015925719,-2.6251082403565533,14.453156060538106,31.531420361432758,34.80316313700193,38.60727117309578,14.604968038631831,10.724419153165288,107.65390219544798,7.359255534456973,-5.882992451026177,-2.6093733166535773,14.493909568057859,31.838348000452445,35.375686902850916,40.01802125923124,2,1.0220485314711691
61,138,reset,0.1,104.667895049,104.6925065919,107.4494257043,107.18231937600001,106.44141722406668,0.9999990463256836,102.69340205263086,6.785378960924127,9.929741509040468e-07,31.47818181320482,23.917191230950575,89.39430366776375,91.53244685851459,102.69340205263086,113.85435724674713,115.99250043749797,118.47855397293814,-15.39865161081552,-7.862096929516191,31.47818181320482,70.81846055592581,78.35501523722515,87.11788878635494,102.69333537359172,6.785758120152073,46.041891747907584,0.0050359702598172665,89.39395118482955,91.53225889497328,102.69339319289509,113.85435804459219,115.99261949693886,118.47891570886853,2,3.7480818504749607,0.9999985694885254,103.56163946221812,5.965625643151904,1.402913085257751e-06,44.10285966252526,38.97010485227592,91.86922805639179,93.749058486045,103.56163946221812,113.37422043839125,115.25405086804446,117.43975999448809,-32.27714232168516,-19.997258646419965,44.10285966252526,108.20297797147047,120.48286164673566,134.760880236766,103.56155318858347,5.966240418757947,35.590768964916705,0.004959776909155168,91.86848498778127,93.74819852794938,103.56163047137869,113.37501035115584,115.25468665783004,117.4403306994255,2,2.879864035483209,0.9999996423721313,108.10332012172697,5.426451441787269,3.5260507047496503e-07,47.29984129477192,35.108152292089756,97.46767073196847,99.17760178622713,108.10332012172697,117.0290384572268,118.73896951148546,120.72713389691464,-21.51087276147136,-10.447930338436578,47.29984129477192,105.0476129279804,116.1105553510152,128.97361674097698,108.10329813913087,5.426616039004107,29.446799334019698,0.0013036027135116988,97.46705864189991,99.17696988746533,108.1033165780399,117.0294485771548,118.73967226717667,120.72781552788514,2,-1.661880915064188,0.9999645948410034,104.6262057835761,5.116987138201869,3.543699494912289e-05,43.456430280205964,48.34351161798255,94.59709528334575,96.20951093024071,104.6262057835761,113.04290063691147,114.65531628380644,116.53009793402634,-51.295111377233525,-36.0615701442033,43.456430280205964,122.9744307046152,138.20797193764542,155.92025575636836,104.62404144142548,5.137868513155286,26.265449967317128,0.13259137354261952,94.59331176395249,96.20707183598604,104.62602811401912,113.04344741684082,114.65713994347452,116.53235662127238,2,1.8173757826412071,0.9999994039535522,103.21375216154613,5.832414591071736,5.688219175681297e-07,47.13334770975495,39.122113697697245,91.78242962013961,93.62028386753708,103.21375216154613,112.80722045555515,114.64507470295264,116.78197744601064,-29.54458613681279,-17.216802899910256,47.13334770975495,111.48349831942014,123.81128155632268,138.144993738377,103.21371745183703,5.8326657084430735,34.017910290971415,0.0017889506123758875,91.7814329867029,93.61947717034813,103.21374983061689,112.80762098650321,114.64561820051274,116.78256190604591,2,3.2276997722296557
62,140,reset,0.2,107.2572968479,107.21804762789999,107.1522520992,107.26379707400001,107.21136560036666,0.9999921321868896,101.6935072613558,7.04339141948403,7.892318535596132e-06,32.579817739081015,20.58876800457062,87.88871375014865,90.10815933897861,101.6935072613558,113.27885518373299,115.49830077256296,118.07888591610998,-7.773426035928004,-1.2856919876994084,32.579817739081015,66.44532746586142,72.93306151409003,80.47645441563395,101.69296428614557,7.046258825710391,49.612317903921344,0.03769895683181593,87.88776404868962,90.10747111603645,101.69343731119471,113.27899504920273,115.49844495551068,118.07909633427394,2,5.518401314221094,0.9999874830245972,102.02292314736282,6.279823111877986,1.2536246686067898e-05,44.20414224857309,31.834752194762235,89.71469601879971,91.69353332517663,102.02292314736282,112.352312969549,114.33115027592592,116.63197629303271,-18.19082550991834,-8.15936536208293,44.20414224857309,96.56764985922909,106.59911000706451,118.2628503374752,102.02220028297504,6.284114677259646,39.44838957215068,0.041908290518029134,89.71292068618106,91.69244555435102,102.02283175666766,112.3527650795461,114.33163270829894,116.63245166529428,2,5.189165317391627,0.9999963045120239,106.7311971936326,5.934571791051391,3.7133359001018107e-06,46.15003349469859,29.314585529852543,95.0996502195045,96.96969525871782,106.7311971936326,116.49269912854737,118.36274416776068,120.53707566308775,-11.305498365531427,-2.068168836658529,46.15003349469859,94.3682358260557,103.60556535492859,114.34595722045945,106.73097414035287,5.935960587174319,35.22220322758564,0.013628179544873626,95.09904163431028,96.96922214406194,106.73117079784397,116.4931058815846,118.36279999078765,120.53718327078923,2,0.4803914600137915,0.9997782111167908,104.6654926052168,6.13119471336508,0.00022177619393914938,43.27457801599763,40.471980836889635,92.64857178481886,94.58057474339255,104.6654926052168,114.75041046704104,116.68241342561474,118.9287843919841,-36.04904680730131,-23.295906453470792,43.27457801599763,109.84506248546603,122.59820283929655,137.42648459411748,104.65187623370805,6.227541251418885,37.94647646917868,0.8356545958657464,92.62744953375059,94.56902175522113,104.66400690347102,114.75110058268261,116.68344635128906,118.93015245346031,2,2.5594893666586103,0.9999947547912598,101.94519107554396,6.077678051177485,5.191414857108612e-06,47.73441585077444,33.122302585560185,90.0331609856065,91.94830028962132,101.94519107554396,111.9420818614666,113.85722116548142,116.08398448900539,-17.184104301961455,-6.746923690068378,47.73441585077444,102.21575539161724,112.65293600351032,124.78841405402981,101.94490416089235,6.079431530904467,36.943672178730345,0.01525649312141841,90.03208463963635,91.94776575236861,101.94515647740889,111.94260117249534,113.85788974420247,116.08474376121187,2,5.2664614394743126
63,147,reset,0.2,116.6831326013,116.71964571379999,116.9318486106,116.7652204048,116.8055715764,0.9999926090240479,108.35282987630356,6.910388737261174,7.380513579846593e-06,37.34780829371354,22.999403604161817,94.80871683210043,96.98625189817491,108.35282987630356,119.7194078544322,121.89694292050669,124.42879802402686,-7.730194436344341,-0.4828441423127998,37.34780829371354,75.17846072973987,82.42581102377142,90.85242197246264,108.35230468914989,6.913346268803106,47.757023644507015,0.037210157295206645,94.8077826951047,96.98566128073604,108.35276600570043,119.71949406006883,121.89718769720511,124.42911943451183,2,8.453266887250109,0.999992847442627,109.67040710530983,6.026475710511876,7.1898607529874425e-06,51.593163965776306,36.86354628510487,97.85873175900112,99.75773667513943,109.67040710530983,119.58307753548024,121.48208245161854,123.6900860624179,-20.658059095454554,-9.041973843571931,51.593163965776306,112.22830177512452,123.84438702700714,137.35059649573614,109.66999362909561,6.029238964332834,36.32792017296784,0.024250982746088248,97.85738790000785,99.75711178678208,109.67035755087366,119.58377005834768,121.48274727889243,123.69032054257667,2,7.135577947304384,0.9999972581863403,115.42665880468559,5.477193210891248,2.7369951567379758e-06,51.441740444096546,32.28732073546541,104.69155737497144,106.41747768623713,115.42665880468559,124.43583992313404,126.16176023439974,128.16851558655338,-11.840245354708955,-1.6661761721792274,51.441740444096546,104.5496570603723,114.72372624290203,126.55328039552126,115.42648312209023,5.478474794229514,30.002416454293204,0.01120541848371843,104.69063656890202,106.41686175694343,115.42664000336225,124.4360797714039,126.16221597930029,128.16921738794449,2,1.3790884543097661,0.9998530149459839,112.49544382190246,5.661899265507813,0.00014696436119265854,48.966615385171565,49.46550979697002,101.39832517741335,103.18244827959805,112.49544382190246,121.80843936420686,123.59256246639156,125.66699114124995,-47.98400229380289,-32.39690781337818,48.966615385171565,130.3301385837213,145.917233064146,164.04059893969915,112.48610502036557,5.745023851872555,32.411989164301225,0.5930480654248539,101.38517268679152,103.17578059795312,112.49461206493395,121.80989926312854,123.59465743316461,125.67035074596615,2,4.319466556034428,0.999995231628418,109.35532490761032,5.746610041706345,4.808172889170237e-06,53.99658686635842,35.55923729335576,98.09217619266967,99.90299253783388,109.35532490761032,118.80765727738675,120.61847362255098,122.72393896107563,-15.698237546332429,-4.493153567245869,53.99658686635842,112.48632729996268,123.69141127904925,136.71974294627037,109.35506308571176,5.748365705503685,33.02944924219188,0.014735007135661421,98.09140241482014,99.90253486797566,109.35529349500446,118.80771120301465,120.61850803503951,122.72449055820898,2,7.450508490688236
64,149,reset,1.0,117.00132164690001,15.807245187602799,15.9297612224371,15.3446037401858,15.693870050075233,0.06333281844854355,72.67966147452589,9.647208804230786,0.9366672039031982,23.617453896558942,10.084170510054927,53.77147966689582,56.8114150829287,72.67966147452589,88.54790786612307,91.58784328215594,95.12242516667627,3.852842882890375,7.030469458298011,23.617453896558942,40.20443833481987,43.382064910227506,47.07674252409056,26.724702309670313,15.618511011202036,101.14445063440012,142.79345153647037,4.136559467886755,7.35243283055941,24.47304324912407,64.92767273453188,75.25538540290019,82.35718873190213,2,-11.03083225959508,0.041597168892621994,73.68537983242794,9.009182998486956,0.9584028720855713,27.39310222432382,10.846788003748966,56.02770562526293,58.866592501497124,73.68537983242794,88.50416716335874,91.34305403959294,94.64387354780295,6.133788389034734,9.551723635583606,27.39310222432382,45.234480813064025,48.652416059612904,52.62650443701692,29.318731036932107,14.197487647004644,116.13504096067042,85.43364975054176,6.33155698024864,9.776064397312814,27.98342649689732,52.95050594269721,71.39290357157442,80.03735633882941,2,-13.624860986856874,0.047009702771902084,75.34834190081015,12.010528936481759,0.9529902338981628,22.374247848210224,10.42502043910588,51.80813775002974,55.59277981803252,75.34834190081015,95.10390398358778,98.88854605159057,103.28901035830049,1.9415832494687528,5.226615167903681,22.374247848210224,39.52188052851676,42.806912446951685,46.6264719835565,24.86454284727407,15.364664687077756,110.35326186400803,125.7196199288794,2.157133801127626,5.4711069480232695,23.019172976112326,50.02193311976823,74.39002629995828,84.92093437697416,2,-9.170672797198836,0.04080028459429741,87.43873785722809,23.59528205449564,0.9591996669769287,22.11890643497334,12.063255276751006,41.19283482535237,48.627952590947935,87.43873785722809,126.24952312350823,133.6846408891038,142.32957210209804,-1.5246394437713988,2.2766172401679547,22.11890643497334,41.961195629778715,45.76245231371807,50.182234702055,24.783973075461347,18.146047378575382,162.29981831435884,166.97918740399592,-1.3097679025863742,2.5203625637174576,22.75837187193591,49.39964627967622,80.68034244480502,103.71963994905587,2,-9.090103025386114,0.041113074868917465,71.74521639720214,7.88385494779915,0.9588868618011475,23.28140793793998,11.824153225662268,56.2931446401779,58.7774289919554,71.74521639720214,84.71300380244888,87.19728815422638,90.08580559426106,0.10649346795882408,3.8324066190794426,23.28140793793998,42.73040925680051,46.456322407921135,50.78850165679255,25.27390264914845,15.139745366503638,136.61793711479382,92.59391219450218,0.31954617961548515,4.074053808644272,23.917108980774486,51.03734253047356,69.60396235718865,77.23347150880225,2,-9.580032599073217
65,150,reset,0.3,15.3446037401858,15.264591079159299,15.311096211713298,15.1585615859008,15.244749625591133,0.9999979734420776,18.200263786876256,7.927262637394645,2.067986770271091e-06,-2.6392844214980613,13.781282957360443,2.663114521592746,5.161077085960775,18.200263786876256,31.239450487791732,33.737413052159766,36.64183437034268,-29.65010267868018,-25.307477677956904,-2.6392844214980613,20.028908834960774,24.37153383568405,29.420773887912674,18.200221444982223,7.927335157815799,62.84175833013071,0.0008980974372012236,2.662928540271029,5.160901960976651,18.20024550618084,31.23950655792448,33.73742370188725,36.641819247151105,2,-2.9554718193910894,0.9999433755874634,16.734553796396312,6.775110845010585,5.666563447448425e-05,-16.297503736528583,17.76195643534226,3.4555805489088307,5.590488149982393,16.734553796396312,27.878619442810226,30.01352704388379,32.49581850707773,-51.11029864476886,-45.51332220095536,-16.297503736528583,12.918314727898174,18.515291171711688,25.022985855635916,16.73268270372895,6.780797802608642,45.91740505769327,0.061825323597289365,3.4500134572855394,5.587279324417027,16.734102550504023,27.878479942955032,30.013495908708858,32.49590911072913,2,-1.487933078137818,0.9999374151229858,19.530755901019205,9.26626757056252,6.254178151721135e-05,2.2753850259597073,15.176898406778522,1.3692051916051966,4.2891020792766295,19.530755901019205,34.77240972276177,37.69230661043321,41.08731776409091,-27.47078924834953,-22.688391364303975,2.2753850259597073,27.23916141622338,32.02155930026893,37.58213036910274,19.52967587769631,9.267760443340537,85.87274668344429,0.018620514725731594,1.3646846968942672,4.286201135574865,19.530215669739814,34.77230101802955,37.69223126777296,41.0872335010178,2,-4.284926252105176,0.9997557997703552,18.679171895950283,7.7469310011094095,0.00024418579414486885,-4.073289825533465,13.329123064338601,3.495466143059012,5.936604341032666,18.679171895950283,31.421739450867896,33.86287764884155,36.70122836072224,-30.19789097713929,-25.997746241993344,-4.073289825533465,17.851166590926404,22.051311326072355,26.934887278019378,18.67361579837289,7.7569356449071245,60.04366767033532,0.12637789517988385,3.4730026926976736,5.92324334102583,18.67700894326869,31.420904641639737,33.8621691881731,36.70070036982663,2,-3.428866172781756,0.9999988079071045,16.137043452681603,8.689012934854048,1.2073045354554779e-06,-10.404766408933185,24.526588771573667,-0.8931089608350113,1.84488901215866,16.137043452681603,30.429197893204538,33.16719586619821,36.350710221192685,-58.47599706484207,-50.7474149066034,-10.404766408933185,29.937882088737013,37.66646424697569,46.652611237291175,16.137011654105073,8.689098260663746,75.49958203864148,0.0008505059871935163,-0.8934140349311588,1.8446331601083454,16.137033842256667,30.429403656087462,33.167348010652695,36.35100748261544,2,-0.8922620285139402
66,151,reset,0.3,15.1585615859008,18.325483307134,18.1179474757079,18.0754262230692,18.1729523353037,0.9999979734420776,18.00700984775716,7.9265707685480375,2.0370111997181084e-06,-2.6809583929603917,13.797224262948946,2.471216620495026,4.968961169823396,18.00700984775716,31.04505852569092,33.54280307501929,36.44697090360316,-29.723021034962525,-25.375372763734827,-2.6809583929603917,20.013455977814036,24.361104249041734,29.416184938815597,18.006967894366422,7.926641976573317,62.83078459147619,0.0008718227824743949,2.4710220326202093,4.968785214076691,18.00699225244006,31.04508183654301,33.54288486351135,36.44705608102432,2,0.1659844409372795,0.9999442100524902,16.558487335992943,6.769055981098607,5.581228106166236e-05,-16.37489594294911,17.78645641481102,3.2913814037042304,5.424381054445339,16.558487335992943,27.692593617540542,29.82559326828165,32.305666326885124,-51.23570992857013,-45.63101328746531,-16.37489594294911,12.881221401567075,18.485918042671905,25.00258912436658,16.556649618558904,6.77463978139151,45.83521923660659,0.06053105313819091,3.285774750225503,5.42123488267498,16.5580440292267,27.69257336335676,29.825606101466057,32.30557469979944,2,1.6163027167447979,0.9999377727508545,19.364707377833383,9.264526434732169,6.22535590082407e-05,2.2167393633361456,15.176874130678641,1.2065692319390564,4.125917469676379,19.364707377833383,34.603497285990386,37.52284552372771,40.91721875326773,-27.52938733069164,-22.7469970962966,2.2167393633361456,27.18047582296888,31.962866057363925,37.52342823182583,19.363640365277515,9.265999307347592,85.8404483344934,0.01830469417073212,1.2020539156956747,4.12304930342522,19.364171046370107,34.60337766624798,37.52273055194883,40.917159764972766,2,-1.1906880299738134,0.9997597336769104,18.49686378053307,7.735623058917633,0.0002403266989858821,-4.136040846381334,13.335353929974717,3.335321187076941,5.772896135342954,18.49686378053307,31.22083142572318,33.658406373989195,36.49261403802741,-30.272854270226457,-26.070746124781824,-4.136040846381334,17.798664432019148,22.00077257746378,26.88663141819752,18.49142560604035,7.745403865022453,59.86822430242386,0.12307737438149365,3.3133231381530543,5.759808100040876,18.49474160747237,31.220016173242595,33.657719533265656,36.49205632231418,2,-0.31847327073665,0.9999988079071045,15.954303762155398,8.688443120842953,1.187098632726702e-06,-10.498197025341739,24.54524900034884,-1.0747318364215808,1.6630865822752927,15.954303762155398,30.245520942035498,32.98333936073237,36.166644945053164,-58.60600105759324,-50.87153886799254,-10.498197025341739,29.87514481730905,37.60960700690975,46.60259080442285,15.954272280747896,8.688526974640808,75.4896690645915,0.0008306532358111201,-1.07503235838471,1.6628377300413888,15.954294673991527,30.245717348956973,32.983444005622815,36.166747287632845,2,2.218680054555806
67,152,reset,1.1,18.0754262230692,18.406477607599697,18.6256123402877,18.8341793646704,18.6220897708526,0.6067023277282715,14.587214078769676,5.559570784156776,0.3932976722717285,13.259462466568841,7.62292935725353,3.690655572321287,5.44253391015596,14.587214078769676,23.731894247383387,25.483772585218063,27.52070975307236,-1.6812045303411445,0.7208594652955131,13.259462466568841,25.798065467842164,28.200129463478824,30.993047970779102,14.065012460336053,6.482844427184443,41.60661235660195,0.42065951047443306,0.9223279573421569,3.266598663657151,14.161377208163351,24.513997300729713,26.60822024465642,29.141856879115245,2,4.557077310516547,0.36227139830589294,16.09876274051375,5.289343064172044,0.6377285718917847,11.941718002207836,8.243736664820675,5.731840832859808,7.398567617219745,16.09876274051375,24.79895786380775,26.465684648167688,28.40361473292305,-4.215708958873034,-1.6180221505552908,11.941718002207836,25.501458154970955,28.0991449632887,31.119517266565943,13.447696056483142,7.580718640654782,53.474841132796705,3.9924485865063906,-2.5789442586855325,0.22622796344938634,13.873109416004898,25.18762085453692,27.435787258505368,30.179048518083473,2,5.174393714369458,0.07226772606372833,15.536458136315304,7.540630681312615,0.9277322888374329,14.295086282179824,8.555683199618906,0.7570935802248435,3.133224410656693,15.536458136315304,27.93969186197391,30.31582269240576,33.078588290714045,-2.4737446522076496,0.2222397402388836,14.295086282179824,28.367932824120757,31.063917216567294,34.19858170458021,14.384797616291095,8.492483502568762,72.01896234918146,0.1033167756051868,-2.295243411626006,0.3979483462946302,14.395542494156292,28.334637551304283,31.008363534013082,34.12089427518089,2,4.237292154561505,0.19902463257312775,16.569605789738425,7.628549948712082,0.8009753823280334,12.318774385559038,8.560952461965291,1.6179226359978642,4.021757738218884,16.569605789738425,29.117453841257962,31.521288943478982,34.31626674493914,-4.4603841132524416,-1.7627393216637124,12.318774385559038,26.400288092781786,29.097932884370515,32.2345279452167,13.164794727470197,8.55372090257577,70.28560490170244,2.8805389600066027,-3.7510329819425974,-1.0068739221681915,13.22424954912603,27.132551582067606,29.76098276218961,32.80761410826285,2,5.457295043382404,0.9183028340339661,14.026840773183984,6.504269141999696,0.08169720321893692,15.381851748206714,11.33678759312416,1.2787075091093385,3.3282700842972393,14.026840773183984,24.725411462070724,26.77497403725863,29.15803346386442,-6.837843634697169,-3.265504442322019,15.381851748206714,34.02920793873544,37.60154713111059,41.75516346392368,14.137541902714846,7.034697161523517,49.349225686605855,0.1377459134823359,0.5031756530648183,2.8257423315244803,14.09251106310978,25.565411268111532,28.0569444650548,31.367286288910996,2,4.484547868137755
68,154,reset,0.9,17.255659856432903,17.4016999720703,16.7775213426849,16.792526653937898,16.99058265623103,0.9597018361091614,17.322466988624747,6.097371362869812,0.04029816761612892,10.944110559010447,8.02639071957804,5.371838717034008,7.293183587538291,17.322466988624747,27.3517503897112,29.273095260215484,31.507073895874438,-4.787326177209046,-2.258127327417135,10.944110559010447,24.146348445438022,26.675547295229936,29.616287545721956,17.065430976639956,6.312627088218885,38.27586167292309,1.5734001669041102,4.436452856106798,6.6265122982449665,17.14272788924411,27.280260699545877,29.214158140464324,31.462238651904148,2,-0.07484832040892542,0.8111221790313721,17.2142711087997,5.70688220425114,0.18887780606746674,6.000714393360198,9.041500556453496,6.028987524454907,7.827285216552397,17.2142711087997,26.601257001047,28.39955469314449,30.490464392060844,-11.720301063487515,-8.871230590006094,6.000714393360198,20.872659376726485,23.721729850207907,27.03438999100487,15.09627886166175,7.818049252002338,41.857557540269156,19.26433317052572,-4.100340433299318,0.1486775905885082,15.98794575545196,26.153100112782656,28.024888552913737,30.19593353811317,2,1.8943037945692804,0.4168138802051544,17.978024184499283,8.045210091674655,0.583186149597168,11.990459016079953,8.945129834614912,2.2097021567587696,4.744831185621637,17.978024184499283,31.211217183376924,33.74634621223979,36.69398157747853,-5.54167329680001,-2.722970235938213,11.990459016079953,26.703888268098112,29.522591328959912,32.79994278985565,14.486159644253569,9.07507201352224,73.64228994835679,8.714648356240088,-3.639508683331239,-0.6730567762438833,14.620503367938332,29.186196709867204,31.90035813783108,35.03416384917245,2,2.5044230119774618,0.6178946495056152,18.204336776967402,7.839784385809683,0.38210538029670715,9.914544978991984,8.897521705403902,2.8386417342209516,5.30903899545082,18.204336776967402,31.099634558483977,33.57003181971385,36.44240251583433,-7.524277115263068,-4.7205758690210775,9.914544978991984,24.54966582700504,27.353367073247032,30.613275682590587,15.036763271952996,9.189770804136327,68.22688985982609,16.225004311162074,-3.815130326261099,-0.6412940224290926,15.35371975234272,29.62203124448635,32.23859359584084,35.2541548210167,2,1.9538193842780345,0.9916085600852966,16.062235302226185,7.1958905072557355,0.008391393348574638,11.737286267765768,13.05722265363846,1.95854907131128,4.226048702220915,16.062235302226185,27.89842190223145,30.165921533141088,32.80237988561123,-13.854399871486134,-9.73993377198439,11.737286267765768,33.21450630751592,37.32897240701766,42.112928428935504,16.025942205709374,7.275482069367918,52.776981958835854,0.15564542324105274,1.747108104743844,4.088617517309671,16.042515421250805,27.93247981690856,30.2220808451647,32.901208087165,2,0.9646404505216566
69,155,reset,1.4,16.792526653937898,17.6272768712853,17.1426876751447,17.4657753765054,17.411913307645133,0.048531852662563324,6.284172924948109,4.876764677670014,0.9514682292938232,13.897762052772443,7.856209864723589,-3.2741102043622057,-1.7373911429062439,6.284172924948109,14.305736992802458,15.842456054258422,17.62922406504321,-1.5001263370740858,0.9754467626899075,13.897762052772443,26.820077342854972,29.295650442618967,32.17403916959084,13.528261605997937,7.9092074670101615,59.87887590982527,2.676701845538816,-1.6835753071639687,0.6746012659774056,13.466045157310974,26.62970521068622,29.12781546652538,32.0269180921777,2,3.883651701647196,0.051042765378952026,11.14275918699198,4.657997906248235,0.9489572048187256,17.953721111174005,8.019954855765153,2.0132510506824595,3.4810344365672057,11.14275918699198,18.804483937416755,20.2722673233015,21.97888271347925,2.2348984362371773,4.762069278681617,17.953721111174005,31.145372943666388,33.67254378611083,36.61092603978679,17.60607024461042,8.024404871727938,62.14409189328651,2.2469724141881504,2.215301481268815,4.630437801932335,17.505787046646567,30.940629728523472,33.49208207700327,36.452772202410095,2,-0.1941569369652889,0.005998276639729738,8.193412654942215,6.855501149766412,0.9940016865730286,15.558732806628306,8.64824189944007,-5.243122694572888,-3.082883275821061,8.193412654942215,19.469708585705483,21.62994800445731,24.141693180185847,-1.3915098458645012,1.3336407515806137,15.558732806628306,29.783824861675996,32.50897545912111,35.677551963581635,15.514553006455454,8.657298606089197,74.62536794762161,0.32344235263348264,-1.4408927168455474,1.2794131752710602,15.512013949850012,29.759025709300527,32.486921214242095,35.6581278605438,2,1.8973603011896785,0.03047492727637291,10.496998746091634,7.031695059694158,0.9695250391960144,12.811147638033702,8.612482529979294,-3.2848703211771433,-1.0691103764630547,10.496998746091634,22.06310786864632,24.27886781336041,26.855167599114623,-4.0690079382061235,-1.3551254884589365,12.811147638033702,26.977420764526336,29.691303214273525,32.84677806186491,12.740623689317873,8.577845768925684,73.42120423629619,0.1582283568609124,-4.04285921082923,-1.3448728384925022,12.72672121352551,26.87331544150608,29.591980798564673,32.7542681302974,2,4.671289618327259,0.3875080645084381,6.853339573379586,5.523409847543804,0.6124919056892395,15.970579538453372,9.772527426505208,-3.972344799660144,-2.2318611474923227,6.853339573379586,15.93854029425149,17.679023946419314,19.70271232966936,-3.1832222554267418,-0.10379764351646159,15.970579538453372,32.0449567204232,35.124381332333485,38.70487794110957,12.43757504996829,9.489237648032516,70.3164988753742,19.729127655244696,-3.620864423139272,-1.3511372310998733,11.30609858489506,29.5959166469552,32.987431261179495,36.84785394045428,2,4.974338257676843
70,158,reset,1.4,29.922658903532,12.120194024914,12.4122885628705,11.8801304343281,12.137537674037533,0.01985114999115467,14.531805229463579,5.383429135277384,0.9801488518714905,13.197472096850575,7.743459518826431,3.980478010996297,5.676852290866343,14.531805229463579,23.386758168060812,25.083132447930858,27.05553415336564,-1.9794296757930905,0.46061462215701354,13.197472096850575,25.934329571544133,28.374373869494235,31.211452686193756,13.223960168586451,7.705895249645197,59.34617966193636,0.03464226229464735,-1.9158788839088778,0.5290639492692081,13.234891499972566,25.885141124282722,28.321652134913595,31.15896096888775,2,-1.086422494548918,0.021330293267965317,18.643885236101077,5.168796718532556,0.9786697626113892,18.26936435651522,7.812783968053183,8.513229824368452,10.141971206647932,18.643885236101077,27.145799265554217,28.774540647833703,30.668304493608563,2.9565891601390444,5.4184783100746206,18.26936435651522,31.12025040295581,33.58213955289139,36.4446177309361,18.277354017592046,7.765976027469421,60.30747423219461,0.0029280941855235366,3.025161044931049,5.491428164367866,18.28129905309927,31.051723131398496,33.515699756142375,36.38320334959566,2,-6.139816343554513,0.004118101671338081,14.973862218918292,7.712803525029522,0.9958819150924683,14.523761748369687,8.66985706903964,-0.14295490997314886,2.287429366809377,14.973862218918292,27.6602950710272,30.09067934780973,32.916526302265424,-2.4688458580580033,0.26311590320896805,14.523761748369687,28.7844075935304,31.516369354797373,34.69286530916801,14.525615551343252,8.666180364695753,75.10185479817203,0.0008308523204528771,-2.460827348787181,0.27063164864126693,14.525842894296712,28.779818948801445,31.510861656186517,34.68657002809251,2,-2.3880778773057187,0.014354465529322624,19.946217074382105,8.956339998071059,0.9856454730033875,12.108252047391275,8.304561781744658,2.3921132448672893,5.2143487443443775,19.946217074382105,34.678085404419825,37.50032090389692,40.78177958808166,-4.168389952216039,-1.551536519554011,12.108252047391275,25.768040614336556,28.384894046998586,31.427551693193777,12.220761101929812,8.366387063328524,69.12723390089094,0.8691894125844599,-4.1243533494171984,-1.5029170124521192,12.201147416485092,26.007384790385764,28.684264898266438,31.82281442068108,2,-0.08322342789227832,0.15222294628620148,14.5892209030265,5.804465382411555,0.8477770686149597,15.237171587604998,9.461816949792585,3.2126778039903385,5.041724966252586,14.5892209030265,24.136716839800414,25.965764002062663,28.092426605343277,-3.3076488622991,-0.32613233981225775,15.237171587604998,30.800475515022246,33.78199203750909,37.24864933331857,15.138538852401847,9.00449433117646,81.02674074085115,0.05418083431681707,-2.667639109214812,0.3416036591955482,15.090598941574806,30.085041680412917,33.122373132727155,36.66006773526368,2,-3.001001178364314
71,161,reset,1.2,19.2052447218706,16.782040397392002,15.9202991615256,17.4827283755696,16.7283559781624,0.29215574264526367,13.198890900021397,5.358955792084883,0.7078441977500916,13.796735714445575,7.578009131768229,2.6955305527927056,4.384193028737974,13.198890900021397,22.013588771304818,23.702251247250086,25.665686314016913,-1.055889258335803,1.332019908985222,13.796735714445575,26.261451519905926,28.64936068722695,31.425821147596672,13.622071096351327,7.008066164396155,49.03906590307541,0.07391440119194424,-0.16484672662829503,2.169287896469174,13.57649792007995,25.238088968883343,27.640243466635233,30.47628548716181,2,3.1062848818110744,0.17810273170471191,15.633039251019525,5.127471378837962,0.8218972682952881,14.394402504137297,8.025396748155137,5.583380016737186,7.199099356448034,15.633039251019525,24.066979145591013,25.682698485301863,27.561321392384478,-1.3350860838916407,1.1937995552097647,14.394402504137297,27.59500545306482,30.123891092166232,33.064267167542276,14.61500709234686,7.605458988497993,57.61842386057684,0.22458256514807565,-0.6694533473191971,1.918357651852986,14.70689908415355,27.011034466655477,29.525580658976253,32.493973848836596,2,2.113348885815542,0.02852252870798111,14.245190804891138,7.378591760623797,0.9714775085449219,14.944477348684593,8.517865082021004,-0.2165833025554953,2.108487385634831,14.245190804891138,26.381894224147437,28.706964912337767,31.41036206063357,-1.7502314372478907,0.9338360746390411,14.944477348684593,28.95511862273014,31.639186134617074,34.75999467361086,14.924532484889305,8.48828693194769,72.03747359245213,0.01354974439564647,-1.7089383256844974,0.9677102493191543,14.921583855889342,28.89145718332577,31.573065981853812,34.69298216818822,2,1.8038234932730965,0.09467653930187225,15.947242114434466,7.628106235553147,0.9053235054016113,12.857488015362044,8.478781235548752,0.9964286225048866,3.400123906113727,15.947242114434466,28.4943603227552,30.898055606364046,33.69287083847121,-3.7606178391075353,-1.0888660520584104,12.857488015362044,26.803842082782495,29.475593869831616,32.582082717138256,13.1500158155305,8.450488725293573,70.59250240659026,0.8182650199802791,-3.4737038237697995,-0.7892040958678311,13.173061252548036,27.009932956815682,29.6493864474152,32.71635870237565,2,3.5783401626319016,0.778243362903595,12.957068577073777,6.193730620994563,0.22175665199756622,16.19179414994648,10.664373343226721,0.8175796299815268,2.769288300770471,12.957068577073777,23.144848853377077,25.096557524166023,27.365840639606134,-4.709993520466906,-1.3495390228245938,16.19179414994648,33.73312732271755,37.09358182035986,41.000836404939776,13.674390683320304,7.5419574104634926,55.07533555052921,1.8057888170686376,-0.4487312585321561,1.982830222523613,13.412307964074982,26.319891411639535,29.78703496290848,34.37005645394627,2,3.0539652948420972
72,162,reset,0.7,17.4827283755696,10.4937332998793,9.84056319511278,9.84557220004234,10.059956231678141,0.9977909326553345,19.546152343032603,6.747049696556508,0.0022090780548751354,7.269545213805493,8.951997273536795,6.322177935879944,8.448243178429795,19.546152343032603,30.644061507635406,32.770126750185256,35.24213706066473,-10.276047032027389,-7.455179970031201,7.269545213805493,21.994270397642183,24.815137459638372,28.09500503951722,19.519032568978492,6.777267178682406,45.59914860372607,0.33220588803070045,6.210990745551123,8.375286771049321,19.530628143779246,30.63751538621341,32.76434560634335,35.23705118358637,2,-9.45907633730035,0.976150393486023,18.252257798132433,6.191662432151926,0.023849593475461006,-0.9910235546020942,10.49569153753992,6.11682242668498,8.06787938974816,18.252257798132433,28.436636206516702,30.387693169579883,32.65621853394761,-21.562200961022164,-18.25489984748851,-0.9910235546020942,16.272852738284314,19.580153851817972,23.42560614034234,17.79331312275344,6.976431765777493,40.04962911979669,8.620966934732394,3.6589590322656127,6.816077887978442,18.07577024682562,28.36776581469312,30.327291556514986,32.60393307034357,2,-7.733356891075298,0.9144821763038635,19.954805419051105,8.66166793134646,0.08551782369613647,8.817011713995676,9.934436874661328,2.9782482275664854,5.707629506726619,19.954805419051105,34.201981331375585,36.93136261053572,40.10485819678667,-10.654126767027186,-7.523682811011465,8.817011713995676,25.15770623900281,28.288150195018535,31.92796781715699,19.002325540618237,9.313961577008648,77.0485737826114,9.701306475382076,-0.14102782890597776,3.3349807812880075,19.23748532664024,33.866078158378215,36.63076738506031,39.83798760003124,2,-8.942369308940096,0.931852400302887,19.831552962610992,8.130152165158163,0.06814761459827423,6.090055835611025,9.584764606311966,3.8967475300706464,6.458642686083216,19.831552962610992,33.20446323913876,35.766358395151336,38.74511516765523,-12.695737593054663,-9.675478990557318,6.090055835611025,21.85559066177936,24.87584926427671,28.387552600686764,18.895103007910073,8.935698632321392,67.8554260029195,11.991289364836732,0.05304341372137025,3.768147680683683,19.213161900784982,32.9381520129211,35.52973984669561,38.53635038231866,2,-8.835146776231932,0.9993135929107666,17.645295959530728,7.90066007794175,0.0006864216411486268,5.841808438228242,15.481123793142388,2.160286752671478,4.649866575017533,17.645295959530728,30.640725344043915,33.130305166389974,36.02497973536986,-24.500636636536953,-19.62237418220676,5.841808438228242,31.30599105866323,36.184253512993436,41.85628786216811,17.63719404702793,7.914395674945091,62.542095217468066,0.09556820879466255,2.12481291876833,4.62768837846442,17.641527268242136,30.64106090122362,33.131702069569755,36.02828578935864,2,-7.577237815349788
73,166,reset,0.1,19.9514660636536,19.7539136453714,18.8071172149819,18.8422102440198,19.1344137014577,0.9999998807907104,22.671505993908255,8.248968164345024,6.441148059366242e-08,-5.834569424097495,18.28844839752741,6.503825482174523,9.103160790178109,22.671505993908255,36.239851197638394,38.83918650564198,41.86147554606288,-41.67926961637049,-35.91639010208531,-5.834569424097495,24.247251253890305,30.010130768175493,36.71072362499602,22.67150291544088,8.248973858287151,68.04548920826178,5.234053128190593e-05,6.5037339561024545,9.103030935946025,22.671506005323515,36.23996423931906,38.839324223787166,41.861504873271386,2,-3.5370892139831795,0.9999983310699463,21.769028494111097,6.8132944527789165,1.7052398106898181e-06,-19.17881245264529,25.014171540338488,8.415216750597882,10.562156401969347,21.769028494111097,32.97590058625285,35.12284023762431,37.61912155954758,-68.20568777481554,-60.32346323595736,-19.17881245264529,21.96583833066677,29.848062869524952,39.012852331114054,21.768959458650688,6.813575626510245,46.421970810415026,0.002859214503044228,8.41485681106907,10.56187702447965,21.769015159145447,32.976026959548136,35.12295644021676,37.61948828426776,2,-2.6345457571929884,0.9999991655349731,24.356644953867843,8.896134596030148,8.129724733407784e-07,2.8634762429205978,20.806405937347936,6.920541544027966,9.723805697739179,24.356644953867843,38.989484209996505,41.792748363707716,45.05214875852375,-37.91633004200171,-31.360016026950817,2.8634762429205978,37.086968512792,43.6432825278429,51.2664144617007,24.35662695702682,8.896172489279333,79.14149665120274,0.0003755574517481108,6.920298039117328,9.723704071988342,24.35663877436286,38.98954855098895,41.79292121619337,45.052373565686615,2,-5.22221325556912,0.9999889135360718,23.291005089426264,7.13983362095004,1.1141204595332965e-05,-6.05056197677176,17.544055511482902,9.297188336755978,11.547023862176523,23.291005089426264,35.034986316676,37.28482184209655,39.900741854528704,-40.436278922049695,-34.90796531627239,-6.05056197677176,22.806841362728857,28.335154968506167,34.76301426442098,23.290679463989587,7.140703756713135,50.98008817232453,0.009591663202085078,9.295968711570655,11.546323311569248,23.290914294324953,35.0350138521248,37.28492867406228,39.900808011568486,2,-4.156265762531888,1.0,20.9568203230491,8.456425644902811,4.142994569633629e-08,-14.48994849690257,32.185353023932045,4.382530621098688,7.047237929985263,20.9568203230491,34.86640271611293,37.531110024999506,40.6294081440532,-77.57208125351671,-67.43014315303074,-14.48994849690257,38.450246159225586,48.59218425971156,60.38437908557569,20.95681972273132,8.456430184480999,71.51117760492428,5.205562414735112e-05,4.382077602731448,7.046956556647581,20.956819840490954,34.866427967808846,37.531365068254836,40.629730989808536,2,-1.822406021273622
74,167,reset,0.6,18.8422102440198,18.5175926388866,18.6200633789717,18.0554008308012,18.397685616219835,0.9994930028915405,21.3662340501972,7.1051086830786385,0.0005069213802926242,5.225481419761351,9.61410429602644,7.440476925120253,9.679370262950899,21.3662340501972,33.053097837443495,35.29199117527415,37.89518852990631,-13.617816744062285,-10.588312901447475,5.225481419761351,21.039275740970172,24.068779583584984,27.591232509629375,21.35805033956908,7.115888058644356,50.50383013246595,0.13199818605256483,7.405443027459924,9.657345747441314,21.36213954873678,33.05145362475853,35.29053646384125,37.893934891124346,2,-2.960364723349244,0.9923669695854187,19.590248529794167,6.477168922499242,0.007633008528500795,-4.3904381890672965,11.484115197285112,6.89523071991354,8.936253735243925,19.590248529794167,30.244243324344403,32.28526633967479,34.658396682453684,-26.89889037005522,-23.28012672365024,-4.3904381890672965,14.499250345515641,18.11801399192062,22.325608785377035,19.407203314796035,6.855377768922004,42.640161831523834,4.356034279942955,6.134627113460039,8.518701396300106,19.530133096069502,30.220816597889016,32.26469824893105,34.64048244493244,2,-1.0095176985762002,0.9802451729774475,21.581444372986418,8.99024157155483,0.01975483074784279,7.345022305679855,10.735585933555328,3.960894680424172,6.793812916844548,21.581444372986418,36.369075829128285,39.20199406554866,42.49587374008658,-13.696339477023407,-10.313445154577838,7.345022305679855,25.00348976593754,28.38638408838311,32.31972981878904,21.300206344989068,9.24279709426533,81.50457027672307,3.9247295391962917,2.866694442295823,6.037631027087372,21.39762361712086,36.288027690136346,39.1298527756935,42.43215347261688,2,-2.9025207287692325,0.9760938286781311,21.504850580517534,8.341529561510619,0.02390611357986927,4.064824900385659,10.08151295145407,5.1557530639805265,7.784255426943863,21.504850580517534,35.225445734091196,37.85394809705454,40.91015014218659,-15.694577394138424,-12.517788242971815,4.064824900385659,20.647438043743126,23.82422719490974,27.517931122116035,21.08792610403939,8.800272343545759,70.34744071578105,7.097326926891849,3.2191177546840732,6.55883612957242,21.271270797540385,35.129401136328084,37.768892207544,40.835365187609035,2,-2.6902404878195547,0.99980229139328,19.17371920803651,8.235105162640776,0.00019775536202359945,2.667023253306084,16.978001598525065,3.03320968036072,5.628176612940029,19.17371920803651,32.71926180313298,35.31422873571229,38.331438595648635,-30.60924840926652,-25.259304254415774,2.667023253306084,30.59335076102793,35.943294915878674,42.163761177496866,19.170455816875233,8.241019796952937,67.86055252872613,0.053871947916398315,3.019640131539066,5.619966000579455,19.172352972166664,32.719183987485266,35.314404469445776,38.33197634003033,2,-0.7727702006553976
75,168,reset,0.8,17.018104710696498,17.379208418766602,17.3211851778461,17.2196587890172,17.3066841285433,0.9903932213783264,18.290123119257878,6.406267201116334,0.009606807492673397,9.228917787398224,8.425547120190327,5.734070129729645,7.752751278281416,18.290123119257878,28.827494960234336,30.846176108786107,33.19332920311243,-7.28485111821999,-4.629873952297373,9.228917787398224,23.087709527093814,25.742686693016434,28.82967141808392,18.20307439203726,6.489157462243539,41.327980532846986,0.7811936034052384,5.398621630054332,7.5232425014175215,18.23444779857774,28.8035296767755,30.82521479506014,33.17530748228261,2,-0.8963902634939593,0.9291404485702515,17.549977202020322,5.93345711346519,0.07085957378149033,2.5524184831124614,9.68703576909384,5.920614955815559,7.790308748576088,17.549977202020322,27.309645655464553,29.179339448225086,31.353262543642572,-16.43382274126273,-13.38133743609019,2.5524184831124614,18.486174402315108,21.53865970748765,25.087833550301497,16.487256975708195,7.35998908967792,39.360605684947444,14.808839791096519,-1.3545854946655516,3.994482610459842,17.058430837740506,27.119951415897646,29.014756663777874,31.21363456733973,2,0.8194271528351038,0.7226825952529907,18.842841361347773,8.336220513333872,0.27731746435165405,10.44337014411014,9.351132095393632,2.5041493880293793,5.130978814923285,18.842841361347773,32.55470390777226,35.18153333466616,38.23579023007767,-7.884511977537951,-4.937873399100402,10.44337014411014,25.824613687320678,28.77125226575823,32.19735641410419,16.513522424609597,9.413290539330516,74.47072985116452,14.139325180658304,-2.824406078660743,0.508080224799954,16.80365354088164,31.496842562137605,34.226850719102494,37.38211596244543,2,0.793161703933702,0.8226982355117798,18.812140187031638,7.956923311096434,0.1773017942905426,8.11130549045592,9.198130627221612,3.2168570695354273,5.724166019399947,18.812140187031638,31.900114354663323,34.407423304527846,37.32271181570683,-9.916699263993262,-7.018273032902975,8.11130549045592,23.240884013814807,26.139310244905097,29.50935712024286,16.914863555567734,9.153725700216967,67.08791375170705,16.70278896992578,-2.5168397174804813,1.0748708807073943,17.333697306413413,31.21807226980755,33.798072452865895,36.782619608611704,2,0.39182057297556483,0.9975977540016174,16.704003673368334,7.547510932620546,0.0024023011792451143,8.966994853749163,14.180383388075782,1.9111540725097456,4.289452941391534,16.704003673368334,29.11855440534513,31.49685327422692,34.262139685770144,-18.826045873849445,-14.357660193689703,8.966994853749163,32.29164990118802,36.760035581347765,41.955499601683314,16.685417969698463,7.579880221174575,57.31114010777154,0.1434594221091541,1.8222840527185569,4.2328282183368255,16.69456780036189,29.12348614698956,31.50657614085073,34.280783106359124,2,0.6212661588448363
76,169,reset,0.9,17.2196587890172,14.6119596844343,15.656680314073,15.767232757624399,15.345290918710566,0.95982426404953,17.292828568014514,6.09622027113379,0.04017576575279236,10.94253530986262,8.02786279530138,5.34445639476928,7.265438544345008,17.292828568014514,27.320218591684014,29.241200741259746,31.474757635451283,-4.791786641757131,-2.262123925657642,10.94253530986262,24.147194545382877,26.67685726148237,29.618136856803545,17.03770118897992,6.3099162670508075,38.26000524108771,1.5550467072200436,4.416369126854409,6.603812723574493,17.114352171351328,27.249456224130544,29.18297814225271,31.430676883677183,2,-1.6924102702693542,0.8116496801376343,17.18786410681807,5.705186923276119,0.1883503496646881,5.995454571719321,9.04364629394853,6.005903212127992,7.8036667036312295,17.18786410681807,26.572061510004904,28.36982500150814,30.460113576787073,-11.729766453338936,-8.880019835748165,5.995454571719321,20.8709289791868,23.720675596777575,27.034121901223813,15.079770369530097,7.808572926344134,41.82322497622475,19.15059294684226,-4.092701154606826,0.15907335674239984,15.96760679613471,26.126594578945593,27.997729060425453,30.168156118789078,2,0.26552054918046863,0.41716307401657104,17.95373190055173,8.043047495776925,0.582836925983429,11.988603243111278,8.945454190282767,2.1896484828838823,4.724096055380095,17.95373190055173,31.18336774572336,33.71781531821958,36.66465834316189,-5.5441647951958615,-2.725359526503583,11.988603243111278,26.70256601272613,29.521371281418414,32.79884158100532,14.47703465075348,9.070685701138531,73.62581645757783,8.65152263126123,-3.6413204442565683,-0.6753834560508098,14.611596886304868,29.169428897830954,31.882452725561155,35.01505396664183,2,0.8682562679570864,0.6186531782150269,18.17383520613918,7.835161137454574,0.38134679198265076,9.911318955052252,8.899135391709878,2.817201563660328,5.286141991447797,18.17383520613918,31.06152842083056,33.53046884861803,36.401145661024046,-7.5306659062448595,-4.726456170733957,9.911318955052252,24.549094080838454,27.35330381634936,30.613803654358133,15.022950598460167,9.180726635299418,68.1795747185639,16.106160107474622,-3.814392913283429,-0.6407369682329462,15.339981958700827,29.592918024139255,32.20723411028192,35.22039556561207,2,0.32234032025039916,0.9916417598724365,16.034431075829183,7.194914068571634,0.008358296006917953,11.731546318816136,13.059340069016967,1.9326586295682269,4.199850574534951,16.034431075829183,27.86901157712341,30.136203522090135,32.77230412315734,-13.864289878317948,-9.74915655929912,11.731546318816136,33.21224919693138,37.32738251595022,42.112114324750124,15.998467187340069,7.274134364011355,52.75958619077446,0.1534588572903567,1.7225393698960483,4.063301009466849,16.014890710032912,27.903199894543224,30.192458725638478,32.87120098049788,2,-0.6531762686295028
77,174,reset,1.1,125.82554137689999,15.785785626189801,14.7324267194363,14.9199841251369,15.146065490254335,0.016351750120520592,71.141898670927,10.17279715603148,0.9836481809616089,22.829117223713226,10.735337777867656,51.203582623073814,54.409136372587,71.141898670927,87.87466096926701,91.0802147187802,94.80736370790956,1.78824181722036,5.1710579432384485,22.829117223713226,40.487176504188,43.869992630206085,47.80324744036597,23.619114180231243,12.353060848667361,115.05514528798867,37.54292859619032,1.8640218849797496,5.256956694811866,23.05280052220521,42.38622139795788,48.2275891872895,68.27764721652939,2,-8.473048689976908,0.01638421043753624,73.90522284427777,9.101682356730631,0.9836158156394958,27.85023197446018,11.284512383711034,56.06625322636209,58.93428760844917,73.90522284427777,88.87615808010638,91.74419246219345,95.0789022450531,5.732994119290314,9.288860851734274,27.85023197446018,46.411603097186074,49.96746982963004,54.101933367893885,28.604807362821475,12.680443888586508,126.61113228051413,34.182546268217315,5.812822081220822,9.379375745517926,28.08583135050875,48.41202735870026,54.52825875125657,71.43465458071358,2,-13.45874187256714,0.015618409961462021,75.4073065244127,12.67797198059246,0.9843816161155701,20.737871480878212,10.362516899609574,50.55893804544354,54.55389832974605,75.4073065244127,96.26071471907935,100.25567500338187,104.90067968861332,0.4277115684557806,3.693047974209474,20.737871480878212,37.78269498754695,41.04803139330064,44.844690639997225,21.59172167053179,12.416335844069254,108.21498923783888,45.950418712056056,0.49750242270271194,3.7722051859986023,20.943943499596486,39.51871607968435,44.97875562646745,70.854972898751,2,-6.445656180277455,0.022286493331193924,89.5855057378353,27.19922552780243,0.9777135252952576,20.206656468593998,12.344708332754308,36.27600329596009,44.84676097815839,89.5855057378353,134.3242504975122,142.89500817971052,152.86036621999585,-3.98852726325595,-0.09858180619499635,20.206656468593998,40.51189474338298,44.40184020044394,48.924742454151236,21.75286810653716,16.44282906298959,165.48304757484155,104.88358883365322,-3.87077166672616,0.035190383758279556,20.55544257644655,43.53879167738648,52.25699646861434,93.09254903671817,2,-6.606802616282826,0.009219435043632984,70.84163703220482,7.7390763341257,0.9907805323600769,19.565368224760604,11.411919424911327,55.673326143712174,58.11198925476385,70.84163703220482,83.57128480964577,86.00994792069746,88.84542080913792,-2.8015828425386466,0.7944311682172405,19.565368224760604,38.33630528130396,41.93231929205985,46.113462717628444,20.03810581655228,12.393554886328895,129.58341853919546,24.016771093003594,-2.7563773059643464,0.8456794202309307,19.69846178734966,39.392228805417865,44.05728211068977,54.9249948421991,2,-4.892040326297947
78,177,reset,1.3,108.53052062740001,9.65801919821056,10.1316445097733,9.87759682020403,9.889086842729297,0.0017118742689490318,54.079702837662,9.69511364132923,0.998288094997406,15.237225534493625,9.368023540558031,35.07762927463372,38.13266000101491,54.079702837662,70.02674567430908,73.08177640069027,76.63390984575261,-3.1237632113235243,-0.1718019635600303,15.237225534493625,30.646253032547275,33.59821428031077,37.03050718203535,15.303718503635675,9.50520342615518,87.77053651753677,2.57834845711901,-3.1169123159198597,-0.16405682359419607,15.257358441518539,30.79491428697506,33.868711983756214,37.64515579494149,2,-5.4146316609063785,0.0020212039817124605,57.7148478426769,8.730902019534767,0.9979788661003113,21.099472080638535,9.098444194740955,40.602594331840734,43.3537919892872,57.7148478426769,72.0759036960666,74.82710135351307,78.0259631942805,3.2668491435987264,6.133863147303302,21.099472080638535,36.06508101397376,38.932095017678336,42.265618390153385,21.173480702614366,9.245146749892086,82.76844754247317,2.7043223034794615,3.274676535228921,6.142766280509887,21.122565624860293,36.23623854758819,39.244450739197305,42.98068864760379,2,-11.28439385988507,0.0020726267248392105,56.100239044904825,13.13161001836261,0.9979273080825806,13.333779700337779,9.157743963389082,30.36275634988875,34.500662678488794,56.100239044904825,77.69981541132086,81.8377217399209,86.64893209385609,-4.615068647543918,-1.7293686725357098,13.333779700337779,28.39692807321126,31.282628048219472,34.63787790057832,13.422417737638575,9.371807660972511,84.04785175142256,3.782915337660623,-4.60700664022112,-1.7201918683001698,13.35759159562456,28.571574594564048,31.600536067981096,35.36801038085552,2,-3.5333308949092785,0.003458930179476738,71.75373933126868,28.91630374317208,0.9965410828590393,11.394653394045775,9.192582864062704,15.078825428630637,24.190652241281633,71.75373933126868,119.31682642125571,128.42865323390672,139.02312106931623,-6.622477944417188,-3.7257998709597206,11.394653394045775,26.515106659051266,29.411784732508735,32.77979899680231,11.603431406569037,9.983062328391776,87.103482371782,12.558052836273893,-6.610805663051921,-3.7120323274066687,11.43316461760476,26.797778950030914,29.931984521820684,34.03250466463778,2,-1.7143445638397399,0.0016823202604427934,53.882157423552826,7.517878581035285,0.9983177185058594,10.714086420604978,9.55969211548768,39.14738616457858,41.51634757255614,53.882157423552826,66.2479672745495,68.61692868252707,71.37135827784144,-8.022565829042396,-5.01020782809433,10.714086420604978,26.43838066930428,29.45073867025235,32.95325584995473,10.786709356402982,9.718989210679407,91.32905569884817,3.1297000890339737,-8.015721881831531,-5.002412884248687,10.734276374160032,26.588717646372174,29.72701949138722,33.59802442858309,2,-0.8976225136736851
79,180,reset,1.5,101.2166238182,9.125869467213489,9.09735994614363,8.740762107048111,8.98799717346841,0.0002766617981251329,41.78353186927525,9.19748596190255,0.9997233748435974,10.592711315888998,9.654238083818543,23.75679063563351,26.655013726004583,41.78353186927525,56.91205001254591,59.81027310291699,63.180083783267726,-8.329247626570332,-5.28709721173297,10.592711315888998,26.47251984351096,29.514670258348325,33.05182755766438,10.601341012523484,9.668040691353534,93.2019341798343,0.2690807479391241,-8.328107309131575,-5.285844102964574,10.596057006975284,26.495964922883093,29.555249292052196,33.13450249291076,2,-1.6133438390550747,0.0006073539843782783,47.82934349334232,7.972223997382522,0.9993926286697388,19.603859329794098,8.937033080968503,32.204071581786636,34.71620193637811,47.82934349334232,60.94248505030653,63.45461540489801,66.37550984103052,2.0875963624527927,4.903748052377761,19.603859329794098,34.30397060721043,37.120122297135396,40.39450723793784,19.621001850015585,8.963494225960167,79.86065040759702,0.4835716533417901,2.089912659506135,4.9063447825166575,19.61066384555235,34.35182570913654,37.20304165474947,40.56306753221345,2,-10.633004676547175,0.0004885612870566547,43.8120184992291,12.874945557682208,0.9995114803314209,9.228588711377611,9.05738926382559,18.577588903258004,22.634617601872765,43.8120184992291,64.98941939658542,69.04644809520019,73.76362072573467,-8.523568039680303,-5.66949086993724,9.228588711377611,24.126668292692457,26.98074546243552,30.299226969638607,9.24548522042541,9.091823075017308,82.0772099124327,0.5840404724902097,-8.521744478568987,-5.667393294718987,9.234096802149251,24.16487847790525,27.047794326383155,30.441458679911864,2,-0.25748804695700045,0.0012803240679204464,60.84090954646575,28.513509299258185,0.9987196922302246,6.2428657923284305,8.626727205920561,4.955458247071782,13.940360358466378,60.84090954646575,107.74145873446511,116.72636084585972,127.17325128623878,-10.665208835727725,-7.946837741050951,6.2428657923284305,20.432569325707803,23.150940420384583,26.31163428775201,6.3127690835553585,8.898188629085505,75.36607058633298,3.811690941951835,-10.661930416025584,-7.942435132832273,6.2559561223753715,20.52711438023534,23.321158341939356,26.69362279604462,2,2.675228089913051,0.00043148690019734204,42.452400459917854,6.838480232069314,0.999568521976471,4.609834132091123,8.854053325558704,29.049225496072886,31.204101447362696,42.452400459917854,53.70069947247301,55.855575423762815,58.36108440946262,-12.743791503201034,-9.95378759367586,4.609834132091123,19.1734558578581,21.963459767383277,25.20744226264885,4.626162744651397,8.88809662065975,78.38061329506871,0.6176484330875164,-12.742199968883961,-9.95196899629999,4.614624287145871,19.208790707615464,22.027598173522936,25.351241958342722,2,4.361834428817012
80,181,reset,1.5,8.740762107048111,10.4682588260246,10.014608309140499,10.4582348821247,10.313700672429933,0.030677717179059982,-1.9879512670028134,4.443024949768964,0.9693222641944885,14.02407329779755,8.187259667119818,-10.696120150962868,-9.29607697026618,-1.9879512670028134,5.32017443626055,6.720217616957239,8.34807037920263,-2.022660781834688,0.5572295395420088,14.02407329779755,27.490917056053085,30.070807377429784,33.070487418622065,13.532860675515723,8.555960820671418,65.58044734992677,7.62401480372055,-3.766860112440819,-1.023332435461643,13.69936927042225,27.36687831887848,29.961439547123568,32.974601068535364,2,-3.21916000308579,0.043934572488069534,4.633624709974484,4.218308848036078,0.9560654163360596,19.183812670898128,8.249845475621278,-3.6341087078428753,-2.304875898319149,4.633624709974484,11.572125318268114,12.901358127791841,14.446878530650883,3.0144126606597084,5.614024418533271,19.183812670898128,32.75360092326298,35.35321268113654,38.37582315427514,18.544556168818076,8.645472609428145,65.85154226188676,8.892650535097127,1.4507113678347812,3.9402886179618677,18.708809443297646,32.573094040608375,35.19410438934892,38.23639076513214,2,-8.230855496388143,0.0035490337759256363,1.3079824457031037,6.23387856984493,0.9964510202407837,16.192123225967094,8.749667444742755,-10.910195035189021,-8.94583532988139,1.3079824457031037,11.561800221287594,13.526159926595227,15.810152603690614,-0.9569098424313118,1.800200994862747,16.192123225967094,30.584045457071433,33.3411562943655,36.54689348460876,16.139299782257517,8.786713962420963,76.42290214495763,0.7834541825560041,-1.1324308440837028,1.6555335629227066,16.153738359127438,30.568958961585633,33.327863324029224,36.535239691726574,2,-5.825599109827584,0.027361512184143066,2.484850005110431,5.945549308550343,0.9726384878158569,12.784260508743316,8.911597797318217,-9.168212507955266,-7.294708339277422,2.484850005110431,12.26440834949828,14.137912518176124,16.316265999061514,-4.6821502187068695,-1.8740134501083112,12.784260508743316,27.442534467594935,30.250671236193497,33.51573709884159,12.502453062758672,9.001881479117777,78.21083503151988,2.823035132563794,-5.030313561829727,-2.281369972808581,12.498958093693803,27.322375967672954,30.144695954158774,33.422839037798326,2,-2.188752390328739,0.35545143485069275,-0.7112927530181281,5.090960461785039,0.6445485949516296,15.629079549394497,9.584261551575542,-10.689391904834208,-9.085177533251795,-0.7112927530181281,7.662592027215535,9.26680639879795,11.132052294081474,-3.155727910105547,-0.1356278253660843,15.629079549394497,31.393786924155073,34.413887008894534,37.925406034153625,9.820871234290278,11.383871901793697,68.4195366980142,61.173005652853305,-8.626071824941125,-6.633413409796416,8.88072554163064,29.253923179697683,32.54475291021242,36.29943269476953,2,0.49282943813965474
81,182,reset,0.5,10.4582348821247,10.294686428484,9.8455915871389,9.955092577383422,10.031790197668775,0.9999545812606812,13.535244355905505,7.271542926518127,4.5375185436569154e-05,1.6106029121304033,11.203043141182718,-0.7167178921070132,1.574620599688835,13.535244355905505,25.495868112122167,27.78720660391802,30.451382784007663,-20.346958161836206,-16.816763231537813,1.6106029121304033,20.037969055798612,23.568163986097005,27.67277850640864,13.53470268357629,7.272213546244334,52.878629957812166,0.006451925811160518,-0.7189872217190864,1.57313544375012,13.534949940658327,25.49579377367483,27.787190198905833,30.451404931211485,2,-3.5029124859075154,0.9991636276245117,12.415042608309236,6.2998819137407445,0.0008363743545487523,-10.577623029463396,13.867948633935502,0.0675009505221027,2.0526589931267853,12.415042608309236,22.77742622349168,24.76258426609637,27.070759505048358,-37.75830289142843,-33.38836863836893,-10.577623029463396,12.233122579442128,16.60305683250163,21.68404979240004,12.395812156997208,6.344916000540887,39.816169267203044,0.44179009081154375,-0.0011924001138219134,2.0131409220785286,12.40907699001462,22.775297879550095,24.760916106256122,27.06954856505884,2,-2.364021959328433,0.997401237487793,15.146918442936425,8.900760541729689,0.00259880512021482,3.993846979022564,11.94351611143256,-2.2982516538689914,0.5064701832457903,15.146918442936425,29.787366702627054,32.59208853974184,35.85318380653589,-19.415014448159134,-15.651488815420635,3.993846979022564,23.639182773465752,27.402708406204255,31.77862029342623,15.117934429089903,8.928089741982678,79.38836831376273,0.3224278652765352,-2.407137891834389,0.43109960287498444,15.128060066806704,29.779606130002545,32.585511096781474,35.847826344952296,2,-5.0861442314211285,0.9970934391021729,13.923904714999814,7.535965624118822,0.002906598150730133,-0.32084135722149654,11.272436372692468,-0.8463164970049917,1.5283443255863496,13.923904714999814,26.319465104413275,28.694125927004617,31.455182323513494,-22.414410665718066,-18.86234920942441,-0.32084135722149654,18.220666494981405,21.772727951275066,25.90276703365227,13.882501481114547,7.5883536831935805,56.99504712932703,0.588071671433348,-1.0194807686670804,1.4181144507017605,13.902072023093524,26.310782690560384,28.686648867020057,31.448968168874266,2,-3.850711283445772,0.9999815225601196,11.693621656113194,8.325551167436187,1.8529082808527164e-05,-4.245213164890487,19.709060137789596,-4.624158783507138,-2.0006913780142863,11.693621656113194,25.38793469024067,28.011402095733523,31.061749914696605,-42.874261204092136,-36.663732216338396,-4.245213164890487,28.173305886557415,34.383834874311155,41.60491698599942,11.693326928015788,8.326188752865383,69.32071904909107,0.004707160589653519,-4.6255644440853,-2.001568109988049,11.69350873460303,25.388080648995157,28.011627472291647,31.06189597925965,2,-1.661536730347013
82,189,reset,0.4,101.643390669,108.0397685744,108.0323219743,108.0747860227,108.04895885713334,0.9995355606079102,91.06461074076068,7.733856298315184,0.0004644330183509737,28.678327504222054,14.197700339324205,75.90653093445466,78.34354915815547,91.06461074076068,103.7856723233659,106.2226905470667,109.05625089848358,0.851346175854502,5.325188606714477,28.678327504222054,52.03146640172962,56.505308832589606,61.70711750487784,91.03563591051139,7.853991403217056,59.87837189039803,1.8067562491306333,75.84606144765564,78.31029695564956,91.06010696662783,103.7840013546872,106.22124513831622,109.05503141555242,2,17.013322946621955,0.9985450506210327,89.62525380537375,7.26955161199178,0.0014550007181242108,35.2284022750166,19.17269589498618,75.37719446211476,77.66790547007814,89.62525380537375,101.58260214066935,103.87331314863273,106.53675974316099,-2.349391165695259,3.6921238937109635,35.2284022750166,66.76468065632221,72.80619571572845,79.83076260994926,89.54611094861835,7.589666355340201,53.304338844464965,4.299108204255435,75.19959089415453,77.57054101628783,89.61203785155888,101.5775951613691,103.86893700916917,106.53301743986046,2,18.502847908514994,0.9995098114013672,93.40182192758968,7.680865618291677,0.0004901690990664065,37.22458550806218,19.02271814992156,78.34760194564602,80.76792225721574,93.40182192758968,106.0357215979636,108.45604190953334,111.27018732949591,-0.059256953840495896,5.93499856468809,37.22458550806218,68.51417245143625,74.50842796996484,81.47804543461031,93.37428376093085,7.790409464807016,59.144152084070086,1.5461575333045054,78.28522685061276,80.73344266015476,93.39711609481745,106.03402256302479,108.45452967991854,111.26895753716985,2,14.674675096202492,0.989313542842865,95.11363492662959,9.416393669570862,0.010686434805393219,35.57365696752374,23.484240476295657,76.65784247001973,79.62504564643307,95.11363492662959,110.60222420682611,113.56942738323943,117.01944232096739,-10.454608570293523,-3.0544811561117555,35.57365696752374,74.20179509115923,81.601922505341,90.20616987301801,94.47736270789964,11.449605057238609,93.61458879589077,37.47866765983026,74.67554740402836,78.63911966820199,94.98760526852165,110.55398063602397,113.52694172191966,116.98267301046666,2,13.571596149233699,0.9995893836021423,90.08238220683789,6.99762625085565,0.0004105993139091879,40.26388308220423,22.63377856651012,76.36728677788876,78.57231128806714,90.08238220683789,101.59245312560864,103.797477635787,106.36129515884832,-4.097507742210226,3.034630315463552,40.26388308220423,77.49313584894489,84.62527390661867,92.9179257319162,90.06192522631456,7.083487220501237,49.157011660144285,1.0186409723845378,76.32158252638456,78.54680421575623,90.07887950023172,101.59117750323621,103.79646192989574,106.3605218903289,2,17.987033630818786
83,190,reset,1.0,13.9627498965709,8.73476111738558,8.68075147529371,8.73375412560711,8.7164222394288,0.8896565437316895,13.192039645166098,5.692035346165604,0.11034348607063293,12.234908552503583,7.897092165595356,2.035855367952532,3.8294746612896216,13.192039645166098,22.554604629042572,24.34822392237966,26.433693971683773,-3.2431076746567378,-0.7546521384459997,12.234908552503583,25.22446924345316,27.7129247796639,30.60629212304092,13.086426856928542,5.982943595125509,35.70568765028387,0.08993151595335738,1.2465166574699347,3.2513418301279415,13.113642248279413,22.83773260977713,24.755489330845105,27.04466172601157,2,-4.370004617499742,0.680077075958252,14.158789468070339,5.326025599764403,0.31992286443710327,8.718073120258573,8.760502677322961,3.7199711117937664,5.398256943061467,14.158789468070339,22.91932199307921,24.59760782434691,26.54897779916935,-8.452196613761153,-5.691671482454188,8.718073120258573,23.12781772297133,25.888342854278296,29.098049899177937,12.418179065559007,7.0911790386075895,43.844369901363606,6.4404410645219805,-3.7508443283533075,-0.378695040769806,12.977364073118993,22.966536054952673,24.923846892721112,27.31351351704452,2,-3.7017568261302074,0.20460014045238495,14.53302982383535,7.550339772592787,0.7953998446464539,13.227223805926918,8.715701134992633,-0.26536420148685913,2.1138260641701443,14.53302982383535,26.95223358350055,29.331423849157552,32.097746702092586,-3.855236518673518,-1.1088288173907834,13.227223805926918,27.563276429244613,30.30968413052735,33.502976612092375,13.494391703493559,8.506619554046555,72.08508260986832,0.27749091393820585,-3.284697094412353,-0.5494891258627161,13.52554941565766,27.430275012096118,30.106330452358506,33.230228835678815,2,-4.777969464064759,0.45525458455085754,14.437527646903625,7.25774398674412,0.5447453856468201,11.123818434395965,8.848061174904752,0.2126108238729998,2.499601126822318,14.437527646903625,26.37545416698493,28.662444469934247,31.321564940798503,-6.218062801424509,-3.4299470806346264,11.123818434395965,25.67758394942655,28.465699670216434,31.707486738018936,12.632399413742865,8.327711643756807,66.62759431746831,2.7231821483138283,-4.202473115507177,-1.3447446401854273,12.793988994953255,26.042266184596023,28.56618556958109,31.518215108164643,2,-3.9159771743140652,0.9815331101417542,12.467452010607815,6.747067229295311,0.01846691407263279,13.48001353133187,12.309609138343074,-0.7565567600814482,1.3695140072159973,12.467452010607815,23.565390013999625,25.691460781297074,28.16347751548959,-10.646377043585687,-6.767491706226728,13.48001353133187,33.72751876889046,37.60640410624943,42.11644658058999,12.486151199095987,6.8919559124989656,47.480475950251964,0.018584124696574247,-0.9699091240395716,1.2319585024695687,12.477775894654037,23.75681020851954,25.98584749394908,28.67591621147282,2,-3.7697289596671872
84,192,reset,0.9,34.458198242838606,11.1144392682031,11.256954968915599,11.2474527331423,11.206282323420334,0.854337751865387,30.715086889546455,6.678813625807752,0.14566227793693542,11.936458180566959,7.513204083135983,17.624852723507885,19.729416073403655,30.715086889546455,41.70075770568925,43.805321055585026,46.25233076905932,-2.7891512308788506,-0.42166280560587843,11.936458180566959,24.29457916673979,26.662067592012765,29.414784526605317,27.979749970645493,9.498170185501538,46.33143946505406,43.88382073893355,4.8067716312287105,8.840870306985705,29.3072043508974,41.183153890592,43.34998458078745,45.85392684824968,2,-16.77346764722516,0.4904468059539795,29.31117575733016,6.539062862154095,0.5095531940460205,8.569724571230402,8.267133430417067,16.49484805486473,18.55537449165232,29.31117575733016,40.066977023008,42.12750345979559,44.52331074492176,-7.63355920777412,-5.028499836282881,8.569724571230402,22.16794897874368,24.77300835023492,27.80195285149311,18.74230305630341,12.77926193725761,55.796848611100955,107.51268704994018,-5.104243248317734,-2.114019054771367,19.755694900836207,37.62768466179133,40.01036708929822,42.69116225728576,2,-7.536020732883076,0.2773662209510803,29.295075308420216,9.073918590500098,0.7226338386535645,13.022430627331069,8.851161772328439,11.510521672391569,14.369807404173734,29.295075308420216,44.22034321266669,47.07962894444886,50.40416653064978,-4.3255276677703876,-1.5364349166175906,13.022430627331069,27.581296171279725,30.37038892243252,33.61331199917889,17.535913363601814,11.51196447436112,79.45057436676257,53.07477002111037,-3.0696797719343656,-0.10885485248678092,16.681506363891184,37.823077171106654,41.54652750916027,45.6481301545825,2,-6.32963104018148,0.2897982895374298,32.30090423285971,10.274714292356757,0.7102017402648926,11.495178026308437,8.325835062937573,12.162834268401511,15.40050316318656,32.30090423285971,49.201305302532845,52.4389741973179,56.20346398326089,-4.823158838269983,-2.1996019743641746,11.495178026308437,25.189958026981046,27.813514890886854,30.86396672458795,17.524642236134078,12.996834859129693,79.82478455696565,89.09294095120637,-3.579380851281725,-0.7833142250040686,15.467277375333472,42.01445226875465,46.319026771128314,50.98410951648719,2,-6.318359912713744,0.9512190818786621,28.752253623048468,7.636886766012871,0.0487808883190155,14.346168591018241,12.196382711153806,13.784230607652669,16.19069272735449,28.752253623048468,41.31381451874244,43.72027663844426,46.51830891545315,-9.558302264510203,-5.715095747111334,14.346168591018241,34.40743292914781,38.250639446546685,42.71919758209936,28.049511141102826,8.506656961254304,62.733279408857044,9.629909799874635,10.176771652937823,14.081830190420522,28.383850508464796,41.17877762954462,43.6094472450089,46.435023483394325,2,-16.843228817682494
85,194,reset,0.6,43.7553655016946,42.3823814744915,42.777033695041695,42.839615334526,42.66634350135306,0.9966298937797546,43.048656538472045,7.6359271857314654,0.003370042657479644,9.40816711423043,8.727802096447189,28.082514265868078,30.488674011884292,43.048656538472045,55.60863906505979,58.014798811076005,60.812479513329095,-7.698010658999241,-4.947789819425397,9.40816711423043,23.76412404788625,26.514344887460098,29.71207096634954,42.93528391780219,7.88471154583092,58.367593321944646,3.800965664958466,27.63486655489684,30.246697874493673,43.01629975243576,55.596148590183105,58.00378733721762,60.80288240920546,2,-0.2689404164491265,0.9485212564468384,39.568089599449195,7.550817202557113,0.051478784531354904,3.034029331306556,10.104259657042537,24.76875982859177,27.148100537375555,39.568089599449195,51.988078661522835,54.36741937030662,57.133917145888944,-16.76995568693786,-13.585998813239307,3.034029331306556,19.65405747585241,22.838014349550967,26.540052303224098,37.68736220427877,11.15836174650813,59.33556931723999,65.17352575155128,2.6699285185334265,18.036335327879907,39.05426620530958,51.79359141134375,54.19603836402763,56.98372631174533,2,4.9789812970742915,0.960224449634552,40.78747809647025,9.83277531172091,0.039775531738996506,12.464646772399348,10.748767181454586,21.515592617422662,24.614001961987213,40.78747809647025,56.960954230953284,60.059363575517835,63.661934038813456,-8.602549781457753,-5.215501911273186,12.464646772399348,30.144795456071876,33.53184332625644,37.470018453536184,39.660921660475445,11.316867311224357,97.43333775989656,30.638118680764293,13.89990055440459,20.58646894212097,40.281703519699924,56.7667696418243,59.88814092070772,63.511830878103424,2,3.0054218408776165,0.8586592674255371,43.46536927965103,11.00512684221426,0.14134080708026886,9.90147904256716,9.618411280746988,21.89571702361606,25.363546478173895,43.46536927965103,61.567192081128155,65.03502153568598,69.06712271258596,-8.950260656190714,-5.919399638080485,9.90147904256716,25.7223577232148,28.753218741325032,32.277249677183356,38.721425183210414,15.930813037446947,117.0706227456202,136.72029299865835,0.9693149449159485,6.236191415011784,41.181277803638785,60.74130010000829,64.30864260770758,68.43169261302461,2,3.9449183181426477,0.9979397654533386,40.06994671494403,8.597616790482741,0.002060158643871546,11.087814280928058,15.504072799563197,23.218927452721005,25.928125553979612,40.06994671494403,54.21176787590844,56.92096597716706,60.07099425730139,-19.299610019902904,-14.414116095953144,11.087814280928058,36.58974465780925,41.475238581759015,47.15568107716633,40.01023588287152,8.717164264151378,74.26193722608555,1.7268940754861501,22.983825655923994,25.792325899396566,40.0490762510509,54.2037070452636,56.9138700799938,60.064892141879184,2,2.656107618481542
86,196,reset,1.0,97.99665439421901,22.9188272436099,22.217600961222303,22.2671028049869,22.4678436699397,0.07494423538446426,64.1304950590528,9.032576392402808,0.925055742263794,19.687881608826558,8.593832416245741,46.42697064233657,49.2732290192928,64.1304950590528,78.98776109881281,81.83401947576904,85.14340994663056,2.844279583812071,5.552285189551611,19.687881608826558,33.8234780281015,36.53148363384104,39.6801253802231,23.018598852282626,14.538420257127717,74.43353374463008,136.93211798502944,3.1324140154803803,5.879414809296264,20.56199227325755,60.22795611405442,68.01492944034983,74.15949004883984,2,-0.5507551823429253,0.030585259199142456,63.6419547330149,8.862474434872968,0.9694147109985352,21.650528758558792,9.035658782751584,46.2718240267569,49.064481515049394,63.6419547330149,78.2194279509804,81.01208543927288,84.25915329332292,3.940962967772659,6.7881926378539195,21.650528758558792,36.51286487926366,39.36009454934492,42.670614358371395,22.934846760893098,11.56845864628113,81.54832279507153,52.280896979409036,4.06126957963639,6.924672280251334,22.00791362681443,40.17868278941241,55.704044390430795,67.61549869132301,2,-0.46700309095339776,0.04146192595362663,64.03273385615992,11.882570962681388,0.9585381150245667,18.96460488366185,9.520753925614713,40.74332272556296,44.487643910685186,64.03273385615992,83.57782380163465,87.32214498675688,91.67572755333319,0.30427008378866915,3.304358257802015,18.96460488366185,34.624851509521676,37.62493968353502,41.11319053778163,20.833217087123302,13.170565075672016,92.740689956346,80.72311224164099,0.4773177704752306,3.500613013967953,19.480911680303663,41.09015364953297,60.93477710786885,72.38017414260202,2,1.6346265828163986,0.026152268052101135,74.95532600479554,21.716309226364245,0.9738478064537048,18.313255545100013,9.710093343628005,32.39214204398672,39.23517600981057,74.95532600479554,110.67547599978049,117.51850996560435,125.4750158055615,-0.7181776949329901,2.341573290796134,18.313255545100013,34.284937799403885,37.344688785133016,40.90231055178714,19.794575519231834,13.63319874725184,104.15348887203676,81.71064840328621,-0.6090103062085845,2.4655274276477352,18.637025319853514,37.246725473509855,47.12555666529611,81.45369580647048,2,2.673268150707866,0.0676758661866188,62.48272645751554,8.10795706650588,0.9323241710662842,20.790194568154995,11.015556124457568,46.59142261896698,49.14632386950652,62.48272645751554,75.81912904552456,78.37403029606409,81.3446551419959,-0.7998987054614624,2.671217123953454,20.790194568154995,38.90917201235653,42.38028784177145,46.41621013966442,23.611773551775798,15.075041658999515,117.57946562098736,109.67743616866755,-0.4678713949036692,3.0480896106506163,21.793732802220276,57.4456370994468,65.19431565305277,70.96551577959744,2,-1.1439298818360975
87,197,reset,0.5,22.2671028049869,32.644416450043806,32.7831877322689,33.948249288784204,33.12528449036564,0.9998725652694702,24.981409265715584,7.470329793401762,0.00012739385419990867,3.486730041886858,10.376700210965028,10.339831918011585,12.69381021051505,24.981409265715584,37.269008320916114,39.62298661341958,42.359995098979724,-16.851228649973784,-13.581422935907081,3.486730041886858,20.55488301968079,23.824688733747493,27.626544517224495,24.978669954536144,7.474711335041804,55.81243287046333,0.058851167609050146,10.328046900841018,12.686725511093218,24.980262456037863,37.268591682735575,39.622625868552994,42.35970491813713,2,8.146614535829492,0.9974496960639954,22.716950852885432,6.812670691879197,0.002550337463617325,-6.982138428292913,12.605915121456883,9.364361658270631,11.511104756121934,22.716950852885432,33.92279694964893,36.06954004750023,38.565592833478945,-31.68927805851727,-27.717023636863683,-6.982138428292913,13.75274678027785,17.725001201931438,22.343605414847595,22.64120891450146,6.995936170993747,46.69938784154196,2.2437522541471187,9.09352279090388,11.360202283769041,22.69552418325634,33.914500631130416,36.06227357156467,38.55919966946124,2,10.484075575864178,0.9960928559303284,24.83306071668742,9.2938883775382,0.003907129634171724,6.571343002473384,11.813532431964346,6.6173742203771475,9.54597471041157,24.83306071668742,40.12014672296326,43.04874721299769,46.45387818534629,-16.582755094372615,-12.860188665352023,6.571343002473384,26.002874670298784,29.725441099319376,34.05372906048616,24.76170945975769,9.374543263594013,86.5841535345766,1.297899015404234,6.317088176168737,9.350654675424106,24.792989605984207,40.10330787503279,43.03386658486273,46.44078333948481,2,8.363575030607947,0.991263747215271,24.998774769163774,8.635185403720754,0.00873621180653572,2.58510490292997,10.712352357297025,8.074122378045125,10.795158738455273,24.998774769163774,39.20239079987227,41.923427160282415,45.08721997505805,-18.410719907074952,-15.035146725152202,2.58510490292997,20.205356531012136,23.58092971293489,27.505763035304295,24.802963177445964,8.903259639020217,74.91751535831932,4.35049163223604,7.148551307898191,10.240670938347638,24.90693805043609,39.16587590324585,41.89117614395595,45.05891529000209,2,8.322321312919673,0.9999371767044067,22.4932546845156,8.52779737855286,6.28547859378159e-05,0.230339398542597,18.63131189419627,5.779078955096903,8.466276236495665,22.4932546845156,36.52023313253552,39.20743041393429,42.3318779863631,-36.286360898814834,-30.415441545490253,0.230339398542597,30.876120342575433,36.74703969590002,43.573252214197915,22.491856062061288,8.530633811224671,72.74057792729101,0.031151224367069144,5.773506972001079,8.462925452876805,22.492738532113705,36.52010999088451,39.20740549794562,42.331999811198884,2,10.633428428304349
88,198,reset,0.9,33.948249288784204,36.4343189423846,37.3682861334511,37.9628525894841,37.2551525551066,0.8590182662010193,30.34014792157376,6.660744115463018,0.1409817636013031,11.899536929992436,7.523152563734426,17.28532934502914,19.384198805058734,30.34014792157376,41.29609703808878,43.39496649811837,45.83535583411119,-2.8455711451272148,-0.4749478505754059,11.899536929992436,24.274021710560273,26.644645005112082,29.40100690272092,27.74035896630192,9.341992821193415,46.09004645844832,41.18280634648824,4.92414652653504,9.010884015341116,28.99256433378268,40.798210047260405,42.956886892024045,45.451985338965976,2,9.514793588804679,0.5003798007965088,28.96725894766091,6.514010601413043,0.499620258808136,8.491048428860616,8.28322848463815,16.200032773979245,18.252664983926323,28.96725894766091,39.681852911395495,41.73448512134257,44.12111366173764,-7.743781076746448,-5.133649986964198,8.491048428860616,22.11574684468542,24.725877934467675,27.76071940429311,18.736931075431208,12.662183435559706,55.51216520145823,104.81874507986115,-5.130633650469926,-2.120811734269611,19.96832533529917,37.32739754547821,39.68950414377598,42.35038332524668,2,18.51822147967539,0.280678391456604,28.96740999894906,9.043963231919198,0.719321608543396,12.987057652460066,8.85209775084607,11.241567786882957,14.091414274911001,28.96740999894906,43.843405722987114,46.69325221101516,50.00681463642782,-4.3627351268262515,-1.5733474391480673,12.987057652460066,27.547462744068195,30.33685043174638,33.58011643594253,17.472397243982364,11.440385392675411,79.32338211803507,51.55903581490591,-3.089193335976698,-0.12599170910463897,16.66698290921364,37.55825797291543,41.2473889107349,45.319838786808724,2,19.782755311124234,0.2972654104232788,31.896556118553434,10.196438031298896,0.702734649181366,11.446463985880627,8.33703241400767,11.911904806613101,15.12490804078551,31.896556118553434,48.668204196321355,51.88120743049376,55.61701805545479,-4.893819283517434,-2.2667340183118814,11.446463985880627,25.15966199007313,27.786747255278684,30.841301618016946,17.525569699155895,12.92721825730092,79.750247986155,87.36274219304327,-3.609093158674569,-0.8037145655677239,15.544904105121514,41.71202286237216,45.95009808934325,50.55440383169075,2,19.729582855950703,0.9534968733787537,28.393323394275058,7.624727811653045,0.046503160148859024,14.27232069518034,12.217517753444621,13.449131491514185,15.85176219875978,28.393323394275058,40.93488458979033,43.33751529703593,46.13109272905419,-9.673574082049836,-5.823707693917054,14.27232069518034,34.368349084277725,38.218215472410506,42.69451714696247,27.736653096256937,8.43895619050681,62.37436800154661,8.841639377274163,10.130470981147296,13.898353287852787,28.048089039610684,40.81015915350676,43.23630906500172,46.05721128619915,2,9.51849945884966
89,203,reset,0.7,15.030013433826,15.173058595772899,15.1480517560455,15.2560817225581,15.192397358125499,0.9982289671897888,17.339584336385265,6.682707916830324,0.0017710017273202538,7.033835073339013,9.088954937031927,4.241717500197135,6.347507981529585,17.339584336385265,28.33166069124094,30.43745117257339,32.88588769153939,-10.780189260351083,-7.916165420036448,7.033835073339013,21.98383556671447,24.847859407029105,28.17790606835624,17.321332297674672,6.701758406031857,44.72579414425815,0.18776226280567881,4.169665832428334,6.2991704231519705,17.32854933638197,28.327031503705395,30.43344859195021,32.88249157929505,2,-2.1289349395491737,0.9812278151512146,16.283541623429954,6.074470908648766,0.01877216435968876,-1.5154952058082642,10.699967500341083,4.377797417342073,6.291926117527822,16.283541623429954,26.27515712933208,28.189285829517832,30.414874107687943,-22.48704614222586,-19.11537555700718,-1.5154952058082642,16.084385145390645,19.45605573060933,23.376351440916302,15.949414844992281,6.647648000876378,38.35573031820033,5.835488413260406,2.7509735173483496,5.413678021965126,16.15225603097357,26.224540311880396,28.145434486069668,30.377887493766057,2,-0.7570174868667827,0.9218761920928955,18.122434610657876,8.536673664739892,0.07812375575304031,8.507200127314754,9.965811710749156,1.390861679996128,4.080855971109344,18.122434610657876,32.1640132502064,34.85400754131962,37.98170724200595,-11.0254319024611,-7.885101410626458,8.507200127314754,24.899501665255958,28.0398321570906,31.691145013707366,17.37125543521435,9.033221514617152,74.940589134215,6.658486059890061,-0.9725800350746943,2.2756620077597165,17.54573191945517,31.887312668779263,34.60633963430541,37.762186982292526,2,-2.1788580770888526,0.9453048706054688,17.636286829130462,7.846757021164383,0.05469515174627304,5.693136207868335,9.708691398859878,2.2569256722114694,4.729520083061292,17.636286829130462,30.54305357519963,33.01564798604945,35.89057334343127,-13.335549270910828,-10.276240052498904,5.693136207868335,21.66251246823557,24.721821686647495,28.27892980332461,16.983054787773664,8.41037198640977,63.35942263332679,7.374940763241585,-0.3392490125445961,2.929294742404676,17.201265459156208,30.351286327191747,32.845198244850394,35.740425105173266,2,-1.7906574296481654,0.9994764924049377,15.570504017726151,7.838784345361808,0.0005235331482253969,5.195341293086912,15.668935839871502,0.20676901824061922,2.676851156367354,15.570504017726151,28.464156879084943,30.93423901721168,33.80624331462322,-25.5152086291301,-20.57776465359565,5.195341293086912,30.968447239769464,35.90589121530392,41.646736872654316,15.5650726739972,7.848517523718999,61.54290781171732,0.05632569920977583,0.1820278569254683,2.661429358316401,15.567971728561576,28.46499731814702,30.936029685790846,33.80997461669405,2,-0.37267531587170133
90,204,reset,0.6,15.2560817225581,15.3866156446492,15.1640553657858,15.2650920622437,15.271921024226232,0.999631404876709,18.024456271538284,7.025963877113926,0.0003685987612698227,4.765735245526713,9.834633107697913,4.253820115715584,6.46777410543741,18.024456271538284,29.581138437639154,31.795092427360984,34.36929240015001,-14.509791446726428,-11.410796691407235,4.765735245526713,20.942267182460654,24.04126193777985,27.64451306759142,18.019569188964663,7.031813148430563,49.38162388604389,0.06477344966647643,4.233617618186856,6.454694960161801,18.021786216096757,29.580062531313885,31.794136946250187,34.36847148466978,2,-2.7476481647384308,0.9946073889732361,16.5945130682163,6.310607903871485,0.00539262592792511,-5.313598925963049,11.817552823839076,4.225948856074384,6.214486769264656,16.5945130682163,26.974539367167942,28.963077280358213,31.275182349293058,-28.475576846087257,-24.751743549945374,-5.313598925963049,14.124545698019269,17.848378994161155,22.17813996214032,16.476371062722116,6.552589934116469,40.362122776629555,2.574316113285092,3.7510362918810793,5.94655401588767,16.554385194449722,26.95909847038271,28.949644807576163,31.26371538070413,2,-1.2044500384958834,0.9827024936676025,18.774237103084154,8.836086988638465,0.017297443002462387,6.728425552769835,10.779675376955813,1.4558248410897754,4.240167371763457,18.774237103084154,33.308306834404846,36.09264936507853,39.33004928394318,-14.399349951096795,-11.002562588375419,6.728425552769835,24.45941369391508,27.85620105663646,31.80570044880139,18.56587417540297,9.011236665280274,78.73589278649982,2.466471621889769,0.6947481607125607,3.7018352018637586,18.631832258548112,33.24378898554166,36.035259661672725,39.279488964991224,2,-3.293953151176739,0.9828663468360901,18.223407002096117,7.9602815049133016,0.017133696004748344,3.334437975300247,10.256534190890342,2.621541945665742,5.129909097184743,18.223407002096117,31.316904907007483,33.82527205852649,36.7417909578178,-16.76799964504849,-13.536059488537521,3.334437975300247,20.20493543913801,23.43687559564898,27.194704485305188,17.968304713672918,8.235042453127734,64.08279391459284,3.7331441218151498,1.5209512119469908,4.416979098281467,18.075679691148842,31.25442260237585,33.769858218403485,36.6930573847536,2,-2.6963836894466855,0.9998654127120972,16.02293499386333,8.156901055546452,0.00013458584726322442,1.5182836016275019,17.276973906609133,0.03570269953552874,2.6060267079634514,16.02293499386333,29.439843279763203,32.01016728819113,34.99872442319531,-32.34396301716468,-26.899809591404487,1.5182836016275019,29.93637679465948,35.38053022041968,41.71053511912674,16.020982849983174,8.160549276573015,66.56625310474593,0.028311020858693057,0.02728421732485467,2.6008533720910783,16.022111051718316,29.43992597639789,32.010515755912266,34.99955939615286,2,-0.7490618257569412
91,205,reset,0.6,15.2650920622437,15.1585546924443,15.157054365928898,15.1600553160098,15.158554791461,0.9996310472488403,18.032915143674586,7.026163480601836,0.00036889861803501844,4.7668519461212355,9.834048458292445,4.261887772204394,6.475904659052672,18.032915143674586,29.5899256282965,31.803942515144776,34.37821561943606,-14.507528854353605,-11.408718328117633,4.7668519461212355,20.942422220360097,24.041232746596073,27.644269670284473,18.0280203351162,7.032023204221981,49.384434810895485,0.06489794004014758,4.241673906496427,6.46281053678084,18.030242468043856,29.588861246279034,31.802996110616917,34.37741195360862,2,-2.869465543655199,0.9946025013923645,16.6020818166903,6.311028015266648,0.005397440865635872,-5.311311577885377,11.816670792210068,4.232694201344371,6.221364495986601,16.6020818166903,26.982799137393997,28.97146943203623,31.283728423018054,-28.471560747783506,-24.748005388943643,-5.311311577885377,14.125382233172882,17.848937592012746,22.178375397813014,16.48380461304026,6.553290946118652,40.367761919812246,2.5778446152540027,3.7572362131579706,5.953120846409188,16.561912140668674,26.9673419881727,28.95801101671865,31.27222359172138,2,-1.3252498215792592,0.9826966524124146,18.781304145493948,8.836480800925422,0.017303379252552986,6.729936065651316,10.779551973448084,1.4621200256004663,4.246586650604712,18.781304145493948,33.31602164038318,36.100488265387426,39.33803247072951,-14.397597571784601,-11.000849094786673,6.729936065651316,24.460721226089298,27.857469703087226,31.806923882195015,18.572775347805706,9.011797199803102,78.74291973601247,2.469579957133314,0.7003116592303417,3.707777647872935,18.63879822285573,33.25147264279403,36.04305230309009,39.28741140587521,2,-3.4142205563447057,0.9828516244888306,18.231687849499956,7.961230295816983,0.01714838109910488,3.336250590758027,10.25606215561488,2.627963197069505,5.136629322429444,18.231687849499956,31.326746376570462,33.835412501930406,36.75227902292333,-16.76526185745137,-13.533470444144847,3.336250590758027,20.205971625660894,23.43776303896742,27.195418982503423,17.976255316626737,8.23635963778976,64.09808693449662,3.739534954233293,1.5257722109867473,4.422704721448323,18.083780825236055,31.264207219209545,33.77996638427453,36.703513773299484,2,-2.817700525165737,0.9998652935028076,16.030892159935426,8.157103356378792,0.00013471758575178683,1.5211589707911912,17.27619707141294,0.04326336326219682,2.613651118777737,16.030892159935426,29.44813320109311,32.018520956608654,35.00715221137864,-32.33956507899454,-26.8956564420508,1.5211589707911912,29.93797438363317,35.381883020576915,41.711603299383285,16.028937621469783,8.160755878795158,66.56958077226638,0.028358589971884996,0.03483062483503427,2.6084762641491057,16.030066977305232,29.44824414859671,32.01889452082818,35.0079781855907,2,-0.8703828300087828
92,206,reset,0.6,15.1600553160098,15.179060546692101,15.159055633279399,15.1735973336955,15.170571171222335,0.9996346235275269,17.93425167906947,7.023843764390988,0.00036541614099405706,4.753866930029346,9.840876111383968,4.167770867826892,6.381056788070465,17.93425167906947,29.487446570068467,31.700732490312042,34.27415568795546,-14.533895824603814,-11.432933834160682,4.753866930029346,20.940667694219368,24.041629684662503,27.64716815044674,17.929436065162896,7.029593773054281,49.35174354223022,0.06345782396154369,4.147887377747513,6.3681693872865335,17.931614362170066,29.486382190901345,31.6998085946946,34.27335566143898,2,-2.7588648939405616,0.9946584105491638,16.513889443167173,6.306139752821172,0.005341557785868645,-5.33790199928832,11.826975996609539,4.1540826461613545,6.141212598676404,16.513889443167173,26.886566287657935,28.87369624017299,31.184164250547138,-28.518348998662734,-24.79154636317953,-5.33790199928832,14.115742364602884,17.842545000086087,22.175758466756335,16.397166313540776,6.545160263747407,40.3021404732729,2.5369738911983655,3.685194277415985,5.87654681064433,16.474210052427743,26.871311271540726,28.860433717397235,31.172868091382398,2,-1.2265951423184411,0.9827657341957092,18.69891106249794,8.83187980566187,0.01723432168364525,6.712295433071148,10.780999098735434,1.3887447276140605,4.1717615313555445,18.69891106249794,33.226060593640334,36.009077397381816,39.24493587218367,-14.418074517809089,-11.02087003664439,6.712295433071148,24.445460902786678,27.84266538395138,31.792649766450545,18.49233091772527,9.005245726016847,78.6609361636615,2.4335335311393864,0.6353425729222717,3.63854968340635,18.557567970639695,33.16201989594343,35.952083022223114,39.19471224972609,2,-3.3217597465029343,0.983022153377533,18.13513910292891,7.950157022590722,0.016977794468402863,3.31521130419452,10.261577550640613,2.553117667212902,5.058294489486839,18.13513910292891,31.211983716370977,33.71716053864492,36.629969990723694,-16.79711111962583,-13.563581748220503,3.31521130419452,20.194004356609536,23.427533728014865,27.18721042343253,17.883528468904217,8.221023045317173,63.91967325755344,3.6655299741389595,1.4693873572601674,4.355918769078333,17.98932261279551,31.150292407416522,33.66249650908289,36.58190575854168,2,-2.712957297681882,0.9998668432235718,15.938119695568084,8.154737110976507,0.0001331880339421332,1.4877118998440721,17.28526149737405,-0.04487134533808401,2.5247707817425997,15.938119695568084,29.35146860939356,31.921110736474247,34.90887503705023,-32.39077809836596,-26.94401316691628,1.4877118998440721,29.919436966604415,35.3662018980541,41.699243236500195,15.936195572350108,8.158337841515308,66.53067641455912,0.027807859972626487,-0.05316593538284092,2.5196991271623004,15.937306869997446,29.351533174167837,31.921428206204347,34.90969281671177,2,-0.7656244011277735
93,207,reset,0.1,15.1735973336955,15.183561668794901,15.1810607158933,15.1685959098185,15.177739431502234,1.0,17.44979782984486,8.30907039296144,4.636121175849439e-08,-7.277621721355203,18.702349157136847,1.164319114632363,3.7825932573871377,17.44979782984486,31.11700240230258,33.73527654505736,36.779586073766396,-43.93355249563647,-38.040248564984566,-7.277621721355203,23.48500512227415,29.378309052926056,36.23054847991961,17.4497974924455,8.309072225097099,69.04066701131399,2.8347343336630036e-05,1.1642987725253278,3.782525422379344,17.449796881875113,31.11703667742269,33.73538713590553,36.77975310844785,2,-2.2720580609432677,0.9999986886978149,16.9028626942155,6.745241801451484,1.3023608289586264e-06,-21.867973140859704,25.61115320454468,3.682431696356515,5.807927252433339,16.9028626942155,27.997798135997655,30.123293692074483,32.59464161891357,-72.06491102430488,-63.99457137976486,-21.867973140859704,20.258625098045435,28.328964742585462,37.71247866826708,16.902812049463087,6.74544600370627,45.499081557105654,0.0019576772206437447,3.6821020639604414,5.807779018703485,16.902853021501404,27.997976914745948,30.123375914172815,32.594963219414026,2,-1.725072617960853,0.9999992847442627,19.753761549214644,8.982072663944884,7.696423267589125e-07,0.8885345972708762,20.633143366480816,2.149222621360927,4.979566750383224,19.753761549214644,34.52795634804606,37.358300477068354,40.64918719546317,-39.551683288883055,-33.049966104494814,0.8885345972708762,34.82703529903655,41.3287524834248,48.8884038026634,19.753748104077197,8.982101757565669,80.67789929246366,0.00027391302230158644,2.1490797386663187,4.97942109162907,19.75375539238266,34.528057148824125,37.358369660617164,40.64935031743514,2,-4.576008672574963,0.9999918937683105,18.436632079383955,7.039228068354444,8.059560059336945e-06,-8.182089861342604,17.458145091348584,4.639998586445786,6.858132260212537,18.436632079383955,30.015131898555367,32.23326557232212,34.81232533108893,-42.399425477260564,-36.898183134692374,-8.182089861342604,20.534003412007156,26.03524575457535,32.43162885661271,18.436416683728098,7.039780752737267,49.552786576358635,0.005710606496164629,4.639115828312291,6.857708472748775,18.43657034247947,30.01525086178288,32.23326221599518,34.81245314542198,2,-3.258677252225864,1.0,15.976216988314619,8.534613567930549,2.9605597973159092e-08,-17.536027194944694,32.57780045460778,-0.7513182267961511,1.9380269064748052,15.976216988314619,30.014407070154427,32.70375220342538,35.83069711782997,-81.38734278150856,-71.12174043080765,-17.536027194944694,36.04968604091824,46.31528839161916,58.25126963355886,15.976216469150048,8.53461691391993,72.83966017471266,3.3249173259798e-05,-0.7517510033017188,1.9376349562573767,15.976215997832105,30.014500804096407,32.70403966918946,35.8310901046621,2,-0.7984770376478139
94,213,reset,0.7,25.1615813852608,25.480173876706502,25.9328029210709,27.1657116560734,26.192896151283602,0.9957242012023926,26.27698965088527,6.951235298319227,0.004275835119187832,8.093071442100879,8.58799603723269,12.652818818116044,14.843225058651786,26.27698965088527,37.71075424311875,39.90116048365449,42.44798110908785,-8.739091490247905,-6.032924987986188,8.093071442100879,22.219067872187942,24.925234374449655,28.071737765588313,26.1992391692255,7.059474560599397,48.42842553415712,1.4077804687303384,12.296881138882393,14.627452934608423,26.240871685191262,37.696398306434205,39.888477678026256,42.436871853569805,2,-0.006343017941897955,0.9521040320396423,24.306673950935085,6.559808812510706,0.0478958934545517,0.7126407669110932,9.947783334907,11.449684932945638,13.516748633568616,24.306673950935085,35.096599268301546,37.16366296892453,39.56707123603374,-18.78465629551438,-15.650006731638104,0.7126407669110932,17.075288265460284,20.209937829336564,23.854645379490897,23.17661484040158,8.431808606782669,45.70977653029378,25.38557982991883,1.1571205010982066,9.449921905153769,23.900999938005373,34.94064668534127,37.026149413531776,39.44650688696241,2,3.0162813108820217,0.8890945315361023,25.639334730000733,9.041116184872047,0.11090544611215591,9.853665915179377,9.862066449235622,7.919072627609339,10.768021981624283,25.639334730000733,40.51064747837718,43.35959683239212,46.67211614563406,-9.475629138463258,-6.367989853082268,9.853665915179377,26.075321683441015,29.18296096882201,32.79626323300817,23.888617514830432,10.393945896777034,83.46287427856083,24.571224271187116,1.408606147341212,5.759804612988996,24.41961238698373,40.00031730425345,42.907628351280096,46.27462113477092,2,2.3042786364531693,0.8727493286132812,26.60036078802193,9.049792867571169,0.12725070118904114,7.381328561724054,9.26574900609562,8.863092700034976,11.714776166637924,26.60036078802193,41.48594540940593,44.33762887600888,47.65332718600608,-10.779205780011168,-7.859472297374332,7.381328561724054,22.622129420822432,25.54186290345927,28.93668406345063,24.154726253803275,11.109620592918741,82.40207491823868,41.021612188554414,-0.8190970505152919,3.857942506128659,25.032701953088644,40.88208379455958,43.80571871569101,47.18749685924081,2,2.0381698974803264,0.9984435439109802,24.01797717646175,8.08236331387026,0.0015564903151243925,7.876420737385395,14.947125121405154,8.176836171308233,10.723672565302726,24.01797717646175,37.31228178762076,39.85911818161526,42.820365888909514,-21.419406172982598,-16.709412231055346,7.876420737385395,32.46225370582613,37.17224764775338,42.64863348658872,23.99285382223509,8.122534084196053,65.57066756641291,0.4049120850116975,8.071931201843288,10.659210433443329,24.006615132793392,37.30924773100169,39.857253700173686,42.82027945913684,2,2.200042329048511
95,214,reset,0.5,27.1657116560734,26.0898717813251,25.427719672612998,26.0093987563346,25.8423300700909,0.9998112320899963,29.5760603751647,7.548058493540084,0.00018881564028561115,4.3885709683982554,10.120124762650857,14.782137574624478,17.160608985623426,29.5760603751647,41.991511764705976,44.36998317570492,47.13547020474759,-15.446509085449392,-12.25755295264942,4.3885709683982554,21.034694889445923,24.223651022245896,27.931501695019143,29.571305994898875,7.55655293986561,56.981770229772145,0.11976384154368735,14.762007480466114,17.148852738888163,29.574296293816662,41.99086320471915,44.36938313625376,47.134939213657326,2,-3.728975924807976,0.9961628913879395,26.917379679023064,7.014184573982794,0.0038371048867702484,-5.34600482195971,12.211965269932957,13.169830533100363,15.380072742400394,26.917379679023064,38.45468661564573,40.66492882494576,43.234813050838,-29.28101693148227,-25.432900188414358,-5.34600482195971,14.740890544494928,18.589007287562847,23.063274621609406,26.79358158841554,7.318542105037043,49.58223964875108,3.978816220077938,12.724285916679996,15.13653707728567,26.8837991196227,38.441695153198694,40.65350758523092,43.2248221202161,2,-0.9512515183246428,0.9954875111579895,28.835105254597785,9.42775623298737,0.004512452054768801,7.751765661841048,11.802035001326276,10.357042582919526,13.327826220754154,28.835105254597785,44.34238428844141,47.31316792627604,50.76734592418324,-15.379797885039586,-11.660854415498708,7.751765661841048,27.164385739180798,30.88332920872168,35.20740469653202,28.739966634767075,9.544989950646036,89.11003646184622,1.9967663103526616,9.938135780226974,13.063359113253638,28.78554655771432,44.32215548690584,47.295264090282444,50.75163411498514,2,-2.8976365646761764,0.9869057536125183,29.514682302632323,9.084463858553947,0.013094285503029823,3.901344249098358,10.576940946497091,11.709460321010809,14.57206897598029,29.514682302632323,44.457295629284346,47.31990428425383,50.64830548678015,-16.829079072642937,-13.496175428798928,3.901344249098358,21.298863926995637,24.631767570839646,28.506988333837384,29.179295095956707,9.55979209654704,82.91172810822734,8.477930125176336,9.990622154632959,13.587581599619046,29.366035275642744,44.39925956538322,47.26871684447651,50.60335793589007,2,-3.3369650258658083,0.9998993873596191,26.887903099078706,8.588739155623491,0.00010057962936116382,2.1691204447474064,18.262303037955608,10.054283681447703,12.760684348011276,26.887903099078706,41.01512185014613,43.721522516709705,46.868298174454736,-33.62433578440201,-27.869694943720777,2.1691204447474064,32.20793583321557,37.96257667389681,44.65359029218502,26.885416005483975,8.593837128843953,73.79256293141744,0.06144980446967654,10.044721213043891,12.75501817131677,26.8870110702154,41.01488759857322,43.721406902808,46.86825841006527,2,-1.0430859353930764
96,216,reset,1.3,12.1487005810602,12.6018338440647,12.794883684271399,12.8448967161122,12.747204748149434,0.18311834335327148,5.741472620075768,4.897599303224801,0.8168815970420837,14.25825674131596,7.7966390129601235,-3.8576456249533084,-2.3143613571885524,5.741472620075768,13.797306597340086,15.340590865104842,17.134992347036686,-1.0228749245457998,1.4339267828171511,14.25825674131596,27.08258669981477,29.539388407177718,32.39595133377962,12.698676492478679,8.055987975360683,54.04861963318373,10.850313014342621,-2.0630057440241347,0.024946812985797123,12.428212594515879,26.30200261936552,28.853529383283064,31.79651501840743,2,0.048528255670754916,0.14442257583141327,9.791594625128177,4.654348736400849,0.8555774092674255,16.036319216931034,8.155452581586887,0.6692387302929994,2.1358722249622346,9.791594625128177,17.447317025294115,18.91395051996335,20.619228913098965,0.051925879396524266,2.6217934586770895,16.036319216931034,29.45084497518497,32.02071255446554,35.00873899194657,15.134439767065317,8.05312873969403,60.03427792096072,4.8186011639954085,0.1803688932379462,2.5041676176762,14.79359268821636,28.8243748172465,31.469604750047452,34.52665841534782,2,-2.3872350189158826,0.015461375005543232,8.046143043686534,6.7324455994697825,0.9845386743545532,15.72207319600519,8.559484432258602,-5.149207859149417,-3.0277445188548207,8.046143043686534,19.120030606227886,21.241493946522482,23.708153551108676,-1.0542080174529431,1.6429741827699615,15.72207319600519,29.801172209240413,32.49835440946332,35.63441160787566,15.603393537446884,8.586599352675428,72.8328027792804,0.8968976815854915,-1.1943462646802459,1.4907417337109896,15.597737674381074,29.73725190310027,32.44158496108141,35.58444695593976,2,-2.85618878929745,0.0779767856001854,8.808126661439239,6.572116120814249,0.9220232367515564,13.144269675289216,8.717095662063574,-4.072984237571783,-2.0020423766283226,8.808126661439239,19.618295699506795,21.68923756045026,24.097155027045005,-3.9409238721457314,-1.1940767409390052,13.144269675289216,27.48261609151743,30.22946322272416,33.42326663654145,12.806151474963816,8.647676482108503,73.43050617221125,1.351806032631321,-3.9545087308634823,-1.2830156150986245,12.729045032850776,27.154281107489346,29.932475630925904,33.15908612619791,2,-0.058946726814381734,0.7283830046653748,6.200350249403556,5.711166935880131,0.27161696553230286,16.366873382288027,10.372349394397473,-4.99333125461748,-3.1936833992042075,6.200350249403556,15.594383898011316,17.39403175342459,19.486511308980642,-3.962557865796864,-0.6941231390945681,16.366873382288027,33.42786990367061,36.696304630372914,40.49656634475339,8.961750227986759,8.56904737266307,52.9800629309003,20.4485075505306,-4.833214378604066,-2.840888699152935,7.799049626450163,25.73387525312016,30.146701228129974,34.92196008009955,2,3.7854545201626753
97,218,reset,0.1,127.6390653144,127.72648140359999,127.64276364450001,127.8030728459,127.72410596466666,0.9999991655349731,119.2302705021689,6.437433667346851,8.423896247222729e-07,43.481944461180866,31.450021866504215,106.61313236130347,108.64163438617392,119.2302705021689,129.81890661816388,131.84740864303433,134.20598062848018,-18.15896571016458,-8.248738073641725,43.481944461180866,95.21262699600344,105.1228546325263,116.64563596886092,119.23020763741691,6.437862352009565,41.44135085164162,0.00483346661355152,106.61260893805805,108.64123531359674,119.2302633471377,129.8190825045724,131.8479512361774,134.20640411766456,2,8.493898327249752,0.9999996423721313,122.5130249899839,5.39209738877516,3.7000546626586583e-07,62.5311768325252,55.84997840906546,111.94470830685212,113.64381404318152,122.5130249899839,131.3822359367863,133.08134167311567,135.05691928698218,-46.932769386582756,-29.333862718787564,62.5311768325252,154.39621638383792,171.99512305163313,192.45765536968148,122.51300431278914,5.392309654794262,29.075857980590964,0.001331213356497548,111.9441984725428,113.6423488420945,122.5130266712798,131.38235376399336,133.0826985658858,135.05817233492118,2,5.211101651877527,0.9999998807907104,129.88038972874887,4.4020158737089305,1.7059703338873078e-07,60.723578435388276,44.627674205635515,121.25259715690574,122.63971795298077,129.88038972874887,137.12106150451694,138.50818230059198,140.12100999804568,-26.745055721444515,-12.682413344159997,60.723578435388276,134.1295702149365,148.19221259222104,164.54307344705572,129.88038460506223,4.402048416506635,19.37808120842938,0.0008159082889817471,121.25100148012218,122.63832905468132,129.88039211653305,137.12236791078024,138.50980897946633,140.12206506675784,2,-2.15627864039557,0.9999866485595703,123.88184636849446,4.143880011641298,1.3394083907769527e-05,57.78774087858616,79.50922259205859,115.7599907894221,117.06577030169457,123.88184636849446,130.69792243529437,132.00370194756684,133.52195282385654,-98.04747184062711,-72.99329227805339,57.78774087858616,188.56877403522566,213.6229535977994,242.75385182226165,123.88096638125252,4.161014515861037,17.256185884332556,0.05851034474442607,115.75714323614002,117.06132103699035,123.88183189380685,130.7010698283149,132.0093535813094,133.5279139962222,2,3.8431395834141426,0.9999995231628418,121.66646883493476,5.0996438878452395,4.6992866487016727e-07,63.00249798605031,46.80502188005946,111.67135048077827,113.27830108985161,121.66646883493476,130.0546365800179,131.66158718909125,133.5300145517889,-28.73365919447547,-13.984912012908545,63.00249798605031,139.98990798500913,154.73865516657605,171.88726113116167,121.66644042652128,5.099912191856106,26.007384859494614,0.0016172406372238304,111.66981022951175,113.27697568527618,121.6664699479401,130.05534115502437,131.66195138082844,133.53103840579234,2,6.057665538145386
98,222,reset,0.8,39.0634460678345,39.0516997642839,39.0717184835797,39.1067394990583,39.07671924897397,0.9459059238433838,36.050105098476486,7.089628623387874,0.05409403517842293,11.2419405417279,7.721947522651353,22.154688332871967,24.38870374355796,36.050105098476486,47.711506453395,49.945521864081,52.54304757423396,-3.8927984931770503,-1.4595328480341205,11.2419405417279,23.943413931489914,26.376679576632846,29.205876744502813,34.70812989496345,9.069758432955105,50.76945719181541,31.491011475788774,10.456304871232446,18.263524983828216,35.542367256999874,47.519286815030796,49.77615658700126,52.394643250705656,2,4.368589354010524,0.6637481451034546,33.67682232456881,7.003230658247615,0.3362519443035126,6.737100212460632,8.610357696903602,19.950742458976748,22.157532975972472,33.67682232456881,45.19611167316515,47.40290219016087,49.96877307780079,-10.13889076747768,-7.4256778746407885,6.737100212460632,20.899878299562047,23.61309119239894,26.767787535383516,24.618291396318654,14.814186575520953,57.48282080643503,161.97735727392103,-5.697534207274453,-2.2352124759026797,28.93595619144984,43.74214911187286,46.13181855954279,48.86236312271167,2,14.45842785265532,0.5467911958694458,34.09650214462213,9.524634055579021,0.4532088041305542,12.709258149488846,9.241008288636372,15.42856242976357,18.42987327291746,34.09650214462213,49.763131016326795,52.764441859480684,56.25411433083538,-5.4027852770745675,-2.4908478507633145,12.709258149488846,27.909364149741002,30.821301576052257,34.207058135751865,24.4036148699394,14.200653783037751,88.3064864244489,113.35208144125562,-2.053607851842129,1.3732903733957043,24.80250795807011,46.78805000227501,50.17463415351598,54.00802549148857,2,14.673104379034573,0.44200384616851807,37.2785108179311,10.943742700656907,0.5579962134361267,11.057409814499358,8.524962469555648,15.82916926857045,19.27765594433188,37.2785108179311,55.279365691530316,58.727852367291746,62.737463383654266,-5.651209595385353,-2.9649056231744346,11.057409814499358,25.079725252173148,27.766029224384067,30.889438131828097,22.64723796786236,16.219219878512337,93.48918003952667,169.57394399906963,-3.42069499992137,-0.40519608708788274,19.939410950516802,50.52162108531229,54.61689682620736,59.19156024447765,2,16.429481281111613,0.9773772358894348,33.625642911330864,8.071329152138253,0.02262270450592041,13.522814992766449,12.99188757682548,17.806128465771675,20.349487881117103,33.625642911330864,46.90179794154462,49.44515735689005,52.402362325091545,-11.940816749004853,-7.846938408920725,13.522814992766449,34.89256839445361,38.98644673453774,43.74646503689202,33.17086057135131,8.742233228724935,67.49103057814098,8.935545663933542,15.551697766867104,19.078993145530116,33.42088949856502,46.82135748772108,49.37515327963342,52.34271045258219,2,5.9058586776226605
99,223,reset,0.6,39.1067394990583,39.7204159363075,39.49885433573,39.632385841885004,39.617218704640834,0.9975211024284363,39.21250947245936,7.5414709041029395,0.00247892364859581,8.486835176859053,8.810118305126906,24.431498109960877,26.807893703296635,39.21250947245936,51.61712524162208,53.99352083495784,56.756594277360094,-8.78067940072675,-6.004519871200502,8.486835176859053,22.9781902249186,25.754349754444853,28.982235166039327,39.13634389437481,7.6980281591082305,56.925208667124565,2.334468812273957,24.11855906388131,26.63560370885341,39.18903215330579,51.6080722265963,53.985525052910155,56.749594059598124,2,0.4808748102660232,0.9611252546310425,35.950643219919726,7.369691198336883,0.03887474909424782,1.4938132929474932,10.241706888551933,21.5063138939976,23.828579922822957,35.950643219919726,48.07270651701649,50.39497254584185,53.09510867150823,-18.579563348830078,-15.352295428861037,1.4938132929474932,18.339922014756016,21.56718993472506,25.319586339679717,34.61114273585209,10.031915082238505,56.27864159750787,44.360683082378145,5.239326499679251,19.57526406857289,35.57721747351229,47.9304946342448,50.26963966077102,52.985207126748755,2,5.006075968788743,0.9639633893966675,37.239129589235304,9.713382080825768,0.036036550998687744,11.390936453419556,10.69998705608821,18.201250542740066,21.262037843623595,37.239129589235304,53.216221334847006,56.27700863573054,59.83583534271073,-9.5806528115581,-6.20897606412095,11.390936453419556,28.990848970960055,32.36252571839721,36.28282859361488,36.30764763944745,10.875893135572287,95.0755594949176,23.209413427928787,12.588304630821872,18.100995475913333,36.79187559397165,53.04293989653039,56.124210021844476,59.70183016371428,2,3.3095710651933814,0.89015132188797,39.47961130741636,10.526259867642814,0.10984869301319122,8.69947762774975,9.599320825535036,18.848521074927085,22.16545458589035,39.47961130741636,56.79376802894237,60.110701539905634,63.96735357210865,-10.114845466344224,-7.090000048402361,8.69947762774975,24.488955303901854,27.513800721843722,31.030837222469152,36.09845444022573,14.191304876018112,108.7529005984288,92.64025290334605,1.4908139602633934,7.392416709396799,37.84896586081558,56.192822535819474,59.58176828479942,63.504338707680674,2,3.518764264415104,0.9986012578010559,36.30976496014776,8.55867994928199,0.0013987935381010175,9.449851875070486,15.69537116396966,19.53506050434996,22.23198920365443,36.30976496014776,50.387540716641084,53.084469415945556,56.22023186475589,-21.31251033029856,-16.36673631033457,9.449851875070486,35.26644006047553,40.21221408043952,45.962745214653225,36.27219535140312,8.63138551342113,73.49312854686498,1.0077548799303253,19.386468359639405,22.145076713846645,36.29604886522746,50.382268322726624,53.07991228520878,56.216414966938885,2,3.345023353237714
100,224,reset,0.5,39.632385841885004,39.2163475697826,39.6398953348204,40.2796211298836,39.71195467816219,0.9995367527008057,40.83149606024331,7.728881046511802,0.00046326752635650337,7.037034123834438,9.685680353517151,25.68316756828593,28.118618038611878,40.83149606024331,53.544374081874736,55.97982455220068,58.81156205151059,-11.946550534826361,-8.894492335140871,7.037034123834438,22.968560582809744,26.020618782495234,29.569296022878202,40.81584100936277,7.764032022318323,59.75139011503123,0.5288368256475168,25.624608062034497,28.086003653522344,40.82700842947303,53.542645643579185,55.978340188330826,58.81027294635567,2,-1.1038863312005773,0.9908112287521362,37.403543521695816,7.4747089320858455,0.009188830852508545,-0.7444754842109802,11.536934595937236,22.75338321988771,25.10874142434784,37.403543521695816,49.698345619043785,52.05370382350392,54.79231675492781,-23.35645178424213,-19.721044198240268,-0.7444754842109802,18.2320932298183,21.867500815820165,26.094447785995836,37.053010057117184,8.35644731769311,56.58092655446586,13.249367051654744,21.413957418610934,24.430994041782977,37.316744475028635,49.664905056859766,52.024231552616556,54.76647909025918,2,2.658944621045009,0.9939524531364441,38.98065383718509,9.673212553219951,0.006047507748007774,11.064800538240902,11.89806450909431,20.02150561807324,23.069635084748732,38.98065383718509,54.891672589621436,57.939802056296934,61.483911295513494,-12.254977385318188,-8.505774023245468,11.064800538240902,30.635375099727266,34.38457846179999,38.74383761417323,38.81183097331783,9.927014902521352,93.86127486196885,4.684291090884623,19.226182720809593,22.60414043651903,38.908311828834954,54.86331340486795,57.91476110804587,61.46199724909896,2,0.9001237048443613,0.9687473177909851,40.788459929843214,10.156647480585667,0.031252626329660416,7.571955287367146,10.506821454999235,20.881796664225824,24.082261483734342,40.788459929843214,57.494658375952085,60.695123195460596,64.41635520368594,-13.021036356424087,-9.710228090619896,7.571955287367146,24.85413866535418,28.164946931158376,32.01447704213131,39.75035464304167,11.695648937399447,103.38362031670653,33.40449545573811,13.100209827018656,20.49905748978694,40.378421122282425,57.33786194490633,60.556876665780194,64.29516660639895,2,-0.03839996487947417,0.9997034668922424,37.81528235974363,8.670991976709075,0.0002965638122987002,7.338543284356064,17.543938177000143,20.820450375158064,23.55276975758658,37.81528235974363,52.077794961900665,54.810114344329186,57.98702611058597,-27.046943689561516,-21.518667057095033,7.338543284356064,36.19575362580715,41.724030258273636,48.15184656472429,37.80624522291789,8.690823796897522,75.25508599832479,0.27537615676995497,20.787056809678866,23.533397569957376,37.81232380703817,52.0767389128889,54.80916960021148,57.98638557527717,2,1.9057094552443061
101,227,reset,0.8,102.96001815390001,65.8303144648292,65.88179488361979,66.00869202456579,65.90693379100493,0.5997406840324402,75.62919682068583,8.858968561448492,0.4002593457698822,24.120427712648294,9.641977304706439,58.26593750007417,61.05749025133821,75.62919682068583,90.20090339003346,92.9924561412975,96.23823949980618,5.2224994556710875,8.26078637201812,24.120427712648294,39.980069053278456,43.018355969625496,46.55102111700215,55.01233285001651,26.854679217853647,84.27964424753091,636.8942418387493,9.325249348000629,13.024955485528592,67.04613175876027,87.87904263563516,90.96819940885146,94.47999068406963,2,10.894600940988418,0.3097488284111023,74.13329680265947,8.718224500708038,0.6902511715888977,26.271222728491324,10.889487640431266,57.04589077213702,59.79309361209266,74.13329680265947,88.47349999322628,91.22070283318192,94.41491983529238,4.928219143151985,8.359609487484718,26.271222728491324,44.18283596949792,47.614226313830656,51.60395915020261,41.096444098290306,24.39615755021573,105.39384851123349,489.778654703715,6.7097509681735215,10.395701351270686,32.76010590535431,82.75246922851674,86.34151663897843,90.24666409427329,2,24.810489692714626,0.4268988370895386,76.24641531148725,10.790745278501534,0.5731011629104614,25.158177035671073,11.151980388091424,55.09694319927861,58.49721880263452,76.24641531148725,93.99561182033997,97.3958874236959,101.34944264944554,3.3006971187148615,6.814801646627203,25.158177035671073,43.50155242471494,47.01565695262728,51.101562902852706,46.967686544570256,27.559709245383377,120.98286023951414,638.5547134505563,6.086951310376503,10.014641179968836,37.84210585459806,89.08189627081944,93.15514158371525,97.69478532324757,2,18.939247246434675,0.19282403588294983,84.56337948292665,17.90236400236492,0.8071759939193726,24.953912536583744,12.396013172508304,49.475390800165066,55.11661112263123,84.56337948292665,114.01014784322206,119.65136816568823,126.21050592013356,0.6581731665833637,4.564285310045225,24.953912536583744,45.34353976312225,49.24965190658412,53.79135142703069,36.44805127369342,27.1822524779292,185.83065484387257,553.0442345212217,1.8142435941320882,5.880578747247133,28.715520748155843,96.11924971040935,104.75794282720906,113.69182310756074,2,29.45888251731151,0.5360330939292908,73.90961884136456,8.041477641317956,0.46396684646606445,28.447178573188765,13.354344583442712,58.148612281897265,60.68256517699355,73.90961884136456,87.13667250573558,89.67062540083185,92.61689325639153,2.273144152503491,6.481236449553265,28.447178573188765,50.41312069682426,54.62121299387403,59.51402970408954,52.81654939213064,25.128288665046227,117.40593479585003,514.0247901656455,6.9691507576814296,11.907878352920404,62.173546447558294,84.53171235222233,87.4064566845198,90.65508825575509,2,13.090384398874292
102,228,reset,0.3,66.00869202456579,66.8576567059901,65.9081951568022,65.92718342590611,66.23101176289947,0.9999624490737915,66.54454819403836,7.796095498057233,3.752506017917767e-05,13.43930520917592,12.766591883207935,51.26448179781132,53.72111223799887,66.54454819403836,79.36798415007785,81.82461459026538,84.68097838176317,-11.582755087233021,-7.559869753727888,13.43930520917592,34.43848017207972,38.46136550558486,43.138839095423755,66.54255369535629,7.803132463894788,60.782938757657604,0.10582295894511998,51.25952928441656,53.718406491000856,66.54418181987405,79.36791307803014,81.82453388101051,84.68097542973484,2,-0.3115419324568194,0.9995458722114563,63.385419070531086,7.483569708542399,0.000454074761364609,11.741057155280608,16.529828380572564,48.71789196599307,51.076042292890946,63.385419070531086,75.69479584817122,78.0529461750691,80.79480555223513,-20.65681114126967,-15.448091009389564,11.741057155280608,38.93020531995077,44.13892545183088,50.19518826668555,63.361965308068626,7.570547925694193,56.102451913867405,1.2105310911007607,48.66143443223529,51.04488420978076,63.38116637838048,75.69325061322557,78.05159124701751,80.79369096980618,2,2.869046454830844,0.9999043941497803,65.32705593015245,8.532742285231391,9.563106868881732e-05,22.356213403343098,17.43726899412317,48.603188361736926,51.2919438344474,65.32705593015245,79.3621680258575,82.05092349856798,85.17718280513888,-11.820205813875297,-6.325541745768859,22.356213403343098,51.03796855245504,56.532632620561486,62.921367056899804,65.3229482300075,8.544370375990562,72.82980748993592,0.17656524158501374,48.590348746524924,51.284764916819015,65.32604697155173,79.36184793329085,82.05069272871272,85.1770294808751,2,0.9080635328919726,0.9969846606254578,66.623060809902,9.099641815668415,0.0030153465922921896,18.037899836183477,16.490943463252115,48.78809057897724,51.65548196544052,66.623060809902,81.59063965436347,84.45803104082675,87.79199320231535,-14.283755422876908,-9.087288331198447,18.037899836183477,45.16308800356539,50.35955509524385,56.40157110284773,66.47656019119253,9.511577828483581,83.37382774969424,7.096316933804839,48.32161552736385,51.40188722091243,66.5886792098392,81.57741607256946,84.44634291810374,87.78173117710489,2,-0.24554842829306267,0.9999710321426392,64.00792165907326,7.913670044469626,2.890796349674929e-05,19.19603164117155,22.95081094423341,48.49741338637931,50.99109278393017,64.00792165907326,77.02475053421634,79.51842993176722,82.41787114288586,-25.786731225513655,-18.554692981928333,19.19603164117155,56.94675626427142,64.17879450785674,72.5876018888022,64.00662240491064,7.91819931154888,62.6395863993575,0.05804856201551295,48.49382119181403,50.98913497101664,64.00765029616667,77.02485411624791,79.51850959054322,82.41812295177172,2,2.2243893579888265
103,230,reset,1.5,67.3462804312586,10.3416990439409,10.5187511465439,10.5367549407898,10.4657350437582,0.0009651865693740547,29.328697706755356,7.076826352381202,0.9990348815917969,10.808649921674643,8.480099562639511,15.458372931244236,17.688354213735373,29.328697706755356,40.96904119977533,43.19902248226647,45.79185764657356,-5.812039806412667,-3.139872600842555,10.808649921674643,24.757172444191838,27.42933964976195,30.536311510875734,10.826525959791205,8.498337884272036,71.8910228752038,0.3307319094701418,-5.808550776161692,-3.135929374980034,10.818825887511988,24.812151604850317,27.510922801534463,30.66619275561812,2,-0.3607909160330056,0.0017309049144387245,34.19479067835131,6.530572970556833,0.9982690811157227,19.28879331616116,8.103236039415139,21.39510285764916,23.45295404165965,34.19479067835131,44.93662731504297,46.99447849905346,49.38717522467478,3.4067425206804955,5.960156126685282,19.28879331616116,32.61743050563703,35.17084411164183,38.13973924930569,19.314593910788656,8.124440005205265,65.6225982592287,0.38392192745330406,3.4127300623122285,5.966954120348474,19.30600459565358,32.69171494647362,35.27053114793525,38.27739071479966,2,-8.848858867030456,0.0008548230980522931,29.00557742265081,10.293509388353488,0.9991451501846313,10.940566248427828,8.891559899874801,8.830669746953046,12.074261171158536,29.00557742265081,45.93689367414308,49.18048509834857,52.95186110466638,-6.486570921707354,-3.684748302137514,10.940566248427828,25.565880798993163,28.367703418563007,31.625427718408364,10.956008344943557,8.908510467792933,79.0828270886062,0.2787284591805589,-6.4833702761927805,-3.6811196408124984,10.949343720699355,25.608804072938803,28.432934535229624,31.737103866336597,2,-0.4902733011853577,0.0021360667888075113,41.29756480982473,17.091786376011594,0.9978639483451843,8.302180371786683,8.13186700188031,7.798279081389623,13.184077998162287,41.29756480982473,69.41105162148716,74.79685053825983,81.0590057092195,-7.635986078968438,-5.073550560143145,8.302180371786683,21.677911303716506,24.240346822541802,27.21973188359381,8.372660842313842,8.302443894778467,66.61001709109046,2.3205585957685666,-7.629237668963007,-5.0657639122390075,8.322825734712596,21.818843264246812,24.489741835158185,27.76755646107556,2,2.0930742014443577,0.0036556220147758722,29.319149107468846,6.252046533261404,0.9963443875312805,9.464654901309018,8.754095135626601,17.06536307260799,19.035447691364443,29.319149107468846,39.602850523573245,41.5729351423297,43.86358426852592,-7.693056281756405,-4.934550233204643,9.464654901309018,23.863860035822672,26.622366084374434,29.829725509225227,9.537235517771425,8.827950434555909,76.49692804081843,1.4357817024558144,-7.679364334439192,-4.91900442339154,9.50484876684185,24.102110209171336,26.97751574139192,30.37757181562362,2,0.9284995259867745
104,235,reset,1.2,105.2997024335,11.8161073394096,11.6400559467649,11.836612607673201,11.764258631282567,0.0056240432895720005,57.77361488579987,9.483349850387004,0.9943759441375732,17.063829420492908,9.009020483484974,39.18659072624803,42.1748924887411,57.77361488579987,73.37233728285864,76.36063904535172,79.8351856490332,-0.5935262631212694,2.245309402952536,17.063829420492908,31.882349438033273,34.72118510410708,38.021945069438566,17.292782801717934,9.512098400349037,81.21178020265772,9.26823201547431,-0.5718343248468755,2.2699128282524015,17.127689998008975,32.371317135175744,35.65232247126935,40.530885090813975,2,-5.528524170435366,0.004582565277814865,59.91037899024781,8.819858415868037,0.9954174757003784,21.44835739875009,8.989402697436722,42.62377414640396,45.403002885708794,59.91037899024781,74.41775509478681,77.19698383409165,80.42843786534362,3.829451869246899,6.662105767743945,21.44835739875009,36.23460902975623,39.06726292825328,42.360835252829006,21.62461300232479,9.356471313447448,80.79552730297091,6.748047298776204,3.847079966459005,6.682088621985374,21.50022398618773,36.62811209397479,39.80694385076908,44.23986742933147,2,-9.860354371042222,0.005109766498208046,59.03013907227772,12.749138716065735,0.9948902130126953,15.361664822483469,9.199028842917208,34.04228635488364,38.05967201464955,59.03013907227772,80.00060612990588,84.01799178967178,88.68907082024901,-2.66810040237943,0.23060886577988882,15.361664822483469,30.492720779187046,33.39143004734636,36.76180601444429,15.584800214486293,9.732136768336762,85.02027478134585,9.694206319751787,-2.6479657070461413,0.2534120030760518,15.420843159898206,30.939181600293416,34.230454523557796,38.925622853686924,2,-3.8205415832037257,0.006253464613109827,73.14040229451955,26.50280356379493,0.9937465190887451,13.954314576117376,9.297376043887766,21.19586182014168,29.547169728229036,73.14040229451955,116.73363486081004,125.0849427688974,134.79514302127592,-4.268207620628139,-1.3385081308031523,13.954314576117376,29.247137283037898,32.176836772862885,35.583245569973926,14.324432453823375,10.585930579553763,90.29306766819201,21.768855222733436,-4.245163422435953,-1.3118532375289693,14.025758075671684,29.782128568300248,33.189681139592984,38.33649909161689,2,-2.5601738225408077,0.0052817752584815025,57.01279382349702,7.745625486404699,0.9947182536125183,14.418333343931067,9.936600819231273,41.83164683240827,44.27237364917649,57.01279382349702,69.75321399781755,72.19394081458577,75.03181320691115,-5.0570463905134275,-1.925920553150469,14.418333343931067,30.762587241012596,33.893713078375555,37.53432353494222,14.643308127712105,10.39535751610374,98.53141573710406,9.532048341217125,-5.034555088016867,-1.9004369294518118,14.48446036527542,31.269264583748413,34.85981495764374,40.13817739242745,2,-2.8790494964295377
105,237,reset,1.4,126.4252231468,11.0969132271322,10.9979144654799,10.026626709890799,10.707151467500966,0.0004362495383247733,55.27222173813146,10.785182005612146,0.9995637536048889,14.242930430257779,10.871918487478522,34.13365344042218,37.53217599886855,55.27222173813146,73.01226747739435,76.41079003584073,80.36230696803081,-7.065638248055308,-3.6397841257920405,14.242930430257779,32.12564498630759,35.551499108570866,39.53479489034875,14.260829484417206,10.905588253227332,118.19779249228581,0.7340632958834901,-7.063625352596231,-3.6375339648231013,14.248876470326161,32.16879789561244,35.628447346870935,39.70078797840371,2,-3.5536780169162405,0.0009009178611449897,61.64215436108706,9.013019970940364,0.9990991353988647,22.19335853596384,10.285437585143066,43.976959826103695,46.81705577209974,61.64215436108706,76.46725295007437,79.30734889607042,82.60957420917181,2.034271303848797,5.275319219258268,22.19335853596384,39.1113978526694,42.35244576807887,46.120864395741165,22.228899842741846,10.352238163495963,105.76810928595248,1.4007520248382825,2.0381836356236938,5.279812028146418,22.204981834436566,39.19687630726811,42.506787586669375,46.46223519624095,2,-11.52174837524088,0.0008313371799886227,60.339285076928114,14.247888478483677,0.9991686344146729,11.70873757430575,9.50121638556329,32.41393680335691,36.90359403669413,60.339285076928114,83.77497611716208,88.26463335049931,93.4848301484196,-6.913304350720129,-3.919372657938789,11.70873757430575,27.336847806550285,30.330779499331626,33.811872113662915,11.749165623937229,9.608915134210738,90.36682622733686,1.9644199079721893,-6.909959978879879,-3.9155995116265867,11.718639377384415,27.409363422374557,30.462052931406262,34.10627430976674,2,-1.042014156436263,0.002442586002871394,78.96146376288027,36.0022383533614,0.9975574016571045,9.185183044790442,10.167564307834915,8.3983732274653,19.743051428982355,78.96146376288027,138.17987609677817,149.52455429829524,162.7151944169342,-10.74287680906092,-7.538971984214161,9.185183044790442,25.909338073795038,29.1132428986418,32.838474656495734,9.355617498059493,10.869962194778239,106.29283481351669,11.863242222299057,-10.735181967376137,-7.5292432160911416,9.21474128281417,26.125394520601283,29.507252309110804,33.75688429855423,2,1.3515339694414727,0.0003096548898611218,56.30985102932705,7.358838433017874,0.9996904134750366,5.531020412863228,9.627363092578095,41.886792732562846,44.20563894262771,56.30985102932705,68.41406311602638,70.73290932609125,73.42906917338821,-13.338264514679999,-10.3045826879426,5.531020412863228,21.366623513669047,24.400305340406447,27.927616075901533,5.54674470419269,9.66811185858993,92.67419432987366,0.7981946836737466,-13.33703594409799,-10.303168642165295,5.53475707151404,21.39419385773324,24.45034555917227,28.039924916545566,2,5.160406763308275
106,240,reset,0.5,126.6373897906,108.8892145886,108.9252357877,108.6986413865,108.83769725426667,0.9975190162658691,102.51155248576696,7.8814792616913545,0.0024809888564050198,38.56645232367158,16.88516170054695,87.06413698795257,89.54767273643111,102.51155248576696,115.47543223510279,117.95896798358135,120.84661501049962,5.47214351746446,10.79283285886483,38.56645232367158,66.34007178847831,71.6607611298787,77.8472123485748,102.35290592993537,8.531731049760653,62.670953783050955,10.119534583943906,86.72360517773718,89.36374877802214,102.48698791940704,115.4659820041075,117.95068756502303,120.83942556135399,2,6.484791324331297,0.9976701140403748,103.50467694251965,6.917353280582581,0.002329919720068574,49.727710227934175,23.69580938410273,89.9469136442378,92.12664331004872,103.50467694251965,114.88271057499057,117.0624402408015,119.59684704079237,3.28477725056657,10.751572218942052,49.727710227934175,88.70384823692629,96.17064320530176,104.85240601231857,103.37938442164965,7.467831108997096,49.04652173058862,6.722340549806123,89.68018282781452,91.98107223052689,103.48490152611332,114.8754863059186,117.05640089352552,119.59187854826823,2,5.458312832617025,0.9980825185775757,109.25480297269209,7.208860687953251,0.0019175284542143345,45.71028273473257,20.483492000092372,95.12569565473707,97.39728232392429,109.25480297269209,121.11232362145988,123.3839102906471,126.02512070836873,5.563376136937194,12.017936625749158,45.71028273473257,79.40262884371597,85.85718933252794,93.36201080208004,109.13295968547536,7.77174124338889,52.67256939038476,7.727952712564113,94.88908029489092,97.26847584226218,109.23747782123164,121.10580746336927,123.3780486146972,126.01998349093257,2,-0.295262431208684,0.9845106601715088,111.62093238916819,9.694202613247587,0.01548929326236248,45.60398848273154,32.13255520403537,92.62064440836883,95.67538806036545,111.62093238916819,127.56647671797091,130.62122036996755,134.17302002901786,-17.37466244842289,-7.249361487844467,45.60398848273154,98.45733845330753,108.58263941388594,120.35548996913917,110.59837138696174,13.227833708821253,108.5146262695416,66.46038876180924,89.42339017464035,94.18940573459565,111.43750410231588,127.50110157159813,130.5672584304459,134.13322921600871,2,-1.7606741326950726,0.997428834438324,102.96683725231236,6.335151715187252,0.002571187214925885,50.69041403419159,23.239928504438023,90.5501680539482,92.54643997629876,102.96683725231236,113.38723452832595,115.38350645067652,117.70460397666442,5.140991162207257,12.464133343573792,50.69041403419159,88.91669472480937,96.23983690617592,104.75457230335212,102.83242701085852,6.959019094182326,41.419639216769916,7.00853650889069,90.2786230559954,92.39881496718279,102.94687160218601,113.37998147815277,115.37740436148731,117.7000576432495,2,6.005270243408148
107,241,reset,1.4,108.6986413865,9.9225741538773,9.81805186287716,9.31442133226031,9.685015783004923,0.0005983602022752166,49.189813893493834,9.716986407321984,0.9994016885757446,13.009704556304577,9.652241374603333,30.144870496877488,33.206793558372105,49.189813893493834,65.17283422861556,68.23475729011017,71.79490456425108,-5.908340908005346,-2.866819676922786,13.009704556304577,28.886228789531934,31.927750020614493,35.464175757842085,13.031353928433544,9.692744462666788,93.16651847841096,0.7827850234439263,-5.905892130214312,-2.8640567490266067,13.016945427536106,28.938690731834075,32.02125957072852,35.66592453470257,2,-3.3463381454286214,0.000990521628409624,54.220525795727056,8.512677414343662,0.9990094900131226,20.42894462317073,9.126276743254484,37.53598465160593,40.218417475676,54.220525795727056,68.2226341157781,70.90506693984818,74.02397480098091,2.5417708934464365,5.417555221465715,20.42894462317073,35.44033402487574,38.31611835289502,41.65983912274916,20.462416153004522,9.18738973699923,83.27820750043404,1.1299275535162483,2.545597453071359,5.421936070079968,20.440284599661137,35.52309447574227,38.46449076649165,41.98345178647202,2,-10.777400369999599,0.0009288745932281017,51.6398981553916,13.309530903062445,0.9990711212158203,11.165945559722743,9.117116561566066,25.55369693426634,29.747667976466623,51.6398981553916,73.53212833431657,77.72609937651686,82.60249707621179,-6.703274543800404,-3.8303766839085416,11.165945559722743,26.16226780335402,29.035165663245888,32.3755302901045,11.203540739180442,9.204855405645414,83.20914850862407,1.5202140041701004,-6.699725091478683,-3.8262965527319763,11.176544291319892,26.238560512683478,29.17201472216772,32.677266507829025,2,-1.5185249561755185,0.0020154830999672413,68.47975997922455,30.33280338184887,0.9979845285415649,8.659794296477656,8.992355615252798,9.028557800666,18.586738320984537,68.47975997922455,118.37278163746456,127.93096215778309,139.04441264028748,-8.964898845594352,-6.131314452108352,8.659794296477656,23.450903045063658,26.28448743854966,29.57914166464022,8.780360527165127,9.473732727445467,82.55388712849965,7.197725560072445,-8.958932136493763,-6.123767904852892,8.681447049165833,23.608314714109696,26.57041175680962,30.23669848221439,2,0.9046552558397956,0.000669146713335067,49.52968738386068,7.240916603509962,0.9993308782577515,7.106188640362021,9.211426512259196,35.33775162592306,37.61943944612418,49.52968738386068,61.439935321597176,63.721623141798304,66.3745783305431,-10.94787556990341,-8.045259667724475,7.106188640362021,22.257636948448507,25.160252850627447,28.53517112403964,7.134576362563658,9.27535330591914,84.82868710425089,1.203493116456966,-10.945261224167245,-8.042310168004475,7.113918708071775,22.314767478128037,25.2642643598975,28.770738506465975,2,2.550439420441265
108,242,reset,1.1,9.31442133226031,10.1296391214767,9.79207507779804,9.99160705007793,9.971107083117557,0.7658661007881165,7.817365078408287,5.2643120450183885,0.23413386940956116,13.313824746235625,7.909505344667824,-2.500496933208156,-0.8416576822445343,7.817365078408287,16.476387839061104,18.135227090024728,20.063986212624407,-2.188520864840381,0.3038461926666951,13.313824746235625,26.32380329980455,28.816170357311627,31.714085689518285,9.104272215514658,6.425668715572358,35.87191214467954,5.417303827357645,-2.4495999159117714,-0.667852729525454,8.70832634023705,20.382166195953204,23.375497787382933,26.95826565839597,2,0.8668348676028987,0.5574302673339844,10.085281486799268,4.914720697001962,0.44256964325904846,11.1195620248835,8.650235911310848,0.4526059266018283,2.0012853228821204,10.085281486799268,18.16927765071641,19.717957046996705,21.5186315317743,-5.834588819060777,-3.1088098878220265,11.1195620248835,25.34793393758902,28.073712868827773,31.243019947113225,10.543021753874552,6.8442915708799905,46.58041138314043,0.2639057860194967,-2.980748257406077,-0.3734821713501627,10.406709061531805,22.03479515949578,24.950530108613936,28.463727966966445,2,-0.5719146707569944,0.09797952324151993,10.114499121678229,6.993802765124397,0.9020204544067383,14.39305383192169,8.600683671101036,-3.593102412942235,-1.3892827227198765,10.114499121678229,21.618280966076327,23.82210065629869,26.384517315786322,-2.46397640585808,0.24618810124884227,14.39305383192169,28.539919562594534,31.250084069701458,34.40123600548536,13.973842759539455,8.551866616604283,71.51653978913774,1.61787847446688,-2.616210749379307,0.01977639742430847,13.909663785287345,28.14698768730165,30.889394211589337,34.07611879473506,2,-4.0027356764218975,0.3397815227508545,9.430695334919974,6.52733345989494,0.6602184772491455,12.072506838988765,8.925516768919413,-3.362643161557333,-1.3058127809099247,9.430695334919974,20.167203450749867,22.22403383139728,24.615543652502215,-5.421184571501602,-2.6086617907845238,12.072506838988765,26.753675468762047,29.56619824947913,32.83636379908032,11.174868103315546,8.284841711219105,67.07296514133762,1.5656370386182592,-4.706348769760681,-2.1166212947965732,10.985747577206082,25.139934226882225,28.04683502543198,31.45216988648133,2,-1.2037610201979891,0.9670339822769165,7.719219503933964,6.277222871846291,0.032966043800115585,14.73943061971221,11.742452011512869,-4.583911247815857,-2.605893304005148,7.719219503933964,18.04433231187307,20.022350255683783,22.322223586734125,-8.275352413042931,-4.575184160728352,14.73943061971221,34.05404540015276,37.75421365246734,42.056458892721764,7.950648292357102,6.649901892072364,42.65007847226328,1.571118350326757,-4.673626297009936,-2.6463396787993267,7.838113200278373,18.765085404818798,21.192550398235014,24.630326203248856,2,2.020458790760455
109,245,reset,1.3,91.2254774513426,23.9566863111494,22.4652361702883,22.5047468137217,22.9755564317198,0.00267519848421216,47.54882506718443,8.700484740720022,0.9973248243331909,14.053571456497359,8.491935510003698,30.496188327332874,33.23780118517516,47.54882506718443,61.8598489491937,64.60146180703599,67.78917924688324,-2.590316302146668,0.08558053302977164,14.053571456497359,28.02156237996494,30.697459215141382,33.808767576686385,14.143178228850976,8.666944047876596,72.12256218474748,2.9933615084296084,-2.580624549326915,0.0965718186320936,14.082116602062605,28.232748416509367,31.082877026140604,34.69623599500701,2,8.832378202868822,0.002627711743116379,50.23284326824072,8.112176387532413,0.9973722696304321,19.488876931380105,8.287001395161317,34.333269712440945,36.88950051473793,50.23284326824072,63.5761860217435,66.13241682404049,69.10458756122105,3.24665265703074,5.8579726299970964,19.488876931380105,33.11978123276311,35.731101205729466,38.76732500918712,19.569662849744827,8.434691971584458,68.66685723046476,2.4771642916426515,3.2559768704347944,5.868540517263517,19.516236935076165,33.32097752869623,36.095548949817946,39.58994085842694,2,3.405893581974972,0.002439765725284815,47.6407020132006,12.151832021855583,0.9975602626800537,12.866653591739322,8.858917986240407,23.82354890418311,27.6527170379464,47.6407020132006,67.6286869884548,71.45785512221809,75.91009060294576,-4.4965066032859795,-1.7049697887938482,12.866653591739322,27.438276972272487,30.22981378676462,33.475578615331855,12.951494488689049,9.032844251118517,78.64922919591251,2.943050833798184,-4.487310648255292,-1.6945295527953124,12.89369313418672,27.630850189544457,30.574480740650433,34.243943674753154,2,10.02406194303075,0.0034631553571671247,61.41183553780248,23.83398354993634,0.9965368509292603,10.98918857914498,8.389132296032766,14.698086171807134,22.208421250987946,61.41183553780248,100.615249824617,108.12558490379782,116.85797249912126,-5.4532085826210555,-2.809706104960254,10.98918857914498,24.788083263250208,27.43158574091101,30.505228661068163,11.163810108165137,8.993079079656164,72.10108854467993,8.774383571750972,-5.442250807985408,-2.7965937925807847,11.02446727167067,25.04508844045089,27.903625349018984,31.63524544391305,2,11.811746323554662,0.004099436569958925,46.89150380805188,7.332625639835291,0.995900571346283,11.92375908298478,9.30248346556828,32.519821641859735,34.83040792929144,46.89150380805188,58.95259968681232,61.26318597424402,63.94974187642006,-6.308773476308399,-3.3774645850113103,11.92375908298478,27.224982750980864,30.156291642277957,33.56457171640962,12.06710722887107,9.560014327961143,86.40186569574082,4.992009407805714,-6.292465744885358,-3.3589384210264344,11.97175101180648,27.58760983426278,30.832235621056387,35.209864703418866,2,10.908449202848729
110,250,reset,0.8,95.98909563873539,72.6746826841667,72.7300761411167,72.5981799636283,72.66764626297056,0.6147483587265015,71.93496648590508,8.728785278492367,0.3852516710758209,22.158848711310824,9.088483576092571,54.82686171127661,57.57739236169628,71.93496648590508,86.29254061011386,89.04307126053354,92.24115756148478,4.345748228085586,7.209623537686067,22.158848711310824,37.10807388493558,39.97194919453606,43.30182315680888,52.75863607740483,25.79636208803109,78.66071151952141,586.7916684112663,8.390256712615173,11.9124305448887,64.16395616332915,84.12173336777806,87.14922015731344,90.59534847674635,2,19.909010185565734,0.2749939560890198,69.91454019544781,8.73525688211897,0.7250059843063354,23.30288958899021,10.1424115710138,52.793751310788984,55.54632123054161,69.91454019544781,84.282759160354,87.03532908010664,90.2357864723659,3.4241281934208487,6.620107130373576,23.30288958899021,39.98567204760684,43.18165098455957,46.89766718486539,36.12081040013869,22.994109496129635,95.5636219818464,433.16537177120125,4.857393672617297,8.256132054268447,28.321932605984507,77.85006132728928,81.57760437092723,85.59026392920278,2,36.54683586283188,0.40506264567375183,71.59272405279151,10.88849164600004,0.5949373245239258,23.259171030449018,10.710221455196361,50.25167258066618,53.68274907683753,71.59272405279151,89.50269902874548,92.93377552491684,96.92314344497515,2.267522711815978,5.6424244244158,23.259171030449018,40.87591763648223,44.25081934908205,48.174871943251674,42.83728719931432,26.06234503950429,116.26849612787481,562.9772781420488,4.755132477760135,8.49633603513686,33.92065360258139,84.2013336114538,88.36654047180029,92.99234121092708,2,29.830359063656246,0.16687507927417755,79.64682256870313,17.671449740297145,0.8331248760223389,22.848559682373455,11.317082143381892,45.01141752311103,50.579874369884706,79.64682256870313,108.71377076752154,114.28222761429522,120.75676210326296,0.6674862712635807,4.233616072324001,22.848559682373455,41.4635032924229,45.029633093483326,49.17602966697548,32.326773282755084,24.643964377750006,158.81536418693136,448.50956934883317,1.5644643274015881,5.254160906708497,25.71344725033292,88.93282080696288,97.976353199502,107.13313688464133,2,40.34087298021548,0.5726724863052368,69.92968308708468,8.196539880635425,0.4273275136947632,26.491353007523088,12.991149853123542,53.86476012319301,56.44757473596911,69.92968308708468,83.41179143820025,85.99460605097636,88.99768621289186,1.0291671776381293,5.122813053342735,26.491353007523088,47.85989296170343,51.95353883740805,56.713286849683016,51.36728949513318,23.923858084145746,110.59406157893935,461.75692405140614,6.128186934103316,11.030738994854392,60.69932466718795,81.05706866974126,83.94420659373606,87.21843845774603,2,21.300356767837386
111,251,reset,0.9,72.5981799636283,47.118025943185096,46.7470591425093,46.939982538326504,46.93502254134031,0.397253155708313,55.25712065533328,8.0906785524156,0.602746844291687,16.303421051888037,7.6485534550139995,39.39968208210804,41.949138693893985,55.25712065533328,68.56510261677256,71.11455922855852,74.07885350529314,1.3125317462311976,3.7226701604760404,16.303421051888037,28.88417194330003,31.294310357544873,34.09661712144758,31.77790114587032,20.605665584443795,61.26473925650659,363.32871492142505,3.0423137467284938,5.70650264443737,23.586502659742592,64.5303641018844,67.64085262522494,71.0907444658112,2,15.15712139546999,0.11074989289045334,52.93742062855176,8.255447185668812,0.8892501592636108,15.60905985902599,8.184382274947815,36.75704146836834,39.35841838309809,52.93742062855176,66.51642287400543,69.11779978873518,72.14246263818885,-0.43203463557972555,2.1469489897207303,15.60905985902599,29.071170728331246,31.650154353631702,34.648780164688375,19.74317263010308,14.294832169183499,67.11350526351542,137.2287418108901,-0.017149136344442914,2.618319811165409,16.891788836051145,53.944434228248426,59.153528001571225,63.99105621746536,2,27.19184991123723,0.14290207624435425,52.9196424314056,10.943394068889173,0.8570979833602905,16.879865135594933,9.188910429619598,31.470984187753576,34.91936100603401,52.9196424314056,70.91992385677719,74.36830067505761,78.37778395835707,-1.130068363623959,1.7654524877029196,16.879865135594933,31.99427778348694,34.88979863481382,38.2564673782922,22.03002514466878,15.766104677850755,89.48363831062326,159.08644732976992,-0.5162652802209238,2.4633836927400345,18.810610099745904,57.14064721665315,63.1496238345567,69.07160364706891,2,24.90499739667153,0.06657855212688446,60.57347324079928,16.580160827659107,0.9334214329719543,16.01846279679637,8.606528816483486,28.07695516070561,33.30153556798547,60.57347324079928,87.84541091361308,93.06999132089294,99.14469513347927,-0.8500237154174037,1.861982657541141,16.01846279679637,30.174942936051593,32.88694930901014,36.04024281189396,18.984870643462603,14.519367721452861,87.44326749563778,123.36876616437371,-0.5961557097609216,2.1502017872241237,16.782500321062273,49.37736638953465,65.83488922331289,77.74364318121546,2,27.950151897877706,0.4747323989868164,52.877277939768874,8.258910575918497,0.5252675414085388,19.70291121199731,11.42659837330602,36.69011065943166,39.29257892430145,52.877277939768874,66.46197695523628,69.06444522010608,72.09037699995028,-2.6928100654864586,0.9078294339471036,19.70291121199731,38.49799299004751,42.098632489481076,46.2851540452563,35.4518567391557,19.375140421162524,100.96399496523472,274.4319964613783,0.6360614972455794,4.7402562096685426,36.57075530145876,63.219251280891726,66.25525904892099,69.66259297270531,2,11.483165802184608
112,253,reset,1.1,15.605181419597098,20.203554855884,20.167035488133997,20.519142513242,20.296577619086666,0.6548314690589905,12.720441339500681,5.47386435069507,0.34516850113868713,13.267149898197815,7.695281575604326,1.9918643558806135,3.7167357088195256,12.720441339500681,21.724146970181835,23.449018323120747,25.454554034528105,-1.815324840881308,0.6095380881521955,13.267149898197815,25.92476170824343,28.349624637276932,31.16905183175059,12.909147534167168,6.334695692143781,40.060807218707936,0.06755732691652502,0.4841798679355603,2.618913264714118,12.869494210555834,23.342273690706005,25.589029507436344,28.360543923281796,2,7.387430084919497,0.4139847457408905,14.433557155900871,5.18165361076396,0.5860152840614319,11.714482917944245,8.347713223619188,4.27770269844158,5.910495420629577,14.433557155900871,22.956618891172162,24.589411613360163,26.487886017317656,-4.646734353618122,-2.0162834546765467,11.714482917944245,25.44524929056503,28.07570018950661,31.134167828813357,12.84013852411412,7.331098649901014,51.95137183776025,1.7936404903039627,-2.6798743098436364,0.16458633261606614,13.158384730434289,24.32467901143966,26.698620920992994,29.639540099389766,2,7.456439094972545,0.07863066345453262,14.02694327227237,7.384211003410133,0.9213693141937256,14.320295663233992,8.566829975480918,-0.44584434865586964,1.8809970211382367,14.02694327227237,26.172889523406496,28.499730893200606,31.205186841524515,-2.4703825503867662,0.22911430658760779,14.320295663233992,28.411477019880373,31.110973876854743,34.24972236396337,14.297228850023155,8.480184206719116,71.90728506315892,0.006234547793007599,-2.327490000376132,0.35483370906603207,14.29387320303731,28.2511809739152,30.939265526256694,34.070913272985486,2,5.999348769063511,0.23251096904277802,14.584166079562394,7.302800428123198,0.7674890756607056,12.25340154592402,8.655762770050414,0.2709402541572352,2.572128308461183,14.584166079562394,26.5962038506636,28.89739190496755,31.573020330071337,-4.711581742097447,-1.9840612404249303,12.25340154592402,26.490864332272967,29.218384833945485,32.38971686423266,12.795330414020551,8.418516730793145,69.90201024797106,0.9694210175488173,-3.9177909051309125,-1.1713205723696218,12.865420781000752,26.518949994615472,29.136154155133642,32.193152968527585,2,7.5012472050661145,0.9361750483512878,12.28231168353782,6.440576073609221,0.06382497400045395,15.21385034765268,11.445673993123597,-0.3409854604266478,1.6885067692048175,12.28231168353782,22.87611659787082,24.905608827502284,27.265332139976937,-7.21925845765632,-3.6126080328408143,15.21385034765268,34.04030872814617,37.64695915296168,41.8404697085203,12.469417337087336,6.907118270378505,47.19478804560631,0.5134982307814072,-0.7916342940366526,1.4066480926252094,12.389576050849659,23.724056692687448,26.218493101538243,29.60750876847132,2,7.82716028199933
113,254,reset,1.4,20.519142513242,11.6740820435807,11.0809303504799,11.2124492272268,11.322487207095799,0.03739682212471962,8.718321275946245,5.0136768234778675,0.9626031517982483,13.684607106439813,7.810982141973129,-1.1083047281935592,0.4715567684861348,8.718321275946245,16.96508578340635,18.54494728008605,20.38187769537182,-1.6246365757130512,0.8366848001621268,13.684607106439813,26.532529412717494,28.993850788592674,31.855668806589975,13.498883441762391,7.7818837865851345,59.66984863209568,0.8878618840679096,-1.5978253831207032,0.8146542541449607,13.436105725436722,26.388265730488445,28.866267463225636,31.743751875723554,2,-2.1763962346665924,0.03950228914618492,13.33833281773768,4.798918980216987,0.9604977369308472,18.056371250848464,7.947261423343808,3.9326244517866993,5.444813527681505,13.33833281773768,21.231852107793852,22.74404118368866,24.502287785059707,2.4800250853700696,4.984289474329877,18.056371250848464,31.128453027367044,33.632717416326855,36.54446596749112,17.86999840331748,7.900527709914416,61.57376495632457,0.8445814661580936,2.5504799421973843,5.011571040446602,17.791463064930877,30.972919523125423,33.495350914016235,36.4239809757697,2,-6.5475111962216825,0.00537144998088479,10.157872420132229,7.092394075765981,0.9946286082267761,15.260886639844273,8.654446465967979,-3.742964532534339,-1.5080776991605838,10.157872420132229,21.823822539425038,24.058709372798795,26.657248300150272,-1.701516739582921,1.025588981039487,15.260886639844273,29.496184298649055,32.22329001927146,35.394139776949146,15.23347694251186,8.654850437932417,74.7673243424848,0.1391252680952415,-1.7191788160643684,1.0035966141671893,15.230103963890569,29.475040198373364,32.20411503325019,35.376991433447095,2,-3.910989735416061,0.024318713694810867,13.238536468471445,7.535286567658263,0.9756812453269958,12.622355106603841,8.513898637034897,-1.5303538173271942,0.8440930275400369,13.238536468471445,25.63297990940285,28.00742675427008,30.768234355431748,-4.064579590009213,-1.3817619460202106,12.622355106603841,26.626472159227887,29.309289803216892,32.428645100669186,12.63733932748587,8.491968819038197,72.1045191052449,0.009008773958508975,-4.014153783331324,-1.3337681354231814,12.639215774263608,26.602021412933723,29.279064397853432,32.39311325883724,2,-1.3148521203900714,0.3047860562801361,9.124595294176409,5.6033233966714135,0.6952139735221863,15.793779400364713,9.676768327516404,-1.8577167570302073,-0.09205151782061272,9.124595294176409,18.341242106173425,20.10690734538302,22.159874765586252,-3.1723380083053385,-0.12308808031978202,15.793779400364713,31.7106468810492,34.75989680903476,38.30530882666824,13.761105548724721,9.170260444480322,74.66916775718711,9.424514506020326,-2.667000583114903,-0.10976108671369394,13.025330854428102,29.940871767372453,33.20877650438033,36.9535283857798,2,-2.4386183416289224
114,255,reset,1.0,11.2124492272268,12.0246751143216,11.3799925165169,12.0716874746344,11.8254517018243,0.9115387201309204,10.957678201499483,5.602986565785565,0.08846132457256317,12.196293369626254,8.007949650037906,-0.023973673301988185,1.7415854270067204,10.957678201499483,20.17377097599224,21.939330076300955,23.99217408709412,-3.498999534458175,-0.9756116566833732,12.196293369626254,25.368198395935877,27.89158627371068,30.82557001341803,11.067248229754032,5.866245700928041,34.28913509009048,0.1237090090269524,-0.35446846263395493,1.517199614815935,11.036178913100086,20.70942644754096,22.682901120869875,25.106266155381665,2,0.7582034720702673,0.7348026037216187,12.179537466019525,5.203947499656037,0.2651973366737366,8.391424709637981,8.918478722962256,1.979987789256425,3.619805546745244,12.179537466019525,20.739269385293802,22.379087142782623,24.285729668464498,-9.088472384254818,-6.278167364716026,8.391424709637981,23.06101678399198,25.871321803530776,29.1389087264797,11.174939326050328,6.617337891772196,40.99284107584563,2.7963122546539942,-3.5254190333956092,-0.27965703252740126,11.53024299605029,21.231150126802234,23.245413874341622,25.80304079168913,2,0.650512375773971,0.2232297956943512,12.739117752342437,7.3816303191255646,0.7767701148986816,13.181444476240273,8.737943437172463,-1.7286118203325778,0.5974163491137947,12.739117752342437,24.880819155571075,27.20684732501745,29.911357752195606,-3.944609959565888,-1.191193478489673,13.181444476240273,27.55408243097021,30.30749891204643,33.50894061479555,13.082702793521435,8.456067323107769,71.47113339459244,0.033925875700250505,-3.4928847137506174,-0.7996769602654497,13.069193081585235,27.012172377368536,29.73047834878881,32.91212692329601,2,-1.2572510916971353,0.516551673412323,12.12609767814822,6.919941382564335,0.4834482967853546,10.964567219176814,8.97738063330678,-1.4367382068061882,0.7438069967456826,12.12609767814822,23.50838835955075,25.688933563102623,28.224288601964,-6.630775497611861,-3.801909876041753,10.964567219176814,25.731044314395376,28.559909935965482,31.84907756992546,11.564557394708311,8.002188931929071,63.698105086619314,0.33691862993637817,-4.460492853569024,-1.7066022283839504,11.639351063422218,24.567494889455354,27.14832777981368,30.23036805254091,2,0.26089430711598816,0.9863683581352234,10.384621982398201,6.672644799093556,0.013631667010486126,13.154131166529751,12.46047430972557,-2.693521505453676,-0.5909020167497161,10.384621982398201,21.36014598154611,23.462765470250076,25.907515024999167,-11.26794971081896,-7.3415251953580025,13.154131166529751,33.64978752841749,37.576212043878456,42.14152908650034,10.422375270507452,6.792413370407134,46.03375006201989,0.10313206394115272,-2.814071788587736,-0.6664932038725994,10.404804887796363,21.54346023163234,23.746777404134242,26.412378594829587,2,1.4030764313168476
115,257,reset,0.6,112.0421063198,104.20391956789999,104.6048192067,104.5614077646,104.45671551306667,0.9800973534584045,89.56600933228646,8.338702070210594,0.019902706146240234,30.62825128027223,12.486332402115448,73.2224535968641,75.8500649880328,89.56600933228646,103.2819536765401,105.90956506770881,108.96473116558083,6.155489473130448,10.09006214133094,30.62825128027223,51.166440419213515,55.101013087414,59.675804118500764,88.39299379140918,11.790327421690003,71.25304354077383,67.75924288012531,68.21538907750093,73.96917000015807,89.35375865942648,103.2005795855027,105.83779408983101,108.90178716991961,2,16.063721721657487,0.9550988078117371,88.62698821013515,7.847804939475911,0.04490118473768234,36.52352680897741,15.759895688781059,73.24557317106682,75.71849779183052,88.62698821013515,101.53547862843979,104.00840324920348,106.88371254697215,5.634698858858457,10.600805224909003,36.52352680897741,62.446248393045806,67.41235475909636,73.18652663967865,86.28748040396655,13.652770734632684,69.97496671384671,116.42312654508052,38.77413044569937,69.02929474307722,88.16480532355952,101.3600366214184,103.85369948705217,106.74813473235263,2,18.169235109100114,0.9734278321266174,92.50433451499026,8.844240386517932,0.026572130620479584,35.11388381984478,15.150367326953054,75.1699418868005,77.95685363759554,92.50433451499026,107.05181539238497,109.83872714318002,113.0791143356724,5.419709506464418,10.19374717245896,35.11388381984478,60.03402046723059,64.80805813322513,70.35890864183983,90.97934451669566,12.93969415549481,82.24129502055408,85.19408146593172,58.496470212733335,75.04434506347945,92.2017433825245,106.93603958897013,109.73663419649881,112.98972463519277,2,13.477370996371008,0.8467946648597717,97.44806245400557,12.873996092442418,0.15320530533790588,34.915548083817264,19.54856544678765,72.21549377570904,76.27222328799256,97.44806245400557,118.62390162001856,122.6806311323021,127.39745589406908,-3.398936141310685,2.7610193069703612,34.915548083817264,67.07007686066416,73.2300323089452,80.39231175149995,87.8677465921953,26.574297804976116,198.89441513903236,507.29865859251726,15.729121402386715,26.118900970786342,94.5102281232228,117.5682376644774,121.75239993087247,126.58576556326483,2,16.588968920871366,0.976700484752655,88.63333641025402,7.263790758622805,0.023299485445022583,39.46569301015127,17.930439311877258,74.39656813211843,76.68546383551671,88.63333641025402,100.58120898499132,102.87010468838959,105.53144059905368,4.3226777318906855,9.97274487517669,39.46569301015127,68.95864114512584,74.60870828841185,81.17813238395524,87.487752977008,10.678833843424579,59.02411167928234,55.013152466025765,68.65488067270061,74.7432800259795,88.41750413402788,100.49866052242503,102.79748164275875,105.46802623839196,2,16.96896253605867
116,258,reset,1.3,104.5614077646,13.8287205100807,13.880198342482199,14.3663278559793,14.025082236180731,0.0018642720533534884,52.61384853925498,9.470298075020445,0.9981356859207153,14.915658920781453,9.136041804431605,34.052405389355904,37.03659440224605,52.61384853925498,68.19110267626391,71.17529168915405,74.64505633261186,-2.990653977156825,-0.11179257721815006,14.915658920781453,29.943110418781053,32.821971818719724,36.16927034966916,14.98593797530474,9.280266038429046,83.47885078519921,2.6444775207066633,-2.9834159444842907,-0.10356553857380899,14.937044356621739,30.101119470192717,33.10966649281004,36.82491715254987,2,-0.9608557391240087,0.0020959957037121058,55.99402031854787,8.605238811509256,0.9979040622711182,20.661045716788237,8.875414270445633,39.12806216962346,41.83966204865329,55.99402031854787,70.14837858844244,72.85997846747227,76.01279933331615,3.265553398841952,6.062288363348877,20.661045716788237,35.25980307022759,38.056538034734515,41.30834683607118,20.735104677573513,9.020768013825325,78.76308397925987,2.611196505957447,3.2734754417983254,6.0712850827787905,20.68440837819194,35.43275400046363,38.37187110793196,42.028876832822306,2,-6.710022441392782,0.0021312341559678316,54.12745122878343,12.927719101479003,0.9978687763214111,13.173082708503493,9.074608436338382,28.789587387634068,32.863245576505854,54.12745122878343,75.391656881061,79.46531506993279,84.20182307670628,-4.6128230005230755,-1.7533198911721275,13.173082708503493,28.09948530817911,30.95898841753006,34.28377875213236,13.260366195549388,9.278804548476408,82.52919963236205,3.567016058778641,-4.604612301774644,-1.7439938175714653,13.197336178885093,28.276594161316048,31.280519018956905,35.01891492926195,2,0.7647160406313436,0.0033785898704081774,69.37722985908516,27.781425744525542,0.9966213703155518,11.23836925770096,8.962609975201426,14.926635960641228,23.6808509613193,69.37722985908516,115.073608756851,123.82782375752907,134.00649057768564,-6.328023501173266,-3.5038122669605567,11.23836925770096,25.98055078236247,28.804762016575182,32.08851791936803,11.434796175760987,9.6977360160552,82.66459912129486,11.381479509931927,-6.3168919340886385,-3.4905578962740105,11.275061153826037,26.24938241793326,29.299129206132662,33.27478536980191,2,2.5902860604197446,0.0020261171739548445,52.29181528495621,7.486419452933982,0.9979738593101501,10.961551588102708,9.480959328884836,37.618702784045546,39.977751094917686,52.29181528495621,64.60587947499472,66.96492778586686,69.70783126346717,-7.620787235400616,-4.633238750992916,10.961551588102708,26.556341927198325,29.54389041160603,33.01756116672162,11.045291287412288,9.657846788547985,89.82001959464924,3.4539821275144136,-7.612608541515776,-4.6239511130880695,10.985676400611997,26.73639213629907,29.875792040467942,33.798800942114546,2,2.979790948768443
117,260,reset,0.1,13.7476508701576,13.8726905958556,13.809701757395,13.8326725235124,13.838354958921,1.0,15.882878081616724,8.32568805766607,4.188769864299502e-08,-7.691183964238519,18.84037496902674,-0.4351706579240151,2.1883398830981236,15.882878081616724,29.577416280135317,32.20092682115746,35.2513247944954,-44.61764035876087,-38.68084306516789,-7.691183964238519,23.298475136690847,29.23527243028383,36.13808229108911,15.882877759450729,8.325689713993302,69.31709650200959,2.327851837188602e-05,-0.43521558744843797,2.1882267886621887,15.88287721067607,29.577505780003055,32.201075942937024,35.25140630912667,2,-2.0445228005297285,0.9999988079071045,15.451497181420777,6.721932699549107,1.194539322568744e-06,-22.643146772881067,25.81477034096852,2.276751183802423,4.394901800443723,15.451497181420777,26.508092562397827,28.62624317903913,31.089051026462453,-73.23916691035214,-65.10466539714244,-22.643146772881067,19.81837185138029,27.952873364589998,37.4109893286836,15.451451713671556,6.722116804155253,45.185121397123034,0.0017335156613997361,2.276275184788861,4.3945330970691,15.451488865652795,26.508285910225755,28.626475072924084,31.089358007975544,2,-1.613096754750556,0.9999992847442627,18.386013713787705,9.00398723877632,7.554964440714684e-07,0.3140056281101522,20.590492956334387,0.7385230085278671,3.5757726470616973,18.386013713787705,33.196254780513705,36.03350441904754,39.33242028460586,-40.04261899023092,-33.554341391835216,0.3140056281101522,34.18235264805551,40.67063024645122,48.21465514253156,18.386000800316047,9.00401475206925,81.07204851560533,0.00024674304608245475,0.7383438614724793,3.575714421148825,18.38600806530708,33.19635432954941,36.03367632873534,39.3326207031435,2,-4.547645841395047,0.9999927282333374,16.986421030005793,7.003735061656252,7.280143108800985e-06,-8.797828858723491,17.451154923255082,3.25935255189912,5.46630201163331,16.986421030005793,28.506540048378273,30.713489508112463,33.27954520103511,-43.00146399693231,-37.502424328731664,-8.797828858723491,19.90676661128467,25.40580627948532,31.79962829654832,16.986233459262493,7.004213219179231,49.05416523218437,0.004840004414633569,3.2585740214968637,5.465817882908522,16.986365895249453,28.506653380333848,30.7134957007465,33.27972359498109,2,-3.147878500341493,1.0,14.489742840403153,8.554881413986726,2.6674239705926084e-08,-18.426366644801377,32.70824672864595,-2.277516623021924,0.4182151184673426,14.489742840403153,28.561270562338958,31.257002303828227,34.39137303050268,-82.5333522303975,-72.22664490763832,-18.426366644801377,35.37391161803554,45.68061894079473,57.66439359598742,14.489742348893833,8.554884443677745,73.18602454426149,2.890074490510795e-05,-2.277742393640472,0.4181473862236623,14.48974260654676,28.561492897806136,31.257364716878914,34.391729776846624,2,-0.6513873899728324
118,262,reset,0.6,14.0782451974178,13.4345672759467,13.385047804029,13.5465964989092,13.4554038596283,0.9996687173843384,16.91547547677588,6.9999493387470375,0.0003312425978947431,4.621745605099392,9.912433961799769,3.1958268792267184,5.401583418461254,16.91547547677588,28.429367535090506,30.63512407432504,33.199792739363645,-14.806267959159843,-11.682757348883914,4.621745605099392,20.92624855908269,24.04975916935862,27.681515278702513,16.911402592835817,7.004688593692176,49.01560481947702,0.050046030221475024,3.179193786098513,5.3907138870124465,16.913193738891984,28.42845585556936,30.63433439893131,33.19916204710306,2,-3.455998733207517,0.9952049255371094,15.604188454983209,6.255783703970857,0.0047950963489711285,-5.61026905057507,11.934921023402481,3.343077700127747,5.314339940082826,15.604188454983209,25.894036969883587,27.865299209838668,30.15731757517515,-29.00228441477386,-25.241467183298024,-5.61026905057507,14.020929082147877,17.781746313623717,22.154509099062626,15.50246342876743,6.4635822306780195,39.630200071800395,2.1477004407385856,2.9374107383809065,5.083868227457777,15.569280729158818,25.88070801507286,27.853761816899024,30.147653307313824,2,-2.0470595691391296,0.9834669232368469,17.84970611521735,8.784212334873374,0.01653304509818554,6.531929405644419,10.796411724815417,0.6329663063130404,3.400962596289016,17.84970611521735,32.29844963414568,35.06644592412166,38.284839805573355,-14.62864873725977,-11.226587577979625,6.531929405644419,24.290446389268457,27.6925075485486,31.64813886893837,17.662588237256422,8.93848627066752,77.81378785811921,2.0827390743668373,-0.03808183145028487,2.923099386699302,17.72015893035889,32.23955579911341,35.01416450202454,38.23893863036387,2,-4.207184377628122,0.9846952557563782,17.139295722989544,7.836435632698325,0.015304752625524998,3.0997474310287743,10.319684418714035,1.7801641157344736,4.249506150173945,17.139295722989544,30.02908529580514,32.49842733024461,35.36957109717518,-17.1264623614699,-13.874622914087606,3.0997474310287743,20.074117776145147,23.325957223527446,27.10692333927656,16.92442405306689,8.066615611238811,62.099756512873114,2.9705333074884543,0.8706940709141187,3.6567152791832855,17.01374318713191,29.97577920799157,32.451294707060306,35.32825344296985,2,-3.46902019343859,0.9998816251754761,14.98097241883898,8.130131260738821,0.00011835448094643652,1.143908378640944,17.379630789644672,-0.9537920417923367,1.6080965270211802,14.98097241883898,28.353848310656776,30.915736879470295,33.89448599293172,-32.91954203366604,-27.443040360783584,1.143908378640944,29.73085711806546,35.20735879094792,41.574975517745564,14.979334435540107,8.133241761871565,66.12695901161264,0.022657980737759098,-0.9609646136616534,1.6037050229576766,14.980280328108018,28.35400674716097,30.91607640188882,33.89530860260196,2,-1.5239305759118071
119,263,reset,0.6,13.5465964989092,14.3758384707788,14.0642406695366,14.9795072850587,14.4731954751247,0.9996844530105591,16.41309507646139,6.988206449765727,0.0003155352605972439,4.557861699590404,9.948433394914922,2.716462118390046,4.918518351678557,16.41309507646139,27.907671801244213,30.10972803453273,32.67009429423238,-14.940709457038388,-11.80585505252056,4.557861699590404,20.92157845170136,24.056432856219192,27.701378577887635,16.40935413980175,6.9925092164019444,48.85084858150647,0.044333401770179005,2.701255841963867,4.908537713040006,16.410976150042746,27.906832493376978,30.109007423708434,32.66951665015645,2,-1.9361586646770501,0.9954547882080078,15.15615954495778,6.231030174125563,0.00454517500475049,-5.743161816012346,11.989188896014172,2.9435648170893316,4.907026963403281,15.15615954495778,25.40529212651228,27.368754272826227,29.651703343619115,-29.24154025604766,-25.46362265582758,-5.743161816012346,13.977299023802882,17.75521662402296,22.147862283704278,15.061167914338348,6.424860017718872,39.30259224437113,1.9762256581385425,2.565984032436466,4.691851234023938,15.1234183464578,25.39286023092497,27.358046633570428,29.642778310023907,2,-0.5879724392136492,0.9838048815727234,17.431984567221093,8.76061057110021,0.016195151954889297,6.444195580674602,10.80432371036829,0.2615033652838008,3.0220624950374972,17.431984567221093,31.841906639404684,34.60246576915838,37.812212344599786,-14.73188976895942,-11.327335461082473,6.444195580674602,24.21572662243167,27.620280930308617,31.578811074738923,17.25403623938854,8.90614700304596,77.39586513683837,1.9235992842556846,-0.3717182766326645,2.5697688798065252,17.30810501076112,31.785599684692077,34.55254610614049,37.76852555328188,2,-2.780840764263841,0.9854633808135986,16.648934689460567,7.780783348057312,0.014536590315401554,2.994637313233042,10.349102331417015,1.398879555759251,3.850684978884873,16.648934689460567,29.447184400036257,31.89898982316188,34.749743489586066,-17.28923052866382,-14.028121192290179,2.994637313233042,20.017395818756256,23.2785051551299,27.070249520156125,16.450447281786293,7.993013829919115,61.2174598070259,2.67080246526266,0.5651867319058647,3.305919325537006,16.532532780475673,29.397817930368785,31.85537241740826,34.71162466296781,2,-1.9772518066615934,0.9998883008956909,14.509535953839439,8.117879922332225,0.0001116473285946995,0.975383693267247,17.426679219886203,-1.4012163247525375,1.156811720434737,14.509535953839439,27.862260187244136,30.42028823243141,33.39454865287584,-33.18027994784229,-27.68895282728244,0.975383693267247,29.639720213816922,35.131047334376774,41.51590184804122,14.508024150653164,8.120774530127374,65.9265195474545,0.020448523815491327,-1.4078846280587933,1.1527752960069004,14.508897402017134,27.8624749031251,30.420641226487884,33.395446329668644,2,-0.03482867552846436
120,264,reset,1.4,14.9795072850587,12.091192255639701,12.5678238322889,12.7443652382145,12.467793775381033,0.055178090929985046,5.072833303709828,4.812076289184418,0.9448218941688538,14.005251228356506,7.882157643815805,-4.358662913950782,-2.8423278337223463,5.072833303709828,12.987994441142,14.504329521370437,16.267396748776335,-1.443493873989567,1.0402556397228029,14.005251228356506,26.970246816990205,29.453996330702577,32.34189190590217,13.512377251191218,8.008596757675793,59.9779893775264,4.159629928810169,-1.8573843633157925,0.473772495154385,13.474548058270981,26.752134821582857,29.26175796064623,32.1734608929491,2,-1.0445834758101853,0.05794135108590126,10.054990308836686,4.590644878632649,0.9420586228370667,17.899531461550822,8.059578171123649,1.0574916809034445,2.50405143017157,10.054990308836686,17.6059291875018,19.052488936769926,20.73442726272022,2.1030485155632697,4.642705075079171,17.899531461550822,31.156357848022466,33.69601440753837,36.648914005610294,17.445007681746954,8.110062537893995,62.41417104606598,3.3589353865069596,1.9800289556896078,4.358956738756057,17.347508603522908,30.92173292180943,33.489273356481206,36.46775473317042,2,-4.977213906365922,0.006335834972560406,7.225492184554824,6.742194476580314,0.9936641454696655,15.70436782715867,8.645205363946625,-5.988966166307476,-3.864430853860494,7.225492184554824,18.315415222970138,20.43995053541712,22.91018197151734,-1.239923325129208,1.4842704285307367,15.70436782715867,29.924465225786598,32.648658979446544,35.81612294622237,15.650646763191792,8.66063833810069,74.5540459360741,0.452605696770515,-1.313813366452109,1.4066853548548945,15.649890850006043,29.898038544055222,32.625254393726586,35.79555869014726,2,-3.18285298781076,0.03412199392914772,9.145607607295602,6.7981731398975045,0.9658780097961426,12.899426326578627,8.663752978591791,-4.178566907571083,-2.036392138508891,9.145607607295602,20.327607353100092,22.469782122162286,24.960523238657707,-4.081217482412907,-1.351179183269707,12.899426326578627,27.150031836426955,29.880070135570158,33.05432964954065,12.771338595082238,8.633699244308113,74.07635142340871,0.46441182537899567,-4.085492557574694,-1.3831168783877097,12.74464315761263,27.016106985077982,29.75726166204702,32.943843727290826,2,-0.30354481970120517,0.4312603175640106,5.726286570928011,5.484503014299851,0.5687397122383118,16.047211093744295,9.821298111166074,-5.023141810201066,-3.294918104169385,5.726286570928011,14.747491246025403,16.475714952057082,18.48514849841505,-3.2021794855724757,-0.10738672577887343,16.047211093744295,32.201808913267456,35.29660167306106,38.89496707497682,11.596206384724518,9.693228922015633,67.83164894038671,26.127042001791615,-4.3528002658604885,-2.1977293891630802,10.23100447198888,29.34283549044324,32.80737823636741,36.73528980059606,2,0.871587390656515
121,266,reset,0.4,114.0961061166,115.5399232606,118.3490777056,116.46215911520001,116.78372002713333,0.9995717406272888,99.23243941293411,7.619374257293184,0.00042827537981793284,34.36802222975747,16.35257643729167,84.29874028390785,86.69968403072474,99.23243941293411,111.76519479514349,114.16613854196038,116.95775451790962,2.317561358227479,7.470427566877074,34.36802222975747,61.26561689263786,66.41848310128745,72.4098036597413,99.20466116845257,7.742449139638071,58.1445252630821,1.8011509517789497,84.24390370512903,86.66950419051692,99.22834792151988,111.76367211102323,114.16486787080488,116.95658631200186,2,17.579058858680753,0.9992995262145996,99.08657781547153,6.905863941977804,0.0007004149374552071,44.191524071323855,23.099499358659912,85.55133320706122,87.72744246327593,99.08657781547153,110.44571316766711,112.62182242388184,115.15201971530689,-1.0826627325556615,6.196228770468878,44.191524071323855,82.18681937217882,89.46571087520336,97.9289952957501,99.04812266879522,7.081035161791944,48.03128273469332,2.1091988982726426,85.47265822589311,87.68380402192687,99.08061764887802,110.44370692631549,112.62014004499049,115.15069435471743,2,17.73559735833811,0.9996715784072876,103.9899292056959,7.043802090173683,0.0003284176636952907,43.418613511280284,21.417376029774427,90.18433079472753,92.40390579014536,103.9899292056959,115.57595262124644,117.79552761666427,120.37626322333588,1.4413278495709463,8.190164868922281,43.418613511280284,78.64706215363827,85.39589917298962,93.24288070567928,103.97003610713037,7.138212160774044,49.749499694338176,1.2045306861161678,90.14600691719204,92.3825951090644,103.98704269665059,115.57498554161755,117.79475042759975,120.37554443255075,2,12.813683920002958,0.993926465511322,105.04787894116407,8.690896355603146,0.006073557771742344,42.30531696542793,30.14253540301513,88.01403509081149,90.7526265491909,105.04787894116407,119.34313133313724,122.08172279151665,125.26592720153074,-16.772966827205266,-7.274741717734685,42.30531696542793,91.88537564859053,101.3836007580611,112.42734011843297,104.66681081209384,10.21543326174835,80.5912024109481,23.76412938354388,87.1009621169849,90.27036013011237,104.98381791081972,119.32048758224934,122.06306249067164,125.25222875118381,2,12.116909215039485,0.9996217489242554,99.13645710869363,6.5040439137396895,0.00037826396874152124,47.50597505355009,24.657385700387895,86.3887652838969,88.43825688732726,99.13645710869363,109.83465733006001,111.88414893349037,114.26712584009023,-0.8216128721231328,6.948184753125673,47.50597505355009,88.06376535397447,95.8335629792233,104.86763185705249,99.11692843580946,6.597302356919925,42.51656568330347,1.0079593682545613,86.34960464844193,88.4165427820659,99.13348440356809,109.83389057072232,111.88356578654877,114.26692457596249,2,17.66679159132387
122,273,reset,0.8,115.8526780273,96.8576473471175,96.6335761090877,96.7968939812659,96.76270581249037,0.600946307182312,82.23929155109164,9.037222568185582,0.39905375242233276,28.068004774459055,10.98078668040305,64.52666079717532,67.37438323224389,82.23929155109164,97.1041998699394,99.95192230500795,103.26301505982407,6.546058358951935,10.006217976417677,28.068004774459055,46.12979157250042,49.58995118996617,53.61313452371067,60.62204119117388,28.30063096907982,97.19709538701025,703.7288369100002,11.235354785947958,15.45202601636665,73.5442050256448,94.74550332348109,97.89543106896784,101.47665636240633,2,36.14066462131649,0.42975765466690063,81.96668983083939,8.532391630455333,0.5702423453330994,32.37416950230047,12.776314461210264,65.24350953315594,67.93215451091454,81.96668983083939,96.00122515076423,98.68987012852283,101.81600096083301,7.333053303170079,11.359002321706214,32.37416950230047,53.389336682894715,57.41528570143085,62.09632148721421,53.68693472771395,26.96460515960523,124.37015026830784,602.7197811451013,10.555361292286788,15.060091146018074,47.18389723580909,92.14988367645172,95.36520038514082,98.9503257247226,2,43.07577108477642,0.4907818138599396,85.00266360230607,10.455936726640402,0.509218156337738,29.044694311592337,12.18813423188314,64.50940419346125,67.8041781543165,85.00266360230607,102.20114905029564,105.4959230111509,109.32680977743152,5.156390178361622,8.99699751450795,29.044694311592337,49.092391108676715,52.93299844482305,57.398534470458074,56.50784711440828,30.1969825819113,129.30018417866825,782.557477710694,8.889225059664428,13.298409548890044,54.16774487887129,98.29136620580759,102.1066972552584,106.39610414948092,2,40.25485869808209,0.28421053290367126,93.62558822691472,17.83442329083138,0.7157894372940063,29.26506735162291,15.143060220888882,58.67076089184289,64.2905723924029,93.62558822691472,122.96060406142652,128.58041556198654,135.11466093428476,-0.41478529704045997,4.356949824149261,29.26506735162291,54.17318487909655,58.944920000286274,64.49309330296018,47.55700441538048,33.124325100595115,254.537196015745,842.683649951192,1.812734021209017,6.900373294021343,37.12889336316894,110.22952653936223,117.7628415244978,125.8974229593497,2,49.205701397109884,0.5058717131614685,81.16829678361799,7.6649600525168875,0.49412819743156433,32.338796527429466,14.284596638848132,66.14525113774664,68.56055944079743,81.16829678361799,93.77603412643853,96.19134242948932,98.99966030639862,4.341501581605211,8.842725936481298,32.338796527429466,55.83486711837762,60.33609147325372,65.56973754974476,57.0402565835322,26.954508822196992,130.54748992842502,595.997765023778,8.924629415863262,14.128630694959977,65.62337211292916,91.04316553034437,93.82001365468473,96.9476739574524,2,39.72244922895817
123,274,reset,1.4,13.4875809052541,11.3899899528899,11.1869361644336,11.2924923784146,11.289806165246034,0.0613626129925251,4.062667024840678,4.759772083318656,0.938637375831604,14.09547200489191,7.905488324473632,-5.2663148330830705,-3.766461349868381,4.062667024840678,11.891795399549734,13.391648882764425,15.135552691787977,-1.3990003912783084,1.0921008615589347,14.09547200489191,27.09884314822488,29.589944401062127,32.48638796178584,13.479832718142372,8.114773905956975,60.051977734185144,5.797575779893487,-2.1002351212753325,0.2160541423155229,13.478148854257615,26.854594822643847,29.37471283017774,32.29781594183742,2,-2.190026552896338,0.06436873972415924,9.150155330006633,4.535822027404236,0.935631275177002,17.85273793035804,8.09434019748098,0.2601075160108799,1.6893920170243932,9.150155330006633,16.61091864298887,18.040203144002383,19.70205526048609,1.9881226646804855,4.538733098752347,17.85273793035804,31.166742761963725,33.71735319603559,36.68298904053124,17.292563922054548,8.196735703776955,62.62531297350362,4.561167680003695,1.7326661627409425,4.076522660523458,17.206950109024582,30.903890842605616,33.48575420710718,36.48009309238121,2,-6.0027577568085135,0.006631249096244574,6.422848796845926,6.649927764293831,0.9933688044548035,15.824464390614253,8.64270357698667,-6.610770120962947,-4.51530900521808,6.422848796845926,17.36100659890993,19.456467714654796,21.892894113836043,-1.1149233493351218,1.6084820653412617,15.824464390614253,30.04044671588724,32.76385213056362,35.93039948290236,15.76212078312149,8.664668584992418,74.49424322360304,0.5822517686122476,-1.2151424916102318,1.5068524732099484,15.763732304945558,30.012679031514292,32.73930242714929,35.908837345098526,2,-4.4723146178754565,0.037505753338336945,8.02481244392446,6.611467678721299,0.9624942541122437,12.970193855076083,8.707593591968498,-4.933426091319921,-2.850084146892703,8.02481244392446,18.89970903474162,20.983050979168837,23.405386222607486,-4.09637597719394,-1.3525230466927045,12.970193855076083,27.292910756844865,30.036763687346102,33.22708569576365,12.784713696340908,8.689114908894492,74.61785143559214,0.8828676821696351,-4.142290792412265,-1.4392624583152853,12.746941477210235,27.137053023494236,29.89657770733177,33.10282995875138,2,-1.4949075310948743,0.46843817830085754,4.787934390195645,5.452477106699937,0.5315618515014648,16.105592416613597,9.862507465050127,-5.898724365465391,-4.180592354629619,4.787934390195645,13.756461135020905,15.474593145856678,17.4722929156234,-3.2245670121420815,-0.11678875811008282,16.105592416613597,32.32797359133727,35.43575184536927,39.049215690644886,10.803969788070349,9.8755101734391,65.6309540843416,31.894750580056364,-5.0684999888517694,-2.9932572912082573,9.223455736610635,29.08633287200885,32.61886432390689,36.60895441922434,2,0.4858363771756853
124,275,reset,0.8,16.5864545723548,13.239514602324,13.1974976488658,13.397049701714701,13.278020650968166,0.990754246711731,17.918375109747316,6.393535061064874,0.009245788678526878,9.19909055267781,8.446279583824783,5.387276656166065,7.401945775513353,17.918375109747316,28.434804443981278,30.449473563328567,32.79196180666116,-7.3553132349747266,-4.693803055022562,9.19909055267781,23.091984160378175,25.75349434033034,28.84807510606315,17.837759081440627,6.469571065479761,41.158940458119844,0.696420573845329,5.079165940572066,7.1902643767744765,17.86638887283007,28.41259906515653,30.430127229049408,32.7755082564132,2,-4.559738430472461,0.9318878054618835,17.218705543044628,5.9127968037942695,0.06811214238405228,2.4755711402670357,9.717583869113499,5.629836759704313,7.493020274896548,17.218705543044628,26.944390811192704,28.80757432638494,30.973927817186905,-16.570543259942816,-13.50843193204943,2.4755711402670357,18.459574212583494,21.521685540476884,25.08205171499279,16.214518175389948,7.266931333957103,39.01181173177452,13.796465568816817,-1.1597343504333224,3.9840767863314843,16.75336285541681,26.765466880276048,28.65286613925143,30.843687006443883,2,-2.9364975244217817,0.7261754870414734,18.536191062340237,8.311891815236494,0.2738245129585266,10.405742189294642,9.35594887821168,2.245182461083452,4.864345663220227,18.536191062340237,32.20803646146024,34.827199663597014,37.87254291597312,-7.9315806531981785,-4.983424256604405,10.405742189294642,25.794908635193686,28.743065031787456,32.17093397175718,16.309874859544326,9.342539418114598,74.13857655179149,13.14446622723356,-2.8667208484808078,0.443440525664724,16.588633859986995,31.19401151204245,33.91211601547151,37.0546542061335,2,-3.03185420857616,0.8284792900085449,18.436087215808847,7.903806530220767,0.1715206652879715,8.05749886374197,9.218869159881038,2.944911075803649,5.435482377852482,18.436087215808847,31.436692053765206,33.92726335581404,36.82309073421804,-10.011152667811896,-7.106191510279434,8.05749886374197,23.221189237763365,26.12615039529583,29.503795534891893,16.655944012755022,9.03542047030139,66.33235274564797,15.306457927831936,-2.4937215878485928,1.0631637345890765,17.053286993180542,30.795629623211234,33.3544362054753,36.315419789257604,2,-3.3779233617868556,0.9977099895477295,16.354773095169584,7.5359784365048705,0.0022899822797626257,8.876169872061162,14.209502569883004,1.5845267713495677,3.9591916312564575,16.354773095169584,28.750354559082705,31.125019418989595,33.88608050975031,-18.973943403138875,-14.496381967187173,8.876169872061162,32.248721711309486,36.72628314726119,41.93241596668635,16.337646765556315,7.566444417210651,57.12328931631895,0.12778428264996675,1.5016062765041147,3.9063456486861208,16.346082450437763,28.755625028364022,31.13508299620276,33.905121018527126,2,-3.0596261145881485
125,277,reset,1.2,14.406338558464299,18.652564830253297,18.010382264960498,16.9535604680946,17.872169187769465,0.3781753182411194,9.728768078636229,5.189040288488853,0.6218246817588806,13.909107083450145,7.692222112683216,-0.4415640011292563,1.1935563397180218,9.728768078636229,18.263979817554432,19.899100158401712,21.800280922074542,-1.1673712184915672,1.2565276420868372,13.909107083450145,26.561686524813446,28.985585385391854,31.803891641940687,12.328206049948877,7.147432866141227,46.9763424006252,4.109454175370605,-0.844411416695636,1.2265100630783194,11.947260580090104,24.755733868349495,27.375802272867425,30.392703894501754,2,5.5439631378205885,0.24437107145786285,12.5311201285623,4.928145043068084,0.7556289434432983,14.063427553049031,8.1902908079244,2.87213333355926,4.42504288032884,12.5311201285623,20.637197376795758,22.190106923565338,23.995699872468645,-1.9892474533922595,0.5915980118472728,14.063427553049031,27.535257094250785,30.11610255949032,33.116893161840196,13.688976155485772,7.553591595139263,56.62318780473906,0.43356097371925817,-1.088184902519179,1.4750851217418208,13.52989077142294,26.438698429191028,29.124871749363976,32.24243623360088,2,4.183193032283693,0.033532675355672836,11.451578150922217,7.073263160387562,0.9664673209190369,15.118267250388016,8.528630857982106,-2.411762896611368,-0.18290441282350223,11.451578150922217,23.08606071466793,25.314919198455797,27.90644886662122,-1.5975420686938584,1.0899178507058966,15.118267250388016,29.14661665007013,31.834076569469886,34.958829515333804,14.995313298865511,8.50951534937757,71.97613459675159,0.43571604687432797,-1.633952607479763,1.0311858603184954,14.976672096670995,29.02327794006439,31.719586747253825,34.85453081229322,2,2.876855888903954,0.13024269044399261,12.19302418817562,6.993991579234582,0.8697572946548462,12.863789011953365,8.645324721437706,-1.5149474153005809,0.6889317722035582,12.19302418817562,23.697116604147677,25.900995791651816,28.463481629587534,-4.0807360767183205,-1.3565047122766778,12.863789011953365,27.084082736183404,29.808314100625044,32.9758217980627,12.776426604963968,8.45156771099049,71.37802699685834,0.050967344176708784,-3.784574355753197,-1.095863242893307,12.759116193441281,26.708308660974193,29.423987647033453,32.59587627358937,2,5.095742582805498,0.8532828092575073,9.719467635037383,6.076288244459299,0.14671719074249268,16.06218675002642,10.844602480423571,-2.189838483786957,-0.27513712226409304,9.719467635037383,19.714072392338856,21.628773753861722,23.855027874594626,-5.19284353825752,-1.7755969727452303,16.06218675002642,33.89997047279806,37.31721703831036,41.29050467517783,10.650053565257284,7.334540330085549,48.75902685942907,5.036454994222383,-2.53371152184635,-0.42242610292302163,10.254081476021812,23.06584492802506,26.970467774221014,32.266569200821905,2,7.222115622512181
126,279,reset,1.2,14.8409767084227,12.7518734096023,12.7028534546744,12.7303606498442,12.728362504706967,0.3698154389858246,10.04825773713636,5.2040998996164,0.6301845908164978,13.898091128793048,7.680964071363416,-0.1515906380602967,1.488275142234528,10.04825773713636,18.60824033203819,20.248106112333016,22.154804474905127,-1.1563218176253915,1.264029517526982,13.898091128793048,26.53215274005911,28.952504075211486,31.766685566793413,12.474363717230638,7.116798838683271,47.19471628500993,3.454114062805596,-0.7304740682160804,1.3664174435247474,12.128015156269136,24.795171831638843,27.39712055661331,30.399823724602665,2,0.25399878747632876,0.23759984970092773,12.815830227966302,4.94595291100299,0.7624001502990723,14.094101753920853,8.174259141297451,3.1219406531694016,4.680461643571839,12.815830227966302,20.95119881236076,22.5097198027632,24.321837267584215,-1.9271517633194648,0.6486419577165083,14.094101753920853,27.539561550125192,30.115355271161167,33.11027212913709,13.790384631477076,7.5531918636503415,56.75471847001452,0.2959888590992038,-1.0459691416076178,1.5260636273045478,13.660795459587938,26.490494297429784,29.161679085063994,32.26661049569567,2,-1.0620221267701098,0.03303728625178337,11.706978905736591,7.100604117878503,0.9669626355171204,15.102315155421792,8.527541130831894,-2.2099494337820786,0.027524468897571097,11.706978905736591,23.386433342575607,25.623907245255257,28.225454199768887,-1.611358337692689,1.0757581973950874,15.102315155421792,29.12887211344849,31.81598864853627,34.94034233592839,14.990141278349213,8.505910117781456,71.98220804792993,0.36828130498047484,-1.636892254847867,1.0294288519983144,14.972883045409326,29.00993921652839,31.70492745978149,34.83863237377872,2,-2.2617787736422468,0.126510888338089,12.53643929178066,7.049419309951697,0.8734891414642334,12.863832169464267,8.629400274251898,-1.280168667645869,0.9411763719048629,12.53643929178066,24.131702211656453,26.353047251207187,28.93584091670924,-4.049481576249523,-1.3302681700550014,12.863832169464267,27.05793250898353,29.777145915178053,32.93881915171762,12.822413789045024,8.446563411411766,71.3325936686028,0.011844694325008153,-3.748611511003798,-1.05757237567534,12.814538581741239,26.729515693823448,29.433043589044132,32.59084004794352,2,-0.09405128433805743,0.8473947644233704,10.016941568289909,6.086951521332015,0.15260529518127441,16.07566268280479,10.827709012250848,-1.9132641891621347,0.004797281349159022,10.016941568289909,20.029085855230655,21.94714732574195,24.177308299330303,-5.14625701628664,-1.734333757571168,16.07566268280479,33.885659123180744,37.29758238189622,41.2646805241874,10.941535089447717,7.350857928750989,49.28814077714061,4.746978647241286,-2.3083618230570484,-0.17691137833649798,10.553384068358836,23.38722459582512,27.25317559260626,32.477942443127375,2,1.7868274152592498
127,280,reset,1.5,23.3073883255623,9.1208669931329,9.05485430739419,9.569487879286651,9.248403059937914,0.011106547899544239,7.34439112708295,4.9645757141241775,0.988893449306488,12.945227235020724,8.04988054355731,-2.38599847112266,-0.8216092425694015,7.34439112708295,15.510391496735298,17.074780725288555,18.89372128515052,-2.83224871020132,-0.2956479735756101,12.945227235020724,26.186102443617052,28.722703180242764,31.672049723807998,12.883021244341869,8.04357789378619,64.3546090943221,0.34453577536271784,-2.824936620294978,-0.3058976136322362,12.86209837196737,26.142541681446108,28.68423456216396,31.638315333758523,2,-3.634618184403955,0.016558649018406868,13.046377651191428,4.73097826868345,0.9834413528442383,19.369427730588015,8.01555683567005,3.7738306329302045,5.264610886918855,13.046377651191428,20.828144415463996,22.31892466945265,24.05227888867659,3.659225016640871,6.185009997400462,19.369427730588015,32.55384546377556,35.079630444535155,38.01640133450256,19.26472659967585,8.012924454268507,63.55589061319361,0.651068387903675,3.6623284912330853,6.155299568178533,19.23258120887774,32.488900539656186,35.02233216554482,37.96616064468408,2,-10.016323539737936,0.0023596337996423244,8.772127902660195,7.1334537270341,0.9976403713226318,14.756181128630075,8.79703753330771,-5.209184487709662,-2.9613593329423455,8.772127902660195,20.505615138262733,22.753440293030046,25.367022815114684,-2.4856956073001157,0.28634203554064896,14.756181128630075,29.226020221719494,31.998057864560263,35.22115069209795,14.742061029964423,8.798274308994145,77.32533543456461,0.08429649495725137,-2.497163309707277,0.27284932169860415,14.740606705904277,29.216378346374967,31.989381722090627,35.21346626524269,2,-5.49365797002651,0.011770895682275295,13.071549269423556,7.813284999781282,0.9882290363311768,11.780600224642278,8.547294458437817,-2.2422079310948035,0.21983909912777655,13.071549269423556,25.92325943971933,28.385306469941913,31.247968217939935,-4.971789079154632,-2.27844806594139,11.780600224642278,25.83964851522594,28.532989528439185,31.664580516830153,11.795795050257189,8.540156810987467,72.91488302407201,0.019385872482205163,-4.94672440671574,-2.2537640461383397,11.797133367316045,25.840765515036054,28.531142678137996,31.659589079044522,2,-2.5473919903192748,0.11882644146680832,7.9736060572422005,5.381345099536214,0.8811734914779663,14.577147589352364,9.261017189627154,-2.573636526229894,-0.8779189476074762,7.9736060572422005,16.825131062091874,18.52084864071429,20.49248678902837,-3.574112562523208,-0.655870124265796,14.577147589352364,29.810165302970518,32.72840774122793,36.12149523989717,13.792471270539522,9.142326096229628,79.0161929205711,4.565920773162875,-3.4102763022408062,-0.6987909408188969,13.48764810380594,29.235215153600244,32.222152029102396,35.67840955120268,2,-4.544068210601608
128,281,reset,1.4,9.569487879286651,8.59322097983343,8.29916842332398,8.40417351256634,8.432187638574582,0.081262968480587,1.3522296837528245,4.626328722449349,0.91873699426651,14.339646412183555,7.975439906280643,-7.715207992891102,-6.257403894837761,1.3522296837528245,8.961863262343407,10.41966736039675,12.114679671836948,-1.2919285649900125,1.221215155804325,14.339646412183555,27.45807766856278,29.97122138935712,32.89329408270001,13.284249841743383,8.530590368089417,60.177958152621486,12.59300730145049,-3.321855184056556,-0.9878743468078826,13.461576777155749,27.127527398443608,29.680096081224626,32.63832931320388,2,-4.852062203168801,0.08510643243789673,6.731748681109096,4.39445656594044,0.9148935675621033,17.719920690564827,8.19524852698898,-1.8812279197597341,-0.49648913985875165,6.731748681109096,13.95998650207694,15.344725281977924,16.954783370849455,1.6575287333114943,4.239936427178288,17.719920690564827,31.19990495395136,33.78231264781816,36.78491967856198,16.784756571826097,8.514158534994486,63.08968329422365,9.401212264795882,0.757133729120469,3.0004979081741974,16.78360921735752,30.843296849788942,33.468258117239614,36.50988282817046,2,-8.352568933251515,0.007491064257919788,4.287960021113804,6.411877677533269,0.9925089478492737,16.14052842168674,8.63613891497719,-8.279089300127733,-6.25864023234598,4.287960021113804,14.834560274573583,16.855009342355338,19.204218024853247,-0.7859928171533781,1.9353440045297496,16.14052842168674,30.34571283884372,33.06704966052685,36.2311918264653,16.051740265593157,8.681972613761227,74.33216494744066,1.0444866381789588,-0.9916613963856913,1.7449422770554461,16.064246860963937,30.314248596931186,33.0392853127712,36.20683462316718,2,-7.6195526270185745,0.048377104103565216,5.043480801609306,6.143840538394741,0.9516229033470154,13.147592803628477,8.829954576074089,-6.998225380401564,-5.062237591380773,5.043480801609306,15.149199194599381,17.085186983620176,19.336191176549846,-4.158800150601383,-1.3763900066437422,13.147592803628477,27.671575613900693,30.45398575785833,33.68913885955563,12.755539431597043,8.890773051207766,76.02230735093667,3.023539309383229,-4.446082415075361,-1.7561369232755941,12.70432566054833,27.458807231165004,30.266115972262032,33.524379247495055,2,-4.323351793022461,0.5680059194564819,2.27662040970921,5.368331761327799,0.4319940507411957,16.238452813917704,9.975369076405073,-8.245116499555753,-6.553499558589609,2.27662040970921,11.106740378008025,12.79835731897417,14.765227589820059,-3.3129113083308255,-0.16956919158674566,16.238452813917704,32.646474819422146,35.78981693616623,39.44463145758539,8.308048877924348,10.353157907501636,59.35621349191203,47.831663108685746,-7.309553719541956,-5.392224910449967,6.110034983489342,28.174480633714882,31.92871034685687,36.11618218248963,2,0.12413876065023466
129,285,reset,0.1,84.69917816387431,84.8034721933655,84.2930802967454,84.7987259839408,84.63175949135056,0.9999991655349731,86.48396694094289,7.1206575250523985,8.719725883565843e-07,21.280771389238467,20.03215479712205,72.52773464559607,74.77152758458115,86.48396694094289,98.19640629730462,100.44019923628971,103.04909343612145,-17.98153054585203,-11.669191084461083,21.280771389238467,54.230733862938,60.54307332432896,67.88253211398037,86.48391332934641,7.120919730199246,50.70407119002888,0.003707150489824731,72.52747512943334,74.77141524147909,86.48395878819348,98.19651429866578,100.44028883783042,103.04924140538262,2,-1.8521538379958429,0.9999969005584717,85.7348496561271,6.401741731496857,3.130082632196718e-06,27.848624357179176,30.432971964646608,73.18766642406617,75.20492155026788,85.7348496561271,96.2647777619863,98.28203288818803,100.62752792335334,-31.798904636045357,-22.20915995778229,27.848624357179176,77.90640867214063,87.4961533504037,98.64630398787932,85.73467109446908,6.402759734664479,40.98506914998518,0.010488295261177935,73.18699828619724,75.20441481249702,85.73482627531492,96.26497105290034,98.28231932588128,100.62815119087787,2,-1.102911603118514,0.9999994039535522,88.51706872721856,6.386060719645967,5.710226105293259e-07,35.75928821128021,29.260231342219054,76.00061971362652,78.01293359057655,88.51706872721856,99.02120386386056,101.0335177408106,103.37326750586267,-21.589711398779237,-12.36950943740797,35.75928821128021,83.88808585996836,93.10828782133964,103.82876518819468,88.51703638629628,6.386236883870916,40.78223609454329,0.0015893739553461688,76.00006319615697,78.01276602017036,88.51706451195972,99.02141954222168,101.03401645660477,103.37345621319565,2,-3.8852768949457186,0.9999432563781738,86.73944591874577,5.976119661661561,5.672310362569988e-05,30.777066469886996,33.09606821362215,75.02646661458742,76.90960381816575,86.73944591874577,96.5692880193258,98.45242522290413,100.64197918866581,-34.09003525869331,-23.661121369122746,30.777066469886996,85.21525430889672,95.6441681984673,107.77003439775751,86.73626977915981,5.995990353617129,35.774111304744864,0.1776346537981142,75.02070535009995,76.90634494864747,86.73906070664977,96.56966950163437,98.45275761541959,100.64263630026525,2,-2.104510287809248,0.9999995231628418,85.61060592560852,6.505666366415068,5.164446292837965e-07,32.518005394095205,34.76110656288029,72.85973415200144,74.90973700707448,85.61060592560852,96.31147484414255,98.36147769921561,100.74504904633721,-35.6125115319091,-24.65892681270509,32.518005394095205,89.69493760089549,100.64852232009949,113.38443174595889,85.61058189703972,6.505802348935131,42.32429872747197,0.0014557658947724924,72.85899189494909,74.90915869402554,85.61060236446963,96.3118411230908,98.36204744149109,100.74548366305403,2,-0.9788224056891579
130,286,reset,0.3,84.7987259839408,84.7016891210845,84.6673377964309,84.830737230005,84.73325471584013,0.9999432563781738,81.90951556960306,7.617198849009406,5.6731161748757586e-05,21.511011315198438,14.163340217287127,66.98008016246467,69.38033841559935,81.90951556960306,94.43869272360676,96.83895097674144,99.62976991814243,-6.248625411472041,-1.785610210953955,21.511011315198438,44.807632841350824,49.27064804186891,54.45986771900149,81.90608807168991,7.631306059863667,58.02980622564869,0.20694236389583476,66.97281164436616,69.37629747663826,81.90897406590157,94.43853421344534,96.83879154148212,99.62970103481268,2,2.827166644150225,0.9996696710586548,79.64550896196513,7.228903980085529,0.0003302855766378343,25.057528325564583,19.145660411752075,65.47711751329925,67.75502003143751,79.64550896196513,91.53599789249274,93.81390041063102,96.46245436768248,-12.467276541703797,-6.434280643087046,25.057528325564583,56.5493372942162,62.582333192832955,69.59699472155191,79.62747588549895,7.303766807638437,52.36085899946061,0.9838756254587295,65.4376190047734,67.73325624318704,79.64252909709631,91.53493614158621,93.81307014981229,96.46159897953302,2,5.10577883034118,0.9999271631240845,82.39085735769015,7.743081216269952,7.285427273018286e-05,31.52418502247925,19.773950152771423,67.21469704443244,69.6546221353287,82.39085735769015,95.1270925800516,97.56701767094785,100.40395788368532,-7.2320451090430495,-1.0010686054644538,31.52418502247925,64.04943865042294,70.28041515400153,77.52527192176862,82.38715293660944,7.756790516328762,59.97942644846613,0.18849074910805994,67.20545151350078,69.64954747162903,82.3901571511433,95.12694910327072,97.5669371729192,100.40376371113922,2,2.3461017792306933,0.9971725940704346,83.28343830076918,8.579455570427344,0.0028273246716707945,28.271748686071163,21.39297720072184,66.46801437577004,69.17148968848274,83.28343830076918,97.3953869130556,100.09886222576831,103.24223652746068,-13.657716149430158,-6.916567453826325,28.271748686071163,63.46006482596864,70.20121352157247,78.0392557163746,83.1278956260544,9.122804169802206,74.69289277369545,8.532101634741144,66.05949089974938,68.94940280499353,83.2532612140523,97.38390713850603,100.08881463192512,103.23355898568728,2,1.6053590897857362,0.9999560117721558,80.23219014212461,7.2701322153806,4.396133590489626e-05,31.442463578246624,24.376058070900644,65.98299283713423,68.27388679923908,80.23219014212461,92.19049348501014,94.48138744711498,97.14504676537109,-16.333732325775557,-8.652583950454023,31.442463578246624,71.53751110694725,79.21865948226879,88.14965444898242,80.23004312296723,7.278972086119569,52.87861892235048,0.10464260851453372,65.97796823279045,68.27099096307144,80.23180769956882,92.19058569478233,94.4815687197335,97.14530556324549,2,4.503211592872901
131,288,reset,0.3,84.6311520500204,84.5866251628293,84.5826901524603,84.5498649738656,84.57306009638508,0.9999433755874634,81.77894791506549,7.6189878627034116,5.660751776304096e-05,21.43541014548024,14.14587356342277,66.846006105519,69.24682809539853,81.77894791506549,94.31106773473243,96.71188972461198,99.50336413180854,-6.289992568685669,-1.8324812917126572,21.43541014548024,44.703301582673134,49.16081285964614,54.343633036199336,81.77553063554251,7.633036435530665,58.057016552022304,0.20611569475488267,66.83870360249558,69.24276655533443,81.77840752541596,94.31093709797445,96.71178728785434,99.50321119376363,2,2.7975294608425685,0.9996680021286011,79.50379453156555,7.232144839419639,0.000331995717715472,24.934642707967114,19.1129335317681,65.32905111532584,67.60797486180778,79.50379453156555,91.39961420132332,93.67853794780525,96.32827930350486,-12.526018653206307,-6.503335333444067,24.934642707967114,56.372620749378285,62.39530406914053,69.39797499627973,79.48567763561475,7.307265789695281,52.40783362799984,0.9882860863385254,65.289406912705,67.58594827510585,79.50079735282623,91.39861449979831,93.67753406011359,96.32761145003772,2,5.087382460770328,0.9999269247055054,82.23913780245907,7.750885982381684,7.310048385988921e-05,31.43953695953875,19.74845620187976,67.04768042871461,69.49006488225123,82.23913780245907,94.9882107226669,97.43059517620352,100.27039492950566,-7.266725946412251,-1.0437828508154823,31.43953695953875,63.92285676989297,70.14579986548975,77.38131606037038,82.23542639860925,7.764587024073345,60.100352723415305,0.1886292782416249,67.03847178908738,69.48483566201259,82.23843444177864,94.98798405971613,97.43050069012388,100.27040239921496,2,2.3376336977758285,0.997164785861969,83.13800018638229,8.586053274906105,0.0028352178633213043,28.17767340434355,21.335120511344414,66.30964499822413,69.0151993159544,83.13800018638229,97.26080105681015,99.96635537454043,103.11214696886151,-13.638394403713292,-6.915476950188072,28.17767340434355,63.27082375887516,69.99374121240038,77.81058564831477,82.98217599582905,9.129168190733902,74.80185332671246,8.539884180497186,65.89972728208143,68.7922205909384,83.10771021056311,97.24917366209586,99.95627995380802,103.10340294819636,2,1.5908841005560248,0.9999561309814453,80.09217369004448,7.276276091658809,4.386870205053128e-05,31.332940604961415,24.357964284456028,65.83093460882334,68.1237645699792,80.09217369004448,92.06058281010975,94.35341277126561,97.01932310680914,-16.40779212928536,-8.73234529348052,31.332940604961415,71.39822650340334,79.07367333920817,87.99803903406843,80.09003466042655,7.285066408275682,52.96789891044464,0.10429163235471066,65.82595514027406,68.12098224869051,80.09179148522028,92.06069598855802,94.35356899686454,97.01955503394308,2,4.483025435958524
132,289,reset,1.0,84.5498649738656,21.826036016451603,21.830038307351202,21.6639893586484,21.77335456081707,0.10071324557065964,57.735456902803634,8.506601646012342,0.8992867469787598,17.466542944073865,7.917960845123587,41.06282404579029,43.743342332328865,57.735456902803634,71.7275714732784,74.40808975981696,77.52477155731677,1.9476248566333023,4.442656329912584,17.466542944073865,30.490429558235142,32.985461031514426,35.88647432286574,21.522155834327293,14.50982267785627,63.66781601743638,146.86713467426304,2.3102399506236257,4.854582897434689,18.581594343451478,57.81099660296791,63.52057544074251,68.6715585201086,2,0.2511987264897755,0.033376552164554596,56.59825649060182,8.513601254811356,0.9666234850883484,18.549068184654878,8.283313450987732,39.91190465243655,42.59462858820675,56.59825649060182,70.60188439299688,73.28460832876709,76.40385467016365,2.314072148062735,4.924230011621786,18.549068184654878,32.17390635768797,34.78406422124702,37.81893682137409,19.819019593973913,10.744775175246026,68.74238894580276,46.707819253479954,2.434665369467047,5.06097755037489,18.90764349134427,36.01953505546467,50.917887946009266,61.07239294817823,2,1.954334966843156,0.04310980811715126,56.29859096499892,11.515910144768101,0.9568902254104614,17.157260036901462,9.110150669572443,33.727821832054,37.356604395729846,56.29859096499892,75.24057753426798,78.86936009794384,83.08860404792554,-0.6983071691939884,2.17239566598084,17.157260036901462,32.14212440782208,35.012827242996906,38.35063967925306,18.84463587790363,12.179198704468925,85.134014504305,63.198878484968475,-0.5260148223498523,2.3678484681847665,17.67152283400155,38.38514817151698,53.99331969095832,64.73276789525421,2,2.9287186829134377,0.025237131863832474,66.11098244485312,19.554329671837163,0.9747627973556519,16.34260807178478,8.761040797536989,27.78520054622934,33.94697236152696,66.11098244485312,98.27499252817927,104.4367643434769,111.60115570522524,-0.8287163584737911,1.931978340086241,16.34260807178478,30.753237803483316,33.513932502043346,36.72383670552003,17.598617941748262,12.058224833669927,84.46870103506791,60.932063182736975,-0.7340787642780454,2.0396465028669817,16.623709926087866,33.278996358476945,41.100716031587105,71.25563165835457,2,4.174736619068806,0.11804024875164032,55.78219111700318,8.10615389175361,0.8819597959518433,19.49020941952913,10.738110647942948,39.8944214360269,42.448754487525456,55.78219111700318,69.1156277464809,71.66996079797946,74.63992498973208,-1.5561007124451152,1.8275891736539407,19.49020941952913,37.15282966540431,40.536519551503375,44.47079029658652,23.774124838069202,15.70262236428762,109.45254906736983,137.1198253148678,-0.9732155915477171,2.4899697642438987,21.299935038207472,57.37686741081472,62.27597195827169,66.92220760087449,2,-2.0007702772521334
133,290,reset,1.1,21.6639893586484,19.583363932339502,19.2112439568631,19.3408297099901,19.3784791997309,0.5349995493888855,17.239971406540356,5.68754898804038,0.4650004804134369,13.259910225744427,7.529246539140656,6.0925802296739775,7.884785825097959,17.239971406540356,26.595156987982747,28.38736258340673,30.471188903371228,-1.4971418216941093,0.8754017476270946,13.259910225744427,25.644418703861753,28.016962273182962,30.77555690520365,15.389241559186564,6.899837640817934,43.66694922876594,3.9408172989289434,0.9714101207966591,3.538498187013341,15.666535146287387,26.244472257554488,28.24534314669318,30.59573994685803,2,3.989237640544337,0.2946547865867615,18.475527786082132,5.448492791806974,0.7053452134132385,12.266370377949322,8.106859247322374,7.79667814411437,9.513554656059476,18.475527786082132,27.437500916104785,29.15437742804989,31.15061740902913,-3.6227817745380264,-1.0682264581939727,12.266370377949322,25.600967214092613,28.155522530436667,31.125745153106056,14.095928328926304,7.944556953162626,55.103254173110685,8.01273100893392,-2.3790508217080912,0.34469427235661887,14.543450499619862,26.409469640055292,28.57555838467942,31.135333852315586,2,5.282550870804597,0.0640803873538971,17.70328347011307,7.770590757787844,0.9359195828437805,14.262745122449509,8.541672518307049,2.473205446249086,4.921799078610141,17.70328347011307,30.484767861615996,32.93336149397705,35.780380759534225,-2.4786253811678556,0.21294410048043844,14.262745122449509,28.312546144418576,31.00411562606687,34.133646826166185,14.4832157274108,8.536046874799442,72.15415844051395,0.709931556818838,-2.283481947279506,0.4182912808222609,14.497383582418136,28.499403027449315,31.172620513002858,34.27827154958528,2,4.895263472320101,0.1584012508392334,19.41562245131707,8.123762156200605,0.8415987491607666,12.408887268317194,8.434225825897773,3.493341206194426,6.053222804199386,19.41562245131707,32.77802209843475,35.33790369643971,38.31431927260779,-4.121891587920036,-1.46417967193854,12.408887268317194,26.28195420857292,28.93966612455442,32.029830587574835,13.518762885603639,8.767363341091793,70.32187930417257,6.544780650547672,-3.54653871239824,-0.8322063722649267,13.476664031887116,28.014667079864278,30.808273833298756,34.0514781149664,2,5.859716314127262,0.8848543167114258,16.513225896437092,6.596201383576709,0.1151457130908966,15.607910790298291,11.186337138447966,3.584908749853465,5.663440126558619,16.513225896437092,27.36301166631556,29.441543043020715,31.85828496186602,-6.316907119982574,-2.791976424179804,15.607910790298291,34.007798004776376,37.532728700579156,41.63122241063082,16.40898323510126,7.2795643092388795,52.90855828993533,0.08350626682548089,1.9730353082918581,4.59320784266955,16.448763933338498,28.111245399228903,30.578555154647805,33.751962053443535,2,2.9694959646296404
134,292,reset,0.9,110.5006441635,18.8310937513535,17.5682425204525,17.299715142890502,17.89968380489883,0.23185020685195923,74.71334318985426,9.239054062595955,0.7681498527526855,24.32470839580221,9.825744009124831,56.60512997594771,59.51645160539256,74.71334318985426,89.91023477431595,92.8215564037608,96.20659696652275,5.066604016607339,8.162797724896528,24.32470839580221,40.48661906670789,43.58281277499708,47.18280708229929,36.00732524565661,23.369626581528063,93.9519774587193,452.18754638040315,6.199797116038928,9.454575706878456,28.135052120917972,81.9839857861621,86.15278947142941,90.56249530483787,2,-18.107641440757778,0.11801796406507492,74.39708629865494,8.876544457762314,0.8819820284843445,27.285710153139277,10.844377926499671,56.99937885427218,59.7964699525086,74.39708629865494,88.99770264480128,91.7947937430377,95.0470166267993,6.031119982458765,9.448295788703799,27.285710153139277,45.12312451757475,48.54030032381978,52.51350568774721,32.84569864684259,18.548471716349226,113.02055064621506,231.02524432800854,6.619682020407836,10.117111375240514,29.11299059053891,76.10664549858205,81.49912900056333,86.59283097633823,2,-14.94601484194376,0.15209320187568665,76.35193137961988,11.373742560504072,0.847906768321991,24.102700765046322,10.74249046096314,54.059805591601524,57.64378967696243,76.35193137961988,95.06007308227733,98.64405716763824,102.81121320513637,3.0478063572934815,6.432876367839501,24.102700765046322,41.77252516225313,45.15759517279916,49.093470610811934,32.04945282644151,21.66991754199955,117.52445866482454,352.06083700026045,3.816273717083429,7.306872467723201,26.53843877990319,81.39483777108107,87.460060024063,93.5060951718318,2,-14.149769021542678,0.08780331164598465,86.53364932802151,20.57159401257705,0.912196695804596,23.997871171071438,12.25854975693232,46.21406595879066,52.69638830426094,86.53364932802151,120.37091035178207,126.85323269725234,134.39033332481142,-0.02844485520814999,3.8343511422162173,23.997871171071438,44.161391199926655,48.02418719735102,52.51552233693481,29.48871976840836,22.07850180425699,174.23518593504372,313.2250624644456,0.45668164370108477,4.385226160453387,25.475856746334898,82.934317679286,98.2359044245345,111.34491321736226,2,-11.589035963509527,0.17305231094360352,73.36378287359092,7.964137358777728,0.8269476890563965,26.479252720404638,12.521683798231,57.75436048245662,60.26394265346565,73.36378287359092,86.46362309371618,88.97320526472522,91.89113688675272,1.937203450073163,5.882915709344882,26.479252720404638,47.07558973146439,51.021301990736106,55.609045203830966,34.59272901091859,21.335499720890347,140.6355220670812,314.5680262730312,2.9709962112773476,7.059414687532715,29.80198648640723,77.79826797519587,81.81038998426568,85.8968266736895,2,-16.693045206019757
135,293,reset,0.5,17.299715142890502,18.104387362920402,18.0824632654759,18.5585568866165,18.248469171670934,0.9999163150787354,20.228283776243508,7.3884647155781655,8.36619728943333e-05,2.6478667131555653,10.687860469861558,5.747159032665326,8.07534079122178,20.228283776243508,32.38122676126523,34.709408519821686,37.41642295975454,-18.299954879562435,-14.93209934504749,2.6478667131555653,20.227832771358614,23.59568830587356,27.511548195263142,20.226812499661555,7.390552347465153,54.594399280195496,0.0258553316992914,5.740868666562413,8.071433086958336,20.227586690766977,32.38099335158102,34.70920552404804,37.41623133694357,2,-1.978343327990622,0.998370349407196,18.412992552788758,6.600488138214023,0.001629634527489543,-8.551615259041839,13.081904703856328,5.476273521505435,7.556155698997248,18.412992552788758,29.269829406580264,31.349711584072075,33.76802410075474,-34.19167732778537,-30.069433658613452,-8.551615259041839,12.966203140529768,17.088446809701686,21.881445937179205,18.36904980106787,6.70502055654003,43.77433509238455,1.1829601504495069,5.319530288482094,7.467440911305855,18.400021150511268,29.264885141872302,31.345338298253942,33.76434254196275,2,-0.1205806293969367,0.9966756105422974,20.765303473743707,9.139642084911173,0.003324375255033374,5.441867784722575,11.851249399146077,2.8519341557312323,5.7319300413392416,20.765303473743707,35.79867690614817,38.67867279175618,42.027290407471014,-17.786154209405698,-14.051702773369314,5.441867784722575,24.935438342814457,28.66988977885084,33.01199662915384,20.71436232839429,9.192403196161473,83.72227655147164,0.7779938751782696,2.648345123802852,5.595698893361982,20.734619864650057,35.78549147209927,38.66697326825431,42.0170937357408,2,-2.4658931567233573,0.9943887591362,20.371760921228898,8.173031849581248,0.005611209664493799,1.3183132748746829,10.908387932860816,4.352912851550865,6.928319840255277,20.371760921228898,33.81520200220251,36.39060899090693,39.38507618897032,-20.061734202923848,-16.62438818068511,1.3183132748746829,19.261014730434468,22.69836075267321,26.695018351698202,20.26484739606894,8.313661243889653,67.09132168779269,2.0256287779270306,3.8785979935669648,6.634879438019615,20.31867195087688,33.7935887959575,36.371460897963,39.368290529485776,2,-2.0163782243980073,0.9999618530273438,17.983979921003417,8.451586608993205,3.8137022784212604e-05,-1.6853631687087045,19.053079458839356,1.4191745551557275,4.082357033706444,17.983979921003417,31.885602808300384,34.5487852868511,37.6453104611068,-39.02871270261375,-33.024890021175224,-1.6853631687087045,29.654163683757805,35.65798636519634,42.638727724293446,17.983229611879555,8.45311736083035,71.44043589293061,0.014754005286516159,1.416109949420395,4.080554558760439,17.98369792840001,31.8857030470817,34.54892021611118,37.645538048393355,2,0.2652395597913788
136,298,reset,0.3,100.16506200559999,108.5178715912,102.16175290769999,102.5110806789,104.39690172593333,0.9999376535415649,93.40469190206449,7.4432288995652,6.239869253477082e-05,28.648532637634816,16.209849154058166,78.81623133022899,81.16166985038464,93.40469190206449,105.64771395374432,107.99315247389998,110.72023162856733,-3.122187899146258,1.9857034642459794,28.648532637634816,55.311361811023644,60.419253174415886,66.35828075570075,93.40065608130281,7.461620894679859,55.41459818538174,0.26164386424945496,78.80835077125272,81.15728282326464,93.40410927141708,105.64756561033194,107.99305158861542,110.72018131445877,2,10.99624564463052,0.9998237490653992,92.37023064190336,6.876248448795239,0.00017623657186049968,36.51172862443526,23.02001131561633,78.89303133351528,81.05980844108308,92.37023064190336,103.68065284272365,105.84742995029144,108.36677660213479,-8.606664477877267,-1.352820480520208,36.51172862443526,74.37627772939071,81.63012172674777,90.0642830089154,92.3603850043089,6.922265858099157,47.367850539618914,0.5497915500807256,78.8731503389429,81.04872580499837,92.3687347774266,103.68028281156306,105.84720984863173,108.36669036136666,2,12.036516721624437,0.9999499320983887,96.24100351837961,6.992571427391546,5.0063787057297304e-05,39.45248950916046,22.520747696792114,82.53581536136835,84.7392470443174,96.24100351837961,107.74275999244183,109.94619167539088,112.50815719257066,-4.68736488146547,2.4091559784329206,39.45248950916046,76.49582303988798,83.59234389978637,91.84358303540296,96.23816007431815,7.005746291467131,48.91899859991425,0.1614443923807964,82.53007969953411,84.7359962191346,96.24056970630672,107.74281561976503,109.94630142570954,112.50828088343451,2,8.158741651615188,0.9981164932250977,96.3718921569045,7.8684794102050954,0.0018834806978702545,37.021645405090574,28.127492337706475,80.94995589980753,83.42939526043565,96.3718921569045,109.31438905337333,111.79382841400145,114.67671250476924,-18.107226552240462,-9.243962383635683,37.021645405090574,83.28725319381681,92.1505173624216,102.45597740701407,96.2601045996407,8.361142095895696,63.28648145949461,6.621974058284205,80.71045936613925,83.29771507021815,96.35393251798337,109.30816453072968,111.78870511918213,114.67286337337774,2,8.136797126292635,0.9999521970748901,92.70256100856832,6.692585592137448,4.7833029384491965e-05,41.41120123336754,26.475722225705493,79.58533428452725,81.69423732365787,92.70256100856832,103.71088469347877,105.8197877326094,108.27184327267364,-10.480260793701873,-2.1374864957438575,41.41120123336754,84.95988896247893,93.30266326043696,103.00294134683335,92.70011037819238,6.7043019470670036,44.822090006782325,0.125833286042756,79.5800082079905,81.69135117108802,92.70218097561141,103.71100735699143,105.81986530253768,108.27204250207005,2,11.696791347740955
137,299,reset,0.7,102.5110806789,79.6016098629579,79.243823736378,79.2295716453209,79.35833508155227,0.8887671232223511,79.77804702660971,8.61093560294799,0.11123288422822952,25.539214699402756,10.293468928187021,62.90092337163796,65.61431836865515,79.77804702660971,93.94177568456428,96.65517068158147,99.81007876003035,5.3643863241740775,8.607964998962043,25.539214699402756,42.470464399843465,45.714043074631434,49.485404256996084,73.74490586407592,19.196821446246858,77.68622918542722,290.83176497223224,17.754915589425725,24.232909086326085,78.42176931379488,93.44355340070508,96.21667111327304,99.42626789513862,2,5.613429217476352,0.68546462059021,77.94010889931045,8.449378158240144,0.31453537940979004,28.236405381988902,12.079847991019648,61.37963201740038,64.04211859024458,77.94010889931045,91.83809920837629,94.50058578122051,97.59630181469952,4.560338380871862,8.36682360093777,28.236405381988902,48.10598716304003,51.912472383105936,56.33833407463398,62.306535655417996,25.049399627852154,94.83454465722855,532.6378770586113,11.221174684076862,16.171977743444188,72.77802616288741,90.22738654669593,93.09145631276706,96.36893394594824,2,17.051799426134274,0.8050196766853333,80.59960554214253,10.06324518629364,0.19498032331466675,28.046647201252668,12.328174960063153,60.87600740941092,64.04704019856548,80.59960554214253,97.15217088571956,100.32320367487412,104.01021458722846,3.8838682844203625,7.768603904500463,28.046647201252668,48.32469049800487,52.20942611808496,56.726270810399114,70.3528127336936,23.337948546729805,111.1573296389411,433.5025127308653,14.055945867147178,19.979416131324804,77.49650235444881,96.06986486270327,99.37269846306926,103.17974569892752,2,9.005522347858673,0.4609917402267456,87.31347318184228,15.576055481726916,0.5390082597732544,27.745842047627583,14.07330151150083,56.78496541645984,61.69314182912639,87.31347318184228,112.93380453455816,117.84198094722473,123.54879673769989,0.16267794151284676,4.597321013253797,27.745842047627583,50.89436308200136,55.32900615374231,60.48523709964329,55.20602798537409,33.17037888077773,218.5976200133228,881.6764150810226,4.088585086116352,9.113679722537011,47.79352435824343,106.54602009161044,112.31537419224387,118.77697584421068,2,24.152307096178177,0.8659138679504395,78.09808629362196,7.883366054120992,0.13408614695072174,31.789654964055373,14.902991171821554,62.646972750599176,65.13110304691493,78.09808629362196,91.06506954032899,93.54919983664475,96.43753815391206,2.5803290053667425,7.27641588265891,31.789654964055373,56.30289404545183,60.998980922743996,66.45919679347186,71.88876832906047,18.236854840256125,83.59476647953983,248.9881849941609,18.51010442727907,26.95814672784307,76.56253133502585,90.50705358147529,93.05838822102554,96.00816625106819,2,7.469566752491801
138,304,reset,0.6,93.6762007181218,86.5366309558836,88.177356407584,86.58465944954669,87.09954893767143,0.980034589767456,78.57997833997301,8.305030445339582,0.01996537111699581,23.660169042971717,10.383897400243628,62.30241777659878,64.91941889001379,78.57997833997301,92.24053778993222,94.85753890334723,97.90036826033321,3.308104119335102,6.580177742289017,23.660169042971717,40.74016034365441,44.01223396660832,47.81672668428669,77.48348089198481,11.34752903962801,69.74921849624833,59.016961971333885,57.272300900344874,63.03828284934988,78.36790584613784,92.15920298953213,94.78583834271376,97.83749478587401,2,9.616068045686617,0.901551365852356,75.94518667478647,8.24808141236326,0.09844867140054703,25.53928483035797,12.442330622408976,59.77924416500021,62.378300048269736,75.94518667478647,89.5120733013032,92.11112918457272,95.13309333335351,1.1527649266965376,5.073472178359189,25.53928483035797,46.005097482356746,49.925804734019394,54.48447422191234,70.98279543663477,17.380526606240455,76.57429850199064,225.50859430912615,17.300650522021247,25.785029706732132,74.81288157580882,89.09322633799663,91.74241842303601,94.81030351098822,2,16.116753501036655,0.9585583806037903,78.5031916873773,9.590988054250895,0.041441600769758224,27.8020816790185,13.108493776587066,59.70520052489165,62.72742020029446,78.5031916873773,94.27896317446013,97.30118284986294,100.81516635733496,2.109905985340408,6.240528146728455,27.8020816790185,49.363635211308534,53.49425737269659,58.296998308059415,76.40205506559141,14.050309690646328,95.29597784952291,102.1151158258483,31.233439831064416,56.0456079805198,77.9833166001085,94.08132661967238,97.12701349957673,100.66246980436803,2,10.697493872080017,0.7312964797019958,83.56205509910305,13.557175443964852,0.26870355010032654,26.87783930700583,14.289439720774386,56.99047949684112,61.262485898880016,83.56205509910305,105.86162429932607,110.13363070136498,115.10076137116937,-1.1289479049680615,3.3738025551856374,26.87783930700583,50.38187605882601,54.884626518979715,60.12004702266407,68.33080757145684,28.647103185942004,189.2761674895409,631.3804926064706,7.983317075406686,14.125328410039597,77.08319333223884,103.73556963206323,108.27071608339331,113.4760342145744,2,18.768741366214584,0.9782877564430237,76.598004043055,7.932334993597552,0.021712251007556915,31.134653421133663,16.20313006908,61.050913142297034,63.55047405864198,76.598004043055,89.64553402746802,92.14509494381296,95.05137469159042,-0.6228979510811428,4.482876159040956,31.134653421133663,57.78643068322636,62.89220479334846,68.82877061014514,75.61089293340687,10.543201585186441,67.25612729647537,43.903014964423726,56.02117492484388,61.629540761171484,76.37848230857219,89.56128720804286,92.07073848524955,94.9862502634314,2,11.488656004264556
139,306,reset,0.1,92.9502790367377,92.9523526240449,92.95736417534731,93.00482788061531,92.97151489333584,0.9999990463256836,93.39721756064559,6.9781170329207525,9.520758226244652e-07,25.444392253267694,21.389627098938266,79.72035949621541,81.91923644975404,93.39721756064559,104.87519867153713,107.07407562507576,109.63074528498896,-16.478506503393277,-9.738413459560427,25.444392253267694,60.6271979660958,67.36729100992866,75.20410578140908,93.39715271510866,6.978460912609956,48.69450647687211,0.004396288248769965,79.72019157663065,81.91902211449728,93.39720917398742,104.87524961289394,107.07425225288101,109.63090568244095,2,-0.42563782177282405,0.999997615814209,93.25010169802249,6.230829896301545,2.352140882067033e-06,34.56301056134584,33.41018206467086,81.03789950747603,83.00129854417322,93.25010169802249,103.49890485187176,105.46230388856895,107.7451795807937,-30.91974300233513,-20.391848584837078,34.56301056134584,89.51786970752875,100.0457641250268,112.28671657881034,93.24996066952517,6.2317055452301435,38.82577418918801,0.00810116499087962,81.03700623466412,83.00061891758529,93.25008556660997,103.49944904707728,105.46293404916908,107.74550210570997,2,-0.2784457761893293,0.9999995231628418,96.66693308548007,5.986059375890601,4.7667117542005144e-07,40.49401241704251,31.43682106285783,84.93447229941617,86.82074160989954,96.66693308548007,106.5131245610606,108.39939387154396,110.59258958846542,-21.121024654589036,-11.214956728023644,40.49401241704251,92.20298156210865,102.10904948867405,113.62699426322415,96.6669062934229,5.986223056647314,35.83336084682135,0.0015040860877805064,84.93390800128591,86.82025130101006,96.66692896295862,106.51315740090078,108.39994949388861,110.59305420745734,2,-3.695391400087061,0.9999510049819946,94.2564377477993,5.626335116350248,4.898785482509993e-05,36.01759940073587,38.40889806726098,83.22902355479984,85.00194002522616,94.2564377477993,103.51093547037243,105.28385194079875,107.34525048436203,-39.26245749696576,-27.159415892407765,36.01759940073587,99.19461469387949,111.29765629843749,125.3700577637598,94.25358407686532,5.647351196754208,31.72636488448558,0.16614701917809954,83.22470026109363,84.99934963411059,94.25613640466207,103.51151429098836,105.28411154651168,107.34623396223213,2,-1.2820691835294866,0.9999994039535522,93.0594844130849,6.22422409978949,5.555974667004193e-07,38.63042524154679,36.324859628746175,80.86022934579125,82.8215468275874,93.0594844130849,103.29742199858241,105.25873948037854,107.53919491518394,-32.56499137426873,-21.11865186729949,38.63042524154679,98.37950235039304,109.82584185736229,123.13468521371242,93.05945040827619,6.224441494707925,38.74167566130192,0.0016459690858803588,80.86005222752115,82.82119851303902,93.05948092611922,103.29772812788727,105.25889484403565,107.53927081065372,2,-0.08793551494035512
140,308,reset,1.3,94.15894406393771,8.859310603886051,8.940817154924689,8.985331446413731,8.92848640174149,0.0024469573982059956,48.68609830768589,8.870616369038602,0.9975530505180359,14.215514621458873,8.617074084537336,31.30000970369876,34.09523279977764,48.68609830768589,63.27696381559413,66.07218691167301,69.32223783923072,-2.673640236347765,0.04168905979809345,14.215514621458873,28.389340183119646,31.104669479265507,34.26182659847473,14.299862783763817,8.784373976041426,74.2648158547408,2.900411914974339,-2.664659524311632,0.05188984155992898,14.24200364050806,28.585312692249722,31.462103111552672,35.08307002345975,2,-5.371376382022328,0.0024674334563314915,51.501802212546494,8.228640302375252,0.9975324869155884,19.7115157407329,8.397235793040256,35.373963578156214,37.9668933663055,51.501802212546494,65.03671105878749,67.62964084693677,70.64448208622395,3.2532360166833563,5.899291990183906,19.7115157407329,33.52373949128189,36.16979546478244,39.24640737569175,19.78995458756966,8.543662482259919,70.50664701528775,2.4874904097633013,3.262064916542196,5.909317748555233,19.737546112697277,33.71558923556679,36.5180041099355,40.03560858850099,2,-10.861468185828171,0.0023558796383440495,49.05213603903556,12.333035574728209,0.9976441264152527,12.904901935774006,8.898819128075319,24.87983049251702,28.76609774262232,49.05213603903556,69.33817433544878,73.2244415855541,77.74306712877458,-4.5364630601897495,-1.7323529826258248,12.904901935774006,27.542156854173832,30.34626693173776,33.60665089584599,12.99006054670141,9.079193424201451,79.36076080998207,3.0709934455748527,-4.527550751848339,-1.7222346639873085,12.93114956647223,27.730458610547174,30.684756072249495,34.36664843266175,2,-4.06157414495992,0.003398512490093708,63.16486058807087,24.70883484806896,0.9966014623641968,11.010961543393776,8.491779738362796,14.736434185907484,22.5224439704797,63.16486058807087,103.80727720566203,111.59328699023425,120.64620600690233,-5.63262090844427,-2.956773158525298,11.010961543393776,24.978696245312847,27.65454399523182,30.765795284557154,11.188206943825756,9.118814383311959,73.94013548002033,9.212637129638004,-5.621579451000873,-2.943973225112642,11.04598829500591,25.23439309097829,28.123949322807057,31.888957013688888,2,-2.259720542084267,0.003475029021501541,48.09129609778012,7.372156571147017,0.99652498960495,11.698876083065208,9.330995744878477,33.642134729941674,35.96517762327482,48.09129609778012,60.21741457228542,62.54045746561857,65.2414968641642,-6.589539516793106,-3.6492461109669136,11.698876083065208,27.046998277097323,29.987291682923516,33.406018196847384,11.825341016687563,9.567661448529066,86.9537844710921,4.586363727275785,-6.575670871226435,-3.6335275300948937,11.739657006885036,27.354164480266494,30.558561606604794,34.788111518738575,2,-2.896854614946074
141,309,reset,0.8,8.985331446413731,9.98961080476305,10.0306184628579,9.93409719918064,9.984775488933863,0.9954001307487488,11.226393048426353,6.174313112770327,0.004599863663315773,8.725652658110299,8.858114851936012,-0.8750382818768845,1.070551730952042,11.226393048426353,21.382234365900658,23.327824378729588,25.58999323198209,-8.635933422603642,-5.84464968404936,8.725652658110299,23.29595500026995,26.087238738824237,29.33270931192124,11.214889920841193,6.19163580335471,38.30771936018025,0.02863385838808103,-0.9306578984620911,1.0308934020288651,11.21846837443162,21.389586422184568,23.33984008057757,25.609731434510852,2,-1.2301144319073298,0.9675168395042419,11.28846433847756,5.554469768669287,0.03248313069343567,1.142575890491912,10.320340547746929,0.4019036386692285,2.1521745936895744,11.28846433847756,20.42475408326554,22.175025038285888,24.210093276245477,-19.084919891280446,-15.832873690843975,1.142575890491912,18.118025471827792,21.370071672264267,25.151278183120464,10.958893781598169,6.045236886888939,33.309719280337454,3.235166159085168,-1.2301689945346137,1.2101141294777393,11.132561664400681,20.39075971515226,22.1618404107092,24.228683629845307,2,-0.9741182926643059,0.7852936387062073,13.0819556242392,7.88242063489785,0.21470633149147034,9.778129481727532,9.455943482293605,-2.3673049311559353,0.11652745377034002,13.0819556242392,26.047383794708054,28.53121617963433,31.419208110529468,-8.7551791834142,-5.7755134513712445,9.778129481727532,25.331772414826304,28.31143814686926,31.775943498811607,12.372602843422245,8.356472883942615,67.99023835396923,1.8403961439207106,-4.367335018134859,-1.5231324136648865,12.474949524880458,25.92144282494867,28.49120676504504,31.487944028654272,2,-2.3878273544883815,0.9098910689353943,11.724306646362741,7.008541055096576,0.09010890126228333,7.126526617373415,9.631058454448864,-2.012181405796902,0.19628247224883566,11.724306646362741,23.252330820476644,25.46079469852238,28.02861123001461,-11.750001086346359,-8.715154812808445,7.126526617373415,22.96820804755527,26.003054321093185,29.531718977643596,11.310005390293277,7.401689603220662,53.051785981973396,1.7332191882509824,-3.607335182480377,-0.9651167552046985,11.424459614050354,23.233712936861263,25.499259938783243,28.148903378123553,2,-1.325229901359414,0.9990338087081909,10.098530842645417,7.327624088923703,0.000966192630585283,7.26212212193078,14.757335921207957,-4.263348463893172,-1.9543382169577175,10.098530842645417,22.15139990224855,24.460410149184,27.145133563683526,-21.661724791396043,-17.011535392209385,7.26212212193078,31.535779636070934,36.1859690352576,41.592819168739446,10.095790338961807,7.338963009221379,53.85261247071433,0.007765716460127189,-4.286767538273643,-1.9692812965676572,10.097177661443544,22.15876242143024,24.472172650030213,27.166242616322418,2,-0.11101485002794398
142,313,reset,0.3,83.4754502874477,82.6997156783775,82.5545685698247,82.9545765625117,82.73628693690463,0.9999443292617798,80.87533078724614,7.631249990487732,5.5722935940138996e-05,20.915513190429415,14.028044117961626,65.91835564886856,68.323041562219,80.87533078724614,93.42762001227328,95.83230592562373,98.62827297889146,-6.578948054314328,-2.1585660560350384,20.915513190429415,43.98959243689386,48.409974435173154,53.54962380120057,80.87199387167908,7.64484671469177,58.243699872406204,0.2003228064002037,65.91116088773036,68.31904572045411,80.87479735309505,93.42749758280573,95.83220119153935,98.62817438003484,2,1.864293065225553,0.9996563196182251,78.52476369946596,7.254089085039818,0.00034366705222055316,24.088755494336922,18.892290757294408,64.30701035214281,66.59284895770912,78.52476369946596,90.45667844122279,92.74251704678912,95.40029842055121,-12.93945397541907,-6.986297479220571,24.088755494336922,55.163808467894405,61.11696496409291,68.03879593333019,78.50605479029134,7.3310639115058285,52.72638455082281,1.018031371040946,64.26576915556787,66.57011392880932,78.521650530156,90.45562591401728,92.74163999090365,95.39958921194525,2,4.2302321466132895,0.9999252557754517,81.19245892069674,7.8044195029719745,7.478822953999043e-05,30.856996877417302,19.575076296529883,65.89607777462967,68.35533119498247,81.19245892069674,94.02958664641099,96.4888400667638,99.34825363955846,-7.50944765840498,-1.3411383667816779,30.856996877417302,63.055132121616275,69.22344141323958,76.39543400403684,81.18869799348091,7.818072168088202,60.933068809035,0.1894736799090587,65.88651220469812,68.34998101069388,81.19173424147759,94.02945704651918,96.4887630666879,99.34802954400543,2,1.5475889434237189,0.9971127510070801,82.133393808722,8.630729390720381,0.0028872708790004253,27.529951994041703,20.944036588278657,65.21747504259872,67.93710726715891,82.133393808722,96.32968035028509,99.04931257484527,102.21147277824616,-13.51960540987362,-6.919922551192798,27.529951994041703,61.97982653927619,68.57950939795703,76.25306698501734,81.97574067885535,9.17193701976039,75.5409291874675,8.583646581925045,64.79696453844826,67.70848862880275,82.10235840362529,96.31775315895973,99.03894000328467,102.20227122514153,2,0.7605462580492883,0.9999568462371826,79.12416555596307,7.318510436426723,4.3202620872762054e-05,30.57737666695501,24.235914843632244,64.78014868008619,67.08628712072438,79.12416555596307,91.16204399120177,93.46818243183996,96.14956675089009,-16.924143558943896,-9.287155766080524,30.57737666695501,70.44190909999054,78.0788968928539,86.95854563887374,79.12207207330097,7.327016396474281,53.58366000367154,0.10181513672689241,64.7750209702311,67.0835612825749,79.12378695779226,91.16211372602882,93.4683423111926,96.14953194851283,2,3.6142148636036637
143,314,reset,0.4,82.9545765625117,99.7498274327985,100.0176030981,100.04451981129999,99.93731678073283,0.9995903372764587,77.80903953870866,7.862808243538458,0.0004096834745723754,20.578323557771625,12.072876704337164,62.39821856402864,64.87587088130049,77.80903953870866,90.74220819611682,93.21986051338868,96.10066678005515,-3.0840799725218417,0.7202085229046986,20.578323557771625,40.436438592638545,44.240727088065086,48.66403461246358,77.78559467475112,7.949800198706149,61.85813973675623,1.3413090187545553,62.344054714849385,64.84602513201227,77.80500044240193,90.74069696877082,93.21856413321545,96.09946189574683,2,22.151722105981705,0.9969846606254578,74.90300561486319,7.670087704280634,0.003015366615727544,22.24701411138964,15.428877580181897,59.86990995620964,62.286834035441295,74.90300561486319,87.51917719428508,89.93610127351674,92.74629783942324,-7.993030267644386,-3.1312311361628176,22.24701411138964,47.62525935894209,52.48705849042366,58.139950668882186,74.74423053641223,8.228357388664135,59.37066105308842,8.335356450823898,59.46566529216304,62.069204227062556,74.87394940864567,87.50796781818005,89.92625722484645,92.7376832443776,2,25.193086244320597,0.9992414712905884,77.41894284370474,8.539905083368492,0.0007585540297441185,28.344674090113593,16.3806679308706,60.68103644891197,63.372048993504755,77.41894284370474,91.46583669390472,94.15684923849751,97.2857328789096,-3.7608450971030436,1.4008730321334077,28.344674090113593,55.28847514809377,60.45019327733022,66.4518061064634,77.38171931965833,8.654679393343821,73.07819933261369,1.8254276853476807,60.57428197369515,63.312981196295915,77.41083976137602,91.46278228624622,94.15416917902236,97.28342739349681,2,22.5555974610745,0.9824674725532532,79.69986449827084,10.194261274342903,0.017532574012875557,25.772089930872028,17.107965047910046,59.719479551567346,62.93179686707697,79.69986449827084,96.4679321294647,99.68024944497432,103.41526254125533,-7.758905411801727,-2.368008427941838,25.772089930872028,53.912188289685886,59.303085273545776,65.57116804924257,78.7543755106324,12.54298527746916,107.23240776355016,50.09436072210552,55.30371046123181,61.01330931433412,79.4722266315819,96.38044025623822,99.60303317191155,103.34755153858471,2,21.18294127010043,0.9996423721313477,75.72224104250462,7.698521760602327,0.00035758165176957846,29.224280806478454,20.601921604689462,60.63341565752617,63.05929960241305,75.72224104250462,88.38518248259619,90.81106642748307,93.63168077353899,-11.154743551030535,-4.662864667164918,29.224280806478454,63.11142628012181,69.60330516398744,77.15151733270386,75.70561072543357,7.756991354425284,59.39781334355678,0.7728366444264144,60.590141581511034,63.035044462629,75.7188730618228,88.38407601541842,90.81016138956034,93.63098242481674,2,24.231706055299256
144,316,reset,0.1,99.40229400614109,98.65892917571449,99.04834351550299,99.6233242111576,99.11019896745836,0.9999990463256836,98.59093807889066,6.870575259120278,9.856865972324158e-07,28.75291716977855,22.68767150824587,85.12485801794296,87.28984744468362,98.59093807889066,109.8920287130977,112.05701813983835,114.57428622638271,-15.714101879458894,-8.56498159764326,28.75291716977855,66.07081593720034,73.21993621901598,81.5323335499233,98.59087239661027,6.870936115595756,47.20526673612049,0.0048075329727076885,85.12447200540363,87.28966413226081,98.59092951290566,109.89216009398073,112.0572199847788,114.57458042141624,2,0.5193265708480936,0.9999982118606567,98.98148388174238,6.0876798043284435,1.796847527657519e-06,39.820258935634975,36.26037421542903,87.04985071584679,88.96814167587351,98.98148388174238,108.99482608761124,110.91311704763797,113.14354485238322,-31.248768592550768,-19.822749107231132,39.820258935634975,99.46326697850105,110.8892864638207,124.17450340362362,98.98137843999062,6.088377894194394,37.062141653472516,0.0062890458545737426,87.0492954627485,88.96740024698822,98.98147229834225,108.99531988863815,110.91379326233788,113.1436951243287,2,0.1288205274677381,0.9999996423721313,102.98696483645813,5.675938268936199,4.06306412514823e-07,44.23266666593323,33.36939282218197,91.86233025087056,93.65087718844576,102.98696483645813,112.3230524844705,114.1115994220457,116.19117176158491,-21.17014145151284,-10.655100146801232,44.23266666593323,99.12043347866768,109.6354747833793,121.86148271584995,102.98694597746551,5.6760551826989625,32.216716140181155,0.0014025966386743722,91.86184171728975,93.6502432853271,102.98696280456682,112.3235188847581,114.11232408102038,116.19200602438596,2,-3.8767470100071506,0.9999583959579468,100.0116159040914,5.346487317451575,4.164878191659227e-05,40.11825615370716,43.48879065050862,89.53269331808615,91.21742684853112,100.0116159040914,108.80580495965167,110.49053849009665,112.44940530863119,-45.11820725249198,-31.414438879515252,40.11825615370716,111.65095118692955,125.35471955990627,141.28831182812507,100.00912589311893,5.367630398692345,28.66250668354506,0.149396893718152,89.52837732994308,91.21489072383407,100.01138296502023,108.80667546439741,110.49183679874086,112.45065444370402,2,-0.8989269256605752,0.9999994039535522,98.71314666303589,6.007160027039918,5.691501883120509e-07,43.34171222154623,37.77826163658647,86.93932936066899,88.83224770488137,98.71314666303589,108.5940456211904,110.48696396540278,112.68789062096332,-30.70231998469447,-18.79799845131471,43.34171222154623,105.48142289440715,117.38574442778692,131.22709086477784,98.71311249335915,6.007392900979585,36.086762371022104,0.0017450110735514502,86.93885239018469,88.83157463068063,98.71314231273557,108.59477804520017,110.48781593006113,112.68879288040806,2,0.3970864740992113
145,317,reset,0.8,99.6233242111576,68.57200849470041,67.9137902346761,68.67381927385681,68.38653933441111,0.6055231094360352,73.8731096101519,8.79952853088994,0.39447686076164246,23.16546528490848,9.36348053819975,56.62635060867496,59.399173190654615,73.8731096101519,88.34704602964918,91.11986861162883,94.34387410054944,4.813380660095241,7.7639103607610895,23.16546528490848,38.56702020905586,41.51754990972171,44.948178328572254,53.87011505852173,26.375316974080537,81.4723523510608,614.1849066461398,8.866988554034027,12.473378599345066,65.62419577432316,86.08663090076838,89.14868409636694,92.63135728474322,2,14.516424275889378,0.2907142639160156,72.11359677219032,8.73393585768378,0.7092857956886292,24.820739247325612,10.510733953096718,54.99539704784716,57.74755069911763,72.11359677219032,86.479642845263,89.23179649653348,92.43176988672205,4.220079248173729,7.532120382652483,24.820739247325612,42.10935811199873,45.42139924647749,49.27236283372105,38.569448990583,23.700707314925495,100.53488248062764,461.1887334151471,5.809668869320529,9.347598265461427,30.482301769398546,80.37881159669533,84.04271780229298,88.00726695065104,2,29.817090343828113,0.41533321142196655,74.01261896147896,10.845179037795743,0.5846667885780334,24.231288568771383,10.930999096891615,52.75645864151055,56.17388688622255,74.01261896147896,91.85135103673537,95.26877928144738,99.24227815964738,2.8069240238239566,6.2513950580459365,24.231288568771383,42.21118207949682,45.655653113718806,49.660595078967546,44.90712838963257,26.841963673689836,118.71055288860268,601.7804609710815,5.435140996333774,9.268064519596937,35.79939958071798,86.73473702752537,90.85693865049095,95.44282152948954,2,23.479410944778543,0.17871171236038208,82.21237609968473,17.815350368358235,0.8212882876396179,23.925825101313592,11.848878433391036,47.294931005740196,52.90873243087943,82.21237609968473,111.51601976849003,117.12982119362925,123.65707855440762,0.7024501146737769,4.43615443484326,23.925825101313592,43.415495767783916,47.1492000879534,51.490438254601195,34.342314437813236,25.89718582923048,172.0262470352312,498.6379868384649,1.7164676642593175,5.590305933452672,27.19164719862135,92.60755722520692,101.46747834325699,110.5326913734282,2,34.044224896597875,0.5517798066139221,72.01085829448574,8.120313601345293,0.4482201635837555,27.497772674977263,13.16888192371319,56.095336092678224,58.65413101532956,72.01085829448574,85.36758557364192,87.92638049629326,90.90153257752029,1.6872383878388604,5.836889479861934,27.497772674977263,49.15865587009259,53.30830696211566,58.1331731417023,52.059193630401126,24.57957422384934,114.11417543696355,490.0412128197038,6.542699157522723,11.45390905036818,61.50292238688461,82.86807441135494,85.75211932195091,89.01631541018898,2,16.327345704009986
146,318,reset,0.9,68.67381927385681,27.7384354301926,25.5896756918041,25.4561681695564,26.2614264305177,0.43643805384635925,53.01696126981176,7.946868959729066,0.5635619163513184,15.692790824859884,7.552097766825834,37.4413843188835,39.94552503849333,53.01696126981176,66.08839750113019,68.59253822074001,71.50414297955862,0.8909511941558748,3.2706954220042928,15.692790824859884,28.11488622771547,30.49463045556389,33.26159740926374,31.98247866760287,20.058657119193875,59.70454510673822,342.6451498344809,2.8377116391183828,5.507483409071474,24.838795463611305,62.57396337937982,65.55722645622575,68.88684561385534,2,-5.721052237085168,0.12302511930465698,50.658221228405,8.109316528099214,0.8769748210906982,14.729412682494662,8.087249553307414,34.764252894095144,37.31958252506348,50.658221228405,63.99685993174651,66.55218956271484,69.52331249347286,-1.1213051759755128,1.4270709226752825,14.729412682494662,28.031754442314035,30.58013054096483,33.54316848766911,19.14955776238805,14.308056472448062,65.44757175048142,139.2728864109268,-0.6622601844495126,1.9487466476210495,16.158686624382977,52.578420955892625,57.39068989655918,61.982790886184056,2,7.111868668129652,0.14869987964630127,50.53523580906358,10.801550840292997,0.851300060749054,16.349615772617092,9.110083235961662,29.364585184910943,32.768265732706915,50.53523580906358,68.30220588542024,71.70588643321621,75.66340064272325,-1.5058192660298815,1.3648623201157424,16.349615772617092,31.334369225118436,34.20505081126406,37.54283854093161,21.43301238315783,15.360338521163767,88.00180631505269,147.93816578886955,-0.8701328035049871,2.087754091179024,18.35430810488577,55.10312790911537,60.92221531651603,66.70083234618593,2,4.828414047359871,0.07224776595830917,57.81090162654482,15.946717810103916,0.9277522563934326,15.434692725614283,8.461341555128708,26.555909047117694,31.580884998623745,57.81090162654482,84.04091825446588,89.06589420597194,94.90851470200928,-1.1492319833301217,1.517024379785612,15.434692725614283,29.35236107144295,32.018617434558685,35.118716663921376,18.4962794934814,14.32338401917309,84.79422279873464,120.3651146087756,-0.877492139729204,1.825650921681254,16.25424339712814,49.824325842543146,64.1267067057355,75.15261920816734,2,7.765146937036302,0.5364716649055481,50.611264507874125,8.229281596013776,0.4635283350944519,19.13221786661778,11.427866125188691,34.48216896104883,37.07530082746586,50.611264507874125,64.14722818828238,66.74036005469942,69.75543625364419,-3.265988158897361,0.33505082228528593,19.13221786661778,37.92938491095026,41.530423892132916,45.71740993177383,36.01983442789197,18.527814724062726,96.86544217781437,246.41447627138103,0.7579261485846326,4.985123572744945,39.95037848152886,61.48909628713131,64.42888154822968,67.75190535261272,2,-9.75840799737427
147,321,reset,0.3,7.26036616930738,7.87602506466217,7.93656462625527,7.33587986176268,7.71615651756004,0.999998927116394,9.722283662623582,7.889033174770982,1.0471615041751647e-06,-4.337478528504747,14.561452071268423,-5.739937232769229,-3.2540211680389604,9.722283662623582,22.698588493286117,25.18450455801639,28.07491921698972,-32.87740015079703,-28.28893578161065,-4.337478528504747,19.613978724601147,24.202443093787537,29.53752454043815,9.722268689704286,7.88905628870267,62.236999695564805,0.00020699943672324942,-5.740050603382051,-3.2541432660204173,9.722276996342414,22.69866020081717,25.184603104696365,28.075002054223457,2,-2.0061121721442463,0.999971866607666,9.066758834882215,6.497125899609721,2.8117783585912548e-05,-19.496732256686457,18.967732783691165,-3.6673739313752414,-1.6200622658511854,9.066758834882215,19.753579935615612,21.800891601139668,24.181333858814973,-56.672805381100815,-50.695876320987225,-19.496732256686457,11.7024118076143,17.679340867727888,24.628812580028246,9.065955551300489,6.49957803413901,42.22157344288845,0.022939896066645375,-3.6698358841152974,-1.6215860049054789,9.066560133707757,19.753597958548493,21.801019656008254,24.181458653044555,2,-1.3497990337404486,0.9999498128890991,12.33478042741389,9.162577604609826,5.022924960940145e-05,-0.16580339400390187,15.220320257432281,-5.623541683174654,-2.7363185777529218,12.33478042741389,27.405879432580694,30.29310253800243,33.65012335863218,-29.997082931736582,-25.201002372804364,-0.16580339400390187,24.86939558479655,29.66547614372877,35.241956279094424,12.334153052240577,9.1634105699837,83.96025102556722,0.007848659139607283,-5.62626209801513,-2.7380866525430236,12.334440426893378,27.40584525593143,30.293159843787276,33.65021525543401,2,-4.617996534680537,0.9998821020126343,10.726898806653267,7.232653963181031,0.00011785354581661522,-6.675342472686097,13.696709071391796,-3.4488424738224435,-1.169758297169997,10.726898806653267,22.623555910476526,24.902640087128972,27.55256797757252,-33.52039895933707,-29.204424066064032,-6.675342472686097,15.85373912069183,20.16971401396487,25.187967556902105,10.72484741409334,7.236222543576639,52.32722526236096,0.0356863260342762,-3.4572248791410605,-1.1748362637383105,10.726048596571367,22.623287290979825,24.902530330838896,27.552494305185334,2,-3.0086908965332997,0.9999994039535522,8.17387309188247,8.641630033903043,5.636777586914832e-07,-14.350781708318266,25.412860626028067,-8.763410542287144,-6.04034341215573,8.17387309188247,22.388089595920665,25.11115672605208,28.277310749500295,-64.1590732794693,-56.151217680252806,-14.350781708318266,27.44965426361626,35.45750986283276,44.768372582338316,8.173860130657982,8.641665193247093,74.67808916213366,0.0002859874281527282,-8.763655304623018,-6.040517751183253,8.173869778653737,22.388327860809646,25.111238313581946,28.277526855404464,2,-0.4577036130979417
148,322,reset,0.7,8.26815956555782,9.94308577701238,9.72153631382675,10.1761512127225,9.946924434520545,0.9990591406822205,11.119572814261225,6.508075769328254,0.0009408510522916913,6.447178843615532,9.520455194718956,-1.6360213022799606,0.41474078060664965,11.119572814261225,21.824404847915797,23.875166930802408,26.259621044334718,-12.212570454460892,-9.212576413646932,6.447178843615532,22.106934100877993,25.106928141691952,28.595069545751052,11.115176695568527,6.513140532992014,42.400477937337236,0.020520643988737285,-1.654192427555638,0.40207739213529814,11.116683138104154,21.824608729746803,23.876074962371344,26.26166061285271,2,-1.1682522610479822,0.9906437993049622,10.770795389926924,5.754768834274674,0.009356177411973476,-2.9192525893919736,11.340093188724618,-0.5083442646049896,1.305043000602927,10.770795389926924,20.236547779250916,22.049935044458834,24.1583896331383,-25.14542682062021,-21.572046000833353,-2.9192525893919736,15.733540822049399,19.306921641836254,23.461749091622558,10.642708621476865,5.978946538022889,34.01069465127243,1.7371044160548765,-1.0601828085802747,0.982307615613044,10.718283863768187,20.221164890222344,22.03965792285811,24.155397865709713,2,-0.6957841869563204,0.9401681423187256,13.027922420593029,8.185905600215346,0.05983184278011322,7.702393469372019,10.07183083361821,-3.0161577366737866,-0.43669409580355634,13.027922420593029,26.49253893698961,29.07200257785984,32.07118651075301,-12.038032222899705,-8.864294007346569,7.702393469372019,24.2690809460906,27.44281916164374,31.13297571685873,12.709286015531461,8.4062240437136,69.06922293639614,1.595377329788247,-3.995611268748037,-1.1922537469191754,12.776141714094871,26.40093696540011,29.003254654547654,32.02964828758928,2,-2.762361581010916,0.9714468717575073,11.503248480846644,7.095931642987524,0.02855311706662178,4.633371159597942,10.105066837363578,-2.4045219761670396,-0.16852041872110846,11.503248480846644,23.175017380414392,25.411018937860323,28.0108539728498,-15.172195903004745,-11.987984678426589,4.633371159597942,21.254726997622466,24.438938222200623,28.141271913739306,11.307091940900879,7.289667546636525,51.83015836780052,1.3090931438464928,-3.177906096705857,-0.7038134442439992,11.373783679393679,23.141826438114,25.393155753060363,28.013590321696253,2,-1.3601675063803338,0.9997569918632507,9.757430060562356,7.660369172294954,0.00024301496159750968,3.4191453798182465,16.228382607645067,-5.256617625416661,-2.8427559562742495,9.757430060562356,22.35761607739896,24.771477746541372,27.578113598898717,-28.387900058502296,-23.274168611922942,3.4191453798182465,30.112459371559424,35.22619081813878,41.1720087582347,9.755889829147051,7.664251834091357,58.73099635119218,0.0097604747517605,-5.265397880288347,-2.8482667801057175,9.756720905999355,22.35897714121054,24.773783547983637,27.582332995229848,2,0.1910346053734937
149,323,reset,0.1,10.1761512127225,10.2536759428255,10.240673230050701,10.1256430289606,10.206664067278934,1.0,11.942662072758758,8.364467778553703,3.227478373446502e-08,-8.692546110884152,19.21576709086388,-4.451393523052257,-1.815663090314029,11.942662072758758,25.70098723583154,28.33671766856977,31.40132390688028,-46.354757544287374,-40.29967030494636,-8.692546110884152,22.914578083178043,28.969665322519063,36.01001280901099,11.942661792208712,8.364469037273752,69.96433313578838,1.3742984003245253e-05,-4.451403795375708,-1.8157118698184018,11.942661563031855,25.701118452349466,28.336852168954383,31.40150971073769,2,-1.7359977249297778,0.9999990463256836,11.819220802208463,6.657634077333823,9.507356821814028e-07,-24.529065262922842,26.3768969204345,-1.2295022116123864,0.8683872431902024,11.819220802208463,22.77005436122672,24.86794381602931,27.307193684155855,-76.22683325089994,-67.91519983022467,-24.529065262922842,18.85706930437896,27.168702725054246,36.83277281172436,11.819186209863549,6.657774945259792,44.324710702429535,0.0012561087924046483,-1.2299694086462407,0.8682571530321757,11.81921462081957,22.770378394628747,24.868190139441307,27.307660576219416,2,-1.6125221425846146,0.9999992847442627,14.97264841392424,9.051186045969894,7.180138936746516e-07,-1.0945152657391048,20.50130526271614,-2.767350253548255,0.08477221799809875,14.97264841392424,29.860524609850373,32.71264708139673,36.02885582951443,-41.27633521672422,-34.81616158435707,-1.0945152657391048,32.627131052878845,39.087304685246,46.598652647242886,14.972636918774391,9.051209685200018,81.92421202593651,0.00018535784518942548,-2.767563999991124,0.0846420060669602,14.972643831705765,29.860557337060254,32.7128214469112,36.02890238649825,2,-4.765972851495457,0.9999943971633911,13.35188427616012,6.90422800258027,5.586948191194097e-06,-10.298555774609511,17.470157714773016,-0.18015394995012635,1.9954398048160407,13.35188427616012,24.708328747504197,26.883922502270366,29.413520411855973,-44.539435699799206,-39.03440805516816,-10.298555774609511,18.437296505949128,23.942324150580177,30.34310848431089,13.351751930236542,6.904558656644004,47.66980240596042,0.0031250046604413616,-0.18074315606413516,1.9950416008951468,13.35184454530577,24.708445950659996,26.884033577839038,29.413685732429368,2,-3.145087862957608,1.0,10.767774364163955,8.59920754936105,2.03822576594348e-08,-20.617441105035795,33.0612185235708,-6.086362728168648,-3.3766633623110565,10.767774364163955,24.91221209063896,27.621911456496555,30.772522565055983,-85.41623869624308,-74.99830630496645,-20.617441105035795,33.76342409489484,44.18135648617148,56.29445432047281,10.767773943933959,8.599209874729572,73.94639275569601,2.0077170571153953e-05,-6.086384218560058,-3.3767167436857783,10.76777408938217,24.91227193788419,27.62202138204935,30.773013809320105,2,-0.5611098766550242
150,324,reset,0.2,10.1256430289606,10.1886593293376,10.2741819567899,10.1876535215713,10.216831602566266,0.9999997615814209,12.340299194120163,8.162583685926922,2.137004599944703e-07,-6.315586856516731,16.438457186637244,-3.6580708510908106,-1.0859561869716572,12.340299194120163,25.766554575211977,28.338669239331132,31.32930839855671,-38.53437090372936,-33.35444278144351,-6.315586856516731,20.723269068410033,25.90319719069589,31.925983072128204,12.340294902319746,8.162591036680583,66.62781429121412,7.437673771838025e-05,-3.658140898807303,-1.0859957101096847,12.340297798769072,25.766556376126672,28.33869475945045,31.329455695135984,2,-2.12346329975348,0.9999936819076538,11.71224412206633,6.666012029137189,6.315839527815115e-06,-21.737087199679237,21.901302548162732,-1.3528993755533278,0.7476300586378777,11.71224412206633,22.67685818549478,24.77738761968599,27.2197070343803,-64.66285140859353,-57.761524130986245,-21.737087199679237,14.28734973162775,21.18867700923503,29.212961421964387,11.712032835071831,6.666748226404929,44.438465123777654,0.007066481472652418,-1.353700841723288,0.7471348827432709,11.712198184872861,22.677072083535723,24.77744844571375,27.22001631193705,2,-1.4952012325055648,0.9999934434890747,14.872404305482426,9.191865370443999,6.5792423811217304e-06,-0.4194724536934302,17.53073737335376,-3.1433207713287388,-0.246868787542029,14.872404305482426,29.991677398506877,32.888129382293585,36.255880768484445,-34.77908632789711,-29.254969405388096,-0.4194724536934302,28.416024498001224,33.940141420510244,40.3631211651764,14.872304034590167,9.192028637101316,84.49185700340634,0.0015384897511212285,-3.143847862684955,-0.24714165499131457,14.872357222148286,29.991775266299516,32.88821826528641,36.25592670777811,2,-4.655472432023901,0.9999691247940063,13.435291560662264,7.2188408623487605,3.084287891397253e-05,-8.20276230906346,15.233249977963327,-0.7133765396673759,1.5613549858424083,13.435291560662264,25.309228135482115,27.5839596609919,30.228826653826452,-38.05938363336716,-33.25922878557488,-8.20276230906346,16.853704167447955,21.653859015240233,27.235076391904208,13.434623746463085,7.220225604326023,52.11721158637849,0.014440356300573613,-0.7160034142358681,1.5597662681575204,13.435056207501423,25.30925252558553,27.5839915768423,30.228891262184185,2,-3.217792143896819,0.9999998807907104,10.818581543870394,8.687706071477121,1.2973387697456928e-07,-16.99420622435693,28.65799255371642,-6.209009464494727,-3.471423297687082,10.818581543870394,25.108586385427863,27.84617255223551,31.0292080935429,-73.16283949885818,-64.13240921748567,-16.99420622435693,30.143996768771807,39.1744270501443,49.674253827259506,10.818578049470714,8.687717390591366,75.47633433482004,0.00010035577846473759,-6.209231241315731,-3.4716627474723007,10.818580247579023,25.108882346734703,27.846227718694166,31.029604459565554,2,-0.601746446904448
151,325,reset,1.4,8.1861397193955,8.788774976599889,9.573500550476279,9.46795759112436,9.276744372733509,0.08976756036281586,0.3753486351649258,4.580546021082166,0.910232424736023,14.428221808615916,8.003207044191717,-8.60235659568437,-7.158979101030213,0.3753486351649258,7.909676371360062,9.35305386601422,11.031292133255656,-1.2577757588171128,1.264117674733594,14.428221808615916,27.592325942498235,30.114219376048943,33.04646550138,13.1667294527499,8.736204524561716,60.18504029191904,16.13622661974707,-3.9916285782917056,-1.6363953399865325,13.44079867275047,27.223879057348423,29.78977259063925,32.76235026087402,2,-3.889985080016391,0.0939948633313179,5.863236142389852,4.345456269834867,0.9060050845146179,17.669447981567863,8.234315515058537,-2.6537016428802556,-1.284403363807047,5.863236142389852,13.010875648586747,14.380173927659957,15.972279097457637,1.530486134713744,4.125204241161043,17.669447981567863,31.213691721974676,33.80840982842198,36.825330374205805,16.559723791750216,8.664628430567944,63.205629346056746,11.870142191829908,0.2723128169293512,2.4808804841754233,16.610189551353738,30.815640706910923,33.457941084492205,36.51847233598714,2,-7.282979419016707,0.007826634682714939,3.524665493967518,6.329329497232467,0.992173433303833,16.25220387582806,8.633834034160714,-8.880592366895128,-6.886155085726248,3.524665493967518,13.935486073661279,15.929923354830162,18.248887713958254,-0.6697998796231062,2.0508106502417416,16.25220387582806,30.453597101414367,33.17420763127922,36.33750532601929,16.15259118743424,8.690863570699142,74.27321187185484,1.2579154707625877,-0.9288382205132434,1.8186956816807314,16.170744781478543,30.420710964305417,33.14518774951766,36.31203622239758,2,-6.875846814700731,0.05303206667304039,3.977673701812975,5.986341922719772,0.9469680190086365,13.207150168669784,8.875700863291451,-7.75534086586004,-5.868982521944295,3.977673701812975,13.824329925570241,15.710688269485988,17.903987507013674,-4.18890386093253,-1.3920785880514774,13.207150168669784,27.80637892539104,30.603204198272095,33.85511800261031,12.71769308893295,8.987693880574376,76.50078142602946,4.277873723014859,-4.636412238591516,-1.9549820827542825,12.674979637024025,27.5708084002805,30.395452931386348,33.67303582409704,2,-3.4409487161994416,0.6027289628982544,1.3736681772921457,5.338614443392955,0.3972710371017456,16.278190092078418,10.016825911640689,-9.089823859103396,-7.407571152818274,1.3736681772921457,10.154907507402562,11.837160213687685,13.793142538003073,-3.3544279341449297,-0.19802233922526113,16.278190092078418,32.7544025233821,35.91080811830176,39.58081175626094,7.294803055884984,10.499095750570115,57.03916527173578,53.19184630790369,-8.186368092811394,-6.311265949537675,4.895279490034583,27.75939636238711,31.6103563638831,35.88149483615382,2,1.9819413168485251
152,326,reset,0.9,9.46795759112436,8.45721032151776,8.03407088782107,8.03207690231709,8.174452703885306,0.9797077775001526,10.758829970030035,5.855263121412483,0.02029222808778286,10.646539521358399,8.385575847400204,-0.7172748679440115,1.1277791880195114,10.758829970030035,20.389880752040554,22.234934808004077,24.380208884477703,-5.788887129174949,-3.1465053253144983,10.646539521358399,24.43958436803129,27.081966171891743,30.154306066566086,10.75655140675316,5.917394869740725,35.01531201545798,0.00025067551899884245,-0.8450982018318269,1.0373434180581824,10.75722909904919,20.473935997413196,22.354209427319276,24.561924556649178,2,-2.582098702867853,0.9029862880706787,11.396665612991463,5.347225715489621,0.09701371937990189,4.8669288192083116,9.560473671036625,0.9162957934253804,2.6012620007401743,11.396665612991463,20.192069225242747,21.87703543255754,23.836172788237256,-13.871255251166914,-10.858650973970343,4.8669288192083116,20.59250861238696,23.605112889583534,27.107916418647797,10.76319164496654,6.198497178125048,34.68623867173285,3.735129458613496,-2.6172217915422054,0.4840346433235292,11.049270090753472,20.21559915264627,21.993661484611952,24.112165423512447,2,-2.5887389410812336,0.4967183768749237,12.659966877352758,7.580525079786448,0.5032815933227539,11.613122108907909,9.026915340777787,-2.197589262931304,0.19111270566941485,12.659966877352758,25.128821049036098,27.51752301763682,30.294905280827237,-6.079306850508665,-3.234832329554324,11.613122108907909,26.461076547370137,29.30555106832448,32.61286742107296,12.13310879703183,8.35628918917741,69.55360544327652,0.273959182617446,-4.43119936110378,-1.6785471105892016,12.178715214406715,25.785426891508187,28.434558551716982,31.550278253956545,2,-3.9586560931465247,0.7694584727287292,11.509700528726114,6.888016288212538,0.23054149746894836,9.219838526042743,9.287072188160511,-1.9905633210957276,0.1799219545588997,11.509700528726114,22.83947910289332,25.009964378547952,27.533622577168035,-8.982488484575455,-6.056035846413225,9.219838526042743,24.495712898498706,27.422165536660938,30.824799167033767,10.981791970614438,7.571067939647062,56.39091628181751,0.9301498707813094,-4.318593640138821,-1.6047571542498333,11.095468360319764,23.181008761238914,25.555416030205116,28.384584419371286,2,-2.807339266729132,0.9965028762817383,9.92997918382742,6.981310688727316,0.0034971782006323338,10.463762068010155,13.544400820738598,-3.753138330962642,-1.5532550234007907,9.92997918382742,21.413213391055628,23.61309669861748,26.17093646256681,-16.08277573281225,-11.814794746866234,10.463762068010155,32.742318882886536,37.01029986883256,41.972750122492414,9.931846458702662,7.015041080450716,49.2098137887456,0.0009929458923815635,-3.8042975286821403,-1.5859365438061575,9.93094230059061,21.45109485575319,23.672186410886894,26.275335879796877,2,-1.7573937548173557
153,331,reset,1.2,98.1650016246308,11.077402575075201,11.0719005902762,10.4922381045562,10.88051375663587,0.006564118433743715,54.93022408902502,9.119023584078937,0.9934358596801758,16.29924016801965,8.607872768346342,37.057266290058934,39.93076507249676,54.93022408902502,69.92968310555327,72.80318188799109,76.14424521717534,-0.5718804414422749,2.1405494246683556,16.29924016801965,30.45793091137094,33.17036077748158,36.32414668267621,16.552818164962698,9.158964763561093,74.15495022299424,9.731679320465625,-0.5476728504385092,2.168038812103855,16.37052382168484,31.00771235399845,34.22785351533486,39.318260940813985,2,-5.672304408326829,0.004842292983084917,56.639802338203665,8.6051734009068,0.9951576590538025,20.41075373232659,8.583744348072981,39.773972391704284,42.485551659175776,56.639802338203665,70.79405301723155,73.50563228470304,76.658429185156,3.5869239576042986,6.291750708574542,20.41075373232659,34.52975675607863,37.23458350704888,40.37952914777625,20.586184421211392,8.944686333033367,73.68244712009995,6.324946149919097,3.6047040078934884,6.311930631825884,20.46310079576364,34.92704788140213,37.981720347019994,42.28360202199278,2,-9.705670664575523,0.005317317321896553,55.33186676686678,12.438117370407413,0.9946827292442322,14.877955440321877,9.026725177995386,30.953604685386203,34.872984297704036,55.33186676686678,75.79074923602953,79.71012884834735,84.26725466858451,-2.814100806889993,0.030313791801985346,14.877955440321877,29.72559708884176,32.57001168753374,35.877258367702375,15.09306241656577,9.514554165673042,81.87113177446695,8.655619804848225,-2.793570248273324,0.05359897345482271,14.9383631262503,30.17834281280974,33.41727881335145,38.03859052421086,2,-4.212548659929901,0.006001971196383238,68.75700787525959,24.79076129047837,0.9939980506896973,13.449404066726402,8.8520397579408,20.168008596592266,27.97983425172807,68.75700787525959,109.5341814987911,117.3460071539269,126.42894269921791,-3.900275048554228,-1.11090563504116,13.449404066726402,28.00971376849396,30.799083182007028,34.04232793853698,13.781359006080933,9.99131742888488,81.57700601734564,18.249422104125646,-3.8792583355176844,-1.086518887993045,13.514663224624385,28.496723736859987,31.71788906567074,36.5015072541621,2,-2.900845249445064,0.007332035340368748,53.97158248348102,7.704296100693458,0.9926679730415344,14.544984454354513,9.789665678685065,38.87143959988947,41.2991430991473,53.97158248348102,66.64402186781474,69.07172536707257,71.8944553383104,-4.642407696556084,-1.5575826438729692,14.544984454354513,30.647551552581987,33.7323766052651,37.3191523935341,14.834061786369231,10.338463892317002,95.57007216787713,11.31376532929796,-4.611619966619743,-1.5226435214067062,14.635610709133323,31.353256147515626,35.106217596081194,41.37635448007074,2,-3.953548029733362
154,332,reset,1.2,10.4922381045562,13.767154735247301,13.6401214898341,13.6651281098928,13.6908014449914,0.45749613642692566,6.8050732921273465,5.056320827431274,0.542503833770752,14.015398638106753,7.802012797403219,-3.105133423917719,-1.5118343599032578,6.8050732921273465,15.121980944157947,16.71528000817241,18.567834499490516,-1.276265451724159,1.1822295907762612,14.015398638106753,26.84856768543724,29.307062727937662,32.16559452258517,10.71670223224861,7.5909662923600765,44.71949008349743,12.90327574552111,-2.4311616586669986,-0.5581274429362881,9.97345853696031,24.383018697924282,27.15662074644883,30.30038231595129,2,2.974099212742791,0.3124404847621918,9.933194418389434,4.770060092147379,0.6875594854354858,13.780416780636706,8.344873594269222,0.5840484336887588,2.087143775044341,9.933194418389434,17.77924506173452,19.282340403090107,21.030013572803547,-2.575234919670283,0.05432118265140318,13.780416780636706,27.506512378622006,30.136068480943692,33.19349572580446,12.5783883500998,7.626809966563855,54.98862787643028,3.1795976744476433,-1.5856333709757906,0.8092828424605742,12.102372611100625,25.939957530439898,28.75784791002486,31.9915298108622,2,1.1124130948916005,0.03841724619269371,9.129704064529136,6.83000652453864,0.9615827798843384,15.263298065765788,8.53950655072878,-4.256862737740187,-2.1046569394604706,9.129704064529136,20.364065068518737,22.516270866798457,25.01867522257467,-1.4738272194064876,1.2170597434236932,15.263298065765788,29.309536388107876,32.000423350938064,35.129160975411516,15.027662672995763,8.561749612899517,71.91379227455622,1.3897700484217381,-1.6647933450882044,0.9914716728519286,15.002373534915266,29.152134869837816,31.85935065590238,35.004278647301646,2,-1.3368612280043628,0.16923849284648895,9.069720519067694,6.512280254960416,0.8307615518569946,12.857520383495213,8.796385450291464,-3.694114237886044,-1.642027278028408,9.069720519067694,19.781468316163792,21.83355527602143,24.219549845353,-4.383078293208204,-1.6112461284798645,12.857520383495213,27.326286895470286,30.098119060198627,33.320972975024546,12.216479418011316,8.571808527313175,71.45870527925221,2.017202821320434,-4.245564174085378,-1.6179337469023514,12.061310880291408,26.574432418134197,29.413231272549236,32.709766380046474,2,1.4743220269800847,0.8986076712608337,7.002529693870287,5.980084757975452,0.10139233618974686,15.925010601632366,11.001842151033143,-4.718221056258528,-2.833834409762856,7.002529693870287,16.838893797503424,18.723280443999098,20.914287157170513,-5.638203777987279,-2.171409363642095,15.925010601632366,34.021430566906815,37.488224981252,41.51912270022123,7.907200929889608,7.187596527022398,44.40806288021541,7.25348142088783,-4.775887186681147,-2.7973969679008763,7.474541460193686,19.936053443275128,24.126402095161975,30.14165244455924,2,5.783600515101792
155,333,reset,0.4,13.6651281098928,14.996512561003899,15.0470249624125,15.0760321993896,15.039856574268667,0.9999891519546509,16.651249010982554,7.641507317023549,1.0808515980897937e-05,-0.47701759978905045,12.252472639928785,1.6741698820170985,4.082087985200152,16.651249010982554,29.220410036764953,31.628328139948003,34.42805331240781,-24.49142269561187,-20.6305416606996,-0.47701759978905045,19.67650646112149,23.537387496033766,28.026496077852844,16.65106322162581,7.6417802336296266,58.393623237953804,0.0031709413087915206,1.673328696173903,4.0815621498169685,16.651162683584214,29.220412304204185,31.628338784765806,34.42812253237606,2,-1.611206647357145,0.9997450709342957,15.178871185068637,6.608588263540973,0.0002548705379012972,-13.45687636912352,15.434635061870333,2.2262761998742313,4.308710810754331,15.178871185068637,26.04903155938294,28.13146617026304,30.55274644236843,-43.70820520490852,-38.84459183131331,-13.45687636912352,11.930839093066258,16.794452466661483,22.44945409365475,15.171571888300312,6.628120252468194,43.72302249623182,0.2089421132169213,2.2024856999466866,4.295159419708665,15.176894420483569,26.048414492781873,28.13090610237993,30.552389981301314,2,-0.13171531403164494,0.9995507597923279,17.931640649660046,9.18647135591767,0.00044922143570147455,3.049771033407154,13.325822863427005,-0.07351235294742509,2.8212399209930528,17.931640649660046,33.042041378327035,35.93679365226751,39.302568758436195,-23.068361843270196,-18.869257035613618,3.049771033407154,24.968799102427916,29.1679039100845,34.05027072158539,17.92495505821288,9.194159347195267,84.43311567193656,0.09944439817199725,-0.10054531383758031,2.8034499923802785,17.927833601513033,33.040590909242574,35.93553870321124,39.30159443440865,2,-2.8850984839442138,0.9990321397781372,17.0364999267158,7.79092064276594,0.0009678597562015057,-2.1590923764747743,12.07736238812628,1.7665760604849048,4.221575850171142,17.0364999267158,29.851424003260448,32.30642379294669,35.16089160083524,-25.830287685440947,-22.024585704591587,-2.1590923764747743,17.70640095164203,21.51210293249139,25.937053939163608,17.017921277495848,7.819025160764793,60.78087147203823,0.35628285777467905,1.6883181347399012,4.173717703698051,17.028100873770374,29.848100726943027,32.30351794350297,35.158415799460194,2,-1.9780647032271812,0.9999945163726807,14.588346963430787,8.581906782179214,5.4779520723968744e-06,-7.199420311605309,21.78239146758467,-2.2318812483205015,0.47236646660386405,14.588346963430787,28.704327460257705,31.408575175182072,34.55284756137007,-49.892123085223844,-43.02826592073877,-7.199420311605309,28.629425297528137,35.49328246201322,43.47399977053564,14.58822752829342,8.582186254466992,73.6513192917073,0.0026004068693742453,-2.2324346389918848,0.4719381608075994,14.588306792702449,28.704487854846114,31.408682998488302,34.55295205503559,2,0.4516290459752472
156,334,reset,1.5,15.0760321993896,11.9096320936002,12.0761818687481,12.627340414409101,12.204384792252467,0.019495422020554543,2.2092731139505304,4.65983614647811,0.98050457239151,13.536657764387463,8.108414266386971,-6.923837907004479,-5.455475272583564,2.2092731139505304,9.87402150048462,11.342384134905538,13.049673026688545,-2.355542169461767,0.19950314949578818,13.536657764387463,26.873812379279133,29.42885769823669,32.39965005483921,13.315825544596073,8.206134162686148,64.88795310140195,2.4526838037990824,-2.703333537380452,-0.21084256620635897,13.337999341461257,26.79626879191721,29.36046750491635,32.339680619439505,2,-1.111440752343606,0.028370564803481102,8.392536015543648,4.435292337620768,0.9716293811798096,19.287072410414048,8.128359779783619,-0.30047722709952573,1.0971293274180507,8.392536015543648,15.687942703669243,17.08554925818682,18.710568915917353,3.355779988654227,5.917110345470487,19.287072410414048,32.657034475357605,35.21836483217386,38.196464903552744,18.97798721779531,8.24776908504172,64.75387991281877,3.271795512477161,2.9884442861689746,5.428640727770055,18.994555054765314,32.543301359552736,35.11807333139505,38.1085609935614,2,-6.773602425542842,0.002957581775262952,4.616448020636483,6.614552766414506,0.9970423579216003,15.564548281222017,8.771615062043475,-8.347837175375732,-6.263523087862316,4.616448020636483,15.496419129135276,17.580733216648696,20.00419878651583,-1.6275013266322702,1.1365254321976384,15.564548281222017,29.99257113024639,32.7565978890763,35.97037633271147,15.532167440826475,8.786155684134972,76.8430672045527,0.35344995327992096,-1.69256998032819,1.0740406240758424,15.535159858458854,29.980003427062123,32.74551584721532,35.96068375309274,2,-3.327782648574008,0.018636777997016907,7.178952203738575,6.698904121467577,0.9813631772994995,12.366495803236155,8.738116067216062,-5.95065861022481,-3.8397645370575386,7.178952203738575,18.197668944534684,20.308563017701957,22.762933565118097,-4.759896981238107,-2.006426102647124,12.366495803236155,26.73941770911943,29.492888587710414,32.694393539326356,12.26981615199703,8.73270760656428,75.76799522201475,0.49218018969347643,-4.793956998268799,-2.0612483309021976,12.251872772563988,26.662472797826172,29.42373822084628,32.633113535465725,2,-0.06543135974456327,0.22777917981147766,3.1776683169578206,5.217225177618711,0.7722207903862,15.219428455936445,9.433908201298872,-7.047905130410442,-5.403903439070858,3.1776683169578206,11.759240072986495,13.403241764326081,15.314749017303457,-3.2706918520663883,-0.29796966529725033,15.219428455936445,30.736826577170135,33.709548763939274,37.16598074392452,12.476565754419035,10.02158717503753,74.92660911911979,25.50559574858754,-5.0866199549315585,-2.8251328863889276,11.988085721817898,29.522115590242997,32.64380779621613,36.2355622456266,2,-0.2721809621665674
157,335,reset,0.2,12.627340414409101,12.454781359426901,12.4232800341491,12.4122762376901,12.430112543755365,0.9999997615814209,15.035399434772117,8.155563172708566,2.6045358936244156e-07,-5.70393703329357,16.181939731228344,-0.9492106573778933,1.6206917703105699,15.035399434772117,28.45010709923366,31.020009526922124,34.00807648320847,-37.419956106498894,-32.320859291314655,-5.70393703329357,20.912985224727503,26.012082039911746,31.9408840583065,15.035394364442674,8.155572944444884,66.51326300717486,0.00011202628887893457,-0.9493329240079357,1.620587466777452,15.035397073864646,28.45019108655623,31.020113160878697,34.0082068807682,2,-2.605281820687308,0.9999923706054688,14.171110937432147,6.733247385101962,7.645517143828329e-06,-20.58876293904308,21.507308190455692,0.9741885636338026,3.0959045548856636,14.171110937432147,25.246317319978626,27.36803331123049,29.834986677155147,-62.742312396739564,-55.96513682207724,-20.58876293904308,14.78761094399107,21.5647865186534,29.444717746164685,14.170845408695838,6.734169984508204,45.339811001347634,0.009237616531524521,0.9733841794887219,3.0953037863707302,14.171053314102258,25.24634923304705,27.368177629049626,29.83528418128958,2,-1.7407328649404725,0.999993085861206,17.181870607491902,9.191112137011581,6.9304524004110135e-06,0.4549742427744974,17.546696211681066,-0.8323781589197701,2.063836473210701,17.181870607491902,32.2999047417731,35.19611937390357,38.56359478749977,-33.935918379785804,-28.406772662024775,0.4549742427744974,29.316721147573755,34.84586686533479,41.27469367125922,17.181754962831114,9.191301663040033,84.47809202564845,0.00193905133780155,-0.8329662450854578,2.0635207170380636,17.181817770855655,32.29989706713469,35.19620643653592,38.56373744495708,2,-4.751642419075749,0.9999620914459229,15.93970033940478,7.334449719006902,3.7955214793328196e-05,-7.277616326666333,15.157497756956982,1.5644430437313286,3.875604117403066,15.93970033940478,28.00379656140649,30.31495763507823,33.00218185047593,-36.98576602604868,-32.209481487705844,-7.277616326666333,17.654248834373163,22.430533372716006,27.983996356009357,15.938819864921628,7.336298829464288,53.800833622758574,0.020458746407878405,1.5610410577243268,3.8735976214042878,15.939394809445862,28.003755588858073,30.314953749322463,33.00223510696437,2,-3.5087073211662627,0.9999998807907104,13.355941082184671,8.680194641572285,1.6062081442669296e-07,-15.617109393131386,28.38789936378519,-3.6569277940945746,-0.921708556650243,13.355941082184671,27.63359072101958,30.368809958463913,33.54909343286705,-71.25636974289789,-62.31104862318686,-15.617109393131386,31.076829836924077,40.0221509566351,50.42301994029563,13.355936981599593,8.680208921317542,75.34589947361376,0.00013483113827026874,-3.6572494004067417,-0.921729536891815,13.355939158301771,27.633874511520975,30.36892618845639,33.54937363428734,2,-0.9258244378442271
158,341,reset,0.5,78.0412276197269,84.7922547362834,84.9223003413027,85.21945287406871,84.9780026505516,0.9974617958068848,71.40804632029148,8.05360625055293,0.0025381636805832386,18.523896566422742,10.325526192415948,55.62326812354107,58.16104286903044,71.40804632029148,84.65504977155251,87.19282451704188,90.14353609962731,-1.7137628921375168,1.5399173586449386,18.523896566422742,35.50787577420054,38.761556024982994,42.5446624725026,71.27381479918692,8.48806866815092,64.96655436455582,7.080549548782467,55.266209911557866,57.9685313997415,71.3823619254707,84.64518673097494,87.1841438926638,90.13590275627747,2,13.70418785136468,0.9763628840446472,67.93437581664314,8.069428198650352,0.023637188598513603,17.98747567938628,12.493025862321517,52.118587171456525,54.66134757666862,67.93437581664314,81.20740405661766,83.75016446182975,86.7066729512986,-6.498405068691351,-2.561723221851821,17.98747567938628,38.536674580624364,42.4733564274639,47.05059983453518,66.75377645315547,11.173141469840905,67.26571541953112,57.573698588315274,44.45475933644534,52.39517064104446,67.6895104650756,81.11360746603899,83.66749506803113,86.63420572327485,2,18.224226197396135,0.9928943514823914,70.00691547584766,9.38800209642396,0.007105622906237841,24.123529658744197,13.607758744083496,51.60676948007017,54.56502617771668,70.00691547584766,85.44880477397864,88.40706147162516,91.8466741943545,-2.5471873899694586,1.7407583338578405,24.123529658744197,46.506300983630545,50.794246707457845,55.7799102835035,69.68088364559682,10.1822039235711,88.82408598662735,14.853066400453507,50.36629378737457,53.91981598501545,69.92277468265517,85.41639924397103,88.37847627591505,91.8216480452189,2,15.29711900495478,0.9094830751419067,73.56532777515548,11.872013556577599,0.09051691740751266,22.023118339531898,13.503041089902506,50.296608780292104,54.03760321740177,73.56532777515548,93.0930523329092,96.83404677001886,101.18376127308382,-4.4423558784415,-0.18740777206900816,22.023118339531898,44.2336444511328,48.488592557505285,53.43588927211271,68.89988531256603,19.06283916625114,144.69096586248745,218.70083584651994,13.999582849719124,23.796518451873396,72.0808979534567,92.54169004120666,96.34855473387428,100.75864733915978,2,16.078117337985574,0.9976280331611633,68.88936184614673,8.1547452030098,0.0023719491437077522,25.425861497025224,17.529952446124273,52.906354945146745,55.47599962211093,68.88936184614673,82.30272407018252,84.87236874714671,87.86013601251332,-8.932213948078179,-3.40834436426913,25.425861497025224,54.26006735831957,59.78393694212862,66.20662910210346,68.78626741470495,8.458207811507487,67.07103199319822,4.470163664051625,52.59125006975574,55.302602622462764,68.86538274930126,82.29352951314365,84.86431992213221,87.85304754248156,2,16.19173523584665
159,344,reset,0.2,112.0009210955,112.1460320771,112.05243874840001,112.1110168132,112.10316254623335,0.9999923706054688,105.08760273260265,6.976107511319495,7.68406880524708e-06,34.97487617458192,21.735271557715713,91.41468325813709,93.61292699060536,105.08760273260265,116.56227847459992,118.7605222070682,121.3164556106411,-7.625473272738681,-0.776464079901956,34.97487617458192,70.72621642906579,77.57522562190252,85.53867895457422,105.08706972717604,6.9790045184513785,48.66933484017535,0.03777301237759314,91.41371851451687,93.61240984196844,105.08753529689561,116.56238999233122,118.76057939997713,121.31660741562295,2,7.016092819057306,0.9999904632568359,105.90259456311765,6.153967718061752,9.563324056216516e-06,47.92927740717454,34.21708186189222,93.84103947369447,95.78021844192149,105.90259456311765,116.02497068431379,117.96414965254083,120.21886428094656,-19.13497069819296,-8.352813797054331,47.92927740717454,104.21136861140339,114.99352551254202,127.53011305246892,105.90204296048451,6.157434314610344,37.88215432882792,0.032141121067591406,93.83990082675288,95.77914457470396,105.90252812699708,116.02526754352526,117.96479009518413,120.2194442797207,2,6.201119585748842,0.9999967813491821,111.1223984020126,5.7027660566491,3.1979177492758026e-06,48.81014648073321,30.75272326555657,99.94518231872286,101.74218297007758,111.1223984020126,120.50261383394762,122.29961448530234,124.3890160940505,-11.464083546284677,-1.7735819212524575,48.81014648073321,99.39387488271885,109.08437650775107,120.35167887052704,111.12219682864787,5.704133000891095,32.524460388101005,0.012416888865426301,99.94474258238851,101.74197814546687,111.12237726435347,120.50288351312598,122.29985849059648,124.38975458638686,2,0.9809657175854767,0.9998180270195007,108.63276028137545,5.895168983600148,0.0001820132602006197,46.1453077472551,44.7139622539902,97.07844139074156,98.93607019720892,108.63276028137545,118.32945036554199,120.18707917200933,122.34697411348516,-41.49244787664914,-27.40261524159193,46.1453077472551,119.69323073610211,133.7830633711593,150.16553877676762,108.62139111211322,5.985039564449213,35.11059933920424,0.7105744931675927,97.06257399740288,98.92640282546868,108.63163548998219,118.33041301154718,120.18860283769641,122.34965043058307,2,3.481771434120134,0.9999949932098389,105.7113150801222,5.910068439902092,5.028249233873794e-06,50.90812749261298,34.29375927203848,94.12779379174728,95.99011757121781,105.7113150801222,115.43251258902659,117.29483636849713,119.46019023072431,-16.306405575068993,-5.500086827800217,50.90812749261298,107.31634181302616,118.12266056029493,130.68734146798806,105.711041784503,5.9118110193139435,34.934647615082426,0.015101714367060863,94.12721322409466,95.98974935486572,105.71128176610948,115.43262866297991,117.29497458704809,119.46055026250497,2,6.392120761730354
160,346,reset,0.5,111.7793279334,125.25042256360001,124.03134619400001,124.89621124840001,124.72599333533334,0.9969191551208496,93.71325192092932,7.990311040466059,0.0030808921437710524,32.052551639044104,13.944210653039349,78.05253005634307,80.57035982554834,93.71325192092932,106.85614401631031,109.37397378551556,112.3014950228426,4.722400966247228,9.116366171416967,32.052551639044104,54.98873710667124,59.38270231184097,64.49163644691984,93.52328638317275,8.713472600411809,64.24742554721729,11.677592615882546,77.61822005371506,80.33739098563721,93.68230291359558,106.84421335973758,109.36351792336757,112.29223549355727,2,31.202706952160597,0.9934513568878174,92.9359635708739,7.417246054995377,0.0065486547537148,39.49532603607264,18.500943843146608,78.39842843861115,80.73567949532324,92.9359635708739,105.13624764642454,107.47349870313663,110.1910581621502,3.2341424235072225,9.063981453647422,39.49532603607264,69.92667061849785,75.75650964863804,82.53495741332574,92.58600036775708,8.687721646802913,56.89676769824523,18.579839507246277,77.49855747945296,80.26798594175176,92.87492372855141,105.11280161689095,107.4529047214442,110.17303214783298,2,32.13999296757626,0.9966829419136047,97.24029140715764,7.988782320509666,0.0033170096576213837,38.68697237020286,17.632607980487595,81.58256577862838,84.09991383234151,97.24029140715764,110.38066898197377,112.8980170356869,115.82497817465035,4.127695774933628,9.683913180884353,38.68697237020286,67.69003155952136,73.24624896547209,79.70655245940574,97.0460647731982,8.716381482815587,64.64023388983362,11.334616164915928,81.11669250668562,83.84998004380594,97.20699983410401,110.3678303505994,112.88681788730172,115.81504755347886,2,27.679928562135146,0.9639900922775269,100.31549333302364,10.717778739956529,0.03600988909602165,38.0544046409156,23.45994279765924,79.30903300843976,82.68631609974275,100.31549333302364,117.94467056630452,121.32195365760751,125.24877511916164,-7.926238321866364,-0.5337673578882871,38.0544046409156,76.64257663971946,84.03504760369755,92.63039269336991,98.07347656570158,16.282409380681113,130.55301852013096,134.56365756317015,49.96840888591254,77.40094734294503,99.81778066537555,117.75468817653977,121.15469939787165,125.10258130130927,2,26.65251676963176,0.9968440532684326,93.07209719564528,6.942673927094539,0.0031559662893414497,43.00514028076319,20.70211446358708,79.46470634213472,81.6524148059224,93.07209719564528,104.49177958536816,106.67948804915584,109.22317192610043,2.4297415283067707,8.953192219767438,43.00514028076319,77.05708834175894,83.58053903321961,91.16546025127914,92.91408938769504,7.568824478881365,49.401178628153325,7.8860942067692825,79.0942444541735,81.45186414328937,93.0449797259443,104.48164588284068,106.67071417949354,109.2155520579676,2,31.8119039476383
161,352,reset,0.7,129.4445933776,119.2737990887,120.6626745822,120.8270125702,120.2544954137,0.9106773734092712,94.23327834851284,8.706454638282416,0.08932259678840637,35.306671118377274,14.086669550501949,77.16894082444759,79.91243485884553,94.23327834851284,108.55412183818014,111.29761587257808,114.48752058671415,7.697306137276417,12.136161616567271,35.306671118377274,58.47718062018727,62.91603609947812,68.07716487950333,88.96979796241611,19.21486573503695,86.75615046106148,282.45467885042785,27.091522795821483,37.42507074760426,93.16032451912525,108.1554173067504,110.94658266084092,114.18014565017421,2,31.28469745128389,0.9117748737335205,95.38188313296986,7.709722483352962,0.0882250964641571,43.66624321678832,17.965361830228247,80.27110473479935,82.70051814343742,95.38188313296986,108.06324812250229,110.49266153114037,113.3173796415629,8.454781060310353,14.115852650841834,43.66624321678832,73.21663378273479,78.87770537326627,85.45992451691427,90.8192629700575,17.2572361798641,82.67075777340469,215.14119698052158,33.37440346106164,46.685516953654954,94.44902598212495,107.71598523089575,110.18710858464465,113.05010819237062,2,29.435232443642505,0.9011702537536621,100.22585518288538,8.919935288955115,0.09882978349924088,38.14449324757387,15.490394565952487,82.74310327210547,85.55386727067513,100.22585518288538,114.89784309509562,117.70860709366528,120.97672767892799,7.783877791992026,12.665061562857534,38.14449324757387,63.623924932290194,68.50510870315571,74.18053971413123,94.0903713571846,20.94447794953542,95.4162687426811,343.2552176357701,27.840216881943334,38.374381946600984,98.99603983028744,114.4430647818401,117.30826377619147,120.62618414990513,2,26.164124056515405,0.7760255932807922,106.81299686085373,14.194837108210468,0.223974347114563,38.79565916671439,23.1593831023774,78.99162736234851,83.46456755942839,106.81299686085373,130.16142616227907,134.63436635935892,139.83512598989518,-6.595897618110833,0.7018638728102644,38.79565916671439,76.8894544606185,84.1872159515396,92.67244081102743,91.57885169178738,32.8725008896989,276.49425033498153,804.1065645228277,10.588461108942324,21.164460092367047,101.5976734568249,128.37126146199006,133.06335139443155,138.4632666686888,2,28.67564372191262,0.8779720664024353,94.21233077166,6.872154554284756,0.1220279261469841,42.30229324232053,17.794552494121323,80.74315534906897,82.90864242807365,94.21233077166,105.51601911524637,107.68150619425103,110.19935290910043,7.425611232835337,13.032859032386696,42.30229324232053,71.57172745225435,77.17897525180572,83.6986126065278,87.87785584380603,19.20417949413432,80.10322172745313,288.69723077823613,27.633374752367505,38.241431550190995,93.01441902615119,105.07846667585036,107.29689167147228,109.86345831352962,2,32.37663956989397
162,355,reset,0.2,128.60560275449998,128.6051065744,128.5910331929,128.6201094454,128.60541640423332,0.9999936819076538,116.30702886952447,6.745960643742404,6.293821115832543e-06,43.402758520713576,26.890112553329196,103.08518896666472,105.21091103739289,116.30702886952447,127.40314670165606,129.52886877238421,132.0004800714578,-9.300893624040057,-0.8275406417632851,43.402758520713576,87.63305768319042,96.1064106654672,105.95851469186988,116.30656720017363,6.748779770012322,45.512248407818234,0.03345165409799601,103.08409233385495,105.21029281178201,116.30697642915521,127.40313798040523,129.52914739929085,132.00081219076213,2,12.298849204059692,0.9999967813491821,118.99381049995054,5.690865373018563,3.2356444990000455e-06,60.835555992105895,45.12824738518108,107.83991932796806,109.63316995064841,118.99381049995054,128.35445104925267,130.14770167193302,132.2327430619249,-27.614183568262916,-13.393805397372532,60.835555992105895,135.06491738158428,149.28529555247468,165.81955835581104,118.99362434265714,5.692375388637401,32.39243403475502,0.01094415214030839,107.83928739966606,109.63219607065318,118.99379393076802,128.35555192179115,130.14900057156535,132.234321416524,2,9.611792061576182,0.9999982118606567,126.2388830368929,4.922734844475166,1.781548803592159e-06,58.14767991417685,36.754425216139914,116.59050003628118,118.14170477343752,126.2388830368929,134.33606130034826,135.88726603750462,137.6908767768045,-13.889669781928191,-2.30796970910756,58.14767991417685,118.60332953746124,130.18502961028187,143.651258877337,126.23876089710907,4.923824397428379,24.235681688955705,0.00825997943458516,116.58934270583664,118.14096218994007,126.23887140180847,134.33617281234612,135.88782416956718,137.69204774721575,2,2.36665550712425,0.9999209642410278,122.09649027353737,5.075954797546115,7.903117511887103e-05,56.07254271228507,64.58329455186616,112.14780168319368,113.74728761455191,122.09649027353737,130.44569293252283,132.04517886388106,133.9049269255362,-70.50838861231452,-50.157523571827284,56.07254271228507,162.3026089963974,182.65347403688463,206.31575269157233,122.09127176370322,5.1417380990040105,26.092919909698548,0.34448244085307217,112.13981608084468,113.74385442471181,122.09615077124903,130.44786143665655,132.04882213757782,133.90718955379887,2,6.514144640530105,0.9999959468841553,118.3167986264701,5.3408168251210455,4.068378530064365e-06,61.64755983932722,39.30055651854452,107.8489900012073,109.5319367007863,118.3167986264701,127.1016605521539,128.7846072517329,130.741396493232,-15.380115509400902,-2.996103091412074,61.64755983932722,126.2912227700665,138.67523518805532,153.07432594486517,118.31656988038777,5.342597119745978,28.530492495022653,0.013065148338856275,107.84766048542592,109.5309525521008,118.31677485631099,127.10232153652534,128.78548441857615,130.74269472391492,2,10.28884652384555
163,358,reset,1.5,137.1093241195,9.52398186252894,10.2336705157207,10.4097485212952,10.05580029984828,0.00013490345736499876,53.52153056513218,11.536587987177825,0.9998650550842285,12.157160296618137,12.066729456378416,30.910233605786203,34.54553197177795,53.52153056513218,72.49752915848642,76.13282752447816,80.35964750278842,-11.49319484907215,-7.690843415148077,12.157160296618137,32.00516400838434,35.807515442308414,40.228570714090054,12.162739989162594,12.076218861377848,145.60426567673954,0.2307901781234672,-11.492560841589173,-7.690091192813936,12.15920073137759,32.01973669069718,35.83305644505102,40.28173701474489,2,-2.1069396893143146,0.00043057312723249197,62.24085423369594,9.069178681998338,0.9995694756507874,22.033449168703463,11.096072530065554,44.46559064762076,47.32338278514,62.24085423369594,77.15832568225188,80.01611781977113,83.33891877985928,0.28554663993073603,3.7820340227085296,22.033449168703463,40.28486431469839,43.78135169747618,47.84677390922444,22.050762471588218,11.126589288595325,123.10523285867534,0.6957800560440766,0.2875672842751426,3.784338656835889,22.03943892896674,40.328709690453074,43.859916895176966,48.016879477349434,2,-11.994962171739939,0.00035944918636232615,60.799260525439415,15.085315471305352,0.9996405839920044,9.41754847816221,9.668975699454615,31.232585506256047,35.98612465875564,60.799260525439415,85.61239639212317,90.36593554462277,95.89295210134603,-9.533295660161816,-6.486501269991367,9.41754847816221,25.321598226315782,28.368392616486233,31.910949540741004,9.436017905210385,9.720386769391872,93.53728828130527,0.9486336194131341,-9.531851023631793,-6.484845132106761,9.42190269260348,25.35346312620852,28.425797924463115,32.038434116592626,2,0.6197823946378946,0.0016788432840257883,81.70065344693272,41.88936520453987,0.9983211159706116,6.253752274452836,10.679680772873889,-0.4009936892107646,12.798779159550492,81.70065344693272,150.60252773431492,163.80230058307617,179.14988913543442,-14.67803740676488,-11.31275937949269,6.253752274452836,23.820263928398354,27.185541955670548,31.09840493586285,6.380415542975407,11.2405658987006,116.80999338595977,9.540326678339515,-14.674192471595005,-11.30673041657748,6.274646630594878,23.973179881757105,27.46231324833479,31.72920431084931,2,3.675384756872872,8.262139454018325e-05,55.68492757415787,7.153609633296382,0.9999173879623413,0.24746214099198482,9.576532311107886,41.664110333438174,43.91828682303532,55.68492757415787,67.45156832528042,69.70574481487756,72.32671213629499,-18.522196285563606,-15.504531764551793,0.24746214099198482,15.999456046535755,19.017120567547572,22.525807723621234,0.25204246401132013,9.589604956770522,91.70662283615658,0.2539003913555748,-18.5219110587963,-15.504186288391653,0.2484537678589591,16.006793700275654,19.030365023848887,22.55532883675636,2,9.80375783583696
164,360,reset,0.2,10.961371469260001,10.977887132170801,11.4935170242549,11.2259412643037,11.232448473576467,0.9999997615814209,13.242043016232032,8.16045548117069,2.2842121438770846e-07,-6.113863255883601,16.35063839531784,-2.7521558243050013,-0.18071177954760387,13.242043016232032,26.664797812011663,29.236241856769063,32.22610127605839,-38.16052563494436,-33.00827012339416,-6.113863255883601,20.78054361162695,25.932799123177148,31.923409614274604,13.242038462546882,8.160463600883594,66.59307885005089,8.557824144273668e-05,-2.752225410303555,-0.18081841180856595,13.242041341563914,26.66489776901814,29.236309508505705,32.22623851418407,2,-2.009589988970415,0.9999932050704956,12.533671816394232,6.6888767435445216,6.738263437000569e-06,-21.357549259451318,21.766112993942265,-0.5762856979805928,1.5314486445436692,12.533671816394232,23.53589498824479,25.643629330769052,28.09432600846025,-64.01834681100746,-57.15961916217283,-21.357549259451318,14.444520643270181,21.30324829210481,29.278001430138993,12.53344273818453,6.689671811177631,44.74396042234808,0.007739617403411958,-0.5770423433517853,1.530891661428165,12.533622573361331,23.53609517187398,25.643774705689378,28.094365301978073,2,-1.3009942646080628,0.9999933242797852,15.643181266080909,9.192247719017123,6.69709652356687e-06,-0.12977766178055106,17.534931743944306,-2.3732932001631184,0.5232792656191894,15.643181266080909,30.763083266542623,33.659655732324936,37.02754720487316,-34.49761235127952,-28.972173739153856,-0.12977766178055106,28.712618415592743,34.23805702771841,40.66257352219554,15.643075967445979,9.19241938403229,84.49891322857967,0.001666134260188007,-2.3738346491298774,0.5229903511165885,15.643132229923134,30.76317641827628,33.659762195928764,37.02763439571581,2,-4.410627493869512,0.9999668598175049,14.272304511113752,7.258147239736587,3.3082593290600926e-05,-7.89675397803056,15.205526671899262,0.0465973267412334,2.333714698885206,14.272304511113752,26.210894323342295,28.49801169548627,31.157279911750358,-37.69903862091631,-32.90761967401142,-7.89675397803056,17.11411171795029,21.905530664855185,27.476590668813593,14.271570279237457,7.259674556546363,52.68660446723716,0.01625847009173003,0.04376410101413847,2.3319976625207315,14.2720476311098,26.210907102541583,28.49798980950037,31.15732244561568,2,-3.03912180566099,0.9999998807907104,11.666340714535849,8.685723523320176,1.394144959476762e-07,-16.53705489546512,28.565937582967784,-5.3573645708440445,-2.620403125495068,11.666340714535849,25.95308455456676,28.69004599991574,31.87235516751826,-72.52526374270116,-63.52384093607907,-16.53705489546512,30.44973114514881,39.4511539517709,49.91725327065534,11.666337018294488,8.685735779937046,75.44189789420669,0.00011089466956541944,-5.3576915516334624,-2.6205890738247826,11.666339760783401,25.953266730114517,28.690330110553827,31.872642904319214,2,-0.4338885447180214
165,361,reset,1.4,11.2259412643037,12.7973856476808,13.2680157762015,12.8944110206984,12.986604148193566,0.0721452608704567,2.5083007175954464,4.682058892910813,0.9278546571731567,14.235183657051316,7.944313900216594,-6.6683660860052285,-5.193000834009303,2.5083007175954464,10.209602269200193,11.684967521196118,13.40039846925253,-1.33538546925414,1.1679501246390505,14.235183657051316,27.302417189463576,29.805752783356766,32.71642140953329,13.38914346152275,8.327427923123828,60.1404225658899,9.205618556679733,-2.6898075845814207,-0.3737222264649216,13.474681498878667,27.01182261474708,29.54976128163545,32.49220599712941,2,-0.4025393133291839,0.07559441775083542,7.761648731837035,4.453758020428838,0.924405574798584,17.77787043832513,8.150857655348306,-0.9675565840598956,0.4358686983704487,7.761648731837035,15.087428765303617,16.49085404773396,18.122639234154004,1.8024829907298603,4.370902661160292,17.77787043832513,31.184838215489965,33.7532578859204,36.73960081645417,17.020699857904425,8.36208245527493,62.91374084547452,7.0106799848774735,1.2356861691059169,3.5216701194956186,16.9734286649763,30.871744975090866,33.47746913249408,36.49803031476817,2,-4.03409570971086,0.007111917715519667,5.195362871842363,6.511758993149083,0.9928881525993347,16.006826452920087,8.63890976204416,-7.567450230734648,-5.515527525872779,5.195362871842363,15.9062532695575,17.95817597441937,20.343979561821058,-0.9251255463779557,1.7970843979152669,16.006826452920087,30.216568507924904,32.93877845221813,36.10393581188218,15.929937339064795,8.673346069514942,74.40156597064455,0.8253839142272634,-1.0788365463177219,1.649193381636842,15.936950988898069,30.186712313702174,32.91241859542083,36.080796275228884,2,-2.943333190871229,0.04339559003710747,6.31062308444065,6.337598880922476,0.9566044807434082,13.074127930699802,8.776934225261838,-6.110842470628757,-4.113799421008281,6.31062308444065,16.735045589889577,18.732088639510053,21.054082767598263,-4.128347045490365,-1.3626441632366486,13.074127930699802,27.510900024636246,30.276602906889966,33.49233020623397,12.780622572571069,8.793951530101156,75.43460983672169,1.8989852386414903,-4.28299198390083,-1.5850194688485992,12.730259419309995,27.32296714147639,30.110022190552954,33.345970408384865,2,0.20598157562249675,0.5258771777153015,3.3466515508848147,5.403911757383898,0.4741227328777313,16.18591933377529,9.926832386373615,-7.244820869220177,-5.541992302973798,3.3466515508848147,12.235295404743423,13.938123970989805,15.91803017917915,-3.2703146240828005,-0.14226692109069816,16.18591933377529,32.51410558864127,35.64215329163338,39.27918475177532,9.43403998104389,10.15771250298539,62.07780619660556,41.10130913938082,-6.3099537498892975,-4.3337179502997625,7.498144389548378,28.605012969826962,32.25700650552865,36.354425065974,2,3.5525641671496757
166,363,reset,0.5,10.3522069248811,11.4244990842693,11.4540071786845,11.4645097185222,11.447671993825333,0.9999550580978394,13.430236737198165,7.269697268591066,4.4934418838238344e-05,1.5955625195819323,11.211836484028492,-0.8181080877495308,1.4726488181169355,13.430236737198165,25.387824656279392,27.678581562145858,30.3420815229055,-20.379233189666106,-16.84626738595918,1.5955625195819323,20.037392425123038,23.570358228829964,27.678194488295148,13.429704852487264,7.270355308939954,52.85177175849938,0.006293210062600746,-0.8203458785762431,1.47118866454058,13.429946579552178,25.387771788877487,27.678520476740623,30.342087784148614,2,-1.9820328586619311,0.9991725087165833,12.32147712467912,6.295175047708268,0.0008274227729998529,-10.60786565522622,13.881351738414226,-0.01683924520430402,1.9668356151617647,12.32147712467912,22.67611863419647,24.659793494562543,26.966244213630198,-37.81481511925058,-33.44065740914599,-10.60786565522622,12.224926098693544,16.59908380879813,21.684987450246844,12.302504020143573,6.339601376412507,39.75587372763741,0.4346615150124169,-0.08463177578272504,1.927791616075761,12.3155886741984,22.674057926931408,24.658157862381895,26.965071100256395,2,-0.8548320263182401,0.9974116683006287,15.059702508097395,8.896843997615559,0.00258837454020977,3.9723545385946153,11.945299056101595,-2.3777913033004623,0.4256963901980022,15.059702508097395,29.693708625996784,32.497196319495245,35.756856627623364,-19.440001395924817,-15.675913938854098,3.9723545385946153,23.62062301604332,27.384710473114044,31.76127560253862,15.03100494406497,8.923880664249998,79.31829234449694,0.3173634443562603,-2.48550746608154,0.35109434228155073,15.041012579694511,29.686075860949867,32.49072985115186,35.751631996937114,2,-3.5833329502396367,0.9971240162849426,13.82332074115967,7.526147290389186,0.002875958103686571,-0.34532245527923067,11.278922811713441,-0.9276568903468547,1.4439100735920167,13.82332074115967,26.202731408727317,28.574298372666192,31.331757489874786,-22.45160495064482,-18.89749955023179,-0.34532245527923067,18.20685463967332,21.760960040086356,25.893375649221074,13.782571962906434,7.577700557191668,56.84585141988709,0.5756894494579999,-1.097994327285502,1.3354025992688348,13.801820820868336,26.19421940587619,28.56701025539884,31.32569779766523,2,-2.3348999690811016,0.9999816417694092,11.595465292261146,8.323423637016063,1.8317788999411277e-05,-4.2842005812993165,19.719887278336508,-4.71814526435973,-2.0953482657383447,11.595465292261146,25.28627885026063,27.90907584888202,30.958644174974747,-42.93446942602847,-36.72052869414533,-4.2842005812993165,28.152127531546682,34.366068263429824,41.591117264983836,11.595173942953222,8.324052915567988,69.28523250542706,0.004618998455391667,-4.71944982001108,-2.0961322290208537,11.59535495764515,25.28642670845007,27.90930390690247,30.95888079193757,2,-0.14750194912788928
167,364,reset,0.5,11.4645097185222,11.4830140385588,11.504519665595799,11.507526209829399,11.498353304661334,0.9999502897262573,14.529911693672865,7.289006883038053,4.9759168177843094e-05,1.7549162338894604,11.120834151944141,0.24372071985371946,2.5405622852334737,14.529911693672865,26.519261102112253,28.816102667492007,31.486677359897495,-20.041518181964097,-16.537228155661666,1.7549162338894604,20.04706062344058,23.55135064974301,27.62584512082549,14.529276730957136,7.289804120281237,53.13313411618473,0.008120317494089434,0.24105081692672922,2.538827496673277,14.529570607488685,26.519179840106062,28.81604030846204,31.486635282079305,2,-3.030923426295802,0.9990742206573486,13.302166823603898,6.344504757002504,0.0009257323108613491,-10.288910070923478,13.742612478922275,0.8671660001359403,2.8663851628374566,13.302166823603898,23.737948484370335,25.737167647071853,28.061691976898672,-37.223935583101856,-32.89349605066735,-10.288910070923478,12.315675908820388,16.646115441254896,21.681187253184486,13.280327175849902,6.395705285962654,40.390308702587184,0.5147291074434922,0.7892283351194802,2.8215854100137356,13.295433804611191,23.735530722740275,25.73520593047364,28.060189426539125,2,-1.7819738711885673,0.997300922870636,15.974452925056603,8.937624473735047,0.0026990806218236685,4.19920120526011,11.927135138701768,-1.5429691508078491,1.273368893103262,15.974452925056603,30.67553695700994,33.49187500092105,36.76647661850552,-19.177554105337503,-15.419190286773851,4.19920120526011,23.817592697294064,27.57595651585772,31.945866678576778,15.942670627112737,8.967871654601733,80.04948780362318,0.3732350974601047,-1.6631786134434754,1.1905428081978398,15.953969966142044,30.666971480548437,33.484464814510964,36.76032562139051,2,-4.444317322451402,0.9967877864837646,14.877556233346056,7.629270814011325,0.003212266368791461,-0.08712185694525942,11.212154770671376,-0.07553979041872516,2.3285224639245126,14.877556233346056,27.426590002767593,29.830652257110835,32.625894172003136,-22.06254139655011,-18.529475297425332,-0.08712185694525942,18.355231583534806,21.888297682659587,25.996250557222965,14.829486487513698,7.690231672982724,58.42262554384227,0.7170492633039088,-0.2777204460931427,2.2001734864747666,14.852371610650271,27.416411525602214,29.821788863454795,32.6183098560896,2,-3.331133182852364,0.9999793767929077,12.624270221150006,8.345496006496726,2.0651094018830918e-05,-3.8742042277540634,19.60728663505528,-3.7326013847064274,-1.102849153845165,12.624270221150006,26.35138959614517,28.981141827006436,32.03879711367999,-42.30377986701597,-36.125320764101886,-3.8742042277540634,28.376912308593745,34.555371411507835,41.73916535141618,12.62392986165509,8.346222087164191,69.65380646775994,0.005621104668586324,-3.734162981882841,-1.103824440744933,12.624140253321182,26.351429352127813,28.98136294033701,32.03910602645602,2,-1.1255765569937566
168,366,reset,0.7,123.7527272007,108.61911111980001,108.6884102178,108.6121034938,108.63987494380001,0.902256190776825,91.27056108011753,8.709419694148433,0.09774375706911087,33.142904573164515,13.068275022445379,74.20041215334274,76.94484050755489,91.27056108011753,105.59628165268016,108.34071000689231,111.53170106972917,7.5295561891072005,11.647505004495894,33.142904573164515,54.63830414183313,58.75625295722182,63.54425838901135,85.5889407833745,19.573221895908432,85.13239380626338,297.97823952734205,24.56435875815788,33.52103040683272,90.08439855473833,105.1574314146005,107.95431155605073,111.19342871025417,2,23.050934160425513,0.8730528950691223,91.69479941225961,7.911870241397896,0.12694711983203888,40.21502608252156,16.331926916998476,76.1878186887655,78.68093094972686,91.69479941225961,104.70866787479235,107.20178013575371,110.1005619280226,8.205037527064256,13.351396857990231,40.21502608252156,67.07865530705288,72.22501463797886,78.20876954487136,85.15959182480213,19.550804220357016,88.51193355695686,293.72212017131756,26.289921591423028,35.81748239807504,90.24806575115812,104.18107359354548,106.73759843728249,109.69453888588141,2,23.480283118997875,0.8813986778259277,96.01890148056863,9.204248878727723,0.11860131472349167,35.871910433316884,14.670539423427986,77.97890517351911,80.87925932902931,96.01890148056863,111.15854363210795,114.05889778761815,117.43118629173966,7.1181815296230155,11.741020453356793,35.871910433316884,60.002800413276965,64.62563933701074,70.00068863204092,88.88538855030593,21.871643743982784,100.1964427753224,378.172298424233,24.081432788214762,32.969311375055746,94.4593066495594,110.58785613364962,113.5567718480569,116.99175658465927,2,19.754486393494076,0.7064783573150635,102.71510488592445,14.629802779155506,0.2935216426849365,36.33476125099186,20.59990938574377,74.04121833785565,78.65122072304578,102.71510488592445,126.77898904880311,131.38899143399323,136.74911547884963,-4.040319229854568,2.4509255829795293,36.33476125099186,70.21859691900417,76.70984173183828,84.25731665595085,83.23103738020846,34.48907535780638,275.76610916809324,913.7302098683534,8.090290638740345,16.7070984131981,94.7561664942026,124.22223895257697,129.15046799864112,134.79802732574495,2,25.408837563591547,0.8692166209220886,90.85464270687353,7.10518488305882,0.13078339397907257,40.025467505273234,17.02259544533419,76.92873623257981,79.16765358181345,90.85464270687353,102.54163183193361,104.78054918116726,107.38377445424454,6.661793509022651,12.02578964688767,40.025467505273234,68.0251453636588,73.38914150152381,79.62594623018373,84.20703201469101,19.377305214545302,81.77817093555359,293.7018921036065,25.15374958214904,34.9286348160894,89.51170140025928,102.05307483520106,104.3510433307319,107.008371550779,2,24.432842929109
169,368,reset,0.4,105.5484052374,105.54089709760001,105.56040488320001,105.57341036529999,105.55823744870001,0.9995414018630981,93.67941373503969,7.6999513531508725,0.00045862889965064824,30.444079299853044,14.801945952083669,78.58778640015352,81.01412082445958,93.67941373503969,106.3447066456198,108.77104106992586,111.59217919566012,1.4327983326606066,6.09704481462855,30.444079299853044,54.79111378507753,59.45536026704548,64.87855479715031,93.6504150650249,7.822746150348244,59.362545393940145,1.833081740464983,78.52841082402193,80.98140613838605,93.67498547111776,106.34304927631975,108.76954178344953,111.5909777380901,2,11.90782238367511,0.9988215565681458,92.62208978347955,7.161778540906328,0.0011784823145717382,38.02313702426891,20.261839070129188,78.58526177805133,80.84201237504655,92.62208978347955,104.40216719191255,106.65891778890777,109.2828780664683,-1.6893378137308446,4.695377541059862,38.02313702426891,71.35089650747796,77.73561186226866,85.1592232692216,92.55774948465724,7.4312233984975355,51.71444487298709,3.508969431180809,78.44488715720153,80.76475541198518,92.61157370566848,104.39816837664475,106.65556148614226,109.28001599344097,2,13.000487964042776,0.999563992023468,96.72873733843258,7.484282481808348,0.0004360213060863316,39.147910770676106,19.713856016188302,82.05981322396417,84.41818815310074,96.72873733843258,109.0392865237644,111.39766145290099,114.13978197870854,0.5094629825387571,6.721503201249661,39.147910770676106,71.57431834010254,77.78635855881345,85.009197803083,96.70363216057794,7.589756997455143,56.15951513377185,1.4450207992094508,82.00573324312212,84.38827430605295,96.72465976990445,109.03779094875347,111.39646413996708,114.1386266454405,2,8.854605288122073,0.990885853767395,98.25717407366051,9.201674263468126,0.009114070795476437,37.674909858198575,25.324099112829952,80.22222391979385,83.12176678736894,98.25717407366051,113.39258135995208,116.29212422752717,119.6634694340959,-11.959412343870873,-3.979526416818345,37.674909858198575,79.32934613321548,87.30923206026802,96.58757399133007,97.70501561641146,11.085597036582282,89.74405181808986,33.145689696188086,78.64224363383339,82.31797802771074,98.15289191427074,113.3530439337728,116.25766868236123,119.6339584922098,2,7.853221832288554,0.999594509601593,92.9642007210521,6.843557308624975,0.00040545783122070134,42.5518353650303,23.207571160641123,79.55107487001128,81.70755066071004,92.9642007210521,104.22085078139415,106.37732657209291,108.88469571684846,-2.934168278476733,4.378777768715345,42.5518353650303,80.72489296134523,88.03783900853733,96.54071919623931,92.9437576051457,6.932817508606141,47.0336618713477,1.0300154032816013,79.50707817250574,81.68310041202304,92.96082580448119,104.21985307140913,106.3765588370398,108.8839152938375,2,12.614479843554307
170,370,reset,0.4,110.6032333528,113.0188440839,113.0474506499,112.3181569039,112.79481721256667,0.9995567202568054,96.99074928444787,7.653267738743662,0.00044330128002911806,32.756162025960805,15.679191143398995,81.990620152468,84.40224408634467,96.99074928444787,109.57925448255108,111.99087841642775,114.79491241793954,2.0255120781793785,6.966187606075557,32.756162025960805,58.546136445846045,63.48681197374222,69.23141500908704,96.96227609856777,7.777120748991566,58.655522947252166,1.828286679633766,81.9336021701111,84.37080752115308,96.98649517779585,109.57765298373685,111.98954420697986,114.7937436156696,2,15.8325411139989,0.9991256594657898,96.4607211037134,7.013359860922948,0.0008743772632442415,41.66456819048078,21.86002508633179,82.71478836568558,84.9247706993584,96.4607211037134,107.99667150806837,110.20665384174121,112.77623590605486,-1.1802936798716317,5.708026641977746,41.66456819048078,77.62110973898379,84.50943006083318,92.51859107654819,96.41281213640193,7.223906485113428,49.562040689878465,2.6231256279652304,82.61413867137,84.86911398903372,96.45312208230698,107.99383190966637,110.2041521641333,112.77411456880432,2,16.382005076164745,0.9996296167373657,101.02656187729266,7.225019804104575,0.0003703332331497222,41.66438477105946,20.688459157404036,86.86578327365906,89.14246184771504,101.02656187729266,112.91066190687029,115.18734048092627,117.83447133847432,1.1157499269196691,7.634897689966017,41.66438477105946,75.69387185215288,82.21301961519924,89.79293774906711,101.0045730360113,7.3242826670203405,52.340084020466534,1.3045221689610143,86.82142429774672,89.11783740582915,101.02322125863809,112.90945694681189,115.18624508149381,117.83366608781199,2,11.790244176555376,0.9927655458450317,102.28779697581965,8.905362885665454,0.007234455086290836,40.40952889211231,28.03225180318457,84.83360645065567,87.63977853401379,102.28779697581965,116.93581541762549,119.74198750098363,123.00476899244968,-14.532675047687448,-5.699422157972798,40.40952889211231,86.5184799421974,95.35173283191206,105.62229827902826,101.84014151981353,10.57905419853566,84.41664267649521,27.499754718190374,83.68179797064785,87.03961981469826,102.20869616962753,116.9065097621171,119.71720867279724,122.98477787864834,2,10.954675692753142,0.9996083378791809,96.63634789697447,6.642880277631164,0.0003917069116141647,45.491770862359544,24.032060340898457,83.61654179920595,85.70978217890844,96.63634789697447,107.56291361504049,109.656153994743,112.08999830834956,-1.610201880094813,5.9625492475160655,45.491770862359544,85.02099247720301,92.5937436048139,101.39870334522988,96.61631854107729,6.735027572734308,44.33680155239308,1.0242129623183833,83.5752842319008,85.6866634662188,96.63319403108186,107.56204410771927,109.65538727477396,112.08956975074486,2,16.17849867148938
171,371,reset,0.9,112.3181569039,26.9020560703413,24.7134292527425,25.2511606696002,25.622215330894665,0.23130322992801666,75.57932696816925,9.277900542758259,0.7686967849731445,24.80488425675891,10.000767271569428,57.39497605221844,60.31853860991829,75.57932696816925,90.8401153264202,93.76367788412006,97.1629511713773,5.203740586715924,8.355085937820352,24.80488425675891,41.25468257569746,44.40602792680189,48.07014793775167,36.54917722332475,23.56211816202821,96.79192708474096,458.38150510224085,6.353935796302154,9.666227956036334,28.67058817361037,82.86439655678613,87.05414389069279,91.48480099915673,2,-10.926961892430082,0.12445570528507233,75.43107687221283,8.863160234694607,0.8755442500114441,28.01548747838323,11.07617219718813,58.05960202300382,60.85247561392333,75.43107687221283,90.00967813050231,92.80255172142184,96.04987084147794,6.3065888853306085,9.796805467099269,28.01548747838323,46.23416948966718,49.724386071435845,53.7825171218221,33.9166268455098,19.030830375279,117.18985494633834,244.98259840220672,6.943143758427424,10.520309423124344,29.999316282546502,77.6370420892238,82.86294916590134,87.8636852048036,2,-8.294411514615138,0.1557440161705017,77.51569119376369,11.347768482303652,0.8442560434341431,24.553729122079268,10.862935656186457,55.27447366354977,58.850273047840915,77.51569119376369,96.18110933968646,99.75690872397759,103.91454827767845,3.26276646957783,6.685790008660497,24.553729122079268,42.42166823549803,45.8446917745807,49.82469639169108,32.80223926290949,22.102030504564798,119.68050418701532,368.8193123715146,4.060470629913733,7.5931364886172865,27.088077393516524,82.7900643918069,88.776351376066,94.76861391305778,2,-7.180023932014823,0.09321116656064987,87.76899261735322,20.622838162081347,0.9067888259887695,24.50194550368873,12.57948114603094,47.34897256067557,53.84744246842047,87.76899261735322,121.69054276628596,128.18901267403086,135.74488833239948,-0.1533844867325591,3.8105403154720676,24.50194550368873,45.19335069190538,49.15727549411002,53.76619472429465,30.399140587447278,22.835441048415923,183.13614250640654,338.3212184841332,0.377077725128923,4.41296364954132,26.122524793690555,85.88413932459144,100.51890347100206,113.36415555387558,2,-4.776925256552612,0.1691787838935852,74.31372824068868,7.922182189158445,0.8308212161064148,26.883514519689115,12.632141401361622,58.78653647097344,61.28289813348105,74.31372824068868,87.3445583478963,89.8409200104039,92.74347993420164,2.1249723254030037,6.10549091949559,26.883514519689115,47.661538119882636,51.64205671397522,56.27026981333001,34.90770039682066,21.433480493336482,143.19279395961746,316.2012920986182,3.1418361035008897,7.262605490056814,30.14319004865759,78.5724006156676,82.60149706241701,86.69093855736642,2,-9.285485065925993
172,372,reset,0.2,25.2511606696002,25.193593873724197,25.1180737853465,25.1910552608622,25.167574306644298,0.9999994039535522,28.419115401726366,8.091662408796887,6.553797220476554e-07,-2.2545729746510546,15.172207724812633,12.559748505427843,15.109515140549915,28.419115401726366,41.728715662902815,44.27848229802488,47.24313704388719,-31.991553681244216,-27.21063387967027,-2.2545729746510546,22.70148793036815,27.482407731942104,33.041260210472835,28.419096985012175,8.09170446119874,65.47511237751176,0.0006166300986482559,12.559572754524707,15.109386120973367,28.419108410794983,41.72879708332026,44.27857781379481,47.24324315042117,2,-3.251522678367877,0.999982476234436,26.565996619968203,7.011605912706549,1.7562886569066904e-05,-14.227637145655407,19.99726060088759,12.82350155727527,15.032931203698444,26.565996619968203,38.09906203623796,40.308491682661135,42.877431128605274,-53.42154771285689,-47.12020377411915,-14.227637145655407,18.66492948280832,24.96627342154607,32.2929475398601,26.565281205294127,7.014127018397487,49.168779191207484,0.029226247253654847,12.821450422894964,15.031869315995689,26.5658482378352,38.09912394977367,40.30865435444853,42.877620009020184,2,-1.3977068986498296,0.9999914169311523,28.932384981509685,9.09990143506992,8.54166046337923e-06,5.196684570613655,17.79161643470794,11.096905905908283,13.964379101134014,28.932384981509685,43.90039086188535,46.76786405711108,50.101921338965795,-29.67424286816484,-24.067920251345132,5.196684570613655,34.46128939257243,40.06761200939214,46.58617363924655,28.9321810411726,9.100277249702804,82.8101991704542,0.004812189242547152,11.095981046378943,13.963794637287112,28.93230575022329,43.90045272234696,46.76798003492823,50.10207715129237,2,-3.7646067345283036,0.9999034404754639,28.516198222494793,7.810882340229174,9.653151937527582e-05,-2.187910804377921,15.119450365082425,13.207150148165676,15.668440075477628,28.516198222494793,41.36395636951195,43.825246296823906,46.68702774907008,-31.82148898598045,-27.05719357489652,-2.187910804377921,22.681371966140667,27.445667377224606,32.98519040909759,28.513233509598646,7.8177411743923075,61.02605873858169,0.09099556288557334,13.196518235665637,15.662277490210752,28.515293422933944,41.36368015195268,43.8250469093004,46.68684141260422,2,-3.345659202954348,0.9999995231628418,26.125595799994258,8.570501061251806,4.31225032571092e-07,-8.277699932051576,27.285815678733414,9.327722390478403,12.028376044602778,26.125595799994258,40.222815555385736,42.92346920951011,46.06356272330217,-61.75691595116741,-53.15887281554559,-8.277699932051576,36.60347295144243,45.20151608706425,55.19859936364014,26.125579772787976,8.57054934025692,73.45377446938868,0.0005103920192618492,9.327376009296614,12.028316590719148,26.125592882167847,40.22308606972128,42.92371197797219,46.063839805824486,2,-0.9580054661436783
173,373,reset,0.8,25.1910552608622,21.772020384707197,21.6810487903818,21.745011042116598,21.7326934057352,0.9807444214820862,25.156564023701208,6.652675683933135,0.019255580380558968,9.858704554576896,8.084799015891651,12.117559282366887,14.21388629605192,25.156564023701208,36.09924175135049,38.195568765035524,40.633001957702255,-5.987210338815615,-3.439606429886185,9.858704554576896,23.15701553903997,25.704619447969403,28.66675955724392,24.861994907900744,7.005997812218354,44.66449983328894,4.419506662855507,10.695739857146924,13.343325006327722,25.002840542498163,36.03718579561044,38.14067339953464,40.584772120973255,2,-3.129301502165543,0.8588593602180481,23.70934163195284,6.32898760882581,0.1411406248807907,4.037419880964478,9.179693603698125,11.304753860053973,13.299083408644776,23.70934163195284,34.1195998552609,36.1139294038517,38.432768500575584,-13.954448971396552,-11.061832437381618,4.037419880964478,19.136672199310567,22.0292887333255,25.392580580273915,20.932833950115604,9.654338735372633,46.29600804009032,46.910241847782714,-4.46725212703217,0.5861258337244925,22.4560677487893,33.65098906730927,35.70128816980801,38.07154109254994,2,0.7998594556195968,0.6554480195045471,24.58846012897564,8.792342805325175,0.3445519804954529,11.200557883464143,9.278306493095158,7.35578489080843,10.126343176235839,24.58846012897564,39.05057708171544,41.821135367142844,45.042508121982145,-6.984588680526503,-4.060898203670829,11.200557883464143,26.46201397059911,29.385704447454785,32.785126468375395,19.975631895605133,10.991312304710215,80.33103702655453,40.477909153119775,-2.453724592740846,1.0912847751736348,20.487308051071068,37.24718077077347,40.223688763686695,43.63800216043492,2,1.7570615101300682,0.6926065683364868,25.82732345279009,9.006000132058118,0.30739346146583557,9.153332801746615,8.859665150647855,8.175887549193206,11.013771471248852,25.82732345279009,40.64087543433132,43.47875935638697,46.778412713615026,-8.211291808607818,-5.4195195548720765,9.153332801746615,23.7261851583653,26.517957412101044,29.763995989669976,20.701848519831074,11.810843356004122,80.30439999959204,59.19163355275261,-3.2979027219939465,0.2538004668857361,21.477053044784796,38.98412414245285,42.02453667235466,45.50921297032176,2,1.030844885904127,0.9942036271095276,23.18898612834871,7.758207923840227,0.005796398501843214,10.671975479344795,13.670540784392328,7.983178013048594,10.427869686176455,23.18898612834871,35.950102570520954,38.39479424364882,41.23727663834123,-16.121792107250116,-11.81406311225096,10.671975479344795,33.15801407094054,37.4657430659397,42.47440897010449,23.11643314047699,7.863016996214852,60.924160035110006,0.9028899335885618,7.670637616541129,10.232057612422631,23.1527756006824,35.9424003206813,38.39201397760168,41.2418654789031,2,-1.3837397347417877
174,376,reset,0.6,90.568060992155,61.543006252769395,60.3385232508466,57.6216436112867,59.8343910383009,0.9806432723999023,76.63078824160813,8.287610320666664,0.01935676857829094,22.555352948011112,10.124506598679371,60.38737049519902,62.99888234689911,76.63078824160813,90.26269413631715,92.87420598801724,95.91065289196996,2.7116846533614165,5.9020215480792295,22.555352948011112,39.20868434794299,42.3990212426608,46.108477349561326,75.58406569505088,11.173425357333691,69.33915579679582,55.506512525522204,55.69458793253673,61.193083143371894,76.4257390125793,90.18405479861916,92.80486210570474,95.84986654775271,2,-15.749674656749981,0.8932883143424988,73.77462282160703,8.284218410044407,0.1067117303609848,23.804601047885754,12.048596558439549,57.53785309785631,60.14829612338732,73.77462282160703,87.40094951982672,90.01139254535774,93.04659670790383,0.189785729090989,3.9864232990614283,23.804601047885754,43.62277879671007,47.419416366680515,51.83382803678739,68.44223862993978,17.743195631398333,76.79603672531724,238.02516389507312,15.07132421497154,22.853844530869125,72.52969737421603,86.9424935586816,89.6078717457771,92.69327875210936,2,-8.60784759163888,0.9563429355621338,76.14904657220912,9.688665639466404,0.043657030910253525,26.64505039055836,12.838968377658613,57.15961086060423,60.21260975481269,76.14904657220912,92.08548338960554,95.138482283814,98.68825328487432,1.4811347716988266,5.526826688251322,26.64505039055836,47.76327409286539,51.80896600941789,56.51295718080206,73.98784652762997,14.116864025036158,96.9685287520544,102.31713761239949,28.995633565279018,52.63483416264668,75.59449331141839,91.87491939196333,94.95289645738315,98.52559544314647,2,-14.153455489329069,0.7168790102005005,81.1783383225993,13.588403949117286,0.2831209897994995,25.598982457309702,13.661110868260787,54.545555974947575,58.82740280241202,81.1783383225993,103.52927384278658,107.81112067025103,112.78969296123647,-1.1763028332901513,3.1284546974647647,25.598982457309702,48.06951021715463,52.374267747909556,57.37947868272441,65.44265607759989,28.4986497356578,185.20564919335652,626.9673875623516,7.138816811602962,12.916119113316412,74.15424427092314,101.25770354129862,105.82167448839093,111.05527871228088,2,-5.608265039298992,0.9793335795402527,74.50157130687874,8.029266763077828,0.020666390657424927,29.75930986378841,15.997533081843645,58.7644976289817,61.29460274986927,74.50157130687874,87.70853986388822,90.23864498477579,93.18043897127163,-1.5952788181132007,3.4457095518417162,29.75930986378841,56.07291017573509,61.11389854569001,66.9751369386334,73.57690803267936,10.437544408532712,68.42574341450687,40.51642852888432,54.214471213788364,59.47267988469935,74.2903297934558,87.6274059694894,90.16705945224082,93.11775460788512,2,-13.742516994378455
175,377,reset,1.3,57.6216436112867,24.2018238494453,24.5198402287211,24.8444056982135,24.522023258793297,0.010842704214155674,32.956091892547164,6.838672417860038,0.9891573190689087,13.173050340370317,7.60484636018664,19.552540251474035,21.70747676249708,32.956091892547164,44.20470702259724,46.359643533620286,48.8652229330976,-1.7321746335560206,0.6641912224086148,13.173050340370317,25.681909458332015,28.07827531429665,30.86456850279773,13.3875523150859,7.868365886987078,57.71370145776576,4.197484446679662,-1.696682411071505,0.7044007859862347,13.277112247765565,26.362983460978654,29.205088838259293,32.96179203376939,2,11.134470943707397,0.008711334317922592,35.031957377435376,6.614064547072455,0.9912886619567871,17.816642067179465,7.616293889952732,22.068629073750138,24.152789318292097,35.031957377435376,45.91112543657865,47.99528568112061,50.418572375286274,2.888980347199638,5.288953438362373,17.816642067179465,30.344330695996554,32.74430378715929,35.53479116614125,17.96661036786339,7.774506675511726,57.88369063082237,2.5592622142335437,2.9174784745423787,5.3212601533551664,17.89972519823286,30.814264285194994,33.4586909867025,36.70427600248576,2,6.555412890929908,0.004384049214422703,31.62593424911369,9.83657182400785,0.9956159591674805,13.374051052695876,8.60975012007047,12.346607742716834,15.446213407625713,31.62593424911369,47.80565509060166,50.90526075551054,54.509222199744386,-3.500749098531653,-0.7877276594479135,13.374051052695876,27.53582976483966,30.2488512039234,33.403324940544685,13.454068318984868,8.699486755039604,74.22701031127785,1.4540610070563837,-3.4847217011228513,-0.7695962061284346,13.41851745248417,27.762282286622924,30.597583754872,34.01191868588112,2,11.067954939808429,0.007155663799494505,40.78900209607389,14.622669651807147,0.99284428358078,11.624402403319266,7.90623211720054,12.12909622070502,16.73685088358567,40.78900209607389,64.8411533085621,69.44890797144275,74.80641855335696,-3.871527799807655,-1.3801921701782653,11.624402403319266,24.628996976816794,27.120332606446183,30.01704868084216,11.833093861894595,8.344706736099438,63.59125483821332,6.042868305364965,-3.848395833556727,-1.3537663067163277,11.692491806264695,25.098081354457094,27.97038281846885,32.07225815951234,2,12.688929396898702,0.03915580362081528,32.07545748795401,6.726638216909368,0.9608442187309265,14.550929401480921,9.34974431168377,18.89148884578092,21.01112221968025,32.07545748795401,43.13979275622777,45.2594261301271,47.72395800330299,-3.7742327140775096,-0.8280314406610287,14.550929401480921,29.929890243622864,32.87609151703935,36.3016872037919,15.23711670702094,9.86512865783174,85.76651817751741,11.554250447453414,-3.61399397193493,-0.6462731962980321,15.023293718445629,31.951969252092336,35.31525871816893,39.08378852581512,2,9.284906551772357
176,378,reset,1.0,24.8444056982135,24.108712937072898,24.356809725576703,24.2217843461874,24.229102336279,0.7627236247062683,21.63886004654934,6.0649357960844075,0.23727646470069885,12.478176652066338,7.546902007115198,9.751804317676138,11.662928405132083,21.63886004654934,31.614791687966594,33.52591577542254,35.7480105419645,-2.3134794767325015,0.0646275134155534,12.478176652066338,24.891725790717118,27.269832780865173,30.034896091913335,19.465247411128868,7.533725426682886,41.569857659262844,15.187195021314903,2.8979705940162153,5.9872995178699675,20.00769663013862,30.90492993400684,32.89626232351344,35.19473637248093,2,4.763854925150131,0.4433247447013855,21.71165597805907,5.826988882748339,0.5566752552986145,9.992293234877437,8.250008664959367,10.290967629557034,12.127112180064554,21.71165597805907,31.296199776053584,33.1323443265611,35.267259177500286,-6.177426620586299,-3.577763440062057,9.992293234877437,23.562349909816923,26.16201309034117,29.184683353424173,15.187776731061362,9.31858656555767,52.94134862091843,33.894706958873414,-4.003014442565753,-1.0800110725822996,16.017384500726074,29.173271992803024,31.28464811623777,33.680096636720286,2,9.041325605217637,0.1456250101327896,21.460770577822558,8.231431379525455,0.8543749451637268,13.449528144570237,8.649076053205423,5.327461532739811,7.921270818207947,21.460770577822558,35.000270337437165,37.5940796229053,40.60994346789467,-3.5023494192602307,-0.776935971323832,13.449528144570237,27.6759922604643,30.401405708400702,33.570287833362215,14.61616480384808,9.042401780471943,73.77984904216868,7.9851713672066085,-2.9461098186467716,-0.16084383640540134,14.5579966570464,29.593468931870714,32.48402672904821,35.83584014513475,2,9.61293753243092,0.25349289178848267,23.33017592525642,8.729266080137233,0.7465071082115173,11.736687457302033,8.423269887154271,6.221128796720308,8.971810952718226,23.33017592525642,37.68854089779461,40.43922305379253,43.637485512720495,-4.7726181535811065,-2.118358567374795,11.736687457302033,25.591733481978853,28.245993068185168,31.332143451755606,14.675554374960216,9.885177897063441,72.28196109757447,25.43478095901709,-3.73053025242917,-0.9471212629672054,14.284154606169482,31.640437618823295,35.021911680432886,38.86532909002027,2,9.553547961318783,0.9424923658370972,20.395983074221242,7.035537426836429,0.05750766396522522,14.665469435408191,11.774837677426296,6.606583105738233,8.823553820136508,20.395983074221242,31.96841232830597,34.185383042704245,36.76309060987694,-8.412788336152612,-4.702415025071311,14.665469435408191,34.033353895887686,37.74372720696899,42.05783803346485,20.066435229379902,7.510349539008498,54.62548247499123,1.7798797233512973,4.945587703941574,7.74423683519575,20.201327329433038,32.05208605673701,34.35283964015967,37.07694491334078,2,4.162667106899097
177,380,reset,0.5,24.8939951451731,24.6834349468072,24.7059314741461,24.685421333239898,24.691595918064397,0.9998422861099243,27.456988827177234,7.512413086881528,0.00015774792700540274,3.960928587583979,10.232978281972509,12.732929739902064,15.100168914062442,27.456988827177234,39.81380874029202,42.1810479144524,44.93347504076067,-16.095340299662702,-12.870822854034152,3.960928587583979,20.792680029202103,24.017197474830652,27.76639585895682,27.453283306933244,7.518711038322231,56.44396798348918,0.08707334734669864,12.717064400784063,15.090787354014179,27.4555352029598,39.81327708530357,42.18054242753204,44.93304578411383,2,-2.7616873888688467,0.9968114495277405,24.974957217836113,6.921848405077207,0.003188502276316285,-6.116075078317209,12.385465207110023,11.408383637438769,13.589529763536602,24.974957217836113,36.36038467213562,38.54153079823345,41.07758453942046,-30.39114081602678,-26.488352445713407,-6.116075078317209,14.256202289078978,18.15899065939236,22.696825575249996,24.875822186895185,7.163847174442188,48.248331006326666,3.0723455084722144,11.052890046469656,13.393364278775506,24.94754474713264,36.349740051920584,38.53217378096435,41.06945581877379,2,-0.18422626883078763,0.9957708716392517,26.98031142194783,9.368061303380069,0.00422906456515193,7.196015604610466,11.804102515832804,8.619248662359535,11.571221809579384,26.98031142194783,42.38940103431627,45.341374181536125,48.77368091895032,-15.93960019624048,-12.220005231464128,7.196015604610466,26.612036440685053,30.331631405461405,34.65646439727825,26.89664063633519,9.467157202320875,87.97868633402899,1.648333007824677,8.258053909507012,11.340034174035392,26.93515824087583,42.37073884009328,45.32486077628099,48.75913754803368,2,-2.2050447182707913,0.9891017079353333,27.42634699443859,8.877285553144791,0.010898296721279621,3.282465542799528,10.632473199310914,10.027187029797062,12.824511654864468,27.42634699443859,42.028182334012705,44.825506959080116,48.07800136825044,-17.55679899443723,-14.206396562551358,3.282465542799528,20.771327648150407,24.121730080036283,28.01729696581269,27.163219938089107,9.244623564840754,79.1793926673879,6.283675624058725,8.731958675676788,12.065560766309586,27.306676186973444,41.981103753377774,44.78397973828653,48.04157010419013,2,-2.4716240200247093,0.9999189376831055,24.85657616543878,8.562321364264136,8.111408533295617e-05,1.2637567864088481,18.427531568434343,8.074734667423211,10.772810814304833,24.85657616543878,38.94034151657272,41.63841766345435,44.77551426804912,-34.853541411697364,-29.046835349693144,1.2637567864088481,31.57434892251083,37.38105498451505,44.13260567445656,24.85466374226056,8.566216352283424,73.33494842305505,0.045146151248910284,8.06736843495548,10.768327004338342,24.8558796562878,38.94022306031537,41.638395564136694,44.775574356683876,2,-0.16306782419616184
178,383,reset,1.5,109.87483608039999,9.89457332126195,10.0726337620582,10.038109683413099,10.001772255577748,0.0002191386593040079,44.657460651028146,9.77528883286667,0.9997808337211609,10.777835458892405,10.100386944775414,25.498246600132887,28.578541359789174,44.657460651028146,60.73637994226711,63.8166747019234,67.39818304550269,-9.018559182785964,-5.835822640834742,10.777835458892405,27.391493558619544,30.574230100570766,34.27484915486055,10.785259496855927,10.112758250997869,102.01639764226933,0.25147858810148666,-9.01764762913001,-5.8347802113790435,10.780609020541554,27.41112932923483,30.608480833242393,34.34559951798036,2,-0.7834872412781788,0.000515116669703275,51.22237351353883,8.300859002176702,0.9994848966598511,19.91432906851624,9.299487390241303,34.952988828527396,37.56867547699569,51.22237351353883,64.87607155008196,67.49175819855026,70.53305920596537,1.687668708958899,4.618033505888343,19.91432906851624,35.21062463114413,38.14098942807357,41.5481717884737,19.93045662955481,9.326095741528787,86.47141307753556,0.5046539974327799,1.6896719494065253,4.620331458282876,19.920334832255822,35.253678550634326,38.2167865776949,41.706731999765005,2,-9.928684373977063,0.00043958178139291704,47.721398466549374,13.488398555657636,0.9995604157447815,9.054680126519216,9.147478544819972,21.284623088338318,25.534957180508904,47.721398466549374,69.90783975258984,74.15817384476043,79.10010577071907,-8.874048370680796,-5.991583135388696,9.054680126519216,24.10094338842712,26.983408623719225,30.33489739209536,9.071677289048045,9.185667843008105,83.71955706058026,0.6569364579086135,-8.872402380972177,-5.989691359955946,9.05970107565603,24.136598045507423,27.046650118111284,30.47157994295526,2,0.9300949665297029,0.001257913769222796,65.78810020139461,31.84417132151605,0.9987421631813049,5.9743289701340245,8.929574923616181,3.3746712936998833,13.409099505934861,65.78810020139461,118.16710089685435,128.20152910908934,139.86872045579577,-11.5273162774057,-8.713514730110973,5.9743289701340245,20.662172670379015,23.475974217673745,26.74762660977693,6.049569996282736,9.24161018921354,80.91260082074349,4.494760884813375,-11.52415781483918,-8.70938410794833,5.987572380551947,20.7583744224553,23.64921964040579,27.137404792221297,2,3.952202259295012,0.0002722283243201673,45.624725666718746,6.954604955849927,0.9997277855873108,3.4142901598420536,8.959729211348884,31.993950426549112,34.18541848107431,45.624725666718746,57.064032852363184,59.25550090688837,61.80355612055412,-14.146456405633227,-11.323152929948218,3.4142901598420536,18.151733249632322,20.97503672531733,24.25773716264515,3.4257810834672595,8.986265324072383,80.26806179245423,0.48490284543807416,-14.145449176120655,-11.322009447408684,3.417347792512908,18.174255751880516,21.015954105052128,24.349363916493083,2,6.575991172110489
179,386,reset,0.2,7.08331680559412,7.08181693928121,7.08733797459473,7.0433050568113,7.070819990229079,0.9999998807907104,9.046226649071777,8.168480755189673,1.6695774718300527e-07,-7.028047230512257,16.776326550091703,-6.9637014395085295,-4.389728547785264,9.046226649071777,22.482181845928814,25.05615473765208,28.048954488050793,-39.9090430615751,-34.62264880335289,-7.028047230512257,20.56655434232836,25.852948600550576,31.999524373508486,9.046224397290592,8.168485545967515,66.72411688321942,4.313891649120594e-05,-6.963841396645077,-4.389816834753566,9.046224965281706,22.48226807450738,25.05616208186426,28.049082872691418,2,-1.9754044070615127,0.9999949932098389,8.722243214749234,6.579508867564112,4.952002200298011e-06,-23.084702056271567,22.424050596277354,-4.1733572016383444,-2.100085809622973,8.722243214749234,19.544572239121436,21.617843631136807,24.028469681039866,-67.03503361247911,-59.96898301050171,-23.084702056271567,13.799578897958561,20.86562949993597,29.081440375762504,8.722085228812348,6.5800626321747036,43.29221024983039,0.005009825529968302,-4.1740454952710335,-2.1003359625693476,8.722209166002353,19.544614931572347,21.61808152326239,24.02873220027977,2,-1.6512652385832691,0.9999938011169434,12.07278196812075,9.18513819343254,6.147819931356935e-06,-1.4534508892013775,17.524913806726758,-5.929758084030329,-3.035425903397261,12.07278196812075,27.180989839638755,30.075322020271823,33.44060867718387,-35.80165078255457,-30.27936892620783,-1.4534508892013775,27.37246714780506,32.894749004151805,39.315595087826395,12.072698194802816,9.1852741397081,84.36812878721737,0.0011247919203535228,-5.930172791761684,-3.035752459818838,12.0727429603362,27.1810854926321,30.075362783138335,33.440708123825566,2,-5.001878204573737,0.9999762773513794,10.38528013443942,7.070282594791065,2.374223004153464e-05,-9.291022103905249,15.354413341141457,-3.472219111871471,-1.2442998351745338,10.38528013443942,22.01486010405337,24.242779380750306,26.83321701769957,-39.38511925628383,-34.54678457779386,-9.291022103905249,15.96474036998335,20.803075048473325,26.4286847294035,10.384813178503851,7.071244385506524,49.993307522076464,0.00919174922659065,-3.4741318263043666,-1.2454574244413377,10.38511166174777,22.014903350598466,24.2428709299774,26.83334341208584,2,-3.3139931882747717,0.9999998807907104,7.731816102427757,8.690459385805289,9.932178102189937e-08,-18.63388414127276,29.008323648443106,-9.301171302858691,-6.562717538188542,7.731816102427757,22.02634974304405,24.764803507714202,27.94884781903416,-75.4891537441028,-66.34833050619659,-18.63388414127276,29.08056222365105,38.22138546155727,48.8495679077715,7.731813329972892,8.690467717169845,75.52415891073326,6.904354407627018e-05,-9.301374172812748,-6.56272574640186,7.731815890445169,22.026574770574648,24.765155764715786,27.949285496030097,2,-0.660993339743813
180,387,reset,0.8,7.0433050568113,7.2653667956753605,7.25137921232618,7.25736277597029,7.2580362613239435,0.9961774349212646,9.473405086643886,6.119865866753961,0.003822512924671173,8.61952833880843,8.97790526679865,-2.521311602409881,-0.5928784807428862,9.473405086643886,19.539688654030655,21.468121775697654,23.710342035182073,-8.976842640729394,-6.147811701712062,8.61952833880843,23.386868379328916,26.21589931834625,29.505259169565537,9.470140637662633,6.133553524688819,37.61769780106316,0.002776361797155936,-2.554295382169157,-0.6161594295870447,9.471181179442912,19.553777990517894,21.488679048305553,23.74236444793564,2,-2.212104376338689,0.9734362363815308,9.744466623225918,5.464866684008633,0.02656373754143715,0.8072528201805227,10.494682730722644,-0.966475257743836,0.7555608372280496,9.744466623225918,18.733372409223783,20.45540850419567,22.457647615486017,-19.761947361210332,-16.454964133153606,0.8072528201805227,18.069469773514644,21.37645300157137,25.22153567953027,9.507060567303341,5.836310574914036,31.99713387719587,2.065384892705806,-2.1110276394111733,0.0789060474877169,9.632389277754017,18.72460678891624,20.4694749672778,22.510447472850224,2,-2.2490243059793977,0.7994383573532104,11.671805534353503,7.772846412068451,0.20056167244911194,9.627730950931635,9.485960879796423,-3.5626934906620438,-1.1133890782740306,11.671805534353503,24.45700014698103,26.906304559369048,29.75415026031492,-8.964410732225243,-5.975286207321295,9.627730950931635,25.23074810918456,28.21987263408851,31.695375876880625,11.261842865138602,8.18638710030032,66.34701222279585,0.6699253129695503,-5.017586767398624,-2.283388560165825,11.324694871547793,24.596750567206602,27.15780179396791,30.159567106509854,2,-4.003806603814659,0.9248014092445374,9.98278779310182,6.792259886568165,0.07519856840372086,6.8930876409180115,9.750648591487487,-3.329796958207899,-1.1894855165168252,9.98278779310182,21.155061102720463,23.295372544411535,25.783947140152556,-12.217832424303673,-9.145302059919452,6.8930876409180115,22.931477341755468,26.004007706139692,29.576488262244244,9.750446541728143,7.104851986015626,49.815037862479016,0.6638817557040729,-4.4137027527694155,-1.9653228145151007,9.81946971199741,21.264985120448493,23.48398800477155,26.099656022853793,2,-2.4924102804042,0.9992291927337646,8.468827705436233,7.273025791619189,0.0007707608747296035,6.845058725975733,14.907725011298343,-5.7860409047682975,-3.4942351468201984,8.468827705436233,20.43189055769266,22.72369631564076,25.38841579361374,-22.373545387595996,-17.675966828453532,6.845058725975733,31.366084280404987,36.063662839547455,41.5256131127951,8.467575774955597,7.2821328548972515,53.027424948526935,0.0020306415835523576,-5.802799890235323,-3.50484569791424,8.468218539596965,20.43906032250675,22.7351651657481,25.408900211724017,2,-1.2095395136316531
181,389,reset,0.7,7.21835078008717,5.67445750767612,5.6534385626697805,5.64443661749233,5.6574442292794105,0.9991495609283447,10.13641234783745,6.481358572737032,0.000850400363560766,6.363971162601288,9.594728596640888,-2.5668170256170644,-0.5244738081020799,10.13641234783745,20.79729850377697,22.83964172129196,25.21430708442062,-12.44135132825139,-9.417952969198492,6.363971162601288,22.14589529440106,25.169293653453963,28.684647635395677,10.133203870120806,6.4855737250993,42.050570547572086,0.012092021508709116,-2.5810820132426526,-0.5344835529510531,10.134299461872102,20.798213995774674,22.84134775334504,25.217423515092097,2,-4.475759640841395,0.9916393160820007,9.903955204755022,5.705741901892842,0.008360747247934341,-3.132164774725794,11.449923659274983,-1.2790934280360222,0.5188449429775854,9.903955204755022,19.289065466532456,21.087003837546064,23.17749574804918,-25.57360277263783,-21.96561323400173,-3.132164774725794,15.701283684550134,19.30927322318624,23.504340787958487,9.794964127729674,5.898164833250997,33.37940473372816,1.4089497424283035,-1.7457514816353088,0.24415867297776034,9.859128779042187,19.27756637716825,21.080677238689386,23.178991297163577,2,-4.137519898450264,0.9427212476730347,12.231299505654611,8.1308811224907,0.05727871134877205,7.583618604687736,10.090769563205903,-3.704934657003774,-1.1428097989854802,12.231299505654611,25.605408810294698,28.16753366831299,31.146557519039657,-12.19392631548881,-9.014220310083022,7.583618604687736,24.181457519458487,27.361163524864278,31.058258925487813,11.965085831670374,8.32605523673373,68.15678551616935,1.1664044223992551,-4.543939741712465,-1.7897937313348433,12.020841539270803,25.546055579107964,28.132682341588463,31.142496779637543,2,-6.307641602390963,0.9743210673332214,10.540679541810789,6.983635799627026,0.025678999722003937,4.473062585361745,10.173791801790493,-3.146995106602768,-0.946379132513874,10.540679541810789,22.027738216135447,24.228354190224344,26.78704583734863,-15.46720293235649,-12.261335759662508,4.473062585361745,21.20746093038599,24.413328103079976,28.140841514391195,10.38486991448055,7.148274079486418,50.176708980254055,0.9211205668092172,-3.779013448962314,-1.3831999081153539,10.438627289076846,22.014120566820747,24.231746136443228,26.815155519502277,2,-4.72742568520114,0.9997848868370056,8.843170560289636,7.631769903626849,0.00021518030553124845,3.144010853145076,16.320583234992988,-6.11482358911571,-3.7099738457500795,8.843170560289636,21.396314966329346,23.80116470969498,26.59732225076083,-28.843744494129393,-23.70095967489654,3.144010853145076,29.988981381186683,35.131766200419534,41.111364964977604,8.841944807115485,7.635160833871598,58.288698565222234,0.006987643067318887,-6.122220521319888,-3.714572560059693,8.842607770028112,21.397693238376142,23.803473125851447,26.60147328422779,2,-3.184500577836075
182,391,reset,0.5,107.4964475111,106.13184143090001,106.05031917960001,106.18931877739999,106.12382646263335,0.9968169331550598,91.0746178886005,8.01411982542432,0.0031830675434321165,30.217043819077368,13.274673120977804,75.3672316629804,77.8925638269276,91.0746178886005,104.25667195027339,106.7820041142206,109.71824850678492,4.199162595418951,8.382149589441799,30.217043819077368,52.05193804871293,56.23492504273578,61.098551412651176,90.88090418342267,8.73693368615255,64.58259099691357,11.751425008395474,74.91626912925804,77.65087394098441,91.04254424941821,104.24436124406769,106.77115838286704,109.70876750000718,2,15.242922279210674,0.9915623068809509,89.84126793680346,7.544870232422383,0.008437772281467915,36.59665451385218,17.35169034735389,75.05359401322724,77.4310607701253,89.84126793680346,102.25147510348161,104.62894186037968,107.3932607619133,2.5879663621472417,8.05566371226827,36.59665451385218,65.13764531543607,70.6053426655571,76.96272246443388,89.3920091255779,9.094158718755725,58.985204828139416,23.7191505552336,73.81653014165062,76.8043583600707,89.76097335569389,102.22062075558479,104.6017602074778,107.36946171863126,2,16.731817337055446,0.9961961507797241,93.77802595010061,8.203335839929881,0.0038038291968405247,36.716966864862265,16.94870843800203,77.69978315075141,80.28473924069094,93.77802595010061,107.27131265951027,109.85626874944981,112.86183884136453,3.498108741908162,8.838822318471596,36.716966864862265,64.59511141125293,69.93582498781636,76.14555870734634,93.5609735497913,8.970486055721786,68.13142303614806,12.338021761489067,77.14640185814494,79.9891639090947,93.73879793131303,107.25625006740283,109.84299564235106,112.85020164202791,2,12.562852912842047,0.956028401851654,97.00620237069433,10.97331975668133,0.043971579521894455,35.91001312075228,21.56833830555645,75.49889085675709,78.95669756921879,97.00620237069433,115.05570717216986,118.51351388463156,122.53396145782028,-6.363153164514024,0.4332536315413762,35.91001312075228,71.38677260996317,78.18317940601858,86.08547108447715,94.31970461972446,17.102391993180415,135.5742421564361,156.9174040272021,39.63436724530372,70.91510163632456,96.3764983417732,114.81606354932542,118.3023268757768,122.34897867825839,2,11.804121842908884,0.9967542290687561,90.1421122019228,7.115401749428169,0.0032457567285746336,40.76103602901101,20.1097735804748,76.19618103751029,78.43831782715903,90.1421122019228,101.84590657668657,104.0880433663353,106.6950119346515,1.3466040740253007,7.683402017994126,40.76103602901101,73.83867004002788,80.17546798399671,87.54336504539123,89.98183196141171,7.724401532759112,51.77720584443311,7.889058199680219,75.80507712216986,78.22663181570677,90.11348247034773,101.83507524665474,104.07866345935685,106.6870377865383,2,16.14199450122163
183,399,reset,1.2,121.4856479892,22.5857779614754,21.6689935554246,21.8741031617704,22.042958226223465,0.004555236082524061,64.0649495893742,10.243257187263776,0.9954447746276855,19.22328021461572,10.206626575551718,43.98853441795613,47.21629085310663,64.0649495893742,80.91360832564175,84.14136476079224,87.89432917021884,-0.7813402771150386,2.4348734728801844,19.22328021461572,36.01168695635125,39.227900706346475,42.967444249779206,19.427544810837595,10.644081347477492,104.17863945827344,9.117832315793937,-0.761461740264585,2.457437946806164,19.281817577119615,36.456024882557166,40.06397374882347,45.100957722481304,2,2.61541341538587,0.005013720132410526,67.46037282841729,9.131031487150615,0.9949862957000732,24.503488384703388,10.283154957418148,49.563879971900874,52.4411625689695,67.46037282841729,82.47958308786508,85.35686568493371,88.7023285163501,4.348875020719301,7.5892036564901275,24.503488384703388,41.41777311291664,44.65810174868747,48.42568405832563,24.718862569015553,10.716180509146566,105.63113296754888,9.205401411062496,4.370949462858965,7.614238721953913,24.568431167893415,41.91310747475573,45.595248773695516,50.86143329461415,2,-2.675904342792087,0.005097014829516411,67.71931587080597,13.2449591747235,0.9949029684066772,16.92222962723165,9.740362268499034,41.75967291164455,45.933296733437835,67.71931587080597,89.5053350081741,93.67895882996739,98.53169848868171,-2.1685296153993185,0.9007594220697399,16.92222962723165,32.943699832393555,36.01298886986262,39.581700682942,17.18114284543039,10.410103849345706,95.28524192359544,13.085015282030783,-2.147244999219295,0.9248338374577771,16.984764187036394,33.41991242097541,36.91527016962874,41.97093299826774,2,4.861815380793075,0.008391937240958214,83.1699448364812,29.732601088391803,0.9916081428527832,15.679503706191696,10.791613823408387,24.89511753653685,34.264168097538644,83.1699448364812,132.07572157542376,141.44477213642557,152.33831816816587,-5.471670722753338,-2.07112143190124,15.679503706191696,33.430128844284624,36.83067813513672,40.78455158174755,16.245880508351785,12.68086981159416,122.90032608419952,37.904154233432386,-5.435181976449035,-2.028926573228318,15.791286821932536,34.28090239219627,38.479781676976565,45.95376970311743,2,5.79707771787168,0.002950249472633004,63.89858277954548,7.727143956698097,0.9970496892929077,14.4940585914931,10.459654341602729,48.753658921060875,51.18856201639446,63.89858277954548,76.6086035426965,79.04350663803008,81.87460769561763,-6.006487208786265,-2.7105417889508665,14.4940585914931,31.69865897193706,34.99460439177246,38.82685323228266,14.639813375388746,10.790621195540698,109.25774778390155,7.179744877728117,-5.9933108998916085,-2.69556082989256,14.532849447103576,31.990404829392745,35.5378705714349,40.156872321037895,2,7.403144850834719
184,400,reset,0.1,21.8741031617704,22.2097058191206,22.7618189606862,22.4152222671025,22.462249015636434,0.9999998807907104,24.75943400309287,8.22297048438083,7.3161018576684e-08,-5.2289994152223045,18.14277561417501,8.642708007770555,11.233851177544151,24.75943400309287,38.28501682864159,40.87615999841518,43.8889239077328,-40.7881861985969,-35.07120968716481,-5.2289994152223045,24.613210856720187,30.33018736815228,36.977408064013744,24.75943066897941,8.222977175645815,67.61725960809808,6.579414961939779e-05,8.64260997440006,11.233749749366318,24.759433779312257,38.285133935465346,40.876220366173186,43.889108518027975,2,-2.2971816533429745,0.9999980926513672,23.727920940395073,6.8362582945940975,1.8839077711163554e-06,-18.057143349678427,24.810613745492137,10.329100893977428,12.48327668975488,23.727920940395073,34.97256519103526,37.12674098681271,39.63143589041812,-66.68505272517744,-58.86697135584323,-18.057143349678427,22.752684656486366,30.570766025820575,39.66097519079567,23.727841664984826,6.8365781265607755,46.73549800217579,0.003289280942854684,10.32862129924612,12.482891069834952,23.727906422815266,34.97284351465346,37.12698765946277,39.63182660177738,2,-1.2655926493483918,0.9999991655349731,26.217329786755577,8.856225362161943,8.284236514555232e-07,3.6795847740301326,20.88970937408948,8.85944703794797,11.650135378703883,26.217329786755577,40.78452419480726,43.57521253556318,46.81999083004759,-37.26349324669401,-30.680929455903133,3.6795847740301326,38.040099003963384,44.62266279475427,52.27631576577422,26.217310957565825,8.856266068351717,78.43302372351026,0.00042079740397618035,8.859348074361613,11.650012707775424,26.217323169537018,40.78458166982717,43.575367443605664,46.82003689775618,2,-3.755061941929391,0.9999873638153076,25.241929580260418,7.172164665638736,1.2596514352480881e-05,-5.163405393343922,17.6065583766431,11.184745144417734,13.444768516891346,25.241929580260418,37.039090643629486,39.2991140161031,41.926879602439925,-39.67162570326641,-34.12361679729816,-5.163405393343922,23.796806010610307,29.344814916578557,35.79557425533571,25.241545577666106,7.173205085651676,51.44320079117284,0.01164513425951016,11.183439544380407,13.444056808342458,25.24182624422851,37.03906960599925,39.299180659026156,41.92688931854431,2,-2.7792965620296712,1.0,22.960218952448187,8.420676390483655,4.715169410474118e-08,-13.23765779250951,32.04721122623161,6.455996501633479,9.109438850176511,22.960218952448187,36.81099905471986,39.464441403262896,42.54964157143574,-76.04903760087117,-65.95062941165654,-13.23765779250951,39.47531382663749,49.57372201585215,61.31530391257216,22.960218328270198,8.420681458429552,70.9078392991584,6.178221616287034e-05,6.455675797763766,9.109390783307763,22.96021789375517,36.81124310930441,39.464870844627974,42.54969487621079,2,-0.49796931263376365
185,405,reset,0.5,130.0054030245,123.0523731819,122.4506089346,122.41097722880001,122.63798644843332,0.9976837635040283,104.43666878508321,7.852088996768795,0.002316168276593089,40.06320065652155,17.70421168575873,89.04685714801313,91.52113171960231,104.43666878508321,117.35220585056412,119.8264804221533,122.70335932949578,5.36358337776128,10.942363852884657,40.06320065652155,69.18403746015844,74.76281793528182,81.24935587325538,104.28756187574491,8.474376231912501,62.23847107991199,9.575839493253504,88.73148021672192,91.35049399997017,104.41382890019914,117.34349041689919,119.81884920878822,122.69659570550517,2,18.35042457268841,0.9982078075408936,105.86489647734695,6.795611337023955,0.001792196067981422,52.0669633044976,25.17888487803086,92.5457430038479,94.68711052229054,105.86489647734695,117.04268243240334,119.18404995084597,121.67385246404046,2.717255772676907,10.651383190274942,52.0669633044976,93.48254341872024,101.41667083631827,110.64180861122377,105.76848041510222,7.239575129364295,47.23377912968614,5.177709296405244,92.34802294401848,94.57843567033473,105.85010459066659,117.0374508520573,119.17993633763456,121.67058857577318,2,16.869506033331106,0.9983296990394592,111.97697645940019,7.028675382603409,0.0016703041037544608,47.334472499924345,21.24297383088512,98.20102585047422,100.41583426366044,111.97697645940019,123.53811865513994,125.75292706832616,128.32812049304283,5.699008866862641,12.39288994695773,47.334472499924345,82.27605505289094,88.96993613298605,96.75301950970916,111.86900417172728,7.552577925892824,50.07350896837778,6.967963694600395,98.00100804641681,100.30668688470226,111.96227250825292,123.53264021618982,125.74809464385613,128.32396458017374,2,10.76898227670604,0.9875602126121521,114.14703321182655,9.4431209812037,0.012439779005944729,47.326512636507815,34.648349473622055,95.63885618701276,98.6144814161521,114.14703321182655,129.679585007501,132.65521023664036,136.11501763076024,-20.583004455548775,-9.664950663061575,47.326512636507815,104.31797593607718,115.23602972856438,127.93062677349256,113.31579974603802,12.56383107719128,102.99730222667037,54.85244148194696,93.36458079341415,97.50005374378787,114.00604048208473,129.6326182697851,132.61901650255533,136.09403269447665,2,9.3221867023953,0.9975932240486145,105.15595344048972,6.1981906800115825,0.002406797604635358,52.40076776989421,23.925954903007607,93.00772293835519,94.96083701993585,105.15595344048972,115.35106986104358,117.30418394262425,119.57510115183442,5.506757864269765,13.046074069404774,52.40076776989421,91.75546147038364,99.29477767551865,108.060862092903,105.02898466295377,6.810646132095676,39.70287968870015,6.682259906826572,92.76025434663225,94.82597485195747,105.13772639369783,115.34461815715531,117.29892388318937,119.5709271718822,2,17.60900178547955
186,406,reset,0.9,11.788635425368199,10.2001618561683,10.6363075250068,10.736812697698301,10.524427359624466,0.9749640226364136,12.746648737994398,5.9259598446186175,0.025036007165908813,10.72654815187721,8.269799755387327,1.1319808687113309,2.9993121944046788,12.746648737994398,22.493985281584116,24.361316607277466,26.532492824174312,-5.481961528040102,-2.876061969934037,10.72654815187721,24.329158273688453,26.93505783179452,29.964979231565984,12.696073865124248,6.004133435710077,35.950013876048004,0.09960924160872897,0.8824589690647799,2.818521911605517,12.71048903136468,22.533585155400882,24.424042906074455,26.63276056856951,2,-2.1716465054997816,0.8802289962768555,13.15241026078263,5.452882719868782,0.11977102607488632,5.204318055354008,9.394010431144501,2.4649565179190027,4.183216341665453,13.15241026078263,22.121604179899805,23.839864003646255,25.837712383543412,-13.207604060082804,-10.247454073933994,5.204318055354008,20.656090184642004,23.616240170790817,27.0580542505645,12.200459395979916,6.588029604320577,36.74215279787513,6.659984596612988,-2.826971353838907,0.9428560079418988,12.62132643609865,22.027044673770902,23.823900343209107,25.94138862755927,2,-1.6760320363554495,0.4720868170261383,14.258105690027811,7.718214397958547,0.5279132723808289,11.720805493291017,9.000140151281295,-0.8693165549294388,1.562772743956618,14.258105690027811,26.953438636099,29.38552793498506,32.21335734611009,-5.919145059033198,-3.0831076776155992,11.720805493291017,26.52471866419763,29.36075604561523,32.658262400293864,12.918632514929957,8.514068019810203,70.88491202344008,1.604457143738827,-4.0838459510160225,-1.2479513335811472,13.015470204792155,26.748105323743925,29.373443471108704,32.43809270606839,2,-2.3942051553054906,0.7277589440345764,13.5248757639119,7.161531059554764,0.2722410261631012,9.42655221387362,9.16242857633,-0.511467186980413,1.7452054260776233,13.5248757639119,25.304546101746176,27.561218714804212,30.185088319184576,-8.531477806653786,-5.644301661586601,9.42655221387362,24.497406089333836,27.384582234401023,30.741548453469964,12.409143552028368,7.9691526697860455,60.17961724390808,3.32777244128443,-3.9477557755002297,-1.0184151060954114,12.609984429364044,25.132610981052746,27.521883404673904,30.318507847768863,2,-1.8847161924039018,0.9954421520233154,11.7817169252368,7.0459080418383575,0.004557822365313768,10.849795213628454,13.393059568063995,-2.0280090751475193,0.19222952745242772,11.7817169252368,23.371204323021168,25.591442925621116,28.172950119054725,-15.400119182576557,-11.179827392878735,10.849795213628454,32.87941782013563,37.099709609833454,42.006710866696466,11.777469089870989,7.0880212685225885,50.23610162324763,0.003940327258938714,-2.1071056795773284,0.14122055004224002,11.779479572485775,23.410302219254202,25.652507424600017,28.279702350066955,2,-1.2530417302465224
187,407,reset,0.4,10.736812697698301,10.741803144856199,10.4187243647287,10.5912692566486,10.583932255411165,0.9999916553497314,13.675937841437879,7.6082632212448855,8.361183972738218e-06,-1.0020017464371591,12.506670379126836,-1.2359840571027974,1.161458487171732,13.675937841437879,26.190417195704022,28.58785973997855,31.37540481132404,-25.51462525603967,-21.573643880630488,-1.0020017464371591,19.569640387756163,23.510621763165343,28.092864301374114,13.675815342598554,7.60843560003503,57.88649403775664,0.0018013343881447693,-1.2365575236658617,1.1610922540879165,13.675877105499044,26.190402478845414,28.587848871911532,31.37541269061952,2,-3.091883087187389,0.9998063445091248,12.50382839760723,6.491300984310505,0.00019366394553799182,-14.458324830790957,15.825849806141004,-0.21888774445076642,1.82658842993043,12.50382839760723,23.181068365284027,25.22654453966522,27.60485264221719,-45.47642047556753,-40.48953128401125,-14.458324830790957,11.572881622429328,16.559770813985608,22.35810722061482,12.498606906348469,6.505235577097977,42.17733300164152,0.14075823264630166,-0.23608458730884926,1.8167449594271958,12.502391822731107,23.18064220505911,25.226253622133825,27.60469384451239,2,-1.9146746509373038,0.9995914101600647,15.423525719669037,9.11401259246184,0.0004086151602678001,2.3010907183892186,13.359325229934957,-2.439610716200704,0.43230905087678373,15.423525719669037,30.414742388461285,33.28666215553878,36.62588953812409,-23.88270559004058,-19.673043839693612,2.3010907183892186,24.275225276472042,28.48488702681901,33.37952856566857,15.418164084316684,9.120007685490558,83.10421211777086,0.07033408477992416,-2.4611199301344984,0.417999489213168,15.420378612757883,30.413590388569673,33.28574121630835,36.6252210616086,2,-4.834231828905519,0.9992664456367493,14.21214833560871,7.5587878553513645,0.0007335550035350025,-2.9757943233591817,12.23027214658764,-0.602803627658723,1.7790487163772735,14.21214833560871,26.645247954840144,29.027100298876142,31.796518393231082,-26.946687251794337,-23.092801822277437,-2.9757943233591817,17.141213175559063,20.995098605075967,25.476073283795884,14.199540043370567,7.577574711419861,57.20308684508703,0.2165517911612939,-0.6554175449879844,1.7465831775415637,14.206306982459077,26.643027905541196,29.025190619326438,31.794941975147232,2,-3.6156077879594015,0.9999959468841553,11.79496628108295,8.543648323102916,4.075458036822965e-06,-8.457893329434711,22.089438276223593,-4.950276728774796,-2.2580846505707513,11.79496628108295,25.848017212736643,28.54020929094069,31.67046439408601,-51.752396789553494,-44.79178599540178,-8.457893329434711,27.875999336532338,34.836610130684065,42.92982444321442,11.794884004928884,8.543845033583658,72.9956194083942,0.0016716577278401532,-4.9506980434002115,-2.2584326025147248,11.794938211685292,25.848031038915522,28.54034332226986,31.670740025195165,2,-1.2109517495177187
188,409,reset,0.4,10.372712298302599,10.4427572429659,10.463235694951901,10.3687113765501,10.424901438155969,0.9999918937683105,13.30422759474935,7.604023670135118,8.094817530945875e-06,-1.0653947352596589,12.539758703264598,-1.5993849363055652,0.7967216815027509,13.30422759474935,25.811733507995942,28.20784012580426,30.993831893924412,-25.642870168480968,-21.69146231942073,-1.0653947352596589,19.560672848901405,23.512080697961643,28.106446265065067,13.304111123422038,7.604186584492814,57.82198013814746,0.0016714533341080653,-1.5999420951883263,0.7963530129621791,13.304169952220677,25.81172963275387,28.20783486905023,30.993875613876003,2,-2.879209685266069,0.9998130202293396,12.170576887819017,6.476549881952278,0.00018702777742873877,-14.58038506099247,15.876805339791156,-0.5232276248845888,1.51760032435768,12.170576887819017,22.82355345128035,24.864381400522618,27.237284936818156,-45.69835171653636,-40.69540590855046,-14.58038506099247,11.534635786565513,16.537581594551412,22.354587287790956,12.165574299131716,6.48990042852269,41.98500001953052,0.13381465766774805,-0.5396551028912927,1.5081938492063134,12.169197716548645,22.82319288837027,24.864125468938983,27.237175624717324,2,-1.7406728609757476,0.9995962977409363,15.11174507155333,9.104556377222096,0.0004036910249851644,2.2098125828367756,13.36417775256672,-2.7328575230164525,0.13608249269540273,15.11174507155333,30.08740765041125,32.95634766612311,36.29211044378893,-23.983494495185443,-19.772303664696775,2.2098125828367756,24.19192883037032,28.403119660858987,33.299539085824264,15.106536507436138,9.110365320073756,82.93158247658737,0.06717122491483206,-2.7537481581861876,0.12217340290661671,15.108678132926432,30.086342419089785,32.955513100358495,36.29153276651519,2,-4.681635069280169,0.9992917776107788,13.86016107140125,7.52976780095199,0.0007082414231263101,-3.0754126478929606,12.250852884597837,-0.8979126304140141,1.4747951939029544,13.86016107140125,26.245526948899542,28.618234773216514,31.37702038716709,-27.086643081603356,-23.226272448372626,-3.0754126478929606,17.075447152586698,20.93581778581743,25.42433291537832,13.848166860381829,7.54761749423986,56.76354404419558,0.20298944532485988,-0.9479191733065849,1.4439412314974926,13.854589288430455,26.243373650791895,28.616464466442174,31.375568209990362,2,-3.4232654222258603,0.9999960660934448,11.446911745056205,8.538537529741864,3.926400495402049e-06,-8.612737083853261,22.128845129691484,-5.288314293881452,-2.59773267960097,11.446911745056205,25.491556169713377,28.18213778399386,31.310520374789125,-51.98447655751316,-45.011448255673734,-8.612737083853261,27.785974087967197,34.75900238980663,42.866654738583534,11.446832896919902,8.538725897999926,72.90825904148338,0.0015799361724022295,-5.288665012770186,-2.597958053638664,11.446885125823702,25.491599063544047,28.182202144090134,31.31074347856765,2,-1.0219314587639339
189,410,reset,0.6,10.3687113765501,10.4882423656608,10.4527329506518,10.4262262128256,10.455733843046067,0.9997649788856506,13.38696593783255,6.9180357087236795,0.00023498295922763646,4.190057207638276,10.175147891703288,-0.17213489502789336,2.0078098109586016,13.38696593783255,24.766122064706494,26.946066770692987,29.480723601360502,-15.752866197468837,-12.546571706797511,4.190057207638276,20.926686122074056,24.13298061274538,27.860990873553362,13.384804310222068,6.920417367447376,47.872298780256045,0.01987092380727397,-0.18079042185587646,2.002006844627382,13.385674501035094,24.765684154513227,26.94575191214097,29.48057942190862,2,-2.9290704671760004,0.9967207312583923,12.464997427175405,6.083142870995134,0.0032792871352285147,-6.524744338402286,12.330518952373883,0.5422564872133542,2.4591178125550623,12.464997427175405,22.470877041795745,24.38773836713745,26.61650391260163,-30.692117395743658,-26.806643159408342,-6.524744338402286,13.757154482603763,17.642628718939083,22.16033221227299,12.40272484057867,6.209712667607969,37.381867454775666,1.178666788921483,0.2982444789480173,2.3180036676143647,12.443023263099821,22.463045588349807,24.381270755725282,26.611791216855252,2,-1.9469909975326036,0.9857301712036133,14.929728269334689,8.617310102175068,0.014269882813096046,5.931964478497292,10.856179482722363,-1.9598891745416225,0.7555144932064604,14.929728269334689,29.10394204546291,31.819345713210996,34.97658930548032,-15.345756317341216,-11.92486171849475,5.931964478497292,23.788790675489327,27.209685274335797,31.187214538334256,14.801332040914312,8.718885988154918,74.88018431481694,1.13880039357709,-2.400609675675487,0.4358243168196587,14.837795707504695,29.0636633310201,31.784526466914873,34.94754849787793,2,-4.345598197868245,0.9893864393234253,13.704880347184854,7.451664169937728,0.010613549500703812,2.3766864934185605,10.536749840135823,-0.9001130507806518,1.447983510438446,13.704880347184854,25.961777183931257,28.30987374515036,31.040043446985795,-18.274963707355827,-14.954724697409198,2.3766864934185605,19.70809768424631,23.028336694192944,26.8888320833187,13.584647847800364,7.580492546918479,56.116305683221746,1.347559508239941,-1.3893261746292744,1.1244730722710181,13.63328394129541,25.93299100806006,28.285325432976716,31.020002744352517,2,-3.1289140047542965,0.9999215602874756,11.677308116993188,8.042601759609665,7.84543517511338e-05,-0.02619424093288103,17.717040255873606,-4.085901673840224,-1.5515945574270678,11.677308116993188,24.90621079141344,27.440517907826596,30.38719762221826,-34.75095505509146,-29.168132164651833,-0.02619424093288103,29.115743682786057,34.69856657322569,41.18980469261467,11.67639009724924,8.044484994903328,64.70299562526928,0.010745203839635084,-4.090148649440469,-1.554258186456312,11.676919539434973,24.906499106489314,27.441018849054796,30.38805921318258,2,-1.2206562542031723
190,413,reset,1.0,115.6794868457,22.765819398754697,23.1074480157519,22.340198327344698,22.73782191395043,0.06347113847732544,72.09643222090226,9.610648997810047,0.9365288615226746,23.314353302822887,9.956284690218093,53.2599063171386,56.28832135949686,72.09643222090226,87.90454308230764,90.93295812466592,94.4541450851104,3.800393890167893,6.9377223191562365,23.314353302822887,39.69098428648953,42.82831271547788,46.47613502525712,26.41060738904412,15.49687934373535,98.698347576263,141.45492181802828,4.081160288224172,7.256322565244093,24.16106725709806,64.42953704158259,74.68387095429065,81.75101749391422,2,-3.67278547509369,0.04005192220211029,72.9770396520511,9.013499423913014,0.9599480628967285,26.93650654838484,10.685291249290822,55.310905406509065,58.15115243310277,72.9770396520511,87.80292687099943,90.64317389759313,93.94557487453949,5.993720535453825,9.360766481955999,26.93650654838484,44.51224661481368,47.87929256131585,51.794211129679745,28.78051799701134,13.94113939350176,112.85644637577899,81.49890887036459,6.181121244401216,9.573375849321714,27.495518297695707,51.513139702752405,70.13924576750475,79.06614389157421,2,-6.04269608306091,0.04627557471394539,74.54218050162685,12.017260159509865,0.9537243843078613,22.102625263986504,10.34747313538056,50.98878339613944,54.775546542237606,74.54218050162685,94.30881446101607,98.09557760711425,102.49850812549832,1.821950587644853,5.082546547472862,22.102625263986504,39.122703980500134,42.38329994032815,46.17444739417378,24.529294914626345,15.171128694748948,108.798326762973,121.36479445364388,2.03245962273117,5.321344478055034,22.732255984667002,48.9665681322412,73.32817774853262,83.98112516745621,2,-1.7914730006759143,0.03899113088846207,86.56647600974944,23.519934435153974,0.9610088467597961,21.812498896964613,11.84976181369226,40.46825159810422,47.879626548425584,86.56647600974944,125.25332547107328,132.66470042139466,141.28202548054986,-1.4126074832502518,2.321375199201835,21.812498896964613,41.30362259472738,45.037605277179466,49.379167100137934,24.337329206570338,17.70958263656045,156.51123896633703,157.11806495576462,-1.21127069753715,2.5498710965386953,22.411485948913363,48.01555869274348,78.06349624711794,101.9549365175814,2,-1.5995072926199079,0.04205534607172012,71.10190986539808,7.908324582143059,0.9579446315765381,23.07795264218202,11.750194738702682,55.60187850634492,58.093873493350586,71.10190986539808,84.10994623744558,86.60194122445125,89.49942394429151,0.04799414299272797,3.7506022088407995,23.07795264218202,42.405303075523236,46.107911141371304,50.41299319212888,25.097616267105415,15.093179195081367,134.8908231673975,92.91322096829323,0.26469845417929977,3.9963839966372903,23.72480544431135,51.09976136006452,69.23157087156605,76.7456287352629,2,-2.359794353154985
191,415,reset,1.4,115.0447201836,14.911480975485201,14.5688897966926,14.3778537343815,14.619408168853099,0.0005230644601397216,51.37816133850829,10.108391988711164,0.999476969242096,13.382887553052548,10.04063132491841,31.566077099021193,34.75133611322953,51.37816133850829,68.00498656378706,71.19024557799538,74.89379755141798,-6.296388225832224,-3.1324812986220714,13.382887553052548,29.89825640472716,33.06216333193731,36.74088888980436,13.40276198145623,10.078179951197887,100.81499494636223,0.7547222364332064,-6.294173233906725,-3.129954281872569,13.3894717428994,29.9459960736189,33.147366191530175,36.924941295009226,2,1.2166461873968686,0.0009283560793846846,56.84500146713641,8.717635805285925,0.9990715980529785,20.954338766172377,9.482360599316854,39.75874925843917,42.50576659436984,56.84500146713641,71.18423633990298,73.93125367583366,77.12525498942564,2.3692535030896984,5.3572435423243085,20.954338766172377,36.55143399002044,39.53942402925505,43.013608187281775,20.987657119957962,9.544474835318173,89.90223756204215,1.1947421161227307,2.3729743683658375,5.361485729023513,20.965382074222937,36.63233203009631,39.684935224895725,43.333212400243355,2,-6.368248951104864,0.0008818775531835854,54.69112068926407,13.677642892279726,0.9991181492805481,11.284143192698743,9.232498841291985,27.88343322699554,32.19340016975073,54.69112068926407,77.1888412087774,81.49880815153259,86.51007615360882,-6.811222023541333,-3.9019660122256496,11.284143192698743,26.470252397623128,29.379508408938815,32.762147244222874,11.32242313460018,9.32678836613966,85.3288465642592,1.660138102509971,-6.8078173429279545,-3.8980219427544673,11.294340929116851,26.544257823449417,29.51282674531378,33.058372472655655,2,3.296985034252918,0.0020950620528310537,72.203719095654,32.45078520268613,0.997904896736145,8.75048980563296,9.339942162020721,8.601348828343852,18.82692735759253,72.203719095654,125.58051083371544,135.80608936296412,147.69553426287882,-9.555460449614824,-6.612347935083804,8.75048980563296,24.113327546349716,27.05644006088074,30.478444397914277,8.883427897831425,9.883100290624771,89.25796660739464,8.417701494972832,-9.549390048843621,-6.604361315232867,8.773822948333352,24.283543961439115,27.36560170684986,31.191317374154877,2,5.735980271021674,0.0004961839877068996,51.946374475683314,7.299120575982908,0.9995038509368896,6.484504695854724,9.333844140597844,37.64036102794155,39.9403895227217,51.946374475683314,63.95235942864492,66.25238792342506,68.92666810998891,-11.809493657027264,-8.868302692207392,6.484504695854724,21.837312083916835,24.77850304873671,28.198273168963077,6.507062374159402,9.387696762715356,87.10385688815279,1.024995099315984,-11.80754513520477,-8.866093399976021,6.490311642525167,21.88016105188803,24.85645603920007,28.374098787080786,2,8.112345794693697
192,416,reset,1.3,14.3778537343815,15.6066914001512,15.6442399707515,15.454142382413702,15.568357917772133,0.15803375840187073,7.327516540321241,4.97458555930843,0.8419662117958069,14.158746310559444,7.748309344113762,-2.4224919939363243,-0.8549485594876511,7.327516540321241,15.50998164013013,17.077525074578805,18.900133080452676,-1.0276609449787024,1.4139115831519344,14.158746310559444,26.903581037966948,29.345153566097586,32.18400928064928,13.07918097349843,7.789006189477905,54.4593167753156,6.20929554627593,-1.407562332579883,0.7585876272714461,12.820609281992976,26.24668718363125,28.76707844863356,31.67839451237474,2,2.4891769442737033,0.1235056221485138,11.206028097970652,4.740251401669926,0.8764944076538086,16.150222677572536,8.086474066783438,1.9153060730320846,3.4090083872720705,11.206028097970652,19.00304780866923,20.49675012290922,22.2335018686646,0.3010247447598502,2.8491564795747717,16.150222677572536,29.451288875570295,31.99942061038522,34.96217443132058,15.539587331309638,7.920624293972726,60.090070156890064,2.6462262460092045,0.5426041385441195,2.9499455106251324,15.277886235807529,28.9283416590228,31.53866154476359,34.55882373793813,2,0.028770586462494308,0.014368439093232155,9.304605272138218,6.87086320063831,0.9856315851211548,15.58845214757148,8.558685343970852,-4.162039143814477,-1.9969589837191126,9.304605272138218,20.606169527995544,22.77124968809091,25.2886232717686,-1.1862628816221985,1.5106675176046096,15.58845214757148,29.666236777538344,32.36316717676516,35.49893160210257,15.498163453935433,8.569487363332694,72.87690890528648,0.5592105811601941,-1.265938436212296,1.418458686314572,15.48962567943223,29.60798673681987,32.311005796183125,35.45277038535138,2,0.07019446383669958,0.06716585159301758,10.534335387708566,6.848674845347105,0.9328341484069824,13.090786729907009,8.64169881618604,-2.8888206509971877,-0.730732271471938,10.534335387708566,21.799403046889065,23.957491426414315,26.46673555417879,-3.8466317150600524,-1.1235429109188466,13.090786729907009,27.30511637073286,30.028205174874067,33.19438439904265,12.919080498452137,8.55703971040801,72.81345300955338,0.40947559594620825,-3.7761912579949777,-1.092223448918318,12.88161309244124,27.057172100546776,29.79453309309704,32.97951227145642,2,2.6492774193199953,0.680030345916748,7.673472542380495,5.762518304825566,0.31996971368789673,16.358722007416887,10.29764981205541,-3.620855795330421,-1.8050265916860901,7.673472542380495,17.151971676447076,18.96780088009141,21.079094749932878,-3.8243007496173753,-0.5794046350186051,16.358722007416887,33.29684864985237,36.541744764451145,40.31463775530905,10.452489784390753,8.539620530869076,56.5116051101985,16.413520213120393,-3.6640530323235176,-1.571682230690597,9.400703380195985,26.799935381654652,30.962176287997153,35.54025504894661,2,5.11586813338138
193,418,reset,1.0,119.04846939379999,18.9871819433419,18.1834381608543,18.1444274652924,18.438349189829534,0.06329324096441269,73.58081862422397,9.701803055518655,0.9367067813873291,24.09545030321521,10.290350798024532,54.56563405030675,57.622772680385225,73.58081862422397,89.5388645680627,92.59600319814118,96.15058753679273,3.926733350804117,7.169329470481575,24.09545030321521,41.02157113594883,44.26416725562629,48.03438600533405,27.227540183144814,15.821794682877876,105.14659230908971,145.18261124826958,4.216074638456768,7.497676645315246,24.96794824656225,65.77067923141647,76.16491541664722,83.30916214176652,2,-8.78919099331528,0.04431845620274544,74.78631040273538,8.998121188974528,0.9556815028190613,28.117749200459592,11.10919645939565,57.150316943818574,59.98571812930173,74.78631040273538,89.58690267616903,92.42230386165218,95.71907050106812,6.344124242864229,9.844747111706198,28.117749200459592,46.39075128921298,49.89137415805495,53.9616047660767,30.186026633933235,14.621178304000875,121.5330083819757,92.24580927623595,6.560281235130078,10.090007653094316,28.7637902856087,55.58628153776315,73.34582136323168,81.5649875204289,2,-11.7476774441037,0.0482693649828434,76.60321463816,11.995469662522265,0.9517306089401245,22.805342829896468,10.549976268554305,53.09252612197352,56.872422856773895,76.60321463816,96.3340064195461,100.11390315434647,104.50884998569006,2.1277693057777576,5.452176100312954,22.805342829896468,40.158509559479974,43.482916354015174,47.3482576934291,25.402131344814105,15.679078144255902,112.87506085058222,132.95841377641938,2.3518684599865476,5.706481705313471,23.476399426138617,51.98740682750103,76.06415256642632,86.39487221983525,2,-6.963782154984571,0.043945614248514175,88.79148576027302,23.69434742342101,0.9560544490814209,22.605960524229644,12.411543133071046,42.3514181731884,49.817752462610684,88.79148576027302,127.76521905793534,135.23155334735762,143.91278051553357,-1.7202170091550357,2.190788785733087,22.605960524229644,43.02113226272619,46.93213805761432,51.47952750541567,25.51452551672212,18.867798287236848,171.94878792903856,184.0450655060378,-1.4815680688486306,2.4617221349608385,23.317281802333582,51.92424680372479,84.67994458467611,106.48933644347439,2,-7.076176326892586,0.03983859717845917,72.74242935377646,7.843384666289252,0.9601614475250244,23.606152023392134,11.944365774928395,57.36967789095581,59.841209637855016,72.74242935377646,85.6436490696979,88.1151808165971,90.98887059748299,0.19562528635962195,3.9594186568661236,23.606152023392134,43.252885389918134,47.01667876042464,51.39290195066299,25.5636734380836,15.224597153348535,139.43501022170727,92.35337747383022,0.4039775650586183,4.195783098459738,24.22756329903075,51.08729222000322,70.21455821627296,78.00929162775799,2,-7.125324248254067
194,422,reset,0.9,112.00191209660001,27.256252107249,26.8641864933318,27.0996981635619,27.073378921380897,0.2313603162765503,75.42891225330678,9.271270470146323,0.7686396241188049,24.72074329457147,9.969739044241011,57.25755604089024,60.17902939403851,75.42891225330678,90.67879511257503,93.6002684657233,96.9971126011893,5.180413832596301,8.321981867891932,24.72074329457147,41.119504721251005,44.26107275654663,47.91382452488351,36.4525998291981,23.52766457829338,96.28638375792855,457.2645375485752,6.327422245039137,9.62946282493206,28.57575241347999,82.71048969412526,86.89686844028564,91.32414052679464,2,-9.379220907817203,0.12327442318201065,75.25098732259029,8.865786099498399,0.8767254948616028,27.88731776304501,11.034942613220844,57.87436587293758,60.6680669010544,75.25098732259029,89.83390774412618,92.627608772243,95.87588996685923,6.259227669665844,9.736452382487343,27.88731776304501,46.03818314360267,49.515407856424176,53.558433051474,33.726044522237515,18.944693983317293,116.4484634297535,242.45287347081452,6.886920261581974,10.449845646968805,29.84213868242961,77.36946202064948,82.62444815713064,87.64172023852068,2,-6.6526656008566185,0.15508252382278442,77.31282931378058,11.352595380163317,0.8449175357818604,24.474535089578687,10.84160775376881,55.062151237604674,58.639471627406415,77.31282931378058,95.98618700015474,99.56350738995648,103.72291544126938,3.22537435768162,6.641677253806847,24.474535089578687,42.30739292535052,45.72369582147575,49.695886238743455,32.66883257115474,22.025560791427814,119.29925088493734,365.826140905158,4.017794039870735,7.54296364811528,26.99096470887382,82.54607596688396,88.54646086399524,94.54834017084808,2,-5.595453649773841,0.0922224223613739,87.55400077946292,20.61499428447536,0.9077775478363037,24.41340787007841,12.52232576620563,47.149354440392145,53.645352661059746,87.55400077946292,121.4626488978661,127.95864711853369,135.51164890651626,-0.12989963436256957,3.8160149156671963,24.41340787007841,45.010800824489614,48.95671537451938,53.54469379433772,30.23638556993899,22.700200958557467,181.53986468243448,333.7592316300133,0.3921283921799646,4.4088744706686,26.00761567932578,85.3712601306146,100.11967999340935,113.01158104129073,2,-3.163006648558092,0.16980907320976257,74.14848622348778,7.929655856241244,0.8301909565925598,26.812574361148066,12.612487201163548,58.60664633545781,61.105363027872386,74.14848622348778,87.19160941910317,89.69032611151775,92.5956242665301,2.0925536913951177,6.066879043435172,26.812574361148066,47.55826967886095,51.53259503090101,56.153607147942196,34.85064248310796,21.415384041861202,142.73998787944376,315.87872197788516,3.1120550647923984,7.227008025955806,30.08211341765653,78.43636313434197,82.4629382223452,86.55216040793633,2,-7.7772635617270645
195,427,reset,0.8,124.6172070941,68.42093379522031,67.8890313049901,67.8654878883857,68.05848432953204,0.6213862299919128,86.60962812596007,9.11161667627081,0.37861374020576477,30.958460185542023,12.168061943298225,68.75118759953473,71.62235238860451,86.60962812596007,101.59690386331563,104.46806865238541,107.80641820987773,7.109497015025035,10.94377936513775,30.958460185542023,50.97314100594629,54.807423356059005,59.26560521853111,65.53932870405119,28.91843690464797,107.64665914446574,728.6292058506363,12.63300554097779,17.37031891568284,78.78943115588004,99.38368066775752,102.53673606729562,106.12764341438883,2,2.519155625480849,0.5526281595230103,87.33714777391509,8.304170666802131,0.44737184047698975,36.941536972827805,14.523325107733147,71.06127234550894,73.67800253380157,87.33714777391509,100.9962930140286,103.61302320232123,106.65553755030254,8.476342825904531,13.052792993977548,36.941536972827805,60.83028095167805,65.40673111975107,70.72784346120677,64.7915706178706,27.574747392515008,132.4716114182652,627.8950823427474,13.844869880922495,19.26370875700865,76.58974385350788,98.44719468207721,101.39558205270988,104.73284378321368,2,3.266913711661431,0.5504645705223083,91.08221361051882,10.127642261580663,0.44953539967536926,31.953286666630824,13.080173008731485,71.23239952951494,74.42372450409084,91.08221361051882,107.74070271694679,110.9320276915227,114.64263265479318,6.316618657964188,10.438316652066082,31.953286666630824,53.468256681195555,57.58995467529745,62.3823193375797,64.50166508996092,31.59946111615532,133.3721041486397,865.1537146912585,11.1204025083811,15.994986174501127,77.61937058377285,104.60918792466727,108.2083316635894,112.28129222536012,2,3.5568192395711122,0.38794398307800293,99.78135709672041,17.445664478665336,0.6120559573173523,32.477615358582135,17.729283502246908,65.58848303216661,71.08579260440926,99.78135709672041,128.47692158903155,133.97423116127422,140.36604156789332,-2.2711417775219687,3.3155390866603973,32.477615358582135,61.63969163050386,67.22637249468623,73.72209634230158,58.587695068712,37.22938661222798,310.4572352608699,1075.5697876678528,1.611723515984427,7.766802062136764,48.430663378582864,119.52435892557838,126.27293000588996,133.74537986243521,2,9.470789260820034,0.5112995505332947,86.06086553947857,7.355103959652852,0.4887005090713501,35.169130828485,15.127171513516789,71.64512667601103,73.96279611483844,86.06086553947857,98.1589349641187,100.47660440294611,103.17139599936635,5.520419474031829,10.287147898959912,35.169130828485,60.05111375801008,64.81784218293816,70.36019411920594,61.19005400831924,28.04730526525424,139.49003677446078,647.1615190409627,10.455128052271307,15.980500312434861,72.12450069818478,95.58158009295433,98.23958737493437,101.23519305392941,2,6.868430321212799
196,431,reset,0.4,117.60118052760001,121.22622753670001,121.84304666099999,122.8244564618,121.96457688649998,0.999589741230011,101.44538394181686,7.584179307154642,0.0004102117964066565,35.99473670933686,17.08746927624943,86.58066564749981,88.97051910099324,101.44538394181686,113.92024878264047,116.3101022361339,119.0888233493606,2.5039123409532706,7.88835089487613,35.99473670933686,64.10112252379759,69.48556107772045,75.7461345328779,101.41853054898654,7.705386066271968,57.61595206984245,1.756539203418521,86.528337196292,88.94167024230838,101.44148396790109,113.91885300998568,116.30891975563698,119.08771532970367,2,20.546046337513445,0.9994459748268127,101.69989996765779,6.794627480642668,0.0005540483398362994,46.73244410428734,24.46387011885897,88.38267481723203,90.52373231233855,101.69989996765779,112.87606762297702,115.01712511808354,117.50656716215033,-1.2158602511418692,6.492958610012401,46.73244410428734,86.97192959856227,94.68074845971654,103.64391634610615,101.66944769603754,6.938718812918133,46.47297231314546,1.6730859177538837,88.32186835320407,90.49002011654157,101.69529526668624,112.87464105858673,115.01582963271302,117.50553663109808,2,20.295129190462447,0.9997105002403259,106.9578037966437,6.861072514689094,0.0002894960343837738,45.189773482495866,22.19669008549771,93.51034877253541,95.67234378608029,106.9578037966437,118.24326380720711,120.40525882075198,122.91904525483072,1.6850603389230514,8.67946728904716,45.189773482495866,81.70007967594455,88.69448662606868,96.82699627363687,106.9399217983672,6.950363644052939,47.203320732999345,1.1041914486058557,93.47733757469204,95.65401316334926,106.95532690840103,118.24243869694362,120.40461803938626,122.91856013823876,2,15.02465508813279,0.9949634075164795,107.79730100131636,8.469501022033144,0.005036629736423492,44.21020587885447,32.477235362178654,91.19738403110621,93.86621152675593,107.79730100131636,121.72839047587678,124.3972179715265,127.50030669810988,-19.444005748446365,-9.21009249998172,44.21020587885447,97.63050425769063,107.86441750615529,119.76355331838279,107.47704036293217,9.846082966316944,76.68365051686129,20.2621295827224,90.48163277510734,93.48395116725062,107.74627531103363,121.71146065494229,124.38426836282412,127.492872566131,2,14.487536523567812,0.9996378421783447,101.6154946657161,6.36504031449348,0.00036218378227204084,49.510921958652695,25.332026608113303,89.14024488916337,91.14593501872915,101.6154946657161,112.08505431270304,114.09074444226881,116.42279266952225,-0.13893784865973657,7.843446114266314,49.510921958652695,91.17839780303906,99.16078176596511,108.44202820358308,101.59662587250031,6.458649017328883,40.731483362253336,0.9829317290175915,89.10352173617134,91.1256998996332,101.61271858780928,112.08435265578308,114.09002219491381,116.42272458478178,2,20.367951013999672
197,433,reset,0.7,108.4619990913,77.25133567559381,77.8801642336903,77.8147138286084,77.64873791263084,0.8888572454452515,83.07891485661645,8.65720787232944,0.11114273220300674,27.579561552820678,10.927362402262224,66.11109922017411,68.83907508854253,83.07891485661645,97.31875462469037,100.04673049305879,103.21859198553967,6.162324798369628,9.605649872446499,27.579561552820678,45.55347323319485,48.996798307271725,53.00040784619722,76.91056323797417,19.600501721999542,79.88865244614638,304.29088309216223,19.32252186174356,26.202876111281455,81.71660437746614,96.81829743867708,99.60626772933615,102.83307658189854,2,0.738174674656662,0.737907886505127,81.79518862588586,8.340557168843164,0.2620920240879059,31.422662372777047,13.020778833028263,65.44799696395589,68.07619291591807,81.79518862588586,95.51418433585364,98.14238028781581,101.19822606394024,5.902404809380172,10.005387083537542,31.422662372777047,52.83993766201654,56.94291993617392,61.71352352934832,68.59294394872765,24.217744033281573,95.76774418117189,490.7309612213113,14.387584194291794,20.028795526975003,77.95186465796924,94.2451462987799,97.0301365588625,100.22810827240912,2,9.055793963903184,0.8252654671669006,84.87603946532694,9.861789297095314,0.17473456263542175,30.12515068899461,12.880991655224785,65.54728761989755,68.65483957176849,84.87603946532694,101.09723935888537,104.20479131075633,107.81799203086334,4.878870959593048,8.937804846166465,30.12515068899461,51.312496531822745,55.37143041839616,60.09081824166459,75.30916939059698,23.27063836826896,109.25304989601418,432.2697291937438,16.386150582689,22.85160907730132,82.22769526954033,100.16057717585402,103.381743655676,107.0985719021142,2,2.339568522033858,0.5188924670219421,91.64850758713104,15.438209043241699,0.4811074733734131,30.039763553679947,15.502879224652382,61.39017387657673,66.2549134487199,91.64850758713104,117.04210172554215,121.90684129768533,127.56315237387444,-0.34532138331296736,4.539796432819838,30.039763553679947,55.539730674540046,60.42484849067286,66.10485367946194,62.008074944811305,34.45077224719327,239.3009638529329,947.5545153951091,4.830403598752957,10.514010440953097,65.69312920419488,111.75808282692114,117.31867719272073,123.59063849362174,2,15.64066296781953,0.8612353205680847,81.71574036867263,7.685504376377265,0.1387646496295929,34.03972574168941,15.383069928378726,66.65242858794821,69.07421062023707,81.71574036867263,94.35727011710819,96.77905214939703,99.59489713558946,3.889462710405951,8.736827376347527,34.03972574168941,59.342624107031284,64.18998877297287,69.82609776579486,75.09999246790512,18.85078590921773,83.70767309866164,271.6442882111384,19.968020435822545,28.538779178027774,80.15734623130508,93.79263069262556,96.28239469105154,99.16045427737161,2,2.5487454447257107
198,434,reset,0.5,77.8147138286084,70.6537521028323,70.6582950718665,71.15199346540089,70.82134688003323,0.9974748492240906,71.24522382104539,8.052949447183929,0.0025251037441194057,18.442177819534542,10.312278859578123,55.46173293524314,57.99930071518804,71.24522382104539,84.49114692690273,87.02871470684762,89.97918564726008,-1.769517343772364,1.4799885352224678,18.442177819534542,35.40436710384661,38.65387298284145,42.43212582103041,71.11188730109565,8.483962735489355,64.95476613226275,7.022619729824022,55.10664769220016,57.80776242067659,71.21967406061154,84.4813379446271,87.02008187226342,89.97157857448764,2,-0.29054042106241695,0.9763058423995972,67.76138230588303,8.070403288662238,0.023694179952144623,17.85655197538378,12.472196968623646,51.94368251939143,54.48675018556585,67.76138230588303,81.03601442620021,83.57908209237463,86.53594783911464,-6.58850489120821,-2.65838644450999,17.85655197538378,38.37149039527754,42.301608841975764,46.87122087796001,66.57892979013586,11.175232043404105,67.27394004895247,57.61197025474393,44.20652523228748,52.212989866433084,67.51588293698245,80.9419905674999,83.4962057711271,86.4633154856812,2,4.242417089897373,0.992877185344696,69.82433223129846,9.3943819903399,0.0071228318847715855,24.034409398736727,13.590012915070508,51.41168187322054,54.37194894152027,69.82433223129846,85.27671552107662,88.23698258937637,91.67893280245325,-2.6015264642356684,1.6808273650656425,24.034409398736727,46.3879914324078,50.670345261709116,55.649507051898574,69.49817951198153,10.186726720619406,88.94129794200872,14.828186556849246,50.167331819022486,53.72480114474421,69.7399289521138,85.24416067890165,88.20830021419684,91.65377883625717,2,1.323167368051699,0.9094166159629822,73.37998582158926,11.871645369062737,0.0905834212899208,21.924276850194317,13.466129280033494,50.11198846099457,53.852866878404754,73.37998582158926,92.90710476477375,96.64798318218394,100.99756278727514,-4.468851549831623,-0.22553473706620153,21.924276850194317,44.074088437454826,48.317405250220254,53.25117807235935,68.71895439167932,19.044868157453557,144.59560029401243,218.1115787599614,13.914498365307203,23.678904832224195,71.89439172548151,92.35533173567991,96.16208276377647,100.57205042957219,2,2.102392488353914,0.9976431727409363,68.71775949077703,8.161095426136997,0.002356808865442872,25.310884493300094,17.519462473631265,52.72230638115394,55.29395207919851,68.71775949077703,82.14156690235554,84.71321260040011,87.70330648521526,-9.026630983518196,-3.506066898692513,25.310884493300094,54.12783588529269,59.648399970118376,66.06724877317048,68.6154565189934,8.461684412529772,67.1698846950449,4.430131803551025,52.4091014985968,55.121698882795215,68.69391697884058,82.13245459064055,84.70517287572848,87.69629341506072,2,2.2058903610398346
199,435,reset,0.2,71.15199346540089,71.41510458027909,71.17853141606841,71.1790380580081,71.25755801811853,0.9999943971633911,72.80107703940834,7.567636493757977,5.564221737586195e-06,15.163582636832494,15.373387810542866,57.96878206355173,60.3534227052002,72.80107703940834,85.24873137361647,87.63337201526495,90.40603210817609,-14.967703792198606,-10.123390061870502,15.163582636832494,40.45055533553548,45.29486906586359,50.927430686694265,72.80075352040487,7.568936889297049,57.27011628614698,0.018484691138818152,57.96803489318203,60.35297710538525,72.80102466845169,85.24879340884411,87.63336658979418,90.40609524211597,2,-1.5431955022863377,0.999954104423523,70.48113694897243,7.046529105393645,4.595033169607632e-05,16.106719906585845,21.179692781856513,56.67019368638764,58.89062799254658,70.48113694897243,82.07164590539828,84.29208021155722,86.87381495267185,-25.404715149475877,-18.73077458336877,16.106719906585845,50.944214396540445,57.61815496264756,65.37805318249588,70.47864228568365,7.057441703968056,49.67190592542286,0.13584946174435952,56.66471456519803,58.88751324305996,70.48073473168597,82.07167537318853,84.29217527089217,86.8739391475685,2,0.7789157324348821,0.9999916553497314,72.58409523566391,7.6820308710859635,8.371684089070186e-06,26.504394667848032,21.612303671113096,57.52759140021056,59.94827889500498,72.58409523566391,85.21991157632283,87.64059907111725,90.45517142093085,-15.85494215047644,-9.044681412358976,26.504394667848032,62.05347074805503,68.8637314861725,76.78213136626704,72.58371143319323,7.6834009103004295,59.017016200380475,0.017775772874118204,57.5264992483011,59.94753480605844,72.5840171927278,85.21999221447676,87.64079796937673,90.45530318549783,2,-1.3261534150746996,0.9995400905609131,72.72047566745077,7.695742821502064,0.00045991205843165517,21.55674748737418,21.45168625093953,57.637096903024066,60.062105175417344,72.72047566745077,85.3788461594842,87.80385443187747,90.62345061941716,-20.487784972120366,-13.728136446708746,21.55674748737418,56.841631421457095,63.601279946868715,71.46083219183849,72.69694504238642,7.78538479172224,59.40885964692375,1.2033705510872692,57.58025165492867,60.0304464564587,72.71611332660281,85.37722599222441,87.80250216457735,90.62247203654496,2,-1.4393870242678872,0.9999961853027344,70.79511390979127,7.370604923762959,3.840599674731493e-06,22.554759532236247,27.47222915237494,56.348993714942274,58.671547668113384,70.79511390979127,82.91868015146915,85.24123410464026,87.94170500458219,-31.289820181449983,-22.63303622948966,22.554759532236247,67.74255529396214,76.39933924592246,86.46472141602649,70.79493047166594,7.37138494602054,54.32850829600043,0.00893754727523502,56.34823601885238,58.67127502458538,70.79508075870261,82.91881897493288,85.2416072208043,87.94210378310117,2,0.46262754645259463
200,436,reset,0.5,71.1790380580081,70.61398863114779,70.6582950718665,70.6423223804767,70.63820202783033,0.9978830218315125,66.38818819488141,8.02671372657368,0.002116909483447671,16.115761405119287,9.978488555239776,50.656118376583706,53.18541900922552,66.38818819488141,79.59095738053729,82.12025801317911,85.06111660823052,-3.441716783295796,-0.297391686460621,16.115761405119287,32.52891449669919,35.67323959353436,39.329197041742205,66.28176145797889,8.357128612393327,64.50252146914308,5.338775422885436,50.36174584335316,53.025973972078965,66.36684754151592,79.58274905610229,82.1130227912001,85.05479187089479,2,4.3564405698514435,0.9755957126617432,62.6597342911254,8.074855255645964,0.024404270574450493,14.122839261491059,11.952139521579166,46.833308809685334,49.37777933676797,62.6597342911254,75.94168924548282,78.48615977256546,81.4446566482849,-9.302923739001905,-5.536680780408474,14.122839261491059,33.782359303390585,37.548602261984016,41.92767362775626,61.47522572156285,11.098991345468116,67.09828650073153,56.08925903221051,38.09079647922531,47.0104271554797,62.40654838580064,75.84479242817228,78.40072874544522,81.36974329536959,2,9.162976306267481,0.9924863576889038,64.47561758168281,9.558127655717573,0.007513580843806267,21.48353616482204,13.11596002597268,45.74203161684011,48.753896640310586,64.47561758168281,80.19733852305504,83.20920354652552,86.71114753337235,-4.2232731087514495,-0.09029825484965315,21.48353616482204,43.057370584493725,47.190345438395525,51.99582188724823,64.15258913917225,10.283351916264206,91.9639237657366,13.78314989600483,44.416197859051735,48.062232865326564,64.38502486413097,80.16241301720609,83.17840113466424,86.68416284975662,2,6.485612888658082,0.9106304049491882,67.91194908353783,11.805507832281469,0.08936958014965057,19.095431483264818,12.50953226156836,44.773578913060625,48.49361670760564,67.91194908353783,87.33028145947003,91.05031925401504,95.37566713113833,-5.422801212851063,-1.4809180286423604,19.095431483264818,39.671780995171986,43.61366417938069,48.19695526520968,63.54923638926651,18.298608527142363,140.8998757335879,193.93913811759856,11.794195342296023,20.956072270093166,66.45640452570218,86.7893594817996,90.5739421228739,94.95855291034675,2,7.0889656385638204,0.9981045722961426,63.63094080136612,8.331715273797629,0.0018954419065266848,21.97803492470851,17.27084688873362,47.301078935280486,49.92648871453311,63.63094080136612,77.33539288819912,79.96080266745176,83.01340891567884,-11.87220295971504,-6.4299802207485435,21.97803492470851,50.38605007016555,55.82827280913205,62.15603286719883,63.5519910417681,8.551813495404325,69.85128008139046,3.282291341318264,47.04962179783347,49.78696616049534,63.611426022739444,77.32791862853735,79.95426613302614,83.00765132899014,2,7.086210986062234
201,437,reset,0.6,70.6423223804767,79.047259194382,79.54202881489539,79.5835551724934,79.39094772725691,0.9875606894493103,63.382888961454604,8.092791247441353,0.01243936363607645,16.11309103413238,9.001331028847678,47.52130958206857,50.071431925939564,63.382888961454604,76.69434599696964,79.24446834084063,82.20953667499612,-1.529193595331943,1.3072190439414442,16.11309103413238,30.91896302432331,33.7553756635967,37.05331833663003,62.794886120737964,9.6506704149582,65.68646555327398,27.449183231051567,45.29982437752941,49.026618570418876,63.25512330741336,76.64521943055773,79.20113765909464,82.17155190262089,2,16.59606160651895,0.8767046332359314,59.62450296371342,8.257876818665233,0.12329540401697159,13.718701540050418,10.407750691385003,43.43936181036136,46.04150432761342,59.62450296371342,73.20750159981341,75.80964411706547,78.83519714490643,-6.680114975136039,-3.400524933080902,13.718701540050418,30.83792801318173,34.11751805523687,37.930750234501005,53.96453085164584,17.347347433162618,73.14022190797682,227.79034954568496,5.0616756451901646,11.2306352442191,58.16137341905491,72.67351399930918,75.33980672393369,78.42408965498385,2,25.426416875611075,0.948590874671936,61.11848516984918,10.064677476186617,0.05140920355916023,19.849754642832856,11.543597036682346,41.39207980051192,44.56356391904683,61.11848516984918,77.67340642065153,80.84489053918644,84.53242621948266,-2.775279801107839,0.8622271889796238,19.849754642832856,38.83728209668608,42.47478908677355,46.70417706790298,58.99689738292376,13.637984617055213,102.94061939357526,83.05427731526467,19.443842955653125,34.483013814975834,60.43462589953162,77.41451518434228,80.61670692716827,84.33246079573975,2,20.394050344333152,0.6987160444259644,65.59640802470119,13.137997329975736,0.30128395557403564,18.082362861787686,10.904731682484298,39.84640642896535,43.986325465611834,65.59640802470119,87.20649058379054,91.34640962043703,96.15996018244448,-3.2905184969544123,0.14567540292075165,18.082362861787686,36.019050320654614,39.45524422052978,43.450562228320834,51.281188552695234,25.133212471413646,156.42989315501092,475.24847597821133,2.9756730777989455,7.501322192344234,58.112192393841646,84.83401370475084,89.26991819566507,94.35066065886448,2,28.10975917456168,0.988824188709259,60.55733368039508,8.489774262778184,0.011175839230418205,21.312362687216904,15.218734218906723,43.917681888474746,46.59289769226512,60.55733368039508,74.52176966852504,77.19698547231542,80.30750198769576,-8.515808272127593,-3.7202274903623085,21.312362687216904,46.34495286479611,51.140533646561394,56.71643268296315,60.11873988592526,9.533068295398527,73.85919095902631,17.020301147045085,42.12232475895016,45.68254927039815,60.43828971321702,74.47576188984709,77.15642169635973,80.27187586781926,2,19.272207841331657
