sample_idx,row_idx,state,voltage,g_before,g_after_1s,g_after_5s,g_after_10s,y_measured_uS,shuffle_run1_pi_1,shuffle_run1_mu_1,shuffle_run1_sigma_1,shuffle_run1_pi_2,shuffle_run1_mu_2,shuffle_run1_sigma_2,shuffle_run1_comp1_q025_uS,shuffle_run1_comp1_q05_uS,shuffle_run1_comp1_q50_uS,shuffle_run1_comp1_q95_uS,shuffle_run1_comp1_q975_uS,shuffle_run1_comp1_q99_uS,shuffle_run1_comp2_q025_uS,shuffle_run1_comp2_q05_uS,shuffle_run1_comp2_q50_uS,shuffle_run1_comp2_q95_uS,shuffle_run1_comp2_q975_uS,shuffle_run1_comp2_q99_uS,shuffle_run1_mixture_mean_uS,shuffle_run1_mixture_std_uS,shuffle_run1_within_var_uS2,shuffle_run1_between_var_uS2,shuffle_run1_mixture_q025_uS,shuffle_run1_mixture_q05_uS,shuffle_run1_mixture_q50_uS,shuffle_run1_mixture_q95_uS,shuffle_run1_mixture_q975_uS,shuffle_run1_mixture_q99_uS,shuffle_run1_n_components,shuffle_run1_residual_uS,shuffle_run2_pi_1,shuffle_run2_mu_1,shuffle_run2_sigma_1,shuffle_run2_pi_2,shuffle_run2_mu_2,shuffle_run2_sigma_2,shuffle_run2_comp1_q025_uS,shuffle_run2_comp1_q05_uS,shuffle_run2_comp1_q50_uS,shuffle_run2_comp1_q95_uS,shuffle_run2_comp1_q975_uS,shuffle_run2_comp1_q99_uS,shuffle_run2_comp2_q025_uS,shuffle_run2_comp2_q05_uS,shuffle_run2_comp2_q50_uS,shuffle_run2_comp2_q95_uS,shuffle_run2_comp2_q975_uS,shuffle_run2_comp2_q99_uS,shuffle_run2_mixture_mean_uS,shuffle_run2_mixture_std_uS,shuffle_run2_within_var_uS2,shuffle_run2_between_var_uS2,shuffle_run2_mixture_q025_uS,shuffle_run2_mixture_q05_uS,shuffle_run2_mixture_q50_uS,shuffle_run2_mixture_q95_uS,shuffle_run2_mixture_q975_uS,shuffle_run2_mixture_q99_uS,shuffle_run2_n_components,shuffle_run2_residual_uS,shuffle_run3_pi_1,shuffle_run3_mu_1,shuffle_run3_sigma_1,shuffle_run3_pi_2,shuffle_run3_mu_2,shuffle_run3_sigma_2,shuffle_run3_comp1_q025_uS,shuffle_run3_comp1_q05_uS,shuffle_run3_comp1_q50_uS,shuffle_run3_comp1_q95_uS,shuffle_run3_comp1_q975_uS,shuffle_run3_comp1_q99_uS,shuffle_run3_comp2_q025_uS,shuffle_run3_comp2_q05_uS,shuffle_run3_comp2_q50_uS,shuffle_run3_comp2_q95_uS,shuffle_run3_comp2_q975_uS,shuffle_run3_comp2_q99_uS,shuffle_run3_mixture_mean_uS,shuffle_run3_mixture_std_uS,shuffle_run3_within_var_uS2,shuffle_run3_between_var_uS2,shuffle_run3_mixture_q025_uS,shuffle_run3_mixture_q05_uS,shuffle_run3_mixture_q50_uS,shuffle_run3_mixture_q95_uS,shuffle_run3_mixture_q975_uS,shuffle_run3_mixture_q99_uS,shuffle_run3_n_components,shuffle_run3_residual_uS,shuffle_run4_pi_1,shuffle_run4_mu_1,shuffle_run4_sigma_1,shuffle_run4_pi_2,shuffle_run4_mu_2,shuffle_run4_sigma_2,shuffle_run4_comp1_q025_uS,shuffle_run4_comp1_q05_uS,shuffle_run4_comp1_q50_uS,shuffle_run4_comp1_q95_uS,shuffle_run4_comp1_q975_uS,shuffle_run4_comp1_q99_uS,shuffle_run4_comp2_q025_uS,shuffle_run4_comp2_q05_uS,shuffle_run4_comp2_q50_uS,shuffle_run4_comp2_q95_uS,shuffle_run4_comp2_q975_uS,shuffle_run4_comp2_q99_uS,shuffle_run4_mixture_mean_uS,shuffle_run4_mixture_std_uS,shuffle_run4_within_var_uS2,shuffle_run4_between_var_uS2,shuffle_run4_mixture_q025_uS,shuffle_run4_mixture_q05_uS,shuffle_run4_mixture_q50_uS,shuffle_run4_mixture_q95_uS,shuffle_run4_mixture_q975_uS,shuffle_run4_mixture_q99_uS,shuffle_run4_n_components,shuffle_run4_residual_uS,shuffle_run5_pi_1,shuffle_run5_mu_1,shuffle_run5_sigma_1,shuffle_run5_pi_2,shuffle_run5_mu_2,shuffle_run5_sigma_2,shuffle_run5_comp1_q025_uS,shuffle_run5_comp1_q05_uS,shuffle_run5_comp1_q50_uS,shuffle_run5_comp1_q95_uS,shuffle_run5_comp1_q975_uS,shuffle_run5_comp1_q99_uS,shuffle_run5_comp2_q025_uS,shuffle_run5_comp2_q05_uS,shuffle_run5_comp2_q50_uS,shuffle_run5_comp2_q95_uS,shuffle_run5_comp2_q975_uS,shuffle_run5_comp2_q99_uS,shuffle_run5_mixture_mean_uS,shuffle_run5_mixture_std_uS,shuffle_run5_within_var_uS2,shuffle_run5_between_var_uS2,shuffle_run5_mixture_q025_uS,shuffle_run5_mixture_q05_uS,shuffle_run5_mixture_q50_uS,shuffle_run5_mixture_q95_uS,shuffle_run5_mixture_q975_uS,shuffle_run5_mixture_q99_uS,shuffle_run5_n_components,shuffle_run5_residual_uS
0,0,reset,0.1,119.6248230599,118.8711943832,119.5302794701,118.9024589623,119.10131093853333,0.9999998807907104,119.85376524527324,6.387008468542469,8.873750090288013e-08,62.75182219822377,45.0366719158201,107.33545867797767,109.34807120042139,119.85376524527324,130.35945929012507,132.3720718125688,134.71216881754785,-25.518432740330162,-11.326910948336455,62.75182219822377,136.83055534478396,151.02207713677768,167.5227881634667,119.8537565260309,6.387079095006681,40.794052300658436,0.0002893403138108133,107.33488327757424,109.34723346851392,119.853764987302,130.36028533859184,132.37266254525125,134.71356958069785,2,-0.7524455874975757,0.9999880790710449,116.18350091420629,6.972947082802095,1.1863282452395651e-05,41.07873779145065,31.39169063358617,102.51677576581055,104.71402361451857,116.18350091420629,127.652978213894,129.85022606260202,132.40500153608224,-20.447845264201604,-10.555998403342137,41.07873779145065,92.71347398624341,102.60532084710289,114.1067305594416,116.18260322761535,6.978595617543851,48.633101932448064,0.0669167253587073,102.51492674103334,104.71289748809279,116.18339888458958,127.65334470706614,129.85060581874518,132.40518980816995,2,2.9187077109179853,1.0,123.97717182490962,6.2209768109394625,2.1500420999132075e-08,52.61323985560849,19.322380896416217,111.78428132680943,113.74457555425484,123.97717182490962,134.20976809556439,136.1700623230098,138.44932800349602,14.742069203067935,20.830751556800426,52.61323985560849,84.39572815441655,90.48441050814904,97.56381957539371,123.97717295611642,6.2209596959260445,38.70056050952338,0.00010949758072145363,111.78410727164997,113.74444358305844,123.97717131361817,134.2099251191051,136.17023516581474,138.44958737855055,2,-4.8758620175830885,1.0,120.17702661838467,8.115184574572542,1.329654963910798e-08,33.71266346990661,38.81540045810402,104.27155712432749,106.82873583751838,120.17702661838467,133.52531739925095,136.08249611244185,139.05576900089054,-42.3641234734768,-30.132988755179653,33.71266346990661,97.55831569499284,109.78945041329001,124.01078780566078,120.17702706664677,8.11518010169378,65.85624071243136,9.94061510957025e-05,104.27102512870854,106.82817731815115,120.17702584878454,133.525854860899,136.0831886474846,139.0560689978122,2,-1.0757161281134415,0.9999992847442627,118.43460805080528,6.664031189550628,6.915985863997776e-07,38.0662028698267,28.57383582522693,105.37334692743443,107.47325217855519,118.43460805080528,129.39596392305538,131.49586917417614,133.93746284115824,-17.93748624777843,-8.933574623213751,38.0662028698267,85.06598036286712,94.06989198743182,104.53888509503538,118.43454966630448,6.664431222344671,44.409844596701674,0.004467087897161191,105.37284293635727,107.47298172935182,118.43460282830576,129.396344201548,131.49629054095124,133.93784760475242,2,0.6667612722288538
1,1,reset,0.7,118.9024589623,81.5070324267578,81.318927956309,81.25443852370441,81.36013296892374,0.8052067160606384,107.02066622641878,18.349467325742978,0.19479329884052277,36.168962909903215,13.567610928896832,71.05637113246803,76.83847834304291,107.02066622641878,137.20285410979466,142.9849613203695,149.70791052944284,9.576934133013392,13.852228864440818,36.168962909903215,58.4856969553656,62.760991686793034,67.73194575015563,93.21923080365691,33.08093970022785,306.97304094301455,787.37565999558,20.77924921266774,27.299824206583704,101.36904460820298,135.23146280992788,141.2536584225121,148.1951741138337,2,-11.859097834733177,0.7551780939102173,107.08774771603066,20.66801759665277,0.2448219507932663,29.37350917227367,11.953652592659338,66.57917759475114,73.0918840102795,107.08774771603066,141.08361142178182,147.59631783731018,155.1687465126425,5.944780606957522,9.711500349920083,29.37350917227367,49.035517994627256,52.80223773758982,57.18186346822951,88.0616010185302,38.39502299094698,357.56968622881783,1116.608450915142,14.196455987079357,19.49103187371253,98.44459404986766,138.18549908586996,145.05495246592983,152.9510121545463,2,-6.701468049606461,0.7489532828330994,109.31216518568583,21.079729194554453,0.25104665756225586,32.10879084240409,12.777242923064598,67.99665516050158,74.63909616486808,109.31216518568583,143.98523420650355,150.62767521087008,158.35094838279423,7.065854891478189,11.092096477961245,32.10879084240409,53.125485206846925,57.151726793329985,61.833102752578796,89.93050958876455,38.658341021053275,373.7864825308099,1120.6803659168827,15.702630908706807,21.314994133978225,100.17849124938205,140.93949211632716,147.9574652527862,156.0211626987636,2,-8.570376619840815,0.86459881067276,108.72006204216584,23.22629651929983,0.13540123403072357,26.404334153316924,12.551055055711803,63.197357370090145,70.51620397174514,108.72006204216584,146.92392011258653,154.24276671424153,162.75250757168118,1.8047182761424239,5.759685722861743,26.404334153316924,47.048982583772094,51.003950030491424,55.60245439914162,97.57441576604396,35.790826405389616,487.7468280119884,793.2368523801812,15.127099942890936,22.194319517379196,104.13161423343922,145.26089534538096,152.7799173447329,161.47271068022647,2,-16.21428279712022,0.809546172618866,110.83187401461046,19.790955720165716,0.19045384228229523,27.494063284189764,11.85048803923253,72.04231358345868,78.27864871745989,110.83187401461046,143.38509931176102,149.62143444576225,156.8725217794544,4.267533528071315,8.001745051713087,27.494063284189764,46.98638151666643,50.7205930403082,55.062420940604774,94.95986940513077,37.61181136137281,343.83081355675046,1070.8176746961292,14.216249647994948,19.96197522955341,104.90918800893976,141.3127427125343,147.80124511768213,155.28200035042084,2,-13.599736436207039
2,2,reset,0.4,81.25443852370441,81.5390661819985,81.52716689018699,81.18293274968221,81.41638860728924,0.9993064403533936,80.44572566027072,9.395123688517204,0.0006935723358765244,32.83946874231165,15.45953860194804,62.03162160047789,64.9921223855555,80.44572566027072,95.89932893498595,98.85982972006356,102.30205167940346,2.5393298648867884,7.410790601901116,32.83946874231165,58.26814688272218,63.13960761973651,68.80373350260578,80.41270829825532,9.48386002884862,88.37289169657477,1.5707914016190128,61.92499652643714,64.93290316940505,80.437569937302,95.89624689998895,98.8571342431645,102.29971326058494,2,1.0036803090339106,0.9959521293640137,79.04018849504159,9.718869175647924,0.004047862254083157,25.3381825278354,11.454889801850511,59.99155494031517,63.054071281610234,79.04018849504159,95.02630570847295,98.088822049768,101.6496591398912,2.887011069333237,6.496565490932149,25.3381825278354,44.179799564738644,47.78935398633756,51.98624106574245,78.82280950961119,10.306874388083745,94.60520891558711,11.626398659090547,59.2849862728775,62.678608787436076,78.9906818684941,95.00720699955977,98.07199818880014,101.6349545458333,2,2.5935790976780453,0.9997372031211853,80.94380262288557,9.579044511784996,0.0002628155052661896,26.221111405175144,14.130964039260004,62.16922037348091,65.18767651494642,80.94380262288557,96.69992873082472,99.71838487229023,103.22799245821918,-1.4750691786051178,2.9777439528774927,26.221111405175144,49.464478857472784,53.9172919889554,59.094649556055224,80.92942215883947,9.621494243091634,91.7864601074899,0.7868133576292217,62.12719951667475,65.16443502982868,80.94064664952957,96.69870931787263,99.7173942676158,103.22714239819013,2,0.48696644844976333,0.9997695088386536,79.47523554132495,12.030776566540197,0.00023050364688970149,20.109022066961828,15.304952062535936,55.895346764857706,59.68636907080852,79.47523554132495,99.26410201184137,103.05512431779218,107.4630070299561,-9.88813276072063,-5.065383843418832,20.109022066961828,45.28342797734248,50.10617689464428,55.713664759939284,79.46155240490856,12.065335716322604,144.7602171323091,0.8121876507070919,55.849274089556936,59.660842952229316,79.47175929250712,99.26276874933106,103.05399715698348,107.46205225544107,2,1.954836202380676,0.9982312321662903,79.68803967318642,9.476844584357911,0.0017688451334834099,23.09979779239783,12.033228114170564,61.113765600761454,64.10001748654989,79.68803967318642,95.27606185982295,98.26231374561138,101.73447692462291,-0.48489592913131574,3.3068988848699448,23.09979779239783,42.89269669992571,46.68449151392697,51.093272433647,79.58794999679064,9.775561060594931,89.90785546677844,5.654228218097717,60.8253145133424,63.94320975184318,79.66699213049876,95.26797808194895,98.25517342226624,101.72815538430399,2,1.8284386104985941
3,10,reset,0.1,111.2591723452,111.263566923,111.31858421460001,111.2560530246,111.27940138740001,0.9999998807907104,112.65606462698202,6.339130168361986,1.2097521562282054e-07,58.649175609202814,40.81887751057964,100.2315978036812,102.2291233778343,112.65606462698202,123.08300587612972,125.08053145028283,127.40308661741908,-21.354354200885282,-8.491903112162007,58.649175609202814,125.79025433056762,138.6527054192909,153.60808452667322,112.65605829242925,6.339171752625577,40.18476806763972,0.0003528536990948925,100.23090625282457,102.22849423075634,112.65606522392532,123.08383061634127,125.08064630578635,127.4042114317484,2,-1.376656905029236,0.999985933303833,108.86231952305718,6.8386140873453645,1.4010335689818021e-05,38.30113648746825,27.870374930748483,95.45888220769201,97.61380033816572,108.86231952305718,120.11083870794863,122.26575683842235,124.77131486653882,-16.323794612426795,-7.541550801870798,38.30113648746825,84.14382377680727,92.92606758736328,103.13732395633613,108.86132480166391,6.84450802816999,46.77686742099636,0.06975481061995087,95.4569199739531,97.61273463068845,108.86220134616877,120.11104933404967,122.26614303546766,124.77179117068518,2,2.4180765857361024,1.0,115.9884144909611,6.121105241414624,2.5249557111806098e-08,48.40337281743373,18.96071746688857,103.99126867220909,105.92009233366859,115.9884144909611,126.05673664825362,127.98556030971312,130.22823465610625,11.241049461292597,17.215767922419918,48.40337281743373,79.59097771244753,85.56569617357485,92.512597586819,115.98841571312484,6.121087656380255,37.467938453911735,0.00011533336358255419,103.9911487751413,105.9200115365289,115.98841392966757,126.05689293414356,127.98573261186345,130.22823230794384,2,-4.709014325724823,1.0,112.32294231235883,8.10976134490419,1.8876088248021006e-08,30.8674562194581,35.85996793770646,96.4281021531315,98.98357195048233,112.32294231235883,125.66231267423534,128.21778247158616,131.18906837605527,-39.41678942520765,-28.116942105241897,30.8674562194581,89.85185454415807,101.15170186412382,114.29021639451423,112.32294289501566,8.109755880323641,65.76825334476817,0.00012524277620388496,96.42752443585943,98.98311889348346,112.32294132680701,125.66243106390411,128.21828215861805,131.1897662007417,2,-1.0435415076156431,0.9999990463256836,110.61080680566397,6.567709069092737,9.33356545829156e-07,35.30416237360683,26.10949087129087,97.73833356930511,99.8078867226047,110.61080680566397,121.41372688872323,123.48328004202281,125.8895828358666,-15.869499388800605,-7.642128383892327,35.30416237360683,78.25045313110597,86.47782413601425,96.04392095432308,110.61073427034944,6.568176252294933,43.13539755399319,0.0052931446873989724,97.73784408636558,99.80761761443935,110.61079898537417,121.41404083685323,123.48345068924084,125.89004380063712,2,0.6686671170505747
4,12,reset,1.5,20.345573637345,8.529708548388609,8.33565342353622,8.34815827106303,8.404506747662618,0.05329737067222595,18.110265126174177,8.948502571052689,0.9467026591300964,13.711512934810706,9.274335079483784,0.5715223713468269,3.3912882163935816,18.110265126174177,32.82924203595476,35.64900788100152,38.9275950581916,-4.465849801533935,-1.5434107582414711,13.711512934810706,28.966436627862876,31.888875671155343,35.2868426301102,13.945955269484,9.30983988931805,85.69683564011896,0.9762889208623512,-4.30023307030097,-1.367734891753606,13.946020197411242,29.259468042257296,32.191357409200435,35.59909884242073,2,-5.541448521821382,0.0012273658066987991,17.208066781888483,18.858147249869358,0.9987725615501404,7.811258059604775,8.64525052366368,-19.753222643008534,-13.810825119644072,17.208066781888483,48.22695868342103,54.169356206785494,61.07867754497119,-9.133121604102083,-6.408913620147549,7.811258059604775,22.031429739357094,24.75563772331163,27.923118235880242,7.82279081388812,8.671410094722667,75.0851051847875,0.10824340059572901,-9.143412275400177,-6.414645758224575,7.8163389970348645,22.067567549257806,24.814024206855375,28.0337566094041,2,0.5817159337744977,0.043603744357824326,17.143109054373085,9.855689018715594,0.9563962817192078,9.305925514555994,9.860481171180243,-2.1736864651363916,0.9319432258329385,17.143109054373085,33.35427488291323,36.459904573882554,40.07087025026976,-10.020262451192618,-6.913122703346534,9.305925514555994,25.52497373245852,28.632113480304604,32.244834924150894,9.647656304782446,9.989314014775863,97.22497165470881,2.5614252582676342,-9.854422700349682,-6.731579616094972,9.618581126791499,26.125628015149704,29.31847895144784,33.04730584688495,2,-1.2431495571198283,0.0029245074838399887,16.342125119689513,12.207214514334401,0.9970754384994507,8.644614237696558,9.89653253705343,-7.583575679960525,-3.73695594918809,16.342125119689513,36.42120618856711,40.26782591933954,44.74035265307184,-10.752233106756975,-7.633733200119039,8.644614237696558,24.92296167551215,28.041461582150088,31.667391665646814,8.667125198924271,9.912794694388227,98.09071939643796,0.17277519896905863,-10.746451710597906,-7.626648802474718,8.661741412349407,24.97663799964869,28.11277391870318,31.770096995942207,2,-0.2626184512616536,0.0028300913982093334,17.580961368500297,13.584289809513422,0.9971699118614197,11.677288878848735,7.738213200408498,-9.043757413700487,-4.7632069942377875,17.580961368500297,39.92512973123837,44.20568015070107,49.1827450872165,-3.489330298644351,-1.0509391699669468,11.677288878848735,24.40551692766441,26.843908056341817,29.679064706493815,11.693996849643172,7.767308519424334,60.23272307386811,0.09835900780659408,-3.5026967869438557,-1.0584658474399096,11.686527767029908,24.460439067570004,26.92781419549622,29.825439557013844,2,-3.2894901019805545
5,14,reset,0.1,9.64951048033333,9.62050013131983,9.521968609878279,9.765539170065889,9.636002637088,1.0,10.61348290105586,4.153948987316968,3.202624654363717e-08,17.61811711947996,17.186030394619372,2.4718924922979717,3.7808448430961477,10.61348290105586,17.44612095901557,18.755073309813746,20.277013296574793,-16.065883491184707,-10.650387308007964,17.61811711947996,45.88662154696787,51.30211773014462,57.59880239120401,10.613483465298023,4.153949880803501,17.255301648492342,1.5713646663522088e-06,2.471831315285086,3.7806256507113316,10.613483065062612,17.446171425993654,18.755333372641008,20.277121570737783,2,-0.9774808282100231,0.9999984502792358,10.244230696112915,4.141274853475933,1.5420523595821578e-06,7.369019902993372,8.141811566040657,2.127481133218696,3.4324397331700975,10.244230696112915,17.05602165905573,18.360980259007132,19.878276647315445,-8.588637535357973,-6.0230683813640535,7.369019902993372,20.761108187350793,23.326677341344713,26.309705930493184,10.244226183830422,4.141285622601231,17.150233055333306,1.274787601209627e-05,2.1274083832958035,3.432385956667629,10.244228501864908,17.05602822495496,18.360995180557484,19.878346467814424,2,-0.6082235467424226,1.0,10.701585889302514,3.9067183693002896,7.93536791832139e-10,12.075778112598861,15.538071693420727,3.0445585877328947,4.275606010080989,10.701585889302514,17.127565768524036,18.35861319087213,19.789971862200545,-18.378282795707058,-13.482075468156236,12.075778112598861,37.63363169335395,42.529839020904774,48.22273816328234,10.701585898885089,3.9067183823808924,15.262448608613228,1.498518334301298e-09,3.04438048298075,4.275592097897935,10.701585677248014,17.127724610298113,18.35862350847693,19.79024113354046,2,-1.065583261797089,1.0,8.628459813934192,5.538324174396814,6.57005250204179e-09,6.44697288391724,16.991239338558568,-2.2264561025910936,-0.481272791555428,8.628459813934192,17.73819241942381,19.48337573045948,21.512528482791215,-26.85524427235773,-21.501128768511364,6.44697288391724,34.39507453634583,39.749190040192204,45.97450639649207,8.628459856291142,5.53832430430184,30.673036557496854,3.1266128793197344e-08,-2.226554535279948,-0.4813516046920215,8.628459866515941,17.73835158784882,19.4834652658126,21.512754585662474,2,1.0075427807968573,0.9999997615814209,8.405018140988375,5.009018615703517,2.292931498004691e-07,7.737154035082277,14.719882980450818,-1.412477943681198,0.1659157034809997,8.405018140988375,16.644120578495745,18.222514225657946,20.05773794866125,-21.11328646324544,-16.47489887361351,7.737154035082277,31.94920694377805,36.587594533409984,41.98072251278399,8.405017911152312,5.009023052402097,25.090311192561355,1.0227446393759433e-07,-1.4126394672268106,0.16584621685994677,8.405018243860692,16.644249863185518,18.222617976610955,20.057902127620974,2,1.2309847259356879
6,15,reset,0.9,9.765539170065889,10.562261946420001,10.0221158029424,9.77654723636563,10.12030832857601,0.9577573537826538,10.865187611508155,5.531426630233738,0.04224266856908798,16.242553239795654,9.020699676216509,0.02379063312427121,1.766800456552227,10.865187611508155,19.963574766464077,21.706584589892035,23.733210193165302,-1.4376932409408347,1.4048226597309519,16.242553239795654,31.080283819860348,33.92279972053214,37.22783875392283,11.092342128374577,5.823358070003887,32.74160943930384,1.169892522335084,-0.021239524757329226,1.7569069616503308,10.999408250246665,20.651935277678536,22.762769935326098,25.60886710936012,2,-0.9720337997985666,0.6959220170974731,11.59434401021226,7.562173638109325,0.30407801270484924,11.651924762195797,6.66850924422896,-3.227243965320252,-0.8443247260686775,11.59434401021226,24.033012746493192,26.41593198574477,29.18659057635558,-1.4181131870653818,0.6832031454663667,11.651924762195797,22.620646378925223,24.721962711456975,27.165197065529533,11.611853396383843,7.302059375057847,53.31937351803893,0.0007016172315311584,-2.7259654441204,-0.398091200683048,11.613421722167018,23.616350460106418,25.94097284288545,28.658752707068448,2,-1.4915450678078326,0.9604998230934143,10.506372674290375,5.810036769756007,0.03950009495019913,13.699329398658854,10.46146766287246,-0.881090143284835,0.949712620835788,10.506372674290375,20.06303272774496,21.89383549186558,24.022539361711374,-6.804770446001584,-3.508253629852458,13.699329398658854,30.906912427170163,34.20342924331929,38.03634245552921,10.632493907010467,6.093679085832519,36.746119932352215,0.3867956035969609,-1.1082746138180308,0.8103446930914008,10.57665057337519,20.575176148383143,22.68898242937314,25.45530781177148,2,-0.5121855784344564,0.7938583493232727,9.951341714449093,7.5334041539427945,0.2061416655778885,12.242157727153227,8.463782688841787,-4.813859108263225,-2.4400054314550044,9.951341714449093,22.342688860353185,24.71654253716141,27.47666045226435,-4.34655151595026,-1.6795259263172753,12.242157727153227,26.163841380623722,28.830866970256707,31.93186059168399,10.423574491126967,7.789677063021504,59.8202759503421,0.8587944148458698,-4.730030315519573,-2.3058429230803967,10.378790348222498,23.304210054090127,25.84193398944782,28.830504965712766,2,-0.3032661625509565,0.7899084091186523,10.680054341968862,7.043921655985682,0.21009157598018646,14.029299208894592,7.677433117532675,-3.125778413684813,-0.9061657418412121,10.680054341968862,22.26627442577893,24.485887097622538,27.06666651128139,-1.0181931951845211,1.4010454998436188,14.029299208894592,26.65755291794556,29.0767916129737,31.889679419957474,11.383702315259626,7.310112693926333,51.57617647285649,1.8615691940245884,-2.795448262612893,-0.5386118561940332,11.327015641390524,23.499241094614906,25.893955698932288,28.711549948134856,2,-1.2633939866836155
7,16,reset,1.1,9.77654723636563,13.805671369798699,13.971715937690101,13.769162198803,13.8488498354306,0.7412840723991394,10.485434742956556,5.9389047518939115,0.2587158679962158,16.27308123932091,8.942956151656217,-1.1546046783692976,0.7168057216845192,10.485434742956556,20.25406376422859,22.12547416428241,24.301393186656004,-1.2547907332462032,1.5632273776011942,16.27308123932091,30.982935101040617,33.800953211888014,37.077508270366806,11.982790104938104,7.298000235002757,46.836706825209994,6.424092046422732,-1.1736700717394768,0.8653297372386679,11.539007031723685,24.793510737011353,28.133267579582185,32.11282308071721,2,1.8660597304924966,0.14829286932945251,10.939360795176263,9.338744576688665,0.8517071008682251,11.221443660338316,7.142215532501263,-7.3642422359522755,-4.421507092963484,10.939360795176263,26.300228683316007,29.2429638263048,32.66452938736637,-2.7770415531867254,-0.5264554627655311,11.221443660338316,22.96934278344216,25.219928873863353,27.8367215803141,11.179612448449681,7.509302985128458,56.37957764624787,0.010049951405753417,-3.604006241843467,-1.145876437496567,11.188299080810177,23.47710054669167,25.90918590710033,28.81048809105855,2,2.669237386980919,0.7015720009803772,10.078410117985577,6.3486453141456725,0.2984279692173004,13.4049880749372,10.044620278001373,-2.364706048358922,-0.36418215321540615,10.078410117985577,20.521002389186556,22.521526284330072,24.84756764758771,-6.282105908326201,-3.1169420206836698,13.4049880749372,29.926918170558064,33.092082058200596,36.772269104213215,11.071153721761657,7.7912567091978975,58.386777955910745,2.3168994998265866,-3.5229433027709347,-1.074342587961868,10.778103499700475,24.328769877564138,27.702857432371673,31.896386724075096,2,2.7776961136689433,0.20975184440612793,9.51686090867043,8.147752768893326,0.7902482151985168,11.985577296935332,8.545160670585506,-6.4524410732969955,-3.884999784747663,9.51686090867043,22.918721602088517,25.486162890637853,28.471368240795794,-4.762629859520402,-2.069961224960318,11.985577296935332,26.041115818830978,28.733784453391063,31.86459365628933,11.467760195577211,8.522822630683612,71.6283033791131,1.0102100535580503,-5.191520186488221,-2.5234596190388303,11.451656741434986,25.514225688326434,28.21677484272133,31.361597476859284,2,2.381089639853389,0.23967449367046356,10.330385701758175,8.010801811612101,0.76032555103302,14.364041000177508,7.481386390734369,-5.370497336289766,-2.846210712861419,10.330385701758175,23.506982116377763,26.031268739806112,28.9662974655645,-0.29920688008996343,2.058255460752692,14.364041000177508,26.66982653960232,29.027288880444978,31.768348325140487,13.397277351010342,7.803964416930537,57.93690789166146,2.964960752752437,-2.103019919540673,0.45211074048973454,13.462699548086324,26.118142645581038,28.520627715337216,31.308247852077056,2,0.4515724844202591
8,18,reset,0.3,10.6833201109441,10.6942961650575,10.6977969705765,10.6902959266338,10.6941296874226,0.9999969005584717,11.522775821028844,4.6167601887283105,3.113606908300426e-06,15.804983325513021,12.910420384463407,2.4740921258630113,3.928881079833916,11.522775821028844,19.116670562223767,20.571459516194675,22.26296607103334,-9.49897565330702,-5.430768469339842,15.804983325513021,37.04073512036588,41.108942304333056,45.839112339883,11.52278931736421,4.616815218759465,21.314927550003024,5.709496967502818e-05,2.4739668053464294,3.9288350535248435,11.522780368871347,19.116777267485094,20.571543724741815,22.263284379526667,2,-0.82865962994161,0.9999485015869141,11.877539184966231,4.780339938497066,5.1436763897072524e-05,8.854149159112367,7.019337020536402,2.508245071653562,4.014579699068351,11.877539184966231,19.74049867086411,21.2468332982789,22.998272838081405,-4.903498596487674,-2.6916327979116783,8.854149159112367,20.399931116136408,22.611796914712407,25.183568914013396,11.877382939326646,4.780532010130559,22.85300744941932,0.00047015347532481505,2.507567576042227,4.014111307292912,11.877436815529132,19.740558171270862,21.24693164113464,22.998425941562168,2,-1.1832532519040448,0.9999997615814209,11.498869809695876,4.4604061288604,2.0953834223291778e-07,11.79009897186502,13.751993533543134,2.7566344407077654,4.162154610963268,11.498869809695876,18.83558500842848,20.241105178683984,21.875326124929003,-15.163313069507243,-10.829917469596605,11.79009897186502,34.410115413326636,38.74351101323728,43.782019892446485,11.498869538629469,4.4604104693119995,19.895257718315676,1.7771980550442983e-08,2.756481782495008,4.162020083302216,11.498870071248556,18.8357133288779,20.2412192693366,21.87545768325918,2,-0.8047398512068682,0.9999988079071045,10.10188388465847,6.086194281036258,1.1572220728339744e-06,8.501166643174471,12.983814086927856,-1.8268377090862469,0.09098514716466966,10.10188388465847,20.112782622152267,22.03060547840318,24.260489011346692,-16.946641349167937,-12.855307049372438,8.501166643174471,29.85764033572137,33.948974635516876,38.70603494124061,10.101881680012143,6.086207216056151,37.041911753133924,2.96514181909304e-06,-1.8268931546048568,0.09090044957884193,10.101883311054223,20.112876556740954,22.030688692930664,24.260586563962917,2,0.5922480074104577,0.9999841451644897,10.238813229706693,5.444654595336221,1.5878458725637756e-05,9.390282382415364,11.271837069941693,-0.432513685412804,1.283153371069906,10.238813229706693,19.19447308834348,20.910140144826187,22.904973872453805,-12.702112314273847,-9.150239704484292,9.390282382415364,27.930804469315014,31.482677079104572,35.61249658660896,10.238799998218347,5.444797520579841,29.645811084223674,1.1432381831416081e-05,-0.43284706734936135,1.2829262332486122,10.238806520684296,19.19462122117157,20.910351714812485,22.90540739655669,2,0.45532968920425354
9,21,reset,1.1,9.50850535804277,9.337425615733189,8.61322733321562,8.687251978955999,8.879301642634935,0.7466381192207336,10.226387636545198,5.908214660621135,0.2533617913722992,16.283875829298402,8.951729997847883,-1.3535003112037671,0.5082393232146583,10.226387636545198,19.944535949875732,21.806275584294163,23.970950251658103,-1.2611925658102656,1.5595902748480128,16.283875829298402,31.008161383748785,33.82894422440707,37.10871387877944,11.761122781967398,7.301157416729142,46.365656679539256,6.941230577189561,-1.3368004002023743,0.6845715976090055,11.294387773187948,24.630013507199024,28.023666168224263,32.04543991157499,2,-2.8818211393324624,0.1504116803407669,10.692007347635347,9.296752728370576,0.8495882749557495,11.203888763877316,7.142353130384719,-7.529293173145472,-4.599790096495996,10.692007347635347,25.983804791766683,28.913307868416158,32.31948829276362,-2.7948661365436482,-0.5442366876041955,11.203888763877316,22.952014215358822,25.20264366429828,27.81948678439675,11.126895319072291,7.508244503988671,56.340246653528425,0.03348334350770103,-3.6764949864222785,-1.2095425426743642,11.142622533784417,23.412552354907845,25.832524135817344,28.71240793713113,2,-2.247593676437356,0.707725465297699,9.832970073473234,6.31473500015537,0.29227444529533386,13.427937384755879,10.043492839846355,-2.5436830987458254,-0.5538446947697349,9.832970073473234,20.219784841716198,22.209623245692292,24.523240416215966,-6.256946860328892,-3.0921382401265447,13.427937384755879,29.948013009638295,33.11282162984064,36.79259560067685,10.883686271097194,7.7702449366615935,57.703408714787514,2.673287070258643,-3.596100774274641,-1.182036932516241,10.567445758766173,24.15260566476289,27.572129880779453,31.80987120352714,2,-2.004384628462258,0.21346202492713928,9.270861827731068,8.107368150302932,0.7865379452705383,11.988193817944293,8.54732621633246,-6.619287756269799,-4.064572079325563,9.270861827731068,22.606295734787693,25.16101141173193,28.13142048825472,-4.764257730182344,-2.070906709727563,11.988193817944293,26.047294345616145,28.740645366070925,31.872247990042855,11.408146271638067,8.528329177347834,71.49266864749906,1.239726031056179,-5.252054374471697,-2.586266923734823,11.388593699180074,25.469663309062536,28.177012648902302,31.32757650347673,2,-2.5288446290031317,0.24367022514343262,10.0771537268403,7.976993075116915,0.7563297748565674,14.366911104720373,7.4872930140142335,-5.55746540531427,-3.0438322649325382,10.0771537268403,23.198139718613135,25.71177285899487,28.634414608377043,-0.3079135444458778,2.0514100345706368,14.366911104720373,26.682412174870105,29.04173575388662,31.784959290193225,13.321624958641635,7.82919143065642,57.90483762791102,3.391400829952953,-2.236507026698302,0.32856918358372683,13.390330899354282,26.07874877883052,28.485599339548134,31.277675031625577,2,-4.4423233160067
10,23,reset,1.3,10.3502011251083,9.826078412105732,10.8043305485531,10.8013511626196,10.477253374426144,0.34018024802207947,10.202435519115156,6.5506606192917864,0.6598197817802429,15.568804843250462,9.116654388713341,-2.6366233696415957,-0.5724423594551205,10.202435519115156,20.97731339768543,23.0414944078719,25.44155092436766,-2.299509418126714,0.5732428063122601,15.568804843250462,30.564366880188658,33.437119104627634,36.77731439879884,13.743272459574577,8.712134755479141,69.43738423129587,6.463913395321025,-2.4440167071815053,0.059375542569334964,13.364056036604454,28.72050517093184,31.785641968386024,35.323199281951645,2,-3.2660190851484323,0.01584605872631073,10.236767271649029,12.02001367450444,0.9841539263725281,9.865924406357017,7.808538686194213,-13.322026624058637,-9.5343958168659,10.236767271649029,30.00793036016395,33.79556116735669,38.19950052927427,-5.438530190471354,-2.977978772820423,9.865924406357017,22.709827585534452,25.170379003185385,28.031301778350585,9.871800657164938,7.892951643022931,62.296539498789826,0.0021446881539254033,-5.589816105350307,-3.0814325481043014,9.869762735231385,22.83011857645614,25.34499397763948,28.30842430443214,2,0.6054527172612065,0.28637877106666565,9.767482125841475,7.095389027660285,0.713621199131012,12.162106016108154,9.85664211819105,-4.139224824673359,-1.9033942509372288,9.767482125841475,21.438358502620176,23.674189076356306,26.273825305831686,-7.156557544046901,-4.050627521561044,12.162106016108154,28.374839553777345,31.480769576263203,35.09208445294331,11.4763362067877,9.215216467920857,83.74833047308091,1.171880152405423,-6.32543207603495,-3.3910433926961416,11.308609331563671,26.936337905441466,30.123695838665476,33.854613681277385,2,-0.9990828323615553,0.03061317838728428,9.116389112746113,8.99776333373763,0.9693868160247803,10.83656725174935,9.094112109282895,-8.518902962794698,-5.6836145412032035,9.116389112746113,23.916392766695424,26.75168118828692,30.048316715309277,-6.9875649538147115,-4.121916035107928,10.83656725174935,25.795050538606624,28.66069945731341,31.99263562346868,10.7839070709681,9.096005947237469,82.6495118430093,0.087811699334297,-7.0432011507041175,-4.177271542525085,10.783654064247603,25.74597372726886,28.612456261969058,31.94537737467428,2,-0.3066536965419555,0.03339459002017975,9.979166744033371,9.447686079997318,0.9666054248809814,13.718705485954281,7.534985448990886,-8.53795771000178,-5.560893970949161,9.979166744033371,25.519227459015895,28.49629119806852,31.957771170840378,-1.049594618101228,1.3247573411550508,13.718705485954281,26.112653630753506,28.487005590009787,31.247702866142898,13.593825327227895,7.636239410325197,57.86075523418026,0.45139985124011367,-1.4629162115962062,1.0080945651728939,13.620791645978658,26.097546671213177,28.48727105062755,31.268483106448926,2,-3.116571952801751
11,24,reset,1.4,10.8013511626196,12.6268652721052,12.2087168040412,13.0104469986265,12.6153430249243,0.19478780031204224,10.049905023469456,6.950852897002588,0.8052121996879578,14.934967036985114,9.272156566397028,-3.573516316491517,-1.383230574571403,10.049905023469456,21.483040621510312,23.673326363430427,26.220006883182045,-3.2381258921696343,-0.31637332091495196,14.934967036985114,30.186307394885176,33.10805996613986,36.50522875299666,13.983416552984483,9.076364894488368,78.63746489816872,3.7429347997320854,-3.3227587245794608,-0.6004045422626352,13.782878924204292,29.243182517690425,32.25573808409901,35.74846190573441,2,-1.368073528060183,0.005232545547187328,9.824999481941532,13.821027328203005,0.994767427444458,8.850575936589117,8.205507139148654,-17.263716310680213,-12.908567447048604,9.824999481941532,32.55856641093166,36.91371527456327,41.97751702396695,-7.231922531028545,-4.646282242215751,8.850575936589117,22.34743411539398,24.933074404206774,27.93944002517453,8.855674413132931,8.245150449200576,67.97756150026291,0.0049423116141864565,-7.293570984148196,-4.687035572520409,8.853607278672799,22.402802709337934,25.015816354523782,28.0771341178896,2,3.759668611791369,0.1599719524383545,9.60513679478111,7.570118294961422,0.8400280475616455,11.203006984770774,9.82205894334657,-5.232022422051042,-2.8465997391378846,9.60513679478111,22.0568733287001,24.44229601161326,27.215865396502288,-8.04787479821805,-4.952842292323986,11.203006984770774,27.358856261865526,30.45388876775959,34.052532926328894,10.947392570735083,9.515800343815748,90.20735625970742,0.34309992365649633,-7.630389454446224,-4.604953707623878,10.887585810726645,26.70530140775569,29.8169794378655,33.452356049522514,2,1.6679504541892172,0.012323743663728237,8.887495393821283,9.53731201026295,0.9876762628555298,9.956436438175793,9.493273483479427,-9.805292655615407,-6.799986857627573,8.887495393821283,24.57497764527013,27.580283443257965,31.074600912960673,-8.650037684832988,-5.658608882767586,9.956436438175793,25.571481759119166,28.56291056118457,32.041093024156446,9.943263147662107,9.494549891820176,90.13257028980087,0.013908003010781161,-8.66597817691762,-5.674027400803432,9.943349500891465,25.56028066929533,28.55201999266183,32.03054356810489,2,2.6720798772621936,0.012350435368716717,9.760324154270712,10.392816404736752,0.9876496195793152,13.036392881877553,7.638770273504897,-10.609221696950378,-7.3343376033013,9.760324154270712,26.854985911842718,30.129870005491796,33.93763050272683,-1.9353217403672272,0.4717338920539298,13.036392881877553,25.601051871701173,28.00810750412233,30.80682986793204,12.995932723117903,7.687329910880055,58.96413491388721,0.130915525231505,-2.105391093044368,0.34728195621824504,13.007029649886839,25.61365541543146,28.031705917555932,30.84734946619106,2,-0.380589698193603
12,25,reset,0.8,13.0104469986265,9.92908646447075,10.0781256298829,9.83005795802172,9.945756684125122,0.981678307056427,14.122710161566907,5.675473243813904,0.018321651965379715,15.9753338276779,9.080348718898481,2.998987008470939,4.787387411813565,14.122710161566907,23.458032911320245,25.246433314662873,27.32583527648906,-1.8218226284275474,1.039489303413573,15.9753338276779,30.91117835194222,33.77249028378334,37.099383765436855,14.15665270887707,5.7613580641565365,33.13150682820904,0.06173170273931179,2.9068019623585752,4.72753482532045,14.143930380139937,23.61574095276935,25.477869485813653,27.70470588141881,2,-4.210896024751948,0.878884494304657,14.815840408669665,7.232508560358937,0.12111547589302063,11.860577904505064,6.526107681784245,0.6403841124885084,2.919422471205692,14.815840408669665,26.712258346133634,28.991296704850818,31.64117132204286,-0.9303581110222421,1.1260860142463809,11.860577904505064,22.595069794763745,24.651513920032368,27.042574635785442,14.457911942542516,7.215380120937395,51.13204526436784,0.9296587956349324,0.38687112734271334,2.632962075126643,14.432768767525113,26.369299835182098,28.665197386129844,31.335798125386205,2,-4.512155258417394,0.9863905906677246,13.68454663128444,5.904941848136634,0.013609437271952629,13.337079557209044,10.791711228059576,2.111073278133251,3.9717816154393653,13.68454663128444,23.397311647129513,25.258019984435627,27.421495546031892,-7.814285781344246,-4.413705797277682,13.337079557209044,31.087864911695764,34.48844489576233,38.44235402986811,13.67981818227756,5.998365224301205,35.978769841317934,0.0016207513473745516,1.9382762386809975,3.859466921047557,13.681943287542142,23.496087941376135,25.410493750931995,27.685005144432534,2,-3.734061498152437,0.9358550906181335,13.105402182673359,7.65712842462586,0.06414496153593063,12.084728458693391,8.631662912774361,-1.902293754591252,0.5105467213942951,13.105402182673359,25.70025764395242,28.113098119937966,30.91854661455942,-4.833019977034461,-2.1130935900060326,12.084728458693391,26.282550507392806,29.00247689442124,32.1649791252632,13.039931789407914,7.727378886539258,59.64985517833405,0.06253814606634397,-2.1314528987739667,0.3211323137460414,13.047012258740118,25.73544842159669,28.16921438029487,31.00238275233533,2,-3.094175105282792,0.9173144102096558,13.819908369032142,6.964418175251136,0.08268562704324722,13.623496395496076,7.803370480875302,0.1698995722637502,2.3644598738635523,13.819908369032142,25.275356864200724,27.46991716580053,30.02156778495901,-1.6708287050425223,0.7880941575822753,13.623496395496076,26.458898633409873,28.91782149603467,31.776850724033388,13.803668436673215,7.037788887041761,49.527553450614676,0.0029260661689584117,0.00022493680679024075,2.227755458855961,13.805284833068937,25.37422122492785,27.59750292520565,30.188353722071152,2,-3.857911752548093
13,26,reset,0.6,11.052395872062801,10.809359435198,10.8113274169425,10.675797177789,10.765494676643167,0.999167799949646,12.098456549097229,5.15813113669971,0.0008322091307491064,15.482148433799516,9.925577216986872,1.9887052936311438,3.6140858406053873,12.098456549097229,20.582827257589067,22.208207804563312,24.098063952982464,-3.9716254372660593,-0.8439732511482454,15.482148433799516,31.80827011874727,34.93592230486509,38.57249389116513,12.101272598238085,5.164850517964273,26.666161861273455,0.009520341382669006,1.9840785961693423,3.61128382556685,12.099892669101232,20.593445860626133,22.224751519476797,24.127657627205668,2,-1.335777921594918,0.9935965538024902,12.900910115625038,5.944688905853423,0.006403401959687471,10.870086384322285,6.428289994802508,1.249533960857507,3.1227670077338523,12.900910115625038,22.67905322351622,24.552286270392568,26.73032451359132,-1.7291304876698064,0.2964902712755144,10.870086384322285,21.443682497369053,23.469303256314372,25.82452514744911,12.887905364256065,5.950116584454176,35.377639930807895,0.02624008997029405,1.2220541970735557,3.0991465968270338,12.889072540809789,22.672832098769305,24.546848366990194,26.725789899523228,2,-2.1224106876128985,0.9997319579124451,11.863995518950688,5.214863608537856,0.00026801045169122517,12.741584733923027,11.701749049663414,1.643050661927905,3.28630819838995,11.863995518950688,20.441682839511422,22.084940375973467,23.995582388085676,-10.193421959543073,-6.50607963209179,12.741584733923027,31.989249099937837,35.67659142738913,39.96392375816694,11.864230346704845,5.217702831139602,27.224212024651525,0.00020635636765666928,1.6394614312261355,3.284070550190296,11.864100509649397,20.444474748187883,22.08944191360001,24.00395383300838,2,-1.0987356700616786,0.9987714886665344,11.087021334318507,6.874339108500196,0.0012284390395507216,11.054199556463814,9.630681179284794,-2.386435735857063,-0.22026028119239527,11.087021334318507,22.394302949829402,24.560478404494077,27.079125504813746,-7.821588701522121,-4.786861311296068,11.054199556463814,26.89526042422369,29.929987814449746,33.45851424345813,11.086980213241066,6.878403226008598,47.31242073138134,1.321734396380254e-06,-2.3946055786761415,-0.22609738715264516,11.08699317863126,22.400002118006444,24.56853783882148,27.091254994314625,2,-0.32148553659789947,0.9963937401771545,11.60562271420904,6.164067478994571,0.003606280079111457,12.087252767508204,8.651323561137671,-0.47572754289492813,1.4666339646111979,11.60562271420904,21.744611463806876,23.686972971313004,25.945387989412346,-4.86902983092444,-2.142908169959826,12.087252767508204,26.31741370497623,29.043535365940844,32.21324094160026,11.607359842162337,6.174904832082228,38.12861889140818,0.0008335230072564271,-0.4941173438627735,1.4537271102417468,11.606860759894728,21.762358115929988,23.711743379273468,25.98262794976208,2,-0.8418651655191702
14,28,reset,1.2,117.9338879135,30.342282182617502,27.993992489211802,27.7139126058394,28.6833957592229,0.0029470380395650864,96.98310954657073,39.44489852798226,0.9970529079437256,18.24051485040878,8.398060608685824,19.672529057888482,32.10202513808629,96.98310954657073,161.86419395505516,174.29369003525295,188.74566537889893,1.7806185174000362,4.426934398853607,18.24051485040878,32.05409530196395,34.700411183417515,37.777325293491174,18.472571287019836,9.650069379444576,74.90486772642738,18.21895286922659,1.7874761770358745,4.43664484046837,18.270195319501877,32.275890700390036,35.10880989941484,38.75865981318109,2,10.210824472203065,0.006336558144539595,98.05041670611018,53.773846470525456,0.9936634302139282,16.469078257983305,8.261268141113291,-7.34438568630604,9.600310303934734,98.05041670611018,186.50052310828562,203.44521909852637,223.14709012181567,0.27729023477309056,2.880501392854457,16.469078257983305,30.05765512311215,32.66086628119352,35.68766183494354,16.98602296084392,11.315691635238638,86.13904944784107,41.90582437709578,0.2682234743226518,2.8853490886626663,16.526559559346587,30.5096113732322,33.5203324824667,38.03036148867865,2,11.697372798378982,0.002323874505236745,98.37349365483333,48.79713129928843,0.9976761937141418,15.77889303783116,10.479302077546972,2.732873759355769,18.109355252371515,98.37349365483333,178.6376320572951,194.01411355031087,211.89259631222473,-4.7601616172766725,-1.4580249923420823,15.77889303783116,33.015811068004396,36.317947692938986,40.157395147364326,15.9708336009015,11.441608523236946,115.09409852157643,15.816324477980015,-4.757763448504365,-1.4512151787479448,15.806713266790737,33.22293448128108,36.69515271864156,41.03604566789692,2,12.7125621583214,0.001806073123589158,99.06172801075301,49.74035830670802,0.9981939196586609,16.33451761367227,8.65243298909852,1.5724171514875707,17.24611924409851,99.06172801075301,180.8773367774075,196.55103887001843,214.77510481159288,-0.6239394236070801,2.1025318295989948,16.33451761367227,30.566503397745535,33.292974650951614,36.46308670314245,16.483928887061477,9.567437605201162,79.19779652944261,12.338063838768257,-0.6243251715761773,2.1053802026560944,16.352247484489812,30.70021425910522,33.536548140522164,37.02371588383588,2,12.199466872161423,0.0037869217339903116,102.70052781219789,49.642728646153415,0.9962130784988403,16.150623445491853,8.575850041450517,5.402567571442333,21.045505546804662,102.70052781219789,184.3555500775911,199.9984880529534,218.18678405976323,-0.657733772567493,2.044605400620032,16.150623445491853,30.25664149036367,32.958980663551195,36.10103395751332,16.478381163173278,10.528967635780582,82.59918586222878,28.259973676308366,-0.6551922138409402,2.0528036227002784,16.18815833561439,30.54244830839821,33.489338104218,37.40738711080927,2,12.205014596049622
15,31,reset,0.5,23.264990098420203,23.8146666434871,23.8626579946586,23.8366635535984,23.8379960639147,0.9994755387306213,24.430267027512507,5.9426285396404195,0.0005244878702796996,16.24284140290237,10.351207092942825,12.782929116317424,14.655512920459628,24.430267027512507,34.205021134565385,36.07760493870759,38.254888296919425,-4.045151695781122,-0.7833791272504484,16.24284140290237,33.269061933055184,36.53083450158586,40.32335001732638,24.425973471950694,5.948750661437766,35.352510255436506,0.03514004736676911,12.764481765124039,14.643734952026271,24.428035446086163,34.204811636919864,36.07776333430865,38.25572525190927,2,-0.587977408035993,0.9969692826271057,24.712934863781186,6.398123639976183,0.0030307152774184942,12.2240437942652,6.752745803991279,12.172842960793549,14.188957988882402,24.712934863781186,35.236911738679964,37.25302676676882,39.59719619149023,-1.0110947783116817,1.1167653666888047,12.2240437942652,23.33132222184159,25.45918236684208,27.93327963931852,24.67508453903343,6.435945665409378,40.9501200394383,0.47127529281250113,12.015082776117067,14.08217471431252,24.69013963075307,35.22756064944589,37.24476792775127,39.58995645101331,2,-0.8370884751187297,0.9998766183853149,23.986573647212204,5.938413433796965,0.0001233213988598436,12.52941023844972,12.353156160545096,12.347497191661317,14.218752772293916,23.986573647212204,33.75439452213049,35.62565010276309,37.80138911410134,-11.682330931617766,-7.7897234765208125,12.52941023844972,32.84854395342025,36.7411514085172,41.26714881022832,23.98515928942234,5.940996769608553,35.27922199146935,0.01618598359621936,12.341523399524013,14.21509117770468,23.98598077955972,33.75440731094137,35.6257353264594,37.80172940025868,2,-0.14716322550764005,0.99962317943573,23.059682606312215,7.764600296090273,0.0003768564492929727,11.06022792865626,10.522980400447103,7.841345671626238,10.28805164745965,23.059682606312215,35.83131356516478,38.27801954099819,41.122843997898705,-9.564434666240942,-6.248534549358421,11.06022792865626,28.368990406670935,31.68489052355346,35.540341011809815,23.05516136192618,7.769314833278323,60.3080301054607,0.05424194747974199,7.823528606867844,10.276063419314298,23.05694635254073,35.83016439543895,38.277058760435686,41.12202766142525,2,0.78283470198852,0.9981905817985535,23.473228362388127,6.6647890585212854,0.001809359877370298,12.36560680206938,8.974500646540399,10.41048184312979,12.5106259066129,23.473228362388127,34.43583081816335,36.53597488164646,38.97784621960977,-5.224091244381235,-2.396133136470933,12.36560680206938,27.12734674060969,29.95530484851999,33.24341730172679,23.453129308549514,6.686376776121154,44.484768751269904,0.22283355986669562,10.329849649835825,12.457071299809627,23.46136308553736,34.43082502084403,36.53158891728198,38.97406392690638,2,0.3848667553651879
16,35,reset,1.4,114.49088194609999,10.1866541384403,10.6942961650575,10.8123268743736,10.564425725957133,0.0007171592442318797,91.7217122789491,48.18439279569666,0.9992828965187073,13.630320097863056,8.210662377127763,-2.7179622175476226,12.46543902649303,91.7217122789491,170.97798553140512,186.1613867754458,203.8153720211668,-2.4622824505253895,0.12498230717045367,13.630320097863056,27.135657888555652,29.722922646251497,32.73117706336134,13.68632482172737,8.567494849413249,69.03168738315628,4.370291056828397,-2.4630577250577916,0.12612720945726946,13.636927264476864,27.185757098995612,29.813089279726164,32.93191730644201,2,-3.121899095770237,0.0009673928143456578,92.35804845934965,74.64224980995587,0.9990326166152954,11.260195834929178,8.200285623655002,-53.9380728932056,-30.417526864374153,92.35804845934965,215.1336237830734,238.65416981190484,266.0018876183658,-4.812068650376208,-2.228073715177773,11.260195834929178,24.748465385036123,27.33246032023456,30.336912862046663,11.33864942099651,8.884012672009694,72.56942856739091,6.356253801359416,-4.823843147752065,-2.2332762156695916,11.267390601788039,24.8087819999381,27.441046107460345,30.581967505351624,2,-0.7742236950393782,0.0006794056971557438,92.54270337813179,60.09988538894944,0.9993206262588501,10.64308877863963,9.999362100868684,-25.250907459194153,-6.312811083249528,92.54270337813179,191.39821783951305,210.33631421545772,232.3559439828125,-8.955300807437766,-5.804398240175324,10.64308877863963,27.090575797454576,30.24147836471702,33.90508354376004,10.698732183503992,10.340569146812065,102.3733245298668,4.554049407910964,-8.958726132401296,-5.805438630617165,10.650132951000728,27.144322209771115,30.339611210912082,34.12204363037894,2,-0.13430645754685955,0.00026767310919240117,93.20831116691232,61.583291429690284,0.9997323155403137,11.64653034883812,8.654894622437622,-27.492722084714828,-8.087189100823295,93.20831116691232,194.5038114346479,213.90934441853946,236.47247026080984,-5.316751401129011,-2.5895044617612015,11.64653034883812,25.882565159437434,28.609812098805246,31.780826053793387,11.668362112107092,8.81376612817397,75.90230017585074,1.7801716409186221,-5.31811685354076,-2.5910011601499883,11.64889595389249,25.90181916290925,28.64368508524244,31.855693800943026,2,-1.1039363861499591,0.0006055990816093981,96.98512380668666,66.76341517469439,0.999394416809082,11.549079349409674,8.404725100936345,-33.86876542060929,-12.830921791076406,96.98512380668666,206.8011694044497,227.83901303398258,252.30005276204295,-4.9238791483853355,-2.275463216395556,11.549079349409674,25.373621915214898,28.02203784720468,31.10139371987063,11.600819522992197,8.815541739596345,73.295995236691,4.417783064427948,-4.92841820184636,-2.2765040039162967,11.554181325769482,25.41445280618859,28.096371754668787,31.265438392544656,2,-1.036393797035064
17,40,reset,1.0,100.7408380489,35.3315316607622,36.6768970758243,36.4863232841486,36.16491734024503,0.023309960961341858,87.23413669157219,24.98209882237055,0.9766900539398193,20.18158730049447,8.470185673072965,38.2701227415054,46.14224083473587,87.23413669157219,128.32603254840848,136.19815064163896,145.3511891760721,3.5803284389042993,6.2493716751880015,20.18158730049447,34.11380292580093,36.78284616208464,39.88618573377895,21.744579909888024,13.674034949522838,84.61956479238228,102.35967405405741,3.6643056876622033,6.345153867121649,20.433086725853833,36.39162809274673,43.74168611295031,91.70384368142918,2,14.420337430357009,0.03911351040005684,87.91164993910661,31.010021480374927,0.9608864784240723,19.372194766356998,8.094539849199805,27.13312467775829,36.90470363526883,87.91164993910661,138.91859624294437,148.69017520045492,160.05174748393762,3.507188190501097,6.057861536897471,19.372194766356998,32.68652799581652,35.2372013422129,38.20291033588183,22.05301324256942,16.647109503314795,100.57118570814225,176.55506367198998,3.6276431317649247,6.201878270421116,19.773761044131916,37.29305029323686,76.86499658845428,108.2780004292491,2,14.111904097675612,0.016621088609099388,87.4422293566389,29.511763513114055,0.9833789467811584,17.405383587579635,10.814304656441465,29.600235750672084,38.89969810435911,87.4422293566389,135.9847606089187,145.28422296260572,156.09685766456784,-3.7902640568894412,-0.38256464952630864,17.405383587579635,35.19333182468557,38.60103123204871,42.5632182343222,18.569472822990008,14.479481609699471,129.481407054518,80.17399283456423,-3.715790277183944,-0.2973649418320527,17.630361259011103,37.044575583017185,42.72179625113723,79.83960066881038,2,17.595444517255025,0.017019832506775856,88.05218564543534,31.795948892732703,0.9829801321029663,17.67458556187158,8.762289410270988,25.733270961403022,35.75250378686029,88.05218564543534,140.3518675040104,150.37110032946765,162.0206237551553,0.5008138956237325,3.2619020449888634,17.67458556187158,32.08726907875429,34.848357228119426,38.05871890318606,18.87239990201455,13.249238248134336,92.67771966697934,82.8645818839876,0.5573565930495167,3.328996642270383,17.859564932881753,33.631028255885376,38.3531328613381,81.01759903776664,2,17.292517438230483,0.025533201172947884,90.95253866961565,28.563897079676373,0.9744668006896973,18.365586283615727,8.19523628561761,34.96832913534112,43.969108958241385,90.95253866961565,137.9359683809899,146.93674820389018,157.40209991524216,2.3032183190093996,4.885622155493284,18.365586283615727,31.845550411738166,34.42795424822205,37.43055679392461,20.21896357562722,14.743658997507021,86.27948188413785,131.0959995120932,2.3905599733359706,4.985771087348295,18.631714435550506,34.327079419554686,44.25780274598585,98.80844235961874,2,15.945953764617812
18,42,reset,0.3,123.57058184810002,121.63402171700001,121.6194653413,121.7330056767,121.662164245,0.9999856948852539,119.3136899506704,9.04811119174265,1.434003388567362e-05,56.47238429700977,30.98312433599427,101.57971788674101,104.43087143987228,119.3136899506704,134.1965084614685,137.04766201459978,140.36274418566606,-4.25342353006549,5.509679858661151,56.47238429700977,107.43508873535836,117.19819212408501,128.54990972719307,119.31279297054928,9.051908201589193,81.88091077527939,0.056628407612311464,101.57757894795834,104.42945050282673,119.31353367170436,134.19678061656174,137.04774916873953,140.36317059970352,2,2.349371274450718,0.9996103644371033,117.12354083766564,9.921233158153163,0.00038964507984928787,39.3145427378969,23.50419813778347,97.67828116546086,100.8045644936462,117.12354083766564,133.44251718168508,136.5688005098704,140.20378050299874,-6.752839097652114,0.6535771823777097,39.3145427378969,77.97550829341608,85.3819245734459,93.99348410676416,117.09322405904724,10.048170422350516,98.60777359606978,2.3580857257812164,97.61360887314288,100.7688520825483,117.11869818151618,133.4408152778243,136.5673542153152,140.20239070951783,2,4.568940185952755,0.9999926090240479,123.1879161286693,9.382021632462697,7.366084446402965e-06,48.581793327402124,16.756478618781042,104.79949162686673,107.75586381837586,123.1879161286693,138.61996843896273,141.57634063047186,145.01376220755407,15.739698726875801,21.019838696365323,48.581793327402124,76.14374795843892,81.42388792792843,87.56319173861421,123.1873635073358,9.384302061675285,88.02374758713984,0.04099986587240517,104.79824612927595,107.75519822351669,123.18782975814916,138.62003910279634,141.57635334681575,145.01387031313303,2,-1.5251992623358035,0.999996542930603,120.38726465778086,11.528174722742175,3.510108399495948e-06,33.349615416651204,26.675863931012405,97.79245739372116,101.42510465294811,120.38726465778086,139.34942466261361,142.98207192184054,147.20580941560348,-18.93411714462419,-10.528276122338525,33.349615416651204,77.2275069556409,85.63334797792658,95.40695476076465,120.38696553141762,11.529383028513585,132.90085079681631,0.026590916762339066,97.79162889949193,101.4245541524782,120.38721318316387,139.34959317815614,142.98225523364613,147.20589058760208,2,1.275198713582384,0.9999479055404663,120.1211863715657,9.522313120558502,5.2059283916605636e-05,36.6390606756717,21.684126817022392,101.45779560575781,104.45837509824744,120.1211863715657,135.78399764488395,138.7845771373736,142.27339925552818,-5.861046921891358,0.9718460334167247,36.6390606756717,72.30627531792666,79.13916827323474,87.08388299688372,120.11683612654528,9.542405643487761,90.69420187552241,0.3627960736302426,101.44934697861497,104.45376374601311,120.12056542621008,135.7838894360039,138.78444891017523,142.27340977728574,2,1.5453281184547194
19,43,reset,0.1,121.7330056767,121.5844496406,122.83626981620002,123.67543607949999,122.6987185121,0.9999998807907104,121.64039955994679,6.397329030209421,8.162354703245e-08,63.78446477684109,46.17104327518503,109.10186506348377,111.11772970180488,121.64039955994679,132.1630694180887,134.17893405640982,136.52281234891421,-26.70911717116185,-12.160143214480414,63.78446477684109,139.72907276816255,154.278046724844,171.19437314231544,121.64039026559543,6.39740706822776,40.92598784426252,0.0002732192476732211,109.1008162270217,111.11727932515412,121.64040164488915,132.16410997991764,134.1799503618955,136.5240410542722,2,1.0583282465045727,0.9999886751174927,118.01036279857709,7.0045715429483915,1.1294860087218694e-05,41.775400918241715,32.34428006034289,104.28165484726408,106.48886789091736,118.01036279857709,129.53185770623682,131.7390707498901,134.30543291608205,-21.61822310590737,-11.426205450147492,41.775400918241715,94.97700728663091,105.16902494239079,117.01944807400196,118.00949819239221,7.01008869287768,49.075283001574526,0.06564238096048673,104.28017761823892,106.48769554229033,118.01026509505382,129.53197785124962,131.73956868031277,134.30599042390375,2,4.689220319707786,1.0,125.97526599055183,6.245408719942184,2.0520698029713458e-08,53.677937698216645,19.414463417166584,113.73448983073274,115.70248280576058,125.97526599055183,136.24804917534308,138.21604215037092,140.50425928870547,15.62628862139971,21.743987131173505,53.677937698216645,85.61188826525978,91.72958677503357,98.8427333943858,125.97526709206058,6.2453918543852325,39.0051378138199,0.00010725971649263951,113.7343357421875,115.70238074775482,125.97526559395632,136.24805354931507,138.21608170391676,140.50436513133215,2,-3.2765485799605756,1.0,122.13699104174653,8.112817314650888,1.2092153056642019e-08,34.43584912903961,39.59486149034714,106.23616129187782,108.7925940569483,122.13699104174653,135.48138802654475,138.03782079161522,141.01022635416635,-43.168653364892734,-30.691902401999087,34.43584912903961,99.56360066007828,112.04035162297194,126.54727098005024,122.13699145815008,8.112813097875781,65.81782373840916,9.300667891070658e-05,106.23547080887143,108.79231155883838,122.13699128172799,135.48193830100618,138.03823623847728,141.01103844148437,2,0.5617270539499231,0.9999994039535522,120.38871123657657,6.688447969990248,6.369209586409852e-07,38.76264987428773,29.243408738355843,107.27959410292564,109.3871933344619,120.38871123657657,131.39022913869124,133.4978283702275,135.94836795219615,-18.55337803807363,-9.338477053421272,38.76264987428773,86.86377680199672,96.07867778664908,106.79299162246919,120.388664168057,6.688759640942846,44.73585426305417,0.004243683133629544,107.27927091003103,109.38676957869261,120.3887051560185,131.39045648951748,133.49827195815288,135.9484985196981,2,2.310054344042996
20,45,reset,1.2,111.6200364662,15.5141658296774,15.5041620147721,15.7412193904118,15.586515744953767,0.0030287259723991156,92.39750087028983,36.51796245720761,0.9969712495803833,17.30434207584154,8.222302005415697,20.82360966537709,32.33079787367418,92.39750087028983,152.46420386690545,163.97139207520257,177.35098519691797,1.1889262752153087,3.7798588003431615,17.30434207584154,30.828825351339912,33.41975787646777,36.43227686586209,17.53177825318876,9.405726620690098,71.44048040867015,17.02720534031204,1.1964063765913275,3.7896029793010677,17.334403082889338,31.05312118979232,33.833208444628475,37.42867275204186,2,-1.945262508234995,0.005597192328423262,93.2830923747356,50.133816212614924,0.9944028258323669,15.946258170210484,8.092475160540202,-4.977381809539935,10.820302944497385,93.2830923747356,175.74588180497378,191.5435665590111,209.91178913850655,0.08529830976669217,2.635321051381231,15.946258170210484,29.257195289039732,31.807218030654273,34.77217055566149,16.379127594921243,10.60560861776471,79.18958617546139,33.289352849844626,0.07922758425625931,2.641109473618428,15.996315234580893,29.64774311488063,32.542825278477345,36.70589348189259,2,-0.7926118499674768,0.002419288270175457,93.18348015200681,44.73664801563405,0.9975806474685669,14.717426944464798,10.390070210329771,5.50126125231877,19.598242405839727,93.18348015200681,166.76871789817386,180.86569905169483,197.25648615489047,-5.6467364646240625,-2.37271772527658,14.717426944464798,31.807571614206168,35.08159035355365,38.88834468940053,14.907258000836402,11.286877897383443,112.53426660146553,14.859331788433115,-5.642124813795828,-2.364772822205368,14.74649598206297,32.02292855258002,35.47437943344734,39.80321315186205,2,0.6792577441173648,0.0016827430808916688,93.91103148220652,46.3656311762556,0.9983172416687012,15.506042918608216,8.565037441278852,3.0360642562780242,17.64635487604822,93.91103148220652,170.1757080883648,184.785998708135,201.77361899765046,-1.2811219925354358,1.4178100183455342,15.506042918608216,29.59427581887089,32.293207829751864,35.431299561207474,15.637978134147534,9.337072740491065,76.85393298935742,10.326990642432396,-1.2800642713877057,1.4214609226631865,15.522491754823443,29.717476140030367,32.51770212428192,35.94598262172215,2,-0.05146238919376778,0.003382137045264244,97.43334999265556,45.760315754292776,0.99661785364151,15.600185805571584,8.30484632733384,7.7447791930608645,22.164328653762468,97.43334999265556,172.70237133154865,187.12192079225025,203.88776326309215,-0.6770138931424867,1.939929202781899,15.600185805571584,29.260442408361264,31.87738550428565,34.92014740340055,15.87695663641186,9.919267419687744,75.8194212378332,22.572442557788545,-0.6733088202861861,1.9477573605170857,15.63290030735891,29.507976331067507,32.33512226406116,36.03117183109644,2,-0.2904408914580934
21,46,reset,1.4,15.7412193904118,16.8225330428194,16.298375003117098,15.7752742768062,16.298727440914234,0.1346193104982376,14.644550494776901,7.689828453567966,0.8653806447982788,14.706747619729988,9.153920362081324,-0.4272363215076549,1.9959082722909969,14.644550494776901,27.293192717262798,29.71633731106145,32.5337665694735,-3.2346066072972626,-0.35011148866441744,14.706747619729988,29.763606728124387,32.648101846757235,36.00195079319704,14.698374028210981,8.970780076040898,80.47443484845422,0.0004506663992127989,-2.9103028123313694,-0.05399808546621995,14.697030189112505,29.45539491603833,32.31401371094687,35.6519041540066,2,1.600353412703253,0.004128714092075825,14.198474005584075,15.101798513118302,0.9958712458610535,9.005106284195413,8.206071938837814,-15.400507181908342,-10.641774052208923,14.198474005584075,39.038722063377065,43.79745519307649,49.33051087076997,-7.078499170471478,-4.492680907426671,9.005106284195413,22.502893475817494,25.0887117388623,28.095284293336963,9.026547854065715,8.253126658766158,68.00320030935127,0.1108960733237492,-7.110220161058147,-4.511829326836935,9.016555329414123,22.582580691252165,25.21158934228914,28.31259513179838,2,7.2721795868485195,0.10870931297540665,13.917901115101202,8.403921846276381,0.8912907242774963,10.780484947920726,9.84867368788265,-2.553483032489865,0.09467978563677804,13.917901115101202,27.74112244456562,30.389285262692265,33.468346835791635,-8.522560775816547,-5.419141688254587,10.780484947920726,26.980111584096036,30.083530671657993,33.6919260438485,11.12155170557721,9.751071606450218,94.12966123722845,0.9537408446622522,-8.115480809015727,-4.994344399842028,11.166891685383462,27.08151065756727,30.12296746092016,33.66471367992808,2,5.177175735337025,0.008780539967119694,13.19767777270522,10.524280016058382,0.9912194609642029,9.835125533511452,9.462344937235844,-7.429532021983835,-4.113222382761315,13.19767777270522,30.508577928171746,33.82488756739427,37.68081421387314,-8.710729752765726,-5.729046855966834,9.835125533511452,25.39929792298973,28.380980819788626,31.84783156169117,9.864650566998895,9.477380543580702,89.72233434886545,0.09840770960484574,-8.701748116731913,-5.717832387074342,9.861259956281689,25.458159826853617,28.451259146226093,31.935295067037302,2,6.434076873915339,0.009018306620419025,14.257904764712713,11.34340093667851,0.9909817576408386,12.829537877354184,7.591232726198102,-7.974752533375085,-4.40032940794767,14.257904764712713,32.91613893737309,36.49056206280051,40.64660141814765,-2.0490048642559096,0.3430711946345184,12.829537877354184,25.316004560073843,27.708080618964274,30.489385991294395,12.842420152353077,7.634510783221892,58.26753199191719,0.018233505679169416,-2.108059304844912,0.30312276776397984,12.83816122355873,25.39246513412731,27.81719531900061,30.659970205507864,2,3.456307288561158
22,51,reset,0.3,126.0177985018,129.4941260169,129.5606481815,129.51294326450002,129.5225724876333,0.9999872446060181,121.35348131785408,9.07787772025841,1.2757181139022578e-05,57.66530679762009,31.93526999156665,103.56116793008901,106.42170122466506,121.35348131785408,136.28526141104308,139.14579470561912,142.47178285317995,-4.926672222413309,5.1364621243171555,57.66530679762009,110.194151470923,120.25728581765347,131.95785424942142,121.35266905315304,9.081384355187105,82.419823316695,0.051744808456803564,103.55902823892079,106.42045038786095,121.35334258584516,136.28555606719542,139.14617562973203,142.4720265129301,2,8.169903434480275,0.9996386766433716,119.19651130495633,9.989011282075527,0.000361302139936015,40.06437772113878,24.327354782713122,99.61840895092402,102.76604986797523,119.19651130495633,135.62697274193744,138.77461365898864,142.43442646478272,-7.616361492107181,0.04943997265784361,40.06437772113878,80.0793154696197,87.74511693438473,96.65826780094073,119.16791816679908,10.110392628718232,99.95811932511367,2.261618483633195,99.55805808640524,102.73276284121259,119.19199178575377,135.62531856441484,138.77309930999948,142.43334415622905,2,10.354654320834229,0.9999932050704956,125.47740082782042,9.439749347630656,6.797825335524976e-06,49.79526545955997,16.85884856244109,106.97583208337886,109.95039487585734,125.47740082782042,141.0044067797835,143.97896957226197,147.43754165415942,16.752529456360563,22.06492725540312,49.79526545955997,77.52560366371681,82.83800146275937,89.01481197157128,125.47688671724453,9.441879313410878,89.11019434080302,0.03893622147932353,106.97470497621705,109.94971723779493,125.47732036043377,141.00445540952634,143.97901283681034,147.4376514140337,2,4.045685770388786,0.9999969005584717,122.61450612588182,11.547413932561916,3.0924422844691435e-06,34.153109251994245,27.291901902176043,99.98199070348443,103.62070043699738,122.61450612588182,141.60831181476624,145.2470215482792,149.47780797856683,-19.33803554587101,-10.738074578203822,34.153109251994245,79.0442930821923,87.64425404985948,97.64356722065267,122.61423170590875,11.54854811005793,133.3446586409814,0.02419958096030025,99.9812590520053,103.62033396247115,122.61446161068645,141.60842088324594,145.24721597640692,149.4778091520285,2,6.9083407817245615,0.9999538660049438,122.35318829418955,9.58914318785978,4.6171757276169956e-05,37.394987426989516,22.316614579132786,103.55881300338677,106.58045134228138,122.35318829418955,138.12592524609772,141.14756358499233,144.66087116314037,-6.344773404972251,0.6874229952248356,37.394987426989516,74.10255185875418,81.13474825895128,89.3111963089439,122.3492702450885,9.60745035030134,91.97041995918903,0.3332475499762202,103.55130221278165,106.57631916011148,122.35263287680299,138.12583626691125,141.14755168478203,144.66089394030405,2,7.173302242544807
23,55,reset,0.6,100.7122775114,116.19686723950001,116.4685478433,116.21723138940001,116.29421549073334,0.9494997262954712,93.97164659170375,14.13841161475302,0.05050026625394821,33.037494429245314,13.149797477210488,66.26086902818503,70.71602896784441,93.97164659170375,117.22726421556307,121.68242415522245,126.86251039399876,7.264364969917089,11.408002355178315,33.037494429245314,54.6669865033123,58.81062388857353,63.62849783442154,90.89445498339767,19.40539323813935,198.53231009650844,178.03691507509305,32.86942931600609,54.07639218018655,93.02849743398008,116.87021864733009,121.36772755960479,126.58679974453646,2,25.39976050733567,0.9059565663337708,93.55090540285319,15.320099356240341,0.09404338151216507,27.303584589020936,11.054460509984438,63.52406242504685,68.35158441148434,93.55090540285319,118.75022639422203,123.57774838065953,129.19078597033734,5.637240120931153,9.120615125181207,27.303584589020936,45.486554052860654,48.96992905711071,53.02010529509166,87.32077845833923,24.454856627704768,224.12514280641236,373.9144722047015,20.389164641652886,28.179402737374193,91.55208601095991,118.00922394203705,122.92536651459477,128.61956830123992,2,28.973437032394102,0.9523111581802368,95.04465073586293,15.507579714283816,0.047688812017440796,28.217851204215798,12.950349705345191,64.65035300848271,69.53695199758411,95.04465073586293,120.55234947414174,125.43894846324315,131.12067583570595,2.8356321945403167,6.916421521088822,28.217851204215798,49.51928088734276,53.60007021389127,58.34486970933101,91.85775722271968,20.972082029222598,237.01454104451292,202.81343212847412,28.998280969112493,53.50994202839184,94.07072099210923,120.18322790101463,125.11353891731574,130.83558635927682,2,24.436458268013652,0.9721657037734985,94.38771089333234,17.99897309823156,0.027834279462695122,23.244513304589454,12.736153745678289,59.11037186209316,64.78203471130416,94.38771089333234,123.99338707536049,129.66504992457152,136.25958369532162,-1.7178893385049037,2.2954046225989337,23.244513304589454,44.19362198657997,48.20691594768381,52.87323749430543,92.40748966748022,21.363959555063122,319.4607372537377,136.9578874680763,37.59957545368757,58.43366193414932,93.7416980564617,123.7464144446664,129.44724242544183,136.0687084588156,2,23.886725823253116,0.9323993921279907,95.79125829230962,14.635583745212788,0.06760058552026749,25.199613534709975,11.055170111634721,67.10604125897271,71.71786528644435,95.79125829230962,119.86465129817489,124.47647532564653,129.83871742333207,3.5318782729422686,7.015476880022085,25.199613534709975,43.38375018939786,46.86734879647768,50.91778502107125,91.01921963275569,22.848980839718973,207.98216660242977,314.0935736384474,21.525539179144303,32.29623445356428,94.45952268747203,119.36449185043558,124.03585913954895,129.45270557993823,2,25.274995857977643
24,57,reset,1.0,125.65859239,41.5255662530028,41.511052110069,41.4235792955009,41.48673255285757,0.02968699298799038,106.22692094897587,31.744555002650312,0.9703129529953003,26.19951069869589,9.873982333137548,44.00873643853045,54.01177451690599,106.22692094897587,158.44206738104575,168.44510545942128,180.07579899176397,6.846860941761516,9.958255045579829,26.19951069869589,42.440766351811945,45.55216045563026,49.169828507707244,28.575282450431626,17.57839506686869,124.51725357253213,184.48267544721193,6.969717820204534,10.099122561933143,26.573648468743478,46.11956483472488,74.38302192808625,119.59413786977163,2,12.911450102425942,0.06435787677764893,107.314774138024,39.22069610443472,0.9356421232223511,22.717483153827544,9.424816735440752,30.44362232474154,42.80246989908305,107.314774138024,171.82707837696495,184.18592595130644,198.5557571389776,4.2451817914733,7.215039163184883,22.717483153827544,38.2199271444702,41.18978451618179,44.64288552954467,28.16198518271137,24.75999400758486,182.10978319662507,430.9475200590131,4.468219966748136,7.488278766836099,23.50443063247533,77.43700559795977,118.42810712303411,147.06982838165078,2,13.324747370146198,0.019119886681437492,108.65761997857203,38.8530115067923,0.980880081653595,23.679316853047638,11.332707203788365,32.50711673433881,44.750103083637406,108.65761997857203,172.56513687350662,184.80812322280525,199.04324069748262,1.4676188862848143,5.038672305717263,23.679316853047638,42.319961400378006,45.89101481981045,50.04313616370802,25.304091629383713,17.037253820856446,154.8372259039078,135.43077157739444,1.550387345228654,5.1363992396293074,23.948115228811766,44.59952803933361,51.322684263949476,106.41503758189506,2,16.182640923473855,0.02850210666656494,108.93282439037682,39.66960235533548,0.9714978337287903,22.04766818368899,9.602079550127923,31.181832492893975,43.68213507648058,108.93282439037682,174.18351370427305,186.68381628785966,201.21811949375706,3.227938088749692,6.2536528093845085,22.04766818368899,37.84168355799346,40.867398278628286,44.38544553150012,24.524076859489732,18.53256192419154,134.42515362167515,209.03066200427676,3.328340068408748,6.37536555813202,22.39052899830223,41.135867747302115,62.95455013279987,124.12745747602901,2,16.962655693367836,0.04755932092666626,112.27136976115028,37.242496719680034,0.9524406790733337,21.774538546252536,9.757071679112729,39.27741749622629,51.01291395505625,112.27136976115028,173.5298255672443,185.26532202607427,198.91037282895093,2.651029460615831,5.725583806438468,21.774538546252536,37.823493286066594,40.898047631889234,44.47288150382053,26.078506384848204,22.969741803512136,156.63772663193788,370.97131188807487,2.841457203560647,5.947174858964277,22.375920121328917,47.205644805996876,109.8743389784836,142.2704947306073,2,15.408226168009364
25,58,reset,0.1,41.4235792955009,41.4596104620839,41.1284494944697,40.7577518187128,41.11527059175546,0.9999997615814209,45.14326400349222,5.235975518347352,1.8532581691488303e-07,26.97490574950328,20.011448043714314,34.88094056359797,36.53085068150946,45.14326400349222,53.75567732547498,55.40558744338647,57.323964519129476,-12.246811694671308,-5.940997145751169,26.97490574950328,59.89080864475771,66.19662319367785,73.5284953624768,45.1432582396458,5.2359981550915204,27.41550730759844,6.117405277015029e-05,34.880658744112786,36.530649077445034,45.14326333078678,53.75569377151086,55.405710795046666,57.3242846144726,2,-4.027987647890342,0.9999927282333374,42.934318011036524,5.161210159494947,7.30038846086245e-06,15.750330310693698,10.984547097441324,32.8185319817842,34.44488276073247,42.934318011036524,51.42375326134057,53.05010404028884,54.941088293055586,-5.778986386775287,-2.3176418229519378,15.750330310693698,33.818302444339324,37.279647008162684,41.30420809812781,42.93412078622379,5.161794206906334,26.638777471375604,0.005394722745494284,32.81789245985175,34.44453247569344,42.93427119186164,51.42379737432871,53.05017104392649,54.94116497129145,2,-1.8188501944683253,1.0,44.99996769460116,4.874865361984598,9.063170658407671e-09,18.718715762738043,16.240734376093577,35.44540715562953,36.98152772304069,44.99996769460116,53.01840766616163,54.55452823357278,56.34060036568936,-13.112538696886961,-7.994915080134945,18.718715762738043,45.432346605611016,50.549970222363044,56.50031365142534,44.99996786425208,4.874864366838081,23.764314687992282,6.259970176829923e-06,35.44533684110764,36.981384131518354,44.999967457436604,53.01842606523467,54.55467395331657,56.34082606755668,2,-3.8846972724966164,1.0,42.284504442134974,6.853837023865283,3.191428987747713e-08,11.24393767244839,19.791876401291663,28.851230719451827,31.010945754895875,42.284504442134974,53.55806312937407,55.71777816481812,58.22891363162638,-27.547427260551494,-21.31080201039147,11.24393767244839,43.798677355288234,50.035302605448265,57.286727261872336,42.28450480097726,6.853836016347629,46.97509445112017,3.074995483027297e-05,28.851097792695395,31.010870750036467,42.2845038071886,53.558216197603805,55.71797747120444,58.22898345138803,2,-1.1692342092217984,0.999998927116394,41.41597507523771,5.637134943485062,1.1146124734295881e-06,14.330988691837447,15.354129978327697,30.36739361001475,32.14371321783142,41.41597507523771,50.688236932643996,52.46455654046066,54.52991196669552,-15.762553079631605,-10.924307691699205,14.330988691837447,39.58628507537409,44.424530463306496,50.05003632466683,41.415946614215784,5.637221402873351,31.777519046845075,0.0008176748869030987,30.367207558615434,32.143535012048225,41.4159674949976,50.68836273495976,52.46462942650693,54.530083304059396,2,-0.30067602246032266
26,60,reset,0.3,42.973582849415,43.6088028729479,43.2006684007415,43.0376303825012,43.2823672187302,0.9999696016311646,45.05071465850898,6.4344170628590085,3.0395458452403545e-05,22.43787560975216,13.856611149435548,32.43948895379532,34.4670404153469,45.05071465850898,55.63438890167106,57.661940363222634,60.019407113383146,-4.720583190917679,-0.35422149665311764,22.43787560975216,45.229972716157434,49.596334410421996,54.67317349865216,45.050027199784346,6.435980761099358,41.406300494409344,0.01554195619488743,32.4369444836338,34.465519517042985,45.05049478760863,55.634394859120945,57.66191657361058,60.019479972167304,2,-1.7676599810541447,0.9997084736824036,44.02812753150043,6.447957847243486,0.00029153484501875937,15.95467829618866,8.714687746672949,31.390362377070776,33.42218068003177,44.02812753150043,54.63407438296909,56.66589268593008,59.028320561340266,-1.125795823802843,1.6202925483241017,15.95467829618866,30.289064044053212,33.03515241618015,36.22807360859104,44.01994351827491,6.4665184766189086,41.58618069682507,0.22969703568706962,31.360045862926864,33.405197566307166,44.025773774791,54.63320318818271,56.66513038585537,59.027628890231924,2,-0.7375762995447062,0.9999961853027344,44.74819094337219,6.237063516371755,3.8070395476097474e-06,16.213264341629277,14.16412296794955,32.523771081994795,34.489134396941395,44.74819094337219,55.00724748980297,56.97261080474957,59.25777039494131,-11.547906548148426,-7.084644694789201,16.213264341629277,39.511173378047744,43.97443523140697,49.163941695771754,44.7480819671091,6.237362572656288,38.90157668919758,0.0030998398318730766,32.523344588727554,34.488858770599265,44.748162606437084,55.00733800935276,56.97260338961286,59.2578819614266,2,-1.4657147483789004,0.9999916553497314,43.06063719049554,8.289706958114868,8.350011739821639e-06,12.311316872764515,14.297739878086098,26.81311011019931,29.425282634075437,43.06063719049554,56.69599174691564,59.308164270791764,62.34537934892763,-15.711738348606346,-11.206372422914114,12.311316872764515,35.82900616844313,40.334372094135375,45.57283364173906,43.06038066417827,8.290250905092364,68.72037496758428,0.007895043021065905,26.81211426738539,29.424680803789478,43.06055308971684,56.69596142858236,59.30819990120404,62.34540426391409,2,0.2219865545519326,0.9998899698257446,42.89615512999889,6.751890679972106,0.0001100695226341486,14.730774659567778,11.270785274602188,29.662692569701903,31.790283256266925,42.89615512999889,54.002027003730845,56.12961769029587,58.603401659108165,-7.3595585561369,-3.8080173779528828,14.730774659567778,33.269566697088436,36.821107875272446,40.95054202190939,42.89305666790986,6.759010932998314,45.596993893236075,0.08730729286524204,29.6513935735484,31.783856108822164,42.895234879505814,54.001712113078646,56.12936541686816,58.60317598860404,2,0.3893105508203405
27,61,reset,1.3,43.0376303825012,26.0883675621412,26.1014553127424,25.8898134716609,26.026545448848168,0.03157011792063713,39.26788624928888,12.571441154696265,0.9684298634529114,14.22810293621638,8.403405313907596,14.628314352319563,18.589705669979715,39.26788624928888,59.946066828598035,63.907458146258186,68.51343165314607,-2.2422688265350175,0.40573122689219154,14.22810293621638,28.050474645540564,30.698474698967775,33.77734702292882,15.018611583098211,9.620107820143637,73.37720276021379,19.169267509616848,-2.1289767756145506,0.5341626893068432,14.554592593731359,30.434773174259465,35.502205678826094,45.37588637711395,2,11.007933865749957,0.0038749268278479576,38.45251144905603,21.303381226568163,0.9961250424385071,11.040021931613495,7.792964190684104,-3.301348503944297,3.4115675722054704,38.45251144905603,73.49345532590658,80.20637140205636,88.01158707536445,-4.233907214937682,-1.778263482136202,11.040021931613495,23.858307345363187,26.31395107816467,29.16916760908786,11.14624298336262,8.07180592695419,62.25353731970134,2.900509784402344,-4.232826420679598,-1.7723755262494973,11.070468061951194,24.06891228079512,26.68618848739357,29.997884494168268,2,14.880302465485547,0.024515753611922264,37.53848112760868,14.044036756488746,0.9754841923713684,10.081389724508995,9.969133070566649,10.012674887334011,14.438096331658365,37.53848112760868,60.63886592355898,65.06428736788334,70.2097961790177,-9.457752050888843,-6.3163749641744324,10.081389724508995,26.479154413192415,29.62053149990683,33.27306124925195,10.754520467683918,10.945850185694772,101.78250850140464,18.029121538712683,-9.353474253776907,-6.1983672597727155,10.37876266702426,28.4587962080158,33.25427803396613,41.85416130483064,2,15.27202498116425,0.003871302818879485,37.17168983559706,16.96838800419617,0.9961286783218384,10.468375487039104,8.861849043232809,3.9142604716710636,9.26117528337512,37.17168983559706,65.08220438781899,70.42911919952304,76.64606319505893,-6.900529474127943,-4.108069053218822,10.468375487039104,25.04482002729702,27.837280448206144,31.084119168834608,10.571751905724055,9.060508128151213,79.34299388120215,2.7498115513420993,-6.888618893001034,-4.093929733356858,10.506530157362812,25.286752751652664,28.254056346142352,31.96953884382074,2,15.454793543124113,0.0049470397643744946,39.12286240257307,16.87890759629943,0.9950529932975769,12.770274252827441,7.303017029717415,6.04081141544664,11.359530023821183,39.12286240257307,66.88619478132495,72.2049133896995,78.38907320535606,-1.5433761039013767,0.7578802038083801,12.770274252827441,24.7826683018465,27.083924609556256,29.759632393994604,12.900641976508604,7.609081930978321,54.47961316360013,3.418520171127617,-1.5328511914476024,0.771385533918759,12.81036370511412,25.054154968074823,27.566703892809368,30.857757597147874,2,13.125903472339564
28,62,reset,0.1,21.6274668829413,21.6639799720838,21.6034607015767,21.6084649865077,21.625301886722735,0.9999998807907104,23.82911268081063,4.596762749734029,7.329873596972902e-08,20.57752340911911,17.860687945766248,14.819623245856627,16.26811079967519,23.82911268081063,31.39011456194607,32.83860211576463,34.52278193112452,-14.428781703691428,-8.800693938322954,20.57752340911911,49.95574075656116,55.58382852192964,62.12769684065929,23.829111348465492,4.596767939023381,21.130248641025624,7.749764193049107e-07,14.819612253025312,16.267944738711957,23.829113069887484,31.390332181542615,32.83877196233722,34.52306596927457,2,-2.2038094617427575,0.9999970197677612,22.727519874834385,4.5341452668490225,3.015067250089487e-06,10.304491364988884,8.989808591176798,13.840758451137546,15.269514587532917,22.727519874834385,30.18552516213585,31.614281298531225,33.27551907696095,-7.315209701626408,-4.4824279018077835,10.304491364988884,25.091410631785543,27.924192431604173,31.217913469107113,22.72748321028139,4.53421470871898,20.558655699524806,0.0004653188631010356,13.840573538425163,15.269398534797483,22.727505437594715,30.185574799338394,31.614315022410512,33.275589801070275,2,-1.102181323558657,1.0,23.693229367839777,4.296957853509083,2.3237289870081668e-09,13.960762495593805,15.731390236006222,15.271346731875434,16.625362657637744,23.693229367839777,30.761096078041803,32.115112003804114,33.68944813519373,-16.872195793723456,-11.915071791090014,13.960762495593805,39.83659678227761,44.79372078491106,50.55744872683372,23.693229400280806,4.296957794246763,18.463847369902023,2.2010573006078007e-07,15.271220096954096,16.625270461260673,23.693229157816745,30.76119833765823,32.115216812586276,33.68970268661758,2,-2.0679275135580717,1.0,21.377311466909816,6.071240777021117,1.3653732366947224e-08,7.909804078838732,17.778139301401506,9.477898202477451,11.391009054730953,21.377311466909816,31.363613879088675,33.27672473134218,35.50112954132295,-26.9347086640443,-21.33263283152006,7.909804078838732,37.15224098919751,42.75431682172176,49.267940647056044,21.377311574908163,6.071240822501636,36.859968887993176,2.476428763922449e-06,9.477843954581681,11.390853799664745,21.377311390920287,31.363694742856815,33.27689052870659,35.501316482993914,2,0.2479903118145721,0.9999995231628418,20.90912998580098,5.262704807718349,4.6889502414160233e-07,9.931101137833522,14.718940687091864,10.594418101407223,12.2527508952505,20.90912998580098,29.565509076351457,31.223841870194736,33.152012126941074,-18.917492499447775,-14.279401836213136,9.931101137833522,34.14160411188017,38.77969477511481,44.172477513382916,20.909124672194764,5.262718903148365,27.696150271471463,5.650985019693934e-05,10.594377408396957,12.25267971872215,20.90912841520324,29.56555293657727,31.223961380248195,33.15216335856346,2,0.7161772145279706
29,63,reset,1.0,24.138246496393897,23.5885941598887,22.0491608089396,22.0146000827749,22.55078501720107,0.634062647819519,24.36495197774478,7.482929504170821,0.36593738198280334,15.906024837251117,8.494863241124161,9.698679650717803,12.05662824258722,24.36495197774478,36.67327571290234,39.031224304771754,41.77284912137006,-0.7436011689454354,1.9332182246312968,15.906024837251117,29.87883144987093,32.555650843447665,35.668031878507996,21.2695150517014,8.860768387722784,61.910882308461616,16.60234759474595,3.014869811144908,6.091767465199441,21.60857011928619,35.27928761909368,37.777517403339445,40.65540955239319,2,1.2812699654996678,0.2045166790485382,24.495475456930755,10.566949768085014,0.7954833507537842,12.650755722686867,6.892798837116277,3.7846344850402467,7.114389805082094,24.495475456930755,41.87656110877941,45.20631642882125,49.07787658501168,-0.8588817507406041,1.3131105556092653,12.650755722686867,23.988400889764463,26.160393196114335,28.685803643603496,15.07319884401701,9.135386763307503,60.63037138232185,22.82492670401917,-0.409861057548423,1.8591845762710444,14.155553595344205,32.12048037837584,36.839668241777545,41.994922751740965,2,7.477586173184058,0.5895180106163025,23.39898025631227,8.023622188229794,0.41048192977905273,12.690850737355014,10.272797191198258,7.672969741825412,10.20129619871418,23.39898025631227,36.59666431391035,39.12499077079913,42.06471667600757,-7.443461777877804,-4.2063969815243425,12.690850737355014,29.588098456234363,32.82516325258783,36.5889506435518,19.00348519235875,10.441157546314894,81.27059961968055,27.74714976211652,-3.258391214024124,0.5505968555981802,19.727292786055397,34.98488108620893,37.71121959315267,40.847256664816825,2,3.5472998248423195,0.22482432425022125,22.950768478498702,10.113908376602918,0.7751756310462952,12.285019107645823,8.3286983080843,3.127872317419012,6.314869602588509,22.950768478498702,39.58666735440889,42.773664639578385,46.47923772865275,-4.038929614299093,-1.4144705121912349,12.285019107645823,25.984508727482876,28.608967829590735,31.66046871018528,14.682938453386894,9.828271172818782,76.76931207777085,19.825592531124727,-3.274223152492784,-0.5546627371817204,14.162976180800419,31.83670847541263,35.74975239362701,40.29842295757925,2,7.867846563814174,0.2499568611383438,24.06449295126759,9.327597707313213,0.7500430941581726,14.386229559394465,7.246701313772355,5.782737382655306,8.721960031649207,24.06449295126759,39.40702587088596,42.346248519879865,45.763730047583906,0.18295597768155325,2.466466620002004,14.386229559394465,26.30599249878692,28.58950314110737,31.24457775449775,16.805377254982634,8.87110072085417,61.13553951463743,17.560875859712525,0.8799295792358974,3.2615387542235803,16.220539951246085,32.542826918175756,36.22611115347596,40.44617129552308,2,5.745407762218434
30,66,reset,0.4,118.6122837253,114.0005175623,113.582837724,113.24470425290001,113.60935317973333,0.9997667670249939,113.10762774172667,10.72260899466186,0.0002332496951567009,49.662426589811545,23.693633682505993,92.0917002918842,95.47050544647463,113.10762774172667,130.7447500369787,134.12355519156915,138.0521463806295,3.2237579092146547,10.689867291481981,49.662426589811545,88.6349858881411,96.10109527040842,104.78206093541182,113.09283105907541,10.771115872259122,115.07847148867764,0.9386794954886603,92.05120898940223,95.44802525795728,113.10451531028443,130.7436897358998,134.1225983695271,138.0513943870359,2,0.5165221206579247,0.9974320530891418,111.5201919378311,11.699120281722418,0.0025679192040115595,35.965473650466265,18.551453814578423,88.59033753485306,92.27685151029844,111.5201919378311,130.76353236536374,134.45004634080914,138.73641553336412,-0.3947076869656527,5.45104755833421,35.965473650466265,66.4798997425983,72.32565498789818,79.12260879237763,111.32617043591443,12.329777557049487,137.4017079017818,14.621363319286289,88.06656022028508,91.99412285962899,111.48244432435824,130.74897095901392,134.43730074032513,138.7251873585441,2,2.283182743818898,0.9998457431793213,116.18709718977809,11.379401874008021,0.00015426713798660785,42.80609263262659,15.405180954313098,93.88387935111476,97.4696467447776,116.18709718977809,134.90454763477857,138.49031502844142,142.659544547233,12.612492786850531,17.466824866080938,42.80609263262659,68.14536039917223,72.99969247840264,78.6439025949073,116.17577811096052,11.41656028443079,129.5074227885823,0.8305651902155528,93.8544801110133,97.45337583616657,116.18489656280859,134.90378457658005,138.4896675127329,142.6589282594726,2,-2.566424931227189,0.9999247789382935,114.05646816646504,13.697781408277084,7.516436744481325e-05,30.64882687039441,20.88868425888093,87.2093099381396,91.52562273587202,114.05646816646504,136.58731359705806,140.90362639479048,145.9222728246866,-10.292241961440972,-3.710001195070028,30.64882687039441,65.00765493585882,71.58989570222978,79.24317308755244,114.05019241751971,13.717561848314867,187.64789884451775,0.5228667702598934,87.19204630858096,91.51603521022611,114.05517867360699,136.58684698393728,140.90326693550458,145.9220265003303,2,-0.4408392377863777,0.9994158744812012,114.45743848456397,11.241512945814442,0.0005842004320584238,33.462486023919894,17.56979737524749,92.42447797902689,95.96679514321914,114.45743848456397,132.9480818259088,136.49039899010103,140.609108227062,-0.9736840472315649,4.562741086441594,33.462486023919894,62.36223096139818,67.89865609507135,74.33594679515524,114.41012977272172,11.415225781184539,126.47813780306588,3.8302224227881827,92.313715394476,95.90594145451537,114.44920169524892,132.9449704641947,136.4876836585278,140.60676105422345,2,-0.8007765929883846
31,70,reset,0.4,117.677724254,113.8332822791,113.89207723429999,113.886577624,113.87064571246667,0.9997565150260925,112.32095975018464,10.70094561270689,0.00024346369900740683,49.21492801568709,23.4204680246812,91.34749174875722,94.71947054731326,112.32095975018464,129.922448953056,133.29442775161203,137.21508182653199,3.3116541862399913,10.691686240389224,49.21492801568709,87.73816979098495,95.1182018451342,103.69908401394568,112.3055933326517,10.751069476770109,114.61589978380927,0.9693267798685204,91.30527860550073,94.69592282883298,112.31771708799036,129.92135455222086,133.29348679631875,137.2142374527466,2,1.565052379814972,0.9973646998405457,110.72825056143621,11.658919367112555,0.0026352531276643276,35.6927128618064,18.31530126699547,87.87718850323908,91.55103475410635,110.72825056143621,129.90546636876607,133.57931261963333,137.8509528447321,-0.20461798750555005,5.566723144079994,35.6927128618064,65.81870257953278,71.59004371111834,78.30047502669882,110.53050771827947,12.298577314438177,136.45617975006658,14.798249622092934,87.34078845670375,91.26169047937131,110.68964385124042,129.8905763138129,133.5662157776509,137.83957424137415,2,3.3401379941872023,0.9998410940170288,115.31366328680456,11.344147279124899,0.00015891523798927665,42.3565754759396,15.368793158012824,93.0795431844017,96.65420149006428,115.31366328680456,133.97312508354483,137.5477833892074,141.70409619240294,12.234294400388858,17.077160308115225,42.3565754759396,67.63599064376396,72.47885655149034,78.10973476565616,115.30207036106212,11.382107457757678,128.706763678705,0.8457295427002477,93.04929503985112,96.63751628272261,115.31140335895142,133.97228640276907,137.54707344311402,141.70353978888846,2,-1.4314246485954527,0.999921441078186,113.20662905866922,13.674706747506983,7.860847108531743e-05,30.35857746278809,20.71310503714473,86.40469633440867,90.71373806753458,113.20662905866922,135.69952004980385,140.00856178292977,145.01875402886404,-10.238362418010766,-3.711448482986235,30.35857746278809,64.42860340856241,70.95551734358693,78.54446533073437,113.20012210930686,13.69509092163545,187.01663990629825,0.5395103831897932,86.3866778879132,90.70382967050476,113.20528094629532,135.699068118771,140.00813516024706,145.0184824419368,2,0.6705236031598076,0.9993895292282104,113.60328845669173,11.20212969401988,0.0006104448111727834,33.188489015532234,17.38053328757346,91.64751770626606,95.17742479990234,113.60328845669173,132.0291521134811,135.5590592071174,139.66333905510464,-0.8767302602112963,4.600055799116223,33.188489015532234,61.776922231948234,67.25370829127576,73.62165567877481,113.55419671041993,11.38160352829515,125.59550806431798,3.945056060365596,91.53217183235078,95.11402541465091,113.5947130432982,132.02592018965865,135.55626248100802,139.66084133691723,2,0.3164490020467383
32,75,reset,0.6,113.4501635554,104.0690044103,102.7282781569,104.4749548459,103.75741247103333,0.9658457636833191,104.62645729102577,15.045315662571348,0.03415420278906822,38.29554900482907,15.115463207638665,75.13818045634955,79.87911525481549,104.62645729102577,129.37379932723604,134.114734125702,139.627095396922,8.669785508216997,13.432824524693068,38.29554900482907,63.158273484965065,67.92131250144114,73.45937470306183,102.36097449036059,19.276229659651207,226.4337760008348,145.13890259619635,47.552730908577814,72.66205674676088,103.95944466601598,129.1194849298667,133.89054096987445,139.4305255910133,2,1.3964379806727436,0.9248588681221008,104.19715477627476,16.55803797697371,0.07514113932847977,30.398188363436958,12.797961850437314,71.74399668675983,76.96160595464931,104.19715477627476,131.43270359790017,136.6503128657897,142.71691122229504,5.314644061062232,9.347414396158559,30.398188363436958,51.44896233071535,55.48173266581168,60.170699706257594,98.65181713507921,25.384323474063805,265.8744850593356,378.48946568696977,24.86334710975942,35.858649065090056,102.50817601189786,130.80068917389605,136.09358309424022,142.22921724454554,2,5.105595335954121,0.9630531668663025,106.67646404034247,16.759148449964744,0.036946848034858704,33.42442255915408,13.343698109271543,73.8291366668513,79.1101179277998,106.67646404034247,134.2428101528851,139.52379141383364,145.6640734076528,7.271254844406638,11.475992327173273,33.42442255915408,55.372852791134875,59.57759027390152,64.46650628750072,103.97003358509701,21.63324099678066,277.070378991849,190.92689811103608,39.51078222362263,69.69983419343038,105.87032918040155,133.9358241553868,139.2531581978032,145.42682112578143,2,-0.21262111406367978,0.981702446937561,105.75005711346174,19.136593496624684,0.01829756796360016,26.525169588855185,13.988756986912321,68.24302307329393,74.27316189304265,105.75005711346174,137.2269523338808,143.25709115362955,150.26843071071835,-0.8922902939760142,3.515711922389695,26.525169588855185,49.534627255320665,53.942629471686374,59.06788466583262,104.30043592537031,21.8136121690831,363.0890436706289,112.74479429602738,58.75110857072693,70.38775303919715,105.30298358945645,137.05534909119214,143.10574480293099,150.13573705320397,2,-0.543023454336975,0.9561823606491089,107.29930554245561,15.861520372551533,0.043817609548568726,28.27437439759769,12.576900404752957,76.21129687220626,81.20942622869954,107.29930554245561,133.38918485621167,138.38731421270495,144.19871974019637,3.62410256713466,7.587214151032342,28.27437439759769,48.96153464416303,52.92464622806071,57.532619916218124,103.8366187671792,22.564204371297002,247.49484420600095,261.64815337372454,30.50967698852286,67.90542407926625,106.38781433482457,133.0431196899394,138.0822311136997,143.93138207919907,2,-0.07920629614586971
33,76,reset,1.5,104.4749548459,11.156423545141,10.6863158092715,11.1609297813451,11.001223045252535,0.0005344569217413664,83.54347041254992,45.85729128459514,0.9994655251502991,11.602550895491468,8.330791092646809,-6.335168933819091,8.11493852091344,83.54347041254992,158.9720023041864,173.4221097589189,190.2234825017394,-4.725499608823366,-2.1003810486236585,11.602550895491468,25.30548283960659,27.9306013998063,30.982869042948746,11.641000009873736,8.558825561251606,70.48889130117121,2.764601257293189,-4.726133987522341,-2.1003484031958854,11.607482887533132,25.342938957354548,27.997776916946023,31.130318356685454,2,-0.6397769646212002,0.000374633411411196,83.47929504786924,77.8020043811688,0.9996253252029419,8.593886004390676,8.384510459000378,-69.00983146424915,-44.493614042590636,83.47929504786924,211.45220413832908,235.96842155998758,264.4738225361175,-7.8394525232494665,-5.197406434308654,8.593886004390676,22.38517844309,25.027224532030814,28.099174085559397,8.621940224982025,8.6395302748102,72.5413889337349,2.1000913591069534,-7.845367611892893,-5.201322103928472,8.596508600390973,22.40976061800392,25.070142622597782,28.191909156031713,2,2.379282820270511,0.0005412397440522909,83.34495052588825,56.469387566608994,0.9994587302207947,7.989631022660561,9.816300003658897,-27.333015333699322,-9.53892642477696,83.34495052588825,176.22882747655342,194.0229163854758,214.71239023985737,-11.249963445951284,-8.156745641601532,7.989631022660561,24.136007686922646,27.2292254912724,30.825759667119534,8.030416076531676,10.05510901529814,98.03348996446466,3.07172540817087,-11.252860961640529,-8.157572688718163,7.995080497083423,24.178436724341893,27.305086273295878,30.992134548439804,2,2.9708069687208596,0.0001314508990617469,83.85262331995666,59.586171255348766,0.9998685121536255,8.901298406632868,8.923874711137401,-32.934126317162765,-14.157906585555352,83.85262331995666,181.86315322546864,200.63937295707606,222.47078614207072,-8.589174629744221,-5.777169278442013,8.901298406632868,23.579766091707743,26.391771443009954,29.661335369094182,8.911150496799538,8.990558628259686,80.0917867233263,0.7383547909138626,-8.591346629303516,-5.778601999870214,8.902461899962475,23.589939578849883,26.409091194072293,29.69778767298893,2,2.090072548452998,0.0002750078565441072,87.48926045728564,66.62011166172566,0.9997249245643616,9.18518517284295,8.319885559873228,-43.08375904573353,-22.091071837415925,87.48926045728564,197.06959275198716,218.06227996030478,242.47081558990456,-7.121490880003446,-4.499808766135715,9.18518517284295,22.870179111821606,25.49186122568934,28.540133257317123,9.206718788019097,8.491629170907741,70.42200554199255,1.6857547059666433,-7.123724408817493,-4.501143619358714,9.187363138455671,22.889069202816597,25.525244512248015,28.611668364294374,2,1.794504257233438
34,80,reset,0.2,124.28450961370001,124.2524969781,124.30601505610001,124.2730029328,124.27717165566668,0.999998927116394,121.89215037649615,7.598614024176574,1.0253642130919616e-06,61.03950154673285,38.538167378027964,106.9991405566891,109.39354253902498,121.89215037649615,134.3907582139673,136.7851601963032,139.56916995729625,-14.493918544378388,-2.350142841079382,61.03950154673285,124.42914593454506,136.57292163784405,150.6926852960383,121.89208218812678,7.599006447953177,57.74039600228527,0.003796965829033081,106.99843912372471,109.39290278251748,121.89214157845942,134.39132639747314,136.78589245795794,139.5692783071002,2,2.385089467539899,0.999935507774353,119.03371067618735,8.337988686644751,6.449569627875462e-05,41.19861076221248,28.195134752014837,102.69155314686121,105.31893974347939,119.03371067618735,132.7484816088953,135.37586820551348,138.43077293113996,-14.06283789099028,-5.178258897024641,41.19861076221248,87.57548042144958,96.46005941541523,106.79030255085722,119.02869106034565,8.364179795528093,69.56884356795271,0.39070925528397077,102.68236769011841,105.31374412419125,119.03304058773763,132.74852179404772,135.37597783520323,138.4307423296193,2,5.248480595321027,0.9999996423721313,126.1635921073135,7.658603099324468,3.805707535775582e-07,52.07745819129569,18.082521668576597,111.15300586075071,113.56631102200787,126.1635921073135,138.76087319261913,141.1741783538763,143.9801671455496,16.636366971220433,22.334356840308878,52.07745819129569,81.8205595422825,87.51854941137094,94.14369403228629,126.16356680685448,7.658722384713324,58.65430489471309,0.0020888589307847495,111.15281100232143,113.56619949976826,126.16358830857746,138.76099943792465,141.1743312690155,143.9803120475173,2,-1.8863951511877985,0.9999997615814209,122.80957525934059,9.653041195550244,1.9273373652595183e-07,34.54368264520295,32.96234381814673,103.88996217478063,106.9317354377278,122.80957525934059,138.68741508095337,141.72918834390055,145.26590712263754,-30.061324084391146,-19.674548136897158,34.54368264520295,88.76191342730303,99.14868937479703,111.22556110995184,122.80955263698918,9.653164357104737,93.18139151516944,0.001501562803751531,103.88983913543838,106.93137028562967,122.80957315160717,138.68757715840465,141.72951262220323,145.2662528362817,2,1.467619018677496,0.9999945163726807,121.81494571694542,7.980980532106066,5.4641777751385234e-06,38.3498245259786,25.595160068641835,106.17251131270221,108.68740094208167,121.81494571694542,134.94249049180917,137.45738012118863,140.3814828105717,-11.815767387097146,-3.750467345330435,38.3498245259786,80.45011639728762,88.51541643905433,97.89307073739855,121.81448727944004,7.983585335549246,63.69928061808166,0.038065584617209464,106.17151997952104,108.68685663691984,121.81489150901173,134.94271226777676,137.45767048928917,140.3817370080174,2,2.4626843762266333
35,81,reset,0.7,124.2730029328,106.0692732059,105.8510770611,105.8299608852,105.91677038406665,0.8397750854492188,111.37497214020273,18.787331166394463,0.16022489964962006,38.423164918268306,14.426086285000853,74.55247968844269,80.47256233042035,111.37497214020273,142.27738194998508,148.19746459196276,155.0808400580457,10.148555361799403,14.694364569669755,38.423164918268306,62.15196526686685,66.6977744747372,71.98326007810977,99.68627448919344,32.339464484944045,329.75493447004396,716.0858806248085,23.839213576798826,31.351964052062485,106.83873991722987,140.65788739353002,146.773890565175,153.83598997382035,2,6.230495894873215,0.7855839729309082,111.45766054367422,21.302081610956886,0.2144160121679306,30.608028737745883,12.709900645841136,69.70634779046574,76.41885434427552,111.45766054367422,146.49646674307292,153.2089732968827,161.01371281196828,5.697081224814877,9.702102562241222,30.608028737745883,51.51395491325054,55.518976250676886,60.17567908446872,94.12220324575303,38.628560289497855,391.11835920779885,1101.0471788223485,15.454755450263285,21.348612949200575,104.02243392888371,143.94043258494935,150.96550901374638,159.0543954991074,2,11.794567138313624,0.7820851802825928,114.18726251897132,21.72704150768973,0.21791484951972961,34.34049307539697,12.954409923518789,71.6030436732926,78.44945949212267,114.18726251897132,149.92506554581996,156.77148136465001,164.73191933958242,8.950316184331864,13.03238492768094,34.34049307539697,55.64860122311299,59.730669966462074,64.47695706042848,96.78746917408388,38.630669679266376,405.76427760057663,1086.5646414506318,18.770670260442266,24.742592307288174,106.43868532417812,147.26846732344217,154.44004550432373,162.6959604121651,2,9.12930120998277,0.8910824060440063,113.43395517029354,23.74888463577175,0.10891754925251007,27.818301530232965,13.060389110090423,66.88699661118426,74.37051614109228,113.43395517029354,152.4973941994948,159.9809137294028,168.68212245356233,2.220409250376605,6.335873133103213,27.818301530232965,49.30072992736271,53.416193810089325,58.201309970637965,104.10890292727345,35.10799655992243,521.157437709071,711.4135002164302,18.137871503721005,26.44218798627557,109.78143149871043,151.15391290059333,158.79839271554815,167.64701290003097,2,1.807867456793204,0.8469054698944092,115.60249493192585,20.470317534029693,0.15309453010559082,28.75877081672131,12.556757803593667,75.48140981312886,81.93181889122877,115.60249493192585,149.2731709726229,155.72358005072283,163.22357460815675,4.1479777590854425,8.104742200729056,28.75877081672131,49.412799432713555,53.36956387435717,57.97015763795717,102.30719579588904,36.83570495135178,379.0208481806456,977.8483110823965,16.44046550690751,23.115992472640794,110.92431303683156,147.5954959147082,154.24862973199845,161.93363350622224,2,3.6095745881776082
36,82,reset,0.3,105.8299608852,106.01174588939999,105.8726388151,106.09978260150001,105.99472243533334,0.9999698400497437,104.1625492687895,8.764673239571277,3.012041088368278e-05,47.87843761245763,24.943410043663164,86.9841053829678,89.74594470163618,104.1625492687895,118.57915383594283,121.34099315461121,124.5522282263288,-1.0097477247368403,6.850179133600477,47.87843761245763,88.90669609131476,96.76662294965209,105.90548653886239,104.16084984969835,8.7710754669034,76.83592025187251,0.09541561250701582,86.97974441219377,89.74357626514505,104.16222680277224,118.57908536397649,121.34110704653584,124.55237508659397,2,1.8338725856349924,0.9994087219238281,101.85584682401225,9.354869463732598,0.0005912877968512475,33.86385112547502,18.337986907571505,83.52063959502283,86.4684558569341,101.85584682401225,117.24323779109038,120.19105405300166,123.61852751289615,-2.077942762332178,3.7005468495674094,33.86385112547502,64.02715540138263,69.80564501328222,76.52438798209276,101.81564497678016,9.507493425220247,87.66067712392035,2.731854875384081,83.42763321730632,86.41734523628153,101.84891145645574,117.24061604138382,120.18880064187945,123.61652915592516,2,4.179077458553181,0.9999881982803345,106.44527077982605,8.91125100584004,1.174807403003797e-05,39.90370661772842,16.04503704706216,88.97953975118324,91.7875672421951,106.44527077982605,121.10297431745698,123.91100180846885,127.17594061230633,8.456011874875678,13.511969236297475,39.90370661772842,66.29544399915935,71.35140136058115,77.230044441068,106.44448333428,8.914320325922985,79.41248177180557,0.05201727334517705,88.97768236497393,91.7865403305779,106.44514022032,121.10299292254045,123.91097134525846,127.17601174813434,2,-0.44976089894664995,0.9999922513961792,104.02413300211063,11.255579627868672,7.746682967990637e-06,27.680248349068563,22.64103292711768,81.96360230636529,85.51035202776974,104.02413300211063,122.53791397645152,126.08466369785597,130.2085267405003,-16.69536076086758,-9.56093677902868,27.680248349068563,64.92143347716579,72.0558574590047,80.35116716515745,104.02354139042463,11.257718831777996,126.69106218012578,0.04515032989043459,81.96209304870457,85.50945840499372,104.02402382788944,122.53796846107481,126.08469991060525,130.20869699904947,2,1.9711810449087181,0.9998903274536133,103.72196228677957,9.012096566665571,0.00010971449955832213,31.208606758234332,17.741531060324593,86.05857759091798,88.89838256266279,103.72196228677957,118.54554201089634,121.38534698264117,124.68723397529278,-3.564155150600598,2.0263850459872152,31.208606758234332,60.39082847048144,65.98136866706926,72.48157982264999,103.71401087173176,9.045435084055006,81.24351110170883,0.5768360314679467,86.04206518332666,88.88917494794624,103.72072245274262,118.54517085459464,121.38495790234,124.68697375535807,2,2.280711563601585
37,83,reset,0.4,106.09978260150001,106.0972272868,106.307127457,105.9156204145,106.1066583861,0.9996082186698914,102.44697021296942,10.38784126869934,0.0003918067959602922,43.74257950498014,20.335900971272014,82.08717544919985,85.36049182595312,102.44697021296942,119.53344859998572,122.80676497673899,126.61270266428184,3.8849460081138787,10.292999035057392,43.74257950498014,77.19215997490288,83.60021300184638,91.05095949620386,102.42397204263668,10.458319749235985,108.0270014363061,1.349717694804304,82.02080876507979,85.3236127804527,102.44188678266494,119.53158885818252,122.80517059226244,126.61134340376574,2,3.682686343463317,0.9965736865997314,100.83225688939234,11.118893060237857,0.003426316659897566,32.32863912140919,15.659873916182013,79.03962694337379,82.54330531157454,100.83225688939234,119.12120846721014,122.62488683541089,126.69867012176414,1.6358502432542252,6.57043871277444,32.32863912140919,58.08683953004393,63.02142799956415,68.75895351406683,100.5975421312464,11.835123076167681,124.04642979483219,16.023741420210378,78.36381919702836,82.18181036566827,100.78434577448905,119.10277326152999,122.60858404840259,126.68439162435334,2,5.509116254853595,0.999783456325531,104.45893943219988,10.868660142853104,0.00021659278718288988,36.884846515912095,14.934868507030115,83.15675699200183,86.58158437612505,104.45893943219988,122.33629448827472,125.76112187239792,129.7432238491986,7.613042128291575,12.319173884080282,36.884846515912095,61.450519147743904,66.15665090353261,71.6285461163211,104.4443085013358,10.91507091836476,118.15050456433525,0.988804340214713,83.11727820106182,86.55986087459712,104.45598773702365,122.33522002563335,125.76014826506085,129.74243525105288,2,1.6623498847641969,0.9998712539672852,102.61303572973748,13.310431119416979,0.0001286955230170861,26.85331244499436,18.691940533179025,76.52507011697904,80.71932482667671,102.61303572973748,124.50674663279824,128.7010013424959,133.57772886696023,-9.782217801200957,-3.8921937357664085,26.85331244499436,57.598818625755115,63.48884269118966,70.33726856605321,102.6032806095723,13.338996249247165,177.18973171600925,0.7385574839529602,76.4964326012901,80.7034765674472,102.61088943664161,124.50594671104895,128.70038022456131,133.5771638197537,2,3.5033777765276994,0.9990091323852539,102.95132192723295,10.694211961310758,0.0009908131323754787,29.83816065532526,15.26452566029507,81.99105164002641,85.36090859528312,102.95132192723295,120.54173525918277,123.9115922144395,127.82977918797036,-0.07975987994056766,4.73025025929509,29.83816065532526,54.94607105135542,59.75608119059109,65.34875747339456,102.8788748378632,10.944197887548189,114.48371289059959,5.291177866377423,81.81121348825398,85.26240810428807,102.93802944032475,120.53667110607367,123.90710903590917,127.8258434530359,2,3.2277835482368005
38,88,reset,0.1,129.1972471167,128.7450983522,129.07437794860002,129.12482807019998,128.98143479033334,0.9999998807907104,127.88260030410348,6.428572394647087,5.975215344733442e-08,67.43287679901623,50.43188636693745,115.28282993858677,117.3085396846481,127.88260030410348,138.45666092355884,140.48237066962017,142.83769602750837,-31.41180415259774,-15.52019440564537,67.43287679901623,150.3859480036778,166.2775577506302,184.75498843261042,127.88258908856915,6.428676440978635,41.32669007885374,0.0002183445158703337,115.28151416884329,117.30735657607461,127.88260316774239,138.45694270323932,140.48340152478067,142.83872716921323,2,1.0988457017641906,0.999990701675415,124.42147322936509,7.109409603617441,9.283796316594817e-06,44.2284542008412,35.939737248906944,110.48728645493172,112.72753505737131,124.42147322936509,136.11541140135887,138.35566000379845,140.96043314642606,-26.212136420849077,-14.887152964706338,44.2284542008412,103.3440613663887,114.66904482253145,127.83678554342228,124.42072692608187,7.114432809253664,50.55522649234356,0.05970279993137522,110.48561302769772,112.72646982084179,124.42139240939281,136.11566624796436,138.35605839365272,140.9611637473271,2,4.560707864251469,1.0,133.0040598038428,6.329695708248178,1.7088712667145955e-08,57.451279413370614,19.743624929887986,120.59808418257863,122.59263686063161,133.0040598038428,143.415482747054,145.410035425107,147.7291339580514,18.754485626523,24.97590633827484,57.451279413370614,89.92665248846637,96.14807320021822,103.38181929487527,133.00406078561122,6.329680060308057,40.065054420378885,9.754617977311953e-05,120.59801885831678,122.59258545099863,133.00405939019973,143.4155756060377,145.41022150516727,147.72931940110337,2,-4.022625995277878,1.0,129.01505826043984,8.093147300986612,8.473397983266295e-09,37.010116781662674,42.46555388595341,113.15278102892853,115.70301556895949,129.01505826043984,142.3271009519202,144.87733549195116,147.84253427838942,-46.22083941835098,-32.839503548151,37.010116781662674,106.85973711147633,120.2410729816763,135.79976778421715,129.0150585740413,8.093143962858225,65.49904851574261,7.172654560998103e-05,113.15197655795224,115.70252858986314,129.01505818849708,142.32761246829062,144.87812583631927,147.84351977979858,2,-0.03362378370795227,0.9999995231628418,127.25085456199287,6.775507087382828,4.662858827941818e-07,41.22572691055424,31.77792429040776,113.97110469372664,116.10613715487581,127.25085456199287,138.3955719691099,140.5306044302591,143.01304107027457,-21.057860202085536,-11.044307115512268,41.22572691055424,93.49576093662074,103.50931402319401,115.15223352497513,127.25081310703148,6.775807464204981,45.90794527326579,0.0034506643434550222,113.9705250054447,116.10565252423721,127.25085121481602,138.39574088745903,140.53107026372572,143.01358859651506,2,1.7306216833018624
39,90,reset,1.2,138.6742135022,10.918882963332399,10.1816570524673,10.314191946493299,10.471577320764332,0.0038062874227762222,112.14588913633179,48.71307988432217,0.9961937665939331,22.533424732676295,9.333605908088193,16.670006987037738,32.02000300862764,112.14588913633179,192.2717752640359,207.6217712856258,225.4694589632063,4.2398933069331655,7.181009202221734,22.533424732676295,37.885840263130845,40.82695615841942,44.246638994092294,22.874516746041365,11.236832912704601,95.81679826547084,30.4496439064636,4.246064898443213,7.192660789569444,22.575172067865978,38.20067135071783,41.412499080537984,45.69308870884984,2,-12.402939425277033,0.01183067262172699,113.68457350583353,65.57362428664628,0.9881693124771118,18.569562538703032,9.069300545387076,-14.837368431754214,5.825559765590214,113.68457350583353,221.5435872460768,242.20651544342124,266.231634958226,0.7940601047748892,3.6518906427101285,18.569562538703032,33.48723443469593,36.34506497263117,39.667910581501694,19.69483681815908,15.424463959622614,132.14982375677414,105.76425890496192,0.7600598692622005,3.6551076750588694,18.685597279120735,34.44983156317928,38.29431216076061,50.97844925195353,2,-9.223259497394746,0.0027482504956424236,115.90606323832446,62.197343957048666,0.9972516894340515,20.314580337504985,10.878310725296947,-5.998490851540922,13.600536443824694,115.90606323832446,218.21159003282418,237.81061732818984,260.59872212379156,-1.006516896712828,2.421351485895194,20.314580337504985,38.20780918911477,41.635677571722795,45.621315366455214,20.577288457463297,12.39708972670409,128.6440490508191,25.043759205875585,-1.0103948774689595,2.424880097922654,20.347481604064065,38.45837560831336,42.094946453001484,46.70411341407135,2,-10.105711136698964,0.003057262860238552,116.19906172196883,60.06758806794896,0.9969426989555359,19.69387124238152,9.124550057837297,-1.531247529399053,17.396671626175973,116.19906172196883,215.00145181776165,233.9293709733367,255.93716752260286,1.8100817538875447,4.685321985447569,19.69387124238152,34.702420499315465,37.57766073087549,40.920748871010545,19.988912225059785,11.064350483148312,94.03382718161396,28.38600917557048,1.8079047820008969,4.68911893009064,19.725148409650615,34.94238577498275,38.020089364127095,41.980590658959684,2,-9.517334904295453,0.007279557641595602,120.14623927206338,62.7333158090119,0.9927204847335815,18.475157423312552,9.770459737050647,-2.8088003443771754,16.95911723291799,120.14623927206338,223.33336131120873,243.1012788885039,266.08575513589085,-0.674591773705405,2.4041812878414603,18.475157423312552,34.54613355878364,37.624906620330506,41.20464566100196,19.21527870700199,14.075386249267204,123.41544002969667,74.70107368242054,-0.6785888542930204,2.417074388295612,18.55549373831659,35.17859617277128,38.84104285173879,44.750232520944984,2,-8.743701386237657
40,91,reset,0.3,10.314191946493299,10.3016890855458,10.3076907536097,10.2766821978165,10.295354012324,0.9999970197677612,11.12784252001557,4.596157967413813,3.0067058105487376e-06,15.75755167814794,12.913229974753865,2.119538436627675,3.5678354172730504,11.12784252001557,18.687849622758087,20.13614660340346,21.820104836264566,-9.551913996452711,-5.482821481484429,15.75755167814794,36.9979248377803,41.067017352748586,45.79821677691706,11.127856734782734,4.5962123151235605,21.125106477733848,6.44461607129062e-05,2.1194243624391205,3.5677785195639466,11.1278471243803,18.688007728357295,20.136336228019278,21.820404687116024,2,-0.8325027224587345,0.9999498128890991,11.500921531015678,4.762267429055632,5.0197595555800945e-05,8.783364773579216,7.0071455598991115,2.1670488853184793,3.6676886778206548,11.500921531015678,19.3341543842107,20.834794176712876,22.579612240213187,-4.950388158252798,-2.7423640151977473,8.783364773579216,20.309093562356175,22.517117705411223,25.084422949945232,11.50078523678386,4.762445472525605,22.680517569171215,0.0003706963933571159,2.166422185899042,3.667235147063264,11.500831013344229,19.334205667481676,20.834899176709676,22.579784780976123,2,-1.2054312244598613,0.9999997615814209,11.113618789068184,4.440817161069885,2.0096237562938768e-07,11.770106215521224,13.75002537952428,2.4097770914437984,3.8091245750540397,11.113618789068184,18.418113003082325,19.817460486692568,21.444504350727193,-15.179448314858057,-10.846672900664089,11.770106215521224,34.38688533170652,38.7196607459005,43.75744852518514,11.11361850472349,4.440821440200394,19.72089035082348,8.661006464694942e-08,2.4096484199148582,3.809007084940803,11.113619156268184,18.418215557721854,19.817598716826858,21.444702748704326,2,-0.8182644923994911,0.999998927116394,9.719889107136645,6.061521035431664,1.1234702697038301e-06,8.473226348347517,12.977431274114148,-2.1604738138413566,-0.25042575283577406,9.719889107136645,19.69020396710906,21.600252028114642,23.82109568136693,-16.962071560759963,-12.872748551392611,8.473226348347517,29.819201248087637,33.90852425745499,38.66324600339408,9.71988819824486,6.061533140855052,36.742187050861325,1.7460598606109759e-06,-2.160565498492407,-0.25052559953410924,9.719888108235423,19.690281074541467,21.600360953336516,23.821187217046262,2,0.5754658140791395,0.999984622001648,9.860616441931349,5.4301686359617225,1.5427554899360985e-05,9.343444351050117,11.281749880812646,-0.782318514532621,0.9287838661115781,9.860616441931349,18.792449017751117,20.503551398395317,22.493077703884154,-12.76837909793172,-9.21338285876391,9.343444351050117,27.900271560864137,31.45526780003195,35.588719201739124,9.86060895188863,5.430307621341296,29.488241554562222,4.126297967038692e-06,-0.782607486156001,0.9285686822564733,9.860612311840178,18.79260408710023,20.50381815865628,22.493480691608642,2,0.43474506043537
41,92,reset,0.7,10.2766821978165,10.5317535000966,9.6660196877489,9.55198332605791,9.916585504634469,0.9965155124664307,11.390140106270657,5.2496729914211056,0.0034844686742872,15.731887871864018,9.486203401656207,1.1009701124726394,2.755196446022463,11.390140106270657,20.025083766518847,21.679310100068673,23.60270570927277,-2.8607291454035,0.12847180065040753,15.731887871864018,31.335303943077623,34.32450488913153,37.80009698802593,11.405268575541657,5.276557244852686,27.776597851770887,0.06545605321818117,1.0894657905496552,2.7488247692428627,11.398243301382754,20.074199407963892,21.75504311498638,23.737146325706384,2,-1.4886830709071877,0.9735421538352966,12.230118272554726,6.369650963809568,0.026457780972123146,11.254104066853252,6.431092381015299,-0.25416821060287376,1.7529747823176134,12.230118272554726,22.707261762791838,24.714404755712323,27.04814225059531,-1.3506053811866803,0.6758984386802531,11.254104066853252,21.832309695026247,23.85881351489318,26.21506215518844,12.20429430516163,6.373210050237747,40.59325968967702,0.02453694467862544,-0.2879759586349534,1.7207343727044084,12.204626209544976,22.686733914024927,24.694682741643863,27.029307011850324,2,-2.2877088005271613,0.9982561469078064,11.114437172291247,5.383165271013999,0.0017438135109841824,13.18355778047625,11.196060978992488,0.5636271182770081,2.259918251784663,11.114437172291247,19.968956092797825,21.665247226305482,23.637552256125147,-8.760318507063293,-5.232323728389403,13.18355778047625,31.599439289341895,35.12743406801579,39.22949043658704,11.11804489284079,5.399442736670792,29.146524273548387,0.0074527003687833195,0.5466777650614892,2.2494001912975716,11.116164091681252,19.989249577460825,21.69741357296363,23.696179556031577,2,-1.2014593882063203,0.9914404153823853,10.44808304106433,7.0537898015750935,0.008559539914131165,11.625724972533384,9.038232960444505,-3.3770909245387912,-1.1543686978097725,10.44808304106433,22.050534779938427,24.273257006667446,26.85765194988951,-6.088886113820681,-3.2408452936861085,11.625724972533384,26.49229523875287,29.340336058887445,32.651799005149314,10.458162647115586,7.073970607581155,50.02928615866417,0.01176910889644365,-3.4013453360160084,-1.1711915153227956,10.45594334877532,22.094098742407393,24.330965840073898,26.93898548832911,2,-0.5415771424811169,0.9840019941329956,11.050326644309578,6.390902272521938,0.015998026356101036,12.857916180103352,8.214787432000369,-1.4756116385486084,0.5382278618594576,11.050326644309578,21.562425426759695,23.576264927167763,25.917788559193767,-3.2427713272696543,-0.6542067220578307,12.857916180103352,26.37003908226453,28.958603687476355,31.96836945823483,11.079244735755431,6.428159814528295,41.26980572881303,0.051435387333137815,-1.5027927197058055,0.5214685693062412,11.072729840156503,21.65634475601272,23.70030692192487,26.093181117301537,2,-1.162659231120962
42,93,reset,1.4,9.55198332605791,9.93008229059194,9.82158115670726,9.76103998024365,9.837567809180952,0.21331791579723358,8.873876805397991,6.775527258800298,0.7866820693016052,14.992905111220978,9.30330915945608,-4.405912598119993,-2.27087378074825,8.873876805397991,20.01862739154423,22.153666208915972,24.63611023941383,-3.2412457783545463,-0.3096767023612159,14.992905111220978,30.295486924803164,33.227056000796495,36.63563859586631,13.687606522906844,9.174141250405242,77.88151109506911,6.2833537955768834,-3.594019731878198,-0.9292060064638641,13.413510742466741,29.21303516360497,32.2629091511323,35.787748484394086,2,-3.8500387137258922,0.005568905733525753,8.709785205910933,13.514967851746837,0.9944310784339905,8.809241820562107,8.205112355692457,-17.779065035729538,-13.520358683167409,8.709785205910933,30.939929094989264,35.198635447551396,40.15030193555249,-7.272482885699713,-4.686966997242973,8.809241820562107,22.305450638367184,24.890966526823924,27.897187505493488,8.808687816578361,8.24416086224802,67.96613231540896,5.477872341339689e-05,-7.345864214114611,-4.73620124124694,8.808905011053158,22.35310051876363,24.962061131463223,28.01394500170693,2,1.0288799926025902,0.17613601684570312,8.504140486435759,7.373276958396352,0.8238639831542969,11.314975641515453,9.814789308571951,-5.947216800060129,-3.6238208611002047,8.504140486435759,20.632101833971717,22.955497772931643,25.656947663315428,-7.921657919134354,-4.8289161504536615,11.314975641515453,27.45886743348456,30.551609202165256,34.147589883670584,10.81988633328984,9.491315191438822,88.93856305389201,1.1465010093453207,-7.563478134178939,-4.587702193879676,10.699039558856825,26.640735402553076,29.78497995125199,33.44903331750206,2,-0.982318524108889,0.013455578126013279,7.789444112426544,9.303071424893043,0.9865444302558899,9.988676126554921,9.50079309974912,-10.444240825967547,-7.512746662597383,7.789444112426544,23.091634887450468,26.02312905082063,29.431624543776568,-8.63253617352002,-5.638737862482946,9.988676126554921,25.616090115592783,28.60988842662986,32.09082595585818,9.959084272095703,9.501539158765764,90.21504336188973,0.06420385501479647,-8.662579064272611,-5.668991161296147,9.958731620489859,25.588364127350648,28.582736980956614,32.06435237125935,2,-0.1215164629147516,0.013405734673142433,8.61457035219059,10.167625581733187,0.9865943193435669,13.088688722483958,7.652447214957296,-11.313609596294576,-8.109685463407821,8.61457035219059,25.338826167788994,28.542750300675753,32.26800450829886,-1.9098322124261866,0.5015331659067535,13.088688722483958,25.67584427906116,28.087209657394098,30.890943032209616,13.028710585723468,7.708797004341609,59.16080543810859,0.26475498522811464,-2.130015106068928,0.33955055982989246,13.044775494241046,25.672538013947804,28.092053901332388,30.907295787715874,2,-3.1911427765425167
43,97,reset,0.3,103.5793072574,102.822963329,102.7893958347,102.7473828186,102.78658066076667,0.9999674558639526,102.19303512007116,8.71914995238041,3.257950083934702e-05,46.80254607396918,24.2804620003576,85.10381523760142,87.85130969696448,102.19303512007116,116.53476054317784,119.2822550025409,122.47681107523462,-0.7862849747250777,6.86474008862357,46.80254607396918,86.74035205931477,94.39137712266344,103.2873472292305,102.19123413962222,8.725817641623307,76.0403087166258,0.09995411447103789,85.0992024673026,87.84870156625568,102.19268683650198,116.53483654425625,119.28238812182401,122.47687474031116,2,0.5953465211444495,0.9993873834609985,99.88800978457499,9.2736189941636,0.0006126515800133348,33.173830158293704,17.77677340827568,81.71205054966777,84.63426394705893,99.88800978457499,115.14175562209105,118.06396901948222,121.46167361631224,-1.6680054832559819,3.9336399421969546,33.173830158293704,62.41402037439044,68.01566579984339,74.52878918394158,99.8471407371946,9.426859979421915,86.1409304968441,2.725107914450702,81.61653872971313,84.58166045600802,99.88088549391968,115.13910169595749,118.06164783547099,121.4596768823649,2,2.939439923572081,0.9999877214431763,104.30207496342922,8.844152226441752,1.2254248758836184e-05,38.82855277679315,15.959165882077007,86.96785512581366,89.75473909645557,104.30207496342922,118.84941083040287,121.63629480104478,124.87664969310556,7.549162424621809,12.578060892538584,38.82855277679315,65.0790446610477,70.1079431289645,75.95512439802812,104.30127009921962,8.847258579659204,78.22118928327644,0.052530650595390395,86.96600852961707,89.75365313715103,104.3019394461322,118.84941226096564,121.63628756681824,124.87674382763868,2,-1.5146894384529475,0.9999915361404419,101.92099473917808,11.203203822000155,8.40945267555071e-06,26.98675501645134,22.183914027675588,79.9631187365963,83.49336429908453,101.92099473917808,120.34862517927164,123.87887074175987,127.98354413293437,-16.49291751392571,-9.50253643195051,26.98675501645134,63.47604646485317,70.46642754682838,78.59425625263923,101.92035903803178,11.205473533006874,125.5148520738921,0.04721985940919425,79.96141621733713,83.49236824418365,101.92087752683148,120.34871461474546,123.8789905632164,127.9836925881979,2,0.8662216227348978,0.9998815059661865,101.6148099117705,8.943775975694816,0.00011846557754324749,30.5303803070108,17.318346248329107,84.08533111361407,86.90360755950742,101.6148099117705,116.32601226403355,119.14428870992691,122.42114413872568,-3.412954611508617,2.044235667645239,30.5303803070108,59.01652494637635,64.47371522553021,70.81887828371438,101.60638596218455,8.978641879676832,80.01718103408511,0.5985351909172777,84.06751114284083,86.89373872125547,101.61348217602436,116.32557417853343,119.14393923023135,122.42076604865886,2,1.1801946985821274
44,98,reset,1.1,102.7473828186,27.6484062767412,27.616901654280003,27.4063081099377,27.557205346986297,0.008079628460109234,87.30505075050337,28.908733224587472,0.9919203519821167,18.242007535301553,8.197480355811145,30.64497479163545,39.75441605546812,87.30505075050337,134.8556854455386,143.96512670937128,154.55682082873625,2.175241273937118,4.758352240182141,18.242007535301553,31.72566283042096,34.30877379666599,37.312198533534364,18.80001090803179,10.56570312085172,73.40800800876714,38.226067516700965,2.2017859828032136,4.789186065435175,18.32427164967133,32.361718599794735,35.55277194031864,41.36889551323953,2,8.757194438954507,0.013561817817389965,88.0208378218715,37.82243938009671,0.9864381551742554,17.465920893038053,7.963240490849002,13.890218829432484,25.808461227367204,88.0208378218715,150.23321441637574,162.1514568143105,176.00898926479806,1.8582563307429432,4.367555889378245,17.465920893038053,30.564285896697854,33.07358545533316,35.99118847940057,18.42277335082219,12.188067968947788,81.95388024784981,66.59511140124403,1.8830591962975847,4.405639912738487,17.594551857100882,31.6084566170913,35.262695194116034,63.99472417904266,2,9.134431996164107,0.0060277460142970085,87.49427449534247,34.628560533786754,0.9939722418785095,15.547722830363284,10.53592973005505,19.623543012655304,30.535361105234692,87.49427449534247,144.45318788545023,155.36500597802961,168.05235267421185,-5.102319984189432,-1.7823393994236163,15.547722830363284,32.87778506015018,36.197765644916,40.05796055892054,15.981398182164988,12.1892650246558,117.56479357796822,31.013385171090125,-5.079497988986477,-1.754673121832301,15.62476475145751,33.455223415878685,37.28888212846292,42.990292604957816,2,11.57580716482131,0.004846172872930765,88.19546322372447,36.874039844911614,0.9951537847518921,16.270896962972017,8.555958862601836,15.923673163202778,27.543065044468477,88.19546322372447,148.84786140298044,160.46725328424617,173.97730742423187,-0.49847426093386815,2.1975969957737895,16.270896962972017,30.34419693017024,33.040268186877896,36.175033673366684,16.619455155400047,10.217017595746196,79.43898374908134,24.948453098415534,-0.48649924935580036,2.213380625315735,16.32044159606575,30.717612348453336,33.739955038994864,37.97214728658106,2,10.93775019158625,0.008441251702606678,91.36566658918683,34.46904496443431,0.9915587902069092,16.787469674591286,8.070809617361931,23.807579877403853,34.669132961883655,91.36566658918683,148.06220021649,158.9237533009698,171.55265606241673,0.9689734984824021,3.5121692030386846,16.787469674591286,30.062770146143883,32.605965850700166,35.56298046972958,17.41700370982868,11.007744490538172,74.61730290686828,46.55314857544154,0.9926040379360207,3.541339180065617,16.870944266809808,30.71137740762665,33.8785353985414,39.83644582250487,2,10.140201637157617
45,99,reset,0.9,27.4063081099377,21.273839198282598,20.2055469884036,21.133812112802097,20.87106609982943,0.7832962870597839,27.694699728870255,7.596144466352038,0.21670368313789368,15.924035031420722,8.470599907538867,12.806530153457029,15.200153952543745,27.694699728870255,40.18924550519676,42.58286930428348,45.365974259075415,-0.678035714803773,1.991138051050605,15.924035031420722,29.856932011790832,32.52610577764521,35.6295971181743,25.14395251058539,9.179526806097714,60.74602037790825,23.51767316438324,5.493598911441661,8.973158197628623,25.693185522568832,39.31509037612004,41.806107671842724,44.68070358405764,2,-4.272886410755959,0.43457886576652527,27.889495107377655,9.951398072163954,0.5654211640357971,13.246175623565136,6.719104202097986,8.385113290114976,11.52090189514088,27.889495107377655,44.25808831961442,47.39387692464033,51.039908856290396,0.07697337908134472,2.194232706879381,13.246175623565136,24.298118540250886,26.415377868048928,28.877149399574666,19.609853190664037,11.011455597142263,68.56319384868006,52.688971979529626,1.5661701087247613,3.9080191431492146,18.01262100469559,39.834525120216604,43.572053620229404,47.74451936631939,2,1.261212909165394,0.7723695039749146,26.721835145925162,8.085611835746047,0.22763045132160187,12.72502688181126,10.523636691922643,10.874327154892116,13.422187191776521,26.721835145925162,40.021483100073795,42.5693431369582,45.53178105033244,-7.900922020741362,-4.584815099617298,12.72502688181126,30.03486886323981,33.35097578436388,37.206666727243686,23.53573416914387,10.495174439570317,75.70466626834607,34.44399548602831,-0.2726374352264629,4.253095697361518,24.494088729829087,39.09752889514394,41.75322943200192,44.81770837414198,2,-2.6646680693144376,0.4760214388370514,26.306136811442094,10.177632766021588,0.523978590965271,12.508720127387676,8.347261775418797,6.358343142165005,9.565420642471334,26.306136811442094,43.04685298041285,46.25393048071918,49.98285115944482,-3.8516123219610385,-1.2213036790233236,12.508720127387676,26.23874393379867,28.869052576736387,31.92735481269557,19.07658664235451,11.545568643575473,85.8174446363262,47.482721512733754,-1.6454748640308325,1.2711260908430249,18.333652198072354,39.10687884378088,42.817927925243076,47.00502525798627,2,1.794479457474921,0.4737539291381836,27.37646680197097,9.088949667226117,0.5262460112571716,14.396315268129442,7.29073479770151,9.562452796910467,12.426474976654708,27.37646680197097,42.326458627287224,45.19048080703147,48.52052553758666,0.10673764380156214,2.404123692988801,14.396315268129442,26.38850684327008,28.685892892457318,31.35710066495793,20.54571220000863,10.445759659883842,67.10884998893246,42.00501972243663,2.044262324990762,4.599460438328573,19.76173609839317,38.766133730211045,42.0943901343532,45.841279999860774,2,0.32535389982080076
46,105,reset,0.2,110.77108081659999,110.7678047615,111.15001361579999,110.7020056989,110.87327469206666,0.9999982118606567,110.37713246079875,7.475100832969176,1.7870553392640431e-06,54.42780726103133,32.74476050116041,95.7262040473738,98.08168574386143,110.37713246079875,122.67257917773607,125.02806087422368,127.76681739181751,-9.750744003632803,0.5674691870403095,54.42780726103133,108.28814533502234,118.60635852569546,130.60351123888233,110.37703235660916,7.475597362508047,55.87894866225442,0.00559405756478063,95.72556251528587,98.08119782524714,110.37711659631991,122.67272112688575,125.02852811165121,127.76732159851419,2,0.4962423354574952,0.9999113082885742,107.35048331020796,8.042159720884687,8.873789920471609e-05,36.869890850673656,23.27683744658635,91.58813989935528,94.12230772478775,107.35048331020796,120.57865889562818,123.11282672106064,126.05934447958494,-8.751872218628876,-1.4170996473037576,36.869890850673656,75.15688134865105,82.49165391997617,91.01991215893403,107.3442339687788,8.072106994253732,64.71867590579815,0.4407676327110129,91.5763135672728,94.11572919167241,107.3495905809532,120.57838282435061,123.11269460067949,126.059232646966,2,3.5290407232878636,0.9999995231628418,113.36668349303122,7.423587355197499,5.304614205670077e-07,45.32906148899249,17.512733876040507,98.81671964075716,101.15596890684353,113.36668349303122,125.57739807921891,127.91664734530526,130.6365301545514,11.004733821118542,16.523177655151333,45.32906148899249,74.13494532283363,79.65338915686642,86.06977271016234,113.36665348090239,7.4237155131754715,55.10978563223479,0.0024555672488495582,98.81656005985438,101.15581111913781,113.36667796840591,125.57749692683382,127.91679283362772,130.63663776666914,2,-2.4933787888357273,0.9999996423721313,110.27867289049681,9.583508158307993,3.555980754299526e-07,30.044782247732194,29.022217619273466,91.49534205466736,94.51520473738488,110.27867289049681,126.04214104360874,129.06200372632625,132.57324672042967,-26.837719037527606,-17.69251766550471,30.044782247732194,77.78208216096908,86.92728353299198,97.56055650627965,110.27864413563681,9.583642790175382,91.84389529090315,0.0022891536917046223,91.49496800099321,94.51512819473733,110.27866879327574,126.04221127506487,129.06227773160035,132.57359304905972,2,0.5946305564298484,0.9999904632568359,109.29173442141982,7.731194267536719,9.499213774688542e-06,34.03210956348516,21.995368906952805,94.13887209956532,96.57505148979561,109.29173442141982,122.00841735304402,124.4445967432743,127.2771817695006,-9.078021320814486,-2.147052759251821,34.03210956348516,70.21127188622211,77.14224044778479,85.20098925891882,109.29101541250263,7.734962305955249,59.77539046227194,0.05380314150618072,94.13755613832564,96.57423374181195,109.29164296698087,122.00850550551564,124.44480287169287,127.27744281758913,2,1.5822592795640276
47,108,reset,1.2,110.9974497225,14.641408480069499,14.5728918563183,14.8024531217411,14.672251152709634,0.0030448271427303553,91.94545364152589,36.23014226459089,0.996955156326294,17.22082088099163,8.207305276934548,20.93567964816529,32.35217273264571,91.94545364152589,151.53873455040605,162.95522763488646,176.2293680749541,1.1347981280743795,3.721005028727877,17.22082088099163,30.72063673325538,33.30684363390888,36.313868063592494,17.44834418637449,9.38623061715444,71.1514704389493,16.94984972668994,1.1427806330548511,3.730889145751067,17.25100408913609,30.945823842245918,33.722299228972204,37.31519140804114,2,-2.776093033664857,0.005538536235690117,92.81247015211291,49.77671296425102,0.9944615364074707,15.897328074690499,8.077440250447413,-4.748094526607105,10.937063295142224,92.81247015211291,174.68787700908356,190.3730348308329,208.61042053323942,0.06583609653937117,2.611121182258259,15.897328074690499,29.183534967122732,31.728820052841623,34.68826402901075,16.323326530991718,10.54470398018312,78.60663210611543,32.58416927941642,0.059951582141183596,2.616925674271701,15.946805276788401,29.56912135584592,32.454209884857,36.59145568547154,2,-1.6510753782820835,0.0024344422854483128,92.6750566930454,44.341256535281104,0.9975656270980835,14.620511928414842,10.382055673924295,5.767790854643124,19.740180057402583,92.6750566930454,165.60993332868821,179.5823225314477,195.82824456619613,-5.727943277966499,-2.4564500020516533,14.620511928414842,31.69747385888133,34.96896713479618,38.77278507362227,14.810532227184032,11.274169758014029,112.31115754168057,14.795761410244644,-5.7235499580846945,-2.448682763377396,14.649774802349356,31.913966333322517,35.364130902932985,39.694041625110934,2,-0.13828107447439741,0.0016748233465477824,93.4045473609533,46.03104211141924,0.9983251690864563,15.429195581309806,8.557643896368344,3.1853626517250007,17.690220791629386,93.4045473609533,169.11887393027718,183.62373207018157,200.48876431673784,-1.34347824809117,1.353123980209201,15.429195581309806,29.505267182410407,32.20186941071078,35.33725226642488,15.559790404172968,9.318018016992971,76.65932661417953,10.166131318802805,-1.3429798557433639,1.3562650053193366,15.445564107577907,29.627687827570924,32.42513576861004,35.848900125936005,2,-0.887539251463334,0.0033520397264510393,96.91492727389121,45.38310736597346,0.9966478943824768,15.549861000615103,8.28015867357391,7.965671330068773,22.26635852064166,96.91492727389121,171.56349602714073,185.86418321771362,202.4918226120908,-0.6789517858667082,1.9302119746533606,15.549861000615103,29.169510026576837,31.77867378709691,34.81239052760459,15.822598910511433,9.866722096413739,75.23515348265899,22.11703494906469,-0.6750111796198827,1.9384712377741795,15.582213000507103,29.413850958826515,32.23082329946431,35.90986896220136,2,-1.1503477578017982
48,111,reset,0.2,124.18997091470001,124.1822752403,124.2399929034,124.2104716631,124.21091326893333,0.999998927116394,121.81302078739256,7.597902261302991,1.0296905657014577e-06,60.993257851775205,38.4940755410697,106.92140599718326,109.31558369566554,121.81302078739256,134.31045787911958,136.70463557760186,139.48838456014488,-14.45374382688562,-2.323861918097265,60.993257851775205,124.31037762164766,136.440259530436,150.54386864991022,121.81295290038175,7.598291413712058,57.72958262591035,0.003808866365225817,106.92094596804498,109.31510098803334,121.81301170759116,134.31053496351484,136.70493326617503,139.48922900861967,2,2.39796036855158,0.9999352693557739,118.95292703085123,8.336105540742375,6.4667641709093e-05,41.168489072667704,28.157422846239214,102.61446039967137,105.24125359751086,118.95292703085123,132.66460046419158,135.29139366203108,138.34560843333733,-14.01904560342647,-5.146350021575131,41.168489072667704,87.48332816691052,96.35602374876186,106.6724498494853,118.94788940035299,8.36238966707514,69.53742853437846,0.3912410121875086,102.60550361411715,105.23618926551612,118.95225584764637,132.66450286187268,135.2912175561096,138.34570848473408,2,5.263023868580333,0.9999996423721313,126.07475718477579,7.657054222625882,3.815941624907282e-07,52.03001933985294,18.078455687140867,111.06720668075872,113.48002377492551,126.07475718477579,138.66949059462607,141.08230768879287,143.88772899699694,16.59689729695352,22.293605933177805,52.03001933985294,81.76643274652807,87.46314138275235,94.08679629357465,126.07473195128074,7.657172736254181,58.630583116973305,0.0020921362200016095,111.06702628327061,113.47986419983522,126.07475319839119,138.66951726061825,141.0824122098054,143.88776789478652,2,-1.8638186823474143,0.9999997615814209,122.7228612172683,9.652871179317282,1.936381437417367e-07,34.5118031607072,32.933043393456074,103.80358135840174,106.84530104747293,122.7228612172683,138.60042138706368,141.64214107613486,145.17879756366318,-30.03577579176148,-19.658232711569262,34.5118031607072,88.68183903298365,99.05938211317587,111.12551864476849,122.7228386406596,9.652993886600925,93.1781098062398,0.0015067350739763309,103.80354645988032,106.84495716091315,122.72285953100932,138.60076836232528,141.642240055911,145.1793077177833,2,1.488074628273722,0.9999945163726807,121.72824320139739,7.979264520805585,5.4875522437214386e-06,38.31955875488046,25.567433014513842,106.08917211750018,108.60352101394511,121.72824320139739,134.85296538884967,137.36731428529458,140.29078825578296,-11.791689130707027,-3.7351261708814576,38.31955875488046,80.37424368064237,88.43080664046794,97.79830219287635,121.72778596965806,7.981855606087603,63.67190033572208,0.03817673888028061,106.08832058141223,108.60306207728554,121.72818841413303,134.85309016587672,137.36729886395023,140.2910526995935,2,2.4831272992752673
49,112,reset,0.9,124.2104716631,26.2999195485461,25.857305425716,24.231844472268,25.463023148843366,0.11492140591144562,107.09862011004698,26.6543900163001,0.8850785493850708,29.634864465169805,10.82504089338985,54.85697564821479,63.25605001755663,107.09862011004698,150.9411902025373,159.34026457187917,169.10600365832212,8.418174182952402,11.829256689779498,29.634864465169805,47.440472240560105,50.851554747387205,54.81767533391245,38.53710684627809,28.208382669007207,185.36150182921511,610.351284582403,8.986377656887703,12.475591625280925,31.396287987343356,111.45545712425161,127.90319319925713,143.33171120472426,2,-13.074083697434727,0.18464185297489166,107.93210019827465,31.756678024549757,0.8153581619262695,25.242791894619963,10.120341617960301,45.69015500152253,55.697013169663855,107.93210019827465,160.16718722688543,170.17404539502678,181.80918060728547,5.407286812175947,8.596311278330024,25.242791894619963,41.88927251090989,45.07829697706397,48.78622710212895,40.51069937716577,36.04306533237611,269.7188890719298,1029.3836939365476,6.2830066743304,9.600802456671442,28.119076486583378,127.31677442730575,142.90370574160642,158.927055889596,2,-15.047676228322405,0.07381996512413025,109.521458050092,32.06962027680978,0.9261800646781921,26.765146060864232,11.75645033180311,46.66615730966937,56.771626822824935,109.521458050092,162.27128927735902,172.3767587905146,184.12655100234548,3.722926824496163,7.427506092523039,26.765146060864232,46.10278602920542,49.807365297232295,54.11473929652114,32.874214923374176,25.92634349928035,203.93208822128568,468.2432312291778,4.103178027657329,7.861347366454149,27.928591021301102,94.76208118434423,122.86617419552857,144.82768963134757,2,-7.41119177453081,0.12577182054519653,109.55645545940237,33.42058367207394,0.8742282390594482,23.893733257491178,10.312194851148156,44.053315119830046,54.584487191556384,109.55645545940237,164.52842372724834,175.05959579897467,187.30435923413563,3.682202747681405,6.931682154749829,23.893733257491178,40.85578436023252,44.10526376730095,47.8834858261546,34.667691205860464,32.25358682959628,233.44562252914295,806.8483124809358,4.262960965905965,7.597997266776948,25.740393047452088,118.23593831039447,137.83066209328302,156.62529522775745,2,-9.204668057017098,0.16338147222995758,112.56059907135884,30.28091406939896,0.8366184830665588,23.958665050326978,10.329013490871503,53.21109807638465,62.75292773690207,112.56059907135884,162.36827040581557,171.910100066333,183.0045391407185,3.7141706123904896,6.968949747036291,23.958665050326978,40.94838035361766,44.203159488263466,47.987543625755066,38.43457840206894,36.22305270843622,239.0675746436441,1073.0419068377666,4.508437493253681,7.874059799382192,26.50088444096151,127.91696818240882,143.55572362461754,159.33638385765238,2,-12.97155525322557
50,113,reset,0.3,24.231844472268,25.866869945775303,25.8938022666399,24.2733057718037,25.344659328072964,0.9999901056289673,25.83938173771149,5.385795479770529,9.83491372608114e-06,17.972626899883437,13.006521339736896,15.28341656926263,16.98053650879209,25.83938173771149,34.69822696663089,36.39534690616035,38.36861560209443,-7.519686490152537,-3.4211968998045243,17.972626899883437,39.36645069957139,43.464940289919404,48.23032016724719,25.839302832516314,5.385983480108912,29.008169714339868,0.0006086358318449649,15.282945555559486,16.980311044654343,25.83935201567708,34.69834794583829,36.39540824010307,38.36879583566251,2,-0.49464350444334926,0.9998822212219238,25.56437615845033,5.463994302039429,0.00011777580948546529,11.6145961133521,7.565697152496667,14.855144114720977,16.576905313098592,25.56437615845033,34.55184700380206,36.27360820217968,38.27552768677102,-3.2138978234786126,-0.8298682883484734,11.6145961133521,24.059060515052668,26.44309005018281,29.215039599699562,25.562733135923203,5.466386088193156,29.85845888041846,0.02291604493771082,14.84806643775125,16.57254983546173,25.563622161213846,34.551574919515566,36.273373814109696,38.275336471777955,2,-0.21807380785023867,0.9999991655349731,25.566139716663415,5.198876679581263,8.556617672184075e-07,12.971844345973686,13.868342269509862,15.376528664618954,17.014748554180745,25.566139716663415,34.11753087914608,35.75575076870787,37.66053542760779,-14.209607027540123,-9.839548735834029,12.971844345973686,35.783237427781394,40.15329571948749,45.23443290111868,25.56612948212521,5.198902058370139,27.02846074551977,0.00013572176709430916,15.376427374658661,17.01467865217664,25.566135973779566,34.11761973233961,35.75576559596303,37.66060802548141,2,-0.2214701540522448,0.9999969005584717,24.04692940991339,7.009703007471196,3.096042291872436e-06,9.759943778969848,13.343585725659924,10.30816397294774,12.516993994221744,24.04692940991339,35.57686482560503,37.78569484687904,40.3539370990017,-16.39300366794637,-12.18830159841978,9.759943778969848,31.708189156359467,35.91289122588606,40.80176606394052,24.046885095060453,7.009776682232845,49.136335213282436,0.0006319558752337256,10.30797714597327,12.516807046746557,24.046909965130354,35.576929058748796,37.785710586444736,40.354035378125666,2,1.297774233012511,0.9999585151672363,24.04690923849592,5.986947305045222,4.147655999986455e-05,11.328807470637713,11.055987054042253,12.312708143268146,14.199257249424942,24.04690923849592,33.894561227566896,35.78111033372369,37.97463137358241,-10.340528968826202,-6.856672934732217,11.328807470637713,29.514287876007636,32.99814391010162,37.04887944923197,24.04638153645046,5.987807135740417,35.84712095128655,0.006708559989814685,12.310485459648007,14.197907645502722,24.04667585414482,33.89451833526825,35.78113782412559,37.97469456740479,2,1.2982777916225032
51,115,reset,0.2,134.20350888489997,134.0609446416,134.0663904809,133.899872621,134.0090692478333,0.9999994039535522,130.09054060731674,7.662713025633972,6.449525926655042e-07,65.8816735435472,43.461895117202474,115.0718990532082,117.48649929481441,130.09054060731674,142.69458191981906,145.10918216142528,147.9166767638854,-19.302075586026902,-5.606782274167799,65.8816735435472,137.37012936126217,151.06542267312128,166.98916085123716,130.09050555786828,7.6629097293025605,58.718354189440994,0.0026589950788068173,115.07131087793921,117.48572522010953,130.0905340697163,142.6950029155916,145.10936449371505,147.91772625167926,2,3.9185636899650262,0.9999527931213379,127.43821821397813,8.521259702106905,4.726109546027146e-05,44.34183773843985,32.42920172789142,110.73685609493609,113.42199328677216,127.43821821397813,141.4544431411841,144.13958033302018,147.2616326061244,-19.218229695611434,-8.999452342823318,44.34183773843985,97.683127819703,107.90190517249113,119.78344223496161,127.43429789730023,8.54304300565874,72.65814140987831,0.3263228403660607,110.72981538604508,113.41800076567513,127.43771848828274,141.45434948144623,144.13960590051815,147.2618719759256,2,6.574771350533084,0.9999997615814209,135.4339836746819,7.814481329862416,2.803034817588923e-07,57.0557395290177,18.514887357151984,120.1178817102909,122.58030571651315,135.4339836746819,148.28766163285067,150.75008563907292,153.61318570313918,20.767227131183816,26.601459907008287,57.0557395290177,87.5100191510271,93.34425192685157,100.12780837043385,135.4339673776264,7.814547566014591,61.06619998380003,0.0017219456467222232,120.11772958422645,122.58017761486592,135.4339804741136,148.28778587723613,150.7502244989371,153.61331748814072,2,-1.4248981297930925,0.9999998807907104,131.83544890413816,9.647898924910939,1.1480660333518244e-07,37.90807912827968,36.16954732651113,112.92591448483,115.96606736503719,131.83544890413816,147.70483044323913,150.74498332344632,154.27981805706563,-32.98293096879915,-21.585531976925097,37.90807912827968,97.40169023348443,108.79908922535849,122.05102865632843,131.83543754022574,9.647962590541207,93.08209276321327,0.0010128640120304377,112.92544912918602,115.96582989454569,131.83544801253106,147.7052473311816,150.74509814851334,154.2799281349161,2,2.1736317076075693,0.9999966621398926,130.84167232453882,8.15898680760856,3.396874944883166e-06,41.52223233920732,28.713499838157865,114.85035203128861,117.42133328179466,130.84167232453882,144.26201136728298,146.83299261778902,149.82231393874625,-14.75519321367878,-5.7072720120571745,41.52223233920732,88.7517366904718,97.7996578920934,108.3198216439779,130.84137663917107,8.160743463631682,66.5716441332509,0.027100048453344353,114.84975021829383,117.421049771062,130.8416368111207,144.2622442751962,146.83320289897046,149.8225359645789,2,3.167692608662236
52,116,reset,0.4,133.899872621,130.1671815212,129.8902038107,129.9947898088,130.01739171356667,0.9998927116394043,125.76288401764168,11.010191452715544,0.00010726217442424968,57.04313815636111,28.70319800709285,104.18330530742847,107.65273067321242,125.76288401764168,143.87303736207093,147.3424627278549,151.37641949644913,0.7859038213372571,9.830578809288149,57.04313815636111,104.25569750343405,113.30037249138496,123.81676181833487,125.75550969502628,11.036601623287668,121.29968033853585,0.5064809327692114,104.16433864467446,107.64208360421489,125.76142891897949,143.87266630893637,147.3422273952676,151.37631636348902,2,4.2618820185403905,0.998465895652771,124.33286307405062,12.284126688331826,0.001534164184704423,40.42887523482095,22.91614944917493,100.25641718339295,104.12727273681664,124.33286307405062,144.5384534112846,148.4093089647083,152.91001507989972,-4.485952349899321,2.735163697583566,40.42887523482095,78.12258677205833,85.34370281954122,93.73981078711122,124.20414802071843,12.738005205059286,151.47393868087926,10.783761016248695,99.93486632703282,103.95184883750036,124.3092119424276,144.52936652829143,148.40137962448637,152.90308130300951,2,5.813243692848232,0.9999123811721802,130.4161764444275,11.897011252403692,8.764195808907971e-05,50.24721039042102,16.024132254485615,107.0984628660485,110.8473343360288,130.4161764444275,149.98501855282618,153.7338900228065,158.09276327889677,18.840488288122586,23.889858332880273,50.24721039042102,76.60456244796175,81.65393249271943,87.5249163939929,130.40915329582583,11.921066101864891,141.54897934159683,0.5632310294517321,107.08097933968232,110.83767731444222,130.41486917043824,149.98451649899224,153.73355085780076,158.09248658811956,2,-0.39176158225916424,0.9999669790267944,127.84501807172587,13.949481796282775,3.306423968751915e-05,35.50905786900455,24.021283779732688,100.50453614801452,104.90016234501661,127.84501807172587,150.78987379843514,155.18549999543723,160.29636539247971,-11.571793201687711,-4.002437880119345,35.50905786900455,75.02055361812843,82.5899089396968,91.39092032171742,127.84197058481011,13.96001012259342,194.60069569446463,0.2818940571964494,100.49670220881389,104.89589918460311,127.8444393657325,150.78978253599718,155.18532654183002,160.29630230863012,2,2.175421128756554,0.999738872051239,128.301923730469,11.853665757891815,0.00026115545188076794,37.98788013742191,21.08009660251551,105.06916576022536,108.80437861593018,128.301923730469,147.79946884500782,151.53468170071267,155.87767386593134,-3.328349994133653,3.314206784286853,37.98788013742191,72.66155349055695,79.30411026897747,87.02751805325943,128.27834125430647,11.946459280522719,140.58875074214757,2.129591172030822,105.01724714218969,108.77569342514465,128.29804259593647,147.79797907153593,151.5334722052149,155.87668217833954,2,1.7390504592601985
53,121,reset,0.9,125.3115715587,26.696067936153703,26.7530826908358,26.7390832344879,26.729411287159138,0.11887314170598984,107.95852763679136,26.844721748284503,0.881126880645752,30.01575269636185,10.937458364173237,55.34383983515461,63.80288970462251,107.95852763679136,152.11416556896017,160.5732154384281,170.40868900513092,8.578728220175929,12.02523463642078,30.01575269636185,48.00627075630291,51.45277717254777,55.46008570926647,39.281055897717955,28.7643807682046,191.07207464302442,636.3175608240019,9.174130417629701,12.702409561605094,31.86540774693254,113.33596751012776,129.578005076312,144.94679261871622,2,-12.551644610558817,0.19015704095363617,108.80037598163801,32.007325176400414,0.8098430037498474,25.439829182097597,10.220116652844391,46.06717139443106,56.1530110762206,108.80037598163801,161.4477408870554,171.53358056884497,183.260548859491,5.408768624724541,8.629233237799355,25.439829182097597,42.25042512639583,45.47088973947065,49.21537582989154,41.29142523102429,36.73585711727451,279.3987048883101,1070.124569471124,6.323382424273754,9.678108457514215,28.45434562643081,129.1028123070542,144.6315183273688,160.66058579884842,2,-14.562013943865153,0.07593710720539093,110.4953571385902,32.34587072069195,0.9240629076957703,27.145106406852662,11.787843541056269,47.09861547744532,57.291134366756594,110.4953571385902,163.69957991042378,173.89209879973504,185.7431047236718,4.041357610989273,7.755829204409764,27.145106406852662,46.534383609295546,50.248855202716044,54.56773116811497,33.47448373675843,26.369400436796834,207.85115405170941,487.49414204179396,4.433790183210068,8.20379996594613,28.347813817930163,97.29148624848943,124.79445602479956,146.67254226531963,2,-6.7450724495992915,0.13075873255729675,110.49927903847257,33.640601967311994,0.8692412972450256,24.14187050868236,10.377006335886904,44.56491076429376,55.165412879708576,110.49927903847257,165.83314519723655,176.43364731265137,188.75902190658294,3.8033118230000724,7.073214000200373,24.14187050868236,41.21052701716434,44.480429194364646,48.28239713708119,35.43385651445422,33.00330062550263,241.58023102117676,847.6376585746748,4.4129600128456685,7.7730959801346176,26.08596636986987,120.56542231881754,139.8847604560507,158.57766380861548,2,-8.704445227295082,0.17018236219882965,113.51771554052202,30.55532891429136,0.8298175930976868,24.164142635200257,10.435115146763492,53.63037133273559,63.25867195315467,113.51771554052202,163.77675912788936,173.40505974830842,184.60004000090237,3.7116927730154075,6.999905638390075,24.164142635200257,41.32837963201043,44.6165924973851,48.43985057224488,39.3705436629119,37.104702960192405,249.24722849824758,1127.5116839736882,4.551402310918451,7.956975202446814,26.863932903875664,130.0882261254865,145.59527681642737,161.3449800243834,2,-12.641132375752761
54,122,reset,1.5,26.7390832344879,11.940670628660799,11.8070989237711,11.849616048740799,11.865795200390899,0.0328955203294754,23.784104485173017,10.217343803350039,0.967104434967041,13.41841647571006,9.153023454411679,3.758478612943442,6.9780694724225505,23.784104485173017,40.590139497923474,43.809730357402586,47.55320052044074,-4.521179844587227,-1.6369673508508882,13.41841647571006,28.473800302271002,31.358012796007344,34.71153312992662,13.759400576504389,9.374129114447053,84.456017739403,3.4182704516080173,-4.404936614327426,-1.5076349077277031,13.682685111265505,29.27067438358679,32.39764645318394,36.154296301226026,2,-1.8936053761134897,0.0009655420435592532,22.669679776054807,21.18429638190319,0.9990345239639282,7.913031505633924,8.64235808648004,-18.85077817029763,-12.175386962133622,22.669679776054807,57.51474651424322,64.19013772240723,71.95172262714638,-9.025679085365457,-6.302382538326162,7.913031505633924,22.128445549594005,24.851742096633302,28.018162866816436,7.92728019228036,8.675344379562313,75.05155211272961,0.21005213930126218,-9.031918218755926,-6.305434883799529,7.918409411193433,22.165943528552173,24.91420999325916,28.14202271757708,2,3.9385150081105387,0.02704591676592827,22.503951410121623,11.313516981696765,0.9729540944099426,8.850985128200655,9.882321773445844,0.32986558751366246,3.8948719692006186,22.503951410121623,41.11303085104262,44.67803723272958,48.82312758841684,-10.518009631389198,-7.40398768355325,8.850985128200655,25.105957939954557,28.219979887790505,31.840703376443905,9.220242216786982,10.167882499400351,98.48073296528763,4.90510250641712,-10.410225838251527,-7.283341478727617,9.113852328080874,26.048522370116775,29.5170588766719,33.770928269122734,2,2.645552983603917,0.00199823547154665,21.72968595869255,13.90244637318943,0.998001754283905,8.483853803723115,9.848665763397214,-5.518608229758236,-1.137803381746437,21.72968595869255,44.59717529913152,48.97798014714333,54.071612522928575,-10.819176388308108,-7.715759797833588,8.483853803723115,24.683467405279814,27.786883995754334,31.395276464541038,8.510322008472079,9.876158400381287,97.18861002913876,0.3498939783157666,-10.814059242507202,-7.709535078614234,8.500133396238969,24.753489462838747,27.890482568722334,31.56871887427648,2,3.3554731919188203,0.0020234675612300634,23.21893018397541,15.311200879505021,0.9979766011238098,11.35430414231974,7.720347087792248,-6.790472099912439,-1.9657541156610066,23.21893018397541,48.40361448361182,53.228332467863254,58.83810979902417,-3.7772980979017596,-1.34453676635958,11.35430414231974,24.053145050999056,26.485906382541238,29.314517176862633,11.37831260811199,7.761557913427172,59.95752428922118,0.2842658466400162,-3.781093017128533,-1.3452293477946202,11.365313171040068,24.11843108602421,26.591222657779515,29.51462622337584,2,0.48748259227890856
55,125,reset,0.7,123.82913362689999,76.6459135081524,71.1434893035764,70.92535602755589,72.90491961309489,0.8369571566581726,111.01581717051903,18.752985005705256,0.1630428433418274,38.23389938977874,14.351793513643457,74.26064195671705,80.16990176771816,111.01581717051903,141.8617325733199,147.770992384321,154.6417839704612,10.104900989482001,14.627299775603678,38.23389938977874,61.840499003953795,66.36289779007548,71.62116371891634,99.14924635167603,32.41566452300001,327.9190277899346,722.856278677747,23.56239793214152,30.97958539347203,106.39079682438006,140.21350000173533,146.32225813550454,153.3750294733681,2,-26.244326738581137,0.7830180525779724,111.0970878115055,21.251157426738438,0.2169819325208664,30.505056533192807,12.644620175646212,69.44558462530726,76.14204444121805,111.0970878115055,146.05213118179293,152.74859099770373,160.5346727121057,5.722056390737695,9.706507175857364,30.505056533192807,51.30360589052824,55.288056675647915,59.920841796861296,93.61007146347949,38.62422879571225,388.31257183480045,1103.5183476521531,15.340297933388266,21.178924239360438,103.56144985295346,143.46671745650582,150.47954107346916,158.55319038640621,2,-20.705151850384595,0.7792770862579346,113.78357482277609,21.675448785063708,0.22072282433509827,34.1532619784408,12.939436968493943,71.30047585530875,78.13063427286315,113.78357482277609,149.436515372689,156.26667379024343,164.2082090227902,8.792431539966529,12.869782150103568,34.1532619784408,55.43674180677803,59.51409241691507,64.25489366138214,96.20733709604262,38.64915071786303,403.07932758989966,1090.6766960845644,18.503597744977135,24.441532195413394,105.91986980137466,146.74641281740116,153.90606007770552,162.14695135696854,2,-23.30241748294773,0.8889700174331665,113.04433559696807,23.708361698890133,0.11103001981973648,27.699589856791185,13.016719432083494,66.57680053469454,74.04755086747124,113.04433559696807,152.04112032646486,159.5118706592416,168.19823243217243,2.1872885730448637,6.288991687918934,27.699589856791185,49.11018802566343,53.2118911405375,57.98100743460472,103.56851099715553,35.176850513083274,518.4903393660412,718.9208722446648,17.863352233915787,26.04271282025923,109.31783751902398,150.6719558279053,158.30678496737337,167.143431042221,2,-30.663591384060638,0.8439187407493591,115.20851256916472,20.415072344026076,0.15608130395412445,28.65288816479042,12.495752233086842,75.1957060330939,81.62870677961672,115.20851256916472,148.7883183587127,155.22131910523552,162.70107271507976,4.161663828204247,8.099204782710562,28.65288816479042,49.206571546870265,53.14411250137658,57.72235480677308,101.6988029977884,36.91780685405271,376.09551571257987,986.8294095528918,16.235043448308886,22.820136567937745,110.433129855074,147.07899733807966,153.71854653715104,161.3869156515839,2,-28.793883384693515
56,126,reset,1.4,70.92535602755589,13.5751041278362,13.3795785084901,13.3695755788124,13.441419405046233,0.0032932532485574484,60.43507006509988,23.056362412824154,0.9967067837715149,12.722099144647046,8.275195064060766,15.245430121461503,22.51072872605846,60.43507006509988,98.35941140414128,105.62471000873825,114.07218974728849,-3.4969851459556835,-0.8893854702042301,12.722099144647046,26.333583759498318,28.941183435249773,31.973081589198067,12.879230512102184,8.802073793467553,70.00401742949664,7.472491776840507,-3.4866612599990856,-0.8772543090577031,12.755043701343338,26.572423537612387,29.377859147287413,33.007629108589,2,0.5621888929440484,0.0008415734628215432,59.565987425037726,39.48723545162064,0.9991583824157715,10.121357947410182,8.125062085462922,-17.827571909191967,-5.38473502584727,59.565987425037726,124.51670987592269,136.9595467592674,151.42703366966552,-5.803471112249051,-3.243179893069403,10.121357947410182,23.48589578788976,26.046187007069413,29.02307885637669,10.162968788889044,8.326404830442309,67.27328962307016,2.055723220222114,-5.806753532984973,-3.2441439745265668,10.128130044699594,23.53725744563474,26.13850837323801,29.226765395626067,2,3.2784506161571887,0.002893436001613736,58.6039743442837,26.82890159372592,0.9971066117286682,8.589413712974483,9.907827090021074,6.020293475811627,14.474358250719469,58.6039743442837,102.73359043784791,111.18765521275576,121.01733252969892,-10.829570548517115,-7.707511611254738,8.589413712974483,24.886339037203697,28.008397974466078,31.63846620020926,8.734128053285145,10.352803105650377,99.96367426314066,7.216861522327671,-10.819847959325754,-7.695487731021009,8.62319621391888,25.126451043327222,28.44225266507429,32.63669150445617,2,4.7072913517610875,0.0005486444570124149,58.68083825096075,30.703669518365444,0.9994513392448425,9.49056890681387,8.973490634851368,-1.4972481982558037,8.177796082957961,58.68083825096075,109.18388041896351,118.85892470017728,130.10825456026276,-8.09714955310228,-5.269509710336477,9.49056890681387,24.25064752396421,27.078287366730017,30.366029767925745,9.517556720749816,9.073223692695255,80.99656960659473,1.3268170947424502,-8.096477188180524,-5.2683364792317935,9.4960689530016,24.290079643615694,27.148525709192945,30.51917781875025,2,3.9238626842964166,0.0008322757785208523,61.51998759249837,31.70388366176874,0.999167799949646,11.023204732705686,7.638183861582734,-0.6184825546162216,9.371739562990513,61.51998759249837,113.6682356220062,123.65845773961294,135.2742499478922,-3.9473605432915484,-1.5404896953408809,11.023204732705686,23.586899160752246,25.993770008702917,28.79227752063174,11.065232816740206,7.826258140095646,59.12985115661759,2.1204745909053875,-3.9467647850151866,-1.539253309856227,11.03029054495926,23.638977226761178,26.087136404005,28.998638271142458,2,2.3761865883060267
57,128,reset,1.3,108.2729170456,22.1841443708621,21.9730768284237,21.802528395613,21.9865831982996,0.0014965457376092672,88.62477150173763,39.28716092499824,0.9985034465789795,14.94338716296329,8.095214150869515,11.623351033911746,24.003142361628093,88.62477150173763,153.24640064184712,165.62619196956348,180.02037479670767,-0.922941019879957,1.6279448059566821,14.94338716296329,28.258829519969893,30.809715345806534,33.77567139274392,15.053654609820445,8.709581999309089,67.74430920502945,8.112507656502292,-0.9204782925988995,1.631841211673317,14.957669679581889,28.364511661360638,31.00204122242042,34.21556146480135,2,6.932928588479154,0.0020867197308689356,89.24862877880194,57.67514269076904,0.9979133009910583,13.363544456929631,8.030923520946152,-23.792573698313944,-5.618538861053253,89.24862877880194,184.1157964186571,202.28983125591782,223.42107436247466,-2.376776406720431,0.15385077573146155,13.363544456929631,26.573238138127795,29.10386532057969,32.046266316467296,13.521895636581132,9.12654659903432,71.30246001470708,11.99139659846948,-2.386434349166362,0.1514542073892995,13.380625223784984,26.70726076575289,29.349580773619437,32.61266256155499,2,8.464687561718467,0.001310198218561709,88.98474053219779,48.22431203086971,0.9986898303031921,12.083956181567395,10.134311765373782,-5.533174227528491,9.6628059809822,88.98474053219779,168.30667508341335,183.50265529192404,201.1712663022937,-7.7789298866657575,-4.585503282364655,12.083956181567395,28.753415645499437,31.946842249800543,35.65989081181178,12.184711796885212,10.646816180453014,105.61669129779486,7.738007717106237,-7.77848390084588,-4.582652418540036,12.098772717470021,28.863862903959575,32.14573779894815,36.108561261048145,2,9.801871401414386,0.0006300146342255175,89.69947004496427,50.31317469349567,0.9993700385093689,13.142264007284176,8.546218229187145,-8.912540302159329,6.941662166924857,89.69947004496427,172.45727792300363,188.31148039208784,206.74541702942335,-3.6080159259423112,-0.9150140437130947,13.142264007284176,27.199542058281438,29.89254394051066,33.02374061584277,13.19049686587048,8.84742039615534,74.58666383091995,3.69019308179744,-3.6092089385681225,-0.9151934873681358,13.148151928368433,27.244354520078836,29.973273924132975,33.202164260017696,2,8.796086332429118,0.0013036421732977033,93.28143831850306,51.58583552777251,0.9986963868141174,13.338284078995109,8.16231581189887,-7.824941428337851,8.430289651324301,93.28143831850306,178.13258698568177,194.38781806534394,213.28803712915712,-2.65956094276849,-0.08753068853010326,13.338284078995109,26.764098846520312,29.336129100758704,32.32667011525598,13.442501732970552,8.85021237080523,70.00566840807261,8.320595838331919,-2.6619563237401547,-0.0867949070179879,13.350017126984184,26.85310374488369,29.497440239164394,32.693548436895554,2,8.544081465329047
58,133,reset,1.0,119.7128662959,29.7366551556075,31.6051929860492,31.345122651897697,30.8956569311848,0.025960998609662056,101.68774111244866,30.238098795003435,0.9740390181541443,24.5026795345986,9.441286697804973,42.42215651327791,51.950494637370305,101.68774111244866,151.424987587527,160.9533257116194,172.0320779592418,5.998097639183751,8.973144866625395,24.5026795345986,40.032214202571794,43.00726143001344,46.466396772247265,26.50648122166602,16.16197167237639,110.56103470276348,150.64830541407568,6.100886700040605,9.091015413940681,24.814646961051423,42.94759886692949,54.916112686765395,110.51328017757666,2,4.389175709518778,0.05457305535674095,102.69732920171336,37.322015328977685,0.9454269409179688,21.841225252408222,9.035699286328724,29.547523326465267,41.30807692270594,102.69732920171336,164.08658148072075,175.84713507696142,189.52132021720027,4.13158007606965,6.9788225092475855,21.841225252408222,36.70362799556885,39.55087042874679,42.86140507763139,26.253789807799148,22.147617646763173,153.20490665304135,337.31205820647494,4.313304853031027,7.200153087370029,22.4747989202458,52.569819510840325,106.62428014780899,136.402319980878,2,4.641867123385651,0.017238253727555275,103.50869277150076,36.70222259253356,0.982761800289154,21.95312763163836,11.187006173771778,31.573658337562676,43.138908822991645,103.50869277150076,163.87847672000984,175.44372720543885,188.89083027221494,0.026998436218438115,3.5521399519813315,21.95312763163836,40.35411531129538,43.87925682705828,47.9779956608741,23.359004342249182,16.090154234135184,146.2126056971643,112.68048705493791,0.10187594683894394,3.6403886523129474,22.192512487496042,42.34364179825712,48.387447940073955,96.08857435807982,2,7.536652588935617,0.023643482476472855,103.91740315064601,37.94522279823636,0.9763565063476562,20.87532269012133,9.353500688975709,29.546133080754558,41.50306580548522,103.91740315064601,166.33174049580677,178.28867322053745,192.1911915373292,2.542798210358356,5.490183157166534,20.87532269012133,36.26046222307612,39.2078471698843,42.63481913275951,22.83872643099968,16.69288726986099,119.46228398354592,159.1901955913239,2.623799761366292,5.588252720509522,21.15097094540565,38.745325270301166,46.60296880922189,111.2922471966222,2,8.056930500185118,0.038568273186683655,107.16662372160035,35.17766109689186,0.9614316821098328,20.854629697428223,9.30451007920331,38.21967491133651,49.30452027870804,107.16662372160035,165.02872716449264,176.11357253186418,189.0021008280839,2.6181250483998078,5.550072546644124,20.854629697428223,36.159186848212315,39.091134346456634,42.50015693917442,24.183533329965304,20.179313826080193,130.9618955388435,276.24278480805555,2.7657537752138097,5.720904456284044,21.315767578741344,41.531117638311564,93.78272934267642,129.87626013091,2,6.712123601219496
59,135,reset,0.3,119.6573301242,119.57079822829999,119.5733002864,119.5741009671,119.57273316059998,0.9999828338623047,116.02728193079466,8.996149620340034,1.717564373393543e-05,54.56627827870048,29.522382323596457,98.39515267539451,101.22993259918023,116.02728193079466,130.82463126240907,133.6594111861948,136.955455474626,-3.2965278133705027,6.0062806374847995,54.56627827870048,103.12627591991614,112.42908437077145,123.24560963382,116.02622740145222,9.000502188943253,80.94428851784903,0.06487910642604618,98.39239877197555,101.22856132704504,116.02709564336337,130.8248535585069,133.6595674987787,136.95572789708555,2,3.546505759147763,0.9995641112327576,113.79228887512312,9.807653669641953,0.000435849855421111,38.11340974996854,22.245794173211287,94.56964090978279,97.66013416472863,113.79228887512312,129.9244435855176,133.01493684046343,136.60830313882352,-5.487545637016581,1.5223345197460105,38.11340974996854,74.70448498019105,81.71436513695366,89.86486573116875,113.75929981873279,9.94281091945389,96.36383368579723,2.4951517293997845,94.49807864559394,97.62069552480827,113.7869331788958,129.92249003877797,133.01327936444312,136.6069134310563,2,5.813433341867196,0.9999916553497314,119.51707547138894,9.286328427985207,8.315174454764929e-06,46.64625504978086,16.594731226167102,101.31620620392746,104.2424244755549,119.51707547138894,134.79172646722296,137.7179447388504,141.12030586747736,14.121179513371125,19.35035120413504,46.64625504978086,73.94215889542667,79.17133058619059,85.25137275805386,119.5164660149414,9.288812706017751,86.23746593920212,0.04415451027804462,101.31487531356709,104.24162988532497,119.51697909526241,134.79178656940036,137.7180383781269,141.12038914143653,2,0.056267145658580375,0.9999957084655762,116.81067062618229,11.488554456792341,4.264042217982933e-06,32.07353408629767,25.720447624178824,94.29351765644216,97.9136801594979,116.81067062618229,135.70766109286666,139.3278235959224,143.53704486254358,-18.337616923341635,-10.232837475148266,32.07353408629767,74.37990564774358,82.48468509593697,91.90824273618487,116.81030609207164,11.490001321376031,131.98913792099847,0.03061732276294026,94.2925052892605,97.91306768294072,116.81060957833553,135.70778043179257,139.32796494772717,143.53727221694032,2,2.762427068528339,0.9999374151229858,116.53662751169755,9.413774325191481,6.257471977733076e-05,35.43228833574495,20.718649295317903,98.08596887573438,101.05234666960368,116.53662751169755,132.0209083537914,134.9872861476607,138.436341399807,-5.175518091394316,1.3531428968057213,35.43228833574495,69.51143377468416,76.04009476288421,83.63107407690552,116.53155124671076,9.436746531141774,88.64046180339734,0.4115853583808844,98.07599101017766,101.04690156044094,116.53588942254706,132.0207527151504,134.98717924849905,138.43619230205988,2,3.0411819138892184
60,136,reset,1.2,119.5741009671,15.776720281747,15.405621542112,15.69870788645,15.627016570103,0.0029495442286133766,98.17543050669579,40.204487832386405,0.997050404548645,18.510961689321725,8.451147457020157,19.376082338339586,32.04493287586865,98.17543050669579,164.3059281375229,176.97477867505197,191.70505530246874,1.947017045524948,4.610061142740403,18.510961689321725,32.411862235903044,35.0749063331185,38.17127060916623,18.745934615365353,9.72845042001934,75.97887342282182,18.66385615176576,1.9540379182225982,4.61960463923046,18.54080500637489,32.63492413914853,35.48637084828561,39.15826335775683,2,-3.118918045262353,0.006577677093446255,99.2876104252127,54.722220071030954,0.9934223294258118,16.61317133786443,8.310281803934227,-7.965970068082868,9.277568266540754,99.2876104252127,189.2976525838846,206.54119091850825,226.5905307502506,0.3253183007747893,2.9439741716743875,16.61317133786443,30.282368504054467,32.90102437495406,35.9457777451271,17.156977210368346,11.5311156917097,88.30351919429515,44.66311182031943,0.3143619979079947,2.949435582807327,16.673095938201815,30.75485316763438,33.801489006547335,38.43266986172591,2,-1.5299606402653456,0.0023156898096203804,99.73232678454184,49.86309850038166,0.9976842403411865,16.078455877046466,10.50489960631635,2.002449566220591,17.714828365150524,99.73232678454184,181.74982520393314,197.46220400286307,215.73123997399375,-4.510769012542578,-1.2005663411640803,16.078455877046466,33.35747809525701,36.6676807666355,40.51650674321297,16.272171170375085,11.490106667234883,115.85493069228335,16.167602037234587,-4.508845000520931,-1.1945660235806428,16.10615988882647,33.56390998228113,37.04460075527071,41.39227500226157,2,-0.6451546002720843,0.0018521988531574607,100.40434332081568,50.6077984170619,0.9981478452682495,16.564500589140486,8.679021798954993,1.214881086511184,17.161922542482415,100.40434332081568,183.64676409914892,199.59380555512018,218.13568757823506,-0.44606955784933433,2.2887801047384695,16.564500589140486,30.840221073542498,33.5750707361303,36.75492449989355,16.719789380546068,9.639754283090703,79.92966277808684,12.995212194477809,-0.4466578877994327,2.291679395820439,16.582713982193667,30.977936651961095,33.82547134538083,37.332968992106736,2,-1.0927728104430674,0.003925831988453865,104.07193637988337,50.6655578301716,0.9960741996765137,16.30564367037956,8.652670723661558,4.769267776115683,20.73450982140602,104.07193637988337,187.4093629383607,203.37460498365104,221.93764912519634,-0.6532793180812249,2.0732668477480214,16.30564367037956,30.538020493011093,33.26456665884034,36.43476581314505,16.650199906124215,10.713265027950847,84.65239685163571,30.121659485931243,-0.6511045600570956,2.0817207432008518,16.344825406013538,30.836899010147267,33.81998857720897,37.81002161446348,2,-1.023183336021214
61,138,reset,0.1,104.667895049,104.6925065919,107.4494257043,107.18231937600001,106.44141722406668,0.9999998807907104,106.8580846016109,6.292975803967417,1.5033928946195374e-07,55.41753658979685,37.79895696853061,94.52407867025276,96.50706052613722,106.8580846016109,117.20910867708456,119.19209053296903,121.49773548456095,-18.667057721702463,-6.756214874873372,55.41753658979685,117.59128805446704,129.50213090129614,143.35105977449928,106.85808019456763,6.292995860643906,39.60175454738317,0.00039781725223843334,94.5233677461529,96.506472943392,106.85808207789152,117.20937915925292,119.19282829476793,121.4979878389619,2,-0.41666297050095125,0.9999845027923584,103.01123103711873,6.722717767456176,1.5448753401869908e-05,36.10211771403884,25.372156403618227,89.83494633467711,91.95334433434734,103.01123103711873,114.06911773989013,116.18751573956035,118.650611223217,-13.626395047170199,-5.631365770032637,36.10211771403884,77.83560119811031,85.83063047524786,95.1265798234278,103.01019238339578,6.728584797876845,45.204178863751444,0.06916036569547217,89.83288564279323,91.95227462639043,103.01110247952228,114.06909605212421,116.18780395091251,118.65085398549134,2,3.4312248406709074,1.0,109.62262635359704,6.0386902326906196,2.7805468150177148e-08,45.11667375282021,18.679784372522306,97.78701098372963,99.68986482231944,109.62262635359704,119.55538788487463,121.45824172346445,123.67072053840806,8.504969143702354,14.391162677005454,45.11667375282021,75.84218482863496,81.72837836193807,88.57235041537879,109.62262760808727,6.038672949090109,36.46578942867588,0.00011569905734673621,97.78689683680743,99.68973743610007,109.62262607416768,119.55556164740136,121.45845465144588,123.6708819191553,2,-3.181210384020588,1.0,106.04779876184261,8.087675803997884,2.4081121097196956e-08,28.66238313915664,33.68771951689075,90.19624546737073,92.74475588202903,106.04779876184261,119.3508416416562,121.8993520563145,124.86254617440464,-37.364333835236316,-26.748984491925036,28.66238313915664,84.07375077023829,94.68910011354959,107.03173781855958,106.04779945206494,8.08766966620379,65.41052723933282,0.00014420985817271558,90.19623057854716,92.7443508427827,106.04779849373334,119.3512801397564,121.89960876039385,124.8631187503509,2,0.39361777200174686,0.9999988079071045,104.36837553102191,6.492123165793963,1.1437334705988178e-06,33.135812799624965,24.375869923359442,91.64404794286759,93.68978319515003,104.36837553102191,115.04696786689378,117.09270311917624,119.47131245577799,-14.640014341992682,-6.958925253910131,33.135812799624965,73.23055085316005,80.9116399412426,89.84256597372828,104.36828901276111,6.492659139041556,42.14829254293301,0.0058033862212851514,91.64371634571395,93.68947793236545,104.36836679122558,115.04725279029947,117.09272680645226,119.47133658188936,2,2.0731282113055727
62,140,reset,0.2,107.2572968479,107.21804762789999,107.1522520992,107.26379707400001,107.21136560036666,0.9999979734420776,107.31319212256814,7.435206091660196,2.029671577474801e-06,52.71321660466728,31.399168466205392,92.74045596528134,95.08336641556917,107.31319212256814,119.54301782956709,121.88592827985494,124.61006800695735,-8.828022733601074,1.06618046976903,52.71321660466728,104.36025273956551,114.25445594293562,125.7586054126744,107.31308163668596,7.43573759371282,55.284178661698704,0.006050758012725402,92.73987094322871,95.08304112394744,107.31317459528405,119.54331397686545,121.88636687315251,124.61065259937308,2,-0.10171603631930282,0.9999055862426758,104.26698822355576,7.956390133394651,9.439030691282824e-05,35.73980447670556,22.146436974831936,88.6727501151524,91.17989105520066,104.26698822355576,117.35408539191086,119.8612263319591,122.77631949541792,-7.666414379851233,-0.6878427053989569,35.73980447670556,72.16745165881005,79.14602333326235,87.2601210506853,104.26051747654626,7.986734618713301,63.34446228349019,0.4432126742999912,88.66024136324437,91.17293170679764,104.26604902410409,117.35389210572019,119.86111747861354,122.77629293490958,2,2.950848123820407,0.9999994039535522,110.00477097593436,7.357554779294053,5.673602458955429e-07,43.59395073779935,17.368613420664246,95.58422859423747,97.9026703117184,110.00477097593436,122.10687164015033,124.42531335763125,127.12100289488411,9.552093971898387,15.025123957701734,43.59395073779935,72.16277751789696,77.6358075037003,83.99938764399883,110.004730141456,7.357757853752092,54.13375121901148,0.0025022825420404817,95.58401288115684,97.90254138294559,110.00476608089247,122.10699831671441,124.42546201718986,127.12116891115367,2,-2.793364541089332,0.9999996423721313,106.97543614518901,9.549498428045872,4.0839759662958386e-07,28.899806486040198,28.080471770222385,88.25876315579723,91.26790902025037,106.97543614518901,122.68296327012764,125.69210913458078,129.19089151142987,-26.136906852489382,-17.288459351718537,28.899806486040198,75.08807232379891,83.93651982456977,94.22475229076088,106.9754096904033,9.549613508205727,91.19320964089205,0.002489510694132649,88.25839075804532,91.26782330373622,106.9754308651301,122.68316642315301,125.69235489351667,129.19122471625633,2,0.23595590996336568,0.9999892711639404,105.99326965715919,7.664479465478127,1.0743598068074789e-05,32.91610860217323,21.174968542138867,90.97116594457525,93.38632280967241,105.99326965715919,118.60021650464597,121.01537336974312,123.82351516730391,-8.586067114187571,-1.9136152049472273,32.91610860217323,67.74583240929368,74.41828431853403,82.17645165305967,105.9924861101864,7.66848353311615,58.74843242626018,0.05737311382721652,90.96966583079349,93.38539273111037,105.99316621440217,118.6002673392099,121.01553225220226,123.82368947407227,2,1.2188794901802567
63,147,reset,0.2,116.6831326013,116.71964571379999,116.9318486106,116.7652204048,116.8055715764,0.9999985694885254,115.46623988854734,7.534694404253106,1.4185231975716306e-06,57.319208498301585,35.1556223824904,100.69851022169577,103.07277046974065,115.46623988854734,127.85970930735402,130.23396955539891,132.99456019742897,-11.584545225469817,-0.5066444852741299,57.319208498301585,115.14506148187728,126.22296222207297,139.1034158883907,115.46615602139316,7.535134218692217,56.773291731078004,0.004796129723865267,100.69783270546024,103.07218356455371,115.46622719983394,127.85979459477342,130.23451332731335,132.99527923378673,2,1.3394155550068376,0.9999215602874756,112.49568168667835,8.178205846010831,7.83857685746625e-05,38.76830651607251,25.31390423159605,96.46669277034219,99.0437301389117,112.49568168667835,125.94763323444501,128.5246706030145,131.52103347001403,-10.846034085951828,-2.8693606715704902,38.76830651607251,80.40597370371549,88.38264711809686,97.65725380891942,112.48989644124921,8.206994970021073,66.92803368283498,0.4260501496265191,96.45589138691916,99.03775520642267,112.49488145588603,125.94739379091847,128.52442474031713,131.52109289460213,2,4.315675135150784,0.9999995231628418,118.99041128777256,7.529892166079721,4.649492950647982e-07,48.27059878438432,17.75908019352346,104.23209383478601,106.60484084784285,118.99041128777256,131.37598172770225,133.7487287407591,136.5075599200889,13.463441206519718,19.05951131674519,48.27059878438432,77.48168625202344,83.07775636224892,89.58439723750843,118.99037699210386,7.530065690107112,56.699395634467656,0.002325346055090867,104.23203311646122,106.60472738635255,118.99040693293331,131.37606035856078,133.74887655530642,136.50765152328572,2,-2.184805415703863,0.9999997615814209,115.794532589502,9.625504329072681,2.7605568675426184e-07,31.996839475445817,30.684192573982664,96.92889077148516,99.9619868825897,115.794532589502,131.62707829641428,134.66017440751884,138.18680412201115,-28.143072864251593,-18.474165969947016,31.996839475445817,82.46784492083863,92.13675181514321,103.37894563659015,115.79451381484357,9.625591162952176,92.65057141129621,0.0019384772496879178,96.9287168916093,99.96166855190056,115.79452889031835,131.62738025026601,134.66038518617276,138.18710084722,2,1.0110577615564296,0.9999924898147583,114.80242735592162,7.841672400611922,7.568842647742713e-06,35.917733668577,23.481598946139446,99.43303187216051,101.90402406640985,114.80242735592162,127.7008306454334,130.17182283968273,133.0448852740099,-10.105354565270012,-2.7060595246003487,35.917733668577,74.54152686175433,81.940821902424,90.54410145600815,114.80183702410038,7.844862235848976,61.49553757351934,0.04709899897100208,99.43186011415835,101.90329672876625,114.80235262328682,127.70088455558756,130.17194360117463,133.0449935041984,2,2.003734552299619
64,149,reset,1.0,117.00132164690001,15.807245187602799,15.9297612224371,15.3446037401858,15.693870050075233,0.024802755564451218,99.62044745836023,29.522477417421673,0.9751972556114197,23.782600273755968,9.265880373932804,41.75745498581667,51.06029340172124,99.62044745836023,148.1806015149992,157.48343993090378,168.30000003479788,5.62180845579114,8.541583333794126,23.782600273755968,39.023617213717806,41.943392091720796,45.33826138277129,25.66358812580118,15.635104476303987,105.34456448322577,139.11193486236442,5.71831017076043,8.652256296468579,24.074914355984113,41.71594276478693,51.291960709601746,106.85702995625913,2,-9.969718075725947,0.05108705908060074,100.5898598472869,36.437760901347055,0.9489129781723022,21.458236312168232,8.874554154607816,29.173160803364922,40.65507667071563,100.5898598472869,160.52464302385815,172.00655889120887,185.35676745494408,4.064429790286603,6.860893723384304,21.458236312168232,36.055578900952156,38.852042834049854,42.10353650280044,25.500839038232293,21.12150645605266,142.56303516259192,303.55502403577657,4.231742638366974,7.064405088840836,22.038850779297583,46.33705706181663,101.56165856604929,131.81407975747894,2,-9.80696898815706,0.016678720712661743,101.17933206164261,35.696374860394016,0.9833213090896606,21.212611843267595,11.125077760915701,31.21572295662932,42.464020403504136,101.17933206164261,159.89464371978107,171.14294116665587,184.22151782908514,-0.5921398933346893,2.913487338108233,21.212611843267595,39.51173634842695,43.01736357986988,47.093412840912876,22.54635506828253,15.742673217474414,142.95562366860284,104.87615151324012,-0.5193585717700259,2.998629326495545,21.4430990405402,41.41587027308289,47.27481969618933,92.17565077961248,2,-6.852485018207297,0.021993152797222137,101.63767565428823,37.119168673268696,0.9780068397521973,20.366968390305537,9.250813765898277,28.88544191861415,40.58207643263872,101.63767565428823,162.6932748759377,174.3899093899623,187.98977478351026,2.2357065814575634,5.150733815215142,20.366968390305537,35.58320296539593,38.49823019915351,41.88757932775074,22.15436732135488,16.00208470615803,113.998319169422,142.06839211677053,2.3103148172826016,5.241123393645378,20.620152028879446,37.821223937719566,44.55234888349132,105.86292506668605,2,-6.460497271279646,0.03547998517751694,104.84250758028438,34.22936241879411,0.9645200371742249,20.45679171229927,9.115914529936854,37.75419002567908,48.54021665749445,104.84250758028438,161.1447985030743,171.93082513488966,184.4719120730195,2.5899275474776573,5.462446634753007,20.45679171229927,35.45113678984553,38.323655877120885,41.663580098955876,23.450796117734463,19.11566659212492,121.7216145152008,243.68710703819323,2.723155577147894,5.616373887927464,20.87126715808225,39.97774505888638,86.43584304696408,124.60504653994496,2,-7.756926067659229
65,150,reset,0.3,15.3446037401858,15.264591079159299,15.311096211713298,15.1585615859008,15.244749625591133,0.999995231628418,16.487883782327444,4.879070021915434,4.763717242894927e-06,16.45548848587069,12.898961578524936,6.925082261324137,8.462527760629639,16.487883782327444,24.513239804025247,26.050685303330745,27.83829795510681,-8.826011646004115,-4.76141525047375,16.45548848587069,37.672392222215116,41.73698861774549,46.46296033140666,16.48788355126521,4.879139743742781,23.806003368687556,4.999290060575578e-09,6.924878554995472,8.46244174023446,16.487883830787368,24.51338976067729,26.05081762945596,27.838594012681995,2,-1.2431339256740763,0.9999306201934814,16.616848299106096,5.011330044023244,6.942869367776439e-05,9.768093031627714,7.1848658335181925,6.7948218981770125,8.373943900343578,16.616848299106096,24.859752697868608,26.43887470003518,28.27494529313656,-4.313985235820303,-2.0499595937944015,9.768093031627714,21.586145657049826,23.850171299075726,26.482590388701436,16.616373611325066,5.01183732516764,25.11527051394667,0.003256357930865236,6.792910816767982,8.372663844938105,16.616560388948162,24.8596522946579,26.438816856216498,28.274905725942443,2,-1.3716239857339332,0.9999996423721313,16.355219251258582,4.710618874827683,3.4982406305061886e-07,12.09609937488431,13.782357280097559,7.122575911701727,8.6069407098122,16.355219251258582,24.10349779270496,25.587862590815433,27.31375745613062,-14.91682451617033,-10.573860985225195,12.09609937488431,34.7660597349938,39.109023265938944,44.15865693271057,16.355217633683008,4.7106259808769,22.189988698405845,6.345842024596686e-06,7.122493386637639,8.606829903426167,16.355218744169836,24.103626724913404,25.587891112723725,27.313826127995096,2,-1.1104680080918747,0.9999983310699463,14.916599520563182,6.400513232538607,1.6612484614597633e-06,8.882210482444151,13.07948135672574,2.3718241022154682,4.388692115671159,14.916599520563182,25.4445069254552,27.461374938910893,29.80641987184964,-16.753101913201387,-12.631621865810352,8.882210482444151,30.396042830698647,34.517522878089686,39.30963413021989,14.91658938136044,6.400534951516628,40.96678546404243,6.049235357498254e-05,2.371735049460954,4.388577347184653,14.91659482399811,25.44459400168318,27.461406120016274,29.806465226750365,2,0.328160244230693,0.9999774694442749,15.005734132731867,5.629072499963096,2.2581531084142625e-05,10.00864006658805,11.16470379012767,3.9729547664393525,5.746733814794775,15.005734132731867,24.264734450668954,26.03851349902438,28.100914975842777,-11.873777260120026,-8.3556634564423,10.00864006658805,28.372943589618394,31.89105739329612,35.98162499304727,15.005622055619567,5.629308171477846,31.68855809799154,0.0005638695306960801,3.9723324085045966,5.7463164374390505,15.00567874196048,24.26485349686205,26.0386288124991,28.101180845626995,2,0.2391275699715667
66,151,reset,0.3,15.1585615859008,18.325483307134,18.1179474757079,18.0754262230692,18.1729523353037,0.9999953508377075,16.29049205422855,4.868535138937864,4.686246029450558e-06,16.42766345628641,12.898550946097869,6.748338524442627,8.282464373005912,16.29049205422855,24.298519735451187,25.83264558401447,27.61639842438978,-8.853031850820457,-4.788564849821022,16.42766345628641,37.643891762393835,41.70835876339328,46.43418002794866,16.290493301159813,4.86860289113622,23.703303864692177,8.817632676436687e-08,6.748134025079951,8.282371238556841,16.290491984137738,24.298660559909255,25.832777347312355,27.616699813086253,2,1.8824590341438885,0.9999313354492188,16.42829165185905,5.002014451190957,6.862229201942682e-05,9.730902701075237,7.177833933306611,6.624523477375886,8.200710039753922,16.42829165185905,24.65587326396417,26.23205982634221,28.064717336308693,-4.3373932952152,-2.0755834777794977,9.730902701075237,21.53738887992997,23.79919869736567,26.42904141204128,16.42783136743944,5.002504905530048,25.021966082353178,0.0030778429730930496,6.62268289030877,8.19948112324912,16.42801262655375,24.65579988238616,26.231996727729378,28.064696419033428,2,1.7451209678642634,0.9999996423721313,16.161700435313925,4.700537488539304,3.429296384638292e-07,12.081939039820398,13.780949603321261,6.948816249796531,8.430004298668685,16.161700435313925,23.893396571959162,25.374584620831317,27.096785828626608,-14.928225855450826,-10.58570589803804,12.081939039820398,34.749583977678824,39.092103935091615,44.14122185177078,16.16169879869443,4.700544591188542,22.095109906692294,5.707874363890983e-06,6.9487228834355665,8.42988775307461,16.161700158626836,23.893460147465277,25.374730631566347,27.096960370944597,2,2.0112535366092708,0.9999983310699463,14.7247578138996,6.387879441532511,1.6381749219362973e-06,8.865986899536168,13.075118567290096,2.2047441709120417,4.2176311459661004,14.7247578138996,25.231884481833095,27.244771456887158,29.58518757233795,-16.760774585943377,-12.640669298691492,8.865986899536168,30.372643097763817,34.4927483850157,39.28326118138341,14.724747763346148,6.387900955557319,40.80521571915347,5.623058439426593e-05,2.2046552426038044,4.217515702483873,14.724753574978736,25.231934011198184,27.244860542543435,29.585242649378074,2,3.448204571957554,0.999977707862854,14.815794302572591,5.621661305062302,2.2275733499554917e-05,9.983005076614795,11.168332484048962,3.7975406113680386,5.568984315448114,14.815794302572591,24.062604289697063,25.83404799377714,27.893734128181936,-11.906524359489932,-8.387267116773092,9.983005076614795,28.353277270002675,31.87253451271952,35.96443160746336,14.815686405614683,5.621892357165268,31.6051498177391,0.000520257138872105,3.796908961139067,5.568562234922807,14.815741914714259,24.06270686923752,25.8342248819846,27.8939635169054,2,3.357265929689019
67,152,reset,1.1,18.0754262230692,18.406477607599697,18.6256123402877,18.8341793646704,18.6220897708526,0.5519768595695496,18.375937102408884,6.969006452317785,0.4480230510234833,15.953335456111375,8.688130634758213,4.716935447838768,6.912941563065758,18.375937102408884,29.838932641752002,32.034938756978995,34.58827044693527,-1.075087680993846,1.6626322701011258,15.953335456111375,30.24403864212162,32.9817585932166,36.164949687670244,17.290554078483353,7.878940783395504,60.62628726593127,1.4513938729232134,1.3792476138834127,4.115315474716301,17.42157506071008,30.002810466917193,32.43527900255728,35.300143757536205,2,1.331535692369247,0.09612400084733963,18.511105770875083,10.735892593473595,0.9038759469985962,11.75339275533183,7.140589572171631,-2.5308570542234854,0.8521338999385861,18.511105770875083,36.170077641811574,39.55306859597364,43.486526681633194,-2.2419056345068427,0.008168098973456495,11.75339275533183,23.498617411690198,25.7486911451705,28.364888125951502,12.402970553976788,7.818807991703277,57.1660380360336,3.9677123520378874,-2.261534389952059,0.06048974812558264,12.17698116990367,25.431634697315214,28.594465693836298,32.92052076826237,2,6.2191192168758125,0.4927225708961487,17.581537694713724,7.495733311409878,0.5072774887084961,12.750788663551461,10.079453434340927,2.8901703666332033,5.252153570780212,17.581537694713724,29.910921818647232,32.27290502279424,35.019220948089206,-7.004577051605317,-3.8284368756126916,12.750788663551461,29.330014202715606,32.50615437870823,36.19910373202413,15.131008505546038,9.222470060836034,79.22116918565135,5.832798483695193,-4.086365318162883,-0.6795609827910155,15.485888703865717,29.666734276613465,32.375566603236074,35.57708129699228,2,3.491081265306562,0.12030825763940811,17.055749526941753,9.50099049147722,0.8796917796134949,11.931102943242173,8.4820313379822,-1.5658496538111102,1.4280108574039918,17.055749526941753,32.68348819647951,35.67734870769461,39.158358558072024,-4.693372994943029,-2.0205970669539024,11.931102943242173,25.882802953438244,28.555578881427373,31.66325851390485,12.547640689213036,8.770906124541032,74.14938256484547,2.779417545885437,-4.439665432874216,-1.7358369960780984,12.470324861808693,27.090718759956875,29.9987207442609,33.44883476008199,2,6.074449081639564,0.14159215986728668,18.09535556703281,9.14614788268549,0.8584078550338745,14.28567792493778,7.3201404019261105,0.1692351196919759,3.0512810495630482,18.09535556703281,33.139430084502564,36.02147601437365,39.37247724958134,-0.06153362461395595,2.2451184350356037,14.28567792493778,26.32623741483995,28.63288947448951,31.31487098663905,14.825098623553316,7.720481091812323,57.84178785594364,1.7640437081180593,-0.035241407966922864,2.3330662993763123,14.721446411219251,27.65886462146469,30.330121364604484,33.58221378696055,2,3.796991147299284
68,154,reset,0.9,17.255659856432903,17.4016999720703,16.7775213426849,16.792526653937898,16.99058265623103,0.9094803333282471,18.1428650184367,6.337362287702297,0.09051970392465591,16.063673109672052,8.761738298329398,5.721863177557832,7.718831674204095,18.1428650184367,28.566898362669306,30.563866859315567,32.88577430345954,-1.1090183970188292,1.651896091265316,16.063673109672052,30.475450128078784,33.236364616362934,36.44652437289286,17.954657858327177,6.620544030092567,43.475717242064896,0.35589802153814076,4.797473474486292,7.040317256182387,18.004284119214173,28.71862319988289,30.802050988691917,33.261773498350465,2,-0.9640752020961472,0.5836842656135559,18.602050047353934,8.503170983490717,0.4163157343864441,12.326324407362165,6.681323857584518,1.9361411653260951,4.615578414570706,18.602050047353934,32.588521680137156,35.26795892938177,38.38338378740333,-0.7688297225517147,1.336524627376864,12.326324407362165,23.316124187347462,25.42147853727604,27.869407959232255,15.989366718732924,8.387931769226975,60.7870297862554,9.570369578951755,0.4146416511916303,2.7666868949414085,15.648114741627206,30.369636442279383,33.27424536146623,36.622549961671396,2,1.001215937498106,0.9101807475090027,17.486028914624534,6.689380898048234,0.08981923013925552,13.199337592199889,10.484904688749253,4.375083275579788,6.482976482409995,17.486028914624534,28.489081346839065,30.596974553669277,33.047855945448454,-7.350697979083797,-4.046795913329824,13.199337592199889,30.445471097729595,33.74937316348357,37.59087332439256,17.10100120935652,7.218377438708683,50.60271909954562,1.5022472114747012,2.4655029293972346,5.187076077177723,17.237857350873757,28.623367637181282,30.84522083613169,33.488727763201325,2,-0.11041855312549131,0.6688340306282043,16.973179270344005,8.5690140921515,0.33116599917411804,12.311017183133536,8.403755432082253,0.17822026671087343,2.878405361470328,16.973179270344005,31.067953179217675,33.76813827397713,36.90768698624665,-4.160040798630522,-1.5119304193401,12.311017183133536,26.133964785607166,28.78207516489759,31.861075766517253,15.42923021026142,8.79280808261912,72.49911813280762,4.814362939739448,-1.7908979994598195,0.9690299918983104,15.426972566314276,29.89707114186856,32.66261275979411,35.87415483935995,2,1.5613524459696109,0.6646119356155396,17.843045714056416,7.842123375873929,0.33538806438446045,14.156966991693032,7.483928709743351,2.472766335023845,4.943900636249255,17.843045714056416,30.74219079186357,33.21332509308898,36.086552757486714,-0.5112637422692554,1.8469997096254254,14.156966991693032,26.466934273760636,28.825197725655315,31.567188635077688,16.606778906194215,7.91747036306659,59.657715794634626,3.0286211554031635,1.1704200358682577,3.630691077823329,16.578903270824966,29.67844861764287,32.19713537803319,35.12654310015386,2,0.3838037500368152
69,155,reset,1.4,16.792526653937898,17.6272768712853,17.1426876751447,17.4657753765054,17.411913307645133,0.12426437437534332,15.61101497512189,7.856956571792018,0.8757355809211731,14.658428429996235,9.129747799874645,0.21166306631424092,2.6874714612095794,15.61101497512189,28.534558489034197,31.010366883929535,33.88902919234146,-3.235548445691869,-0.35867035177980355,14.658428429996235,29.67552721177227,32.55240530568433,35.89739781476366,14.77680034578183,8.986900886931071,80.66562973804125,0.09874805230439965,-2.8986624759676936,-0.03227967099223941,14.793058420912008,29.529739913284228,32.367208278799865,35.676607382319865,2,2.635112961863303,0.003933360800147057,15.12186962799963,15.389474624181668,0.9960666298866272,9.036227899720494,8.205982608274732,-15.040946376389531,-10.191563524463241,15.12186962799963,40.43530278046249,45.284685632388786,50.92314120257012,-7.047202470260039,-4.461412356200906,9.036227899720494,22.53386815564189,25.119658269701024,28.12619809489653,9.060164840181816,8.255298044140702,68.0048458583906,0.14509917471175848,-7.0748949577016855,-4.477680696236601,9.048691625393571,22.617278480903853,25.249338975992735,28.358595876914936,2,8.351748467463317,0.10007660835981369,14.827493724705171,8.593386927717345,0.8999233841896057,10.694860162391812,9.853865666657864,-2.0152351588381343,0.6926300688519209,14.827493724705171,28.962357380558416,31.670222608248473,34.818701134810766,-8.618361652753375,-5.513306518902969,10.694860162391812,26.903026843686586,30.008081977536996,33.61837960710537,11.10844003321915,9.813754454097007,94.77164955848615,1.5381260074401122,-8.23299228649767,-5.104447003391467,11.150033591849905,27.17837982724205,30.22934487188359,33.77468909866986,2,6.303473274425983,0.008183938451111317,14.108624748910742,10.747404709586808,0.9918161034584045,9.810643195965056,9.45549962263586,-6.955901409155565,-3.569282867968461,14.108624748910742,31.786532365789938,35.17315090697704,39.110826846514534,-8.721795520233307,-5.742269652965822,9.810643195965056,25.36355604489593,28.343081912163417,31.80742464107796,9.845818023617682,9.474704072816001,89.62007957644987,0.1499417537002918,-8.710962164935571,-5.729028596142797,9.840829825792373,25.436620886334627,28.432455284668496,31.922386603617046,2,7.566095284027451,0.008451846428215504,15.20842229873216,11.558729377354798,0.9915481209754944,12.785598766842476,7.582426461656931,-7.446270987928333,-3.8039956405604194,15.20842229873216,34.220840238024735,37.86311558539265,42.098047812354906,-2.0756840134285905,0.31361710029324996,12.785598766842476,25.257580433391695,27.646881547113537,30.424960445989093,12.806075682493587,7.627952997275401,58.136467941308325,0.04919364168715137,-2.1223363991540833,0.2832390287219503,12.79897485056792,25.346311171885517,27.774521485714562,30.62787090102683,2,4.605837625151546
70,158,reset,1.4,29.922658903532,12.120194024914,12.4122885628705,11.8801304343281,12.137537674037533,0.04562895745038986,27.349235388386518,10.271419771548166,0.9543709754943848,14.069688149931586,8.855035426574563,7.217622566059479,10.454253323214449,27.349235388386518,44.244217453558576,47.48084821071355,51.244130937308654,-3.2858623679808368,-0.4955489882533666,14.069688149931586,28.634925288116534,31.425238667844006,34.66958098909965,14.67561910238938,9.34489789036443,79.64775439154906,7.679347747850138,-3.1188302592560295,-0.3081743618486144,14.488736235096532,30.25296820383637,33.68961041935919,38.05782269030791,2,-2.5380814283518465,0.002276821294799447,26.441792475558643,19.472351062858767,0.9977231621742249,9.378029687117895,8.198627965383631,-11.723314301964791,-5.587374795456967,26.441792475558643,58.47095974657424,64.60689925308208,71.74125497321704,-6.690985847676927,-4.1075132577691456,9.378029687117895,22.86357263200493,25.447045221912713,28.450890424439887,9.416880670576042,8.281859921249763,67.92776508907362,0.6614372002015579,-6.697241425721821,-4.109051913672444,9.392538542751614,22.95910791668364,25.60779917636888,28.77612421952279,2,2.7206570034614916,0.03632209450006485,25.954376107076662,11.363784154031904,0.9636778831481934,9.761488333221834,9.903077441614665,3.6817684370871575,7.262614525423608,25.954376107076662,44.64613768872971,48.22698377706616,52.39049121486778,-9.648186788453973,-6.52762451459936,9.761488333221834,26.05060118104302,29.171163454897638,32.79949148598392,10.349647714986466,10.410444118802069,99.19927368411531,9.178070672373746,-9.49661453240836,-6.357188770810814,10.15250961642901,27.6671237696073,31.48415977964221,36.37086149129434,2,1.7878899590510677,0.0035907095298171043,25.308801417474868,13.965464762996652,0.9964092373847961,9.549331127534927,9.361200407187098,-2.0630065453617767,2.337656049996834,25.308801417474868,48.27994678495289,52.68060938031151,57.797330678864405,-8.798284522613478,-5.848473314846377,9.549331127534927,24.947135569916224,27.89694677768333,31.326739793264885,9.605918300759948,9.429014416725058,88.01771827396209,0.8885896984636189,-8.788159278362555,-5.8363935250811085,9.580615980178097,25.098353072472715,28.130609769636603,31.74333745305678,2,2.531619373277586,0.004001043736934662,26.88946538836266,14.685042620033595,0.9959989786148071,12.247482981365295,7.508462196241189,-1.8926892583389083,2.734719772863439,26.88946538836266,51.04421100386187,55.67162003506422,61.05198306767695,-2.468832502547956,-0.10283829495004682,12.247482981365295,24.59780425768063,26.963798465278543,29.714778048907007,12.306066467123696,7.607141705191463,57.01426594091224,0.8543423668825436,-2.467750977071251,-0.09793041229135009,12.273204646490136,24.748891295015042,27.21238965209868,30.203922612427508,2,-0.1685287930861623
71,161,reset,1.2,19.2052447218706,16.782040397392002,15.9202991615256,17.4827283755696,16.7283559781624,0.32380425930023193,18.992727179281047,7.452235090451443,0.6761957406997681,15.627987782107326,8.745052934042906,4.3866147976706245,6.734891261856955,18.992727179281047,31.250563096705136,33.59883956089146,36.32921843880531,-1.512001011513103,1.2436557456642312,15.627987782107326,30.012319818550413,32.76797657572775,35.97202308359266,16.71750473034747,8.495548054858135,69.69544333327423,2.4788934191295806,-0.2594498681712146,2.549857751733676,16.83014844935199,30.495040883855115,33.08691377208988,36.10492731291716,2,0.010851247814930076,0.03011021576821804,18.891469545212914,12.357850337553462,0.9698898196220398,11.138706269138673,7.449452875656122,-5.329472042728025,-1.4353854038353795,18.891469545212914,39.218324494261196,43.11241113315385,47.64012840569529,-3.4619530716756657,-1.1145533121883773,11.138706269138673,23.39196585046572,25.739365609953012,28.46872512918872,11.372144038382872,7.757384620535599,58.42172902543598,1.755291702354704,-3.5017457147773134,-1.1205832671544274,11.272752777401056,24.0873766931245,26.81374707462105,30.403750701383164,2,5.356211939779529,0.26749154925346375,18.11451265036714,8.078718253825688,0.7325084805488586,12.154267979605542,9.970288604624571,2.2805158316224734,4.826203629442887,18.11451265036714,31.402821671291385,33.9485094691118,36.90842168512946,-7.387138600928733,-4.245397393464124,12.154267979605542,28.5539333526752,31.69567456013981,35.34862767854753,13.748583422742676,9.860775816364796,90.27423787089617,6.9606674630492975,-6.090692665125514,-2.8236826187229562,13.957874222427225,29.609362512274622,32.52337489463107,35.90595110392247,2,2.979772555419725,0.04135677218437195,17.54783413775249,10.174612096255462,0.9586432576179504,11.400064443665876,8.70615883912199,-2.394039127573805,0.8120865284023644,17.54783413775249,34.2835817471026,37.489707403078775,41.2175213570666,-5.663693324698276,-2.9202924996795545,11.400064443665876,25.7204213870113,28.463822212030024,31.65361855011919,11.654316694094598,8.856764449420243,76.94384240137184,1.4984381589861913,-5.577906509412244,-2.8216056346834057,11.607522328890877,26.27879412211321,29.171195190748676,32.60431313142398,2,5.074039284067803,0.04909491539001465,18.676252047332717,10.097820230355092,0.9509050846099854,13.97112484091123,7.335820797377937,-1.1151119265232197,2.0668158171291857,18.676252047332717,35.28568827753624,38.46761602118865,42.167294672665875,-0.40681971898943026,1.9047733956780846,13.97112484091123,26.03747628614437,28.34906940081189,31.03679595723598,14.20212266300975,7.563847227294863,56.178270734290614,1.033514143565593,-0.43422546358046493,1.9105137912185284,14.135869794664021,26.68480275085867,29.24483465834146,32.39302548523581,2,2.526233315152652
72,162,reset,0.7,17.4827283755696,10.4937332998793,9.84056319511278,9.84557220004234,10.059956231678141,0.9923202395439148,18.557318488298762,5.916858473210896,0.00767979072406888,15.783826390218103,9.239100656018131,6.960488979184751,8.824952368479266,18.557318488298762,28.289684608118254,30.15414799741277,32.321989618453465,-2.3244781451178262,0.5868581663969472,15.783826390218103,30.98079461403925,33.89213092555403,37.27718855939522,18.536019211103255,5.954369583335025,35.39590628281643,0.05862125172397398,6.847346643773805,8.747195956024335,18.543839503985318,28.30647998400913,30.18140724606206,32.36765255598725,2,-8.476062979425114,0.9574633240699768,19.143623790111683,7.05368750367221,0.042536720633506775,12.11991893728527,6.481578557311542,5.318650324713907,7.541340316314168,19.143623790111683,30.745907263909192,32.96859725550945,35.55295471842797,-0.5837415980124376,1.458670938920486,12.11991893728527,22.78116693565005,24.823579472582974,27.198325434515674,18.844859274761472,7.171769896717159,49.425120282838385,2.009179044111025,4.7249911807293135,7.007260711569726,18.86777745313988,30.602995581164297,32.84059481840122,35.439427468072225,2,-8.78490304308333,0.9958038926124573,18.048384980638474,6.089140748802406,0.004196072928607464,12.892224879588689,11.214835525802654,6.113888416190498,8.032639734952829,18.048384980638474,28.064130226324117,29.982881545086446,32.21384461635041,-9.088448843524837,-5.554538010692035,12.892224879588689,31.338987769869405,34.87289860270221,38.98183366275739,18.026748734894763,6.128695121412131,37.4498040532732,0.1110886400455872,6.004553029461228,7.962284383999505,18.03701470172669,28.073587818224514,29.99988866893031,32.245090928869786,2,-7.966792503216622,0.9839283227920532,17.417077246450077,7.886079055764272,0.01607164926826954,11.840723466452488,8.995363655466472,1.9606463179164635,4.445631509150168,17.417077246450077,30.38852298374998,32.873508174983684,35.76284049234529,-5.789865326102369,-2.955333067988997,11.840723466452488,26.636780000893967,29.47131225900734,32.767068582571156,17.32745555767465,7.936179182216804,62.49120405435586,0.49172756926681527,1.721509126636179,4.255084984312036,17.342934713922844,30.3509793577001,32.840121576262916,35.733781906277464,2,-7.267499325996509,0.9702475666999817,18.08890071344242,6.984369147944459,0.029752453789114952,13.215641860777751,8.001178604663396,4.399788728738573,6.600635788478009,18.08890071344242,29.57716563840683,31.778012698146263,34.33697303227945,-2.466380038234952,0.05487421301063833,13.215641860777751,26.37640950854486,28.89766375979045,31.829166697557504,17.943909675251355,7.0654310826264215,49.23476482212797,0.6855581583746924,4.012741279115274,6.291738894980458,17.968766823021166,29.516975265807304,31.724769796133305,34.29090532083813,2,-7.883953443573214
73,166,reset,0.1,19.9514660636536,19.7539136453714,18.8071172149819,18.8422102440198,19.1344137014577,0.9999998807907104,21.992747177180426,4.536764309285167,6.606295244182547e-08,20.120756068667205,17.739584518538745,13.100852524634762,14.530433948428726,21.992747177180426,29.455060405932123,30.88464182972609,32.546839183110336,-14.648190688373056,-9.058263867263445,20.120756068667205,49.299776004597845,54.88970282570746,61.38920079973763,21.99274588467721,4.53676918867666,20.582248733950028,2.3150910519614464e-07,13.100673394999948,14.530318915841313,21.992747436867262,29.45518713225468,30.884814982667443,32.5470630495501,2,-2.8583321832195097,0.9999972581863403,20.991354446670677,4.4794900908064,2.761069936241256e-06,9.876505755635542,8.856768727661446,12.211715199586074,13.623248923914588,20.991354446670677,28.359459969426762,29.770993693755276,31.41220669620516,-7.4824419699815365,-4.69158240912877,9.876505755635542,24.444593920399846,27.235453481252616,30.48043085610215,20.991324162011438,4.479545251243196,20.065993041682553,0.00034110125566327447,12.211586957357891,13.623136128285461,20.991342056721095,28.359507702319195,29.77105242995459,31.412247028848025,2,-1.8569104605537383,1.0,21.877974693407424,4.243791400116519,2.021564915466456e-09,13.652825636497397,15.698757204986427,13.560296391278234,14.8975590169003,21.877974693407424,28.858390369914545,30.195652995536612,31.750509794941294,-17.11617308731469,-12.169332090755095,13.652825636497397,39.47498336374988,44.42182436030947,50.1735960854009,21.877974721007497,4.243791360926119,18.00976594591958,1.3676508858312138e-07,13.56028893622819,14.897438776584975,21.87797458062199,28.85856508759627,30.195791646353513,31.750764819371618,2,-2.743561019549798,1.0,19.596688234642315,5.998716246527294,1.244268155176087e-08,7.6805242213509,17.649814506719753,7.839420437973521,9.72967805948917,19.596688234642315,29.463698409795455,31.353956031311107,33.551789021725334,-26.9124765456324,-21.35083718504781,7.6805242213509,36.711885627749595,42.273524988334195,48.74013267627359,19.596688330208632,5.998716318586587,35.98460048244429,1.7667981663281112e-06,7.839296999229848,9.72956815639486,19.59668822394107,29.46385074824005,31.354085512675326,33.55199424153285,2,-0.46227462875093295,0.9999995231628418,19.163086326339126,5.2283237072524535,4.2776639475050615e-07,9.60252603703428,14.70244623086357,8.915760160607379,10.563259113588558,19.163086326339126,27.76291353908969,29.410412492070872,31.325986067503198,-19.213739060094987,-14.580845970860675,9.60252603703428,33.785898044929226,38.41879113416354,43.80553056940352,19.163081296305442,5.22833676609781,27.33544822010588,3.909967761480828e-05,8.915589329326789,10.563158919574695,19.16308522408006,27.763037622034304,29.410552307223377,31.326165454046727,2,-0.02866759484774306
74,167,reset,0.6,18.8422102440198,18.5175926388866,18.6200633789717,18.0554008308012,18.397685616219835,0.9980840682983398,19.935674668487124,5.822436788441781,0.001915998524054885,15.746918459510205,9.690134991461967,8.523908260880173,10.358618399322975,19.935674668487124,29.51273093765127,31.34744107609407,33.480688113015844,-3.245397129086598,-0.19193522684539133,15.746918459510205,31.685772145865794,34.73923404810701,38.28954339606651,19.92765034992262,5.835173942906907,34.01572839670814,0.033553083196148165,8.485010196129355,10.332661398578148,19.930993875413105,29.515755300151252,31.35296923516154,33.49060240925818,2,-1.5299647337027835,0.9891985058784485,20.46128417513294,6.590039548639749,0.010801510885357857,11.946041318694213,6.521595767940875,7.545044003104435,9.621633721799201,20.46128417513294,31.30093462846667,33.37752434716144,35.79200866895608,-0.8360515081987412,1.2189708662852894,11.946041318694213,22.673111771103134,24.728134145587163,27.11754176879721,20.369307029736653,6.647832160589046,43.41892859794563,0.7747507928649006,7.27344292554239,9.407661215666833,20.3887232922565,31.267277248929453,33.34753700591607,35.76548520254989,2,-1.971621413516818,0.9993122816085815,19.48234799552938,5.904848915534719,0.0006877810228615999,12.60591754328221,11.72553259167603,7.909056786930934,9.769735840211627,19.48234799552938,29.19496015084713,31.055639204127825,33.219080716715936,-10.375704035953415,-6.680867268073811,12.60591754328221,31.892702354638224,35.587539122517825,39.88358535992433,19.47761973736687,5.913569090558543,34.93782358865595,0.03249956112452056,7.886728473318445,9.755700252224143,19.48009466002831,29.1961508547064,31.05798037094723,33.2236483219163,2,-1.0799341211470335,0.9975869655609131,18.730997274346187,7.69048834708234,0.0024130139499902725,11.392923761881512,9.611815861096014,3.6579170905398257,6.081269623619763,18.730997274346187,31.380724925072606,33.80407745815255,36.62174849091705,-7.445889151897525,-4.4171064188319615,11.392923761881512,27.20295394259498,30.231736675660546,33.75335115601426,18.713290016813342,7.704119324042243,59.22382657618023,0.129620807881069,3.59899562648337,6.038000393459303,18.718081324225757,31.375141457883853,33.7992878004815,36.61783716184969,2,-0.31560440059350725,0.9929678440093994,19.287993506575255,6.723827915824791,0.007032210007309914,12.633252695585071,8.424933979610177,6.109532953313646,8.228280772233285,19.287993506575255,30.34770624091722,32.46645405983686,34.92995628397071,-3.879314476578589,-1.2245305176034353,12.633252695585071,26.491035908773572,29.145819867748727,32.23257994798565,19.241197013522093,6.76019950426748,45.39108187938492,0.3092354563772276,5.952029108498832,8.113161477015218,19.254091174642202,30.33289550265059,32.45373487414923,34.919434295996936,2,-0.8435113973022581
75,168,reset,0.8,17.018104710696498,17.379208418766602,17.3211851778461,17.2196587890172,17.3066841285433,0.9719179272651672,18.04212895959172,6.085225332589934,0.02808212861418724,15.938898484465014,8.943613163539524,6.115306469904677,8.032824000464187,18.04212895959172,28.051433918719255,29.968951449278762,32.198479975121785,-1.5902612077307943,1.227963934366091,15.938898484465014,30.64983303456393,33.46805817666082,36.74485395370887,17.983066779066455,6.193306504652254,38.23632849304703,0.12073503838398697,5.788065385360583,7.801558156398032,18.0019276129516,28.11453859500159,30.06704888046758,32.35627737522715,2,-0.6763826505231556,0.8476288318634033,18.599906113839985,7.678452494522675,0.15237118303775787,12.280454604035477,6.542940009255159,3.550415767573801,5.969975678849778,18.599906113839985,31.229836548830185,33.64939646010617,36.4626577503964,-0.5434721671108065,1.5182759988862244,12.280454604035477,23.04263320918472,25.104381375181756,27.501609184542975,17.637004088301527,7.852126209483213,56.49805706500973,5.157833579857035,2.4305205829455487,4.806555657368868,17.588767607411192,30.6334752103539,33.11397531298021,35.987819250595436,2,-0.3303199597582278,0.9782594442367554,17.46492384868882,6.346942270184995,0.021740609779953957,13.126553354706147,10.803515829726102,5.0251455871713375,7.025132835523415,17.46492384868882,27.904714861854217,29.904702110206298,32.23011950559363,-8.047948577965379,-4.643648841646485,13.126553354706147,30.896755551058767,34.301055287377665,38.25928943735603,17.37060597209599,6.507352790292139,41.94536268986295,0.40029394635124316,4.535136801568378,6.70269021947645,17.410423386799312,27.952890121113803,29.988533422867626,32.379039412782426,2,-0.06392184355269137,0.9115337133407593,16.910526847682313,8.175742771856195,0.08846627920866013,12.167396690747417,8.603729822025068,0.8863654679804966,3.4626266963723626,16.910526847682313,30.358426998992257,32.93468822738413,35.93014866369474,-4.69560389313493,-1.984479512321066,12.167396690747417,26.319272893815892,29.03039727462976,32.182665271037216,16.49091964490265,8.32419748382609,67.47808084378008,1.8141808797679049,0.0657623075383731,2.7451463714747515,16.52504364089951,30.12144544107011,32.71601162446937,35.73008938137738,2,0.815764483640649,0.8869948387145996,17.683172822451652,7.348886833044104,0.11300521343946457,13.758471994680775,7.6952077383625435,3.279619303224587,5.5953296610631345,17.683172822451652,29.771015983840165,32.08672634167871,34.77924008307053,-1.3238580260637374,1.1009816360901041,13.758471994680775,26.41596235327144,28.840802015425282,31.660202157123106,17.23966208997269,7.492585647648387,54.5949072070267,1.5439479808179766,2.4577537700049463,4.866674203447724,17.270079154279216,29.509496996089723,31.844467173174966,34.556733812633624,2,0.06702203857060951
76,169,reset,0.9,17.2196587890172,14.6119596844343,15.656680314073,15.767232757624399,15.345290918710566,0.9097923040390015,18.108354604776665,6.3332458777228915,0.09020771086215973,16.064393517438837,8.762894552795087,5.695420779203031,7.691092152428702,18.108354604776665,28.52561705712462,30.521288430350296,32.84168768819523,-1.1105642063617616,1.6507146296805342,16.064393517438837,30.478072405197135,33.23935124123943,36.449934630777754,17.923973823832096,6.61525037684457,43.41867101396406,0.34287132165682754,4.780420866794908,7.0197356834574265,17.972669039813585,28.68074658129773,30.76368650370673,33.22341872813716,2,-2.5786829051215303,0.5842342972755432,18.568680759596482,8.498394679996938,0.4157656729221344,12.323079690780567,6.681234527021437,1.9121332603956809,4.590065446938418,18.568680759596482,32.54729607225454,35.22522825879728,38.33890315616735,-0.7718993544469548,1.3334268464959482,12.323079690780567,23.31273253506518,25.418058736008085,27.865955428685147,15.971973675027222,8.380299594228353,60.75430560982173,9.475108076512223,0.40587825131922195,2.757827203384365,15.633217273402686,30.335702984390444,33.23731828369745,36.582681284707846,2,-0.6266827563166562,0.9105132818222046,17.45281523494471,6.684860339311663,0.08948672562837601,13.201458472665308,10.484780778613366,4.350729728213642,6.457198460163866,17.45281523494471,28.448432009725543,30.554900741675773,33.00412587356233,-7.348334239214719,-4.044471218827976,13.201458472665308,30.447388164158586,33.75125118454533,37.59270594677679,17.07237536884388,7.210992587661805,50.525764710277244,1.472651560627292,2.457742760421532,5.17262266560125,17.207697306107754,28.58546994364847,30.806486321703325,33.44967853729188,2,-1.7270844501333134,0.6694966554641724,16.939706243868137,8.563737825667573,0.33050337433815,12.310538832376388,8.404007574800628,0.1550885325163378,2.8536110210573096,16.939706243868137,31.02580146667896,33.72432395521993,36.86193952845303,-4.161013340034653,-1.5128235079620769,12.310538832376388,26.133901172714847,28.782091004787425,31.861183987436952,15.4097512988365,8.785414397972461,72.4418569202217,4.741656300752518,-1.7975426929374179,0.960884796093324,15.407996255698269,29.864568208183485,32.62746945071709,35.83609138535293,2,-0.06446038012593469,0.6652725338935852,17.808875332862307,7.83804802913723,0.33472737669944763,14.156258110450516,7.484755017451852,2.446583486658181,4.91643360391609,17.808875332862307,30.701317061808517,33.17116717906643,36.0429017020757,-0.5135921568605823,1.8449316731516028,14.156258110450516,26.467584547749425,28.82610837776161,31.56840203301615,16.586242759679653,7.911634851573586,59.62296510002697,2.970976328441826,1.1594105611536345,3.6186457830321097,16.559016945655,29.647172023626712,32.16359888169859,35.09040810829854,2,-1.2409518409690872
77,174,reset,1.1,125.82554137689999,15.785785626189801,14.7324267194363,14.9199841251369,15.146065490254335,0.008636841550469398,104.47274532664255,37.173556578029846,0.9913631677627563,22.730701195532504,9.14508816286055,31.613913256442018,43.327685962584376,104.47274532664255,165.6178046907007,177.33157739684304,190.9513696424792,4.806657760882256,7.688369762060347,22.730701195532504,37.77303262900465,40.65474463018275,44.0053576011192,23.43669449040053,12.331107966156278,94.84533725650955,57.21089153204929,4.835070457713871,7.722863899621973,22.82775831120368,38.5277141673143,42.13832542795369,49.09759412582935,2,-8.290629000146195,0.021660152822732925,105.70526792178524,47.92536874233384,0.9783398509025574,19.956174591898737,8.869000531133675,11.773271241009226,26.875051322970677,105.70526792178524,184.53548452059977,199.63726460256123,217.19634760813693,2.5732529720101205,5.367966900828971,19.956174591898737,34.5443822829685,37.33909621178735,40.588555122368646,21.81351313217741,16.80835235785967,126.70532746201857,155.81538329655064,2.6039703225075965,5.428124365032337,20.184006943557193,36.55777390271136,42.51461683398086,110.31610665010389,2,-6.667447641923074,0.006007133983075619,106.80240284450062,46.07856597097847,0.9939928650856018,20.38528403736826,10.943759770909299,16.490073082129896,31.009906482413967,106.80240284450062,182.59489920658723,197.1147326068713,213.99717682993702,-1.0640909690722857,2.3844010857024784,20.38528403736826,38.38616698903403,41.8346590438088,45.84427631443678,20.904403229488793,13.281275650250315,131.8009807053442,44.59130178560534,-1.0474432485067122,2.4083440635562234,20.46312290871154,38.976243506568224,42.950599987567436,48.85135800829981,2,-5.758337739234458,0.007076913956552744,107.2712989701141,46.414126145484445,0.9929230213165283,19.818605524753615,9.094540031496363,16.301283351065692,30.926855237930823,107.2712989701141,183.61574270229733,198.2413145891625,215.24670265412524,1.993634607062969,4.859418368491459,19.818605524753615,34.77779268101577,37.64357644244426,40.9756693924045,20.43749942873794,12.29276026271855,97.37090807338762,53.741019767408304,2.0082075335058236,4.88193213738303,19.894994102537904,35.36749464636274,38.77826465304284,44.28866132500277,2,-5.291433938483605,0.01397425215691328,110.85959530547632,45.2094228166639,0.9860257506370544,19.359944952690597,9.279700676530792,22.250754822971686,36.49671221310403,110.85959530547632,185.2224783978486,199.46843578798092,216.03243996163587,1.1720658393782664,4.096195637874887,19.359944952690597,34.6236942675063,37.547824066002924,40.94775689327336,20.638584193080884,15.127176284840976,113.47134323317128,115.36012030957765,1.2103558708755195,4.1474212019295535,19.517645342138383,35.913792925410135,40.29896964559262,85.09806529503796,2,-5.492518702826549
78,177,reset,1.3,108.53052062740001,9.65801919821056,10.1316445097733,9.87759682020403,9.889086842729297,0.0014897004002705216,88.80828529461718,39.43229715532567,0.9985103011131287,14.96521839992792,8.098352967509394,11.522403042497615,23.947928299651508,88.80828529461718,153.6686422895828,166.0941675467367,180.54152595045576,-0.9072617504835652,1.6446131489868705,14.96521839992792,28.285823650868963,30.837698550339404,33.80480460912573,15.07522246888649,8.712800954976387,67.8019655647902,8.110935260185874,-0.9049426792307584,1.6484765533619183,14.979436164261983,28.391439341283288,31.029588540730682,34.24324384561146,2,-5.186135626157194,0.002094237832352519,89.44132056663034,57.86224123269612,0.9979057312011719,13.37738204931403,8.034269094615098,-23.96658831422259,-5.733596788510937,89.44132056663034,184.61623792177159,202.84922944748325,224.04902244555123,-2.369496018234795,0.16218538913225977,13.37738204931403,26.592578709495793,29.12426011686285,32.06788687704389,13.536677612784354,9.138774299578664,71.42588577819221,12.091304246099496,-2.3799589913717982,0.15905068974159342,13.394528935903184,26.727451999712557,29.370665935971594,32.63702060170011,2,-3.647590770055057,0.0013041053898632526,89.19080885143984,48.422519260560605,0.9986959099769592,12.112380590413636,10.136478031528503,-5.715584939956059,9.542852419579177,89.19080885143984,168.83876528330046,184.09720264283573,201.83843358894666,-7.754751281463697,-4.560642064259948,12.112380590413636,28.785403245087213,31.979512462290963,35.69335470932165,12.212899170279831,10.649397922692806,105.67198255461389,7.737695853276937,-7.754516097813383,-4.557640825252289,12.127121336796542,28.895073823079798,32.17744601065512,36.13972688901801,2,-2.3238123275505345,0.0006299786036834121,89.90622707403136,50.48424560342733,0.9993700385093689,13.166838557024718,8.546910541051025,-9.041076095360793,6.867032589324964,89.90622707403136,172.94542155873773,188.8535302434235,207.35014450612022,-3.5847982825210423,-0.8915782456528358,13.166838557024718,27.225255359702267,29.918475396570475,33.04992572381602,13.215182955174978,8.849679321709331,74.60926198375097,3.707565101980366,-3.5865575014533855,-0.8914228736000057,13.172723564179865,27.26962611230151,29.998976363341587,33.22858974161365,2,-3.326096112445681,0.0013063031947240233,93.49320938562698,51.782109183017354,0.9986937642097473,13.352075565282426,8.170101979042274,-7.997859656607858,8.319219284743724,93.49320938562698,178.6671994865102,194.9842784278618,213.9564089968901,-2.6610300636598545,-0.0865463075086641,13.352075565282426,26.79069743807351,29.365181194224704,32.358574934924285,13.456765084410343,8.862560085949074,70.16607855337068,8.378904929593784,-2.6631468567462204,-0.08510625664832816,13.363839096182097,26.880444224819435,29.527853499507735,32.72672729409943,2,-3.5676782416810457
79,180,reset,1.5,101.2166238182,9.125869467213489,9.09735994614363,8.740762107048111,8.98799717346841,0.0005890305619686842,81.27173079751024,43.407293971742355,0.9994109869003296,11.540532431664545,8.337119874878008,-3.805002053447396,9.87308587194103,81.27173079751024,152.67037572307942,166.34846364846786,182.25219684653888,-4.799922257889435,-2.172809432857756,11.540532431664545,25.25387429618684,27.88098712121852,30.93557352821064,11.581606440148947,8.569650557799003,70.57647430187346,2.862438723192335,-4.7998326075802815,-2.1724365236178564,11.546025207521406,25.29530422456447,27.954756071941848,31.09981730221684,2,-2.593609266680538,0.0003626677207648754,81.07143870774227,74.24589874645757,0.9996373653411865,8.53937130786258,8.390736943328696,-64.44784883512214,-41.05219713164027,81.07143870774227,203.19507454712476,226.59072625060668,253.79322741281538,-7.906170904811368,-5.262162786167339,8.53937130786258,22.340905401892496,24.984913520536523,28.059144357611235,8.565676629757139,8.61889719245094,72.37812429212688,1.9072669476942026,-7.912670276620385,-5.265139910330905,8.541933413793773,22.363549020907687,25.026211071313096,28.146717699089894,2,0.4223205437112707,0.0005944216391071677,80.81437416350511,53.15509688452764,0.9994056224822998,7.837861277616582,9.812879507582206,-23.36770132490632,-6.617979737967119,80.81437416350511,168.24672806497728,184.99644965191652,204.4716207952609,-11.395029141875685,-8.302889171267793,7.837861277616582,23.97861172650095,27.070751697108847,30.66603265829938,7.881240441840005,10.053787228923177,97.91488720644003,3.1637531785736566,-11.397743072906355,-8.303580916308826,7.843935001454957,24.02468043583807,27.153649869602628,30.84908230216284,2,1.1067567316284048,0.00013660150580108166,81.28706107478742,56.59077915694321,0.9998633861541748,8.743765399454617,8.960304291088148,-29.62882792988127,-11.796487273520441,81.28706107478742,174.37060942309523,192.20295007945606,212.936899856857,-8.818108301597857,-5.994623612330569,8.743765399454617,23.482154411239797,26.305639100507086,29.588550237786553,8.753674814981364,9.023986117427388,80.71355321277797,0.7187712891674092,-8.818817992994804,-5.995585430527599,8.744994065995508,23.49207554027147,26.323023082004255,29.626679893723527,2,0.23432235848704508,0.000276029430096969,84.86237422137665,62.97314243620546,0.9997239708900452,9.155112471026307,8.261953248899504,-38.562716946896984,-18.719227515347598,84.86237422137665,188.44397595810085,208.28746538965027,231.35981024951428,-7.038018338770414,-4.434591296129547,9.155112471026307,22.744816238182153,25.348243280823024,28.375289847028483,9.176009906272396,8.421241436565076,69.33565668436017,1.5816506755161601,-7.039949001254767,-4.436689407711769,9.157312633383645,22.76287571417501,25.381029193629423,28.446266617963783,2,-0.1880127328039869
80,181,reset,1.5,8.740762107048111,10.4682588260246,10.014608309140499,10.4582348821247,10.313700672429933,0.13031667470932007,7.444939355088167,7.033910869658448,0.8696833252906799,14.251277013258296,9.522260530791526,-6.341272619907205,-4.124814450522921,7.444939355088167,19.01469316069925,21.231151330083534,23.80826295291086,-4.4120106785003586,-1.4114477575910023,14.251277013258296,29.914001784107587,32.91456470501694,36.40336755512817,13.364297722696744,9.516042613787747,85.30471874194323,5.250348285481042,-4.811679614477156,-1.9914804618430249,13.199881060836098,29.271962645580942,32.343662910027994,35.9012853061335,2,-3.050597050266811,0.0020226663909852505,7.062310618731566,15.27004974705077,0.9979773163795471,7.568901360334273,8.638939031218882,-22.866436927622914,-18.054686091434313,7.062310618731566,32.17930732889744,36.99105816508604,42.585758384281,-9.363108005492087,-6.640888838178748,7.568901360334273,21.77869155884729,24.50091072616063,27.66607880957876,7.567876565859107,8.657509181391676,74.9519462037089,0.0005180353931560413,-9.397951164528228,-6.663831297677182,7.568321437287355,21.79872248554825,24.531452945757916,27.717836854549855,2,2.7458241065708258,0.10773040354251862,7.155738861190287,7.6857372578603975,0.8922695517539978,10.274314924453826,9.80001734731404,-7.90802935885373,-5.486173943197455,7.155738861190287,19.797651665578023,22.219507081234298,25.035437391450305,-8.933366124149455,-5.845279153463025,10.274314924453826,26.39390900237067,29.481995973057103,33.0725644459412,9.938349007382737,9.643258347128496,92.05756609323238,0.934861040833052,-8.81098505142536,-5.798928107080755,9.865508599131568,25.923043366121128,29.040449177281456,32.66857325013,2,0.3753516650471962,0.006194102577865124,6.371848761996979,9.646234062561899,0.9938058853149414,8.974929843660355,9.96779743456703,-12.534422587067837,-9.4947943222308,6.371848761996979,22.238491846224754,25.278120111061792,28.812344865938194,-10.561594133281776,-7.420637919304809,8.974929843660355,25.370497606625516,28.51145382060248,32.16349421443511,8.95880598376082,9.967930064075356,99.31791733411471,0.04171145645679404,-10.576988251414438,-7.436439808666628,8.958468424749567,25.355209669607717,28.496502577947734,32.14902231053899,2,1.3548946886691127,0.005566895939409733,7.136829598127733,10.994971397826692,0.9944331049919128,12.267083835883959,7.806338560874454,-14.412918352660604,-10.948288983815207,7.136829598127733,25.221948180070665,28.686577548916063,32.71495793460171,-3.033058594556211,-0.5732004591815265,12.267083835883959,25.10736813094944,27.567226266324127,30.42734295101728,12.238524255824267,7.836986794122065,61.27265983576257,0.14570231497595024,-3.1467149766026354,-0.6541167049765984,12.247479438563888,25.107853776453425,27.572155617600764,30.43891147630332,2,-1.9248235833943337
81,182,reset,0.5,10.4582348821247,10.294686428484,9.8455915871389,9.955092577383422,10.031790197668775,0.9998551607131958,11.394024544949161,4.952280380603237,0.00014487025327980518,15.31700215734189,10.62431727936958,1.6877333576225038,3.2482481992333074,11.394024544949161,19.539800890665013,21.100315732275817,22.914751480019667,-5.506277070549064,-2.158444653512369,15.31700215734189,32.79244896819614,36.14028138523284,40.03286007333868,11.394593220542262,4.953797163642567,24.537881164625094,0.002229194474716695,1.6867715235821372,3.2476522767399514,11.394283387105821,19.541912902602952,21.10363666692724,22.920956882213492,2,-1.3628030228734875,0.9986892342567444,12.1485104807334,5.476009262773856,0.0013107811100780964,10.183088248130396,6.50229244182989,1.4157295466889064,3.1412767836399613,12.1485104807334,21.155744177826833,22.88129141477789,24.887612987415313,-2.561170754803195,-0.512231058312647,10.183088248130396,20.878407554573435,22.927347251063985,25.309682446573188,12.14593442908158,5.4779417668421795,30.00279150878696,0.0050567590978856,1.4078895889074001,3.135047711766244,12.146372787458391,21.15547070768914,22.88136625995447,24.888141649536912,2,-2.114144231412805,0.9999721050262451,11.248646257612094,4.930407720192016,2.7839520043926314e-05,12.327200423206577,12.297135811784417,1.5852246969375052,3.1388472367047147,11.248646257612094,19.35844527851947,20.91206781828668,22.71848977563534,-11.774742880888606,-7.899788017921864,12.327200423206577,32.55418886433501,36.42914372730175,40.93461617574275,11.248675660263228,4.930769865978754,24.31245207030586,3.238423029296603e-05,1.58480120054845,3.1385372474260196,11.248658657763418,19.358808830132393,20.912652918669323,22.719563133436523,2,-1.216885462594453,0.9998689889907837,10.314888289879114,6.563091255307649,0.00013096870679873973,10.283392062315308,10.467099090385412,-2.5485341977736535,-0.4804361654271663,10.314888289879114,21.110212745185393,23.178310777531877,25.582921678800098,-10.231745177452066,-6.933453840165601,10.283392062315308,27.50023796479621,30.798529302082674,34.633505778608225,10.31488372851421,6.563754811012552,43.08287258834173,1.299057493104816e-07,-2.5498375977825756,-0.4813280398656718,10.314886075249662,21.111092542760442,23.179585489670316,25.584996534448678,2,-0.2830935308454361,0.9993622899055481,10.726529287819652,5.874566935261825,0.0006377475219778717,11.152255698416354,9.302510227242717,-0.7874103300633717,1.0637265575850403,10.726529287819652,20.38933201805426,22.24046890570267,24.392815588576617,-7.080329312794888,-4.149011988616998,11.152255698416354,26.4535233854497,29.384840709627593,32.793130588805624,10.726801195250504,5.877399827305589,34.54371752303857,0.0001155135439290598,-0.7922215479482206,1.060466188903055,10.726700427672945,20.3933748734423,22.24638458590308,24.40228469576382,2,-0.6950109975817291
82,189,reset,0.4,101.643390669,108.0397685744,108.0323219743,108.0747860227,108.04895885713334,0.9995437264442444,98.58255887038518,10.24356808687652,0.0004562532703857869,41.684618013102636,19.291770770405552,78.50553434692334,81.73338874976199,98.58255887038518,115.43172899100838,118.65958339384703,122.41266171188298,3.8734421051052124,9.952478891084652,41.684618013102636,73.4167571351206,79.49579392110005,86.56398793131882,98.55659699900717,10.321298430911234,105.05261493626611,1.4763893236952343,78.42923815463148,81.69095321426197,98.57671760243296,115.42952602198201,118.65770892239256,122.41107860241134,2,9.492361858126174,0.9963213205337524,96.98061117243552,10.890817724536088,0.0036786627024412155,31.0459156314459,14.764120339777973,75.63500067015431,79.06681013776495,96.98061117243552,114.89441220710609,118.32622167471672,122.31644183247636,2.108771502065803,6.7610987418140915,31.0459156314459,55.33073252107771,59.983059760825995,65.39239559597152,96.73805804138787,11.615048011129712,118.97545500075181,15.9337284201745,74.92067075327067,78.6858199306629,96.93021366116211,114.87503049804202,118.30914395991508,122.3014884585531,2,11.31090081574547,0.9997637867927551,100.26401076947717,10.66533225475591,0.0002362202649237588,34.8427152643019,14.77703148777428,79.36034366700221,82.72110032759937,100.26401076947717,117.80692121135495,121.16767787195212,125.07528378626779,5.880265749849972,10.536661426060256,34.8427152643019,59.14876910254354,63.80516477875382,69.21923105052016,100.24855764135248,10.713763317990768,113.77402422736016,1.0107711346370094,79.31818650472314,82.69777834150287,100.2608523623415,117.80570367843175,121.16665869594809,125.07443757641622,2,7.800401215780866,0.9998495578765869,98.5036396403495,13.130690822419835,0.00015041156439110637,25.55652083216131,17.98992189504968,72.767958536276,76.90557521671383,98.5036396403495,120.10170406398518,124.239320744423,129.05019431977348,-9.703078166824625,-4.034267445484868,25.55652083216131,55.14730910980748,60.81611983114724,67.4073373868709,98.49266453991686,13.162003654916866,172.4377817800854,0.8002619848479929,72.73504329418762,76.8873290513924,98.50116454140583,120.10084646689825,124.23852391421883,129.04958306856517,2,9.556294317216484,0.9988445043563843,98.8180659326091,10.488600380592857,0.0011554714292287827,28.576550876190893,14.558691742632835,78.26078693841399,81.56585355494634,98.8180659326091,116.07027831027185,119.3753449268042,123.21819912966525,0.04203939860985173,4.629633959652818,28.576550876190893,52.523467792728965,57.11106235377193,62.44513246048073,98.73690147599679,10.76211525010721,110.12852954591987,5.6943590452035115,78.05446890716046,81.45302963379706,98.80285943823385,116.06446846524769,119.37024589474143,123.21377830281368,2,9.312057381136555
83,190,reset,1.0,13.9627498965709,8.73476111738558,8.68075147529371,8.73375412560711,8.7164222394288,0.8291060328483582,14.783813960989505,6.190963182559696,0.17089399695396423,16.19686209759513,8.799172847114809,2.6497490935590253,4.600585715833155,14.783813960989505,24.96704220614585,26.91787882841998,29.186147999002372,-1.0491997764926673,1.7235107258454185,16.19686209759513,30.670213469344837,33.44292397168292,36.666799143798556,15.025295845534382,6.729966206136152,45.009540245525535,0.28291161836696255,1.9699942759891294,4.136586145072839,14.962292478149411,26.118525051791185,28.490069109620727,31.461889175388922,2,-6.308873606105582,0.31917804479599,15.22659962750366,8.960511768524983,0.6808220148086548,11.878178907063138,6.880054103314096,-2.335680721852615,0.4878693457039862,15.22659962750366,29.96532990930333,32.78887997685993,36.07186713052968,-1.6064793471195102,0.5614969616045826,11.878178907063138,23.194860852521686,25.362837161245782,27.883578143593848,12.94692199376236,7.764678918556032,57.85385977765547,2.43638892170982,-1.8120374443464136,0.5418955696009706,12.75804646037989,26.02051256169361,28.871164845575795,32.32603608691952,2,-4.230499754333559,0.8099166750907898,14.205015308106475,6.583578211379461,0.19008341431617737,13.33853766252902,10.233919665655977,1.3014391244001011,3.3759928088002784,14.205015308106475,25.034037807412666,27.108591491812845,29.520708483730687,-6.719576302832891,-3.494762217455218,13.33853766252902,30.171837542513252,33.396651627890925,37.14619491983255,14.040313548833806,7.4248380002950904,55.0126525478439,0.1155844076136708,-0.8089969043852105,1.8988589389233101,14.091437053198693,26.013083276876245,28.538491126223153,31.736805626474396,2,-5.323891309405006,0.39347174763679504,13.677359843403003,8.438273770227722,0.6065282821655273,12.224118716672947,8.399360224297103,-2.861352837932351,-0.202365372765545,13.677359843403003,27.55708505957155,30.216072524738355,33.30772008934686,-4.238324816127648,-1.5915994123340802,12.224118716672947,26.039836845679968,28.68656224947354,31.763952517769713,12.795928406852214,8.444588075322248,70.80706170798601,0.5040109335953199,-3.7496419624549127,-1.0908418935925175,12.793958758575794,26.689393242753482,29.352641501809003,32.44974125639388,2,-4.079506167423414,0.42361465096473694,14.551070382958976,7.976998117971282,0.5763853788375854,14.325236956227435,7.441390071930273,-1.0835586330085327,1.4300760964288397,14.551070382958976,27.672064669489107,30.18569939892648,33.108342995929256,-0.25961957966982396,2.085239506852245,14.325236956227435,26.56523440560262,28.91009349212469,31.636498929971044,14.420903731393818,7.673658461598553,58.87258777369412,0.012452609333328472,-0.6156906349662316,1.8076711253455546,14.417091096117352,27.04715244595506,29.47936391225919,32.315239039026984,2,-5.7044814919650175
84,192,reset,0.9,34.458198242838606,11.1144392682031,11.256954968915599,11.2474527331423,11.206282323420334,0.6534719467163086,34.125491699846805,8.590902961737473,0.3465280830860138,15.91626615406372,8.310370414089542,17.28763130016287,19.99471380444477,34.125491699846805,48.25626959524883,50.96335209953074,54.11092054097594,-0.3717605557390016,2.246923237138324,15.91626615406372,29.58560907098911,32.20429286386644,35.24907869937283,27.815484694004624,12.134444305878008,72.16060244852444,75.08415922202295,3.7597378875151244,7.040877166305859,28.78463054141888,46.40504594207299,49.343974769863415,52.701006757120396,2,-16.609202370584292,0.34636983275413513,34.20263584514513,11.080842562811846,0.653630256652832,13.89457142998166,6.762135598823545,12.484583503675399,15.976271766025814,34.20263584514513,52.428999924264446,55.92068818661486,59.98053038372373,0.6410291977113172,2.7718481643190813,13.89457142998166,25.01729469564423,27.148113662252,29.6256512042807,20.928673547293528,12.875854072341587,72.41725427675908,93.37040297656637,1.8400950876400848,4.147109605981923,17.977993922286895,45.959038764254,50.37807035422133,55.23021534633231,2,-9.722391223873194,0.6292638182640076,32.99448320393722,9.206830710512797,0.37073615193367004,12.556635888772036,10.553969460943096,14.949426599574817,17.850594317022043,32.99448320393722,48.1383720908524,51.03953980829962,54.412774253992595,-8.128764148612046,-4.803099057795297,12.556635888772036,29.91637083533936,33.24203592615611,37.10884030692897,25.417433353192763,13.8593593464337,94.63492563824178,97.44689660166861,-3.229235437635871,0.8882958225500408,26.962141847705244,45.99262965289945,49.158449337103065,52.77222364031521,2,-14.211151029772429,0.3554691672325134,32.671290989971396,11.441436186805815,0.6445308923721313,12.725902897655665,8.326208578842294,10.246488132418705,13.851803180570023,32.671290989971396,51.49077879937276,55.09609384752409,59.288051739121045,-3.593166044643663,-0.9694914820075518,12.725902897655665,26.421297277318878,29.04497183995499,32.09556052386605,19.81587415148335,13.504084906317576,91.21579809810467,91.14453446381793,-2.0358007821955857,0.8044082993336223,17.66460698440349,45.00280133472677,49.529201129564846,54.512919245991036,2,-8.609591828063015,0.35559895634651184,33.88584085214835,10.076611425700962,0.6444010734558105,14.615826396299681,7.203792386367149,14.13604537156965,17.311290001203467,33.88584085214835,50.46039170309322,53.635636332727046,57.32754441986343,0.49665276691621685,2.7666423617782705,14.615826396299681,26.46501043082109,28.735000025683142,31.37435349935649,21.468223861167232,12.435361914201389,69.54779350865849,85.09044616394442,1.8670083101354051,4.329769325391807,19.165539040894558,44.74551518446738,48.73421054243924,53.123588503007056,2,-10.261941537746898
85,194,reset,0.6,43.7553655016946,42.3823814744915,42.777033695041695,42.839615334526,42.66634350135306,0.9839419722557068,43.88080270237751,8.297304378423375,0.0160580612719059,17.88963592514989,9.458026813081739,27.61838495190119,30.232951501607484,43.88080270237751,57.52865390314753,60.143220452853825,63.18321910339249,-0.6477559933044681,2.332566217848111,17.88963592514989,33.44670563245166,36.42702784360424,39.89229649438386,43.46343642495902,8.93587257162338,69.17620302180705,10.673678930501618,25.313121456042847,29.000440369248714,43.71214940557822,57.46348302295263,60.08573283859536,63.13282237128704,2,-0.797092923605959,0.9589610695838928,43.836824689846395,8.992948848632212,0.04103895276784897,15.770634283192749,7.076605835956919,26.21096883171631,29.044740159184627,43.836824689846395,58.628909220508156,61.462680547976476,64.75755212521997,1.9007417119312233,4.130653507413051,15.770634283192749,27.41061505897244,29.640526854454272,32.233281225096135,42.685018607203666,10.51710423310749,79.60934532759848,31.0001768475642,17.10335247240774,24.170781823858317,43.35429426417156,58.44543790549183,61.3009682556762,64.61580788788177,2,-0.018675105850604723,0.9919766783714294,43.13202095529067,8.559221589377602,0.008023298345506191,13.788031766167471,11.899008222733219,26.35625490441289,29.053354280121575,43.13202095529067,57.21068763045976,59.90778700616845,63.04374790318372,-9.5335958021356,-5.784095066120663,13.788031766167471,33.3601585984556,37.109659334470535,41.46926424831737,42.89658437113341,8.981186192109975,73.80847337570117,6.853189198084312,25.273115436833375,28.45517027506121,43.04646347303626,57.177360046097654,59.87840399710587,63.01795193220337,2,-0.23024086978034575,0.9867197871208191,42.544430446021806,10.71848249897372,0.013280247338116169,13.281850216176295,9.842661164661068,21.536590779110433,24.914095632168994,42.544430446021806,60.17476525987461,63.55227011293317,67.47934942045327,-6.009411178590465,-2.90788669937087,13.281850216176295,29.471587131723457,32.57311161094305,36.17930409148992,42.155817608853766,11.219068443786822,114.64672182927524,11.220836154518743,19.414471690726266,23.67584830723205,42.364184146468794,60.105220672918456,63.49095123268467,67.42558370173593,2,0.5105258924992953,0.9628978371620178,43.27729694472485,8.830589829824271,0.037102118134498596,15.062456158657398,8.177144685370358,25.969658916023594,28.75226923501761,43.27729694472485,57.80232465443209,60.58493497342611,63.82032082186322,-0.9644529210416195,1.612250064819003,15.062456158657398,28.512662252495787,31.08936523835641,34.08533931319309,42.23046465408817,10.295987182553443,77.5669743574766,28.44029798109253,17.674319938478817,24.749168859089803,42.850970003084576,57.6398506844449,60.441710634315726,63.69477261891565,2,0.43587884726488824
86,196,reset,1.0,97.99665439421901,22.9188272436099,22.217600961222303,22.2671028049869,22.4678436699397,0.023914963006973267,85.14008997465646,24.193964080615345,0.9760850667953491,19.69347357729425,8.374689139915809,37.720791733394655,45.34456040632266,85.14008997465646,124.93561954299025,132.55938821591826,141.42366687821644,3.2793844813405393,5.91833577091262,19.69347357729425,33.46861138367587,36.107562673247955,39.175913853690304,21.258627574279984,13.507071626144386,82.45670767422803,99.98428970810782,3.3647631495234944,6.0155878561649345,19.948866063146678,35.7993930316814,43.58836751435347,90.13929258130722,2,1.2092160956597162,0.03824027255177498,85.76179179168255,30.090184672327286,0.9617597460746765,19.05385233747716,7.990554751326629,26.786113545761893,36.2678423977654,85.76179179168255,135.25574118559967,144.7374700376032,155.76202893364743,3.3926528083815555,5.910559373403231,19.05385233747716,32.19714530155108,34.715051866572765,37.6426623956328,21.604782478478935,16.114926635545476,96.03084209277542,163.66002707044353,3.5096623279916535,6.049784735775403,19.441246523989303,36.554854672054006,73.86122964754827,104.9807814066766,2,0.8630611914607655,0.017174923792481422,85.15883354393264,28.4684833934124,0.9828251004219055,16.87068541654807,10.771932432822513,29.361631398367706,38.332345380470485,85.15883354393264,131.98532170739477,140.95603568949758,151.38642936336456,-4.241914195682984,-0.8475667148562422,16.87068541654807,34.588937547952376,37.98328502877912,41.929947530956305,18.043529565078888,14.376261642118978,127.96114204271218,78.71576464340197,-4.164960311608726,-0.7592959487144131,17.102660936960117,36.506431099868635,42.3015932999874,79.24759394036326,2,4.424314104860812,0.016806932166218758,85.77076375001008,30.859049947136544,0.983193039894104,17.280891362217176,8.699394210191887,25.28813725649978,35.01214352018587,85.77076375001008,136.52938397983425,146.25339024352036,157.5596489894513,0.23039202292480354,2.9716612433024068,17.280891362217176,31.590121481131938,34.33139070150955,37.51870858854027,18.431995518689263,12.958642557748707,90.4124395246551,77.51396792265795,0.28611105473602905,3.037741748238143,17.462279027554736,33.099096270592916,37.735595818707715,78.35216611724765,2,4.035848151250438,0.024893194437026978,88.61456908694443,27.62749665625483,0.9751068353652954,18.06292857263432,8.072152457439216,34.46567065768418,43.17138100831398,88.61456908694443,134.05775716557486,142.76346751620466,152.88573719829327,2.2418004783369607,4.78541932571018,18.06292857263432,31.340437819558453,33.88405666693168,36.84156328093159,19.819184816125492,14.260446446526444,82.53805740799707,120.82228715260644,2.325769490326743,4.881751722530136,18.318421086045376,33.70245087990815,42.35333160982704,95.49117936782685,2,2.648658853814208
87,197,reset,0.5,22.2671028049869,32.644416450043806,32.7831877322689,33.948249288784204,33.12528449036564,0.9995218515396118,23.429381464070573,5.861799148411107,0.00047816301230341196,16.149914564249336,10.363786132958646,11.940466248577241,13.787579874345509,23.429381464070573,33.071183053795636,34.9182966795639,37.06596545103116,-4.162732999825256,-0.8969966454970724,16.149914564249336,33.19682577399574,36.462562128323924,40.25968640167163,23.425901033192165,5.866935858724635,34.3956183086018,0.025326047483033614,11.92519007204703,13.777775181168881,23.427562732200823,33.07127070903885,34.91877955384721,37.06722043338044,2,9.699383457173472,0.997148334980011,23.744678008912445,6.322738010036576,0.0028517001774162054,12.05803302848743,6.729065280289313,11.352339225558302,13.344699460839845,23.744678008912445,34.14465655698504,36.137016792266586,38.45356613667825,-1.1306925704985513,0.9897055962103227,12.05803302848743,23.12636046076453,25.246758627473405,27.71217973757051,23.711352036150156,6.354564415178071,39.99214078087541,0.38836789226965557,11.217969030227827,13.252337535360857,23.723895638902494,34.13601450291391,36.12936487149869,38.44684852521649,2,9.41393245421548,0.9998892545700073,23.00284819677507,5.855295667296462,0.00011068164894822985,12.489493884907738,12.346947686410948,11.52667957004058,13.37174388154924,23.00284819677507,32.633952512000896,34.47901682350955,36.62430282427074,-11.71007889945787,-7.819427798865405,12.489493884907738,32.79841556868087,36.689066669273345,41.21278938608332,23.00168309423817,5.857459321386364,34.29756359947278,0.012232357112408207,11.52165848257838,13.368671228869594,23.002356831021157,32.63398627254756,34.47924603391526,36.62476443049234,2,10.123601396127466,0.9996507167816162,22.074548038283247,7.666608990836742,0.00034925658837892115,10.987357242230502,10.513568993381833,7.048270532692261,9.464098433286662,22.074548038283247,34.68499764327983,37.10082554387423,39.909747565218694,-9.618859333774925,-6.305924848738151,10.987357242230502,28.280639333199147,31.593573818235924,35.44557611856603,22.07067517600579,7.670586638720698,58.794968759319104,0.04291765093443209,7.033150538322747,9.45388069849128,22.0721705957624,34.68405710674306,37.10001225160327,39.90911204240613,2,11.054609314359848,0.9983212351799011,22.487335925388507,6.6001663206174355,0.0016786882188171148,12.259937390837457,8.992528850904176,9.551247645004088,11.63102841443796,22.487335925388507,33.34364343633905,35.423424205772925,37.84161881367284,-5.365095286872087,-2.531456305038036,12.259937390837457,27.051331086712946,29.884970068547,33.17968776538931,22.470165589400654,6.6181679514816425,43.624812866874386,0.17529549051833893,9.483347390969618,11.585531694584237,22.47698621179544,33.339334200383846,35.419679607724426,37.8384560793891,2,10.655118900964982
88,198,reset,0.9,33.948249288784204,36.4343189423846,37.3682861334511,37.9628525894841,37.2551525551066,0.6636618971824646,33.66591476910444,8.515560556263873,0.3363381028175354,15.913972375734282,8.320764457348705,16.975722770657377,19.65906410260891,33.66591476910444,47.67276543559997,50.356106767551495,53.47607096543494,-0.3944262845101498,2.2275327790553607,15.913972375734282,29.600411972413198,32.22237103597871,35.27096508148203,27.695260143192144,11.906036304787904,71.41170018295146,70.34200030797624,3.869096143311854,7.1757016797501665,28.662269843926698,45.90870044021943,48.81195675280547,52.13097643365143,2,9.559892411914454,0.35218295454978943,33.74983362904161,10.995696128040077,0.6478169560432434,13.847312680480613,6.758501862047885,12.19866523313653,15.663522971978622,33.74983362904161,51.83614428610459,55.30100202494668,59.32964794010675,0.6008924414198624,2.730566379932865,13.847312680480613,24.964058981028355,27.09373291954136,29.569939118956775,20.856640073087675,12.749275047455358,72.17135768188092,90.37261766180684,1.8213201623719797,4.130690861301686,17.999249393764696,45.53190867752056,49.89693893397843,54.69595786834525,2,16.398512482018923,0.6404255032539368,32.54460008010471,9.121391790187714,0.3595745265483856,12.563972521468962,10.551688649953457,14.667000682457456,17.54124571116906,32.54460008010471,47.54795444904035,50.42219947775196,53.764130479501475,-8.116957208519885,-4.792010824869671,12.563972521468962,29.919955867807587,33.2449022514578,37.11087097982906,25.360076355473296,13.6107135083494,93.31762281396922,91.93391855926666,-3.0521447432490354,1.0957796431104405,26.90392439876788,45.51169727191284,48.63543421013978,52.20462538976152,2,11.895076199633301,0.36340588331222534,32.21411157627689,11.345941814871958,0.6365941166877747,12.70782930760258,8.327199139521621,9.97647424844083,13.551698030904376,32.21411157627689,50.8765251216494,54.45174890411295,58.608719196295354,-3.6131810979527295,-0.9891943993867418,12.70782930760258,26.404853014591897,29.028839713157886,32.07979132254342,19.796527045587766,13.377172797319528,90.92424867540973,88.02450337393586,-2.013543097925736,0.8325363913366781,17.751823228430023,44.600872324095874,49.06195977847243,53.98259768424973,2,17.458625509518832,0.36335569620132446,33.418117550379186,10.001696942440832,0.6366443634033203,14.598323369197892,7.208766081589028,13.815151758910773,16.966790058935928,33.418117550379186,49.86944504182244,53.0210833418476,56.6855439692272,0.46940147630946605,2.740958334051424,14.598323369197892,26.455688404344357,28.727245262086313,31.368421017560248,21.436603656394535,12.303043569635408,69.43195988237494,81.93294858397398,1.8770575075731493,4.346487129497551,19.25093102093032,44.3328275465857,48.26849691257043,52.6068096494352,2,15.818548898712063
89,203,reset,0.7,15.030013433826,15.173058595772899,15.1480517560455,15.2560817225581,15.192397358125499,0.9940940737724304,16.13597899640866,5.682488214442967,0.0059059495106339455,15.754704626653613,9.317633027083053,4.998506753527124,6.789117646773148,16.13597899640866,25.48284034604417,27.273451239290196,29.355423373340187,-2.5075205275900956,0.4285621474532224,15.754704626653613,31.080847105853998,34.016929780897314,37.430760410301,16.133727584926227,5.710828119075775,32.61271038795055,0.0008534781916797047,4.941328999016446,6.7505991542382615,16.134602740629468,25.514927652153673,27.32138268968654,29.43403603548884,2,-0.9413302268007282,0.9636374115943909,16.802886400800467,6.814035215158218,0.036362603306770325,11.822154235855855,6.462157804734571,3.4476227897027183,5.594795862972413,16.802886400800467,28.010976938628517,30.158150011898215,32.65470273722321,-0.8434423238383264,1.1928505328054282,11.822154235855855,22.451457938906277,24.487750795550035,26.85538130661655,16.621774263291833,6.8651636415781665,46.26120534330935,0.8692705992805968,3.1500409519198573,5.318659473079039,16.62790359781447,27.90372061244929,30.06007038878825,32.56599033825424,2,-1.4293769051663343,0.9968672394752502,15.700558778902106,5.840097224640614,0.003132799407467246,12.975083299293146,11.207269803435885,4.254178552394176,6.094453677202763,15.700558778902106,25.306663880601448,27.146939005410033,29.28665654163661,-8.990761880464483,-5.459235085112091,12.975083299293146,31.409401683698373,34.94092847905077,39.04709158031833,15.692021021414913,5.866563276081754,34.39337603792573,0.023198208807189844,4.193365321136586,6.05529311766663,15.696145750812265,25.32194101615897,27.171481111821816,29.329882824536632,2,-0.4996236632894142,0.9869555830955505,15.05540768906718,7.594125163381741,0.013044423423707485,11.758723772806036,9.007125032666993,0.1711958747496105,2.564183370555277,15.05540768906718,27.546632007579078,29.939619503384748,32.72198461810035,-5.8949168954704305,-3.0566785055816705,11.758723772806036,26.574126051193737,29.4123644410825,32.71242994377093,15.012404446319431,7.62342740771804,57.97672777503959,0.13991913496708308,0.04596182909250125,2.464723212198625,15.019845993052016,27.536840640005448,29.934136169603182,32.72190413308564,2,0.17999291180606747,0.9757623076438904,15.70281797765874,6.776016415673944,0.02423769049346447,13.086867531649531,8.068183731052002,2.422069844285618,4.557262800054733,15.70281797765874,26.848373155262742,28.98356611103186,31.466189360727657,-2.726482001864394,-0.18411374128222135,13.086867531649531,26.35784880458128,28.900217065163453,31.856269601753255,15.63941335115335,6.822107425839616,46.379306132597605,0.16184314151170676,2.2318666527206155,4.406020844848788,15.650228028693316,26.838855328926844,28.981908870396122,31.474643160258246,2,-0.44701599302785056
90,204,reset,0.6,15.2560817225581,15.3866156446492,15.1640553657858,15.2650920622437,15.271921024226232,0.9986833930015564,16.34916206275546,5.509386114812856,0.0013166462304070592,15.605182553841999,9.789708312171356,5.550963700797205,7.28702832952945,16.34916206275546,25.411295795981466,27.147360424713714,29.165910738220475,-3.5822931571662657,-0.497454670230038,15.605182553841999,31.70781977791403,34.79265826485026,38.37944967334178,16.348183146349278,5.517270568666525,30.43955720171991,0.000727811409768102,5.535110940678898,7.276587695038271,16.348610717919822,25.418926304297088,27.15912232916731,29.185871282462074,2,-1.0762621221230457,0.991461992263794,16.995702098764752,6.286320677017864,0.008538080379366875,11.444430035575522,6.474803842672702,4.6747399765402875,6.65562473299188,16.995702098764752,27.33577946453762,29.316664220989217,31.61987084128424,-1.2459523030245236,0.794325451155995,11.444430035575522,22.094534619995045,24.134812374175564,26.50707618980863,16.948306126303027,6.308661841781014,39.538366803854565,0.26086829647982046,4.562625331681503,6.562403719950988,16.954636329788745,27.313355412562064,29.2962867218587,31.6015157679246,2,-1.6763851020767948,0.9995502829551697,15.988842914120639,5.5785074390163905,0.0004497008631005883,12.643338404320055,11.712643776320492,5.055169246159739,6.8130147200787565,15.988842914120639,25.164671108162516,26.922516582081535,28.966391835197435,-10.31302156101533,-6.622246192351302,12.643338404320055,31.908923000991404,35.59969836965543,39.89102235276091,15.98733817912794,5.583231854888911,31.16744284079479,0.005030968682529738,5.0450432013321915,6.80669152740021,15.988135900346862,25.16696432768197,26.926316246755285,28.973246313580937,2,-0.7154171549017079,0.9982185959815979,15.223839024941341,7.306263187114546,0.001781427999958396,11.223674042784282,9.61569669773568,0.9038263166259988,3.206105522153953,15.223839024941341,27.241572527728724,29.54385173325668,32.220748857468124,-7.622745171038385,-4.592739546151552,11.223674042784282,27.040087631720112,30.070093256606945,33.59312961298322,15.216713384129026,7.312971377203907,53.451101497374005,0.028454419319707703,0.8778402946824846,3.186855249498536,15.218573613017224,27.241324540662912,29.544623646152075,32.22299308441723,2,0.05520764009720658,0.9947900772094727,15.762294842884451,6.460127695647773,0.005209933966398239,12.37042488921363,8.520800081951696,3.1006772238850804,5.136330372128551,15.762294842884451,26.388259313640347,28.423912461883816,30.790799173687006,-4.330036390877638,-1.6450440301130254,12.37042488921363,26.38589380854028,29.070886169304895,32.19277004498898,15.744623600560587,6.477168298072108,41.894085057614745,0.05962687435762702,3.0353933171317395,5.087992627171389,15.74922217204993,26.388284169622864,28.426695861453393,30.797516583319975,2,-0.4727025763343544
91,205,reset,0.6,15.2650920622437,15.1585546924443,15.157054365928898,15.1600553160098,15.158554791461,0.9986820816993713,16.358221910830544,5.510158391938848,0.0013179125962778926,15.605493769997253,9.789439600074346,5.558509913519259,7.294817894772834,16.358221910830544,25.42162592688825,27.157933908141825,29.17676717154578,-3.5814552749786586,-0.4967014620074117,15.605493769997253,31.70768900200191,34.79244281497316,38.379135771681426,16.357229787619133,5.518050201791019,30.448130758537996,0.0007457446977402019,5.5426024260315225,7.284380838436988,16.35766382278674,25.429284463179307,27.16965768556576,29.196679281106903,2,-1.1986749961581324,0.9914568066596985,17.004439204160306,6.287068460279786,0.008543236181139946,11.44568066345866,6.47491406506102,4.68201145367423,6.663131844376888,17.004439204160306,27.34574656394372,29.326866954646377,31.630347550681407,-1.2449177070527782,0.7953947793439369,11.44568066345866,22.09596654757338,24.136279033970094,26.508583233310503,16.956950145557595,6.309471350924434,39.547712066725666,0.2617289797863225,4.56961848118344,6.569691263713959,16.963301148138864,27.32329526297789,29.306465820883002,31.611977752929725,2,-1.798395354096595,0.9995498061180115,15.99764917866181,5.5793081722491715,0.0004501902440097183,12.643188559504566,11.71267115181563,5.062406102403434,6.820503895657767,15.99764917866181,25.174794461665847,26.932892254920183,28.97706088379236,-10.313225060815348,-6.622441065849259,12.643188559504566,31.908818184858383,35.59960217982447,39.89093619287034,15.996138975018042,5.584038879875208,31.176425838200746,0.005063442884040694,5.052264608146894,6.814144324409015,15.996939337373698,25.177116798946795,26.93665160314055,28.983918702868316,2,-0.8375841835570412,0.9982171654701233,15.232674105793187,7.307211243735633,0.0017828147392719984,11.224071707871545,9.615675805910444,0.9108032406452082,3.213381188634047,15.232674105793187,27.25196702295232,29.554544970941162,32.23178944782491,-7.622306558726088,-4.592307517069775,11.224071707871545,27.04045093281286,30.070449974469174,33.59347867641725,15.225527208890458,7.31393079766876,53.46498233950925,0.02859678578604626,0.8847410739697232,3.194098483399557,15.227393836338559,27.251701402478755,29.555330329021224,32.23401833024189,2,-0.06697241742945792,0.9947860240936279,15.77117602983337,6.460776062637879,0.0052139488980174065,12.3710588480484,8.520540014747887,3.1082876348846273,5.1441450902821995,15.77117602983337,26.39820696938454,28.434064424782107,30.801188687804952,-4.328892709689843,-1.6439822987948194,12.3710588480484,26.38609999489161,29.071010405786637,32.19279899703706,15.753447566646757,6.477845932971949,41.90251810794471,0.059963120683134176,3.042827492165635,5.095712034693583,15.758061713270816,26.398179428663106,28.436791629413563,30.807902184931027,2,-0.5948927751857571
92,206,reset,0.6,15.1600553160098,15.179060546692101,15.159055633279399,15.1735973336955,15.170571171222335,0.9986968636512756,16.25262742200637,5.501172025455982,0.0013032127171754837,15.60186291485266,9.792584179976359,5.470528379353382,7.2040046634511175,16.25262742200637,25.301250180561617,27.034726464659357,29.05026726815884,-3.5912493934777068,-0.5055046908090688,15.60186291485266,31.70923052051438,34.79497522318302,38.38282030330663,16.251780578612745,5.508988944399961,30.348428175885843,0.0005511840989132907,5.455069802449691,7.193836233318886,16.252150543711885,25.30900110932444,27.046629125303067,29.07048219845848,2,-1.0812094073904106,0.9915167093276978,16.902550492888473,6.278342881408495,0.00848336610943079,11.431157242880289,6.473644706575946,4.597224562734393,6.57559543315875,16.902550492888473,27.229505552618193,29.20787642304255,31.50816010755257,-1.2569532307169347,0.7829592676736397,11.431157242880289,22.07935521808693,24.11926771647751,26.491106843318985,16.856135935899857,6.300039954278295,39.438720018432186,0.25180484097056843,4.4880533478324995,6.484700492748749,16.862255520395443,27.20738634451158,29.18777952520437,31.490031133519736,2,-1.6855647646775225,0.9995554089546204,15.894970900477581,5.569972768203297,0.0004445182566996664,12.64495211771765,11.712344807097276,4.978024879930249,6.733180990677452,15.894970900477581,25.05676081027771,26.81191692102491,28.8526652082527,-10.310821878707742,-6.620140718342551,12.64495211771765,31.910044953777845,35.60072611414304,39.891940559741684,15.893525050820077,5.574629452962295,31.071781959891794,0.004693191221101613,4.968144310175034,6.7269648685436705,15.894292911297223,25.059091490199723,26.81571162688548,28.85955023542266,2,-0.7229538795977426,0.9982333183288574,15.1296500318809,7.296173876340731,0.0017666993662714958,11.219461098164125,9.61591426088125,0.8294120093110653,3.1285119685132603,15.1296500318809,27.130788095248533,29.42988805445073,32.10308861773848,-7.62738453158822,-4.5973103503007895,11.219461098164125,27.03623254662903,30.066306727916466,33.58942279592422,15.122742171290808,7.302768312877487,53.303464713756966,0.026964364639298896,0.8040176559815967,3.109716622828148,15.124546476518795,27.13066221756315,29.430828346374003,32.10552592609487,2,0.047828999931526894,0.9948326349258423,15.66762749906686,6.453206738232276,0.005167326424270868,12.363658819467993,8.523565006960613,3.0195747073404,5.053046990217817,15.66762749906686,26.282208007915898,28.315680290793317,30.680031275299545,-4.342221614060708,-1.6563579967878272,12.363658819467993,26.383675635723808,29.06953925299669,32.192436152659724,15.650554208851776,6.469947909875234,41.804100350770696,0.05611613883089646,2.955957161537034,5.005927925168349,15.654999150504207,26.282646552006423,28.318944378868665,30.68736944642653,2,-0.4799830376294416
93,207,reset,0.1,15.1735973336955,15.183561668794901,15.1810607158933,15.1685959098185,15.177739431502234,1.0,16.734113393752175,4.3619069361312865,4.807892395319868e-08,18.894696972008113,17.442826947167294,8.184932895019397,9.559414949431842,16.734113393752175,23.908811838072506,25.28329389248495,26.88142632138519,-15.29261563300453,-9.796200196326897,18.894696972008113,47.58559414034311,53.08200957702075,59.472780357813036,16.734114302188875,4.361907095349359,19.026246747589184,2.2443889025212766e-07,8.184693133206407,9.559195836087268,16.734112890402468,23.908869308950244,25.283482391762206,26.881685709257003,2,-1.556374870686641,0.9999978542327881,16.022604103703216,4.322970697356013,2.125870651070727e-06,8.686945398072801,8.504007376907953,7.549737230663428,8.91195007295224,16.022604103703216,23.133258134454188,24.495470976743,26.079337795038228,-7.980602784929729,-5.300901979456327,8.686945398072801,22.674792775601922,25.354493581075328,28.470224880170246,16.022588190246953,4.322997662934392,18.68818928895323,0.00011439687165829226,7.549621414957905,8.911867696346443,16.02259719583485,23.13330065624997,24.49552343392128,26.079360367130096,2,-0.8448487587447193,1.0,16.697637707704352,4.089441874859688,1.3321801439758474e-09,12.854677226783892,15.615610622175252,8.682478916109408,9.971104407634165,16.697637707704352,23.42417100777454,24.712796499299294,26.211102119297777,-17.751357189280714,-12.830716542163017,12.854677226783892,38.54007099573079,43.460711642848494,49.18201979953086,16.697637724829097,4.089441871570252,16.72353517270444,1.9674096780573778e-08,8.682386357623479,9.970968853222331,16.697637715898747,23.424317208993553,24.712907836624122,26.21135840630279,2,-1.5198982933268628,1.0,14.514254664445232,5.787995533927358,9.385781929438508e-09,7.071243675039696,17.317159016329445,3.169991875268927,4.9938492176858915,14.514254664445232,24.03466011120457,25.858517453621534,27.97914576975502,-26.86976431151909,-21.41294814146519,7.071243675039696,35.55543549154457,41.01225166159848,47.35697973710488,14.514254730814384,5.787995651183898,33.50089511540884,5.199574334696524e-07,3.169887841717634,4.993743507978497,14.514254571122382,24.034767706526587,25.85862382378312,27.979373908027345,2,0.6634847006878495,0.9999996423721313,14.178827044968337,5.128248982737382,3.2435735874969396e-07,8.704390792553255,14.685453252460663,4.1276437350488955,5.7436081058025525,14.178827044968337,22.614045984134115,24.230010354887774,26.10891816351155,-20.07856867891625,-15.45103025318297,8.704390792553255,32.859811838289474,37.48735026402275,42.86786374574127,14.178824797557846,5.1282564858757675,26.29899817544494,9.720809454803938e-06,4.127511340878006,5.743554281798954,14.178826571339771,22.614089535036488,24.23006314149412,26.10903832450744,2,0.9989146339443877
94,213,reset,0.7,25.1615813852608,25.480173876706502,25.9328029210709,27.1657116560734,26.192896151283602,0.9833179712295532,26.017648080417793,6.699423382317207,0.016681963577866554,15.961306047643077,9.031780268077418,12.887019533890552,14.998077231529832,26.017648080417793,37.03721892930575,39.148276626945034,41.602837423170925,-1.7406579940681794,1.105349515867191,15.961306047643077,30.81726257941896,33.66327008935433,36.972368873088996,25.849886852742866,6.866825506239431,45.49434500442338,1.6589039659493812,12.212958883551563,14.546268202570399,25.9137284607163,36.993350332860054,39.110017504973285,41.57018730626157,2,0.3430092985407356,0.9328504204750061,26.388776227185453,7.849967896046443,0.0671495720744133,13.074730101594746,6.559075702415593,11.003121871138758,13.47672806192084,26.388776227185453,39.30082439245006,41.774430583232146,44.650532353441946,0.21917795298842258,2.2860106430271774,13.074730101594746,23.86344956016231,25.930282250201067,28.333421917582193,25.49474353066133,8.45439998411861,60.37297842396551,11.103895824756268,8.212929813995265,11.133284062947675,25.717931525513144,39.03461841913314,41.53979651105805,44.44491839604348,2,0.6981526206222703,0.9900208711624146,25.31716679246277,6.928684509203102,0.009979117661714554,12.754217804521353,11.24577703938604,11.737194694184106,13.920494947497563,25.31716679246277,36.713838637427976,38.89713889074143,41.43569727034712,-9.287100170842766,-5.743439346600372,12.754217804521353,31.25187495564307,34.79553577988547,38.91580731203437,25.191799363392597,7.095696554984035,48.78963836782984,1.5592641400756784,11.195496704584079,13.58251535204539,25.25295274398167,36.69135929950134,38.87938209472083,41.423668610086665,2,1.0010967878910044,0.9703778624534607,24.741725239772954,8.858115890185331,0.029622185975313187,12.16048653944842,8.978492425976151,7.380137124127739,10.171421189845137,24.741725239772954,39.31202928970077,42.103313355418166,45.34878430891299,-5.437035250930496,-2.6078192919747796,12.16048653944842,26.928792370871616,29.758008329827334,33.04758330670983,24.369042645403553,9.114807994788332,78.52982298961945,4.549930551676941,6.177382375942601,9.248731209447477,24.46062384898002,39.18584657165056,41.99110651318742,45.24977364868356,2,1.8238535058800487,0.9460067749023438,25.494957666042993,7.680146893590152,0.053993262350559235,13.668807162395737,7.830209992634617,10.442146358629117,12.862240192601144,25.494957666042993,38.127675139484836,40.54776897345687,43.36165106426781,-1.6781224145537585,0.789257856219022,13.668807162395737,26.548356468572447,29.01573673934523,31.884599532054626,24.85642616906355,8.139653782084656,59.11032956234412,7.14365714626593,8.26589523446052,11.202193544470108,25.026007969093882,37.92382231875728,40.36693962680647,43.20242980495141,2,1.336469982220052
95,214,reset,0.5,27.1657116560734,26.0898717813251,25.427719672612998,26.0093987563346,25.8423300700909,0.9992572665214539,28.318881189429625,6.263747420053445,0.0007427544915117323,16.642852137855947,10.316942338331264,16.042161837869187,18.015933527246787,28.318881189429625,38.62182885161246,40.59560054099006,42.890536683599755,-3.5779832758497854,-0.3270078863974426,16.642852137855947,33.61271216210933,36.863687551561675,40.64364901323482,28.310209361472225,6.275796094564696,39.284449209549564,0.1011842522225188,16.00602611466774,17.993200442660186,28.314550800854107,38.62036330831118,40.5944692202721,42.88981312336505,2,-2.467879291381326,0.9961842894554138,28.480241002665032,6.698167711579702,0.0038156791124492884,12.884813324484007,6.852888967244194,15.352073525559742,17.462735548343915,28.480241002665032,39.49774645698615,41.60840847977032,44.062509218467476,-0.5466022413665019,1.6128140516166614,12.884813324484007,24.156812597351347,26.316228890334514,28.82701700447047,28.420732959828847,6.767419972184981,44.87344937435012,0.9244983166445808,15.077646262094733,17.287408284159998,28.448830096191,39.48535528278667,41.59749302217426,44.05294276262329,2,-2.578402889737948,0.9998143315315247,27.817690624446733,6.270169134886561,0.00018563451885711402,12.728404153421941,12.380305447644128,15.528384943094403,17.504180181329396,27.817690624446733,38.131201067564064,40.10699630579906,42.40428526126658,-11.536548641565588,-7.635386164902581,12.728404153421941,33.09219447174645,36.99335694840946,41.5293014115251,27.81488858761281,6.27522580416321,39.33617398745215,0.04225864004943081,15.517081852905319,17.49737715419109,27.81655712653004,38.13093574231536,40.106862248730565,42.404223015239715,2,-1.972558517521911,0.9994982481002808,26.897539718612776,8.153977091998343,0.0005017822841182351,11.36629172755903,10.568532503948639,10.916038287531379,13.485440924760079,26.897539718612776,40.30963851246547,42.879041149694174,45.86652699156084,-9.347651349621223,-6.017397293115419,11.36629172755903,28.749980748233472,32.08023480473928,35.952374849851466,26.8897472307862,8.162780489826725,66.51002827633948,0.12097901845449671,10.88388919579576,13.464375437668883,26.89313631899862,40.307814813081094,42.87743579059855,45.86507692915657,2,-1.0474171606953,0.997601330280304,27.315232141794304,6.922085574059358,0.002398662967607379,12.797488376625488,8.916672074285092,13.748193718733694,15.929414579234301,27.315232141794304,38.701049704354304,40.88227056485491,43.41841120093606,-4.678867750927353,-1.8691320250992582,12.797488376625488,27.46410877835023,30.273844504178324,33.54076950015795,27.28040878301671,6.963863344355473,47.99104638509555,0.504341268718001,13.599584133105191,15.834182148653145,27.296540469436383,38.6933091327077,40.87543406150174,43.41239831739063,2,-1.4380787129258117
96,216,reset,1.3,12.1487005810602,12.6018338440647,12.794883684271399,12.8448967161122,12.747204748149434,0.3029078543186188,11.901278061697305,6.7920728639800325,0.6970921158790588,15.487393002341705,9.06807657259131,-1.41094013207538,0.7293123768610705,11.901278061697305,23.073243746533535,25.213496255469984,27.70200232914774,-2.2857104889886806,0.5717343624412052,15.487393002341705,30.403051642242197,33.260496493672086,36.582893658629054,14.40113015877089,8.602977246925533,71.29571557048766,2.7154957598512115,-1.9876510096103108,0.6289397284063354,14.183437881963874,28.932127771406726,31.899226208913632,35.3558255994916,2,-1.653925410621456,0.014409932307898998,11.853783018448752,12.407195387947118,0.9855900406837463,9.942656478412744,7.808108602757443,-12.46387309107907,-8.554237315711653,11.853783018448752,32.26180335260915,36.17143912797657,40.71723563200885,-5.360955170369211,-2.9005392764638334,9.942656478412744,22.785852233289315,25.246268127194696,28.10703332671752,9.9701954139517,7.896717850582013,62.30627763092523,0.05187249601538138,-5.472473031408345,-2.9742450767977417,9.960014079813435,22.93866190428993,25.469779906910322,28.469875214185837,2,2.777009334197734,0.2519465386867523,11.365565556530115,7.365944648146022,0.7480534911155701,12.004273319298917,9.866227143528116,-3.0714206659516528,-0.7503352138966601,11.365565556530115,23.481466326956884,25.80255177901188,28.501315229047123,-7.333176545307687,-4.224226182060374,12.004273319298917,28.2327728206582,31.34172318390552,34.95654985944959,11.843353466992182,9.303984677125754,86.4872493782958,0.07688567411843976,-6.439304048978173,-3.3975264266921346,11.805783756876504,27.216757448677374,30.31678171447851,33.96696337929682,2,0.9038512811572517,0.02688278816640377,10.714437963861947,9.319241697626282,0.9731172323226929,10.799630504730786,9.082136050567872,-7.550940126709481,-4.6143505429160445,10.714437963861947,26.04322647063993,28.97981605443337,32.39423607480761,-7.001029057075094,-4.139153918512504,10.799630504730786,25.73841492797407,28.60029006653666,31.927838397719032,10.797340512975923,9.088601427529357,82.60248843316849,0.00018986399155273908,-7.016315855245971,-4.15214989093133,10.797396818887878,25.74664279055705,28.61063263698418,31.940815575418632,2,1.9498642351735107,0.029523000121116638,11.639562564917782,9.74271107068965,0.9704769849777222,13.660807754553367,7.509829530182546,-7.455800245413606,-4.385771076046357,11.639562564917782,27.664896205881913,30.734925375249162,34.30449775161081,-1.0581876546397808,1.3082374140453314,13.660807754553367,26.013378095061398,28.379803163746512,31.131283716502658,13.601134329013052,7.592885208022225,57.53484970622456,0.11705331939962765,-1.3278585735694157,1.1048393956985507,13.614805326490208,26.05672982793821,28.447822093763353,31.23708320079442,2,-0.8539295808636176
97,218,reset,0.1,127.6390653144,127.72648140359999,127.64276364450001,127.8030728459,127.72410596466666,0.9999998807907104,126.5900043461042,6.422716920318665,6.389864637412757e-08,66.67244425732106,49.510133274230164,114.00171049938359,116.02557512483544,126.5900043461042,137.15443356737293,139.1782981928248,141.53147819925366,-30.365633829948223,-14.764478029647222,66.67244425732106,148.10936654428932,163.71052234459034,181.8502375433051,126.58999351567866,6.422815590592435,41.25144435277798,0.0002294034597419159,114.000931168565,116.0244461389103,126.59000717368997,137.15504392195658,139.17953588854587,141.53318374461898,2,1.134112448988006,0.9999903440475464,123.09039597009524,7.088437813118583,9.69885331869591e-06,43.71826718366671,35.15980651079988,109.19731314973096,111.43095332376717,123.09039597009524,134.74983861642332,136.98347879045951,139.58056820691436,-25.193687280897976,-14.114468078534486,43.71826718366671,101.55100244586788,112.63022164823138,125.51220831175333,123.08963143214503,7.093511602478292,50.257455296738506,0.06110155122216318,109.19590750367189,111.42981609984689,123.09031226583922,134.7500751227181,136.98407730877045,139.58120052146432,2,4.6344745325216365,1.0,131.54246771028016,6.312380707573518,1.779329217299619e-08,56.663553863226944,19.674501804665034,119.1704288667306,121.15952540872937,131.54246771028016,141.92541001183096,143.9145065538297,146.22726114948023,18.102238912315173,24.301878211360368,56.663553863226944,89.02522951509351,95.22486881413872,102.43328930932213,131.54246871851134,6.312364768009553,39.84615708488102,9.976435486432438e-05,119.17021187867623,121.15933184166859,131.5424673644676,141.92558679456968,143.91473382306555,146.22751850422162,2,-3.8183627538446814,1.0,127.58706598512003,8.098664904072411,9.14823772291129e-09,36.471292114942976,41.852086329701656,111.71397445027958,114.26594764419193,127.58706598512003,140.90818432604814,143.4601575199605,146.42737786727807,-45.557289769133426,-32.369263879952946,36.471292114942976,105.31184810983888,118.49987399901937,133.83380417221815,127.58706631876808,8.098661388322562,65.58838925248114,7.594944096353148e-05,111.71321750268977,114.26545895963018,127.58706487149881,140.9085537656125,143.46073043918733,146.42767760704092,2,0.1370396458985823,0.9999995231628418,125.82561712597325,6.7572519545725145,4.989010449207854e-07,40.71212227893413,31.227342568934137,112.58164666054823,114.71092674026973,125.82561712597325,136.9403075116768,139.06958759139826,141.54533584485134,-20.49234448907128,-10.652285405633307,40.71212227893413,92.07652996350154,101.91658904693952,113.3577842761191,125.82557743896389,6.757527919306277,45.660918706792245,0.003614190539142859,112.58105399668365,114.710877251029,125.82561316991705,136.94057418135083,139.07008458528946,141.5455094417565,2,1.8985285257027726
98,222,reset,0.8,39.0634460678345,39.0516997642839,39.0717184835797,39.1067394990583,39.07671924897397,0.8086245656013489,38.66816407322737,8.794549990475355,0.19137544929981232,16.265416100682323,8.431161904754028,21.431162831658597,24.202416623987943,38.66816407322737,53.133911522466796,55.90516531479614,59.12734674671562,-0.2593575804616961,2.3973888622325727,16.265416100682323,30.133443339132068,32.79018978182634,35.87923167350098,34.38082869063165,12.402137452280604,76.14617339019341,77.6668576088573,6.769709479237014,10.790342908075305,36.07136819264143,52.20812848402355,55.09198513172181,58.41675752932113,2,4.69589055834232,0.6151884198188782,38.77497749199294,10.57780271109162,0.38481155037879944,14.692034011501185,6.737128084015162,18.042865142683223,21.37604033747677,38.77497749199294,56.173914646509104,59.50708984130266,63.38262634096437,1.4875056075981252,3.6104444472722186,14.692034011501185,25.77362357573015,27.89656241540424,30.3649376068907,29.50758151799553,14.953297640466053,86.2995480322295,137.30153634333448,4.439524929646409,7.032293012103087,29.69575087780479,53.54731748086922,57.21561917659529,61.39119884278835,2,9.569137730978444,0.8200303316116333,37.6109426224229,9.345496958686734,0.1799696385860443,12.798946481945457,10.903402527814043,19.294105165768283,22.23896805426306,37.6109426224229,52.982917190582725,55.92778007907751,59.35181960411892,-8.571329781513057,-5.13555471204133,12.798946481945457,30.733447675932236,34.16922274540397,38.16405377233718,33.145535523529404,13.559919900412531,93.01561021479057,90.85578474919068,0.956488373183429,6.313211716700917,35.115593386599016,52.06788846485499,55.12305058549406,58.6479949789604,2,5.931183725444569,0.6666580438613892,37.29796579059007,11.57562942315579,0.3333419859409332,13.044242444904441,8.565617369531113,14.610149022822554,18.257749749666083,37.29796579059007,56.33818183151405,59.985782558357585,64.22690668983314,-3.74405910472726,-1.0449443524473452,13.044242444904441,27.13342924225622,29.832543994536138,32.97084820236044,29.21318259564325,15.636769866954337,113.78621076083354,130.7223865448587,0.6201788092331988,4.016656229403398,29.928050819842902,53.961433911369326,57.907926414085495,62.41809610693197,2,9.863536653330723,0.6082789897918701,38.4235337670449,9.897056273499881,0.3917209804058075,14.808134927196143,7.355356815197593,19.02565991801893,22.144324859435795,38.4235337670449,54.702742674654004,57.82140761607087,61.44752958816392,0.39190047596762234,2.709649592196147,14.808134927196143,26.906620262196135,29.22436937842466,31.919253617042873,29.172885435714637,14.617039760700846,80.77457908735593,132.8832469150712,3.5827198813521575,6.407255090032244,29.7872044132388,52.18473435824845,55.62529551755272,59.5394148868815,2,9.903833813259336
99,223,reset,0.6,39.1067394990583,39.7204159363075,39.49885433573,39.632385841885004,39.617218704640834,0.9884185194969177,39.53481749829993,7.801858344972822,0.011581504717469215,17.314733237469632,9.435344774544536,24.243456129669923,26.70190250260977,39.53481749829993,52.36773249399009,54.826178866929936,57.684654072695245,-1.1782027023558577,1.7949721635224254,17.314733237469632,32.83449431141683,35.80766917729512,39.26462749457367,39.27747644492193,8.176000941303883,61.195092495716686,5.651936252508135,22.956563749400477,25.96348486816448,39.422431540117735,52.323732590305454,54.78734583751151,57.65056529140562,2,0.3397422597189035,0.9666113257408142,39.56581232205805,8.508946492557028,0.033388614654541016,15.007578376614838,6.937219900423962,22.888583650267858,25.56984082223961,39.56581232205805,53.56178382187649,56.24304099384824,59.36058190534536,1.410877218949329,3.5968670624425485,15.007578376614838,26.41828969078712,28.604279534280344,31.145965143719934,38.745844553951386,9.542339032149263,71.59158567586128,19.4645590477125,17.206193330575285,22.442181414562,39.19750957128892,53.42123882080566,56.11913451300167,59.251991282157775,2,0.8713741506894479,0.9945476651191711,38.79529875427839,8.017160850969505,0.005452353041619062,13.352968870913237,11.855834905677602,23.081952228113664,25.608242650707844,38.79529875427839,51.98235485784893,54.50864528044311,57.44600385577476,-9.884040550867695,-6.148144174228438,13.352968870913237,32.85408191605491,36.58997829269417,40.93376519871552,38.65657889410623,8.258384288888193,64.6908072265653,3.510130974623615,22.4708326369306,25.258141038571107,38.74198797734793,51.961340402140536,54.490145222387916,57.42971342534863,2,0.9606398105346017,0.9897576570510864,38.171376640515064,10.112327801962593,0.01024231594055891,12.826823380888946,9.762097964101581,18.35157834880529,21.53807757853468,38.171376640515064,54.804675702495445,57.99117493222484,61.69616892421483,-6.306537042301944,-3.230398862019129,12.826823380888946,28.884045623797014,31.960183804079833,35.53685922585508,37.91178868771157,10.425912237729175,102.187877974923,6.511729194699277,17.046711791902933,20.735144932787442,38.04150466719788,54.75419488692968,57.94664257813064,61.65714838822828,2,1.705430016929263,0.9710709452629089,38.864746062996396,8.403027820237801,0.028929052874445915,14.52343554102513,8.165147734830098,22.395114174242188,25.04299527550412,38.864746062996396,52.686496850488666,55.3343779517506,58.413111968112645,-1.47995994769067,1.0929626747952401,14.52343554102513,27.953908407255014,30.526831029740926,33.518409615176516,38.16057493148175,9.334958615119678,70.49686010428016,16.644589529277805,17.83337531866888,22.605400565600238,38.55194728630359,52.56655762226512,55.228653678943836,58.32041270770024,2,1.4566437731590867
100,224,reset,0.5,39.632385841885004,39.2163475697826,39.6398953348204,40.2796211298836,39.71195467816219,0.9980625510215759,40.50013220784912,7.33361346798051,0.0019374450203031301,18.34496821333036,10.376661260566614,26.126513934069433,28.43741149638121,40.50013220784912,52.562852919317024,54.873750481628804,57.56066830812286,-1.992914137152205,1.2768793032405235,18.34496821333036,35.41305712342019,38.68285056381292,42.484692076491456,40.45720763538952,7.405097081402391,53.88630142089886,0.9491548855001829,25.940982251602446,28.328102378452563,40.48287673565318,52.556063451818446,54.86776705265559,57.555436244238884,2,-0.7452529572273292,0.9926964044570923,40.33389091158598,7.708528077970385,0.007303586695343256,15.128312955065745,7.264050173612054,25.22545350494826,27.654490544079128,40.33389091158598,53.01329127909283,55.4423283182237,58.26660881775652,0.891036232894189,3.1800136806424817,15.128312955065745,27.076612229489,29.365589677237296,32.02702063337415,40.149799430917604,7.998690347222462,59.37279937824662,4.60623363017272,24.271351660086257,27.130538215136223,40.26284764080823,52.98590977636166,55.41817641581102,58.24542172353159,2,-0.4378447527554101,0.999413251876831,39.91452426075445,7.394000208215669,0.0005867808358743787,13.859916934768272,12.497048967067053,25.422550150970075,27.75247620059096,39.91452426075445,52.07657232091793,54.40649837053882,57.115540925794505,-10.633848953716644,-6.695899384902127,13.859916934768272,34.41573325443866,38.35368282325318,42.932400231089,39.8992372222014,7.4248803390167115,54.73080205264851,0.39809807303119793,25.362907232898028,27.71792874548772,39.90928502379698,52.07454265218529,54.40472170479482,57.11403099778516,2,-0.1872825440392063,0.9988948702812195,39.02548920718344,9.454655304733189,0.0011051322799175978,12.583285212880917,10.814239819742454,20.494705323665816,23.47396513761707,39.02548920718344,54.5770132767498,57.556273090701055,61.020306475138455,-8.612235353993224,-5.204556377345501,12.583285212880917,30.371126803107327,33.778805779755054,37.74096902690658,38.9962671739468,9.496989068884282,89.42096159545704,0.7718436737942636,20.360542535999596,23.39311643470715,39.01256968969613,54.57198171732758,57.55181780902787,61.01641869342948,2,0.7156875042153956,0.9947983026504517,39.470401517425145,7.790224479947023,0.005201695486903191,14.385751208637316,8.872294235443414,24.201842105246705,26.656622526818133,39.470401517425145,52.28418050803215,54.73896092960358,57.593173674650814,-3.0036259530741134,-0.20787414391242898,14.385751208637316,28.979376561187053,31.775128370348742,35.025794041125906,39.33991873160403,8.002341800855199,60.78138394384012,3.2560874711906442,23.580064761557864,26.303833562334738,39.419592189885364,52.26451693738803,54.72157709940001,57.577954420790995,2,0.37203594655816374
101,227,reset,0.8,102.96001815390001,65.8303144648292,65.88179488361979,66.00869202456579,65.90693379100493,0.2892473340034485,92.19339782343556,19.486739046776982,0.7107526063919067,26.47161735710351,10.119041281941255,54.00009111562228,60.14056442488756,92.19339782343556,124.24623122198355,130.38670453124882,137.52633177689384,6.638660886424628,9.827275603230756,26.47161735710351,43.11595911097626,46.30457382778239,50.012027530679056,45.481465565118626,32.72004210448498,182.61426811994767,887.9867639033176,8.15904449885587,11.563559877887407,31.867924167292546,110.56775308810512,118.75513636436726,127.61010027876301,2,20.425468225886306,0.34221988916397095,92.57245910053106,22.220260040325385,0.657780110836029,23.841284690438215,9.208592107502584,49.02154969437877,56.02338378139697,92.57245910053106,129.12153441966512,136.12336850668333,144.26451380597666,5.792775811413353,8.694498563295882,23.841284690438215,38.98807081758054,41.88979356946307,45.26367336263611,47.362459579169744,35.890646237012405,224.74618184896383,1063.3923054614083,7.498554025529982,10.646933538525138,30.310243838990477,115.9767676314982,124.86807399014637,134.62141542961453,2,18.544474211835187,0.2297694832086563,92.94799326120037,22.39253114959651,0.7702304720878601,23.0769406947733,11.721161157347183,49.0594386852999,56.115557183162714,92.94799326120037,129.780429339238,136.83654783710082,145.04081049545752,0.10388696938299802,3.7973462530280635,23.0769406947733,42.35653513651853,46.0499944201636,50.344439034458,39.13117530258647,32.93962316322759,221.03085689490385,863.9878487883766,1.4403700329099423,5.3208283172078445,27.550186954472217,110.42075103452392,120.55599834817457,131.2662655794062,2,26.77575848841846,0.32219311594963074,93.08595134853955,24.699108243422348,0.6778068542480469,21.1350354533092,10.098983688898448,44.67658874117538,52.459533571879284,93.08595134853955,133.7123691251998,141.49531395590373,150.54466930132975,1.341391142610778,4.523685504100822,21.1350354533092,37.746385402517575,40.92867976400761,44.62878468795123,44.31712461115014,37.36636342920871,265.68176774190715,1130.5632896498132,3.0693690981402533,6.5007667430408445,27.501664727668093,118.1417455079663,128.19453258673065,139.1686654989806,2,21.58980917985479,0.30636003613471985,95.39560458352956,20.950610510513705,0.6936399936676025,22.207935858749956,9.28781102716925,54.33316252879637,60.93491689846344,95.39560458352956,129.85629226859567,136.45804663826274,144.1340128045208,4.004160750284257,6.930846204270731,22.207935858749956,37.485025513229175,40.411710967215654,43.814615296298214,44.62971335573741,36.50434555885979,194.3057902722201,1138.2615137690293,5.502360419692352,8.642945933547148,27.636912123839227,115.95580353691508,124.60849292713732,134.01426247215596,2,21.277220435267523
102,228,reset,0.3,66.00869202456579,66.8576567059901,65.9081951568022,65.92718342590611,66.23101176289947,0.999943733215332,67.68865127304502,7.550861795355278,5.627167411148548e-05,30.231079696222608,16.275499814103053,52.889234101909224,55.26858886234559,67.68865127304502,80.10871368374445,82.48806844418083,85.25458255784598,-1.6683137698077282,3.460264796547179,30.231079696222608,57.00189459589802,62.13047316225294,68.09355408771334,67.68654380374409,7.556860321505669,57.02721168326039,0.07894863631595099,52.88262659200158,55.26486817286237,67.68813002973273,80.10857124210933,82.48799085824595,85.25454089629235,2,-1.4555320408446164,0.9994229078292847,65.93880386057454,7.635692691525194,0.0005771088181063533,22.046060233553533,10.995414448603265,50.97312118816944,53.37920704263247,65.93880386057454,78.4984006785166,80.90448653297963,83.70208132033336,0.4954439191997899,3.960212897933822,22.046060233553533,40.13190756917324,43.596676547907265,47.62521926025968,65.91347406888555,7.710451116804341,58.339928170405294,1.1112005802465765,50.899133590824924,53.33849055005342,65.93327797744006,78.49627122962082,80.90262685571935,83.70050719176776,2,0.3175376940139216,0.9999890327453613,67.823768072152,7.410880082599191,1.0965037290588953e-05,22.90313799858999,14.713530424763313,53.298710016512366,55.6339550893863,67.823768072152,80.01358105491771,82.34882612779164,85.06405319707824,-5.934851719380433,-1.2984658858427913,22.90313799858999,47.10474188302276,51.741127716560406,57.13192822187335,67.82327536537923,7.412492898042948,54.92291506324542,0.022125700498577355,53.29731170293543,55.63316493590798,67.8236664305949,80.0135692086664,82.34890022103181,85.06411496784933,2,-1.5922636024797612,0.9999853372573853,65.92618880017038,9.703796083943496,1.4687682778458111e-05,16.810142347827522,16.34428290686008,46.90709796232031,49.96486461629842,65.92618880017038,81.88751298404233,84.94527963802045,88.50059419017816,-15.224063502751868,-10.073810671442242,16.810142347827522,43.694095367097276,48.844348198406905,54.83263014092352,65.9254690434707,9.70574699804324,94.16620134398259,0.03543184017129994,46.90472360372813,49.96350264409808,65.92601031279052,81.887527042899,84.94531604037726,88.50057982639423,2,0.30554271942877165,0.9998053908348083,65.63544231120498,7.660294616760877,0.00019468633399810642,20.00353131685607,12.48485390439093,50.621540751387606,53.03537892730901,65.63544231120498,78.23550569510095,80.64934387102235,83.45595240743314,-4.466332687994434,-0.5322259097406068,20.00353131685607,40.53928854345274,44.47339532170656,49.0476446550464,65.62656346674892,7.687913792542586,58.69903999355496,0.405310842164773,50.59668664331007,53.02161806402646,65.63357255502868,78.23478785310658,80.64875531627723,83.45545776560573,2,0.6044482961505508
103,230,reset,1.5,67.3462804312586,10.3416990439409,10.5187511465439,10.5367549407898,10.4657350437582,0.00245267222635448,56.773248192651884,23.279324294197288,0.9975473284721375,11.84567987188796,8.576450141120247,11.146610991596873,18.482167194361942,56.773248192651884,95.0643291909418,102.39988539370688,110.92905477356504,-4.9638535199111935,-2.26132524910215,11.84567987188796,25.952684992878062,28.65521326368711,31.797486424500317,11.955872479180051,8.924281579792304,74.70425870331161,4.938543111953031,-4.956416624110392,-2.2524532924991303,11.870688003319808,26.130901608165228,28.976737163650668,32.53237801387876,2,-1.4901374354218522,0.0003756899095606059,55.4939711334449,43.473810661665084,0.9996242523193359,8.2379296451915,8.524519547251604,-29.7131320341321,-16.014084010796523,55.4939711334449,127.0020262776863,140.7010743010219,156.6291781426635,-8.469821652929333,-5.783657250124028,8.2379296451915,22.259516540507022,24.94568094331233,28.068927571159858,8.255682787230127,8.613293611323158,73.35017238181463,0.8386505155811125,-8.472568036665221,-5.785102193549243,8.240834114177998,22.282234015668557,24.986398965092423,28.15815387167809,2,2.2100522565280727,0.0022643760312348604,54.78054555873629,27.02501099599994,0.9977356195449829,7.312626383009501,9.860568340520025,1.8124973247774676,10.32835820356236,54.78054555873629,99.23273291391021,107.7485937926951,117.6501224352111,-12.013732431505641,-8.906565215697729,7.312626383009501,23.531817981716724,26.63898519752464,30.251738578812684,7.420111569094145,10.186018706285587,98.66443025225237,5.090546588982707,-12.0067441321005,-8.897954282315107,7.338453756030874,23.713721880765284,26.964683265518953,30.984661413598296,2,3.0456234746640547,0.00030731267179362476,54.64245563677578,31.138144560881976,0.9996926784515381,7.987147056680691,9.402485535485972,-6.387186247954688,3.4247656192697846,54.64245563677578,105.86014565428175,115.67209752150623,127.08061203755993,-10.441385958030622,-7.478565378722173,7.987147056680691,23.452859492083547,26.415680071392,29.86059929285824,8.001484753314541,9.452314974641032,88.67753041447843,0.6687273970270315,-10.441436535010409,-7.4779186236235144,7.99028418809653,23.475371098683585,26.455258452718084,29.94612394823144,2,2.4642502904436583,0.00044028862612321973,57.457132006067965,33.58480494495902,0.9995597004890442,9.616939955632098,7.854592913909198,-8.367876113854436,2.215043781894366,57.457132006067965,112.69922023024154,123.28214012599035,135.5870715898497,-5.777779268853452,-3.302715687038784,9.616939955632098,22.536595598302974,25.011659180117647,27.889455482361015,9.638003343384675,7.948038963061226,62.16408449478438,1.0072378524508157,-5.778579996660217,-3.3026691073938443,9.620606801558983,22.56396579356344,25.0602694824748,27.994971516742968,2,0.8277317003735245
104,235,reset,1.2,105.2997024335,11.8161073394096,11.6400559467649,11.836612607673201,11.764258631282567,0.0032651377841830254,87.80635369909788,33.614857475358185,0.9967347979545593,16.526630193656167,8.088064824191948,21.922443701948822,32.51483346129814,87.80635369909788,143.0978739368976,153.69026369624692,166.00620592308326,0.6743144336146631,3.222947432565416,16.526630193656167,29.830312954746915,32.37894595369767,35.34228260251961,16.759367250097863,9.242728166667865,68.89266421543927,16.535341698006164,0.6831917070643954,3.233827981592941,16.558707442999097,30.069238619389587,32.82117794915947,36.41666995776228,2,-4.995108618815296,0.005101460963487625,88.49944792581229,46.53446017721703,0.9948984980583191,15.470149322035958,7.952104427590051,-2.7064180615464863,11.957072325087978,88.49944792581229,165.04182352653658,179.70531391317104,196.75479042871928,-0.11568895734204787,2.3901015124175977,15.470149322035958,28.550197131654315,31.05598760141396,33.96951055131083,15.842704804115236,10.051322284338616,73.96035560039691,27.06871377807531,-0.1184714465493885,2.396968310850637,15.515287852046722,28.899296753671674,31.709750988209187,35.650454203540995,2,-4.078446172832669,0.0026263899635523558,88.04785887638803,40.77929542624145,0.9973735809326172,13.796405786048567,10.315001559807548,8.121908526035824,20.971886890009188,88.04785887638803,155.12383086276685,167.97380922674023,182.9146860961082,-6.420625771648712,-3.1702619416109776,13.796405786048567,30.763073513708104,34.01343734374584,37.79268773543481,13.991418655695957,11.17718032711323,110.48736578779622,14.441988579650856,-6.414337606387785,-3.160550789951885,13.828109129538888,30.996774493418513,34.43976550887305,38.792509625122285,2,-2.22716002441339,0.001634280546568334,88.77961306549918,42.96871260495515,0.9983657002449036,14.765625105693736,8.499435669219942,4.562483897734822,18.102370291803226,88.77961306549918,159.4568558391951,172.99674223326352,188.73978628430848,-1.8929626948924465,0.7852975181365967,14.765625105693736,28.74595269325087,31.424212906279916,34.53826920533044,14.886584442764466,9.169395296224492,75.13973316186963,8.938072679744662,-1.8919549522724817,0.7886523381410083,14.781579537725245,28.865099331649446,31.640191377412858,35.03310806575929,2,-3.1223258114818986,0.00314612896181643,92.17732984860521,41.988220344575346,0.9968538880348206,15.121904207572435,8.070117305498052,9.88193019830554,23.112853325592837,92.17732984860521,161.24180637161754,174.47272949890487,189.85653698196643,-0.6952350622171739,1.847742487700117,15.121904207572435,28.396065927444745,30.93904347736204,33.895804444478024,15.364330770868298,9.4387522316675,70.46855599950138,18.621491703578226,-0.6910222820271089,1.8560689209344536,15.151700147263309,28.619874671434506,31.352648836098794,34.89259824228571,2,-3.6000721395857305
105,237,reset,1.4,126.4252231468,11.0969132271322,10.9979144654799,10.026626709890799,10.707151467500966,0.000628264038823545,100.06275477411725,56.84825865605404,0.9993717074394226,14.715127402873222,8.37069447884899,-11.357784775566074,6.555690337831294,100.06275477411725,193.56981921040318,211.48329432380055,232.3115804415524,-1.6911323012590778,0.9465602292357929,14.715127402873222,28.483694576510644,31.121387107005518,34.18827470798897,14.768747828248245,8.753766146627173,72.05487881899585,4.573536709791725,-1.6935551295655618,0.9460902834276044,14.720846600097909,28.528238506460877,31.201176795117743,34.36490189704186,2,-4.061596360747279,0.0012504373444244266,101.15511483415438,86.17101598747458,0.9987494945526123,11.824257826534868,8.328670932589162,-67.73697301252102,-40.583593350936525,101.15511483415438,242.89382301924522,270.04720268082974,301.61887468055517,-4.499637240425518,-1.8751867646197216,11.824257826534868,25.523702417689453,28.14815289349525,31.199643744149412,11.935959660879638,9.409096301615403,78.56506846465173,9.966015045986987,-4.517897634827823,-1.8846384200219009,11.83341762762403,25.602100428906827,28.289945531715492,31.522433518787736,2,-1.228808193378672,0.0005836460622958839,102.16969679005842,72.34817179088374,0.9994163513183594,12.00645759564781,10.103538827207824,-39.63011426739044,-16.832455983484934,102.16969679005842,221.1718495636017,243.96950784750726,270.47671242652234,-7.796114622081586,-4.612384889330009,12.00645759564781,28.625300080625625,31.8090298133772,35.51080366661182,12.059080983718417,10.479446563063755,105.07687115011021,4.741928737089696,-7.8020095690915525,-4.614769254515901,12.012279099230398,28.672590666390846,31.892175388713166,35.69623246929897,2,-1.3519295162174512,0.00028732046484947205,102.78567712860072,71.56621814776754,0.9997126460075378,12.841070164884869,8.661072839445563,-37.48153295076051,-14.930276358955041,102.78567712860072,220.50163061615643,243.05288720796193,269.27359656980275,-4.1343206679065005,-1.4051269083680573,12.841070164884869,27.087267238137787,29.816460997676234,32.989738551841924,12.86691266063796,8.876258933039267,76.4642031051114,2.323763990502198,-4.137075098245428,-1.4064257036814996,12.84353456206306,27.107645838200952,29.853515963626418,33.069129845605765,2,-2.159761193136994,0.0007265668245963752,106.76425581243386,79.32977601381928,0.9992734789848328,12.197999612680412,8.790064731719356,-48.71924807628143,-23.721613989144757,106.76425581243386,237.2501256140124,262.2477597011491,291.31291159031844,-5.030210683265263,-2.2603702424263954,12.197999612680412,26.656369467787215,29.426209908626085,32.64674801399711,12.266708875944833,9.395442532957794,81.78154321790487,6.4928040652506045,-5.037865460708241,-2.2642068903532113,12.204144059297766,26.70728802692922,29.517829880512664,32.84756263481201,2,-1.559557408443867
106,240,reset,0.5,126.6373897906,108.8892145886,108.9252357877,108.6986413865,108.83769725426667,0.9981527924537659,117.66515492325833,13.093336238896535,0.001847200095653534,48.90537888400862,21.437547087423003,92.00268745754798,96.1285333218142,117.66515492325833,139.20177652470244,143.32762238896868,148.12480984671717,6.888558675777993,13.643751804317908,48.90537888400862,84.16700596369932,90.92219909223924,98.77657097548554,117.53814098170778,13.441914013531377,171.96769183958128,8.71725757621984,91.59577381724867,95.90545384568051,117.63482701146728,139.19011683967358,143.31735474343736,148.11581371735656,2,-8.700443727441112,0.9893459677696228,116.7294720259725,14.538400737473589,0.010654028505086899,36.12705534929384,17.594004517026978,88.2347301877137,92.8159308428651,116.7294720259725,140.6430132090799,145.2242138642313,150.550849673548,1.6434401520859296,7.187493206861419,36.12705534929384,65.06661749172625,70.61067054650175,77.05683035334451,115.8707311462691,16.759782793598898,212.41114927404269,68.47911999872355,84.99677756092834,91.23983552522876,116.53324730309274,140.5675306356952,145.1576303341673,150.4924132552143,2,-7.033033892002422,0.9981729984283447,121.23493101575205,14.428315226631282,0.0018269774736836553,43.06561232653296,14.699468065155685,92.95595281396386,97.50246438442844,121.23493101575205,144.96739764707567,149.51390921754023,154.80021146921683,14.255184326931136,18.88713896530428,43.06561232653296,67.24408568776163,71.87604032613477,77.26168860943912,121.09211450985774,14.80993933493826,208.19070487870465,11.143244870059002,92.50176965817953,97.25571064924988,121.2018332082352,144.95466408759154,149.50265252445595,154.7904295292509,2,-12.254417255591065,0.9992438554763794,119.41223020664222,16.650045575316334,0.0007561644306406379,31.796476785716706,18.56637201861299,86.77874053807172,92.02534235317583,119.41223020664222,146.7991180601086,152.0457198752127,158.14602833346248,-4.592943694336988,1.2575124315707882,31.796476785716706,62.33544113986261,68.1858972657704,74.98831685986839,119.34598066748319,16.824835586351696,277.2750538067251,5.800322245944092,86.56623897169372,91.908610781744,119.39643844758035,146.79308081213026,152.04035260770598,158.14142808740226,2,-10.508283413216517,0.9968184232711792,120.49108982512982,14.009645930517998,0.0031815716065466404,33.845941788392764,16.70581378135864,93.0326883651564,97.44727290401136,120.49108982512982,143.53490674624828,147.94949128510322,153.08239985165528,1.1031484444969308,6.367323398949107,33.845941788392764,61.32456017783641,66.58873513228859,72.70947616277861,120.21542146510271,14.843955355083141,196.53365687550604,23.80927968238278,92.2446002664014,97.02506702140546,120.43504767164367,143.51332241136367,147.93046668039466,153.06578497178378,2,-11.377724210836035
107,241,reset,1.4,108.6986413865,9.9225741538773,9.81805186287716,9.31442133226031,9.685015783004923,0.0008027836447581649,87.66715362876874,44.17817350666754,0.9991971850395203,13.264226160569685,8.168499071761179,1.0795246529387583,15.000524704235175,87.66715362876874,160.33378255330229,174.25478260459872,190.44095364501217,-2.7457378278310927,-0.17175916436642957,13.264226160569685,26.700211485505793,29.274190148970458,32.266996610265885,13.32395519848447,8.525144900333384,68.23761143885325,4.440478573416471,-2.745949130174042,-0.17076523425054219,13.271693883116704,26.756336310985457,29.374962887064278,32.492326335292944,2,-3.6389394154795465,0.0008836914785206318,88.07337571948754,69.25082182206074,0.9991163611412048,11.038010553128636,8.161331014481675,-47.65574095155198,-25.834089723899268,88.07337571948754,201.9808411628743,223.80249239052705,249.1748778408196,-4.957904301165193,-2.38618436679309,11.038010553128636,24.462205473050357,27.033925407422462,30.02410560801166,11.106086629687956,8.719285826187955,70.78636540864288,5.2395864005077435,-4.967907632347985,-2.3904029963021842,11.044646344701636,24.518195977620913,27.13386107915212,30.2461707915773,2,-1.4210708466830333,0.0007616669172421098,87.94414897428177,54.570110293521054,0.9992383718490601,10.124959986244107,9.964285446703958,-19.011301833397994,-1.8156948651582354,87.94414897428177,177.70399281372175,194.8995997819615,214.89320904178868,-9.404680620972258,-6.2648310707466734,10.124959986244107,26.51475104323488,29.65460059346047,33.305354251519944,10.184232680530165,10.299928907943457,101.47953028121704,4.609009248258616,-9.406600635343342,-6.265101487258325,10.133013696921333,26.576230895588136,29.764905828737678,33.55011582647863,2,-0.49921689752524223,0.0002703206264413893,88.59270471122252,56.850984679043556,0.9997296929359436,11.172381009789241,8.672011510976416,-22.833177745341274,-4.918843633864881,88.59270471122252,182.10425305630991,200.01858716778628,220.84787205644392,-5.824449225241313,-3.0918085770052404,11.172381009789241,25.436570596583714,28.16921124481979,31.346496552006926,11.19330947171564,8.813454372982166,76.05714111217482,1.6198385716972223,-5.826758317293785,-3.0927800997099455,11.174809892912931,25.45607785596037,28.203971017666984,31.42117386120614,2,-1.508293688710717,0.0005789902643300593,92.26312753199815,61.04791319372688,0.9994210004806519,11.320773483222531,8.251217011951118,-27.38858365903414,-8.151753902522174,92.26312753199815,192.67800896651843,211.9148387230304,234.28181060485446,-4.8513146888258625,-2.2512707456489593,11.320773483222531,24.892817712094015,27.49286165527092,30.515974637224634,11.367638213414766,8.601867581021386,70.20097093396893,3.7911537514947002,-4.855359684087326,-2.2528417014031876,11.325660251336302,24.93170248413082,27.562594697693637,30.67032747745245,2,-1.6826224304098432
108,242,reset,1.1,9.31442133226031,10.1296391214767,9.79207507779804,9.99160705007793,9.971107083117557,0.7504749894142151,10.038655135783351,5.886089857491539,0.2495250701904297,16.291702339276746,8.95810416576839,-1.4978689946665682,0.3568988851261157,10.038655135783351,19.72041138644058,21.575179266233267,23.731747762172148,-1.2658591953875273,1.5569322116035114,16.291702339276746,31.026472466949976,33.84926387394101,37.13136892074844,11.598947776489585,7.303893009683336,46.02479243609151,7.3220686797556205,-1.4572539552553236,0.5516503930957577,11.11556336590316,24.511526151178646,27.94473875089729,31.996536152864024,2,-1.6278406933720273,0.15196503698825836,10.512804474832222,9.266466785854966,0.8480350375175476,11.191163481084843,7.142455428287602,-7.64913668938015,-4.729177026906676,10.512804474832222,25.754785976571114,28.67474563904459,32.06982978197598,-2.807791919541467,-0.5571302354732541,11.191163481084843,22.939457197642938,25.19011888171115,27.806999482113167,11.088077463414999,7.508020023392583,56.31107083584425,0.05930299597041898,-3.730732738710279,-1.2571451739802113,11.108885607384437,23.36595207199484,25.77755809157933,28.64272717506898,2,-1.1169703802974418,0.712142288684845,9.65513309379594,6.2902994891138135,0.28785771131515503,13.444616265372467,10.04267877906989,-2.673627356837839,-0.6914888354839146,9.65513309379594,20.001755023075788,21.983893544429716,24.288557937376048,-6.2386724499092026,-3.074120348689231,13.444616265372467,29.963352879434158,33.12790498065414,36.80738069273677,10.745965046633254,7.7558836109139015,57.20995560707877,2.943774978964094,-3.653117907331068,-1.2635100647457531,10.41301226265914,24.024717015535042,27.477970390671167,31.747417418068736,2,-0.7748579635156965,0.2161833494901657,9.092644472752902,8.078250709185046,0.7838166356086731,11.990118747497142,8.54890102771065,-6.740435975334941,-4.194895505673427,9.092644472752902,22.380184451179225,24.925724920840743,27.885465836034445,-4.765419374213192,-2.0715721143818957,11.990118747497142,26.05180960937617,28.745656869207473,31.877836478697372,11.363732875054652,8.533142923444126,71.39194883710206,1.4225773905696348,-5.298125711645462,-2.6340494803403893,11.341489988564323,25.437837466575253,28.148975429774236,31.30395446633119,2,-1.3926257919370943,0.24659769237041473,9.893703329844222,7.952620239551068,0.7534022927284241,14.36899740561298,7.49159745042077,-5.6931459224001735,-3.187192914949044,9.893703329844222,22.97459957463748,25.480552582088613,28.394264517178012,-0.3142637838838258,2.046416167627971,14.36899740561298,26.691578643597985,29.052258595109784,31.79705920756912,13.265399999734669,7.848620166899227,57.87984070756984,3.720995194517607,-2.33655271188378,0.2358023920815927,13.336453912938456,26.05075749189792,28.461120097734327,31.256839322600573,2,-3.2942929166171115
109,245,reset,1.3,91.2254774513426,23.9566863111494,22.4652361702883,22.5047468137217,22.9755564317198,0.0023467778228223324,76.39542894243868,30.24055970793477,0.9976531863212585,13.94111553497806,7.987332367385802,17.12502104255342,26.6541346257996,76.39542894243868,126.13672325907774,135.66583684232393,146.74549072879785,-1.7137682376491625,0.8031229208166302,13.94111553497806,27.079108149139486,29.59599930760528,32.52242920710361,14.087681432750774,8.655986076092526,65.79386580965624,9.132222023786472,-1.7077396133840412,0.8108619065425354,13.963746849546125,27.24588720316546,29.900667377914356,33.23676034508875,2,8.887874998969025,0.0018306691199541092,76.41853962359711,45.88170446299593,0.9981693029403687,12.575383780494825,7.873059126195179,-13.507948673185581,0.9498516269226798,76.41853962359711,151.88722762027152,166.34502792037978,183.15534525845783,-2.8555285550021186,-0.3746460784307093,12.575383780494825,25.525413639420353,28.006296115991766,30.89085814091682,12.692259123065046,8.554147520860996,65.72538209460737,7.4480532131461885,-2.860515331180964,-0.3746260028861831,12.590511261641856,25.641660845905715,28.21730704360659,31.372566600919043,2,10.283297308654753,0.0020274093840271235,75.50910982614845,36.129501299571125,0.9979725480079651,10.619718750685145,10.032213415441815,4.696588499595947,16.081368573600926,75.50910982614845,134.93685107869595,146.32163115270095,159.55889836456151,-9.043058228800383,-5.881803872055546,10.619718750685145,27.121241373425832,30.28249573017067,33.95813710162221,10.751275658590286,10.564425559234682,103.08771280414913,8.519369667405304,-9.038178948294043,-5.874346161106048,10.643408421340837,27.293490338624803,30.595031218279576,34.67347852708424,2,12.224280773129513,0.0007231567869894207,76.07412779886066,39.43245852666543,0.9992768168449402,11.807238913452352,8.553064984602663,-1.2120707352729596,11.213505371661498,76.07412779886066,140.9347502260598,153.36032633299425,167.8077438605724,-4.956460413799505,-2.2613010480229825,11.807238913452352,25.875778874927683,28.570938240704205,31.704643456915914,11.853713638994423,8.78698560964996,74.2264662974469,2.9846461017570864,-4.956591436866136,-2.2598613480173104,11.814196967878408,25.926982056184617,28.663499762651245,31.910108561146007,2,11.121842792725376,0.0013032386777922511,79.30041130692834,39.53515697626713,0.9986967444419861,12.666771828158012,7.741603439358985,1.8129275103072757,14.270864962419523,79.30041130692834,144.32995765143713,156.78789510354937,171.27293968853832,-2.5064920955770145,-0.06703266749161152,12.666771828158012,25.40057632380763,27.840035751893033,30.67643453097805,12.753611150550894,8.226190607511752,61.89131592227151,5.778893243197392,-2.5057358519343387,-0.0648392272234161,12.678270372846713,25.48618376791392,27.995478065167717,31.027616307153327,2,10.221945281168905
110,250,reset,0.8,95.98909563873539,72.6746826841667,72.7300761411167,72.5981799636283,72.66764626297056,0.27890557050704956,86.58785600235895,18.34557568298681,0.7210944294929504,24.472393592082987,9.616401976939363,50.63118838805099,56.41206930168535,86.58785600235895,116.76364270303253,122.5445236166669,129.26604699053064,5.624592056422056,8.654819922090962,24.472393592082987,40.28996726207501,43.320195127743915,46.84348988705801,41.79674207293019,30.602756552407598,160.55184204717244,775.9768665587533,7.006598961096993,10.232563824507682,29.323829282953042,103.43174001514316,111.22598713869819,119.62760396016479,2,30.87090419004037,0.3260190784931183,86.91370363935314,20.882311531775954,0.6739809513092041,22.6159287117595,8.718376234438885,45.985125123126814,52.5653577771809,86.91370363935314,121.26204950152538,127.84228215557945,135.49322467635866,5.528225288589347,8.275475941415177,22.6159287117595,36.95638148210382,39.70363213492965,42.89790472983459,43.5782307168187,33.19349342183769,193.39679319181096,908.4112689502343,7.046012878508844,10.011731538418966,28.24269461098393,108.25765517742785,116.72832503802375,125.98439547110395,2,29.089415546151862,0.22887441515922546,86.87719049210145,20.887547455424944,0.7711256146430969,21.045033470189303,11.56795419880847,45.9383497540973,52.52023230192472,86.87719049210145,121.23414868227816,127.81603123010558,135.46889210895642,-1.627740134284199,2.01744204987067,21.045033470189303,40.072624890507925,43.7178070746628,47.956119127589204,36.112330534440616,31.111651488997637,203.04568745423762,764.8892097838321,-0.31431677597439484,3.514474124746098,25.43747341589832,103.11526163462268,112.58211549116724,122.58151558077454,2,36.55531572852995,0.29939237236976624,87.08193182023707,23.31191554156661,0.7006076574325562,19.786250571131795,9.766604835090584,41.39141694812696,48.737242990504825,87.08193182023707,125.4266206499693,132.77244669234716,141.31355698018018,0.6440568431194933,3.721615185131256,19.786250571131795,35.85088595713233,38.92844429914409,42.50677096584177,39.93406482021724,34.34324367309005,229.53197078239913,949.9264627334844,2.168393243213614,5.464201157351849,25.24698024023096,109.60286455975672,119.29649788158954,129.81281180519682,2,32.73358144275333,0.2790357768535614,89.26849474337878,19.608382779829576,0.7209641933441162,21.020974732409776,8.812132262431492,50.836770699837416,57.0155752093233,89.26849474337878,121.52141427743425,127.70021878692015,134.88441433661436,3.749512871040583,6.526307019373249,21.020974732409776,35.5156424454463,38.29243659377896,41.52105988688398,40.064473870525624,33.17059541762378,163.2716153512918,937.0167371708349,5.016582495135417,7.972848961479955,25.472997233020802,107.27809319901714,115.60766344348076,124.58670569062026,2,32.60317239244494
111,251,reset,0.9,72.5981799636283,47.118025943185096,46.7470591425093,46.939982538326504,46.93502254134031,0.13211409747600555,66.47838351463383,15.670069126897543,0.8678858280181885,17.91317308770627,8.139714459031547,35.76561239066163,40.70341347667611,66.47838351463383,92.25335355259155,97.19115463860602,102.93241551406496,1.9596259035645058,4.524534237418884,17.91317308770627,31.301811937993648,33.86672027184803,36.8489805147738,24.3293206973567,18.98360314367413,89.94249094803183,270.4346532673153,2.45828636841414,5.091406126490357,19.47139560660173,71.32870687180679,80.27961786294703,88.95968795821268,2,22.60570184398361,0.12831859290599823,66.64728455637194,18.928571431519124,0.8716813325881958,17.771016463902257,7.35919298655572,29.547966271800675,35.51255518422768,66.64728455637194,97.78201392851619,103.74660284094321,110.68172646471666,3.3472632549732833,5.666221188530239,17.771016463902257,29.87581173927427,32.19476967283123,34.89105942283242,24.0427490879804,18.983887680419016,93.18364818802853,267.20430020637355,3.7768911534742218,6.156462809086413,19.11994536881878,71.9514457472716,82.9305216614046,93.50944484843215,2,22.89227345335991,0.10578339546918869,65.49191763305186,17.57440366250831,0.8942165374755859,14.550914774881349,10.797748965552994,31.04671940476674,36.58459602726582,65.49191763305186,94.39923923883788,99.93711586133696,106.37609423086363,-6.61228431170715,-3.2098017740200078,14.550914774881349,32.3116313237827,35.71411386146984,39.67023512532224,19.9396260501094,19.555009018567745,136.9301665493499,245.46818450651682,-6.091597589230092,-2.618434867124976,16.149664159231236,66.69736585312914,78.11305672284644,88.5733388094597,2,26.99539649123091,0.08532433211803436,65.79696349578015,20.26053479234211,0.9146757125854492,15.344216281139929,8.543253751226828,26.087044995268897,32.47134935861972,65.79696349578015,99.12257763294056,105.50688199629138,112.9300155368757,-1.4002533820513747,1.2918143624677043,15.344216281139929,29.396618199812146,32.08868594433123,35.2187964826979,19.649063926689045,17.33331934804435,101.78432794701355,198.6596489336513,-1.0782026964848066,1.6589009453864227,16.330628020423376,61.395035659256195,76.83169202435515,89.88876731271262,2,27.285958614651264,0.09336094558238983,67.82800118818963,17.27978570220421,0.906639039516449,16.868241793403143,7.448409004802052,33.9602435512992,39.405283002974826,67.82800118818963,96.25071937340442,101.69575882508005,108.02679392039371,2.2696284018672923,4.616699226836477,16.868241793403143,29.119784359969806,31.466855184938993,34.19583224671105,21.625892865795095,17.262372598984957,78.17598049037579,219.81352028684717,2.5833748965242243,4.973125249809209,17.828525452253473,66.2858951173561,78.5336598896162,89.29021497312557,2,25.309129675545215
112,253,reset,1.1,15.605181419597098,20.203554855884,20.167035488133997,20.519142513242,20.296577619086666,0.6117039322853088,16.053575874412807,6.645704015963636,0.38829606771469116,16.04528830346372,8.760589247941377,3.0282353512108777,5.122365520109051,16.053575874412807,26.98478622871656,29.078916397614734,31.513795283454492,-1.1251511058502217,1.6354013047552716,16.04528830346372,30.455175302172165,33.21572771277766,36.42546647575719,16.05035784320237,7.537709941130122,56.81705484267471,1.6313937101523906e-05,1.161448921673846,3.691621703641701,16.050882193602927,28.40722740477252,30.936046612160098,33.988611294299666,2,4.2462197758842954,0.10918422043323517,16.27479869143692,10.299867233442944,0.8908157348632812,11.597277510638605,7.14050456405515,-3.9125701316554604,-0.6669752846103378,16.27479869143692,33.21657266748417,36.4621675145293,40.235872932859834,-2.397854266353372,-0.14780731981105433,11.597277510638605,23.34236234108826,25.59240928763058,28.208575122807225,12.10798849588531,7.689665015749128,57.002903876644325,2.1280376241096994,-2.533920266339128,-0.1901430373516767,11.954072570062285,24.88198828696833,27.755117083282347,31.489859362790146,2,8.188589123201355,0.556634783744812,15.367528676473071,7.133903467688106,0.443365216255188,12.933564758877836,10.06916961347008,1.3853348106189785,3.6333016833246,15.367528676473071,27.10175566962154,29.34972254232716,31.96346984214188,-6.801645037748624,-3.628745400227988,12.933564758877836,29.495874917983652,32.66877455550429,36.35795608253059,14.288393737791134,8.645381062093225,73.280570421716,1.4620432870841138,-3.5061779583021915,-0.2666092406919418,14.490309103136036,28.095194319717443,30.851983324355995,34.198995009375054,2,6.0081838812955315,0.1421705037355423,14.82730930031687,9.076766851482029,0.8578294515609741,11.941764978190584,8.50003144644307,-2.9628268246549325,-0.10264357633624677,14.82730930031687,29.75726217696998,32.617445425288665,35.94302656842646,-4.71799052429574,-2.0395425756928756,11.941764978190584,25.923072532074038,28.601520480676903,31.715795062903712,12.352003734180016,8.643333324819489,73.69173677240094,1.0154673710344495,-4.518477487400046,-1.816946451553113,12.32534440677351,26.611010020433582,29.37810855980561,32.61319990347624,2,7.944573884906649,0.16589701175689697,15.799260406213683,8.789649056437922,0.834102988243103,14.306702305203615,7.363786306476737,-1.4281351811511165,1.341574276101177,15.799260406213683,30.256946536326183,33.02665599357848,36.24704180222312,-0.12605364534002028,2.194351690899765,14.306702305203615,26.41905291950746,28.739458255747245,31.437430924166826,14.554313234034733,7.639021388989683,58.046385255792934,0.3082625256489049,-0.3371865380091564,2.0637293254120572,14.519264014134004,27.161038429975786,29.65783158780331,32.617077993493524,2,5.742264385051932
113,254,reset,1.4,20.519142513242,11.6740820435807,11.0809303504799,11.2124492272268,11.322487207095799,0.09340282529592514,19.004870372597964,8.478944390701528,0.9065971970558167,14.48823929917112,9.046753943510028,2.386444739905052,5.058247938832709,19.004870372597964,32.95149280636321,35.62329600529087,38.72984463001698,-3.2430726071042457,-0.39234673694888933,14.48823929917112,29.368825335291124,32.21955120544648,35.53413610262626,14.910105726085938,9.090749178153015,80.91428304409604,1.7274425450373643,-2.932206558370891,-0.061441173197792666,14.920593467711775,29.84573026049171,32.69332145953327,35.998891567524126,2,-3.587618518990139,0.0033309210557490587,18.374476115457846,16.454001009741326,0.9966691136360168,9.141805098758262,8.20506697000315,-13.874773265220846,-8.689947123278372,18.374476115457846,45.43889935419405,50.62372549613653,56.65220638393543,-6.939830653187105,-4.354329066231152,9.141805098758262,22.63793926374767,25.223440850703625,28.229645200787814,9.172558714193954,8.263392692254724,68.00067238475924,0.2829893204702123,-6.9572725154925505,-4.363305639535565,9.15640026074842,22.73076384007051,25.37174806039403,28.506842210147365,2,2.1499284929018447,0.07467900961637497,18.028893628100363,9.301259599359579,0.9253209233283997,10.404005612261393,9.8708298287501,-0.2012401975018676,2.729683040876557,18.028893628100363,33.32810421532416,36.259027453702586,39.66685912297248,-8.942465349612476,-5.832064632578994,10.404005612261393,26.640075857101774,29.75047657413526,33.36698959939311,10.973424000077074,10.03171560639583,96.61779128900378,4.0175186440775725,-8.63921407385666,-5.499297564471282,10.956401873381397,27.505014042384037,30.676267862977365,34.35971357771127,2,0.34906320701872495,0.006410363130271435,17.320231389545732,11.577431883388284,0.9935896396636963,9.727865461930477,9.430429432351767,-5.371118135361037,-1.7229494346291077,17.320231389545732,36.363412213720565,40.011580914452495,44.25336543831871,-8.755436584225496,-5.783810593583246,9.727865461930477,25.239541517444195,28.211167508086447,31.666324923174184,9.776535311723734,9.465161497803036,89.22213209525195,0.36715035129030754,-8.742166364564207,-5.7679575957737885,9.764923776678746,25.35506987299855,28.36464495288346,31.88725765519338,2,1.545951895372065,0.0067553031258285046,18.559217483172006,12.36127371526122,0.9932447075843811,12.630463276712085,7.554779372791051,-5.668433801781617,-1.7732684211153185,18.559217483172006,38.89170338745932,42.78686876812562,47.31584031110687,-2.176632205104477,0.20395702455855158,12.630463276712085,25.056969528865615,27.437558758528645,30.205508209452145,12.67051394381016,7.612962419635081,57.72135280827816,0.23584571393544135,-2.195698384410793,0.1945892130349382,12.65410651326191,25.18129746391808,27.623753197057393,30.522471970597156,2,-1.3480267367143615
114,255,reset,1.0,11.2124492272268,12.0246751143216,11.3799925165169,12.0716874746344,11.8254517018243,0.8667011260986328,12.1303158621755,5.87925678982359,0.13329890370368958,16.28870544296693,8.891293549476815,0.6071842982586872,2.4597990076550946,12.1303158621755,21.8008327166959,23.653447426092313,25.807512396121787,-1.1379096899809333,1.6638289998197546,16.28870544296693,30.9135818861141,33.71532057591479,36.97294728926536,12.684624995979426,6.518728703436422,40.49605508683227,1.9977736173586735,0.4138694730580786,2.3810020838600243,12.504140159340226,23.56327474083554,26.184826594208307,29.69119269398084,2,-0.8591732941551271,0.35823750495910645,12.678690254251691,8.568127270190589,0.6417624354362488,11.666851611123569,6.879214107858026,-4.114530610277356,-1.4146249623031206,12.678690254251691,26.772005470806498,29.471911118780735,32.61113491377092,-1.8161602822180036,0.3515513352375539,11.666851611123569,22.98215188700958,25.149863504465138,27.670296726010847,12.02932946666045,7.543547445956991,56.669720346905635,0.2353790974223209,-2.6751743018364365,-0.26655731736776567,11.97982783841233,24.497403962742542,27.032694617534606,30.066151635503953,2,-0.20387776483615028,0.8532643914222717,11.673502415626523,6.240312555399953,0.14673562347888947,13.547801710624519,10.223960028280185,-0.557285445230498,1.4091016755660952,11.673502415626523,21.937903155686946,23.904290276483543,26.190640262231568,-6.490791724181761,-3.269116023699027,13.547801710624519,30.364719444948058,33.5863951454308,37.332289386692665,11.948529065212838,7.0003869055567485,48.565576586670836,0.4398423682188125,-1.5236419711997207,0.7775051519499321,11.850831942174866,23.422393174697074,26.096420604220135,29.709997641816734,2,-0.12307736338853914,0.4498618543148041,11.133127431392701,8.032570373101022,0.5501381754875183,12.224631647002894,8.42177931399943,-4.6104212031687695,-2.079275080545461,11.133127431392701,24.34552994333086,26.876676065954168,29.819680441939706,-4.281752494180434,-1.6279626030139553,12.224631647002894,26.077225897019737,28.73101578818622,31.8166200497666,11.73360590089848,8.266814317684684,68.04537263061565,0.2948504355703194,-4.436691120002521,-1.8413669461195465,11.720875805781251,25.352163457321517,27.976004877183186,31.032718892964187,2,0.09184580092581918,0.480148047208786,11.943361401801774,7.651301046200342,0.5198519825935364,14.31783692764703,7.506102140397204,-3.052913083624537,-0.6419088749384585,11.943361401801774,24.528631678542,26.93963588722808,29.7429493242764,-0.39385293181050685,1.9713975977464742,14.31783692764703,26.664276257547577,29.02952678710456,31.77964168429347,13.177737567472168,7.668481312565906,57.39829926076619,1.40731155566213,-1.8853622259471203,0.5440897405076114,13.189473874500678,25.771225838987338,28.174722142939792,30.966861469682303,2,-1.3522858656478682
115,257,reset,0.6,112.0421063198,104.20391956789999,104.6048192067,104.5614077646,104.45671551306667,0.9639986157417297,103.45667068584572,14.955397246752401,0.03600136563181877,37.69090212127382,14.873058961455557,74.14463070772152,78.85723128202497,103.45667068584572,128.05611008966648,132.7687106639699,138.24812727626443,8.540242216880223,13.226897144660544,37.69090212127382,62.15490709788709,66.84156202566741,72.29081121674002,101.08901127866433,19.33082213983341,223.57548242633948,150.1050118320438,45.19698097956113,70.99833448364019,102.7564197041892,127.78933148041439,132.53354573257894,138.0420009013867,2,3.367704234402339,0.9224284887313843,103.02657284092018,16.428478403379692,0.07757148146629333,30.049251657517324,12.584667841294424,70.82734684950188,76.00413055382715,103.02657284092018,130.0490151280132,135.22579883233846,141.24492864834838,5.3837559311808185,9.349315114784627,30.049251657517324,50.74918820025001,54.71474738385382,59.325566935622746,97.36561085285098,25.34402267440239,261.24404247646936,381.07516031628575,24.243289802662524,34.70787078526775,101.29183438741944,129.40060509636362,134.65471480159437,140.7447046355253,2,7.0911046602156915,0.9616468548774719,105.38764301904112,16.630516761574345,0.038353122770786285,32.824997191092486,13.297508444896403,72.7924291220657,78.0328772056883,105.38764301904112,132.74240883239395,137.98285691601654,144.07601033153017,6.762359554978307,10.952542196086796,32.824997191092486,54.69745218609816,58.887634827206654,63.75962769191736,102.60463659943133,21.60892421301552,272.7483438899052,194.19702644125232,37.99199455807497,67.99504527231001,104.55600906618771,132.4259152513014,137.70380818078178,143.8314745787223,2,1.8520789136353386,0.9806601405143738,104.49614993416984,19.025372623141926,0.019339900463819504,26.147301307021493,13.837678833324457,67.20710480035731,73.20219677089159,104.49614993416984,135.79010309744808,141.78519506798233,148.75578508885087,-0.9740508359266826,3.3863450894381337,26.147301307021493,48.90825752460484,53.26865344996966,58.338556042585786,102.98089528232936,21.79656014356819,358.6676853678804,116.42278330070016,56.7442153686223,69.06601466552277,104.02585076064734,135.6096266425013,141.62603952734204,148.61618116750395,2,1.4758202307373125,0.9536183476448059,106.03059254274075,15.730289452938575,0.046381622552871704,27.923717357930975,12.389294695758062,75.19979174859087,80.15656888307824,106.03059254274075,131.90461620240325,136.86139333689061,142.62471796963146,3.6411459603920413,7.545141042242683,27.923717357930975,48.30229367361926,52.2062887554699,56.74552673427321,102.40786577917675,22.64774542897088,243.084566830781,269.83549363668163,29.136696054285927,64.14901112467112,105.07110786623073,131.54075022243973,136.540648666111,142.34366557525667,2,2.0488497338899236
116,258,reset,1.3,104.5614077646,13.8287205100807,13.880198342482199,14.3663278559793,14.025082236180731,0.0016108648851513863,85.97805676245565,37.219766413822455,0.9983891248703003,14.65261329850275,8.055447642143022,13.028655078370093,24.756988982393175,85.97805676245565,147.19912454251812,158.9274584465412,172.56418123154822,-1.1357739594456753,1.402581027606109,14.65261329850275,27.902645569399386,30.441000556451172,33.39238679524948,14.767508800687278,8.67173800837656,67.01725551090502,8.181782340893585,-1.133000321411851,1.4073415188489529,14.668001914380378,28.01628871781797,30.647781485167638,33.867588814061286,2,-0.7424265645065464,0.0019919979386031628,86.4691717044123,55.004527703416244,0.9980080723762512,13.171189819936096,7.986263282259895,-21.337721580919208,-4.005225187304674,86.4691717044123,176.94356859612924,194.2760649897438,214.42883778987522,-2.4815985843479407,0.03495569432153367,13.171189819936096,26.307423945550653,28.823978224220127,31.750016428151827,13.317200174884038,8.964430067296355,69.6801411849981,10.680877716634969,-2.490605800421935,0.032693659375492,13.18751726851412,26.43529178206119,29.057277496315866,32.286626862100796,2,0.7078820612966936,0.001410391996614635,86.02500573661699,45.41540180534287,0.9985895752906799,11.69631340715398,10.10532759969275,-2.9875461452704,11.323317357640306,86.02500573661699,160.72669411559366,175.03755761850437,191.67702917518693,-8.109764740222406,-4.92547134673346,11.69631340715398,28.318098161041412,31.502391554530362,35.20482078518544,11.801145617316232,10.614316613740433,104.88263295892575,7.781079661998866,-8.108364670775648,-4.921752747411901,11.712380949043984,28.436630770967845,31.717364670646766,35.69004970070452,2,2.2239366188644993,0.0006348523311316967,86.72415715183453,47.86434155959401,0.9993651509284973,12.803343850953908,8.539174082043528,-7.088228448693471,7.994321335892209,86.72415715183453,165.45399296777683,180.5365427523625,198.07326638136072,-3.933129807569287,-1.242347609065403,12.803343850953908,26.849035310973214,29.5398175094771,32.668433322780515,12.850272693331274,8.820003304938307,74.32564603892487,3.4668127984587116,-3.934286554838815,-1.2418468553832014,12.809311117388152,26.89445894163471,29.62078216253504,32.84892665746588,2,1.1748095428494576,0.00127454474568367,90.23263086582152,48.80100421144266,0.9987254738807678,13.152032736601768,8.055214950434351,-5.415579797993615,9.962122089755965,90.23263086582152,170.50313964188706,185.88084152963663,203.76074326416926,-2.635898453978161,-0.0976167904939036,13.152032736601768,26.401682263697435,28.939963927181694,31.89126491148672,13.250275652917221,8.683439071596817,67.83916513398843,7.56295224638827,-2.637609084176771,-0.09649065540574098,13.16344619887234,26.488152883903254,29.096398084526097,32.246723029121334,2,0.7748065832635103
117,260,reset,0.1,13.7476508701576,13.8726905958556,13.809701757395,13.8326725235124,13.838354958921,1.0,15.158201232494093,4.308752369466875,4.346336623939351e-08,18.550693618475414,17.367845465984853,6.713201770037395,8.070934269940752,15.158201232494093,22.245468195047433,23.60320069495079,25.18185814697179,-15.489657983912181,-10.016869988582464,18.550693618475414,47.118257225533284,52.591045220863,58.95434399493913,15.158202038769684,4.308752790003282,18.565360091765566,5.002204938110859e-07,6.713142908935871,8.070878970539567,15.158201023935083,22.245510773929613,23.603243274664173,25.182066967765998,2,-1.3198470798486834,0.9999980926513672,14.534345396245314,4.276113575184946,1.9604963199526537e-06,8.34079811102616,8.405993739013653,6.153316795080009,7.500764472845925,14.534345396245314,21.567926319644698,22.91537399741062,24.48207312103399,-8.13464687170979,-5.485831178721819,8.34079811102616,22.167427400774134,24.816243093762107,27.89606377498119,14.534334026285496,4.276133176024498,18.285250961832848,7.520454683497594e-05,6.153240196815451,7.500716133284908,14.534339469747351,21.56796129906211,22.915419309250098,24.48208306329454,2,-0.6959790673644957,1.0,15.150363195991481,4.042665798562384,1.1696662527427293e-09,12.639044774030019,15.593675646492205,7.226883829277351,8.500769694673473,15.150363195991481,21.79995669730949,23.07384256270561,24.5550101819347,-17.923997879694053,-13.010269170607536,12.639044774030019,38.28835871866757,43.20208742775408,48.91535896272959,15.150363210774945,4.0426658014464225,16.34314704328526,7.376758108111306e-09,7.2266845556769495,8.50058537224337,15.150362985675699,21.800048649673496,23.074003473674168,24.555085187740772,2,-1.3120082518539444,1.0,12.995813753190134,5.7240968058291255,8.586829913781457e-09,6.901970902893922,17.227136861792083,1.7767901697442827,3.580512361100757,12.995813753190134,22.41111514527951,24.21483733663598,26.31205418823469,-26.862596902960938,-21.4341476462142,6.901970902893922,35.23808945200203,40.666538708748774,46.978284117134535,12.995813812456184,5.724096929602487,32.76528679085316,3.188712574910547e-07,1.7766120962857905,3.5804275636465026,12.995813722132366,22.41116574906766,24.21499556769627,26.312157081653375,2,0.842541146464816,0.9999997615814209,12.689490607491322,5.097818238260647,2.973854975607537e-07,8.447418460510235,14.688855017935419,2.6979504607690235,4.30432578874893,12.689490607491322,21.07465542623371,22.68103075421362,24.548789228315602,-20.342208348773642,-15.713597991505178,8.447418460510235,32.60843491252564,37.23704526979411,42.61880510357843,12.689490094220744,5.097823517489713,25.987808759007308,5.35150336668268e-06,2.6978040997295745,4.304207029434658,12.689489849771348,21.07478747803411,22.681187674433385,24.548820468434247,2,1.148864864700256
118,262,reset,0.6,14.0782451974178,13.4345672759467,13.385047804029,13.5465964989092,13.4554038596283,0.9988399147987366,15.163221033813045,5.409246193394891,0.0011601665755733848,15.566176795717233,9.825720776025136,4.561293311248672,6.265802813534011,15.163221033813045,24.060639254092074,25.765148756377414,27.74700941598076,-3.6918820474389875,-0.5956956601401515,15.566176795717233,31.72804925157461,34.824235638873446,38.42422143394223,15.16368976351609,5.416472822773121,29.33800838926611,0.000188161578064673,4.549796721281876,6.258366355121927,15.16347791277836,24.06938555367964,25.778605200405625,27.770074369712503,2,-1.7082859038877896,0.9921131134033203,15.851884752761741,6.189028167298114,0.007886931300163269,11.282055888204482,6.460897811550465,3.7216124455535002,5.671839324476611,15.851884752761741,26.031930181046867,27.98215705996998,30.24971727213459,-1.3810711302280865,0.654824689512866,11.282055888204482,21.909287086896093,23.945182906637047,26.312351776500027,15.815843535087945,6.204400921079972,38.33119555688362,0.16340641478432072,3.6418789088689763,5.6045441092875965,15.819970282754168,26.013533674627958,27.96528969251697,30.234396390628177,2,-2.360439675459645,0.9996102452278137,14.836317279032741,5.474563044182037,0.0003898002323694527,12.665152351498278,11.709125304787518,4.106370881341984,5.83146239983542,14.836317279032741,23.84117215823006,25.566263676723494,27.572055378168177,-10.284311536351847,-6.594644874510742,12.665152351498278,31.92494957750729,35.61461623934839,39.90465111116853,14.835471632901177,5.478542602525781,30.012602267745617,0.0018367853314886873,4.098720480450768,5.826698533453194,14.835923421788053,23.84369430757769,25.570378881900936,27.57948812828946,2,-1.3800677732728772,0.9983920454978943,14.0675211633691,7.18321970177109,0.0016079634660854936,11.173107180818157,9.618780763385285,-0.011330745140787357,2.2521761837216463,14.0675211633691,25.88286614301655,28.146373071878983,30.77818904535256,-7.679356690603694,-4.648379244687186,11.173107180818157,26.99459360632349,30.025571052240004,33.549737360584444,14.062867177530407,7.188733880168401,51.664447306718806,0.013449265916798143,-0.030638834974994204,2.2379372377790085,14.064095605479796,25.88434233722732,28.149133826847716,30.782898194435365,2,-0.6074633179021074,0.9952923059463501,14.60021371917793,6.375756419633065,0.004707749467343092,12.28841943230504,8.555412073106847,2.103960762497076,4.113027647785346,14.60021371917793,25.087399790570508,27.09646667585878,29.43244111139355,-4.479880103883545,-1.783981146209177,12.28841943230504,26.360820010819253,29.056718968493623,32.1912841201205,14.58933117990706,6.389719460806851,40.8034849673291,0.02504161521081523,2.0566931330695235,4.078173302383815,14.592189661319333,25.09247924668235,27.105096397172236,29.446588944339553,2,-1.1339273202787599
119,263,reset,0.6,13.5465964989092,14.3758384707788,14.0642406695366,14.9795072850587,14.4731954751247,0.998904824256897,14.626626749539312,5.364482576194099,0.001095194835215807,15.54975149863455,9.842503395360142,4.11243410450623,5.802838127368467,14.626626749539312,23.450415371710154,25.140819394572393,27.10627938599759,-3.7412006739845296,-0.639725909505767,15.54975149863455,31.73922890677486,34.84070367125362,38.44683834767037,14.627638030249988,5.371515776245209,28.852253561205515,0.0009322583429114847,4.102576821342774,5.796486487917056,14.62717711937284,23.459631350417776,25.154951235185592,27.13068011690013,2,-0.15444255512528926,0.9923930168151855,15.33470113535624,6.145511936145509,0.007606992963701487,11.209133332419505,6.454847106717244,3.2897190739500246,5.226233537713732,15.33470113535624,25.443168732998743,27.379683196762453,29.631299762900955,-1.4421345224588666,0.5918546575184251,11.209133332419505,21.826412007320577,23.860401187297875,26.225353176389838,15.303318120064338,6.15836451878956,37.79696736336792,0.12848847305092825,3.222089893397984,5.168818379350735,15.306689777794508,25.426686352603028,27.36455194764266,29.617525780761174,2,-0.8301226449396388,0.9996347427368164,14.31527227599728,5.42816878400113,0.0003652478917501867,12.676482924854263,11.707654232127744,3.6762569573504837,5.386729163928255,14.31527227599728,23.243815388066302,24.954287594644075,26.943081186593165,-10.270097713564063,-6.580894601954817,12.676482924854263,31.933860451663335,35.62306356327258,39.91255945776989,14.314673577487133,5.43187819669975,29.50431826087034,0.0009805626125394158,3.6695121737820124,5.382545505875964,14.314995709578948,23.24645835281196,24.958437234148185,26.95075090013549,2,0.1585218976375664,0.9984654188156128,13.544873973460305,7.128194956544108,0.0015346287982538342,11.151079992940964,9.620459313481891,-0.4261314161462053,1.820036645571534,13.544873973460305,25.269711301349073,27.515879363066812,30.127535156365333,-7.704673776216481,-4.673167401778802,11.151079992940964,26.975327387660723,30.006833762098406,33.53161506415597,13.541201033204535,7.133301895122757,50.875224346774054,0.008780310862818119,-0.4428789709958227,1.807715678692023,13.542178312112759,25.27197040608387,27.519526156812503,30.133439807366777,2,0.931994441920164,0.9955047965049744,14.075019167405792,6.338034428148706,0.004495216533541679,12.252087827810577,8.571536960150778,1.6526999554594077,3.649880250522088,14.075019167405792,24.50015808428949,26.497338379352172,28.81949208492719,-4.547815906238888,-1.8468358296420337,12.252087827810577,26.351011485263182,29.05199156186004,32.19246461231983,14.066824879825894,6.351003260694526,40.320374188537244,0.014870808818947222,1.6121449219732507,3.620059283236161,14.068997688465581,24.50752315580634,26.508710330833743,28.83730702223903,2,0.4063705952988048
120,264,reset,1.4,14.9795072850587,12.091192255639701,12.5678238322889,12.7443652382145,12.467793775381033,0.14262428879737854,13.941812889696308,7.5709546883786585,0.8573757410049438,14.741817069817046,9.171648156406352,-0.8969856281105333,1.4887006110314136,13.941812889696308,26.394925168361198,28.780611407503145,31.554487233465537,-3.234282995612592,-0.3442016653707327,14.741817069817046,29.827835805004817,32.71791713524668,36.07826125992356,14.62771748193278,8.965215494734261,80.29683356092262,0.0782616829071251,-2.9292622274827163,-0.08370714605238508,14.60777906685183,29.40802140864097,32.28653494647139,35.648510518637096,2,-2.159923706551748,0.004278127104043961,13.527820480804984,14.896747409642959,0.9957218170166016,8.982174264163135,8.20609066943975,-15.669267928885567,-10.975148525726198,13.527820480804984,38.03078948733615,42.72490889049553,48.182837147351286,-7.1014679018089595,-4.515643736557477,8.982174264163135,22.47999226488374,25.065816430135225,28.072395847200674,9.001620614529845,8.251619767830483,68.00120393456346,0.08802033042937452,-7.1365194768772895,-4.537137498387601,8.992744942430742,22.556631989780218,25.183352782843844,28.278167541808244,2,3.466173160851188,0.1154211014509201,13.257068188998915,8.269354718295444,0.8845789432525635,10.843477403048347,9.844805098175017,-2.950569234246526,-0.344809911937622,13.257068188998915,26.858946289935446,29.46470561224435,32.494463957595116,-8.451986024191005,-5.349785969315182,10.843477403048347,27.036740775411868,30.13894083028769,33.74591881353423,11.122057194755767,9.706754013228677,93.62630898150903,0.5947700216498837,-8.030925541683477,-4.917089366747885,11.16507184079474,27.013202378348144,30.05425999158746,33.601109865154775,2,1.3457365806252657,0.009243447333574295,12.536285810175912,10.365554013618334,0.9907565712928772,9.853164543991731,9.467244430457745,-7.779826736320633,-4.513533304485602,12.536285810175912,29.586104924837418,32.85239835667245,36.65017035301243,-8.702293572542871,-5.719066794682822,9.853164543991731,25.42539588266628,28.408622660526326,31.877268497812096,9.877966017634789,9.479416011289178,89.79339996759427,0.0659297649527079,-8.695179422791119,-5.709811799307766,9.87558998852897,25.47356016238758,28.46516857573183,31.946038422117905,2,2.589827757746244,0.00945658702403307,13.56775988739551,11.190322931130051,0.9905434250831604,12.861408716956724,7.59789577763309,-8.364870032992087,-4.838683372631991,13.56775988739551,31.974203147423005,35.50038980778311,39.600343848060376,-2.0301933654930817,0.36398228991765436,12.861408716956724,25.35883514399579,27.753010799406525,30.536757406437342,12.868088543985069,7.640089512722984,58.36629619158038,0.004673575641647618,-2.1000294931537917,0.3157439792647564,12.865954764587615,25.425926949406726,27.84846237973576,30.68446035977445,2,-0.4002947686040361
121,266,reset,0.4,114.0961061166,115.5399232606,118.3490777056,116.46215911520001,116.78372002713333,0.9997146725654602,109.29189867439065,10.613114218188318,0.00028527004178613424,47.506609229340654,22.407540125009696,88.49057704293156,91.83487925935336,109.29189867439065,126.74891808942795,130.09322030584974,133.98169437282567,3.5886376021855,10.6494855836578,47.506609229340654,84.36373287502349,91.4245808564958,99.6343425616418,109.27426690972588,10.669520088072929,112.74928811747544,1.0886854731682227,88.44155111946395,91.80748288202467,109.2881260204077,126.7476058246655,130.0920605033631,133.98072221325057,2,7.509453117407446,0.9971083998680115,107.68379581248158,11.500127087157964,0.002891645533964038,34.6485768976778,17.44116856848816,85.14396090401844,88.76777006276693,107.68379581248158,126.59982156219623,130.2236307209447,134.437092012891,0.4645146551489887,5.960407519528022,34.6485768976778,63.336746275827565,68.8326391402066,75.22280231776816,107.47260873694157,12.170844162627318,132.75012271666375,15.37984932353355,84.56044334467872,88.45382224317275,107.64199711321224,126.58371106993131,130.20942441828623,134.4247133738885,2,9.31111129019176,0.9998230338096619,111.96251078011238,11.204849233339491,0.0001769802183844149,40.64305822714806,15.23112755622695,90.00140983056573,93.5321738792095,111.96251078011238,130.39284768101527,133.92361172965903,138.02888797303984,10.790596773007664,15.590082823727638,40.64305822714806,65.69603363056848,70.49551968128844,76.07595943682149,111.94989021843978,11.245770496769588,125.56748562979504,0.9000442466039438,89.96814429838004,93.51385701563804,111.96002478604692,130.39191619061074,133.92277155031692,138.0282614163182,2,4.833829808693551,0.9999072551727295,109.94235196538911,13.57763900501047,9.272046736441553e-05,29.25551214333654,20.057391328633212,83.33066852048233,87.60912320255986,109.94235196538911,132.27558072821836,136.55403541029588,141.5286635991892,-10.056252484610546,-3.7359607307508185,29.25551214333654,62.24698501742389,68.56727677128362,75.9159818195076,109.93486796570528,13.600601722036272,184.3724845763057,0.60358821923784,83.30957760055854,87.59744355946316,109.94077454097926,132.27505562235942,136.55357139401212,141.5282534148801,2,6.8488520614280475,0.99928218126297,110.32184836877573,11.048991894626779,0.0007178172818385065,32.142698995171095,16.681171513288014,88.66622218983227,92.14787397674145,110.32184836877573,128.49582276081,131.9774745477192,136.0256471731352,-0.5517963908089314,4.704613529739717,32.142698995171095,59.58078446060246,64.83719438115111,70.94890688161931,110.26572986373651,11.250621501938905,122.19233131824403,4.384135168655896,88.53223199537004,92.07427775944551,110.3119010175288,128.4920755102739,131.97410991686039,136.02279479771803,2,6.517990163396817
122,273,reset,0.8,115.8526780273,96.8576473471175,96.6335761090877,96.7968939812659,96.76270581249037,0.3507533073425293,102.51326501729997,21.390366141960765,0.6492467522621155,30.746067510754948,11.332733858875736,60.58891776293188,67.32924368687583,102.51326501729997,137.69728634772412,144.43761227166806,152.27469781660557,8.534317300980874,12.105379119707433,30.746067510754948,49.38675590180246,52.95781772052902,57.109948830421175,55.91865122748857,37.64008948581076,243.86970799361748,1172.9068148837232,10.705842138455923,14.590776099872912,39.09336534048145,125.37809189808549,133.87924710487175,143.22249805838592,2,40.8440545850018,0.4025580585002899,102.9726171808191,24.581797042679195,0.5974419116973877,26.271709965083005,10.329027899026839,54.79318030189466,62.53915915818324,102.9726171808191,143.40607520345495,151.15205405974353,160.15842847115925,6.027187287680974,9.281970962485758,26.271709965083005,43.261448967680245,46.51623264248503,50.30062205889263,57.148277476102635,41.49566740106738,306.99201389620004,1414.8983018316385,8.401202738373746,12.005711326113639,36.3187048853088,131.3453627716721,140.76366128304255,151.21913400532077,2,39.61442833638773,0.2649928331375122,104.31065646074715,25.000572959141962,0.7350072264671326,27.370893727487122,12.054671051348897,55.310433867962935,63.18837335303758,104.31065646074715,145.4329395684567,153.31087905353138,162.47068621404998,3.7441726213656885,7.542724326968962,27.370893727487122,47.19906312800527,50.99761483360855,55.4142521000543,47.759381066534075,37.75487450418713,272.43575662083276,1152.9949281618065,5.370806905377525,9.399084960893198,32.991503690909624,126.38005598314459,137.17342155999026,148.75105679896768,2,49.00332474595629,0.40502509474754333,104.2145742360756,26.997266652085543,0.5949749946594238,23.923269975929337,10.854329791556232,51.30090391696369,59.80802226561666,104.2145742360756,148.62112620653454,157.1282445551875,167.0196081170685,2.649174508158964,6.069486250160644,23.923269975929337,41.77705370169802,45.1973654436997,49.17421701065434,56.443265230205924,43.80438209868249,365.3013717911965,1553.5228040926668,5.159693642145873,8.951289204070282,34.584553443545055,135.47514413262437,145.80269552803287,157.27227005599545,2,40.31944058228444,0.3987028896808624,106.72734788172596,23.387229851137306,0.6012970805168152,24.642133188461628,10.392473490639762,60.88921967533678,68.25877803673501,106.72734788172596,145.1959177267169,152.56547608811513,161.13418032562373,4.27325943652043,7.548035474385781,24.642133188461628,41.73623090253747,45.01100694040282,48.81864179943723,57.36974475234731,43.570337054377774,283.01772970955744,1615.3564432345138,6.6345537653129005,10.256275452373918,34.59365520223883,133.58474210678648,142.56762953955499,152.5330654509587,2,39.39296106014306
123,274,reset,1.4,13.4875809052541,11.3899899528899,11.1869361644336,11.2924923784146,11.289806165246034,0.15959572792053223,12.559344621975143,7.343413895239844,0.8404042720794678,14.810653472748818,9.206897708435108,-1.8334821362659444,0.4805036421840416,12.559344621975143,24.63818560176624,26.952171380216228,29.642679925368324,-3.2345344451283538,-0.33334561594187306,14.810653472748818,29.954652561439502,32.85584139062598,36.22910038327832,14.451354197935657,8.973551877000176,79.84483562063126,0.67979766858217,-3.0022576956106577,-0.1877176506626869,14.381146788768447,29.33207159069508,32.256763548398006,35.668507506236615,2,-3.1615480326896233,0.00459141144528985,12.21033299364776,14.503218903774911,0.9954085946083069,8.93633327714712,8.206015026624238,-16.215453717651556,-11.645339222697565,12.21033299364776,36.06600520999308,40.63611970494707,45.94986545719346,-7.147160631630882,-4.5613603022140445,8.93633327714712,22.434026856508282,25.01982718592512,28.02637888868161,8.951365611014296,8.248894808151185,67.99527633072748,0.04898971027232879,-7.189849210509648,-4.5883790004838305,8.94478426417342,22.503893134095634,25.125904991544665,28.208599441141683,2,2.338440554231738,0.12976105511188507,11.95832283030235,8.012236863883535,0.8702389001846313,10.969168386934733,9.836972104526772,-3.7453728585135337,-1.220634035250777,11.95832283030235,25.137279695855472,27.66201851911823,30.597573024909465,-8.310942654862924,-5.211210857416592,10.969168386934733,27.14954763128605,30.249279428732386,33.853387529299646,11.097521620814685,9.625496367236588,92.5396878328356,0.11048697739226415,-7.870570491800823,-4.777299156531294,11.122001516602202,26.888057698302713,29.94253315908623,33.513486079545025,2,0.1922845444313488,0.010231764055788517,11.2374655290716,10.061686017588725,0.9897682070732117,9.889213748641616,9.476699782396787,-8.48307668915255,-5.312535210206136,11.2374655290716,27.787466268349327,30.958007747295746,34.64444740535558,-8.68477651715466,-5.698570259963974,9.889213748641616,25.476997757247197,28.463204014437885,31.93531414034368,9.903008457235284,9.483838552282817,89.9247820309036,0.018408823495524442,-8.68289555206715,-5.694984674372299,9.902177089840016,25.503797477112983,28.493797773966083,31.97103680337355,2,1.38679770801075,0.010389064438641071,12.212471163899579,10.897490141272044,0.9896109104156494,12.923870951967984,7.611644039454402,-9.146217034873938,-5.712305019639661,12.212471163899579,30.137247347438812,33.57115936267309,37.56382418642882,-1.9946772285016205,0.40383064660785273,12.923870951967984,25.44391125732811,27.842419132437584,30.63120288110837,12.916479848748201,7.653376689140698,58.568967376217145,0.005203174469250863,-2.0911739028490226,0.3351894860576956,12.918696290417921,25.491858742723924,27.91122433026353,30.736635695880445,2,-1.6266736835021671
124,275,reset,0.8,16.5864545723548,13.239514602324,13.1974976488658,13.397049701714701,13.278020650968166,0.9731552600860596,17.62254906806122,6.039902318758234,0.02684474177658558,15.941676376813739,8.957725951690827,5.784558053155116,7.687793832619127,17.62254906806122,27.557304303503308,29.46054008296732,31.673462986718782,-1.6151438718800684,1.2075283559377468,15.941676376813739,30.675824397689723,33.49849662550754,36.78046310077016,17.57742650752992,6.142390931500267,37.655157644367854,0.07380928650275419,5.495425740627311,7.484227611455359,17.59202539161471,27.632309094488228,29.57385667607574,31.853652625545212,2,-4.299405856561755,0.8512215614318848,18.194080247392925,7.629254407313443,0.14877842366695404,12.235028571893125,6.540898373644093,3.2410163801650977,5.645073464587899,18.194080247392925,30.743087030197948,33.14714411462075,35.94238001836327,-0.5848966669859141,1.476208158483649,12.235028571893125,22.9938489853026,25.05495381077216,27.451433597737253,17.30750166144922,7.772270257015827,55.91103561204234,4.4971448724134095,2.2463773985078603,4.60659020934454,17.259804429817947,30.17213779115998,32.63263218479352,35.484741092008505,2,-4.029481010481053,0.9793084263801575,17.05955904321251,6.29789258697572,0.02069159597158432,13.147318388175933,10.802134808037177,4.715916394238306,6.700447579374703,17.05955904321251,27.41867050705031,29.40320169218671,31.710648073861044,-8.02447679172343,-4.62061222964277,13.147318388175933,30.915249005994628,34.319113568075295,38.276841733955784,16.978608921545746,6.4472716879160945,41.25717379620273,0.31014486500900146,4.275168534122257,6.410380324973447,17.012936655646406,27.473752573528014,29.495819309790992,31.87275242743048,2,-3.7005882705775797,0.9144558310508728,16.502193962206846,8.11844441971724,0.08554410934448242,12.157472353352198,8.606452242975745,0.5903352890708717,3.148541213230997,16.502193962206846,29.85584671118269,32.41405263534281,35.38851987853478,-4.710864077544233,-1.9988818336910956,12.157472353352198,26.313826540395485,29.025808784248625,32.17907423183285,16.13052763822024,8.251302895245773,66.60733665818893,1.476647302136062,-0.1407661834722071,2.510741298357555,16.161141110653205,29.647283212160506,32.221964819140815,35.213327635476034,2,-2.852506987252074,0.890609860420227,17.26848305884208,7.306374850318397,0.10939018428325653,13.74321087654922,7.706186032320569,2.9482514946687903,5.25056588642884,17.26848305884208,29.286400231255314,31.588714623015363,34.26565265882574,-1.360636204964715,1.0676628313239522,13.74321087654922,26.418758921774483,28.847057958063154,31.670480369801396,16.882853657133772,7.433062924275085,54.039696478405865,1.21074069969436,2.2285031314708563,4.613964404302826,16.909707321661372,29.06093962429748,31.380410081349094,34.07508742411897,2,-3.604833006165606
125,277,reset,1.2,14.406338558464299,18.652564830253297,18.010382264960498,16.9535604680946,17.872169187769465,0.4309770464897156,14.520813256754032,6.780131384837817,0.5690230131149292,15.827944161855967,8.875814147791921,1.2319999320222266,3.368489557196037,14.520813256754032,25.67313695631202,27.809626581485833,30.29375748958907,-1.568331901287273,1.2285290687132306,15.827944161855967,30.4273592549987,33.2242202249992,36.47617553495332,15.264601688418695,8.065901293257213,64.63976975697133,0.41900780395996107,-0.4264964024145035,2.1697645503721548,15.17738461822134,28.673487783595192,31.45066504355579,34.75267400751828,2,2.60756749935077,0.0386597141623497,14.595395632033679,11.376247208397272,0.9613402485847473,10.893375726606891,7.45111125433526,-7.701639175649312,-4.116865849795143,14.595395632033679,33.30765711386249,36.89243043971666,41.06050413985172,-3.7105339766912877,-1.3626116449053995,10.893375726606891,23.149363098119174,25.497285429905066,28.227252552371503,11.03649435216415,7.673679590560457,58.37600747595959,0.509346445064161,-3.8539051014785004,-1.448389464129656,10.986854970498904,23.650102209612072,26.221372808452184,29.3941260323808,2,6.835674835605316,0.36935093998908997,13.86983550890136,7.321818231614952,0.6306490302085876,12.527370043654187,9.948682855290944,-0.48066452641269564,1.8265162347500876,13.86983550890136,25.913154783052626,28.220335544215413,30.90293178613227,-6.971690046327176,-3.836757034261055,12.527370043654187,28.891497121569426,32.02643013363554,35.67146725356683,13.023210551801402,9.090634770306078,82.21984439992947,0.4197910725749453,-5.247358663195649,-2.1001640126245134,13.12189399111705,27.789304145677,30.7551750907111,34.30054801303959,2,4.848958635968064,0.05806111916899681,13.280997253380427,9.28568726507277,0.9419388771057129,11.454976805281241,8.740018724568618,-4.918615357864439,-1.9925991233116225,13.280997253380427,28.554593630072468,31.48060986462529,34.88273608149058,-5.675145119078952,-2.921074693449235,11.454976805281241,25.83102830401171,28.58509872964143,31.787300784258584,11.560997553450239,8.783016334622971,76.95901971247538,0.1823557238686843,-5.636701528504482,-2.874028248842885,11.554568455505976,26.017596579302186,28.796285649418838,32.03218083383472,2,6.311171634319226,0.06779654324054718,14.260434836789656,9.3162959502679,0.932203471660614,14.07008581501885,7.405667211998741,-3.9991696950517905,-1.063508346761818,14.260434836789656,29.584378020341124,32.5200393686311,35.93338011463068,-0.4447552019878387,1.8888472413671185,14.07008581501885,26.251324388670575,28.584926832025534,31.29824398950608,14.082991030364747,7.550646184812211,57.00997084753706,0.002289916038928364,-0.721077964787147,1.6831210529459981,14.080488105062143,26.49070964826704,28.9022784986345,31.73829365732685,2,3.7891781574047183
126,279,reset,1.2,14.8409767084227,12.7518734096023,12.7028534546744,12.7303606498442,12.728362504706967,0.4206588864326477,14.929313276831394,6.838491618025011,0.5793410539627075,15.809547829123368,8.863588827989592,1.5261159969233287,3.6809955360457085,14.929313276831394,26.177631017617074,28.332510556739457,30.838023714069987,-1.5627670475078226,1.230241597598134,15.809547829123368,30.388854060648598,33.181862705754554,36.4293388554891,15.439268400234203,8.08553215649838,65.18699029368908,0.18882575206094293,-0.3694379847071687,2.256355865225012,15.382857604879918,28.824788145041023,31.567503798713734,34.82827526543793,2,-2.7109058955272367,0.03777513653039932,14.986784526834377,11.461884961265987,0.9622248411178589,10.915979240697517,7.450934754432398,-7.478097192188237,-3.866338523404522,14.986784526834377,33.83990757707327,37.451666245856984,41.651116238976186,-3.6875845291477773,-1.3397178143093935,10.915979240697517,23.171676295704422,25.519543010542808,28.24944546628834,11.069754222178858,7.680125844329118,58.381988065529,0.6023421802327027,-3.817180366018325,-1.4147457828939214,11.015342571624537,23.69378405193486,26.278748503889894,29.484173882683454,2,1.6586082825281085,0.35925352573394775,14.25682127143147,7.38728816905254,0.6407464742660522,12.492087352868161,9.950703599076773,-0.22199748333034997,2.1058135332296946,14.25682127143147,26.40782900963324,28.735640026193288,31.4422233984339,-7.010933322155413,-3.8753635527923436,12.492087352868161,28.85953825852866,31.995108027891728,35.640885515790956,13.126074235094315,9.152406587203979,83.0496675493409,0.7168787881538563,-5.315959420368129,-2.1461111411969616,13.250493418799845,27.950475273410976,30.894624512307985,34.407401143591784,2,-0.3977117303873481,0.05628358572721481,13.66946993754118,9.362932987866214,0.9437163472175598,11.449380677748863,8.736914487501545,-4.681541508338604,-1.7311843464541532,13.66946993754118,29.07012422153651,32.02048138342096,35.450909188650606,-5.674657053760395,-2.921564805382923,11.449380677748863,25.820326160880644,28.573418409258117,31.774483121424705,11.57433449418365,8.788243031276476,76.97140991257439,0.2617966811371729,-5.627241298002817,-2.8648286731749133,11.56549859534867,26.043039260965553,28.82780361987251,32.073048517769315,2,1.1540280105233158,0.06581694632768631,14.662399317606749,9.384105051724237,0.9341830611228943,14.06091646496322,7.398837025961859,-3.730108610913142,-0.7730799124155023,14.662399317606749,30.097878547628994,33.05490724612663,36.49309215446134,-0.44053763340347096,1.8909125475870088,14.06091646496322,26.230920382339427,28.562370563329907,31.273185250684246,14.100504334354675,7.547049984031848,56.935720772328565,0.022244170502439587,-0.6801929279931088,1.7163798354746969,14.092551525981833,26.50932915426986,28.929571804349987,31.782619979906247,2,-1.372141829647708
127,280,reset,1.5,23.3073883255623,9.1208669931329,9.05485430739419,9.569487879286651,9.248403059937914,0.04254833236336708,20.75633726172817,9.51565295075458,0.9574516415596008,13.575119573140974,9.216886162121572,2.106000188866897,5.104480992868014,20.75633726172817,36.40819353058832,39.40667433458944,42.893056273826545,-4.489645354222912,-1.585309059823535,13.575119573140974,28.735548206105477,31.639884500504856,35.01680310166894,13.880668056129844,9.342910388450965,85.18911688360203,2.1008526186843497,-4.34591701197737,-1.4281753251763736,13.848330762465507,29.298103427209387,32.29815877824121,35.81167879234421,2,-4.63226499619193,0.0010948312701657414,19.74924466496762,19.902604515861942,0.9989051818847656,7.860966195512887,8.644488332246421,-19.259143384666032,-12.987626558728657,19.74924466496762,52.48611588866388,58.757632714601264,66.04962636831868,-9.081919600466819,-6.357951790922328,7.860966195512887,22.079884181948096,24.80385199149259,27.9710532494052,7.873981957940155,8.67373086059922,75.07904348623393,0.1545643714777518,-9.089973573179721,-6.362181835267125,7.866304022393696,22.117031990810183,24.864971183530557,28.089524731189577,2,1.3744211019977586,0.03486209362745285,19.63852663610608,10.505488179461814,0.9651378989219666,9.088010809996952,9.871653254827534,-0.9518518356503414,2.3585363012224896,19.63852663610608,36.91851697098966,40.228905107862495,44.07794672815825,-10.260074037332618,-7.149413850213428,9.088010809996952,25.325435470207324,28.43609565732652,32.052910372633335,9.455823812833735,10.08192139242073,97.89980713078494,3.7453311659900037,-10.123485101490212,-6.997911716516144,9.387844395418162,26.13272721148143,29.44936530384133,33.38700245285035,2,-0.20742075289582118,0.002444376004859805,18.84673798615775,12.965216040020552,0.9975556135177612,8.568083879815532,9.875159479428474,-6.56461850406356,-2.4791446414794684,18.84673798615775,40.17262061379496,44.25809447637905,49.00834075733977,-10.786873041453589,-7.67510800664661,8.568083879815532,24.81127576627767,27.92304080108465,31.54114014059822,8.593208685504267,9.896914299058883,97.69129301972183,0.25761884951078584,-10.781201407441655,-7.668189665978002,8.58541062148235,24.87524612133256,28.012830083846247,31.680656684034446,2,0.6551943744336466,0.002414775313809514,20.202703892954453,14.35506560572019,0.9975851774215698,11.527144373726628,7.728327044624917,-7.932707689966783,-3.4092778337407417,20.202703892954453,43.81468561964964,48.33811547587568,53.59758024653841,-3.6200982944850875,-1.1848223958918247,11.527144373726628,24.239111143345077,26.67438704193834,29.50592156388214,11.54809335586104,7.762843080572055,60.08041640510314,0.18130998534531367,-3.6277048002416805,-1.1881413936506129,11.537787058524533,24.30084308725683,26.771255224352853,29.682286521809115,2,-2.299690295923126
128,281,reset,1.4,9.569487879286651,8.59322097983343,8.29916842332398,8.40417351256634,8.432187638574582,0.21304851770401,8.890394314674822,6.777952151343293,0.7869514226913452,14.992098254522176,9.302867549495042,-4.394147790893815,-2.258344864765732,8.890394314674822,20.039133494115372,22.174936420243455,24.658268892302836,-3.2411870954345012,-0.309757175313905,14.992098254522176,30.29395368435825,33.22538360447885,36.63380440077349,13.692138381070288,9.172517375947486,77.89299245871396,6.242071378984401,-3.589558177795576,-0.9238749601118543,13.41911695989907,29.213453115256502,32.2628288185863,35.78724452210948,2,-5.259950742495706,0.005564011633396149,8.72543822586762,13.51920817186213,0.9944360256195068,8.809829673299802,8.20511811895459,-17.771722890481747,-13.511680369131795,8.72543822586762,30.96255682086703,35.22259934221698,40.17581941519465,-7.2719063287482335,-4.686388624227902,8.809829673299802,22.3060479708275,24.891565675347834,27.897788765583797,8.80936044649626,8.24417005149767,67.9663033230724,3.9405943922325895e-05,-7.345089996214512,-4.73552310362746,8.80954370739384,22.353842635117868,24.9627836034339,28.01488077461922,2,-0.37717280792167784,0.17589974403381348,8.519591792217746,7.375996497715963,0.8241002559661865,11.313384981166394,9.814893047290369,-5.937095693399121,-3.612842799431718,8.519591792217746,20.652026383867202,22.976279277834607,25.678725563611962,-7.923451903635314,-4.830677445809965,11.313384981166394,27.457447408142745,30.550221865968098,34.14624055566857,10.821957474346915,9.491504504464583,88.95721193131598,1.1314458269554657,-7.5641267764577735,-4.587557557539602,10.702053590331772,26.64155767341586,29.785345751868434,33.44901714145472,2,-2.3897698357723325,0.013438940048217773,7.804849312111465,9.306312539435805,0.9865610003471375,9.988226592108447,9.500688640622938,-10.435188094056208,-7.502672621923491,7.804849312111465,23.112371246146413,26.044886718279134,29.454569703387566,-8.63278097184132,-5.639015576956851,9.988226592108447,25.615468761173737,28.60923415605821,32.09013341314558,9.95888372039523,9.501429453214607,90.21395145253027,0.06320429033296741,-8.662593498153772,-5.669013667563809,9.958542101557217,25.587976699726664,28.582300535557337,32.06389937554272,2,-1.5266960818206474,0.013390254229307175,8.630649853545215,10.17074134532453,0.9866097569465637,13.087962551455043,7.652249823229197,-11.303636879363324,-8.098730937097141,8.630649853545215,25.360030644187564,28.56493658645375,32.29133235966022,-1.9101715027771817,0.5011316753777315,13.087962551455043,25.67479342753235,28.086096605687263,30.889757659353684,13.028278147519892,7.708465840397068,59.15797705151407,0.26247045800241064,-2.129595148798572,0.3397462519389348,13.044268896600412,25.671727585897894,28.09119519898399,30.90639070660498,2,-4.596090508945309
129,285,reset,0.1,84.69917816387431,84.8034721933655,84.2930802967454,84.7987259839408,84.63175949135056,0.9999997615814209,88.56472407356063,6.097409589149556,2.434301507037162e-07,45.73000875404288,30.130619719461357,76.61402087983832,78.5353777958393,88.56472407356063,98.59407035128196,100.51542726728292,102.74941990843493,-13.32492072797374,-3.8304503738087092,45.73000875404288,95.29046788189444,104.78493823605949,115.82431188194485,88.56471409014787,6.097460387101845,37.17861583292636,0.0004466486567725387,76.6136938737907,78.53511968997218,88.56472296415966,98.59453369796925,100.51569026709842,102.74977619424656,2,-3.932954598797309,0.9999828338623047,84.82138013781555,6.316614544018909,1.713931851554662e-05,29.43868014048804,19.13262260901417,72.44104312731659,74.43147379503162,84.82138013781555,95.21128648059947,97.20171714831451,99.5160229534294,-8.06057110297651,-2.031683551042672,29.43868014048804,60.90904383201874,66.93793138395257,73.94781607179388,84.82042864124021,6.321231751758164,39.90520834711902,0.052569561591672254,72.43908400886549,74.43031969130095,84.82124529048436,95.21139963216372,97.20170153768453,99.51605957151224,2,-0.18866914988964822,1.0,89.91661679484393,5.760358890974096,3.054637076616018e-08,35.50169241999695,17.849038952177345,78.6265208305096,80.44166958048302,89.91661679484393,99.39156400920484,101.20671275917825,103.31721545457378,0.5182189150768011,6.142635961909928,35.50169241999695,64.86074887808397,70.48516592491708,77.02476624006687,89.91661787929179,5.760346149712265,33.181744284537345,9.044731971651178e-05,78.62642212458545,80.44160213058805,89.91661619337881,99.39172612322714,101.20689894317572,103.31729111296387,2,-5.284858387941227,1.0,86.57280524329529,7.911314219426958,4.088515126454695e-08,22.290192017561388,27.956705715888845,71.06691430283884,73.5598513555181,86.57280524329529,99.58575913107248,102.07869618375175,104.97727425852827,-32.50394431196583,-23.694496776833347,22.290192017561388,68.27488081195611,77.08432834708859,87.32721492490484,86.57280615463317,7.911307550156206,62.588924633417186,0.0001689478503210267,71.06685241957908,73.55970046848086,86.5728044180903,99.58589132125464,102.07876546713516,104.97770024621666,2,-1.9410466632826058,0.9999983310699463,85.04920765324555,6.2585748922879345,1.7226443560502958e-06,26.687768503449462,20.14853011520909,72.78262626981454,74.75476804211831,85.04920765324555,95.34364726437278,97.31578903667655,99.60883004844497,-12.802624863781034,-6.453614334293192,26.687768503449462,59.8291513411921,66.17816187067994,73.56025870201398,85.04911168560064,6.259063230426153,39.170393641116405,0.005867415779323514,72.78242987113082,74.75461552582836,85.04919357997042,95.34383353858149,97.31599769453183,99.60900889610556,2,-0.4173521942500713
130,286,reset,0.3,84.7987259839408,84.7016891210845,84.6673377964309,84.830737230005,84.73325471584013,0.9999475479125977,85.32867543821418,8.23788226418794,5.2409861382329836e-05,38.10077379773914,19.587101934398767,69.18272289152453,71.77856491756543,85.32867543821418,98.87878595886292,101.4746279849038,104.49285533010654,-0.2892405551972814,5.882858139475118,38.10077379773914,70.31868945600314,76.49078815067554,83.66718674144894,85.32619662734545,8.245996126149636,67.87925194055323,0.116892742855094,69.17575791300021,71.77461947756223,85.32814327804252,98.87871461249394,101.47462310646978,104.49272755685686,2,-0.5929419115053207,0.999302864074707,83.1835157902451,8.516750669894602,0.0006970863905735314,27.48748740209456,13.823339837134382,66.49099121194429,69.17470756102757,83.1835157902451,97.19232401946262,99.87604036854589,102.99644060489031,0.3942391752533858,4.7501167344012885,27.48748740209456,50.22485806978782,54.58073562893573,59.64538464435619,83.1446867263746,8.647479861734983,72.61767775027123,2.1608877733967398,66.39089213539567,69.11974004359409,83.17607066379908,97.1895265925217,99.8735903459835,102.9942860712271,2,1.5885679894655311,0.9999856948852539,86.23833000288609,8.206136775536825,1.4363055015564896e-05,30.282073039586663,15.288829336715303,70.15459747062425,72.74043616438448,86.23833000288609,99.7362238413877,102.32206253514792,105.32865884474454,0.31651817384526026,5.134186653248417,30.282073039586663,55.4299594259249,60.24762790532806,65.84920866362754,86.23753129676093,8.208996008041327,67.34307480238071,0.044971554330683415,70.15261551312061,72.73928780473346,86.2381817701075,99.73621355917547,102.32211008002632,105.32868037314609,2,-1.504276580920802,0.9999862909317017,84.13506927063318,10.599644754172752,1.3681877135240939e-05,21.524732830673486,18.849621944357235,63.36014730353567,66.70020515233497,84.13506927063318,101.56993338893137,104.9099912377307,108.79353031009111,-15.419847302462571,-9.480136191166586,21.524732830673486,52.529601852513544,58.469312963809536,65.37551076740252,84.13421035597221,10.602340090363363,112.35578995077879,0.0536329665218846,63.35763499684609,66.69883265907664,84.13488800014116,101.56996049225911,104.91004067738022,108.79363195519423,2,0.5990443598679178,0.9998144507408142,83.81227616257014,8.336972191285817,0.0001855927548604086,25.041285197357197,14.404803998754511,67.47211092753797,70.0991772159401,83.81227616257014,97.52537510920018,100.15244139760232,103.20697369570551,-3.191611844560203,1.347491094480759,25.041285197357197,48.73507930023362,53.274182239274595,58.55187035583476,83.80137233792253,8.376833369017548,69.53071889311869,0.6409238549376087,67.44622486598114,70.08486070372761,83.81033623571322,97.52470190413125,100.1518608992622,103.20647690102767,2,0.9318823779176029
131,288,reset,0.3,84.6311520500204,84.5866251628293,84.5826901524603,84.5498649738656,84.57306009638508,0.9999474287033081,85.17473006171451,8.232702532344762,5.2546234655892476e-05,38.026133789838156,19.55168957021472,69.03892960288708,71.63313944177466,85.17473006171451,98.71632068165437,101.31053052054195,104.3268600954454,-0.2944736046901113,5.866466287241188,38.026133789838156,70.18580129243512,76.34674118436641,83.51016525541365,85.17225044585896,8.240807002073447,67.79391461446602,0.1168036231214619,69.03196129386393,71.62919617419637,85.17419663481158,98.71614436327876,101.31041036051296,104.32690824925794,2,-0.5991903494738864,0.9993031024932861,83.0321235388709,8.509394586187968,0.0006969163659960032,27.43760348669135,13.793503429065245,66.35401661970236,69.03541499061839,83.0321235388709,97.0288320871234,99.71023045803943,102.82793554382393,0.4028335450937277,4.7493093430258035,27.43760348669135,50.12589763035689,54.47237342828897,59.52609086447233,82.99338037391308,8.639692905500233,72.4919298383109,2.152493563909484,66.25406510097497,68.980504843542,83.02468592697021,97.02602627343255,99.70778188537626,102.82575631792572,2,1.5796797224719938,0.9999856948852539,86.07565616588406,8.19976188720855,1.4358180123963393e-05,30.2102109240344,15.283249058153793,70.00441818515111,72.58824808557061,86.07565616588406,99.56306424619748,102.146894146617,105.15115479983278,0.25559320329725566,5.071503279127452,30.2102109240344,55.348918568941336,60.16482864477153,65.76436487890716,86.0748586073958,8.202615696974162,67.23848693757878,0.04481048975507668,70.00241503595068,72.58711942561081,86.07550811578358,99.56303498593563,102.1468969604902,105.15122075168385,2,-1.501798511010719,0.9999862909317017,83.9744874977859,10.59291110277662,1.371736107103061e-05,21.479035925210823,18.823684383121932,63.212763244909254,66.55069925040925,83.9744874977859,101.39827574516255,104.73621175066255,108.61728372163391,-15.414707522057235,-9.483169604957084,21.479035925210823,52.441241455378716,58.372779372478874,65.26947407150232,83.97363092149273,10.595593624637754,112.21308782753916,0.05357490799889165,63.21032770180414,66.54928393685562,83.974305490069,101.39825099260331,104.73627317864003,108.61734596728358,2,0.5994291748923501,0.999813973903656,83.65173185092674,8.331246390355416,0.00018602327327243984,24.99403797438041,14.383513067614969,67.32278897950079,69.94805100872426,83.65173185092674,97.35541269312921,99.98067472235269,103.03310917924048,-3.197129609306163,1.3352643368100239,24.99403797438041,48.65281161195079,53.18520555806698,58.45509302046514,83.64081991855439,8.371092851992042,69.43523991577841,0.6399358712869959,67.29687306456422,69.93372642166723,83.6497891946636,97.35466263095833,99.98009216679269,103.03262303548031,2,0.9322401778306926
132,289,reset,1.0,84.5498649738656,21.826036016451603,21.830038307351202,21.6639893586484,21.77335456081707,0.0314110703766346,74.81764948424909,20.36564804877807,0.9685889482498169,17.76912611392222,8.042819614399061,34.901712786825634,41.319139425999296,74.81764948424909,108.31615954249887,114.73358618167254,122.19523152598795,2.005489335547731,4.539865100261476,17.76912611392222,30.99838712758296,33.5327628922967,36.47952242517345,19.561081627366406,13.217427608598802,75.683105926235,99.01729378946423,2.114689916413529,4.663933749898325,18.09436696105962,34.295898431641895,57.97466737697495,84.43617084745993,2,2.212272933450663,0.03767495974898338,75.15776983991881,25.669131538135247,0.9623250961303711,17.617949984878067,7.5749162106882055,24.847196510752475,32.93580572872261,75.15776983991881,117.37973395111499,125.46834316908513,134.87309942213443,2.7713870260205606,5.158321581874064,17.617949984878067,30.077578387882063,32.46451294373557,35.239840207650076,19.785761366360155,14.144885421639444,80.04178739810163,120.03601806865231,2.8840980320555283,5.290727337260323,17.980142676550955,34.06654805209817,64.31941844488668,91.24448381174996,2,1.9875931944569132,0.02316277287900448,74.07504595417019,23.509909530558534,0.9768372178077698,14.691480738336296,10.60274610960876,27.996469994480485,35.40468599352999,74.07504595417019,112.74540591481039,120.1536219138599,128.76727400947755,-6.089519773719051,-2.74848465569929,14.691480738336296,32.13144613237188,35.47248125039164,39.35715660941943,16.06696863535113,14.226951754691623,122.61673781386293,79.78941601227442,-5.984466271336256,-2.629218238293498,15.002851420930513,34.85524619303009,42.76653584368103,78.11827803220577,2,5.706385925465938,0.017967328429222107,74.61102428980332,26.256874773850665,0.9820327162742615,15.60013393621238,8.460669086473745,23.148495386477734,31.422308585624428,74.61102428980332,117.7997399939822,126.0735531931289,135.6936490989074,-0.9824727583875621,1.6835717028898358,15.60013393621238,29.516696169534917,32.18274063081232,35.28259347849364,16.660402681476494,12.00529256303925,82.68386869649021,61.44319323597734,-0.9222294490556767,1.7537634727389309,15.789295369471036,31.09639658863855,35.81641005660017,70.87534821764234,2,5.112951879340574,0.024998081848025322,77.1630479118114,23.215206562137954,0.975001871585846,16.785262345193857,7.5857028761802665,31.662079156363077,38.97743119765116,77.1630479118114,115.34866462597164,122.66401666725972,131.16969434306,1.9175579104586298,4.307891456332527,16.785262345193857,29.262633234055183,31.65296677992908,34.43224610430131,18.294590388965997,12.586854626056212,69.57703523208993,88.85185856007026,1.9977640069682563,4.399448620094712,17.026727897946316,31.49118177560856,39.543153864540564,83.04283068904394,2,3.478764171851072
133,290,reset,1.1,21.6639893586484,19.583363932339502,19.2112439568631,19.3408297099901,19.3784791997309,0.4650442898273468,21.710024589921467,7.465340028137016,0.5349557399749756,15.825592750905187,8.587954332748026,7.078227002427679,9.430632968214287,21.710024589921467,33.989416211628644,36.34182217741525,39.07700249337,-1.0064884421556606,1.6996649185909796,15.825592750905187,29.951520583219388,32.65767394396603,35.804162055253386,18.562114648157362,8.6015351521306,65.37209272642654,8.614324515364716,1.1866586546253037,4.072883856737086,18.758302277990584,32.37816573157138,34.90150716145423,37.81496912957195,2,0.8163645515735389,0.0801844447851181,21.733553107584648,11.401177639574609,0.9198155403137207,11.977162934219294,7.141683871569376,-0.6123444473249755,2.9802847156123207,21.733553107584648,40.48682149955697,44.07945066249427,48.25665847097101,-2.0202802430272637,0.2301383155275687,11.977162934219294,23.724187552911012,25.974606111465846,28.591204025916472,12.75947348490394,8.022305971198323,57.3368720451508,7.020518624402368,-1.9555620866953474,0.34716496511177763,12.434173346230217,26.12046049287592,29.79941512733211,35.2310571849313,2,6.61900571482696,0.40325841307640076,20.769007793530378,8.054254646881228,0.5967416167259216,12.504755003039293,10.09407915282218,4.982958763328796,7.520937825217036,20.769007793530378,34.017077761843716,36.55505682373196,39.50600596828609,-7.279276593588765,-4.09852770221552,12.504755003039293,29.1080377082941,32.28878659966735,35.98709458060714,15.837384841265685,10.168446886407695,86.96204602009641,16.43527353669866,-5.001799660994223,-1.5502465724468026,16.234597738114132,31.89825041311339,34.72997389740101,37.99290535789579,2,3.541094358465216,0.09444919228553772,20.269940990643967,10.151343645796096,0.9055508375167847,11.924561640719773,8.457073531309725,0.3736730501940855,3.5724665764254695,20.269940990643967,36.96741540486246,40.16620893109385,43.88549769969971,-4.650997895254264,-1.986086430650328,11.924561640719773,25.83520971208987,28.500121176693806,31.598656670889216,12.71277633501615,8.969755864191137,74.4998592379324,5.956665841751784,-4.395426718517472,-1.6970090083513374,12.537312610349613,27.70522453112165,30.932995197571422,34.91971586018128,2,6.665702864714751,0.11252636462450027,21.408159327483524,9.693864542470608,0.8874735832214355,14.25921878847933,7.263223865903552,2.4085339532312773,5.463171075624464,21.408159327483524,37.353147579342576,40.407784701735764,43.95946049709991,0.023561599656584775,2.312278669287375,14.25921878847933,26.20615890767128,28.494875977302073,31.156004187606758,15.063662334573976,7.905452337427394,57.3923710794345,5.103793745418504,0.18843284648477235,2.5240760971070912,14.83925035903534,28.341546340218102,31.42439159941658,35.39104492260583,2,4.314816865156924
134,292,reset,0.9,110.5006441635,18.8310937513535,17.5682425204525,17.299715142890502,17.89968380489883,0.08465591073036194,96.39435485835074,24.04079818531934,0.9153441190719604,25.327552190828733,9.65058244384221,49.27525625552894,56.85076076841984,96.39435485835074,135.93794894828162,143.51345346117253,152.3216146070133,6.412758171063459,9.453756655880667,25.327552190828733,41.20134772577679,44.242346210594,47.77816414231692,31.343777848162603,22.92457259139722,134.17715082554923,391.3589069514589,6.778962985195973,9.869915050281136,26.44463082881995,90.88523157155954,109.32658208595464,124.8685435612785,2,-13.444094043263771,0.13644461333751678,97.0969022757809,28.47103075527575,0.863555371761322,22.92427476246744,9.050542567955548,41.29470739270821,50.26622407491866,97.0969022757809,143.92758047664313,152.89909715885358,163.33042414506804,5.185537288727907,8.037456993687062,22.92427476246744,37.811092531247816,40.66301223620697,43.97898522434696,33.04472990215084,28.802342662210908,181.337772556685,648.2371540033446,5.745608793455533,8.678985659033442,24.70831931088871,106.81331267329148,122.81042164211782,138.4288892455489,2,-15.14504609725201,0.05824035033583641,97.53681207449006,28.392973132929136,0.9417596459388733,22.418695473369297,11.403096805865323,41.887607319935555,50.83452723685585,97.53681207449006,144.23909691212424,153.18601682904455,163.58874475997845,0.06903642164953183,3.662270333762965,22.418695473369297,41.17512061297562,44.76835452508906,48.94626548517599,26.79360081727063,21.88386490833615,169.40868220645717,309.4948584454742,0.3593361065798995,3.9926405557284657,23.295501635249796,67.14227501937722,102.59842251055868,124.43802197963367,2,-8.893917012371798,0.08489340543746948,97.86691155812382,30.35515641221268,0.9151065349578857,21.021418503594113,9.612859011542318,38.37189824510687,47.93712243681654,97.86691155812382,147.79670067943107,157.36192487114076,168.483565143852,2.180561052509862,5.209672493085581,21.021418503594113,36.833164514102634,39.86227595467836,43.38427262854992,27.545092848540364,24.93076151020874,162.78610224852096,458.75672200642475,2.5357575904212486,5.6170721511724935,22.127461171400938,91.03989873287159,114.26860095079184,133.87076819169843,2,-9.645409043641532,0.10642745345830917,100.66082289394622,26.77838371948794,0.8935725688934326,21.578518474541603,9.187994208634688,48.17615523955611,56.61430130904821,100.66082289394622,144.70734447884422,153.1454905483363,162.95665893002686,3.5703807354550143,6.4656128760597085,21.578518474541603,36.69142407302349,39.58665621362819,42.95298926849847,29.995047229831098,27.322378976007673,151.75190856719817,594.7605044513137,4.013917400231097,6.970377706754947,22.9500520049779,102.68963667384767,120.01622129548738,135.92137329681373,2,-12.095363424932266
135,293,reset,0.5,17.299715142890502,18.104387362920402,18.0824632654759,18.5585568866165,18.248469171670934,0.9997041821479797,18.40977897766134,5.4682166119605515,0.00029574273503385484,15.74156438898747,10.448762551497452,7.69227135855502,9.415363050521732,18.40977897766134,27.404194904800946,29.127286596767657,31.130753067690577,-4.737633894958382,-1.445120590997842,15.74156438898747,32.92824936897277,36.22076267293332,40.04902093702112,18.40898848969411,5.470554458438005,29.924835747274255,0.002104879001788527,7.686809856015785,9.411812035806186,18.40937087502545,27.40552794248524,29.129444575955006,31.13452227380465,2,-0.16051931802317654,0.9979178309440613,18.89760741938592,5.9561635607627625,0.0020821334328502417,11.249556853029304,6.622163971776193,7.223741354261058,9.100590183749091,18.89760741938592,28.694624655022746,30.571473484510783,32.7537158564059,-1.7296460313707573,0.35706642578586134,11.249556853029304,22.14204728027274,24.228759737429364,26.655013930320703,18.88168248441444,5.967819883736733,35.493325487247624,0.12153597720611317,7.171382330257006,9.061746719500732,18.88590815404355,28.689130600471312,30.566559666520284,32.74936184914059,2,-0.6332133127435071,0.9999366998672485,18.083713777521574,5.452745134761092,6.330756878014654e-05,12.354016881917353,12.320613900903915,7.396529696513827,9.114746165767794,18.083713777521574,27.05268138927535,28.770897858529317,30.768695829459578,-11.793942631277869,-7.911589579253185,12.354016881917353,32.61962334308788,36.501976395112564,41.016050837163206,18.08335117881228,5.453644025627699,29.74015737030066,0.002078219601801534,7.3945429485936085,9.113534059683078,18.08355878157008,27.052949831163307,28.7713925956349,30.769460835657814,2,0.16511799285865436,0.9997647404670715,17.150566715574833,7.189396477963499,0.00023529864847660065,10.656442257004741,10.479782589527417,3.059608548187258,5.325061843204425,17.150566715574833,28.976071587945235,31.241524882962402,33.875603927721926,-9.883554184278907,-6.581266145042328,10.656442257004741,27.894150659051803,31.196438698288382,35.036062204562064,17.14903932772051,7.191037004223462,51.7011036311173,0.009921068467791224,3.0535168725698028,5.320840718046005,17.149581385028636,28.97592609743911,31.241553364773925,33.87587337078491,2,1.0994298439504249,0.9988628625869751,17.561210669166137,6.286018826163581,0.0011370994616299868,11.762423787096239,9.101461709319628,5.2408401637447675,7.22162980386573,17.561210669166137,27.900791534466542,29.881581174587502,32.184677201592486,-6.076113369840595,-3.2081485160381025,11.762423787096239,26.73299609023057,29.600960944033066,32.93558988523607,17.55461620525199,6.292972072115454,39.56329325720849,0.03819254794209803,5.214860710689499,7.2036358504655,17.556944991073618,27.900003214093132,29.881373895757967,32.185372680902624,2,0.6938529664189446
136,298,reset,0.3,100.16506200559999,108.5178715912,102.16175290769999,102.5110806789,104.39690172593333,0.999963641166687,99.1843759922325,8.645459441916048,3.640903014456853e-05,45.18066037066599,23.31707222036125,82.2395868562753,84.96386067253503,99.1843759922325,113.40489131192996,116.12916512818971,119.29672218504021,-0.5199614061614639,6.827489559115357,45.18066037066599,83.5338311822166,90.88128214749344,99.42428175936013,99.18241474806393,8.652556391963074,74.76104643306084,0.10617947687185149,82.23447364972394,84.96099641216034,99.18398918565207,113.40492094590329,116.12920995367978,119.29662526131729,2,5.214486977869399,0.999358594417572,96.88914243910246,9.146386337656295,0.0006414381205104291,32.12935704333025,16.96301808470256,78.96255462860691,81.8446756981091,96.88914243910246,111.9336091800958,114.815730249598,118.16681885086537,-1.1175474717883844,4.227675222663816,32.12935704333025,60.03103886399667,65.37626155844887,71.59123810199439,96.84760619666044,9.299212166769621,83.78729532592955,2.688356786269958,78.86379110306163,81.79042353952691,96.88178527230014,111.93079128951298,114.81329653414306,118.16473856651047,2,7.5492955292728965,0.999987006187439,101.04227016156528,8.73879547218062,1.2952515135111753e-05,37.21417660405093,15.831018307705886,83.91454576782957,86.66823073396188,101.04227016156528,115.41630958916868,118.169994555301,121.3717484299504,6.185950882353147,11.17446872228573,37.21417660405093,63.253884485816116,68.2424023257487,74.04263238808414,101.04143925443176,8.741967169966077,76.36880018613344,0.05276819382942045,83.91260082087307,86.66709428031879,101.04212874475962,115.41634924037366,118.16999027066923,121.37182310738154,2,3.3554624715015677,0.9999905824661255,98.71888595454038,11.115712459947504,9.439432687941007e-06,25.948702175505474,21.5140976167215,76.93248987054014,80.43516599864606,98.71888595454038,117.00260591043471,120.50528203854063,124.57790000418854,-16.218154313147686,-9.438839319946922,25.948702175505474,61.336243670957856,68.11555866415863,75.99797742807266,98.71820120711538,11.118095232675946,123.56226897236296,0.049986040629449564,76.93075270754534,80.43409008935282,98.71875431342504,117.00266220347848,120.50537845112623,124.57796096492687,2,5.678700518817948,0.9998680353164673,98.40722026484309,8.838427145919118,0.000131939523271285,29.508288820545808,16.70776896803769,81.08422137886048,83.86930131733168,98.40722026484309,112.9451392123545,115.7302191508257,118.96847646561689,-3.2383366188240217,2.026454435201746,29.508288820545808,56.99012320588986,62.25491425991563,68.37637163930583,98.39812729672303,8.875291693662462,78.14431648144404,0.6262425596797138,81.06462082240805,83.85845359454922,98.40575888595806,112.9446589809061,115.72973041363873,118.96819267085881,2,5.9987744292103
137,299,reset,0.7,102.5110806789,79.6016098629579,79.243823736378,79.2295716453209,79.35833508155227,0.7132695317268372,93.61874476143574,16.71524247821031,0.28673049807548523,29.87027067030637,11.462902897440454,60.85747151128948,66.12461754577818,93.61874476143574,121.11287197709328,126.38001801158198,132.50421356469744,7.403393833043239,11.01547326405889,29.87027067030637,48.72506807655384,52.33714750756949,56.53697045610356,75.34011582379006,32.681634430929634,236.96288500391887,831.1265132349538,14.300396687272418,19.129039779136942,84.8052774495759,118.27459094996263,123.89450465192022,130.33763632422261,2,4.018219257762212,0.6821355223655701,93.64935344663087,18.517956294238488,0.31786447763442993,25.78182403877649,10.062494315103057,57.354826042636624,63.19002587232384,93.64935344663087,124.1086810209379,129.9438808506251,136.72856170331377,6.0596975865354565,9.230493768400652,25.78182403877649,42.33315430915233,45.50395049101752,49.19068629626453,72.07667666306392,35.56407144430912,266.0992852893038,998.7038924066187,11.55058268161716,15.661659415096569,82.13326258343376,120.53102185368729,126.81434721226508,134.0030379073534,2,7.281658418488348,0.676466703414917,94.56764858205759,18.809741611203588,0.32353323698043823,25.850095642019106,12.296968677182521,57.70123246559414,63.62837687084932,94.56764858205759,125.50692029326584,131.434064698521,138.32565099053858,1.7484799157242072,5.62338211284678,25.850095642019106,46.07680917119143,49.951711368313994,54.45712258132947,72.3352306053212,36.35572240292946,288.2614555212451,1033.4767840431373,8.342873626412597,13.341473131655446,82.51666734928153,121.79011022351322,128.18349734634774,135.49522521398885,2,7.023104476231069,0.785105288028717,94.33726505987104,21.219125215796144,0.21489478647708893,22.429242243075024,11.24516973563864,52.74854385346489,59.434909987931306,94.33726505987104,129.23962013181077,135.9259862662772,143.7003318946448,0.389114561183483,3.9325840177248708,22.429242243075024,40.92590046842517,44.46936992496656,48.589418950806376,78.88461287934,35.398502466343494,380.6689283423898,872.385512150737,9.001955131820342,14.208709478167076,86.9090564784202,126.68691277371094,133.68545089571927,141.74363808369532,2,0.47372220221227224,0.6980557441711426,96.2311219849217,17.5896532541156,0.30194419622421265,23.89115419768609,10.09843689940346,61.75603510630735,67.29871703307089,96.2311219849217,125.16352693677251,130.70620886353603,137.15077443774908,4.098581574704973,7.280703637161725,23.89115419768609,40.50160475821045,43.683726820667204,47.383631409748915,74.38848282069756,36.73911329438513,246.76738075257498,1102.9947350740642,9.889505133746379,14.078081263910283,86.17314646039644,121.97848928610928,127.91858519174046,134.72189149910102,2,4.969852260854708
138,304,reset,0.6,93.6762007181218,86.5366309558836,88.177356407584,86.58465944954669,87.09954893767143,0.9426431655883789,88.0159837143389,13.54911806152348,0.05735677853226662,30.370343162435212,12.272833576179714,61.46020029147172,65.7296677288483,88.0159837143389,110.30229969982949,114.57176713720608,119.53594571189241,6.316031364869055,10.183328341684195,30.370343162435212,50.55735798318622,54.42465496000136,58.921223460837936,84.70961055757637,19.009323382865183,181.68833103116938,179.66564346868077,28.386094492760602,43.780785799586816,86.98172759657768,109.91203067037216,114.22786152286734,119.2345832624844,2,2.38993838009506,0.8999403715133667,87.61251069965817,14.580344318471303,0.1000596210360527,25.66230839026698,10.257891954503492,59.03556095326121,63.62997846521935,87.61251069965817,111.595042934097,116.18946044605512,121.53146370771734,5.557209602136947,8.789577604025578,25.66230839026698,42.53503917650838,45.76740717839701,49.52573353076682,81.41379628070962,23.39725191402459,201.8438285125718,345.5875192317706,18.738286736526693,25.652171356029793,85.57412338807671,110.84176662953224,115.52625541622615,120.95086462043953,2,5.68575265696181,0.949652910232544,88.64529303738225,14.736306836717965,0.05034712702035904,25.585077796036643,12.758169407031216,59.76266237228366,64.40622528913691,88.64529303738225,112.88436078562756,117.52792370248082,122.9270691181946,0.5795252495947167,4.599756573620024,25.585077796036643,46.57039901845325,50.59063034247856,55.26501807273661,85.47039567298954,20.113431546059335,214.42047515411895,190.1299255433753,25.46937029001295,46.721602671479786,87.66540067124504,112.51341232473652,117.20098958675196,122.64051272100723,2,1.6291532646818894,0.9677263498306274,88.09132972185134,17.25200677871701,0.03227362781763077,21.57791621364857,12.151112039088309,54.27801777452512,59.71430379968727,88.09132972185134,116.46835564401539,121.90464166917755,128.22549901445782,-2.2378257550755762,1.5911155046604577,21.57791621364857,41.56471692263668,45.39365818237272,49.84562987301372,85.94469860041278,20.759649366693736,292.79126108297504,138.17161564414914,30.26217230927285,52.11416639928004,87.37002056247114,116.19311670738733,121.66198545960256,128.01278823859022,2,1.154850337258651,0.9208623766899109,89.4062309451258,13.926002266347743,0.07913763076066971,23.60720979885467,10.374823500353548,62.11176805446105,66.49999560838928,89.4062309451258,112.3124662818623,116.70069383579055,121.8029567113318,3.2729293922019345,6.54214373531676,23.60720979885467,40.67227586239257,43.9414902055074,47.7426583924511,84.19905297136704,22.419115267901397,187.10423396353082,315.512548252667,18.63573589739442,27.098702989976328,87.90337510474174,111.75118832669015,116.2063352938741,121.36995474334869,2,2.9004959663043905
139,306,reset,0.1,92.9502790367377,92.9523526240449,92.95736417534731,93.00482788061531,92.97151489333584,0.9999997615814209,96.25939943058351,6.189600891472707,2.0669405387252482e-07,49.7025475391593,33.042092957929746,84.12800460461999,86.07841195486256,96.25939943058351,106.44038690630447,108.39079425654703,110.65856430562233,-15.05876463220757,-4.6468589047591635,49.7025475391593,104.05195398307774,114.46385971052615,126.569950245699,96.25938675377532,6.189678319508785,38.311375726042506,0.0004480176409279895,84.12764776996113,86.0779777262687,96.25939907964211,106.44043148200242,108.39101042399334,110.65927969390027,2,-3.2878718604394805,0.9999829530715942,92.42349030088434,6.494496188977751,1.7024325643433258e-05,32.186349942576086,21.483099911332307,79.69451167275531,81.74099468922176,92.42349030088434,103.10598591254691,105.15246892901337,107.53194770307907,-9.919752159910871,-3.1502048647397203,32.186349942576086,67.52290474989188,74.29245204506304,82.16351374911098,92.42246271516487,6.499814141209057,42.18561886285364,0.061771936611504846,79.69242798634016,81.73987574508187,92.42335280411852,103.10614782145728,105.15260855727578,107.53205078283298,2,0.5490521781709674,1.0,98.13850240457043,5.881656828298632,3.057423469954301e-08,39.39289716824342,18.188577218371513,86.61066685168103,88.46403783805953,98.13850240457043,107.81296697108132,109.66633795745983,111.82128226292075,3.7439408902095295,9.475349961518106,39.39289716824342,69.31044437496872,75.04185344627732,81.70585511202967,98.13850360897811,5.881641625273279,34.59389716057298,0.00010551310025474792,86.6105993148805,88.46403345712386,98.1385020981822,107.81310196789977,109.66652429503443,111.8214979686882,2,-5.166988715642276,1.0,94.70326390333919,8.005470794137898,3.423687999770664e-08,24.855811895351984,30.16955920007158,79.01282946754165,81.53543623214739,94.70326390333919,107.871091574531,110.39369833913673,113.32677386597793,-34.275437566237365,-24.768696978412926,24.855811895351984,74.48032076911687,83.98706135694133,95.0407018011878,94.70326475432464,8.005463994548814,64.08759379828186,0.00016703032608412504,79.012714001443,81.53511860192823,94.70326336415737,107.87136007966149,110.39390410019124,113.32681482711408,2,-1.7317498609887991,0.9999984502792358,93.10424106092267,6.35665264647348,1.5144156577662216e-06,29.321691682424408,21.71736787219735,80.64543081160343,82.64847790010009,93.10424106092267,103.56000422174526,105.56305131024192,107.89202643106233,-13.243567186089678,-6.400199629998795,29.321691682424408,65.0435829948476,71.88695055093848,79.84384426167358,93.10414118057606,6.357212558082595,40.40768451346084,0.006160957063424023,80.64502167861045,82.64834634314491,93.10422955238333,103.56022412661706,105.56305260263898,107.89235690587925,2,-0.13262628724022818
140,308,reset,1.3,94.15894406393771,8.859310603886051,8.940817154924689,8.985331446413731,8.92848640174149,0.0021292949095368385,78.51653417507484,31.707678769884158,0.997870683670044,14.056536385741168,7.993228904956932,16.370625752736593,26.362043748218667,78.51653417507484,130.67102460193098,140.66244259741308,152.27962527216476,-1.6099043881589559,0.908844830369409,14.056536385741168,27.204227941112922,29.72297715964129,32.65156745550952,14.19379042980585,8.644361567807358,65.89640656952528,8.828576030022973,-1.6046135932365608,0.9157474360007855,14.07701389274146,27.355236571376754,29.998487824674786,33.29337332960158,2,-5.26530402806436,0.0018445256864652038,78.63961296039886,47.81663903890862,0.998155415058136,12.695098261547969,7.8924049563644045,-15.079277417613994,-0.011759191379368872,78.63961296039886,157.29098511217705,172.3585033384117,189.8777495323422,-2.7737312043316837,-0.28675265629780355,12.695098261547969,25.676949179393738,28.16392772742762,31.055577752855697,12.81673386053837,8.625485599780147,66.39253734853683,8.006454749672448,-2.779447461319554,-0.2868361412745259,12.710307915244389,25.79452083217642,28.377274905944827,31.543344247211504,2,-3.888247458796881,0.0018479007994756103,77.8092450337237,38.05640476969971,0.9981520771980286,10.816251752726032,10.044523743360624,3.2200623040339167,15.212029619549796,77.8092450337237,140.4064604478976,152.39842776341345,166.34168136335234,-8.87065302611824,-5.705519557540875,10.816251752726032,27.338023062992935,30.5031565315703,34.18330820884577,10.940047920584718,10.5669522934403,103.38231190405261,8.278166234429643,-8.866843110263398,-5.699230928222599,10.83773064827586,27.494725001348854,30.787079395685694,34.830984591392735,2,-2.0115615188432283,0.0006933222757652402,78.41318447685197,41.22608367830785,0.9993066787719727,11.99791067790268,8.545387599032043,-2.3884547562660003,10.602311213582382,78.41318447685197,146.2240577401215,159.2148237099699,174.31939659691324,-4.750741250135331,-2.0580011080713145,11.99791067790268,26.05382246387667,28.74656260594069,31.877454951765838,12.043957879249206,8.786779849059286,74.15138396118735,3.056116306628645,-4.750908075662072,-2.0567509437235443,12.00454577999281,26.1032546917155,28.835347591605004,32.07435076533444,2,-3.1154714775077164,0.0012792544439435005,81.7039365555614,41.467060076297194,0.9987207055091858,12.749814672250771,7.801750283807804,0.42999226126013923,13.496692390049333,81.7039365555614,149.91118072107344,162.97788084986263,178.17074360677918,-2.541334900387673,-0.08292257864017749,12.749814672250771,25.582551923141715,28.04096424488921,30.899399858784584,12.838024028508038,8.310463264105561,62.98914013473973,6.074652928988869,-2.5414877863314556,-0.08099035371861678,12.761132227375523,25.667438169450893,28.194345614616612,31.24636771633506,2,-3.9095376267665483
141,309,reset,0.8,8.985331446413731,9.98961080476305,10.0306184628579,9.93409719918064,9.984775488933863,0.9882842302322388,10.132423410707993,5.288387344604209,0.011715790256857872,16.034245893214447,9.23037939959344,-0.23262532101367128,1.4338003062114915,10.132423410707993,18.83104651520449,20.497472142429658,22.435052066932485,-2.0569652936291476,0.8516228596550182,16.034245893214447,31.21686892677387,34.12545708005804,37.50731938604902,10.201568132650449,5.3889576963692045,28.63756950009954,0.4032976854984247,-0.24755582060655096,1.4296150393801692,10.169730001643442,19.033483760282504,20.812861574192535,23.00818521493827,2,-0.2167926437165857,0.9054889678955078,10.978942879514463,6.808691230344212,0.094511017203331,11.442873954799268,6.513709464117887,-2.3658467138139034,-0.22035758550990003,10.978942879514463,22.17824334453882,24.323732472842828,26.818327248226236,-1.323762000629488,0.7287753178368277,11.442873954799268,22.156972591761704,24.20950991022802,26.596028118769617,11.022789313752867,6.7827192997526495,45.98686001360612,0.01841927511175058,-2.2769034752384516,-0.13664903660501154,11.024551965903258,22.176177548395202,24.312691211020248,26.797241071104175,2,-1.0380138248190036,0.9916621446609497,9.84987372131306,5.490439390546429,0.008337811566889286,13.586138930341711,10.782297659771006,-0.9111897434579888,0.818904576215532,9.84987372131306,18.880842866410582,20.610937186084104,22.622545725060835,-7.546776153399975,-4.149162482203007,13.586138930341711,31.321440342886422,34.71905401408339,38.66951416842552,9.881025565439607,5.5658192992586395,30.862917500318037,0.11542269800159624,-0.961949134160707,0.7884419678149519,9.865493086275617,18.998318386569462,20.79621290567694,22.96172416248377,2,0.10374992349425582,0.9544885754585266,9.252263780823768,7.165946484746904,0.04551142081618309,12.022248933895725,8.665579710434566,-4.792733244421571,-2.5346692851523347,9.252263780823768,21.039196846799864,23.297260806069104,25.922748151105164,-4.961975203717056,-2.231361282449665,12.022248933895725,26.275859150241107,29.006473071508502,32.181401870596616,9.378329706312437,7.263924970664214,52.43129744072125,0.3333082110671462,-4.799307579492245,-2.523493562644579,9.355770556430294,21.35115368223333,23.692431298940487,26.452561600571542,2,0.6064457826214262,0.9409072995185852,9.910422553295746,6.600826934539577,0.059092774987220764,13.502542813084062,7.92596731340335,-3.026960506583757,-0.946971570860649,9.910422553295746,20.76781667745214,22.847805613175247,25.26624225937341,-2.032067663828199,0.46548673053374046,13.502542813084062,26.539598895634377,29.03715328999632,31.941100022337142,10.122691645918472,6.739872833752765,44.70845784476623,0.7174356049192169,-2.983044324600974,-0.8860820390221996,10.083859182134772,21.25491341777242,23.464961875037524,26.094419374225254,2,-0.13791615698460902
142,313,reset,0.3,83.4754502874477,82.6997156783775,82.5545685698247,82.9545765625117,82.73628693690463,0.9999465942382812,84.11135344695063,8.196522933889089,5.34491082362365e-05,37.51322074967415,19.31045958869147,68.04646369807143,70.62927297075224,84.11135344695063,97.59343392314902,100.17624319582983,103.1793171487305,-0.3345845690772862,5.750341257115139,37.51322074967415,69.27610024223314,75.36102606842557,82.43606736057811,84.10886646424674,8.20457658170521,67.1993310908341,0.1160524405623836,68.0395198583405,70.6252872011278,84.11081265833323,97.59331673843742,100.17606922740043,103.17926144738273,2,-1.3725795273421113,0.9993047714233398,81.9868839100436,8.458398361192842,0.0006952622788958251,27.094144761430343,13.590166896074848,65.40872775521302,68.07405668743516,81.9868839100436,95.89971113265204,98.56504006487418,101.6640609553951,0.4579071012351399,4.740309451545787,27.094144761430343,49.44798007131489,53.73038242162554,58.70960062797428,81.94872182226959,8.585829208445144,71.62317287693838,2.093516650150548,65.30958384598283,68.01956211390792,81.97950825495599,95.89690415798708,98.56260654640711,101.66192822535402,2,0.7875651146350435,0.9999856948852539,84.95301016333131,8.15545608914355,1.4311180166259874e-05,29.71718690149578,15.24498820165988,68.96860995111207,71.53847863566007,84.95301016333131,98.36754169100256,100.93741037555056,103.92543809814384,-0.16244091849563702,4.641412765163114,29.71718690149578,54.792961037828434,59.59681472148719,65.18233279420494,84.95222018878867,8.15827540488993,66.5138386244159,0.0436627310217731,68.96656781565216,71.53732027397774,84.95286381127094,98.36749240877457,100.93741877450717,103.92550449099029,2,-2.2159332518840387,0.9999860525131226,82.86612862206401,10.545828853178433,1.3951963410363533e-05,21.165528873261643,18.646612476492958,62.196683882710936,65.51978378370397,82.86612862206401,100.21247346042404,103.53557336141708,107.39939515465421,-15.381160014339791,-9.505419289056384,21.165528873261643,51.83647703557966,57.71221776086307,64.54403616601445,82.86526814850687,10.548501752592037,111.21780608172321,0.0531138815100586,62.194150983279634,65.51835847856603,82.86594435827546,100.21250489939658,103.53554782516157,107.39939929388333,2,-0.12898121160223752,0.9998111128807068,82.54372741582611,8.291603071357043,0.0001888525439426303,24.66917153276458,14.238816286025278,66.29248402186461,68.9052540306625,82.54372741582611,96.1822008009897,98.79497080978761,101.83288059326807,-3.238395570327345,1.2484029212001992,24.66917153276458,48.08994014432895,52.5767386358565,57.79361152861758,82.53279480473974,8.331185688038149,68.7759840740103,0.6324353789526314,66.26623516292129,68.89073825599938,82.54176498408984,96.18150106576475,98.79438659115108,101.83232048909302,2,0.2034921321648966
143,314,reset,0.4,82.9545765625117,99.7498274327985,100.0176030981,100.04451981129999,99.93731678073283,0.9993168115615845,81.98671533462617,9.478093771425515,0.0006831630598753691,33.53157312875451,15.722694914261135,63.40999290053874,66.39663841811074,81.98671533462617,97.57679225114158,100.56343776871358,104.03605862974165,2.7156573568916045,7.670041373580606,33.53157312875451,59.3931048839284,64.3474889006174,70.10803101673864,81.95361049070696,9.567906856769268,89.94176786144553,1.6029033060854345,63.30392675140749,66.33773316045392,81.97861152491673,97.57365838187356,100.56076442178819,104.03369663375616,2,17.983706290025864,0.9959237575531006,80.55693500722921,9.823767030161617,0.004076195880770683,25.801012820052563,11.685593185085509,61.30270543560043,64.39827617734159,80.55693500722921,96.71559383711684,99.81116457885798,103.41043455291819,2.897671039298263,6.579922486485248,25.801012820052563,45.02210315361987,48.70435460080686,52.98576768308237,80.33373539153743,10.432708748230663,96.66963231943137,12.171478991042951,60.58303073223013,64.01599884426288,80.50654274323459,96.69620022299875,99.79407924752496,103.39548313316911,2,19.603581389195398,0.999734103679657,82.56344641721853,9.679507536086366,0.00026590609923005104,26.883713652752654,14.179738526702367,63.59196025840521,66.64207333938276,82.56344641721853,98.4848194950543,101.53493257603185,105.08134819555534,-0.9080631697790409,3.5601193078827293,26.883713652752654,50.207307997622564,54.67549047528434,59.87071822880171,82.54864164405157,9.723451181833742,93.72141795857294,0.8241515629876601,63.54901891656746,66.61836369259007,82.56021984213919,98.48363339735987,101.53384854541397,105.08043407031114,2,17.388675136681258,0.9997732043266296,81.07640808051755,12.13911724977135,0.00022685859585180879,20.528633656434067,15.496636720306363,57.28417546685679,61.109337044241954,81.07640808051755,101.04347911679314,104.86864069417831,109.31621768725563,-9.844216196867315,-4.961065458511232,20.528633656434067,46.018332771379356,50.90148350973544,56.579201545502,81.06267739895854,12.174165083778986,147.37922653641144,0.8314824242390869,57.238388455828094,61.083976516911044,81.07295517844739,101.04219968425569,104.86748770323801,109.31526763894938,2,18.874639381774287,0.998259961605072,81.29654020018276,9.56541871928404,0.0017400840297341347,23.534120108467803,12.202358965986276,62.54866401334079,65.56282652645889,81.29654020018276,97.03025387390662,100.04441638702473,103.54903170209965,-0.3820639912947179,3.4630257059014546,23.534120108467803,43.60521451103415,47.45030420823032,51.92105194727317,81.19603244541423,9.868763999649593,91.59712084658612,5.795682895147119,62.26237411951835,65.407182449445,81.27564230092237,97.02223954928427,100.03735491585718,103.54285983929603,2,18.741284335318596
144,316,reset,0.1,99.40229400614109,98.65892917571449,99.04834351550299,99.6233242111576,99.11019896745836,0.9999998807907104,102.14231841328956,6.250148282639858,1.7546616959407402e-07,52.84225460303815,35.567565951692984,89.89225288128057,91.86173934160487,102.14231841328956,112.42289748497424,114.39238394529855,116.6823375830488,-16.868893680033203,-5.661185254439772,52.84225460303815,111.34569446051604,122.5534028861095,135.58478603956652,102.14231550900436,6.250152830993783,39.06457087193665,0.00042646983270417185,89.89195587842461,91.86122423265724,102.14231789337136,112.42334827676818,114.39310850174788,116.68269870193889,2,-3.032116541546003,0.9999836683273315,98.28320062697566,6.623691236241776,1.6339357898687012e-05,34.34222781729939,23.54044329334592,85.30100435922819,87.38819807323668,98.28320062697566,109.17820318071462,111.26539689472312,113.69221065270966,-11.796193217766081,-4.378355713806123,34.34222781729939,73.06281134840489,80.48064885236485,89.10548802675363,98.28215662786556,6.6293552366400466,43.881623564472,0.06680152367378187,85.29891386900456,87.38703522355128,98.2830655795546,109.17827396243149,111.26552889878367,113.69241901006812,2,0.8280423395927983,1.0,104.48917350535629,5.970002233758805,2.939443000116171e-08,42.52154309127107,18.45776910695473,92.78818413956536,94.66939367824972,104.48917350535629,114.30895333246285,116.19016287114722,118.37747550988016,6.34498040668376,12.161214630263736,42.52154309127107,72.8818715522784,78.69810577585838,85.46073501277192,104.48917475525282,5.9699856475261335,35.64093668545115,0.00011287424163389051,92.7879677102305,94.66921822277565,104.48917290118294,114.3090087017008,116.1901621402078,118.37769235322753,2,-5.3789757877944595,1.0,100.97960333074826,8.057839395928747,2.8592074485800367e-08,26.931341251030297,32.05219793537787,85.18652832151993,87.7256369749624,100.97960333074826,114.23356968653412,116.7726783399766,119.72494087882964,-35.88981232765942,-25.7898327747425,26.931341251030297,79.65251527680307,89.75249482972,101.49590377633282,100.97960410077118,8.057832855612657,64.92880510446015,0.0001567744974559873,85.18610098586882,87.72554928334925,100.97960227529586,114.23394758872281,116.77286737380413,119.72549477732059,2,-1.8694051333128243,0.9999986886978149,99.3326099759571,6.431572172587978,1.3150312270227005e-06,31.4136031107194,23.11619227785559,86.72696015371463,88.7536151608756,99.3326099759571,109.9116047910386,111.93825979819957,114.29468422639738,-13.893301213580479,-6.609149598818995,31.4136031107194,69.43635582025777,76.72050743501927,85.18990787222805,99.33252103075763,6.432091300079815,41.36576906694565,0.006066219886879924,86.72672408133515,88.7532992693306,99.33259940344138,109.91184760716966,111.9383170300389,114.294860316658,2,-0.2223220632992735
145,317,reset,0.8,99.6233242111576,68.57200849470041,67.9137902346761,68.67381927385681,68.38653933441111,0.2823818624019623,89.51304004144478,18.948675130659005,0.7176180481910706,25.4862147973853,9.865865498829189,52.37431923060332,58.345243026855144,89.51304004144478,120.6808370560344,126.65176085228623,133.5942501475439,6.149473743363792,9.258310148620708,25.4862147973853,41.71411944614989,44.8229558514068,48.43765002615946,43.566226674842625,31.653728989879102,171.23942359677488,830.7189656720743,7.588950627404517,10.901761405883923,30.557546795282143,107.07107671088448,115.09088636239865,123.74565076340248,2,24.820312659568486,0.33308860659599304,89.86743311579004,21.58356797848804,0.6669113636016846,23.24688488695771,8.964650511145159,47.56441722008149,54.365623043820314,89.86743311579004,125.36924318775974,132.1704490114986,140.07832059676167,5.676492751124606,8.501346979348218,23.24688488695771,37.99242279456719,40.817277022790805,44.101780545079386,45.43742977434946,34.56431415275974,208.76576709430364,985.9259842276797,7.280465415568701,10.336483800844691,29.250741539279243,112.22721166989301,120.92930583539632,130.45476106884104,2,22.94910956006165,0.22777406871318817,90.0362678800136,21.678241085567763,0.7722259163856506,22.077602567214413,11.645423248009617,47.54769610412429,54.37873440448903,90.0362678800136,125.69380135553814,132.5248396559029,140.46739794236896,-0.7470075836098999,2.922585900340792,22.077602567214413,41.23261923408803,44.902212718038726,49.16890818252737,37.55682394084658,32.0016968730999,211.76764283798332,812.340938901477,0.5675991337927297,4.420894304743421,26.470106390184668,106.8115699303236,116.65322137881051,127.04294533592874,2,30.829715393564534,0.30946841835975647,90.21137163262372,24.04555431739565,0.6905315518379211,20.47505549000278,9.933563657489442,43.08295118222664,50.65995440159684,90.21137163262372,129.7627888636506,137.3397920830208,146.14969579903067,1.0056284831874969,4.135797279427933,20.47505549000278,36.81431370057762,39.94448249681806,43.5839801862527,42.05624233869143,35.86522982440517,247.06981229493104,1039.2448453502839,2.6212728044387292,5.983588927536741,26.333141572460047,113.96931008794391,123.87086901277391,134.64358164785224,2,26.330296995719678,0.29144787788391113,92.46300322607692,20.308920259590412,0.7085521221160889,21.628030659537153,9.050119688596444,52.65825095238386,59.05780207762138,92.46300322607692,125.86820437453244,132.26775549976998,139.70861669604005,3.8901220141112702,6.741908465404357,21.628030659537153,36.51415285366994,39.365939304963035,42.68175735691865,42.27273309402023,34.8483177190443,178.24205586482395,1036.163191982634,5.2625105414705855,8.309525636405986,26.515750222765554,111.71647255890088,120.22975831590216,129.4434733745155,2,26.11380624039088
146,318,reset,0.9,68.67381927385681,27.7384354301926,25.5896756918041,25.4561681695564,26.2614264305177,0.15312671661376953,63.2989531664945,14.827095505119187,0.8468732237815857,17.49912880945574,8.094199096326117,34.23837998112516,38.91055134774332,63.2989531664945,87.68735498524566,92.35952635186382,97.79193527302903,1.6347900969598967,4.185356068596393,17.49912880945574,30.812901550315082,33.36346752195158,36.3290516692573,24.512304491707077,19.004348018021734,89.14759628537504,272.0176114910777,2.217707815845411,4.848305369057173,19.343702254120004,69.96411284563578,77.8463619240103,85.7131259944023,2,1.7491219388106245,0.1364925503730774,63.41868061488744,17.999788599823557,0.8635074496269226,17.327377834592234,7.260136918622881,28.139743229898613,33.81166305210789,63.41868061488744,93.02569817766698,98.69761799987626,105.29245055727154,3.0977709512617793,5.385515291831098,17.327377834592234,29.269240377353363,31.55698471792269,34.216981920475995,23.61849730109244,18.4424883773932,89.73766953459084,250.3877080156924,3.5512644292621935,5.902901301760076,18.756025927046554,69.56767968647026,79.67948719195878,89.55267329863783,2,2.642929129425262,0.124488964676857,62.210930681621164,16.543841621521462,0.8755109906196594,14.089871093925815,10.761657256844869,29.785596937504366,34.99873278675085,62.210930681621164,89.42312857649146,94.63626442573795,100.69766146631599,-7.002589543454246,-3.611479877004104,14.089871093925815,31.791222064855727,35.18233173130587,39.12522957454306,20.08041135128503,19.693980465802245,135.46825529100116,252.3845932709301,-6.384290917853382,-2.908908727648725,16.00777722017115,66.33218874790344,76.08614884903923,85.41980388271652,2,6.181015079232672,0.0938488245010376,62.46008082613244,19.225258402929427,0.9061511158943176,14.944545578652281,8.489355003339329,24.779266762914716,30.83734481299469,62.46008082613244,94.08281683927018,100.14089488935016,107.18471983967312,-1.694284479867715,0.9807992109309538,14.944545578652281,28.908291946373602,31.583375637172274,34.6937385426487,19.40382181640158,17.087798693402107,99.99305586055057,191.9997858840406,-1.3398834519071328,1.384514122093958,16.032134510464257,60.8790545520283,74.45247165262329,86.39682462019287,2,6.85760461411612,0.10136371105909348,64.40616587345943,16.398247211854358,0.8986362814903259,16.534975397226596,7.362963600807069,32.266191928640524,37.433449471393914,64.40616587345943,91.37888227552494,96.54613981827833,102.55419341275297,2.103831920165387,4.423978013327412,16.534975397226596,28.645972781125774,30.9661188742878,33.66379011660422,21.38737679351912,16.873629565766358,75.97493458986004,208.74443672480058,2.442246771039405,4.808567910744731,17.574869346512084,64.68268364390629,75.64081859824326,85.5477436161518,2,4.874049636998581
147,321,reset,0.3,7.26036616930738,7.87602506466217,7.93656462625527,7.33587986176268,7.71615651756004,0.9999977350234985,7.850932356137115,4.426867545277759,2.2365829863701947e-06,15.38751566955473,12.946885984802494,-0.825568596936531,0.5693832182532299,7.850932356137115,15.132481494020997,16.527433309210757,18.149366258754426,-9.987914572604552,-5.908216700274842,15.38751566955473,36.683248039384296,40.76294591171401,45.50647635574917,7.850948989415563,4.426919421500333,19.597486776527944,0.0001270378264531898,-0.8255848837169926,0.5692594239433459,7.850937959510626,15.132644722248004,16.52752954332775,18.14958243261677,2,-0.13479247185552268,0.9999591112136841,8.377907755908751,4.61408639530189,4.088626883458346e-05,8.20652562982184,6.911159869868308,-0.6655354004391985,0.7884110135289895,8.377907755908751,15.96740449828851,17.4213509122567,19.11187783226007,-5.339098806518573,-3.161320748572514,8.20652562982184,19.57437200821619,21.75215006616225,24.284287700246352,8.377900727641844,4.614203834265292,21.290875646592905,1.2008555659448935e-06,-0.6657854864170435,0.7882213900452748,8.377903078809252,15.967562875366918,17.42159336570911,19.11225563406698,2,-0.6617442100818041,0.9999998807907104,7.9228578675728585,4.280185319882811,1.4129913950000628e-07,11.627528873581412,13.736207958557356,-0.46615120655450326,0.8825795201391662,7.9228578675728585,14.963136215006548,16.311866941700217,17.880057886983053,-15.294944009343471,-10.966522607611342,11.627528873581412,34.22158035477416,38.55000175650629,43.5827270553542,7.922858566054425,4.280188243767565,18.320010849431107,1.939272126833448e-06,-0.46624412810000865,0.8824633085454682,7.922857928907476,14.963263085359962,16.31198162009278,17.880062113982056,2,-0.20670204849438534,0.9999991655349731,6.55584090563368,5.858795048023617,8.74838747222384e-07,8.254326125963509,12.93109752818565,-4.927186381294227,-3.081019378673295,6.55584090563368,16.19270118994065,18.038868192561587,20.185436310044427,-17.090159309855284,-13.01543654373588,8.254326125963509,29.52408879566289,33.5988115617823,38.33655736967296,6.55584265621805,5.858805155024901,34.32559705599322,2.523778209970695e-06,-4.927299840929842,-3.0810710496221625,6.555841230891217,16.192794293421716,18.038939270088058,20.18557561875358,2,1.16031386134199,0.9999879598617554,6.7278800436039035,5.31107442599578,1.2095601960027125e-05,8.967823741448797,11.371694231311196,-3.6816345505595667,-2.008059989004467,6.7278800436039035,15.46382007621227,17.137394637767372,19.083286743391866,-13.320287395123046,-9.736948759506564,8.967823741448797,27.67259624240415,31.255934878020636,35.42234044070209,6.727907510224509,5.3111951819387615,28.208736084092525,6.0687107598394404e-05,-3.6818114156215143,-2.0082092641330185,6.727892280964214,15.464026462082542,17.137707291155365,19.083764268887524,2,0.988249007335531
148,322,reset,0.7,8.26815956555782,9.94308577701238,9.72153631382675,10.1761512127225,9.946924434520545,0.9972313046455383,9.363684927665687,5.075186628267119,0.0027686830144375563,15.73455626223219,9.563791318138874,-0.5834980785571382,1.0157457947049,9.363684927665687,17.71162406062647,19.31086793388851,21.1703345506954,-3.010130276976856,0.0035194251844554714,15.73455626223219,31.465593099279914,34.47924280144123,37.983261862954805,9.38132373536877,5.104068034636488,25.93944523726561,0.11206417889628309,-0.5881256838840498,1.0140667732240385,9.372410822189995,17.762087843017774,19.390776794981125,21.31783174803204,2,0.5656006991517746,0.9769908785820007,10.283553433655065,6.189745693433831,0.02300908789038658,11.017441470571413,6.420386401193118,-1.848125198937149,0.10232777990316855,10.283553433655065,20.464779087406956,22.415232066247277,24.683055168428307,-1.5662846425978323,0.45684561213899855,11.017441470571413,21.578037329003823,23.601167583740654,25.953493725507748,10.300439183215179,6.196126309318885,38.37987032134882,0.012107362437045086,-1.8421369413621673,0.10983719171709262,10.299813556116087,20.493154908562264,22.44664433627719,24.718449764251467,2,-0.35351474869463395,0.9986485838890076,9.162368418053354,5.2000682340275235,0.0013514902675524354,13.289261771280977,11.192762231828384,-1.0295780377913957,0.6090173229180422,9.162368418053354,17.715719513188663,19.3543148738981,21.259536099150594,-8.648149090622816,-5.121193781347404,13.289261771280977,31.69971732390935,35.22667263318476,39.32752039393955,9.167946553705193,5.215022388454881,27.173478286123277,0.02298645891350488,-1.0386950984920196,0.6035803709913363,9.164903641505965,17.73599382934324,19.38679480903704,21.320202428354584,2,0.7789778808153525,0.9928812980651855,8.48927127012933,6.835482474783153,0.007118630222976208,11.579365291925285,9.054564604517504,-4.908028197400371,-2.7540968704809696,8.48927127012933,19.732639410739623,21.886570737659028,24.390981393384543,-6.167255228620185,-3.31406813828176,11.579365291925285,26.472798722132325,29.32598581247075,32.64343241001002,8.511267898043476,6.858740733785699,46.97482960721316,0.06748965115190957,-4.915823242599177,-2.7572960033074723,8.505594715626172,19.795916576134378,21.971950492545353,24.516010973997908,2,1.4356565364770688,0.9866673350334167,9.073268385457474,6.2354267499256215,0.013332660309970379,12.768994808633636,8.283298931029321,-3.1479434726343882,-1.1830959197479185,9.073268385457474,19.329632690662862,21.294480243549337,23.57904014888433,-3.465972769362967,-0.8558194811932012,12.768994808633636,26.393809098460466,29.003962386630235,32.03882966687847,9.122542208205566,6.281451664988975,39.27695982100101,0.17967481106481875,-3.151307354496936,-1.1799397162960357,9.109318684305071,19.462298059216348,21.474907997786044,23.846743314741282,2,0.8243822263149791
149,323,reset,0.1,10.1761512127225,10.2536759428255,10.240673230050701,10.1256430289606,10.206664067278934,1.0,11.198776750364217,4.173993973223858,3.334995568593513e-08,17.73331320301984,17.20664126082707,3.017898891158211,4.333167624633365,11.198776750364217,18.064385876095066,19.379654609570224,20.90893875623282,-15.991083963102092,-10.56909308250443,17.73331320301984,46.035719488544096,51.457710369141765,57.76194651952831,11.198777341769427,4.17399482557468,17.42223556238056,1.424048757590131e-06,3.0176474019872424,4.333035607456756,11.198776869354388,18.06460300308452,19.379665575623115,20.90917992104117,2,-0.9921132744904924,0.9999984502792358,10.796581739061757,4.15860966536418,1.5913240076770307e-06,7.4919791006281145,8.174348062419702,2.6458565691877958,3.956277547912035,10.796581739061757,17.636885930211477,18.947306908935715,20.470954493047408,-8.52944869880928,-5.9536269578066765,7.4919791006281145,20.9375851590629,23.513406900065505,26.508356337308054,10.796576929541061,4.158620733908185,17.294113880152732,1.7377865010208342e-05,2.6457850579446993,3.9562266388485376,10.796578908545424,17.63691169805717,18.947343443070555,20.47099175471801,2,-0.5899128622621266,1.0,11.2733994684788,3.9243013616641935,8.35065405713209e-10,12.143525258987253,15.544595706156725,3.5819101351354856,4.818498140494848,11.2733994684788,17.72830079646275,18.964888801822113,20.402689598281874,-18.323322479315905,-13.425059367778928,12.143525258987253,37.71210988575342,42.610372997290405,48.30566243282933,11.273399478619439,3.9243013739319483,15.400141378940019,6.322438822391492e-10,3.5816808551725456,4.818425325771688,11.2733996916412,17.7284923831226,18.965028783669077,20.402962667237013,2,-1.0667354113405043,1.0,9.18995139062799,5.562356617292854,6.806696983829852e-09,6.5028534735711645,17.01969112289995,-1.7120672484340513,0.040688934276312594,9.18995139062799,18.33921384697966,20.091970029690025,22.12992788192422,-26.85512815530881,-21.492047199524603,6.5028534735711645,34.49775414666692,39.860835102451134,46.096575734161235,9.189951434890942,5.5623567472721,30.939813109636734,4.914772658586264e-08,-1.7120930028726353,0.04054595088907524,9.18995122912234,18.33937700116858,20.092068745277878,22.130157892942712,2,1.0167126323879927,0.9999997615814209,8.955934131665785,5.02053721548663,2.3728864562144736e-07,7.826081169814131,14.71414709381168,-0.8841379937310219,0.6978852835277536,8.955934131665785,17.213982979803816,18.796006257062587,20.63545020945603,-21.013117197281474,-16.376537044939486,7.826081169814131,32.02869938456774,36.66527953690973,42.05630597982715,8.955933853444897,5.02054177261252,25.205839297001774,3.029149524566176e-07,-0.8841466239368144,0.6977469416743425,8.955934160286132,17.21407408084566,18.79614895018075,20.63562155361176,2,1.2507302138340375
150,324,reset,0.2,10.1256430289606,10.1886593293376,10.2741819567899,10.1876535215713,10.216831602566266,0.9999996423721313,10.97800923104871,4.388475214366407,3.369114836004883e-07,16.50849897098174,14.734442421417528,2.376755863843856,3.7596098579114825,10.97800923104871,18.196408604185933,19.57926259825356,21.187129216270925,-12.370477507275766,-7.727502086994523,16.50849897098174,40.744500028957994,45.38747544923924,50.78593777322359,10.978010866909546,4.388484221911381,19.258780964416342,1.0304877938555852e-05,2.376729938522749,3.7595776426058265,10.978009939713226,18.196506894774927,19.57937336986789,21.187308664441773,2,-0.76117926434328,0.9999909400939941,11.022357533171949,4.446177715262528,9.069432053365745e-06,8.077676378285872,7.483573548714326,2.3080093423928094,3.709045992151567,11.022357533171949,18.335669074192328,19.736705723951086,21.365713608680693,-6.589858252850814,-4.231706715874992,8.077676378285872,20.38705947244673,22.745211009422555,25.487071793565715,11.022330931585797,4.446223406738599,19.76882509830041,7.864166625324824e-05,2.3078475900962117,3.708943222904043,11.022342033330347,18.335717068714512,19.736763186625282,21.365764634973118,2,-0.8054993290195309,1.0,11.017971690687766,4.181319079396521,1.3582614144524996e-08,11.801562100250095,14.601236143708046,2.822736887200408,4.140313837501005,11.017971690687766,17.895629543874524,19.21320649417512,20.745174441728267,-16.81633487118219,-12.215334128703024,11.801562100250095,35.8184583292032,40.41945907168237,45.769116761533596,11.01797185098383,4.181319229496191,17.48343213948569,8.3399365726842e-09,2.8226594996068046,4.140207888840982,11.017971453921861,17.895768746274197,19.213391203117585,20.74535106472111,2,-0.801140248417564,0.9999998807907104,9.310904973040003,5.806511094145364,8.988254052155753e-08,7.480590894650788,14.759711444245253,-2.0696476473171757,-0.23995586009896464,9.310904973040003,18.861765806178965,20.691457593397182,22.818869712499627,-21.44791195827358,-16.796974007173176,7.480590894650788,31.758155796474746,36.409093747575156,41.816814234427,9.310904535468149,5.806512679017078,33.71558664805285,3.011110187140656e-07,-2.069702092994891,-0.2400677461898985,9.310905211993152,18.861827178234,20.691598472423845,22.819044779089193,2,0.9059270670981174,0.9999979734420776,9.280302051107007,5.219961213895622,2.0003494682896417e-06,8.518156739946313,12.772096329978691,-0.950633928824395,0.6942299158847813,9.280302051107007,17.86637418632923,19.51123803103841,21.423747723628733,-16.514692073888128,-12.49007223219273,8.518156739946313,29.52638571208535,33.551005553780755,38.230495884237065,9.28030028332767,5.219987508025196,27.24826616483121,1.1619316795957264e-06,-0.9507567970885907,0.694128004092499,9.280301527042532,17.86644973218288,19.51134829870855,21.423866252920693,2,0.9365313192385969
151,325,reset,1.4,8.1861397193955,8.788774976599889,9.573500550476279,9.46795759112436,9.276744372733509,0.2352139800786972,7.581764961417974,6.588956055358505,0.7647860646247864,15.056300994697992,9.337958611815104,-5.3323516028018005,-3.256103304062332,7.581764961417974,18.419633226898277,20.49588152563775,22.909968872949754,-3.2457615735852556,-0.3032740962688223,15.056300994697992,30.4158760856648,33.35836356298124,36.77964115917542,13.298186298137665,9.324654960386834,76.89907086950063,10.050127166208824,-4.007076775474501,-1.4127992345342775,12.937354819516141,29.178992829372596,32.266583604052016,35.82434316052582,2,-4.021441925404156,0.0059678987599909306,7.486394499620005,13.188311917238309,0.994032084941864,8.762997405196685,8.204563404974166,-18.362221875047478,-14.206448190816761,7.486394499620005,29.17923719005676,33.33501087428748,38.16699589047483,-7.317651377428,-4.732308469028398,8.762997405196685,22.258303279421764,24.843646187821367,27.849666039791618,8.755378625478892,8.24383445270535,67.95113730388003,0.009667930370391983,-7.406654811605449,-4.792852427901556,8.758254588813132,22.297024355101087,24.9017191849397,27.944218028422213,2,0.5213657472546167,0.1954634189605713,7.295745788218213,7.164239838747392,0.8045365214347839,11.439640764741938,9.80661916408885,-6.745906272333723,-4.488380094895669,7.295745788218213,19.079871671332093,21.337397848770145,23.962259906206903,-7.780979606972505,-4.690812335441429,11.439640764741938,27.570093864925298,30.660261136456377,34.253248408648204,10.62966020296135,9.492361723053618,87.40452023606542,2.700404110518571,-7.547573432633892,-4.641131383650506,10.428344069142526,26.58185231533753,29.76063151938842,33.4513444976079,2,-1.3529158302278415,0.014826325699687004,6.585302701664091,9.053782241682777,0.9851736426353455,10.02462159248639,9.50888760141671,-11.159784415902472,-8.30684385619666,6.585302701664091,21.47744925952484,24.33038981923065,27.647549771631535,-8.612455639329827,-5.616106666977776,10.02462159248639,25.665349851950552,28.6616988243026,32.145602048535466,9.973628812996655,9.51138635779189,90.29368819058705,0.17277910678471423,-8.664329325650039,-5.66901206740354,9.972309793278512,25.620808269620955,28.618982397512845,32.10509352541679,2,-0.6968844402631458,0.014679158106446266,7.3581792069188054,9.92812241762692,0.9853208661079407,13.145802650234621,7.668181640991632,-12.10058316573469,-8.972128960533059,7.3581792069188054,23.688487374370663,26.816941579572298,30.454445686382403,-1.8835571930202306,0.5327662659268384,13.145802650234621,25.758839034542397,28.17516249348947,30.98466070851451,13.060845528967166,7.737520995650901,59.384751386106,0.4844839026603119,-2.1746787770155636,0.3183798003513684,13.083399711868733,25.739040627867627,28.161663488906456,30.97903724211374,2,-3.784101156233657
152,326,reset,0.9,9.46795759112436,8.45721032151776,8.03407088782107,8.03207690231709,8.174452703885306,0.9590845704078674,10.572010466737623,5.501438216125808,0.04091545194387436,16.250748598550594,9.031745688504612,-0.21061030004124603,1.522949863493647,10.572010466737623,19.621071069981596,21.35463123351649,23.37026956498893,-1.4511476684433653,1.3948489451104553,16.250748598550594,31.106648251990727,33.95264486554455,37.261730979880824,10.804358840174512,5.799182022227927,32.365056165567744,1.2654585705758574,-0.246504543260937,1.5196577095961519,10.707514984723105,20.319244887292694,22.43374582542447,25.311061367539082,2,-2.6299061362892058,0.7001877427101135,11.313217846564498,7.526920484041736,0.2998122274875641,11.625142883057826,6.66822684438438,-3.4392752166540976,-1.067464611386887,11.313217846564498,23.69390030451588,26.065710909783093,28.82345331268945,-1.444341572678736,0.6568857727370041,11.625142883057826,22.593399993378643,24.694627338794387,27.13775822611349,11.406736449404537,7.28151517635434,53.00003427941692,0.020425106373089905,-2.9069495230025004,-0.5810280885252972,11.41484654715469,23.366401452702924,25.675549826028057,28.37335244721135,2,-3.232283745519231,0.9618393778800964,10.226151342797692,5.77755430395947,0.038160644471645355,13.721477615040868,10.460653602095993,-1.0976470116872523,0.7229201910208651,10.226151342797692,19.729382494574516,21.549949697282635,23.666752514969318,-6.7810266998164686,-3.484766402649715,13.721477615040868,30.927721632731444,34.2239819298982,38.056596883354544,10.359535474557461,6.060568672290765,36.282066034466965,0.44842899587370993,-1.302601703740051,0.5988152718510416,10.299815792350948,20.247282703040565,22.357369209926695,25.133943511212454,2,-2.185082770672155,0.7981704473495483,9.669961967267426,7.494781652749956,0.20182955265045166,12.240653515736177,8.46647269144296,-5.019540144114073,-2.657856817467694,9.669961967267426,21.99778075200254,24.35946407864892,27.105431331542587,-4.353328035583925,-1.6854547982693724,12.240653515736177,26.166761829741723,28.834635067056276,31.93661426209934,10.188803492497172,7.7695941888027935,59.30200886307816,1.0645849956000137,-4.905362861541844,-2.4936676612791975,10.136468228652898,23.048079029083834,25.593226091510985,28.596590174462676,2,-2.014350788611866,0.7942545413970947,10.39320525902177,7.014199792751463,0.20574554800987244,14.02498252555602,7.6860088515884755,-3.3543737151394133,-1.1441267102477433,10.39320525902177,21.93053722829128,24.14078423318295,26.71067403498684,-1.0393180084134563,1.3826229892395911,14.02498252555602,26.667342061872443,29.089283059525492,31.905312877307953,11.140428192199616,7.30659177836708,51.230891298183835,2.155403213739428,-3.0089261473315325,-0.7600917051478314,11.074920308554399,23.26448082169154,25.673452922573926,28.513035648478,2,-2.96597548831431
153,331,reset,1.2,98.1650016246308,11.077402575075201,11.0719005902762,10.4922381045562,10.88051375663587,0.003757480066269636,82.6089805105259,30.41787223075785,0.9962425231933594,15.826197893429281,7.980839332183776,22.991046451899464,32.57603304761736,82.6089805105259,132.6419279734344,142.2269145691523,153.37153290739536,0.18404023594838037,2.6988853717698262,15.826197893429281,28.95351041508873,31.46835555091018,34.39240650691653,16.077132919470575,9.144737946187213,66.93106545819312,16.695167488773222,0.1950587295997568,2.7119339755344587,15.86285960789248,29.22714765784384,31.976977153011575,35.6504417921187,2,-5.196619162834706,0.004771996755152941,83.07882325194494,42.56702476072051,0.9952280521392822,14.983447598058632,7.823366118850167,-0.3510122080919871,13.062298185740659,83.07882325194494,153.0953483181492,166.50865871198187,182.10453080829092,-0.35006823275860377,2.1151554624986666,14.983447598058632,27.851739733618594,30.316963428875866,33.18331873648886,15.308399242327106,9.5698310893422,69.55961722798833,22.022061308820724,-0.35044468609165774,2.122381562924574,15.025298861310116,28.172751658449535,30.915630153051538,34.700094099844385,2,-4.427885485691236,0.0030270577408373356,82.31207021270788,36.497816974417255,0.996972918510437,12.918707069095674,10.24620261807965,10.777663428515396,22.278503586526625,82.31207021270788,142.3456368388891,153.84647699690032,167.21868913827518,-7.163481040640455,-3.9347964697323157,12.918707069095674,29.772210607923657,33.0008951788318,36.75493874665696,13.128764479359452,11.100976422360146,108.69918624038549,14.532487195974218,-7.154186477003284,-3.9227355426976955,12.955461066495621,30.04167066045011,33.494746890874616,37.92471885923761,2,-2.248250722723583,0.001660952577367425,83.00976640423653,39.17134240914787,0.998339056968689,14.033218227145895,8.448580644147105,6.235346056220251,18.57864176999162,83.00976640423653,147.44089103848142,159.78418675225277,174.13593554108348,-2.5256955558646474,0.13653971202851878,14.033218227145895,27.929896742263267,30.59213201015643,33.68755584732011,14.147785136580435,9.038683990704644,73.80851503259125,7.88929516196608,-2.5237936983128746,0.14089641244581944,14.049454609967109,28.05037186277526,30.81077258622048,34.187461960629776,2,-3.2672713799445656,0.003044665092602372,86.2584697224143,37.90816214108191,0.996955394744873,14.667044506886974,7.844842194785773,11.959837205788958,23.905091733591213,86.2584697224143,148.61184771123737,160.55710223903964,174.4460421281157,-0.7085636592932971,1.7634273699316427,14.667044506886974,27.5706616438423,30.04265267306724,32.91687646891274,14.885017297809258,9.015921780362508,65.72945063065474,15.557408176775107,-0.7034299069881527,1.7718494515548888,14.69529930311739,27.782179170819177,30.43261034059223,33.852811268831445,2,-4.0045035411733885
154,332,reset,1.2,10.4922381045562,13.767154735247301,13.6401214898341,13.6651281098928,13.6908014449914,0.5270203351974487,10.81075936391207,6.276075758166424,0.47297969460487366,15.995822224565245,8.989379228147795,-1.4901230863390396,0.487533390069812,10.81075936391207,21.133985337754325,23.111641814163175,25.41109486124179,-1.6230373059769079,1.209609197104113,15.995822224565245,30.782035252026372,33.6146817551074,36.90824548091376,13.263189134436617,8.10440890552878,58.979858119488014,6.701590831117863,-1.541882516470527,0.7526744708690594,12.802992310789762,27.45247425969861,30.613566964344923,34.26896158213481,2,0.42761231055478355,0.04782324656844139,11.050067297513536,10.6332244009981,0.9521768093109131,10.686071187637047,7.452909392121153,-9.790669567975236,-6.440030424657092,11.050067297513536,28.540165019684157,31.890804163002304,35.786646276974665,-3.9213628009607238,-1.5728738573341285,10.686071187637047,22.945016232608218,25.293505176234817,28.02413110741711,10.703479260480384,7.635618016084678,58.29663565609667,0.00603323324875376,-4.256090952180298,-1.8085931894003588,10.69844657964766,23.229770817329374,25.693382436275357,28.62816021021174,2,2.987322184511017,0.46628397703170776,10.361720557982224,6.75845359472751,0.5337159633636475,12.857800914860668,9.930012767606962,-2.8846050788689617,-0.7549463498885416,10.361720557982224,21.478387465852983,23.608046194833406,26.084234709880246,-6.604666475671888,-3.475616601612078,12.857800914860668,29.191218431333407,32.32026830539322,35.95846500598153,11.693917872680007,8.687691599644312,73.92545552605131,1.550521653680021,-4.93958525404411,-2.1355597975981135,11.455387254859607,26.41820440220717,29.693866349215405,33.57449560087338,2,1.9968835723113934,0.07701314985752106,9.76427198883269,8.61811636512775,0.9229868054389954,11.51067297054687,8.768335072249842,-7.126925701392949,-4.411267971837535,9.76427198883269,23.93981194950291,26.655469679058324,29.813008673084212,-5.674947975442237,-2.911954775369086,11.51067297054687,25.933300716462824,28.696293916535975,31.908870624753032,11.376176615463615,8.769227797789739,76.68255584813066,0.216794535989235,-5.807034462243835,-3.045507092091136,11.37474132996805,25.80276166654648,28.567525047639826,31.78235050042965,2,2.3146248295277854,0.08877503871917725,10.622271875810632,8.730971843833341,0.9112250208854675,14.154137229985103,7.4717509368536295,-6.490118488135991,-3.738898828329827,10.622271875810632,24.983442579951088,27.73466223975725,30.933549663022767,-0.49022550770142104,1.8642006018233452,14.154137229985103,26.444073858146858,28.798499967671624,31.536029137297206,13.840596590069666,7.658158526998659,57.63832539578216,1.0090780468518712,-1.331381595750354,1.1808443794180614,13.888022862456909,26.345404896026604,28.72531594347934,31.493033677181966,2,-0.14979514507826508
155,333,reset,0.4,13.6651281098928,14.996512561003899,15.0470249624125,15.0760321993896,15.039856574268667,0.9999685287475586,14.670807917060657,4.995252343688036,3.151363125653006e-05,15.682998119178968,11.521095275617988,4.880293229742808,6.454348982007545,14.670807917060657,22.887266852113765,24.461322604378502,26.291502587096847,-6.897933683486862,-3.2675172313747574,15.682998119178968,34.63351346973269,38.26392992184479,42.48507362023485,14.670840436580903,4.995594742912486,24.955943671145846,3.2285612201184034e-05,4.879791887903492,6.454018981548429,14.670821472915216,22.887677033103177,24.46195175822916,26.292562363747624,2,0.36901613768776365,0.9996718168258667,15.135453636850116,5.292961213515523,0.0003281750832684338,10.061956004592219,6.768128671035424,4.76144028679227,6.429307187485639,15.135453636850116,23.84160008621459,25.50946698690796,27.44872270329258,-3.2033324333701536,-1.07062498763465,10.061956004592219,21.19453699681908,23.327244442554587,25.806977749690336,15.133788518883277,5.294310488211781,28.02127711396876,0.008444578557146101,4.755723361071038,6.425165478580675,15.13426376105435,23.84113669151307,25.509088522327513,27.448409362899103,2,-0.09393194461461007,0.9999961853027344,14.508958226543832,4.898483570414737,3.7689064811274875e-06,12.054350303983632,12.994777252322779,4.908106849669771,6.45166975918495,14.508958226543832,22.566246693902713,24.109809603417894,25.904535066602143,-13.414945097689383,-9.320156190925985,12.054350303983632,33.42885679889324,37.52364570565664,42.28472273855901,14.508948310979545,4.898542491015928,23.995686188936126,2.270795349797774e-05,4.907925946676348,6.45156361030055,14.50895495869452,22.56638485218217,24.109891029400217,25.904761280950733,2,0.5309082632891222,0.9999831914901733,13.358628394329095,6.568242891247923,1.683122172835283e-05,9.627855574114413,11.59295378913142,0.48510888577192723,2.55483025196172,13.358628394329095,24.162426536696465,26.23214790288626,28.638646280567567,-13.093916327020327,-9.440856513019224,9.627855574114413,28.69656766124804,32.34962747524915,36.597098975314,13.358565904264395,6.56837740988208,43.14335158740931,0.00023426420792240025,0.48467920201416,2.554535511736295,13.358593203894646,24.162544706856377,26.232263201529662,28.63886805802717,2,1.6812906700042713,0.9998623132705688,13.629034890407112,5.805925402630969,0.00013771503290627152,10.582597579278286,10.05670727951248,2.2496302043241982,4.079137434079874,13.629034890407112,23.17893234673435,25.008439576490023,27.13563710765738,-9.128186491627968,-5.959213864617098,10.582597579278286,27.124409023173662,30.293381650184532,33.97799717882319,13.628615735941613,5.806834708821746,33.71805666569157,0.001277926949283217,2.247124887304897,4.077506966801185,13.628796121800368,23.17937492644093,25.009190235088415,27.136877792791715,2,1.4112408383270534
156,334,reset,1.5,15.0760321993896,11.9096320936002,12.0761818687481,12.627340414409101,12.204384792252467,0.0799591913819313,13.326377179425698,8.021489060832346,0.9200407862663269,13.955978988022352,9.382219744598563,-2.3954524821877268,0.13220180416404936,13.326377179425698,26.52055255468734,29.048206841039118,31.987151202734886,-4.432833806431422,-1.476399187736316,13.955978988022352,29.388357163781016,32.34479178247612,35.782285944653225,13.905636224573923,9.282329265858497,86.13247094169189,0.02916133603823466,-4.282761961169627,-1.3486886509486096,13.897929166104628,29.186479499242708,32.13362125037306,35.56723030807288,2,-1.701251432321456,0.0015242230147123337,12.638785427233977,17.13345215416839,0.9984757304191589,7.711017641303343,8.644181438537773,-20.942163725776275,-15.543235490749424,12.638785427233977,40.82080634521736,46.21973458024422,52.49715542106407,-9.231266654060331,-6.507395549902112,7.711017641303343,21.929430832508793,24.653301936667013,27.82039075366899,7.718528299301576,8.665585896931217,75.05542003030496,0.03695613257952365,-9.24852172801407,-6.51796288150621,7.7147589231902565,21.960723012302726,24.702383992475358,27.908932408750424,2,4.485856492950892,0.06549476087093353,12.650277371929718,8.800282275075658,0.93450528383255,9.723537252067636,9.836199106993012,-4.597958941004784,-1.8248988464252367,12.650277371929718,27.125453590284664,29.898513684864216,33.12279533351126,-9.555058742403713,-6.45557052448666,9.723537252067636,25.902645028621926,29.002133246538982,32.60595813326324,9.915223831025358,9.798502593246308,95.48638551210425,0.524271952624188,-9.33846809273847,-6.232208539669485,9.933070499525954,26.00118210028098,29.073472912791807,32.645931522426,2,2.2891609612271093,0.0040735588409006596,11.84663081014012,10.967541151698615,0.9959264993667603,8.788903268490252,9.931259073043499,-9.649354846150118,-6.193369031970882,11.84663081014012,29.886630652251114,33.34261646643035,37.360946851849626,-10.676006835811652,-7.5465642380000695,8.788903268490252,25.124370774980566,28.253813372792152,31.892466699613806,8.801359613132107,9.93760839841113,98.71813379313079,0.03793139603490098,-10.672550665312771,-7.542061451862234,8.80004290555312,25.149076515556093,28.283077552125924,31.928511239692945,2,3.4030251791203607,0.003806508146226406,12.872894898390328,12.328247341600761,0.996193528175354,11.945413123121575,7.763102568343128,-11.290025883648834,-7.405267455396537,12.872894898390328,33.15105725217718,37.03581568042949,41.5526868921729,-3.269988319121353,-0.8237542928139128,11.945413123121575,24.71458053905706,27.1608145653645,30.005090278947602,11.948944023930895,7.785766057092803,60.614896302131775,0.003261979542456629,-3.305595514778322,-0.847704152111579,11.94763699240755,24.748562374146317,27.210601990035293,30.08547548607854,2,0.2554407683215718
157,335,reset,0.2,12.627340414409101,12.454781359426901,12.4232800341491,12.4122762376901,12.430112543755365,0.9999996423721313,13.701242801687435,4.505547599934871,4.161099127486523e-07,16.95518060269867,14.771590968319526,4.870531775184206,6.29027649053206,13.701242801687435,21.11220911284281,22.531953828190662,24.182713882185734,-11.996605689564753,-7.341924377385322,16.95518060269867,41.25228558278265,45.90696689496208,51.319039848049684,13.701244956959895,4.505556140801702,20.30004271058898,4.405816841692006e-06,4.8704512095528605,6.290149098067877,13.701243008485125,21.112364397876984,22.532039647651175,24.182895571083318,2,-1.2711324132045299,0.99998939037323,13.607411130879314,4.5478409389033585,1.0600786481518298e-05,8.615273470170969,7.601425775690333,4.693806683211905,6.126878467725732,13.607411130879314,21.087943794032892,22.52101557854672,24.187271230573042,-6.28324728133653,-3.887959286975688,8.615273470170969,21.11850622731762,23.513794221678467,26.298834163127424,13.607358090000446,4.54791338091142,20.683250299356637,0.0002641840469655165,4.693530235617589,6.126695319983113,13.60738164674999,21.087983863214188,22.521063113707246,24.187326650278045,2,-1.1772455462450804,1.0,13.680731351751554,4.288771860055113,1.761587320459057e-08,12.04218405761818,14.623374274381328,5.274892968134674,6.626329402572487,13.680731351751554,20.73513330093062,22.086569735368432,23.657906650636946,-16.619102852618777,-12.011126155866812,12.04218405761818,36.09549427110316,40.703470967855125,46.0612397121287,13.680731563885141,4.288771920363627,18.393567834633092,4.7295809555587615e-08,5.274851226654884,6.626200427911494,13.680731407822831,20.73527611948926,22.086724706542032,23.65804669623027,2,-1.2506190201297755,0.9999998807907104,11.937961225181965,5.9466793925130474,1.0786398974005351e-07,7.7145735740401875,14.846194955832171,0.2826837882498623,2.156544058089297,11.937961225181965,21.719378392274628,23.593238662114068,25.77200618755717,-21.383433846851094,-16.70524404548902,7.7145735740401875,32.134391193569385,36.812580994931466,42.25198764713621,11.937960634190775,5.946681334730719,35.363015355990285,1.92397014656408e-06,0.2825502696061101,2.15644137949507,11.937961204960805,21.71940892033986,23.59334147729615,25.772117317093862,2,0.49215190956459054,0.999997615814209,11.869205507920071,5.295615916136122,2.3869181404734263e-06,8.896883747838011,12.726338910263621,1.489989036336187,3.1586924613216247,11.869205507920071,20.579718554518514,22.248421979503952,24.18865033616018,-16.046282171329413,-12.03608096652276,8.896883747838011,29.829848462198775,33.84004966700543,38.50277521605302,11.86919844566216,5.295648058309423,28.043867654756585,2.108764735506554e-05,1.4898201196586154,3.1586243685541135,11.869202629608475,20.579829424378822,22.24845327922745,24.188716089585178,2,0.560914098093205
158,341,reset,0.5,78.0412276197269,84.7922547362834,84.9223003413027,85.21945287406871,84.9780026505516,0.9926261305809021,76.01643106122667,10.581813221129307,0.007373827509582043,28.204180746433302,12.56179777633009,55.27645825668344,58.610897204729085,76.01643106122667,93.42196491772425,96.7564038657699,100.6334097516981,3.5835095237509833,7.541862113005806,28.204180746433302,48.866499379860784,52.82485196911561,57.42729229752977,75.6638685887486,11.359808946950308,112.31266456927492,16.73235480907772,53.80583815460713,57.849841404422016,75.91792368560513,93.38401646295075,96.7229130303329,100.60407057469268,2,9.314134061803003,0.9787525534629822,75.22657166327778,11.04873614986957,0.021247416734695435,23.376200962726557,9.780255121455612,53.571446734847676,57.05301793393497,75.22657166327778,93.4001253926206,96.88169659170788,100.92977551636504,4.207253165060141,7.289112853689577,23.376200962726557,39.46328907176353,42.54514876039297,46.12847667210187,74.12488298722819,13.320003219297565,121.51318504353789,55.9091369697514,45.98015480517604,54.34685147929814,74.92592262392265,93.2848770230688,96.7800770428861,100.84070630182964,2,10.853119663323412,0.9961232542991638,76.13827939008503,11.033140762534224,0.0038767128717154264,22.664446734036886,13.153148814141568,54.51372085915716,57.99037779016447,76.13827939008503,94.28618099000558,97.7628379210129,101.80520294699986,-3.1152512249763156,1.029442201263663,22.664446734036886,44.299451266810095,48.44414469305008,53.263246514757924,75.9309741951746,11.53132492601415,121.92897004080066,11.042295231796013,53.754471438667835,57.58433785942252,76.08446626931519,94.26540441646878,97.7445737389283,101.78920052788327,2,9.047028455377003,0.9967703819274902,75.23712203502234,13.502406821925186,0.0032296853605657816,18.85973990553267,12.747569327150753,48.772890959441035,53.027639201404384,75.23712203502234,97.44660486864028,101.70135311060363,106.64841743964254,-6.1250368661103,-2.1081457370465913,18.85973990553267,39.827625548111925,43.84451667717563,48.51502070893805,75.05504589185138,13.873814791203287,182.25100776086884,10.232108150850296,48.010252220263666,52.61610738851248,75.1822888535917,97.42547818440644,101.68265752246147,106.63201169989972,2,9.922956758700224,0.9857378005981445,75.91487373752756,10.7010018045127,0.014262224547564983,21.35614012345956,10.29808710585122,54.94129560218453,58.31329210736059,75.91487373752756,93.51645536769452,96.88845187287058,100.80912653556288,1.172260286334847,4.417294196737984,21.35614012345956,38.29498605018113,41.540019960584274,45.31307316884394,75.1367467366263,12.499554929687633,114.39077207717321,41.84824332398063,51.37550484668895,56.697441765265154,75.72081390046345,93.4418682512243,96.82268470897473,100.7514408511368,2,9.841255913925295
159,344,reset,0.2,112.0009210955,112.1460320771,112.05243874840001,112.1110168132,112.10316254623335,0.9999983310699463,111.44254062546497,7.48825475838289,1.7060873460650328e-06,55.028772860898314,33.23092336012817,96.76583099197381,99.12545762660226,111.44254062546497,123.75962362432769,126.11925025895613,128.8628261629052,-10.102640097963672,0.36876804504506566,55.028772860898314,109.68877767675154,120.16018581976029,132.3354607721466,111.4424485195527,7.488706025052102,56.075749765403934,0.005429636241633239,96.76553193924701,99.12515350273259,111.44252561614084,123.75985152872764,126.11929511688307,128.86316085572284,2,0.660714026680651,0.9999133348464966,108.42520490648315,8.07131390279868,8.665543282404542e-05,37.26519588209459,23.68642816402262,92.6057203490803,95.14907495920089,108.42520490648315,121.7013348537654,124.24468946388598,127.20188884497514,-9.15935024178495,-1.69551139302353,37.26519588209459,76.22590315721268,83.68974200597413,92.3680676850897,108.41903745113471,8.10110840547271,65.1890799802001,0.4387631534695926,92.59391784813239,95.14258448468404,108.42433075741884,121.70110919515523,124.24462371783552,127.20188321476635,2,3.6841250950986364,0.9999995231628418,114.53989347591903,7.446181503987154,5.170793428987963e-07,45.93895005945886,17.563586019482276,99.94564590575591,102.29201482214678,114.53989347591903,126.78777212969126,129.13414104608214,131.86230198744178,11.514954021902383,17.049421893039256,45.93895005945886,74.82847822587846,80.36294609701534,86.79796105641489,114.53986261312383,7.446318387503536,55.44575206019402,0.0024334203970057962,99.9454267835769,102.29186574543318,114.53988836328688,126.787888164697,129.13422377439122,131.86246854208176,2,-2.436700066890481,0.9999996423721313,111.43043201172085,9.593791258771072,3.380405360076111e-07,30.44837485010222,29.359964951759405,92.62694666933436,95.65004966351592,111.43043201172085,127.21081435992578,130.23391735410735,133.74892791055453,-27.096099042704495,-17.844469987967365,30.44837485010222,78.74121968817178,87.99284874290892,98.7498668975413,111.4304024538779,9.593932942512971,92.04108919399762,0.002216900725051785,92.62655824149172,95.64989858671647,111.43042828831486,127.2108147840041,130.23422678319955,133.74894238220068,2,0.6727600923554462,0.9999909400939941,110.44213341278017,7.754351054792233,9.079089977603871e-06,34.42365406636348,22.293479404110272,95.2438846219072,97.68736095565018,110.44213341278017,123.19690586991014,125.64038220365312,128.4814515036624,-9.270762655778128,-2.245856388855259,34.42365406636348,71.09316452158221,78.11807078850508,86.28604248308869,110.44144535288498,7.757973941004519,60.13392780984209,0.05246585236762754,95.24252232541093,97.68657703676618,110.44204522159208,123.19705321614168,125.64054982630897,128.48166712410466,2,1.661717193348366
160,346,reset,0.5,111.7793279334,125.25042256360001,124.03134619400001,124.89621124840001,124.72599333533334,0.9963017702102661,105.28436824322598,12.562789057417186,0.0036982642486691475,41.985690826997114,17.849295417342322,80.6617541453144,84.62041909750705,105.28436824322598,125.9483173889449,129.90698234113756,134.50978585897198,7.00171465959032,12.626212521253294,41.985690826997114,71.34516913274092,76.9696669944039,83.50936127425834,105.05027663553673,13.159825068809917,158.4182578850503,14.763118230296651,79.84714205261348,84.18250415656784,105.22594469341432,125.92582300807304,129.8871425768476,134.49239413151918,2,19.67571669979661,0.9835530519485474,104.29490546533418,13.645309788175584,0.01644698716700077,32.06224385577663,14.469168110270086,77.55058972261816,81.85036816937713,104.29490546533418,126.73944276129122,131.0392212080502,136.03864288168512,3.70319547339178,8.26258021062829,32.06224385577663,55.86190750092496,60.42129223816147,65.72256232824297,103.10689988635586,16.461371578237088,186.5754373154696,84.40173275999466,71.8706639385502,79.41426714831188,104.00890562153957,126.62962507652152,130.94233128556388,135.95366049544248,2,21.61909344897748,0.9969719648361206,107.46516070015575,13.602472901547056,0.0030279613565653563,36.165032365127644,14.149125519060636,80.80480371244147,85.09108381253695,107.46516070015575,129.83923758777453,134.12551768787003,139.1092446163679,8.433255935032193,12.891791936909115,36.165032365127644,59.43827279334616,63.89680879522309,69.08082043593137,107.24925873512427,14.157001872810707,185.07319102001674,15.3466620452423,80.07924572420517,84.7015652788326,107.41338386272278,129.8192852369231,134.1079612518466,139.0938970359691,2,17.47673460020907,0.9984536170959473,106.05398850537483,16.038482777199956,0.0015463532181456685,27.393174498898226,16.33339322305737,74.61913989539697,79.67303193849875,106.05398850537483,132.4349450722509,137.48883711535268,143.3650788169546,-4.61968796362482,0.5271334155277039,27.393174498898226,54.25921558226874,59.406036961421265,65.39032909923083,105.9323479541851,16.334053981828582,257.24768489002975,9.553301466034275,74.19467749035664,79.44165372892414,106.02285725200629,132.42299507645262,137.4782458625502,143.35587220537698,2,18.793645381148238,0.993441104888916,107.03174609787192,13.095867751789015,0.006558909546583891,29.738773199819704,14.078694133333205,81.36431695806591,85.49096052826492,107.03174609787192,128.5725316674789,132.6991752376779,137.4972902009663,2.145039749131268,6.5813820918661605,29.738773199819704,52.89616430777324,57.33250665050814,62.49071336617066,106.5247900251038,14.512202478543133,171.67692919307507,38.92725539244161,79.73530333496431,84.65124967721302,106.92338055442586,128.530749904036,132.6623743903657,137.46496118458217,2,18.201203310229545
161,352,reset,0.7,129.4445933776,119.2737990887,120.6626745822,120.8270125702,120.2544954137,0.8714007139205933,115.54991092821273,19.163283163568508,0.12859922647476196,40.663563913821804,15.337155730526726,77.99056610207566,84.02911511231898,115.54991092821273,147.07070674410647,153.1092557543498,160.13037397542297,10.60329105670731,15.436187683345352,40.663563913821804,65.89094014429824,70.72383677093629,76.34312354136596,105.91957774133004,31.284074893783504,350.2559062904986,628.4367669674104,27.44535120114498,36.3269626613158,111.98500057520995,145.7736382208622,151.96813099233705,159.13197068939223,2,14.334917672369954,0.8156882524490356,115.6509985460479,21.87498732830762,0.18431174755096436,31.81910335285587,13.508844385729171,72.7768112202949,79.6698462995636,115.6509985460479,151.63215079253217,158.5251858718009,166.53982881192667,5.342254884070577,9.5990316690662,31.81910335285587,54.03917503664553,58.295951821641154,63.24537477034548,100.19979544248139,38.47749897433995,423.95396548108357,1056.5639618392477,16.95679205794249,23.590562222107955,109.37084175132841,149.4253480348174,156.58661485357555,164.84559171182542,2,20.05469997121861,0.8149996995925903,118.90019894558475,22.30271935412705,0.18500030040740967,36.5549516280841,13.132954343623071,75.18767225419131,82.21549012506806,118.90019894558475,155.58490776610142,162.61272563697818,170.78408270038773,10.814834103974007,14.953164043387588,36.5549516280841,58.15673921278059,62.29506915219418,67.10677204524706,103.66630345472468,38.20556510255304,437.29788482803656,1022.3673199773834,22.074742740977964,28.513188089211113,112.46706959106041,153.3254074375013,160.62787473382014,169.04947059715565,2,16.588191958975315,0.9142848253250122,117.97348368417985,24.185255791530455,0.08571522682905197,29.224214748316363,13.590286483764134,70.57125337589139,78.19227797673187,117.97348368417985,157.75468939162783,165.37571399246832,174.23680207794067,2.5877427005571647,6.870182734187349,29.224214748316363,51.57824676244537,55.860686796075555,60.83994881742703,110.36632611922641,34.174279927635276,550.6207620315124,617.2612818152247,21.754811263697114,32.01339910057132,115.12514772475161,156.69427236048475,164.4418501321854,173.4189395897093,2,9.888169294473585,0.8797773122787476,120.18805173884755,21.101472541771535,0.12022265791893005,30.00886847974246,13.303502237516048,78.82992553621446,85.47921809449772,120.18805173884755,154.89688538319734,161.54617794148064,169.27741752552893,3.9344832259629783,8.126554573207155,30.00886847974246,51.89118238627776,56.08325373352194,60.95744262728549,109.34646705659658,35.681411376861874,413.01771689918996,860.1450446097214,19.18527767920922,27.18181335512539,116.55620872768411,153.56921480358707,160.3779344500158,168.2549872075667,2,10.908028357103419
162,355,reset,0.2,128.60560275449998,128.6051065744,128.5910331929,128.6201094454,128.60541640423332,0.9999991655349731,125.4887832705356,7.629098078828051,8.42171914428036e-07,63.151669040410404,40.609789241979236,110.53602580150891,112.94003362520678,125.4887832705356,138.03753291586443,140.4415407395623,143.2367193670663,-16.442055293631064,-3.6454900839940407,63.151669040410404,129.9488281648148,142.74539337445185,157.6241659087354,125.48873173909672,7.629392442566824,58.20447779990377,0.003272606402304211,110.53556265479976,112.93943193332284,125.48877683798639,138.03820547589004,140.4423087615361,143.23739360529586,2,3.116684665136603,0.9999432563781738,122.712418186281,8.421307446912186,5.675448846886866e-05,42.572488887722514,29.971400958108827,106.20695888759415,108.86060008855404,122.712418186281,136.56423628400796,139.21787748496783,142.30330886204945,-16.170377556380068,-6.726078683039638,42.572488887722514,91.87105645848465,101.31535533182509,112.29639378864461,122.70787121905973,8.445690784865938,70.96537664606602,0.3644798089501279,106.19889250256136,108.85592375356983,122.71182316000669,136.56416019551733,139.21793941269593,142.30336178986187,2,5.897545185173598,0.9999996423721313,130.21409342095131,7.728121008003617,3.3500737117719837e-07,54.24662903013169,18.269519353416328,115.06725457709685,117.50246555141669,130.21409342095131,142.92572129048594,145.3609322648058,148.1923912982509,18.439029082578188,24.195943859004718,54.24662903013169,84.29731420125866,90.0542289776852,96.74788653769977,130.21406502578319,7.7282767590587484,59.72394477263046,0.0019333455418646633,115.06705068006447,117.50231826801814,130.21409030379576,142.92580671885003,145.3609818151892,148.19258282214835,2,-1.608648621549861,0.9999998807907104,126.75920795910434,9.65626141826777,1.5477054660095746e-07,36.0050442082802,34.327254307775824,107.83328335399585,110.87607134247503,126.75920795910434,142.64234457573366,145.68513256421284,149.22303118067416,-31.275137923107863,-20.45826454315044,36.0050442082802,92.46835295971081,103.28522633966824,115.86217928883377,126.7591984207496,9.656306705086873,93.24355583793043,0.0012747392987193253,107.83319318219938,110.87575061247612,126.75920605148647,142.64271642183667,145.68547322536944,149.22352102234714,2,1.8462179834837258,0.9999954700469971,125.76457265344703,8.059010778957537,4.471195552468998e-06,39.7329296341656,26.902224696229226,109.96920177567017,112.50867954403772,125.76457265344703,139.02046576285636,141.5599435312239,144.5126352459471,-12.994461874447687,-4.517292230490526,39.7329296341656,83.98315149882171,92.46032114277888,102.31686286320746,125.76418059954175,8.061303800323879,64.95059646251741,0.033093153796813594,109.96831828468375,112.50821070778625,125.76452807087504,139.02053952926218,141.5601842223928,144.51299500815475,2,2.8412358046915784
163,358,reset,1.5,137.1093241195,9.52398186252894,10.2336705157207,10.4097485212952,10.05580029984828,0.0003212273004464805,106.05711219345162,74.35183326774766,0.9996787309646606,13.674979616141542,8.558129451203158,-39.66980319586088,-16.24077042749431,106.05711219345162,228.35499481439751,251.78402758276408,279.0253414469155,-3.0986458832481887,-0.40189065159018966,13.674979616141542,27.75184988387327,30.44860511553127,33.584165870714315,13.704654708475031,8.816716218406837,74.99385664350783,2.740620393864586,-3.102633400413894,-0.40288756726612646,13.677689055060107,27.773552435077317,30.48964653689937,33.67283921516105,2,-3.648854408626752,0.0007363814511336386,107.35835592628338,117.51362956235634,0.9992635846138,9.627797941493071,8.5042861747137,-122.9641257085165,-85.93436387559028,107.35835592628338,300.65107572815697,337.6808375610832,380.73593822949397,-7.0402966751676885,-4.3605080176180255,9.627797941493071,23.616103900604163,26.295892558153827,29.411726004273202,9.699764584882049,9.458691499768602,82.43864879474026,7.028192900259131,-7.060530490464582,-4.370647939547468,9.632452411066302,23.662975815190457,26.37753362144305,29.59223934287874,2,0.35603571496623054,0.0003101607144344598,109.41344299117142,96.96371561499018,0.9996898174285889,10.844970087941121,9.996463900422912,-80.63194742139342,-50.07767632083633,109.41344299117142,268.9045623031791,299.4588334037362,334.9847766712045,-8.747739129642582,-5.5977498153589735,10.844970087941121,27.28768999124121,30.43767930552482,34.100222630615974,10.875541918879243,10.287221367899425,102.81441348441516,3.0125074025647636,-8.755722318048168,-5.60066603983582,10.847662010648863,27.31229013451014,30.480379307241748,34.19170975084479,2,-0.8197416190309639,0.00013878387107979506,109.85802391384041,92.72054268494145,0.9998612403869629,11.57217274078171,8.729333636571674,-71.87090037565363,-42.653697014394396,109.85802391384041,262.36974484207514,291.58694820333443,325.558261268867,-5.537006795932832,-2.786303352202699,11.57217274078171,25.930648833766114,28.68135227749625,31.879639488013424,11.58581351239814,8.872672016019338,77.38383076467815,1.3404811953576186,-5.539148320806595,-2.7900813818852934,11.57326212527503,25.94114364547461,28.701317194925032,31.919742373953042,2,-1.5300132125498607,0.00041065356344915926,114.02330347451337,110.0894183340328,0.9995893836021423,10.404241906008899,9.1931667364002,-101.7479915391545,-67.05767556119847,114.02330347451337,295.1042825102251,329.7945984881812,370.12958777028336,-7.614033801207125,-4.7171717435286045,10.404241906008899,25.525655555546393,28.42251761322492,31.790745798936477,10.446793829563068,9.688340265574066,89.45660147163294,4.407339685996305,-7.625307610477218,-4.724555753725969,10.407326754883334,25.555173295003417,28.476338002020125,31.905949214732292,2,-0.3909935297147893
164,360,reset,0.2,10.961371469260001,10.977887132170801,11.4935170242549,11.2259412643037,11.232448473576467,0.9999996423721313,11.88883517874941,4.427590474471726,3.618761184043251e-07,16.654395951910892,14.745147680831941,3.2109173104922153,4.606096928158799,11.88883517874941,19.171573429340018,20.566753047006603,22.188950866160187,-12.245562449244023,-7.5992136908406245,16.654395951910892,40.9080055946624,45.554354353065804,50.95673891163251,11.888836953798787,4.427599428096323,19.60362907773566,8.218409759653202e-06,3.2108167189458654,4.605950558642866,11.888835507818387,19.171675118848064,20.566940611113733,22.189184843753104,2,-0.6563884802223203,0.9999904632568359,11.886794983953877,4.480071099670311,9.559065802022815e-06,8.255934076098974,7.522097354043115,3.1060169804213107,4.517733786660693,11.886794983953877,19.255856181247058,20.66757298748644,22.308998862223717,-6.4871058260295715,-4.116815038980921,8.255934076098974,20.628683191178865,22.998973978227518,25.754949264005408,11.886760541660161,4.4801238129843535,20.071386516345598,0.00012601740268906774,3.105817253355129,4.517592368159101,11.88677496967775,19.25589236530859,20.667619022910554,22.309079431376695,2,-0.6543120680836942,1.0,11.90777902138477,4.217191063735777,1.4828337668859604e-08,11.8785938619368,14.608239948016724,3.6422364205384845,4.971117004651636,11.90777902138477,18.8444410381179,20.17332162223105,21.718432486930524,-16.75303031369526,-12.149822599935906,11.8785938619368,35.907010323809494,40.51021803756885,45.862441808483986,11.90777919752457,4.217191189625582,17.784703632430155,1.266156323517236e-11,3.642116217167576,4.970958262979288,11.907778961954316,18.84459823902619,20.1734300400563,21.718514898058398,2,-0.6753307239481039,0.9999998807907104,10.188857273526807,5.853326072462074,9.559865787878152e-08,7.556954117929926,14.787494690179056,-1.2834510182681473,0.5609926535079452,10.188857273526807,19.816721893545665,21.66116556532176,23.805729938266776,-21.426002896398316,-16.76631015673674,7.556954117929926,31.880218392596582,36.53991113225816,41.95781095281819,10.188856781355042,5.853327775217445,34.26144293084246,6.622036972814876e-07,-1.2835930390083996,0.5608774062067954,10.188857389232378,19.81682443344395,21.661301890636867,23.805868442278456,2,1.0435916922214243,0.9999978542327881,10.145540595325599,5.245244284674799,2.1233945517451502e-06,8.642983234512563,12.755627808430003,-0.13494929275156764,1.5178815094317724,10.145540595325599,18.773199681219424,20.426030483402762,22.347803485803688,-16.357587870207826,-12.338157430226595,8.642983234512563,29.62412389925171,33.64355433923295,38.31701086870993,10.145537177820755,5.245272267120087,27.512874059425787,4.793932358768534e-06,-0.13509967671177753,1.5177589659126336,10.145539382728538,18.77328932365865,20.426094172028073,22.34800030709273,2,1.086911295755712
165,361,reset,1.4,11.2259412643037,12.7973856476808,13.2680157762015,12.8944110206984,12.986604148193566,0.18880997598171234,10.448284755239023,7.011469447315351,0.8111900687217712,14.915291260058702,9.261686159914586,-3.2939428402020265,-1.084556195437072,10.448284755239023,21.98112570591511,24.190512350680066,26.759401797903397,-3.237280049486966,-0.3188268117630635,14.915291260058702,30.149409331880463,33.067862569604365,36.46119516820947,14.071876535939023,9.05103035181432,78.86496673397824,3.0561925475672607,-3.250718305272648,-0.510735175118845,13.894758788097358,29.254289140463182,32.25348201258761,35.734598542849234,2,-1.0852723877454569,0.00512403529137373,10.20315592688194,13.926643429260182,0.994875967502594,8.864407765711377,8.20562024316804,-17.092563619999414,-12.704134028996567,10.20315592688194,33.11044588276044,37.49887547376329,42.60137326106621,-7.218312381710785,-4.632636452650001,8.864407765711377,22.36145198407275,24.947127913133535,27.953534973591832,8.871267583302346,8.245613454336203,67.98100497994194,0.009136478271816961,-7.276428549608845,-4.6708294700273445,8.868451891432835,22.419235027903426,25.033693976682752,28.098335401575174,2,4.115336564891219,0.1547951102256775,9.978354124072439,7.638263106437081,0.8452048897743225,11.165413225868903,9.824481674666266,-4.992366468985276,-2.585470650160218,9.978354124072439,22.54217889830509,24.949074717130152,27.74761126309693,-8.09021702325074,-4.994421089624186,11.165413225868903,27.325247541361986,30.42104347498854,34.02057528328197,10.981662281361926,9.52864773895828,90.61076891162126,0.18435882153349828,-7.661359170981745,-4.621921653185124,10.939562902500729,26.7300658840237,29.831032450677288,33.456002017590045,2,2.00494186683164,0.011963488534092903,9.259923156200216,9.618292326919404,0.9880365133285522,9.945618795149763,9.490691542043272,-9.591583397339772,-6.560759862812686,9.259923156200216,25.080606175213113,28.1114297097402,31.635417062832502,-8.655794815633964,-5.6651796100577805,9.945618795149763,25.556417200357302,28.547032405933486,32.02426888715952,9.93741550176047,9.492520973920268,90.10239694337807,0.0055576808784414235,-8.667968963620346,-5.6765842226553325,9.937529615120164,25.551021751048346,28.542145207999422,32.019904933323986,2,3.0491886464330964,0.012013733386993408,10.148935156722686,10.470703290442634,0.9879862666130066,13.018613218193323,7.63427781067123,-10.37326618534992,-7.073839127294601,10.148935156722686,27.371709440739966,30.671136498795285,34.50743349615634,-1.9442963386955832,0.4613436721556017,13.018613218193323,25.57588276423104,27.981522775082226,30.778599172885503,12.984137671056311,7.680943253365977,58.899144103502444,0.0977451579258847,-2.0999333042875414,0.34777810867016135,12.993698870349386,25.594011261766113,28.011851044929497,30.82821748630181,2,0.0024664771372542305
166,363,reset,0.5,10.3522069248811,11.4244990842693,11.4540071786845,11.4645097185222,11.447671993825333,0.99985671043396,11.284361193058189,4.94453851853749,0.00014321300841402262,15.311596217459936,10.627552630650209,1.5932437765536722,3.1513190772405366,11.284361193058189,19.41740330887584,20.975478609562703,22.787077863770925,-5.518024182418387,-2.169172272682726,15.311596217459936,32.79236470760259,36.14121661733825,40.034980686030195,11.28493708159772,4.946055525550567,24.46113312723261,0.0023223849979502244,1.5923221771057101,3.1507292767109347,11.284623737372897,19.41953473706717,20.97878902025824,22.793320421561784,2,0.16273491222761294,0.9986989498138428,12.043256024375154,5.468800862659413,0.0013010806869715452,10.166974167202966,6.500663599869191,1.3246032949411237,3.047879090354474,12.043256024375154,21.03863295839583,22.76190875380918,24.765589284775594,-2.5740923641511486,-0.5256659326332915,10.166974167202966,20.85961426703922,22.908040698557077,25.28977911261334,12.040815197616588,5.470687636797368,29.92385323270488,0.004574408748296352,1.3170645592089345,3.0418942676463527,12.041229775966086,21.038464035801148,22.762096793940415,24.766241612032914,2,-0.5931432037912554,0.9999725818634033,11.142181516205646,4.922614348970943,2.747507460298948e-05,12.32813407167233,12.29689087314371,1.4940346824425106,3.0452014502174265,11.142181516205646,19.239161582193862,20.79032834996878,22.593894941657137,-11.773329161508645,-7.898451481244564,12.32813407167233,32.55471962458922,36.4295973048533,40.934980011722416,11.142214734754184,4.922972049997452,24.235622231672995,3.864217677296334e-05,1.4936546605482883,3.0448927184254253,11.142194116565365,19.23955738588031,20.790940661355467,22.594940433735925,2,0.30545725907114907,0.9998703002929688,10.20846965456974,6.553681289057913,0.00012973829871043563,10.278326154899275,10.467196345433928,-2.6365096381378077,-0.5713767836211723,10.20846965456974,20.98831609276065,23.053448947277282,25.45461218851085,-10.237001701260503,-6.938679717900921,10.278326154899275,27.495332027699465,30.79365401105905,34.62866612026755,10.208479111595231,6.554340452324368,42.959382153700076,6.330319149261018e-07,-2.637780552878604,-0.5722333290319356,10.208474986807627,20.98921402197415,23.05472039863794,25.456699215840075,2,1.2391928822301015,0.9993681311607361,10.62015675860735,5.868387997846116,0.0006318324012681842,11.143460960399452,9.306079847727133,-0.8816723644781561,0.9675174759916754,10.62015675860735,20.272796041223025,22.121985881692854,24.27206870144345,-7.096120378399725,-4.1636782298345345,11.143460960399452,26.45060015063343,29.383042299198625,32.79264002981378,10.620487012180536,5.871210530475597,34.47093606688687,0.00017291626628567044,-0.8863638232886754,0.9643399845930131,10.620365484991469,20.276911761067687,22.128011209358192,24.281737973541198,2,0.8271849816447965
167,364,reset,0.5,11.4645097185222,11.4830140385588,11.504519665595799,11.507526209829399,11.498353304661334,0.9998384714126587,12.433377001506308,5.026151713417064,0.00016148126451298594,15.370052985287877,10.594385777475226,2.5823006623745783,4.166093126083892,12.433377001506308,20.700660876928723,22.284453340638038,24.125954354620823,-5.39456157688695,-2.0561608861153466,15.370052985287877,32.7962668566911,36.1346675474627,40.01627981548589,12.43385063127507,5.027687839869897,25.276245298862477,0.001392400173552786,2.5809858088210906,4.1653027321749505,12.433599435199874,20.702750969694783,22.287759207029787,24.13193877683648,2,-0.935497326613735,0.9985939860343933,13.146459662117927,5.544783350433802,0.001405983930453658,10.336638841173865,6.518085941301102,2.2788839931903393,4.0261026574967484,13.146459662117927,22.266816666739103,24.014035331045513,26.045554621416652,-2.4385748519131543,-0.3846584601566576,10.336638841173865,21.05793614250438,23.111852534260883,25.499974213535175,13.142508704340297,5.547271296920798,30.7611288867993,0.01108476700413509,2.2677671223723523,4.01727728374551,13.1431994260807,22.26558693333554,24.013124154981192,26.044996910261045,2,-1.6441553996789633,0.9999685287475586,12.258277571342788,5.004829804743549,3.1527757528238e-05,12.320330614742517,12.299638508366224,2.448991405292798,4.026065114735529,12.258277571342788,20.490490027950045,22.067563737392774,23.901252747544177,-11.786517884517238,-7.910774395935668,12.320330614742517,32.551435625420694,36.42717911400227,40.93356851015114,12.258280220391132,5.005226693878453,25.052302626478003,1.2139681103294165e-07,2.4484551053227865,4.025725264878256,12.258278084040441,20.49089318712021,22.068170504164332,23.902342797401953,2,-0.7599269157297979,0.9998568296432495,11.324162281357488,6.65285190182567,0.0001431679556844756,10.332495055699319,10.4666113743273,-1.7151878406996328,0.38119470106853015,11.324162281357488,22.267129861646442,24.363512403414603,26.8010101594782,-10.181686278159471,-6.88354862525448,10.332495055699319,27.54853873665311,30.846676389558105,34.68147417477732,11.32402027919801,6.6535649668009516,44.269785687776825,0.00014077176714318728,-1.7168447698451268,0.3800542306594778,11.324072164242788,22.26788918159662,24.364630376874807,26.802773185542144,2,0.17433302546332463,0.9993035793304443,11.735411377472893,5.933512499759532,0.0006963543710298836,11.236710541732009,9.269308074087164,0.10594057612598107,1.9756518216815273,11.735411377472893,21.495170933264255,23.3648821788198,25.538825566883233,-6.930799445085167,-4.009944463260833,11.236710541732009,26.483365546724848,29.404220528549182,32.80034567371428,11.735063326925616,5.936502759515467,35.24188281915959,0.00017306449177652974,0.09958050946279845,1.9712490780478162,11.735189644443961,21.49857299142067,23.36991849389515,25.54687420135464,2,-0.2367100222642815
168,366,reset,0.7,123.7527272007,108.61911111980001,108.6884102178,108.6121034938,108.63987494380001,0.836470901966095,110.95397160455613,18.747041641629288,0.16352908313274384,38.201371538292896,14.339068230850978,74.21044517029006,80.1178321657119,110.95397160455613,141.79011104340034,147.69749803882218,154.56611207211554,10.097314233962503,14.615703151673024,38.201371538292896,61.78703992491276,66.30542884262329,71.55903243285962,99.05680396685388,32.42852737488247,327.60204327607676,724.0071982134971,23.515249342972044,30.916247941546768,106.31359126884696,140.13687995190315,146.24440657328248,153.29560308875799,2,9.583070976946132,0.7825769782066345,111.03500595179509,21.24236412953707,0.2174229621887207,30.48735179191631,12.633433683843586,69.40073731141689,76.09442626830217,111.03500595179509,145.97558563528798,152.66927459217328,160.45213458414506,5.726276770507695,9.707202576195282,30.48735179191631,51.267501007637335,55.24842681332492,59.87711338416179,93.52208976879953,38.62320907381399,387.8299945818518,1103.9217632527493,15.320749054511005,21.149992636264564,103.48206933670471,143.38513866655865,150.3957811968942,158.46679218843644,2,15.117785175000478,0.7787944674491882,113.71409293448528,21.666533018541987,0.22120548784732819,34.121074159420886,12.936865112766524,71.24846854829508,78.07581751547265,113.71409293448528,149.3523683534979,156.17971732067548,164.1179859600061,8.765284465545786,12.841824657304894,34.121074159420886,55.40032366153687,59.47686385329598,64.2167228112584,96.10767530368952,38.65203597885725,402.6177245997009,1091.3617477991656,18.45786905362297,24.39004289775843,105.83055661404208,146.65650088377058,153.81407097685002,162.05233169550962,2,12.532199640110491,0.8886046409606934,112.97726275224939,23.701337723163984,0.11139534413814545,27.679190790466926,13.009230072940005,66.5234944294274,73.99203143470135,112.97726275224939,151.9624940697974,159.43103107507136,168.1148193764559,2.1815683809091304,6.280911521145384,27.679190790466926,49.07747005978845,53.17681320002471,57.94318551355908,103.47545298825393,35.18850598451523,518.0292425992636,720.2015512737428,17.816579154247396,25.974969782429955,109.2379636825293,150.58891229896116,158.22206179108508,167.05666551889345,2,5.164421955546075,0.8434022665023804,115.14069050036858,20.405547112533654,0.15659768879413605,28.63468778297038,12.485300557206335,75.14655307496731,81.57655232238844,115.14069050036858,148.7048286783487,155.13482792576983,162.61109164425147,4.163948354688092,8.098195877870296,28.63468778297038,49.17117968807046,53.10542721125267,57.67984019098826,101.5940452608148,36.93164969394819,375.59206907017983,988.3542186460193,16.20011910955981,22.76992867118593,110.34847344717396,146.99000219317853,153.6273277241027,161.29286430664772,2,7.0458296829852145
169,368,reset,0.4,105.5484052374,105.54089709760001,105.56040488320001,105.57341036529999,105.55823744870001,0.999600350856781,101.97076915260075,10.370740229131414,0.0003996628220193088,43.48619502567482,20.202500183465503,81.6444918104825,84.9124194725424,101.97076915260075,119.0291188326591,122.29704649471898,126.09671863687043,3.8900222684185906,10.256039325413788,43.48619502567482,76.71635072593583,83.08236778293104,90.4842383777895,101.94739643749837,10.442160929264602,107.67238852370423,1.3664785164404003,81.57696426021076,84.87486078789833,101.96559190491547,119.02723487457489,122.29532646826262,126.09518841913447,2,3.610841011201643,0.9965401887893677,100.35700676727582,11.091269744828281,0.0034597914200276136,32.16946358452267,15.545388154700188,78.61851752459363,82.11349149999788,100.35700676727582,118.60052203455375,122.09549600995801,126.1591585585706,1.7010626756147218,6.5995754958956,32.16946358452267,57.73935167314973,62.637864493430605,68.33344426934912,100.12109010429351,11.80922209219731,123.4267415574731,16.030786479740744,77.93736128716881,81.74926606234445,100.30874621982109,118.58196812474259,122.07915602493527,126.1448517406659,2,5.4371473444064975,0.9997808337211609,103.94042450124138,10.844140344102835,0.00021916248078923672,36.629885562353934,14.915044326103747,82.68629998350204,86.10340092507303,103.94042450124138,121.77744807740972,125.19454901898072,129.16766733654552,7.396935855372103,12.096820806420201,36.629885562353934,61.162950318287656,65.86283526933576,71.32746722161029,103.92567216177336,10.890874445010358,117.61836142788673,0.9927437280859237,82.64644351213839,86.08147109472448,103.93744524534318,121.77636790342306,125.19357543716565,129.16689133717603,2,1.6325652869266492,0.999868631362915,102.10554880087288,13.289395212626877,0.00013134541222825646,26.691114077118414,18.60279871693267,76.05881280780518,80.24643888539202,102.10554880087288,123.96465871635374,128.15228479394057,133.02130510105593,-9.769701419717556,-3.907766863876496,26.691114077118414,57.289995018113316,63.15192957395438,69.96769532346441,102.0956410894694,13.318311750497946,176.6302782963445,0.7469075023524682,76.02970079143908,80.23035067763698,102.10336131037855,123.96389702643697,128.1516588750211,133.0207051878106,2,3.4625963592306164,0.9989890456199646,102.4409043795731,10.669081256774255,0.0010109019931405783,29.681082945855614,15.174013628476292,81.52988936816422,84.89182737812799,102.4409043795731,119.9899813810182,123.35191939098198,127.26089887923887,-0.05943726687786821,4.722051593645308,29.681082945855614,54.64011429806591,59.42160315858909,64.98111729112819,102.36734596450431,10.922171263569046,113.94697952046876,5.346296624140726,81.34668211107018,84.79159964515152,102.4273739106064,119.98484380595687,123.34738005390942,127.25690882744892,2,3.190891484195703
170,370,reset,0.4,110.6032333528,113.0188440839,113.0474506499,112.3181569039,112.79481721256667,0.999670147895813,106.31599792852322,10.519830057282954,0.00032982995617203414,45.85277776402719,21.470801109937764,85.69750989276669,89.01241730388823,106.31599792852322,123.61957855315819,126.93448596427974,130.78878221755434,3.7707808693265434,10.536452684792351,45.85277776402719,81.16910284326201,87.93477465872783,95.80133028008463,106.29605299257803,10.582439039779846,110.78237080890489,1.205394974632379,85.6410991793321,88.98098756562437,106.31166931806139,123.6180404974821,126.93301183541296,130.78753486453684,2,6.498764219988644,0.9968655705451965,104.70029908712117,11.338098735514977,0.003134430618956685,33.632876868919716,16.63478589800031,82.47803391235269,86.05078625927544,104.70029908712117,123.34981191496688,126.92256426188965,131.07666097615157,1.0292956183043174,6.271088951032695,33.632876868919716,60.99466478680672,66.2364581195351,72.33117567785729,104.47754330479731,12.03320184596465,129.01689166974964,15.78106770336106,81.85137498559996,85.71449921687807,104.65561865763156,123.33256056681626,126.90743258876957,131.0634299134803,2,8.317273907769362,0.9998053908348083,108.68858598601949,11.062391479088966,0.00019463621720205992,38.98853517037847,15.099755436691702,87.00669710412234,90.49257123888293,108.68858598601949,126.88460073315603,130.37047486791664,134.4235568852056,9.393558339099851,14.151647674255901,38.98853517037847,63.82542266650103,68.58351200165708,74.11581912906283,108.6750227720347,11.105949996321865,122.39706721344638,0.9453775986453411,86.9705998563372,90.47263695207349,108.68588653597884,126.88358680357132,130.36963028875132,134.42282593989424,2,4.119794440531976,0.9998922348022461,106.74786797655506,13.469587925701562,0.00010777265561046079,28.195213110552366,19.44420761304157,80.34796075558441,84.59236742342307,106.74786797655506,128.90336852968704,133.1477751975257,138.08281521171708,-9.91473351892865,-3.787662304956502,28.195213110552366,60.17808852606122,66.30515974003337,73.42920415356036,106.73940294444519,13.495030570452684,181.45099345496473,0.6649416120868954,80.32368694870537,84.57891856197251,106.74604841981403,128.90276407591247,133.14727858092772,138.0824136151267,2,6.055414268121481,0.9991679191589355,107.10975185085933,10.89623663175784,0.0008321258937940001,31.130341658450888,16.038155712073838,85.75352048558793,89.18703750699095,107.10975185085933,125.0324661947277,128.46598321613072,132.45818877419512,-0.30386591565918764,4.749923065833755,31.130341658450888,57.51076025106801,62.56454923256096,68.44067110276983,107.04653224182971,11.119463322528176,118.84322291551115,4.799757922965676,85.6000723436546,89.10285959201124,107.09837795772947,125.02806385208774,128.4621800366438,132.4548895877522,2,5.748284970736961
171,371,reset,0.9,112.3181569039,26.9020560703413,24.7134292527425,25.2511606696002,25.622215330894665,0.08699522167444229,97.81352069771191,24.41068867154366,0.9130048155784607,25.850268539883132,9.783516407415846,49.96945006366643,57.66151089994009,97.81352069771191,137.9655304954837,145.65759133175737,154.60127439263033,6.6749287391913725,9.757816092805935,25.850268539883132,41.942720986960325,45.02560834057489,48.61013113491867,32.110728576764785,23.463987961307517,139.22912085783295,411.3296486019784,7.057129965854405,10.192045352813047,27.017042346118625,93.21290900484523,111.50980542275742,127.12152581255243,2,-6.48851324587012,0.14096277952194214,98.5363288631751,28.921294254409123,0.8590371608734131,23.217114756403113,9.175169509570393,41.85163373824801,50.965033112679464,98.5363288631751,146.10762461367074,155.22102398810216,165.81732026642936,5.234112965595106,8.125303910691684,23.217114756403113,38.308925602114535,41.20011654721111,44.56175083895654,33.83431914445409,29.617201760602132,190.22404226760318,686.9545296275293,5.82258529378532,8.799196858580252,25.09622061343249,109.31396205135627,125.30321062676371,141.01669438539318,2,-8.212103813559427,0.05932486057281494,99.11062064506913,28.901739505987532,0.9406751394271851,22.951970118653698,11.445796094610394,42.4642521227751,51.57148959343887,99.11062064506913,146.64975169669938,155.75698916736314,166.34612090090542,0.5186219988281167,4.125310899086788,22.951970118653698,41.7786293382206,45.38531823847927,49.578873530055546,27.470071442547034,22.281567779876713,172.78900253287955,323.6792601963607,0.8155442146757613,4.463062719082869,23.849251149137167,70.06907315520569,104.84159885247226,126.85220943079845,2,-1.8478561116523693,0.08848299086093903,99.41154937741027,30.79279260400986,0.9115170240402222,21.378230707220233,9.694552531887888,39.05878489013958,48.76191277874016,99.41154937741027,150.06118597608037,159.76431386468096,171.04629698752913,2.3772568984883726,5.432110813472855,21.378230707220233,37.324350600967605,40.37920451595208,43.93113237955487,28.28285244852386,25.703779376858332,169.56755867701094,491.11672749692957,2.75158526492073,5.861533421392643,22.545720836305378,94.36573877249339,117.12702064189043,136.6906749845874,2,-2.6606371176291965,0.11156081408262253,102.2363834962141,27.249291223586287,0.8884391784667969,21.874323666845363,9.321028308887907,48.82875409374159,57.415287995241265,102.2363834962141,147.05747899718693,155.6440128986866,165.6277142033238,3.6054438825467763,6.542596446053736,21.874323666845363,37.206050887636984,40.14320345114395,43.55827805710124,30.839580319789746,28.286325999437988,160.0255572079637,640.090674252422,4.078514985471742,7.081021095417353,23.341754128110114,105.78549309045971,122.9034510877271,138.83203551117302,2,-5.217364988895081
172,372,reset,0.2,25.2511606696002,25.193593873724197,25.1180737853465,25.1910552608622,25.167574306644298,0.999998927116394,27.2860066395114,5.088955781913667,1.0544770248088753e-06,19.675935970619655,15.204570444312214,17.31183658804374,18.915419264235034,27.2860066395114,35.65659401478776,37.26017669097905,39.1246881038541,-10.12447450063446,-5.3333568709464565,19.675935970619655,44.685228812185755,49.47634644187376,55.04705609944958,27.285998112624625,5.0889843495953695,25.897686938204984,6.10680489459835e-05,17.311656907278508,18.9152764168933,27.28600411445451,35.65674248982817,37.26035721364952,39.124794641780696,2,-2.1184238059803278,0.9999781847000122,26.52652395545674,5.067342108094605,2.179451439587865e-05,11.510719076643944,8.323102900959686,16.594715926248035,18.191487909953405,26.52652395545674,34.86156000096007,36.458331984665435,38.31492449566026,-4.80226284885789,-2.17956691748992,11.510719076643944,25.201005070777803,27.823701002145775,30.873151815714664,26.526196141911637,5.06792208757058,25.678905662258032,0.004913997872750374,16.593351134520645,18.19068266340209,26.526395546649873,34.861552704713795,36.4583359173633,38.31493683253472,2,-1.3586218352673392,1.0,27.070103313437215,4.82936620845392,5.7563354971534864e-08,13.738219891540936,14.788212216314772,17.604719476712773,19.1265027895849,27.070103313437215,35.013703837289526,36.53548715016166,38.30488912543867,-15.246143448171274,-10.586224608592495,13.738219891540936,38.06266439167436,42.72258323125314,48.14074594182959,27.070104104255243,4.8293642038405915,23.322790563956953,1.0231261641357162e-05,17.60455208169485,19.12639535987789,27.070102876130818,35.013817706481824,36.53551442991448,38.305056131311076,2,-1.9025297976109456,0.9999997615814209,25.140058865445454,6.648984032525806,2.4358575956284767e-07,9.151712146367082,15.443525378107958,12.108289627912976,14.203453364002952,25.140058865445454,36.076664366887954,38.171828102977926,40.607908734043356,-21.117041389054844,-16.25062658473091,9.151712146367082,34.55405087746506,39.420465681789,45.0787245774243,25.140055100815097,6.648992045544193,44.20903622034566,6.226713803115381e-05,12.10814019233335,14.20336724129055,25.14005741636599,36.076755854141595,38.17195965940618,40.608006972305475,2,0.027519205829200644,0.9999947547912598,24.87787366280198,5.674290694464728,5.284762210067129e-06,11.042955432039847,12.662251435330491,13.756468263840341,15.544496033634683,24.87787366280198,34.211251291969276,35.999279061763616,38.078247756559726,-13.774601344398526,-9.784594766735005,11.042955432039847,31.87050563081469,35.86051220847821,40.499757139191516,24.877801532555164,5.674437449346024,32.19825332201363,0.0010115243676594597,13.756085985395991,15.544236101155228,24.87784617117985,34.21130272215619,35.99930130240901,38.078268272944875,2,0.2897727740891334
173,373,reset,0.8,25.1910552608622,21.772020384707197,21.6810487903818,21.745011042116598,21.7326934057352,0.9371544122695923,25.87018061055705,6.998735519629672,0.06284556537866592,15.944892277084662,8.705029239743673,12.15291105476167,14.358285107020084,25.87018061055705,37.38207611409401,39.587450166352426,42.15167410762166,-1.1166515171810296,1.6263933593736581,15.944892277084662,30.26339119479566,33.00643607135035,36.19581854242571,25.246419675450106,7.514532462627487,50.6662594839232,5.801924401367849,9.759681501596173,12.671033846151182,25.443569804530114,37.19218741562397,39.41888380471528,42.0036039108683,2,-3.5137262697149048,0.7702524662017822,26.204640001995386,8.664257762182517,0.22974753379821777,13.151686940873716,6.593039326580638,9.223006835346045,11.953204197027022,26.204640001995386,40.456075806963746,43.186273168644725,46.36071762719054,0.22956731211945147,2.307102291913857,13.151686940873716,23.99627158983357,26.073806569627976,28.48938996173224,23.205756227418785,9.897477012013367,67.80906595144413,30.150985251888947,4.296422801047634,6.95310179979772,23.312162158683762,39.329851914023855,42.1977684238582,45.49764967987364,2,-1.473062821683584,0.9473034739494324,25.05843090220666,7.3437236705795605,0.05269657075405121,12.82853506974282,10.834138202668802,10.664996995456429,12.979080387324485,25.05843090220666,37.13778141708883,39.451864808956884,42.14248685080282,-8.405985611017549,-4.99203644781047,12.82853506974282,30.649106587296103,34.06305575050318,38.03250944458604,24.413958451355704,8.04613310922354,57.273786180963356,7.466498475505322,7.632721935771737,11.083888750333807,24.686425051825484,36.993076587566776,39.329658887307104,42.04447337094332,2,-2.6812650456205027,0.8413259983062744,24.574051772869446,9.32745938902199,0.15867401659488678,12.40451458473786,8.565798191880575,6.292567303126361,9.231746366594056,24.574051772869446,39.91635717914483,42.85553624261253,46.272967092723036,-4.384141370186384,-1.6849696389112712,12.40451458473786,26.493998808386987,29.193170539662102,32.331540997882115,22.64306279330967,10.227879275023797,84.83899524932649,19.770526855083766,2.1201603602665964,5.445906740530433,22.850425223596925,39.13441187557066,42.163015527678716,45.66448453078987,2,-0.9103693875744696,0.8023349642753601,25.47128794845753,8.205834204274774,0.1976650208234787,14.083001285461755,7.518223001073349,9.388148444972074,11.973891795393714,25.47128794845753,38.96868410152134,41.554427451942985,44.56091290430376,-0.6524450243826525,1.7166249139162701,14.083001285461755,26.449377657007236,28.81844759530616,31.57300338057369,23.220221648520955,9.261049965785393,65.19855228916865,20.56848614521619,4.6190869607787945,7.58166399713135,23.455935792444723,38.083827425304385,40.772739590958444,43.87545833213594,2,-1.4875282427857535
174,376,reset,0.6,90.568060992155,61.543006252769395,60.3385232508466,57.6216436112867,59.8343910383009,0.9406282901763916,85.36868976721244,13.270022006962515,0.05937163159251213,29.254592903026122,11.9297264099089,59.35992455951198,63.54144593933429,85.36868976721244,107.1959335950906,111.3774549749129,116.23937725158487,5.8727587941883534,9.631939149148693,29.254592903026122,48.87724665690354,52.63642701186389,57.00728657460657,82.03709760255924,18.70663415090114,174.08818679152955,175.8494479621723,26.876374545816915,40.91188692077177,84.31782899392861,106.79976376564946,111.02834359275516,115.93352731145823,2,-22.202706564258342,0.898611843585968,84.97504311447065,14.243383671266692,0.1013881266117096,24.95480456740134,9.940140259992415,57.05852410080203,61.54676182272625,84.97504311447065,108.40332440621505,112.89156212813926,118.11010843726994,5.472487656539592,8.604728808346461,24.95480456740134,41.304880326456214,44.43712147826308,48.079028728902465,78.88970103694174,22.81523860269612,192.32275436781117,328.2121726528604,18.142412999398594,24.78160256784324,82.95414650036523,107.6570279377432,112.2345835357327,117.53492967812323,2,-19.055309998640844,0.9495311379432678,85.82340970879115,14.37959693099473,0.05046889930963516,24.486525110836226,12.679241532102331,57.639917611838776,62.1710775427442,85.82340970879115,109.47574187483809,114.00690180574351,119.27535445877493,-0.3643316433688035,3.631028689763955,24.486525110836226,45.342021531908486,49.33738186504125,53.98285169349282,82.7278078532214,19.61485417351888,204.4507596079337,180.2919995952552,24.33319586641296,45.0549842396255,84.86479729809457,109.1128685638717,113.68702175476663,118.99507642323628,2,-22.893416814920506,0.9662343263626099,85.30446397398809,16.898302414196795,0.033765681087970734,20.877887341771086,11.915846313466266,52.184399842296116,57.509229958673664,85.30446397398809,113.09969798930251,118.42452810568005,124.61579387015402,-2.476742277937177,1.2780643148697592,20.877887341771086,40.477710368672405,44.23251696147935,48.59829108050073,83.12905736940273,20.399182384399108,280.7050488000152,135.42164463875517,28.181533520474492,49.51308618875416,84.56411622261692,112.81732538398596,118.17562292230481,124.39758066917676,2,-23.29466633110183,0.9167922735214233,86.57926153770121,13.606945192963254,0.08320774883031845,22.930902513921858,10.108074514507498,59.91013901988281,64.19782838532569,86.57926153770121,108.96069469007672,113.24838405551961,118.23374955954152,3.119440512439965,6.304599487238452,22.930902513921858,39.55720554060525,42.74236451540375,46.445800171392776,81.28322680178596,22.07443374461356,178.24473317123608,309.03603965122977,17.643292214750897,25.514425879619477,85.02810928503632,108.38249575989627,112.73920499009495,117.78775082092085,2,-21.448835763485057
175,377,reset,1.3,57.6216436112867,24.2018238494453,24.5198402287211,24.8444056982135,24.522023258793297,0.012008221819996834,51.094041075382734,16.652221206772023,0.9879917502403259,13.822663208332322,8.192425974919386,18.456287247515448,23.70357462662554,51.094041075382734,78.48450752413991,83.73179490325,89.83290047781463,-2.2341966485201183,0.3473216299547133,13.822663208332322,27.298004786709924,29.87952306518476,32.881095958323,14.270225795096035,9.280124936320371,69.63973707980396,16.480976064293618,-2.19310502778045,0.3941655473490074,13.944258528447943,28.214469913767683,31.68177462265473,39.3971686784862,2,10.251797463697262,0.0026015727780759335,50.31493304294534,27.257809325020744,0.9973984956741333,11.472249301897662,7.789524243597708,-3.1093915315553673,5.47982651193329,50.31493304294534,95.15003957395737,103.73925761744604,113.72607981721796,-3.7949376722554558,-1.3403779024104558,11.472249301897662,24.284876506205777,26.739436276050775,29.59339246578078,11.573302155846594,8.146575226822494,62.451775070858204,3.914922023999219,-3.794790756312683,-1.3365519272810815,11.493782020898633,24.441135234488716,27.02008182004698,30.2298495829153,2,12.948721102946703,0.009570575319230556,49.22314498667503,18.945796381222934,0.9904294013977051,9.755494540602186,9.981253931242794,12.090066421048782,18.0600830935364,49.22314498667503,80.38620687981364,86.35622355230126,93.29765812014367,-9.807403685182525,-6.662207189726171,9.755494540602186,26.173196270930536,29.31839276638689,32.97536340381065,10.13322243473158,10.810763769596063,102.10724797434682,14.765362916907819,-9.76795534740852,-6.617174560166898,9.871810135042383,27.004339167779893,30.872723122885173,37.20933567543379,2,14.388800824061716,0.0019358588615432382,49.13727958495201,22.292241743566937,0.9980641007423401,10.574949730426106,8.750864463497555,5.445288632900429,12.469804900166913,49.13727958495201,85.80475426973709,92.8292705370036,100.99678877270344,-6.576429451620527,-3.818941421318602,10.574949730426106,24.96884088217081,27.726328912472734,30.932504671103185,10.64960053120984,8.959048658391266,77.39139581095087,2.873152470986669,-6.571048631556185,-3.812332959679979,10.59444012189828,25.10394460963868,27.96635682568141,31.462967481845112,2,13.872422727583457,0.0027145245112478733,51.52038847747441,22.006798896580605,0.9972854852676392,12.503982725913303,7.338095124697675,8.387855225160614,15.322425494842136,51.52038847747441,87.71835146010667,94.6529217297882,102.71585830497902,-1.878419433623101,0.43389034513941205,12.503982725913303,24.57407510668719,26.886384885449704,29.5749447187632,12.609893837941742,7.69006887790519,55.01611188973369,4.121049012127446,-1.8727324412631543,0.44139726971184545,12.52710305189322,24.739473872462355,27.18561141467612,30.262515426633417,2,11.912129420851555
176,378,reset,1.0,24.8444056982135,24.108712937072898,24.356809725576703,24.2217843461874,24.229102336279,0.6181015968322754,25.016166019344958,7.581141974608755,0.3818983733654022,15.88921916486757,8.475890582178131,10.157400787426925,12.546297145975696,25.016166019344958,37.486034892714216,39.874931251262986,42.652539534777816,-0.7232211131038042,1.9476197991280397,15.88921916486757,29.830818530607093,32.50165944283894,35.60708920132045,21.530599116287725,9.089767203913762,62.96044872905952,19.66340527692251,2.893879861833961,5.980044532375943,21.875868418411056,35.91417019847984,38.46290161897206,41.394808459271815,2,2.6985032199912737,0.19824948906898499,25.12956108346787,10.687870211739755,0.8017504811286926,12.703979448496888,6.8943174566886585,4.181720397019465,7.5495790013011295,25.12956108346787,42.7095431656346,46.07740176991627,49.99326522857308,-0.8086344645986703,1.3638363745076933,12.703979448496888,24.044122522486077,26.216593361592444,28.742560206827203,15.167344280406756,9.235541665398863,60.75464581854095,24.54057717880289,-0.35843263588853985,1.9077114161700894,14.197569789548679,32.538546316489956,37.40282777790106,42.66688599666327,2,9.061758055872243,0.5720743536949158,24.02715277589963,8.134158674334106,0.42792561650276184,12.654000439268458,10.275549148867373,8.084494729670707,10.647652378222391,24.02715277589963,37.40665317357686,39.96981082212855,42.950035515047645,-7.485705813882806,-4.2477738471641615,12.654000439268458,29.55577472570107,32.79370669241972,36.55850235633824,19.160288834601957,10.70979029062923,83.03437862523779,31.665218503089037,-3.50190106023629,0.29244119944700614,19.897491821420545,35.57820429957277,38.355964519029314,41.54475142691885,2,5.068813501677042,0.21576835215091705,23.58633238177326,10.240888169984082,0.7842316627502441,12.293185650090088,8.324532189968986,3.5145603989021517,6.741570332170511,23.58633238177326,40.431094431376,43.65810436464436,47.41020080430573,-4.02259763039347,-1.3994513152546855,12.293185650090088,25.985822615434856,28.608968930573642,31.658943412608984,14.72988949416662,9.927484973608887,76.9744337927638,21.580527341566004,-3.2809823055323553,-0.564259865398101,14.154221466946558,32.17116169790384,36.227722128824155,40.91818548343974,2,9.499212842112378,0.24041679501533508,24.71695185748878,9.430368918099358,0.7595832347869873,14.392684412984849,7.23579217895994,6.233768417088079,9.205375339062615,24.71695185748878,40.22852837591494,43.200135297889474,46.655270541530044,0.21079234260676216,2.4908654035554907,14.392684412984849,26.294503422414202,28.574576483362932,31.22565416550965,16.87481213180907,8.97859436803124,61.14997503961628,19.46519027251403,0.8974497819979462,3.2737697072737966,16.226369087697723,32.940552078514,36.757806902882926,41.092527212810474,2,7.35429020446993
177,380,reset,0.5,24.8939951451731,24.6834349468072,24.7059314741461,24.685421333239898,24.691595918064397,0.9993919134140015,26.058812180211845,6.075761335757688,0.0006081205792725086,16.40267971493433,10.333985024870081,14.150538783465802,16.065074110599284,26.058812180211845,36.0525502498244,37.967085576957885,40.19314664683128,-3.851558750587291,-0.5952130340854289,16.40267971493433,33.40057246395408,36.656918180455946,40.44312380791072,26.05294097316787,6.083914403979277,36.95737032296405,0.0566672251121792,14.125883243970536,16.049357278068566,26.05580122135874,36.05180899426036,37.9667328367825,40.19329499689443,2,-1.3613450551034738,0.9966583251953125,26.289630828689532,6.522401183824139,0.003341715782880783,12.49768348040054,6.793072789960329,13.505959415672804,15.561235585043816,26.289630828689532,37.018026072335246,39.07330224170626,41.46300495632028,-0.816494532280732,1.3240730636889317,12.49768348040054,23.671293897112143,25.811861493081807,28.300733923529435,26.243543137860666,6.5717017856447,42.553762893149894,0.6335296889429219,13.304516548426795,15.428183144647889,26.263392478215167,37.00748259355605,39.063991106837264,41.454835531403795,2,-1.5519472197962685,0.999853253364563,25.589267687608256,6.075655435815971,0.00014668366929981858,12.604090589185645,12.363937783182788,13.681201850933943,15.595703807898925,25.589267687608256,35.582831567317584,37.49733352428257,39.72335579412342,-11.628782172946622,-7.732777316884917,12.604090589185645,32.9409584952562,36.836963351317905,41.366910965866154,25.58736136292761,6.079092510725846,36.93059511601795,0.024729413192495435,13.673335311443052,15.59091731647775,25.588479115013943,35.58271907137194,37.49735540774478,39.72355519776035,2,-0.895765444863212,0.9995743632316589,24.664952824882292,7.926009817461591,0.000425635400461033,11.183907534057788,10.540291078675162,9.130259041546681,11.627826829377613,24.664952824882292,37.702078820386966,40.1996466082179,43.1036089133609,-9.474683366714373,-6.153328475825305,11.183907534057788,28.521143543940873,31.842498434829942,35.70429127670539,24.659214781032603,7.9321814049348545,62.842179559592665,0.07732144942543334,9.107259055371726,11.612531280267767,24.661573110390968,37.70067852607586,40.198378925309136,43.10256069188257,2,0.03238113703179479,0.997960090637207,25.080002792375247,6.771340248859747,0.0020398697815835476,12.54230265584409,8.947888063227621,11.808419777543651,13.942139224715802,25.080002792375247,36.21786636003469,38.35158580720684,40.832495784717295,-4.99523568577791,-2.1756634785116535,12.54230265584409,27.260268790199824,30.079840997466086,33.35820302888908,25.05442652403934,6.800063546326846,45.920838345873925,0.320001042122817,11.70314312822592,13.873203840872309,25.065460121666863,36.21174817784743,38.34618268770582,40.82777649722498,2,-0.362830605974942
178,383,reset,1.5,109.87483608039999,9.89457332126195,10.0726337620582,10.038109683413099,10.001772255577748,0.00046277538058348,87.28970606507086,50.10617560741894,0.9995372295379639,11.753433098166767,8.329333707734603,-10.916593528509651,4.872381384540404,87.28970606507086,169.7070307456013,185.49600565865137,203.85410116570694,-4.571760984208531,-1.9471016610896559,11.753433098166767,25.45396785742318,28.07862718054206,31.130360861331877,11.788389483446702,8.552590209858206,70.50755123239487,2.6392487488790364,-4.573213395011485,-1.9474465268820422,11.75762857277181,25.48610220300251,28.136522268254037,31.257868514792417,2,-1.7866172278689536,0.00040088596870191395,87.45631765092614,83.8977318181829,0.9995991587638855,8.699797472632234,8.37935089857467,-76.98021509731254,-50.54317082321401,87.45631765092614,225.45580612506623,251.8928503991648,282.63162770300454,-7.723428502397461,-5.083008244387393,8.699797472632234,22.482603189651854,25.123023447661925,28.193082621373623,8.731370245679953,8.68865212870648,73.0071449509461,2.485534273000043,-7.730750298071541,-5.087397133975218,8.702551723005204,22.508919950248305,25.169278956246092,28.288923666893044,2,1.2704020098977953,0.0004700448189396411,87.56149430324557,62.28104957628686,0.9995299577713013,8.287729993293766,9.826841010102486,-34.50711978563031,-14.88171598265437,87.56149430324557,190.00470458914546,209.63010839212143,232.4488815780727,-10.972524468308315,-7.875985083648782,8.287729993293766,24.451445070236307,27.547984454895843,31.148380685683033,8.324992236952719,10.06465162201298,98.34468430551284,2.952528146493593,-10.976486596117194,-7.877604832401446,8.292343402727788,24.488199288856578,27.61295171875224,31.29202465591173,2,1.6767800186250295,0.0001254007511306554,88.11293619159272,64.72652272836424,0.9998745918273926,9.202013898275027,8.868466708978488,-38.74871720051446,-18.352719478114153,88.11293619159272,194.57859186129957,214.97458958369987,238.68934473477904,-8.179861449415274,-5.385315733486632,9.202013898275027,23.789343530036682,26.583889245965324,29.833152572709103,9.21190931891049,8.941251177483801,79.16520775192481,0.7807642371495388,-8.182050342277716,-5.386555180928504,9.203097859307212,23.79878734425165,26.600608961063845,29.86822784397726,2,0.7898629366672587,0.0002779797650873661,91.84767701778686,72.97579680056835,0.9997219443321228,9.269144375615056,8.425450511978962,-51.182256454440434,-28.186827029301668,91.84767701778686,211.88218106487534,234.87761049001415,261.61476676122544,-7.244435181388273,-4.589488457713683,9.269144375615056,23.12777720894379,25.78272393261838,28.86967326199363,9.29209883316627,8.622292782768737,72.44884969693815,1.8950765811654553,-7.247301674731834,-4.5920444085199374,9.27132037801939,23.14742052145422,25.815360831757733,28.94154487892311,2,0.7096734224114787
179,386,reset,0.2,7.08331680559412,7.08181693928121,7.08733797459473,7.0433050568113,7.070819990229079,0.9999997615814209,7.653217885358707,4.246188917164377,2.5767414513211406e-07,16.005210578581973,14.709658953424615,-0.6691594638366052,0.6688586442397337,7.653217885358707,14.637577126477677,15.975595234554017,17.531330445579837,-12.825191194997423,-8.190025302177713,16.005210578581973,40.20044645934165,44.83561235216136,50.224994412747144,7.653220184818327,4.246196959864278,18.03017177553654,1.7974256871598798e-05,-0.6693403625264591,0.6687133870439886,7.653218538340243,14.63771444714093,15.975614081892115,17.53139207037863,2,-0.5824001945892476,0.9999924898147583,7.868406566928236,4.323451209336458,7.460962933691917e-06,7.4400636353225735,7.350239038422358,-0.6054020922873651,0.7569621643034319,7.868406566928236,14.979850969553038,16.342215226143836,17.926258096287405,-6.966140157745571,-4.650003705986748,7.4400636353225735,19.530130976631888,21.846267428390714,24.53927659604842,7.8684029837763685,4.323482101250985,18.69249306348763,1.3689100096086725e-06,-0.6055063535043995,0.756895118354339,7.868404963601756,14.979890857007554,16.342313950319177,17.926398250279174,2,-0.7975829935472891,1.0,7.7767764622554125,4.05105422659882,9.796073285883722e-09,11.548923741332047,14.579037498782357,-0.16314392129704025,1.1133852246572493,7.7767764622554125,14.440167699853573,15.716696845807864,17.20093784992774,-17.025464685540292,-12.431458966001642,11.548923741332047,35.52930644866572,40.12331216820438,45.46483663218608,7.7767765753895155,4.0510544276673315,16.41104242898323,1.3938926278108225e-07,-0.1632196992372164,1.1132465550795105,7.776776589452481,14.440293443874944,15.716870638438417,17.201123236107605,2,-0.7059565851604361,0.9999998807907104,6.11211006412951,5.636313678630928,7.137932556133819e-08,7.217642059774526,14.667780209125912,-4.934861751557575,-3.1588009328027695,6.11211006412951,15.383021061061786,17.159081879816593,19.22413640783988,-21.53067888326165,-16.908709416533263,7.217642059774526,31.343993536082305,35.965963002810696,41.340001366172906,6.1121098506996345,5.636314871240035,31.76804345369524,8.723996184564312e-08,-4.935004214328548,-3.1589196669959168,6.112110527321326,15.383035001794397,17.159105586096796,19.22415010821044,2,0.9587101395294448,0.9999984502792358,6.127492210765887,5.127905708436509,1.600751829755609e-06,8.078027937276062,12.841934099706291,-3.923018293887024,-2.3071620924210663,6.127492210765887,14.562146513952836,16.178002715418796,18.05678475386905,-17.09170038998508,-13.04507394369763,8.078027937276062,29.201129818249743,33.247756264537195,37.952834028700366,6.127495645781977,5.127927882357158,26.29564019248456,6.090194145184918e-06,-3.9231441309333768,-2.307275623474942,6.127493077502083,14.562244382104112,16.178062436241586,18.056973424746822,2,0.9433243444471024
180,387,reset,0.8,7.0433050568113,7.2653667956753605,7.25137921232618,7.25736277597029,7.2580362613239435,0.9906139373779297,8.187990978798013,5.1101573824901285,0.009386012330651283,16.069891669514938,9.307246908309324,-1.8277334462141148,-0.21746992608372118,8.187990978798013,16.59345188367974,18.203715403810136,20.07599474156803,-2.171977065993108,0.7608328354494649,16.069891669514938,31.378950503580405,34.31176040502298,37.72178572783352,8.261970184084365,5.221043562162256,26.681665434214196,0.5776270108818726,-1.82963229360907,-0.21286832589581584,8.224446599748,16.796710579560244,18.53076922372779,20.70251028311391,2,-1.0039339227604218,0.916641891002655,9.114798452397054,6.6126358586527045,0.08335810154676437,11.242612122157503,6.50921484006092,-3.8457296734403457,-1.7620196234172152,9.114798452397054,19.991616528211317,22.07532657823445,24.498089823980003,-1.515214531995552,0.5359064838769463,11.242612122157503,21.949317760438056,24.000438776310553,26.38531022700832,9.292168892442998,6.63021728161022,43.613829463931886,0.345951094115029,-3.7030670023781043,-1.6139336250273943,9.292333481540041,20.197719142011557,22.286418917683726,24.71467834939185,2,-2.0341326311190544,0.9934595823287964,7.9862768040984164,5.3006130246104215,0.006540423259139061,13.718665143119345,10.77871002909242,-2.4027338201219344,-0.7324557544982522,7.9862768040984164,16.70500936269508,18.375287428318764,20.317346645014062,-7.407218313702479,-4.010735142091537,13.718665143119345,31.44806542833022,34.84454859994116,38.79369430420118,8.023769094748166,5.3745809064359875,28.672605834180782,0.2135144454016738,-2.4279976509633077,-0.7459628949204841,8.003947012112606,16.821057643560092,18.561765198154507,20.67029604160588,2,-0.7657328334242228,0.9616883993148804,7.381993006057627,6.939354468636944,0.03831154853105545,11.999109436426615,8.683976763574936,-6.218891828427871,-4.032229360381761,7.381993006057627,18.79621537249701,20.98287784054312,23.52534552138699,-5.021172262762963,-2.2847612395019326,11.999109436426615,26.282980112355155,29.01939113561619,32.20106031858923,7.558881501252305,7.069958872772129,49.19888860524661,0.7854268775321583,-6.186551514925646,-3.9864724456667515,7.518554319980958,19.22683900916832,21.550172895133876,24.329566062985542,2,-0.30084523992836143,0.9501102566719055,8.013727221643961,6.433214702296246,0.04988974705338478,13.449140426147878,7.990080002608318,-4.595141899670249,-2.5679693143855573,8.013727221643961,18.595423757673476,20.62259634295817,22.979622567579113,-2.211128612558129,0.3066283542251522,13.449140426147878,26.591652498070598,29.109409464853883,32.036846053631976,8.28489864140075,6.626230190948638,42.50653216820539,1.4003946309360626,-4.522278721624151,-2.480832719707022,8.22002195264237,19.25070275747103,21.493818397942036,24.225745809075264,2,-1.026862380076806
181,389,reset,0.7,7.21835078008717,5.67445750767612,5.6534385626697805,5.64443661749233,5.6574442292794105,0.9975487589836121,8.299533154144754,4.9859500783994335,0.0024512901436537504,15.738659704871793,9.605822788884135,-1.472749428232797,0.09837508389046512,8.299533154144754,16.50069122439904,18.071815736522304,19.89858751910304,-3.088407003215213,-0.06151274927738726,15.738659704871793,31.53883215902097,34.565726412958796,38.08514512820546,8.317769019469315,5.016001001731486,25.024946103420767,0.13532334483422256,-1.4752095201999935,0.0981278923411047,8.308144329521468,16.550581452846874,18.151890241468905,20.049494236125607,2,-2.6603247901899048,0.9786362051963806,9.262775970956682,6.097549348256312,0.021363772451877594,10.894505325985207,6.415331299893593,-2.688201145581372,-0.7668001900383015,9.262775970956682,19.29235213195166,21.21375308749473,23.447796934131865,-1.6793129706987653,0.34222436925992383,10.894505325985207,21.446786282710484,23.46832362266918,25.81879765676033,9.297635658561385,6.109069165594531,37.26505743667665,0.05566670112191685,-2.6705933168435845,-0.747222248762499,9.295611160486253,19.34929153314547,21.27769411909725,23.521370537486867,2,-3.640191429281974,0.9988189339637756,8.138755430384904,5.10667889358821,0.001180988154374063,13.348410130565028,11.191393457071493,-1.8701512816588401,-0.26098386941019847,8.138755430384904,16.538494730180005,18.147662142428647,20.01866701789307,-8.586317982112309,-5.059793987940001,13.348410130565028,31.75661424907005,35.28313824324236,39.38348450697787,8.144907337012864,5.121260076331721,26.195284845063878,0.03201475772106989,-1.8766281613015636,-0.26465657145290694,8.141467109417912,16.558324267842004,18.17968770821022,20.079377426672796,2,-2.4874631077334532,0.993544340133667,7.462644096364663,6.7237234566986075,0.006455646362155676,11.55737268362089,9.06383120962165,-5.7156117207717685,-3.596896818004735,7.462644096364663,18.522185010734056,20.64089991350109,23.104363865494,-6.207410049187661,-3.351302955601236,11.55737268362089,26.46604832284301,29.32215541642944,32.642997148789235,7.489078115296129,6.749407395432023,45.44695764915876,0.1075417829544941,-5.718138326283619,-3.5957808018765447,7.48164698580565,18.594332499099036,20.739904766015712,23.253185512498206,2,-1.8316338860167187,0.9878968000411987,8.037298963773146,6.155846185560029,0.012103225104510784,12.724300710782337,8.320645590067185,-4.027937854292784,-2.088166961500656,8.037298963773146,18.162764889046947,20.102535781839073,22.357938650473137,-3.583864973871375,-0.9619433666174508,12.724300710782337,26.410544788182122,29.032466395436046,32.081016889882434,8.094027003086019,6.207769836295067,38.27374256312212,0.2626654246705018,-4.024188157644124,-2.0791364222040754,8.077328456520775,18.3126905504696,20.31057561340696,22.675986030877997,2,-2.4365827738066086
182,391,reset,0.5,107.4964475111,106.13184143090001,106.05031917960001,106.18931877739999,106.12382646263335,0.9956439733505249,101.65785283502032,12.37293855782099,0.004355993587523699,40.056525276480826,16.96696159681794,77.40733887876422,81.30617997214074,101.65785283502032,122.0095256978999,125.90836679127642,130.44161214464512,6.801891619643456,12.148356955608488,40.056525276480826,67.96469359735315,73.31115893331818,79.52758031617083,101.38951448618539,13.043575721938735,153.67673993004425,16.457787812543977,76.44895752314198,80.79464856377368,101.59002766567168,121.98333711324803,125.88529535860556,130.42147393677186,2,4.734311976447955,0.9819902181625366,100.67101810466175,13.355982502510749,0.018009845167398453,30.908496409116268,13.701645675538115,74.49377342159354,78.70238184390654,100.67101810466175,122.63965436541696,126.84826278772996,131.7416796051043,4.053764356132575,8.371294824503433,30.908496409116268,53.44569799372909,57.76322846209995,62.783290697265244,99.41461226592675,16.26720657458457,178.55072284543567,86.07191280131269,67.97436889696156,76.0415349219084,100.36398967960943,122.52176848476762,126.74434888778886,131.65057365279594,2,6.709214196706597,0.9966243505477905,103.49305127806834,13.329975782129836,0.0033756836783140898,34.24988306812192,14.001565837005746,77.3667788303027,81.56719226565679,103.49305127806834,125.41891029047989,129.61932372583396,134.50321209984196,6.807318300424232,11.21935671812318,34.24988306812192,57.28040941812064,61.69244783581959,66.8223959862831,103.25931178747126,13.924091729841896,177.75022310449805,16.130472331896122,76.5690387008863,81.14031446781381,103.43646304289918,125.39710745834736,129.60012113188432,134.48628378089936,2,2.8645146751620842,0.9981708526611328,102.17973639269633,15.802648649849921,0.0018290742300450802,26.18318625870055,15.765824286442976,71.20711417864996,76.18669244555089,102.17973639269633,128.17278033984175,133.1523586067427,138.94219448348906,-4.717261529314584,0.25071299926520396,26.18318625870055,52.115659518135885,57.08363404671568,62.859978069968626,102.04072559103373,16.132785648005804,249.72155981507208,10.544451717732938,70.71011527701096,75.91638743157607,102.14344531560309,128.15878800884988,133.14005682077874,138.93148940740267,2,4.083100871599612,0.9922161102294922,103.12221993930059,12.815041277772234,0.007783831097185612,28.589619073080357,13.438970595613231,78.00520057447285,82.0433528140241,103.12221993930059,124.20108706457708,128.23923930412832,132.93446397159164,2.2497207163856174,6.484479546391739,28.589619073080357,50.69475859976897,54.92951742977509,59.853339747482565,102.54206471240074,14.396417900724561,164.35277751046854,42.903453919182034,76.0596520868417,81.05650994788472,102.99621964324085,124.15257558132893,128.19648155448337,132.8969593743083,2,3.5817617502326016
183,399,reset,1.2,121.4856479892,22.5857779614754,21.6689935554246,21.8741031617704,22.042958226223465,0.002964829560369253,99.56592699857,41.08740230157081,0.9970351457595825,18.840706732334226,8.517115196224594,19.03609826918307,31.983164300816966,99.56592699857,167.148689696323,180.09575572795694,195.14951799269,2.147467695555221,4.831298910660697,18.840706732334226,32.850114554007746,35.53394576911323,38.65447956203225,19.080042786657334,9.82825250602961,77.33132706917641,19.263211268378072,2.1538430651967078,4.840358013321387,18.870877177380446,33.0758460325612,35.95006776939619,39.65365682575555,2,2.9629154395661317,0.006888502277433872,100.72901957478109,55.827227609821755,0.9931114912033081,16.785602377659785,8.370275921936488,-8.690335897189698,8.901401758120372,100.72901957478109,192.55663739144177,210.14837504675185,230.60257183848407,0.38016303000146934,3.01772366887797,16.785602377659785,30.553481086441593,33.1910417253181,36.25777597379197,17.363846688768064,11.800576272263417,91.04815236886745,48.20544602306187,0.36777141793549617,3.0221787676164444,16.848693122021114,31.052888347278365,34.14565814040694,38.94067217761142,2,4.679111537455402,0.002314566867426038,101.32170192614558,51.10871234546235,0.997685432434082,16.44018702490419,10.536012576948231,1.150466432821716,17.25535105589232,101.32170192614558,185.38805279639882,201.4929374194694,220.2183462359768,-4.2100181665753915,-0.8900114758954416,16.44018702490419,33.770385525703816,37.09039221638377,40.950617484155266,16.6366509554682,11.551366450701375,116.79650774116566,16.637558943896412,-4.2078458850846,-0.8842320841589537,16.467855096989542,33.977199574345526,37.467616186275855,41.82803843716927,2,5.406307270755267,0.001914267661049962,101.97161058887235,51.61163765234765,0.9980857372283936,16.840272682265507,8.7121425460329,0.8146596071395464,17.078021203503113,101.97161058887235,186.86519997424153,203.12856157060514,222.03823411717752,-0.2352129361380726,2.510073416905051,16.840272682265507,31.170471947625956,33.91575830066908,37.1077469725699,17.003236931701604,9.731499530739608,80.85528427423641,13.846800256136188,-0.2358992280451436,2.5130019524076155,16.859140572804773,31.312799831424122,34.17592464077603,37.708437391113364,2,5.039721294521861,0.0041083237156271935,105.6719332136006,51.86332507301354,0.9958916902542114,16.49258660422901,8.74571066633398,4.021683952000856,20.36435486149101,105.6719332136006,190.97951156571014,207.3221824752003,226.32406923789466,-0.6486913209933931,2.107172694441381,16.49258660422901,30.878000514016634,33.633864529451415,36.83815201983137,16.8589644592472,10.943623216852753,87.22380846910454,32.53908461390687,-0.64634616050452,2.1156735728481344,16.533932132538375,31.193292574633094,34.22161672126357,38.30445446424446,2,5.183993766976265
184,400,reset,0.1,21.8741031617704,22.2097058191206,22.7618189606862,22.4152222671025,22.462249015636434,0.9999998807907104,24.09897166698589,4.605527951032493,7.440376492695577e-08,20.645904514342277,17.879270143702684,15.072302753169652,16.523552312703707,24.09897166698589,31.674391021268068,33.12564058080213,34.813031824706,-14.396821037177268,-8.762877828772265,20.645904514342277,50.0546868574568,55.688630065861815,62.23930660254689,24.098970330297625,4.605533180009908,21.210908963731814,8.87167245038897e-07,15.072088572584843,16.523333487635362,24.09897170960234,31.67459721037554,33.12577437073323,34.813301382238386,2,-1.636721314661191,0.9999969005584717,22.982699832353646,4.5421756522253665,3.053864702451392e-06,10.367927591300841,9.00980927200603,14.080199142537195,15.511485736540081,22.982699832353646,30.45391392816721,31.885200522170095,33.5493805044282,-7.290974089406028,-4.451889867899288,10.367927591300841,25.187745050500965,28.026829272007706,31.327878236745526,22.982660261067462,4.542252046496321,20.631543612522194,0.0004859675767094763,14.080035452631087,15.511342752249194,22.982685481972972,30.453926128943202,31.885252503606665,33.54938719774895,2,-0.5204112454310277,1.0,23.960258592307106,4.30473465535152,2.3711157481898226e-09,14.007312363852336,15.736342318995096,15.523133704816683,16.87960018138846,23.960258592307106,31.04091700322575,32.397383479797526,33.97456890609405,-16.835351829771575,-11.876667374496698,14.007312363852336,39.89129210220136,44.84997655747624,50.61551886282549,23.960258625520066,4.30473459272365,18.530741040149614,2.348854285016628e-07,15.523022349548325,16.879478623618326,23.960258695322473,31.041096438136503,32.397589921333626,33.974760572250496,2,-1.4980096098836313,1.0,21.639234441126177,6.081845899755948,1.3837937906657771e-08,7.944228043566753,17.797547086638673,9.719035518081917,11.635488154352663,21.639234441126177,31.64298072789969,33.55943336417044,35.78772372026744,-26.938323259400818,-21.330131832730487,7.944228043566753,37.21858791986398,42.826779346534316,49.34751387171039,21.63923455105791,6.081845940767319,36.98885393158219,2.595349592717987e-06,9.719017626271832,11.635328473397827,21.639234320863064,31.6431175357994,33.55952587516875,35.787801247425044,2,0.8230144645785238,0.9999995231628418,21.16596399955278,5.267731092707203,4.751607036723726e-07,9.980042759877783,14.721836726314336,10.841400777604834,12.501317405908292,21.16596399955278,29.830610593197264,31.49052722150072,33.420539028091014,-18.874227009977375,-14.235223774787752,9.980042759877783,34.19530929454331,38.834312529732934,44.22815633011551,21.165958648958796,5.267745326181233,27.74908061608037,5.945437591178897e-05,10.841226009419454,12.501190501193625,21.165962241939983,29.830735468562356,31.490682217324494,33.42055128610027,2,1.2962903666776384
185,405,reset,0.5,130.0054030245,123.0523731819,122.4506089346,122.41097722880001,122.63798644843332,0.9984574317932129,120.42844316573026,13.188307594791707,0.0015425133751705289,50.50718826366706,22.36957751733123,94.57983526290244,98.73560758508546,120.42844316573026,142.12127874637505,146.27705106855808,151.10903450107062,6.663621980320926,13.712507550912662,50.50718826366706,87.30186897642145,94.3507545470132,102.54660736430236,120.32058209154889,13.489459138453896,174.4350266840732,7.529687364299889,94.24022875808599,98.54884200863638,120.40295376052896,142.11153451852442,146.2684228393292,151.10158977886834,2,2.3174043568844382,0.9905756711959839,119.51892547853404,14.716200255947015,0.009424280375242233,37.05665512339694,18.409317362191885,90.67570298759875,95.31293011259541,119.51892547853404,143.72492084447268,148.36214796946933,153.75392665791566,0.9750561135329292,6.7760226904949015,37.05665512339694,67.33728755629897,73.13825413326094,79.88313143147516,118.74177213417319,16.76906522518436,217.71947216738957,63.481393532347326,87.86920157871732,93.9196803857656,119.34344751383601,143.65730786353961,148.3025992560112,153.70177106469717,2,3.896214314260135,0.9984081387519836,124.35283277734588,14.591287312448756,0.0015919421566650271,44.66739288988073,14.831292600768473,95.75443515687007,100.35230091957354,124.35283277734588,148.35336463511823,152.9512303978217,158.29724299618013,15.598593548199126,20.272087463128166,44.66739288988073,69.06269831663329,73.73619223156233,79.17013890095612,124.22598822753629,14.933454023753114,212.9169242789148,10.092373390682914,95.35588909950002,100.13535987346324,124.32367218150725,148.3421604195113,152.94136058584186,158.2885200337733,2,-1.5880017791029672,0.9993728995323181,122.42184603599517,16.745276278007548,0.0006271555321291089,32.830429065654045,19.129549349481067,89.60170761992745,94.87831761581,122.42184603599517,149.96537445618034,155.2419844520629,161.37718390556455,-4.662798699810473,1.3651204362129228,32.830429065654045,64.29573769509516,70.32365683111856,77.33241552617866,122.36566502430222,16.896387065870186,280.4579370542997,5.030783324975159,89.42473377192415,94.78104097216966,122.40867450109891,149.96034859013412,155.2375359177994,161.3732775881995,2,0.27232142413110694,0.9973645806312561,123.51774762061382,14.203761244093556,0.002635478973388672,34.79591469414052,17.393774382326953,95.6788871371846,100.15463942191377,123.51774762061382,146.88085581931387,151.356608104043,156.56063739419454,0.7047433495642608,6.185701814994417,34.79591469414052,63.40612757328661,68.88708603871677,75.25988475001287,123.28393045768706,14.92321189709582,202.01249270235047,20.69066654994717,95.02390423744113,99.80178256393505,123.47070619032667,146.86276605085908,151.340589525047,156.54668206579834,2,-0.6459440092537392
186,406,reset,0.9,11.788635425368199,10.2001618561683,10.6363075250068,10.736812697698301,10.524427359624466,0.9476804733276367,12.850193408843424,5.739332349484963,0.052319467067718506,16.188914559111964,8.94712443099483,1.6013087085472435,3.4098317775131655,12.850193408843424,22.29055504017368,24.0990781091396,26.20187701848159,-1.3471270908363309,1.4722044880039853,16.188914559111964,30.905624630219936,33.72495620906025,37.00303845793565,13.024872754181981,5.99645450561407,35.40476148719532,0.552695038936302,1.4630778153121011,3.3310419086911716,12.962048672514387,22.883394932803103,24.9683518362964,27.63153822026766,2,-2.5004453945575147,0.666387677192688,13.50009342667699,7.80609290182598,0.333612322807312,11.833986213017518,6.670864977626344,-1.7995675208756925,0.6602132047883806,13.50009342667699,26.339973648565596,28.79975437422967,31.659781053405155,-1.2406688888597142,0.8613897596652702,11.833986213017518,22.806582666369764,24.908641314894744,27.352738771732064,12.944259529082036,7.487951203703996,55.452285684388336,0.6171275446638163,-1.6031658871754655,0.7334247291981719,12.885817070662016,25.35868493176369,27.813082400988,30.6899872701482,2,-2.4198321694575693,0.9502328634262085,12.405511629087094,6.035716389429334,0.0497671477496624,13.553138491360855,10.467254698463039,0.5757248849074657,2.477641634683806,12.405511629087094,22.33338162349038,24.235298373266723,26.446687619949486,-6.9623037346343715,-3.66396336363092,13.553138491360855,30.770240346352622,34.06858071735607,37.903614206174346,12.462625883345751,6.334966676642243,40.06952085884087,0.06228367113007678,0.14014512427330114,2.194294691169272,12.439092751338448,22.786257058821835,24.92288750435081,27.62529973311341,2,-1.9381985237212849,0.7630735635757446,11.859402199029667,7.800999618914815,0.23692640662193298,12.25481385080009,8.446097398575,-3.430276097454062,-0.9721003179894243,11.859402199029667,24.690904716048752,27.14908049551339,30.007241077885556,-4.299232860324356,-1.6377800888313985,12.25481385080009,26.147407790431572,28.808860561924533,31.903374577916917,11.953085307382349,7.960344345712914,63.338810903183884,0.028266941095646175,-3.639855358868622,-1.1281945633937809,11.947511627410046,25.05324531544207,27.578485166382524,30.52425979039897,2,-1.4286579477578822,0.7589306235313416,12.62559908347076,7.249925858936481,0.24106939136981964,14.060121134788687,7.620923611898349,-1.5839944906303618,0.7005322392698172,12.62559908347076,24.550665927671698,26.83519265757188,29.49144869236136,-0.8766146734629849,1.5248172910375697,14.060121134788687,26.595424978539803,28.996856943040356,31.789040577556058,12.971418629424644,7.3666756416229555,53.89141804801328,0.37649446810280407,-1.4311710281131795,0.8788635120201307,12.957689745501362,25.110623009558655,27.453118301013912,30.184459910473162,2,-2.4469912698001774
187,407,reset,0.4,10.736812697698301,10.741803144856199,10.4187243647287,10.5912692566486,10.583932255411165,0.9999765157699585,11.603726600966858,4.803746347043771,2.349379974475596e-05,15.40989441642212,11.575775665932447,2.188556769895218,3.7022669990770236,11.603726600966858,19.50518620285669,21.018896432038495,22.77891170284359,-7.278208981920642,-3.630562172463467,15.40989441642212,34.450351005307695,38.09799781476488,42.339175527237764,11.603816133355531,4.804052896991896,23.07858518099577,0.0003403446471006171,2.188300250893159,3.70207075050588,11.603763040784232,19.50554471300756,21.01955779347439,22.780100777963543,2,-1.0198838779443662,0.9997305274009705,12.196754748059412,5.120699829749249,0.0002694603754207492,9.5534288069124,6.696919244919864,2.1603675061104948,3.773953060566571,12.196754748059412,20.619556435552248,22.233141990008328,24.109283910597874,-3.57229172050371,-1.4620231024951575,9.5534288069124,20.568880716319953,22.679149334328507,25.13279265495492,12.196042327370593,5.121373818070382,26.226585707567274,0.0018822586678237416,2.157759180068478,3.771998383782554,12.196223973166436,20.619573360422994,22.233251547219457,24.10956383267507,2,-1.6121100719594281,0.9999973773956299,11.51784823190404,4.710274159711277,2.6704103675001534e-06,11.974673204977286,12.98282280584076,2.2858805215602676,3.7701366963671443,11.51784823190404,19.265559767440934,20.74981594224781,22.475584509497878,-13.471191912135861,-9.380169975278186,11.974673204977286,33.32951638523275,37.42053832209042,42.17723543839388,11.517850002436408,4.710315148221813,22.187074580268817,5.57284233792856e-07,2.285702955269007,3.7700281130193187,11.517848394951054,19.265666355534908,20.74999431197778,22.475828951521397,2,-0.9339177470252427,0.9999867677688599,10.379396482948046,6.337775801760431,1.317583337367978e-05,9.437806241974592,11.56941734698281,-2.0424158305918674,-0.04531703138287746,10.379396482948046,20.804109997278964,22.801208796487956,25.12326774552091,-13.237835080224663,-9.59219184292537,9.437806241974592,28.467804326874546,32.11344756417384,36.35229569101928,10.379383491337146,6.3378744047406865,40.168634213008104,1.1681437287034201e-05,-2.0426880166748607,-0.04549772657211229,10.379390171030957,20.804218159725135,22.801391409906444,25.123617872277148,2,0.20454876407401912,0.9998916387557983,10.665213941973107,5.6619389430993285,0.00010831477993633598,10.26638467575706,10.141601571565873,-0.43198246916635696,1.3521531358383871,10.665213941973107,19.978274748107822,21.76241035311257,23.836853565201274,-9.610789150066868,-6.415065452329824,10.26638467575706,26.947834803843936,30.143558501580983,33.85927793113858,10.665170247317574,5.662617920369809,32.06521919977453,1.7227201113096953e-05,-0.4333171847995803,1.3512655055191805,10.665190148863935,19.979039728663558,21.76356287587121,23.838719643381495,2,-0.08123799190640923
188,409,reset,0.4,10.372712298302599,10.4427572429659,10.463235694951901,10.3687113765501,10.424901438155969,0.9999773502349854,11.221045995251053,4.780194055924293,2.2633941625826992e-05,15.37820800120788,11.583580563677788,1.852037806526992,3.3583264648321087,11.221045995251053,19.083765525669996,20.590054183975113,22.341440274753197,-7.325192715618769,-3.6750865020421166,15.37820800120788,34.43150250445787,38.08160871803452,42.32564601930051,11.221139910658252,4.780498698872495,22.85277466670182,0.0003911508339149474,1.851762068399772,3.358195913077669,11.221084056674444,19.084189909359427,20.59070649038361,22.34263148214025,2,-0.7962384725022833,0.9997372031211853,11.830407227232136,5.09953460976501,0.00026282903854735196,9.49105302083315,6.688528655660128,1.8355030541771953,3.442419228595595,11.830407227232136,20.218395225868676,21.825311400287077,23.693698725256656,-3.6182222538248094,-1.5105975973982702,9.49105302083315,20.492703639064565,22.600328295491103,25.05089743938933,11.82979275747798,5.10015790341253,26.01017716590223,0.0014379744005535821,1.8331496965418914,3.4406899147326317,11.829947591845379,20.218452148576826,21.825515368291178,23.69404072275063,2,-1.4048913193220116,0.9999974966049194,11.145287914496016,4.687184370378074,2.5565091164025944e-06,11.96720401725127,12.981572177957622,1.9585753596559403,3.4355557026893857,11.145287914496016,18.855020126302644,20.33200046933609,22.049309309762506,-13.476209914252866,-9.385582063194654,11.96720401725127,33.319990097697186,37.4106179487554,42.16685685515071,11.145290607703247,4.687223941572732,21.970073149109858,1.7270356472267526e-06,1.9584579462584302,3.4354381567956698,11.14528844492859,18.855141058749794,20.332175274467513,22.049521470045068,2,-0.7203891695472784,0.9999872446060181,10.008340376957065,6.309427756137469,1.277308001590427e-05,9.415473601204276,11.56709403193493,-2.357910788129745,-0.36974475171394516,10.008340376957065,20.38642550562807,22.374591542043873,24.68626422386174,-13.255614107176395,-9.61070297051263,9.415473601204276,28.441650172921175,32.08656130958494,36.3245582112266,10.008332981230147,6.309523164096732,39.81007984025986,4.489565529051158e-06,-2.3580911071540256,-0.36986467621208663,10.008336086702018,20.386569268967172,22.374794393303247,24.68660206382357,2,0.41656845692582145,0.9998949766159058,10.296100055321382,5.6442262773374035,0.00010506706166779622,10.228301039573779,10.15298257346553,-0.7663801688545142,1.0121739917081438,10.296100055321382,19.58002611893462,21.358580279497275,23.4265338562107,-9.67117914008146,-6.471869170766098,10.228301039573779,26.92847124991365,30.127781219229014,33.84767046452902,10.296093381586681,5.644888926784771,31.864775143064836,4.829119079171958e-07,-0.7676003529057402,1.0113840621619172,10.29609581753685,19.580806737925588,21.35973247425631,23.428517603803392,2,0.1288080565692873
189,410,reset,0.6,10.3687113765501,10.4882423656608,10.4527329506518,10.4262262128256,10.455733843046067,0.9992290735244751,11.402381275043858,5.102626239696165,0.0007709460332989693,15.466276409881722,9.949582644591658,1.4014176186703278,3.0093079977018657,11.402381275043858,19.79545455238585,21.403344931417386,23.272864979786043,-4.034547234722716,-0.8993306897282949,15.466276409881722,31.831883509491732,34.96710005448615,38.612466842721176,11.405514541883,5.109379734471701,26.093041269587456,0.012722545630584167,1.397729793390158,3.0071961203610016,11.403944983609282,19.80624094530048,21.420288758603053,23.303450213699605,2,-0.9497806988369337,0.9938965439796448,12.231662826806712,5.8905992499077255,0.006103454157710075,10.778018271727255,6.421522484241337,0.6863004496289093,2.5424892856783643,12.231662826806712,21.920836367935056,23.77702520398451,25.93524586865612,-1.807934523299945,0.21555372297245867,10.778018271727255,21.340482820482045,23.363971066754452,25.716713451047546,12.222790551119934,5.895072105506468,34.73905646559485,0.01281838525277732,0.6659901476766464,2.525112286747445,12.223587902571365,21.917840409188358,23.77487845083684,25.934099893324365,2,-1.7670567080738664,0.9997541308403015,11.190131857162804,5.1576441410493645,0.00024590722750872374,12.76277048552862,11.700418456518163,1.0813350956320242,2.706562185232743,11.190131857162804,19.67370152909286,21.29892861869358,23.18860633975219,-10.169628293294714,-6.482705249525235,12.76277048552862,32.008246220582464,35.69516926435195,39.982014087237864,11.190519006351595,5.1603314385401085,26.628417296434375,0.0006080262959783264,1.078393752459446,2.704694783122653,11.190301638112475,19.676561992861775,21.30352441654097,23.197094769689524,2,-0.7347851633055278,0.9988453388214111,10.411618881540775,6.8059954644809055,0.0011545862071216106,11.029480925169914,9.634148501866326,-2.927887107784759,-0.7832474432259158,10.411618881540775,21.60648520630746,23.751124870866306,26.244731961067536,-7.853103160198607,-4.817283180714011,11.029480925169914,26.876245031053834,29.91206501053843,33.44186181068039,10.412331475959908,6.809970773997045,46.37525355611076,0.0004402584280342541,-2.934487093775931,-0.7878674848345221,10.412123321920157,21.61309228728473,23.760365566149726,26.258664339801598,2,0.04340236708615919,0.9966084957122803,10.927171495762273,6.11724169456136,0.0033914814703166485,12.043659452724548,8.674378050490303,-1.0624019103047662,0.8652043075242464,10.927171495762273,20.989138684000295,22.91674490182931,25.158003706899084,-4.957809114521215,-2.2244227451726726,12.043659452724548,26.311741650621762,29.045128019970306,32.22328038910919,10.930957794650467,6.128061777963878,37.54892513064924,0.004213297536036778,-1.0767957474202976,0.8553535051263539,10.92983733222432,21.009518959070835,22.94518856996974,25.201095537840715,2,-0.47522395160440034
190,413,reset,1.0,115.6794868457,22.765819398754697,23.1074480157519,22.340198327344698,22.73782191395043,0.02434450201690197,98.61317331884246,29.167947465600726,0.9756554961204529,23.44393946422175,9.185126985722887,41.445046783308676,50.63616913931908,98.61317331884246,146.59017749836582,155.78129985437624,166.46796589557763,5.441421378777939,8.33575002774561,23.44393946422175,38.55212890069788,41.44645754966555,44.811740100253346,25.273896985736798,15.402337871955297,103.0242472674167,134.20776346465018,5.535487550506241,8.443359852212017,23.728289840281892,41.15647852201404,50.07388381477401,105.19241981559007,2,-2.5360750717863674,0.049576133489608765,99.5620166252119,36.00331755677226,0.9504238367080688,21.275278674084625,8.799502073464229,28.996810889979642,40.3418291596694,99.5620166252119,158.78220409075436,170.12722236044414,183.3182578818263,4.028571528209202,6.801385773179982,21.275278674084625,35.74917157498926,38.521985819960044,41.74598161530611,25.156431811163017,20.65513342138397,137.855004610408,288.7795131844827,4.189725489102828,6.99725798822838,21.833177852759412,44.774880756269454,99.17626586393331,129.64396140654964,2,-2.418609897212587,0.016466854140162468,100.04801523120884,35.20154693680736,0.9835330843925476,20.862424509464823,11.095932944302676,31.054251034970136,42.14662307789874,100.04801523120884,157.9494073845189,169.04177942744752,181.93905911059952,-0.8852044362399099,2.6112389616182305,20.862424509464823,39.113610057311405,42.61005345516955,46.67542452494308,22.166360799525687,15.590062664448759,141.49721004074556,101.55281363889111,-0.8130680384608122,2.6953542986418713,21.089482839430694,40.985175082441515,46.774245048987346,90.46514435365856,2,0.5714611144247428,0.021294664591550827,100.52799410990653,36.70846420542498,0.9787053465843201,20.125225478452336,9.203091794203186,28.58072633949581,40.14794362179493,100.52799410990653,160.9080445980181,172.47526188031722,185.92465177350124,2.0874970153979824,4.987486561589888,20.125225478452336,35.262964395314775,38.162953941506686,41.534818508499626,21.837375693608138,15.694529181355882,111.58810958266973,134.73014197120995,2.1594769068754673,5.074809414177863,20.36895041113319,37.399796365782876,43.76011124692219,103.3277882181547,2,0.9004462203422925,0.03416280075907707,103.71042423598675,33.76631024098478,0.9658371806144714,20.26786333464456,9.027851164117376,37.529672272850576,48.169786367334275,103.71042423598675,159.2510621046392,169.89117619912292,182.26260827930514,2.573600195186497,5.418369603768017,20.26786333464456,35.11735706552109,37.96212647410262,41.269785697446146,23.118494540025893,18.638853227734817,117.66894079924526,229.73789889061283,2.7006393641335693,5.565158646446475,20.662637505418754,39.32381126164187,82.83489915243965,122.12891265854668,2,-0.38067262607546226
191,415,reset,1.4,115.0447201836,14.911480975485201,14.5688897966926,14.3778537343815,14.619408168853099,0.0007106135017238557,92.10889975565391,48.57549352739064,0.9992893934249878,13.670490034938943,8.215806088582603,-3.097318089290283,12.209323046167611,92.10889975565391,172.00847646514018,187.31511760059806,205.11239585358373,-2.4321940026478543,0.15669159180385428,13.670490034938943,27.184288478074027,29.773174072525737,32.78331306264488,13.726229522631774,8.573053929044766,69.12825250945899,4.369002465908341,-2.4332799030293666,0.15779104071766983,13.677035225798695,27.23398167676416,29.862642874951113,32.981468181445486,2,0.8931786462213243,0.0009769375901669264,92.76709598932976,75.16603812576726,0.9990230798721313,11.283075985602245,8.204729819168294,-54.55563159773868,-30.870034445411207,92.76709598932976,216.40422642407066,240.08982357639817,267.62944898328124,-4.797898962849445,-2.2125036156136257,11.283075985602245,24.77865558681811,27.36405093405393,30.3701317575039,11.36268098477024,8.902339008205452,72.77145970606355,6.480182365519306,-4.809783137246717,-2.217298108713602,11.2903362231742,24.840112641797923,27.474391982286136,30.616377590562465,2,3.256727184082859,0.0006729339365847409,92.98475134709277,60.644225497531636,0.9993270635604858,10.697321075323153,10.00321844364428,-25.875746498394903,-6.766122916185125,92.98475134709277,192.73562561037062,211.8452491925804,234.06431640612885,-8.908626803706454,-5.756509062893009,10.697321075323153,27.151151213539308,30.303268954352756,33.968287035261156,10.752695052932738,10.345309313837229,102.47190626531119,4.5535182442663045,-8.912468615830868,-5.75741800445371,10.704289739685967,27.20481288838116,30.400421629671918,34.18321125305766,2,3.8667131159203603,0.00026781941414810717,93.65064153571788,62.04136703064667,0.9997321963310242,11.695373995426088,8.653886051564124,-27.94820339598033,-8.398326045668824,93.65064153571788,195.69960911710456,215.24948646741606,237.98044383005026,-5.26593099195313,-2.5390018637139207,11.695373995426088,25.92974985456609,28.656678982805303,31.827323413673973,11.71732339131076,8.81469963783034,75.900560114431,1.7983717524792866,-5.268772484615153,-2.5404376572736065,11.69773886333316,25.948971509358916,28.691285182281508,31.901665995619915,2,2.9020847775423384,0.0006091034738346934,97.43734969657676,67.32431313538835,0.9993908405303955,11.57381527048998,8.42047105349495,-34.51587933268131,-13.301290946183457,97.43734969657676,208.17599033933692,229.3905787258348,254.0571224303473,-4.9300047272221725,-2.2766270824910784,11.57381527048998,25.424257623471032,28.07763526820213,31.162760204210397,11.626114399499938,8.83797808796793,73.6219406704404,4.487908444206619,-4.935221004638712,-2.2792371230452373,11.5789507421747,25.465250434990672,28.151302741641256,31.327020371921012,2,2.9932937693531603
192,416,reset,1.3,14.3778537343815,15.6066914001512,15.6442399707515,15.454142382413702,15.568357917772133,0.2606825828552246,13.990483638420251,7.103596633347258,0.7393174171447754,15.387071898370394,9.009487249734278,0.06769007635964286,2.3061069516587427,13.990483638420251,25.674860325181754,27.913277200480856,30.515920564451317,-2.271198630281617,0.5677841186719164,15.387071898370394,30.206359678068864,33.045342427022405,36.346273407987795,15.023005663581307,8.575620289274124,73.16535693977282,0.3759064060371885,-1.691317150276866,1.0367501076186303,14.956314631168778,29.243420259621978,32.086602012427434,35.423662854991015,2,0.545352254190826,0.012843345291912556,13.847208941762197,12.904608134600991,0.9871565699577332,10.035421945726021,7.807470321476072,-11.445358236658361,-7.378982552823725,13.847208941762197,35.07340043634811,39.13977612018275,43.86781664102135,-5.26693869473244,-2.806723929869877,10.035421945726021,22.877567821321914,25.33778258618448,28.19831392972884,10.084377191789772,7.905486166138524,62.312489391662936,0.18421351268591035,-5.343289349679524,-2.8540859220162638,10.06477551383702,23.06600737044204,25.618370971491732,28.669963698052097,2,5.483980725982361,0.21386511623859406,13.33421521592831,7.716247247191479,0.7861348986625671,11.814846419469596,9.877676584165618,-1.7893514843733271,0.6421179449310888,13.33421521592831,26.026312486925526,28.457781916229944,31.2848905950057,-7.545043936429643,-4.432485735848857,11.814846419469596,28.062178574788042,31.17473677536883,34.793758341506276,12.139786579788463,9.477538923950593,89.43562857003619,0.38811768101234934,-6.688905330016112,-3.5656357308930686,12.206337733531498,27.613342077214,30.630102269646144,34.17967612802254,2,3.4285713379836693,0.022933905944228172,12.685600405550687,9.733930020420317,0.9770660996437073,10.756094822568478,9.067205599601268,-6.3925518625063695,-3.3252896930294966,12.685600405550687,28.696490504130864,31.76375267360774,35.330107814617804,-7.015301593069918,-4.158131194250371,10.756094822568478,25.670320839387323,28.52749123820687,31.849569292692095,10.80034598223182,9.087635684277457,82.50169839812068,0.08342458385091514,-7.002793896599864,-4.1415123436242105,10.797127811521902,25.752922586075186,28.622412265181513,31.96168678840194,2,4.768011935540313,0.025405293330550194,13.687877796798048,10.123708803862252,0.97459477186203,13.589343304088366,7.480811505336475,-6.15422684874304,-2.9641413474353335,13.687877796798048,30.339896941031423,33.52998244233913,37.23914625007154,-1.072777821503994,1.2845033669953576,13.589343304088366,25.89418324118137,28.251464429680723,30.992313245628136,13.591847487703188,7.559418186284586,57.1445749640279,0.00024039466989801342,-1.2271929209048797,1.1730948696466743,13.591204806697062,26.01243155568479,28.41469028994443,31.231898314332284,2,1.9765104300689451
193,418,reset,1.0,119.04846939379999,18.9871819433419,18.1834381608543,18.1444274652924,18.438349189829534,0.025648867711424828,101.18106392191396,30.064275927402658,0.974351167678833,24.32309628649461,9.397075273157421,42.256165882930205,51.72973062105584,101.18106392191396,150.63239722277206,160.1059619608977,171.12102831020437,5.905167191094172,8.866282940705624,24.32309628649461,39.77990963228359,42.74102538189504,46.183962370406135,26.294416991745102,16.02649733031461,109.22310613508179,147.62553501219514,6.0063394439728075,8.98214093049324,24.629808889395232,42.63462633886564,53.81465931301377,109.58782824026858,2,-7.856067801915568,0.05366823077201843,102.18106194298721,37.10628201913646,0.9463317394256592,21.74642535356155,8.995303141214062,29.45408558529354,41.14665938112639,102.18106194298721,163.215464504848,174.90803830068086,188.5031822317652,4.115955166761967,6.950468356207621,21.74642535356155,36.54238235091547,39.376895540361126,42.672629692477784,26.063209344012304,21.887251702870806,150.4673933951448,328.58437346523044,4.293774058807938,7.167350363202918,22.366157161388653,50.362309446164666,105.3636971094183,135.2615173905085,2,-7.62486015418277,0.017085133120417595,102.93686190253807,36.4570130785066,0.9829148054122925,21.76894530035122,11.171567114921823,31.482429284759405,42.97041171253921,102.93686190253807,162.9033120925369,174.3912945203167,187.74855677160102,-0.12692389576759666,3.393352612640257,21.76894530035122,40.144537988062176,43.66481449647003,47.75789670785417,23.155708622528465,16.00054417330012,145.37969893445268,110.63768194932369,-0.05265065205425834,3.4806217997421043,22.005912498900727,42.11113936278365,48.10403494821091,95.08135833624505,2,-4.717359432698931,0.023210380226373672,103.35838689503888,37.74494943907033,0.976789653301239,20.749222514623412,9.327735305196668,29.37964539617569,41.27346991108408,103.35838689503888,165.44330387899365,177.33712839390205,191.16626977839917,2.46719725911521,5.406463266627368,20.749222514623412,36.09198176261945,39.031247770131614,42.448779711483375,22.666613325747754,16.51581597503134,118.0545840495404,154.71761049722122,2.546834109561395,5.5028015827798304,21.018958442913096,38.510978531427085,46.02951503160932,109.93461642181036,2,-4.22826413591822,0.037760376930236816,106.59693102288946,34.945568767482506,0.9622396230697632,20.755873319126366,9.257296715391568,38.10487481935597,49.11658548981375,106.59693102288946,164.07727655596514,175.08898722642294,187.8924806322704,2.6119051627579495,5.528975241048588,20.755873319126366,35.98277139720414,38.89984147549478,42.2915658523428,23.99726401411067,19.90758806501714,128.5742705153554,267.7377920510575,2.755837347145259,5.695353637953089,21.204732084009912,41.11871280074213,91.98552373231753,128.5613653631764,2,-5.5589148242811355
194,422,reset,0.9,112.00191209660001,27.256252107249,26.8641864933318,27.0996981635619,27.073378921380897,0.08655694127082825,97.56660237646213,24.34678273936776,0.9134430885314941,25.75822348033664,9.759910085713859,49.84778506787987,57.51970848301355,97.56660237646213,137.61349626991068,145.28541968504436,154.20568864192455,6.629151219988241,9.704599977129938,25.75822348033664,41.81184698354333,44.88729574068503,48.463169559066834,31.973737882856835,23.366902005353072,138.3187902626926,407.69334953258846,7.0082334313955235,10.135413600461348,26.915753539597144,92.79712230341259,111.1232116419641,126.72495821445128,2,-4.900358961475938,0.1401410847902298,98.2859497030137,28.843207815751843,0.8598588705062866,23.165841894825547,9.153130074761162,41.75430118553587,50.84309471435921,98.2859497030137,145.72880469166816,154.8175982204915,165.38528488570614,5.226036602483255,8.110282693396044,23.165841894825547,38.22140109625504,41.10564718716783,44.45920658506546,33.69325425703022,29.472368415640453,188.6264576967503,679.9939915815147,5.809317589141373,8.778316317503837,25.027584022951338,108.8734778308851,124.86538605412504,140.56334937108062,2,-6.619875335649322,0.05911711975932121,98.83645073881743,28.813599056537008,0.9408829212188721,22.858196080466918,11.438273596709632,42.362834323027606,51.442297825147,98.83645073881743,146.23060365248784,155.31006715460725,165.8669056474575,0.43959178560060863,4.043910268855811,22.858196080466918,41.67248189207802,45.276800375333224,49.467599544869856,27.349812596896406,22.20969307374665,172.1799944266346,321.0905026555857,0.7352409776537607,4.380236519923505,23.75159651616656,69.53315542906154,104.44086345839357,126.42564275117698,2,-0.27643367551550924,0.08782554417848587,99.14267879069104,30.717250645584862,0.9121744632720947,21.315604219238146,9.680105474532796,38.93797382125497,48.6172976563233,99.14267879069104,149.66805992505874,159.3473837601271,170.60168952642704,2.3429461226048502,5.393247620180068,21.315604219238146,37.237960818296216,40.288262315871435,43.834897010408625,28.150809554109223,25.565338524136667,168.3425462605609,485.2439934974927,2.713850635084202,5.81863181353264,22.471803288421352,93.77885346697666,116.62287151510361,136.1951532340152,2,-1.0774306327283263,0.11062406748533249,101.96219053691388,27.167441374755324,0.8893759250640869,21.822408201539815,9.297499791224732,48.7149838902901,57.275726056656076,101.96219053691388,146.64865501717168,155.20939718353765,165.1631100222051,3.599643464470663,6.529381948363254,21.822408201539815,37.11543445471637,40.04517293860896,43.45162707475063,30.687796728278485,28.114129379822014,158.52906108604893,631.8752026828064,4.06734815157667,7.06154867172426,23.27221385900415,105.24015322867326,122.39526890967996,138.3209106694834,2,-3.6144178068975883
195,427,reset,0.8,124.6172070941,68.42093379522031,67.8890313049901,67.8654878883857,68.05848432953204,0.42684197425842285,109.50173904869958,22.496292921061986,0.5731580257415771,34.03485575789214,12.392046653427178,65.4098151377547,72.49863004452803,109.50173904869958,146.50484805287113,153.59366295964443,161.83594225941215,9.746890622434758,13.651752874650583,34.03485575789214,54.41795864113368,58.322820893349515,62.863067145107365,66.24728921287037,41.19908251442366,304.03331306194633,1393.3310869683423,12.841504446015094,17.20548667252508,47.9949988014174,136.25904946769043,144.75112215820909,154.21546620471275,2,1.8111951166616649,0.46728694438934326,110.00386614377928,26.062693182760565,0.532712996006012,28.03908922096595,11.272847802038491,58.92192616545096,67.13455073399214,110.00386614377928,152.8731815535664,161.08580612210758,170.63475702127303,5.944713525768993,9.496904627710997,28.03908922096595,46.58127381422089,50.1334649161629,54.26365473962416,66.34015770552159,45.35938359532401,385.10680911931513,1672.3666087074073,9.147201907937493,13.182576234780468,44.939574756625106,142.39043779728058,152.01233234513526,162.7979517181652,2,1.7183266240104444,0.3164403736591339,112.14057252701292,26.591913373133497,0.6835595965385437,30.639890932455216,12.316284250225541,60.02138003566223,68.40076736763491,112.14057252701292,155.88037768639091,164.2597650183636,174.00261366928024,6.500417378655246,10.381406112906433,30.639890932455216,50.898375752003986,54.779364486255176,59.29185261405009,56.42999615657124,42.00280831950774,327.45417763543327,1436.7816341890145,8.56647304729853,12.743505750791142,38.19532700446639,138.80378364970517,149.6832015559432,161.54201956558256,2,11.628488172960793,0.4927763342857361,111.80527458093405,28.30965941551607,0.5072236657142639,26.018895826669862,11.480585306076174,56.31936171192731,65.24002861356153,111.80527458093405,158.37052054830656,167.2911874499408,177.66339057704013,3.517362105320803,7.135013446444681,26.018895826669862,44.902778206895036,48.52042954801891,52.726731046204684,68.29239308084392,47.97108295038426,461.78312281738613,1839.4416766152615,7.043309461660524,11.200052708057443,48.2712553785383,147.8504147111095,158.17057499341323,169.7759486445536,2,-0.23390875131188693,0.4939655363559723,114.43064507890173,24.975136801712345,0.5060344338417053,26.457632801534693,11.328471206119673,65.48027643858465,73.35020072699598,114.43064507890173,155.5110894308075,163.3810137192188,172.53150148144442,4.254237237641103,7.823955850333423,26.457632801534693,45.09130975273595,48.66102836542828,52.811597708024074,69.91326820747594,48.037352453525926,373.05624196227467,1934.530843112268,7.756941506774378,11.86089473562464,50.46966867100273,146.26454642342654,155.3639128966656,165.59800514521558,2,-1.8547838779439019
196,431,reset,0.4,117.60118052760001,121.22622753670001,121.84304666099999,122.8244564618,121.96457688649998,0.9997556805610657,112.25646308363997,10.699148195328764,0.000244313181610778,49.178306807270374,23.39825929404677,91.28651795553887,94.65793036926215,112.25646308363997,129.8549957980178,133.22640821174107,137.14640374189094,3.3185612900091,10.691595143106532,49.178306807270374,87.6650184714342,95.03805232453163,103.61079757223243,112.24105155616493,10.749394793074481,114.57756064995239,0.9718489373233462,91.24417454556419,94.63433284944975,112.25320929957073,129.85376473147252,133.2254049029264,137.14561962347116,2,9.72352533033505,0.9973592162132263,110.66334470328002,11.655603330162046,0.0026407658588141203,35.67038022103608,18.296109604088336,87.81878195807728,91.49158329135531,110.66334470328002,129.83510611520472,133.50790744848274,137.77833273106583,-0.18933566017445003,5.575957979649708,35.67038022103608,65.76480246242245,71.5300961022466,78.23349590172519,110.46530385905608,12.29596848763401,136.37832045905913,14.81230182240932,87.28145225912536,91.20179478747862,110.62466752719166,129.82025674580944,133.4948484626886,137.76682143033878,2,11.499273027443905,0.9998407363891602,115.24211815066968,11.341240433785924,0.0001592975459061563,42.3198001002608,15.365820755567073,93.01369536043984,96.5874376890282,115.24211815066968,133.89679861231116,137.47054094089953,141.6257887227936,12.20334482645129,17.045274099380077,42.3198001002608,67.59432610114152,72.4362553740703,78.06604454786688,115.23050571511138,11.379251572978607,128.64086099278552,0.846955960517009,92.98338221964374,96.57070809675488,115.2398530234756,133.8959469130182,137.46981658376245,141.6252216177243,2,6.734071171388607,0.9999210834503174,113.13698579903865,13.672774613876468,7.889503467595205e-05,30.334847230950217,20.698806383789595,86.33883998710724,90.64727288491392,113.13698579903865,135.62669871316336,139.93513161097007,144.94461595426975,-10.234067804245157,-3.7116595229923988,30.334847230950217,64.38135398489283,70.90376226614558,78.48747145706213,113.13045068730209,13.693245298324452,186.9638144408456,0.5408769994520867,86.32083034210291,90.63723404489735,113.13563419141921,135.62629185310604,139.9347751143369,144.9442789299269,2,8.834126199197897,0.9993873834609985,113.53329363807096,11.198893622331484,0.0006126275984570384,33.16606416256777,17.36515834501475,91.58386547160595,95.1127528455353,113.53329363807096,131.9538344306066,135.48272180453597,139.58581600799133,-0.8690207794963101,4.602920476183627,33.16606416256777,61.7292078489519,67.20114910463184,73.5634633608754,113.48405971089916,11.378815962025854,125.5231239980991,3.954471130213676,91.46812002736624,95.04917237704167,113.52468959154983,131.95060671521463,135.47986222899036,139.58337843189545,2,8.480517175600824
197,433,reset,0.7,108.4619990913,77.25133567559381,77.8801642336903,77.8147138286084,77.64873791263084,0.7417036890983582,98.50375778722326,17.35909395243396,0.25829625129699707,32.04351613547131,12.141209313926092,64.48055883620563,69.95058913897088,98.50375778722326,127.05692643547563,132.52695673824087,138.8870490987432,8.247183151413903,12.073003959882971,32.04351613547131,52.01402831105963,55.83984911952871,60.28819261120813,81.3373206370017,33.28329881384111,261.5787949241045,846.1987906773252,16.258782530930453,21.543269952607194,90.6691033012992,124.46162791252063,130.25214581778528,136.90261917735762,2,-3.6885827243708604,0.7039251327514648,98.54669120849253,19.331966642161046,0.29607492685317993,27.052332294646185,10.681126474634889,60.65673283952715,66.74843576102904,98.54669120849253,130.344946655956,136.4366495774579,143.51957070751234,6.117709090044524,9.48344267291559,27.052332294646185,44.62122191637677,47.98695549924784,51.900348161274394,77.379009996501,36.9073356695679,296.85251507573804,1065.299268033897,12.356253231291012,16.811986073317154,87.8315489979442,126.92916862364665,133.4463966088671,140.91366214327675,2,0.26972791612983826,0.6957556009292603,99.89658551863079,19.681959465866786,0.30424436926841736,28.01373951246834,12.46007619966015,61.32065382035468,67.52264310568793,99.89658551863079,132.27052793157364,138.47251721690688,145.68367007900798,3.5924389165097317,7.518737983365618,28.01373951246834,48.50874104157106,52.435040108426946,57.00021128993461,78.02663139711687,37.557106036452616,316.75647943073596,1093.7795529614464,10.685987499859737,15.841961536208824,88.50435701134988,128.67257902960054,135.32371588129573,142.94019689998996,2,-0.3778934844860373,0.8117826581001282,99.55848950878573,22.015548969315965,0.1882173717021942,23.808362055496175,11.677145683612197,56.40880642904852,63.3461339372786,99.55848950878573,135.77084508029284,142.70817258852293,150.77431504939594,0.9215770733889137,4.6011666253659165,23.808362055496175,43.01555748562643,46.695147037603434,50.97346509143259,85.30100258049553,35.9979631765563,419.1229050306525,876.7306646795262,10.803540348887687,16.485805005552226,93.0682009642502,133.49631751239815,140.7103105987702,149.02848900012287,2,-7.652264667864699,0.7355181574821472,101.53803173361769,18.40812004448349,0.2644818425178528,25.14999472936494,10.667615226968849,65.45877942334019,71.25936871309091,101.53803173361769,131.81669475414446,137.61728404389518,144.36172266419044,4.24185308357492,7.603329132362472,25.14999472936494,42.69666032636741,46.05813637515496,49.966578733709625,81.334782960411,37.60916941621507,279.3343702758092,1135.1152539017587,11.139015612033516,15.747259644042423,92.93921955768339,128.9847616835941,135.1355710853524,142.19710296241368,2,-3.686045047780169
198,434,reset,0.5,77.8147138286084,70.6537521028323,70.6582950718665,71.15199346540089,70.82134688003323,0.9926313161849976,75.81439702547863,10.564896605949679,0.007368684746325016,28.12548916525192,12.538239001540711,55.10758017742779,58.436688524815,75.81439702547863,93.19210552614226,96.52121387352946,100.39202178419096,3.550992292676675,7.501921267983267,28.12548916525192,48.74905706252056,52.69998603782716,57.29379481070211,75.46299256816773,11.339646792071408,111.95298166105599,16.634613011447627,53.64083965571326,57.67753395781512,75.71611572514219,93.15422842039663,96.48784383059369,100.3627461973292,2,-4.641645688134503,0.9787946939468384,75.02703888329602,11.029361503389675,0.0212053544819355,23.32179576817901,9.758064401015357,53.4098875641797,56.885353611486565,75.02703888329602,93.16872415510547,96.64419020241232,100.68517056873448,4.19634098336649,7.271208146142847,23.32179576817901,39.37238339021516,42.44725055299152,46.022448142234694,73.9306145079328,13.288155817000023,121.08642728125304,55.488922434498775,45.870853114138356,54.19079785398694,74.72752379376715,93.05389960933405,96.54293330966993,100.59636164123594,2,-3.1092676278995697,0.9961379170417786,75.9273699306502,11.012917475705056,0.003862116253003478,22.589270742757414,13.147827882376099,54.34244831355652,57.81273267741948,75.9273699306502,94.04200718388091,97.51229154774387,101.54724708724387,-3.179998381631272,0.9630183638973833,22.589270742757414,44.21552312161744,48.35853986714609,53.17569218517794,75.72137451885757,11.507757373954556,121.48356728638241,10.945103394600217,53.587803485997476,57.409030916749856,75.87385776137337,94.02140274957407,97.49410457452935,101.53131094361518,2,-4.900027638824341,0.9967705011367798,75.02767788498515,13.480760009348852,0.0032294730190187693,18.81126510772129,12.730027398029556,48.60587378243355,52.853800889545326,75.02767788498515,97.20155488042498,101.44948198753674,106.38861527318863,-6.1391301146247805,-2.1277666291192467,18.81126510772129,39.75029684456182,43.76166033006736,48.425737281609,74.84612655766455,13.850652634248684,181.66733844654215,10.17309517034476,47.84461711901489,52.442990845060955,74.9729378686655,97.1804639911822,101.43088782135132,106.3723102184669,2,-4.024779677631315,0.9857333898544312,75.70349313141324,10.683802069080725,0.01426658220589161,21.306112126502995,10.281645239389903,54.76362585806051,58.13020254845416,75.70349313141324,93.27678371437231,96.64336040476597,100.55773336149232,1.1544577554810793,4.394310663464168,21.306112126502995,38.217913589541816,41.45776649752491,45.22479567079983,74.92742630839031,12.475460081323034,114.02333623201045,41.61361115199423,51.20215670861182,56.516369606246705,75.50968572493501,93.20227560498613,96.57764710314852,100.50016879467967,2,-4.106079428357077
199,435,reset,0.2,71.15199346540089,71.41510458027909,71.17853141606841,71.1790380580081,71.25755801811853,0.9999958276748657,74.04511877472244,6.773825655655154,4.201302544970531e-06,35.78900256391479,20.976284402506362,60.76866445208492,62.90316707668112,74.04511877472244,85.18707047276375,87.32157309735996,89.80339368787911,-5.323759394466975,1.2860850844865936,35.78900256391479,70.29192004334297,76.90176452229655,84.58713718896152,74.04496019483986,6.774390082835936,45.886371159322884,0.006148708281756065,60.76805163275064,62.902753453490114,74.04508547234154,85.18719757425288,87.32175002017557,89.80366697923404,2,-2.7874021767213293,0.99989914894104,71.42639331799558,6.86743616127887,0.00010085999383591115,24.284421915942566,13.53288727453783,57.96646577576099,60.13046604025833,71.42639331799558,82.72232059573282,84.88632086023016,87.40243883189787,-2.2395497489919975,2.0248031992935864,24.284421915942566,46.54404063259154,50.80839358087712,55.766625456697994,71.42163921723652,6.884727598732173,47.175394526170216,0.22412515982871203,57.954885411999015,60.124036083805215,71.42552549506273,82.72205623296607,84.8861181148867,87.40225249408181,2,-0.16408119911798735,0.9999994039535522,74.53862547046481,6.508184656954419,5.980654691484233e-07,27.10799676197007,16.00568261157827,61.78281793809798,63.8336143326034,74.53862547046481,85.24363660832621,87.29443300283164,89.67892701103594,-4.2625647047023385,0.7809916664814338,27.10799676197007,53.4350018574587,58.47855822864247,64.34278247798763,74.53859725433867,6.508296991096512,42.35659549612867,0.0013454458737095873,61.782733338119215,63.83348782970006,74.53862053984473,85.24368429761103,87.29448106595798,89.67894884301721,2,-3.2810392362201384,0.9999991655349731,71.9808875740506,8.7609379253005,8.754095688345842e-07,18.207289644204685,20.398077924807634,54.80976476967055,57.570427052123364,71.9808875740506,86.39134809597783,89.15201037843065,92.36187689117719,-21.77220844225981,-15.344562813253923,18.207289644204685,51.75914210166328,58.186787730669174,65.66031485910034,71.9808434473529,8.761087416102786,76.75433352421135,0.0025313319569369268,54.80950962559584,57.570216004773755,71.98087769849788,86.39134978195537,89.15216190137077,92.36191710275226,2,-0.723285429234366,0.9999799728393555,71.159933215664,6.907003837461729,2.0063975171069615e-05,21.963755087013958,15.18347690490077,57.62245445315906,59.798922902247334,71.159933215664,82.52094352908065,84.69741197816893,87.22802690893502,-7.7953128066872495,-3.0108419697459965,21.963755087013958,46.9383521437739,51.72282298071516,57.28580430527807,71.15894876448677,6.910770204290381,47.71037208905062,0.048559141347014084,57.62003978275149,59.797578272046145,71.1597593437422,82.52095679803934,84.69736881438561,87.22810580393111,2,0.0986092536317642
200,436,reset,0.5,71.1790380580081,70.61398863114779,70.6582950718665,70.6423223804767,70.63820202783033,0.9930375218391418,69.86094003669567,10.051508817067363,0.006962453480809927,25.92215370848394,11.910693957118227,50.16034476495683,53.327679302607706,69.86094003669567,86.39420077078361,89.5615353084345,93.2442462041831,2.5776225216533497,6.330805553609036,25.92215370848394,45.51350186335884,49.266684895314526,53.63057127397701,69.55501655671088,10.708196788434229,101.31711652137035,13.348242538850505,48.86323073684537,52.65033096321854,69.77263372377175,86.3601880231223,89.53155237739225,93.2179544330392,2,1.0831854711194495,0.9804408550262451,69.15232102260704,10.45540759273827,0.019559118896722794,21.756352572587836,9.15337717462517,48.6600986971534,51.95470592243553,69.15232102260704,86.34993612277854,89.64454334806068,93.47523624820418,3.8160629734115012,6.700386928050801,21.756352572587836,36.81231821712487,39.69664217176417,43.05029210307106,68.2252958371805,12.324532308091062,108.81617663379228,43.07779859886229,42.74133350605056,49.65003734464938,68.89088002725946,86.24962745977005,89.55610415573962,93.39770846787405,2,2.412906190649835,0.9966679215431213,69.74065931513783,10.40756675376166,0.0033321180380880833,20.50109102669437,13.000103947350382,49.34220331106853,52.6217353924734,69.74065931513783,86.85958323780225,90.13911531920714,93.95228010668941,-4.978644505389379,-0.8821771018510667,20.50109102669437,41.88435915523979,45.980826558778105,50.74385520692287,69.57659002187589,10.796822972779152,108.51966046052938,8.051917453753733,48.73703957070662,52.29528816529758,69.69705592466771,86.84279888893813,90.12431017272141,93.93931284065377,2,1.0616120059544443,0.9968799352645874,68.87393745132742,12.826854524331964,0.0031200216617435217,17.450285162867765,12.2515095062829,43.73376454870212,47.77563926460108,68.87393745132742,89.97223563805375,94.01411035395272,98.71366320463822,-6.562232225696825,-2.7016546841721123,17.450285162867765,37.602225009907635,41.46280255143235,45.95155825660014,68.71349157560826,13.141848949906795,164.48317200815697,8.224818439787342,43.04090187171125,47.39969725864882,68.82362469461579,89.95285418976407,93.99697291633566,98.69872386014379,2,1.9247104522220724,0.986060619354248,69.49516884208181,10.1766911930704,0.013939433731138706,19.88474183937548,9.846543442116268,49.549220621877865,52.75600142279485,69.49516884208181,86.23433626136877,89.44111706228574,93.16969276385129,0.5858713206185371,3.688619145675297,19.88474183937548,36.080864533075655,39.18361235813242,42.791227242593436,68.80363127168201,11.717596909854514,103.47290075550866,33.829427889342014,46.2802365880615,51.26031404563105,69.31485317436156,86.16501834997777,89.37993786173638,93.11603935641989,2,1.8345707561483238
201,437,reset,0.6,70.6423223804767,79.047259194382,79.54202881489539,79.5835551724934,79.39094772725691,0.9473735094070435,68.12919935303555,11.259951782605286,0.052626412361860275,23.133236239300892,10.313228636293491,46.060099391471596,49.60822682411854,68.12919935303555,86.65017188195255,90.1982993145995,94.32376424430173,2.919679547838509,6.16948471131375,23.133236239300892,40.09698776728803,43.34679293076327,47.125393751839376,65.76121791377113,15.055034508851968,125.71167136824332,100.9420543811477,22.476016889539395,36.59750211098328,67.34464640006443,86.35348118535416,89.93679894263518,94.09467235314635,2,13.629729813485781,0.9106889367103577,67.82677073172397,11.993409736084864,0.08931108564138412,20.701217422675974,8.333726033888688,44.32011959716559,48.09936722780967,67.82677073172397,87.55417423563826,91.33342186628234,95.72761397376571,4.367414539230317,6.993457929814253,20.701217422675974,34.40897691553769,37.03502030612162,40.08836326445173,63.61793792028844,17.827709314287997,137.19794938920043,180.6293604684604,15.840145789633821,21.941957575494506,66.34890024227559,87.0049899442096,90.84982299486448,95.30412049769184,2,15.773009806968474,0.9637821912765503,67.76186487356777,11.927169682744582,0.03621777519583702,18.526315019647434,12.259547816144678,44.385041857890364,48.1434165616397,67.76186487356777,87.38031318549584,91.13868788924518,95.508610708345,-5.501957166742812,-1.6388466705231473,18.526315019647434,38.691476709818005,42.55458720603768,47.046288018437636,65.97866052542149,15.07202051544042,142.54853149240418,84.61712497359619,24.48309882531771,41.986686516104825,67.19995038403714,87.1662636283803,90.94999349546984,95.34323353910504,2,13.412287201835426,0.9669054746627808,67.32577971969248,14.37172431491931,0.03309447318315506,16.958039180717265,10.720365644876095,39.15771766671204,43.68639685475078,67.32577971969248,90.96516258463417,95.49384177267291,100.75941002600607,-4.053491384340397,-0.6753931325031459,16.958039180717265,34.59147149393767,37.96956974577492,41.89733900761523,65.65888236981621,16.872868519732876,203.51432609056093,81.17914115282883,23.31309448182784,37.33850628201486,66.70908317972136,90.72992706114263,95.2863983857294,100.57763317217068,2,13.732065357440703,0.9146235585212708,68.34554645029407,11.52368225990851,0.08537641167640686,19.0338826341819,8.843665230791407,45.75954425159024,49.39077588924721,68.34554645029407,87.30031701134092,90.93154864899788,95.15364017675438,1.7006172905016328,4.487347803770019,19.0338826341819,33.58041746459377,36.36714797786216,39.60732444256239,64.1354915030251,17.832982969123144,128.13499125969585,189.8801677296232,14.212283274478215,20.94246327096705,66.99427749478087,86.79721025221234,90.48849097104524,94.76560119111349,2,15.255456224231821
