sample_idx,row_idx,state,voltage,g_before,g_after_1s,g_after_5s,g_after_10s,y_measured_uS,shuffle_run1_pi_1,shuffle_run1_mu_1,shuffle_run1_sigma_1,shuffle_run1_pi_2,shuffle_run1_mu_2,shuffle_run1_sigma_2,shuffle_run1_comp1_q025_uS,shuffle_run1_comp1_q05_uS,shuffle_run1_comp1_q50_uS,shuffle_run1_comp1_q95_uS,shuffle_run1_comp1_q975_uS,shuffle_run1_comp1_q99_uS,shuffle_run1_comp2_q025_uS,shuffle_run1_comp2_q05_uS,shuffle_run1_comp2_q50_uS,shuffle_run1_comp2_q95_uS,shuffle_run1_comp2_q975_uS,shuffle_run1_comp2_q99_uS,shuffle_run1_mixture_mean_uS,shuffle_run1_mixture_std_uS,shuffle_run1_within_var_uS2,shuffle_run1_between_var_uS2,shuffle_run1_mixture_q025_uS,shuffle_run1_mixture_q05_uS,shuffle_run1_mixture_q50_uS,shuffle_run1_mixture_q95_uS,shuffle_run1_mixture_q975_uS,shuffle_run1_mixture_q99_uS,shuffle_run1_n_components,shuffle_run1_residual_uS,shuffle_run2_pi_1,shuffle_run2_mu_1,shuffle_run2_sigma_1,shuffle_run2_pi_2,shuffle_run2_mu_2,shuffle_run2_sigma_2,shuffle_run2_comp1_q025_uS,shuffle_run2_comp1_q05_uS,shuffle_run2_comp1_q50_uS,shuffle_run2_comp1_q95_uS,shuffle_run2_comp1_q975_uS,shuffle_run2_comp1_q99_uS,shuffle_run2_comp2_q025_uS,shuffle_run2_comp2_q05_uS,shuffle_run2_comp2_q50_uS,shuffle_run2_comp2_q95_uS,shuffle_run2_comp2_q975_uS,shuffle_run2_comp2_q99_uS,shuffle_run2_mixture_mean_uS,shuffle_run2_mixture_std_uS,shuffle_run2_within_var_uS2,shuffle_run2_between_var_uS2,shuffle_run2_mixture_q025_uS,shuffle_run2_mixture_q05_uS,shuffle_run2_mixture_q50_uS,shuffle_run2_mixture_q95_uS,shuffle_run2_mixture_q975_uS,shuffle_run2_mixture_q99_uS,shuffle_run2_n_components,shuffle_run2_residual_uS,shuffle_run3_pi_1,shuffle_run3_mu_1,shuffle_run3_sigma_1,shuffle_run3_pi_2,shuffle_run3_mu_2,shuffle_run3_sigma_2,shuffle_run3_comp1_q025_uS,shuffle_run3_comp1_q05_uS,shuffle_run3_comp1_q50_uS,shuffle_run3_comp1_q95_uS,shuffle_run3_comp1_q975_uS,shuffle_run3_comp1_q99_uS,shuffle_run3_comp2_q025_uS,shuffle_run3_comp2_q05_uS,shuffle_run3_comp2_q50_uS,shuffle_run3_comp2_q95_uS,shuffle_run3_comp2_q975_uS,shuffle_run3_comp2_q99_uS,shuffle_run3_mixture_mean_uS,shuffle_run3_mixture_std_uS,shuffle_run3_within_var_uS2,shuffle_run3_between_var_uS2,shuffle_run3_mixture_q025_uS,shuffle_run3_mixture_q05_uS,shuffle_run3_mixture_q50_uS,shuffle_run3_mixture_q95_uS,shuffle_run3_mixture_q975_uS,shuffle_run3_mixture_q99_uS,shuffle_run3_n_components,shuffle_run3_residual_uS,shuffle_run4_pi_1,shuffle_run4_mu_1,shuffle_run4_sigma_1,shuffle_run4_pi_2,shuffle_run4_mu_2,shuffle_run4_sigma_2,shuffle_run4_comp1_q025_uS,shuffle_run4_comp1_q05_uS,shuffle_run4_comp1_q50_uS,shuffle_run4_comp1_q95_uS,shuffle_run4_comp1_q975_uS,shuffle_run4_comp1_q99_uS,shuffle_run4_comp2_q025_uS,shuffle_run4_comp2_q05_uS,shuffle_run4_comp2_q50_uS,shuffle_run4_comp2_q95_uS,shuffle_run4_comp2_q975_uS,shuffle_run4_comp2_q99_uS,shuffle_run4_mixture_mean_uS,shuffle_run4_mixture_std_uS,shuffle_run4_within_var_uS2,shuffle_run4_between_var_uS2,shuffle_run4_mixture_q025_uS,shuffle_run4_mixture_q05_uS,shuffle_run4_mixture_q50_uS,shuffle_run4_mixture_q95_uS,shuffle_run4_mixture_q975_uS,shuffle_run4_mixture_q99_uS,shuffle_run4_n_components,shuffle_run4_residual_uS,shuffle_run5_pi_1,shuffle_run5_mu_1,shuffle_run5_sigma_1,shuffle_run5_pi_2,shuffle_run5_mu_2,shuffle_run5_sigma_2,shuffle_run5_comp1_q025_uS,shuffle_run5_comp1_q05_uS,shuffle_run5_comp1_q50_uS,shuffle_run5_comp1_q95_uS,shuffle_run5_comp1_q975_uS,shuffle_run5_comp1_q99_uS,shuffle_run5_comp2_q025_uS,shuffle_run5_comp2_q05_uS,shuffle_run5_comp2_q50_uS,shuffle_run5_comp2_q95_uS,shuffle_run5_comp2_q975_uS,shuffle_run5_comp2_q99_uS,shuffle_run5_mixture_mean_uS,shuffle_run5_mixture_std_uS,shuffle_run5_within_var_uS2,shuffle_run5_between_var_uS2,shuffle_run5_mixture_q025_uS,shuffle_run5_mixture_q05_uS,shuffle_run5_mixture_q50_uS,shuffle_run5_mixture_q95_uS,shuffle_run5_mixture_q975_uS,shuffle_run5_mixture_q99_uS,shuffle_run5_n_components,shuffle_run5_residual_uS
0,3,set,0.299,81.18293274968221,81.4289809000182,81.4695808878881,81.4195001331209,81.43935397367574,0.9982079267501831,83.46051704176702,6.150260286039848,0.0017920775571838021,111.16306241417973,34.38262396303892,71.4062283855819,73.34423910357877,83.46051704176702,93.57679497995527,95.51480569795213,97.76816198299363,43.77435775263962,54.60867868446655,111.16306241417973,167.71744614389291,178.55176707571985,191.14900657454098,83.51016251110084,6.422557703237167,39.87644621985216,1.372831270906693,71.38683341784383,73.33487360891796,83.46853699774417,93.64671044044695,95.64005843466175,98.04739756340115,2,-2.0708085374251084,0.9992874264717102,81.79517990025866,6.533886467776706,0.0007125464617274702,102.8808379651384,25.79720276671439,68.98899774434268,71.047893045647,81.79517990025866,92.54246675487032,94.60136205617464,96.99527279379522,52.31924964050115,60.448215429105666,102.8808379651384,145.3134605011711,153.44242628977565,162.8941057776849,81.81020219739165,6.591828663140671,43.135448003555275,0.3165759666024927,68.98321671202679,71.0449559136366,81.79860345779949,92.57011588461697,94.64976305519424,97.09851648611208,2,-0.3708482237159103,0.9580259919166565,82.01525267813304,7.000790530988109,0.041973963379859924,104.76364211745505,13.68731982684308,68.2939553740873,70.49997698170972,82.01525267813304,93.53052837455635,95.73654998217877,98.30152684650247,77.93698821196159,82.2500044570274,104.76364211745505,127.27727977788268,131.5902960229485,136.6051094979485,82.97008907704243,8.696381749721919,54.81739373033489,20.809354066185172,68.40267583184641,70.62790312362014,82.3607306464758,96.36504385227072,102.70090348762207,114.51035288694324,2,-1.5307351033666947,0.9912689924240112,80.21512149707917,5.7534663901782706,0.008731048554182053,110.32616161955335,22.417849318726425,68.93853458606807,70.75151143765105,80.21512149707917,89.67873155650729,91.49170840809025,93.59968580223581,66.38798434400375,73.45208085919458,110.32616161955335,147.20024237991208,154.26433889510292,162.47787772274046,80.47802573747616,6.711786106225909,37.20123389428138,7.847104245426616,68.93200134500576,70.75681699359028,80.26720626432264,90.07795737149323,92.24602099905997,95.70712601993216,2,0.9613282361995772,0.9996432065963745,82.07321667795246,7.428102683936286,0.0003567892708815634,101.07300259035776,24.819135257151707,67.51440294397202,69.85507503691188,82.07321667795246,94.29135831899302,96.63203041193289,99.3535675648847,52.42839135891215,60.2491579448326,101.07300259035776,141.8968472358829,149.71761382180335,158.81094513136472,82.07999525852746,7.450206785453536,55.37680123274898,0.1287520704534157,67.5112373773285,69.85342474578809,82.07506410710418,94.3059228674111,96.65690952106455,99.40570699726196,2,-0.6406412848517249
1,4,set,1.153,81.4195001331209,97.64223299975491,97.3585647789815,97.4375863540609,97.4794613775991,0.000667526968754828,76.18305561318459,9.006548947711137,0.9993324875831604,110.861045420777,10.029479318885326,58.53054405067364,61.36860091022596,76.18305561318459,90.99751031614322,93.83556717569554,97.13542161013717,91.20362717207244,94.3640199866737,110.861045420777,127.35807085488031,130.51846366948155,134.19310331200245,110.83789854059877,10.068738104999662,100.57745843183247,0.8022073661001695,91.09631125594635,94.30344600608014,110.85264973477695,127.35483800109714,130.51561901816802,134.1906419913501,2,-13.358437162999678,0.0016402807086706161,77.19428938323429,8.796305781810583,0.998359739780426,105.98026330669941,10.24779749921052,59.9538468538841,62.725653914248944,77.19428938323429,91.66292485221963,94.43473191258448,97.6575566381625,85.89494928738716,89.12413642185875,105.98026330669941,122.83639019154006,126.06557732601166,129.82020523258885,105.93304840043231,10.31158303560367,104.97201450967503,1.3569601152378457,85.65709268368293,88.98211298145084,105.95918380006681,122.82827034824487,126.0584233348143,129.8139392010974,2,-8.453587022833219,5.120317291584797e-05,68.68513340514816,8.181691951194694,0.9999487400054932,109.04714233125671,10.139560091767049,52.649311848205315,55.227447724625904,68.68513340514816,82.14281908567042,84.72095496209101,87.718595081867,89.17396973231365,92.36905013862128,109.04714233125671,125.72523452389214,128.92031493019977,132.63528639444834,109.04506947210231,10.143614857453601,102.80883632437595,0.0834103962586172,89.16530558031307,92.36423426659869,109.04649233051565,125.72502813232371,128.9201498072635,132.6351565622296,2,-11.565608094503219,0.0007632214692421257,76.77821925391419,9.721552818029108,0.9992368221282959,111.54300902374081,9.656803801656777,57.72432585677326,60.787687841578695,76.77821925391419,92.76875066624967,95.83211265105511,99.39393298451195,92.61602136672404,95.65898026582688,111.54300902374081,127.42703778165472,130.46999668075756,134.00809401775456,111.51648065281536,9.704431847203592,93.25482136584688,0.9217182869034987,92.49821776396449,95.5925550222847,111.53376738389346,127.42349081484237,130.46688937275994,134.00535482826865,2,-14.037019275216267,0.0044756364077329636,79.12761606596041,14.337142295264563,0.9955244064331055,111.78722380396064,8.548626190436929,51.02733352601594,55.54511556147513,79.12761606596041,102.71011657044568,107.22789860590488,112.48079656437014,95.03222435340841,97.72598500916811,111.78722380396064,125.84846259875317,128.54222325451286,131.67430216805343,111.64105606356456,8.855730252452153,73.67192119401773,4.752571066625422,94.44688145617188,97.39952641824884,111.74015903731627,125.83011795522894,128.52607449379872,131.6601603541467,2,-14.161594685965468
2,5,set,0.647,97.4375863540609,107.96630458,107.65354247970001,108.01992881269999,107.87992529080002,0.20667681097984314,95.6057396236673,7.960282643893825,0.7933231592178345,113.4437901053333,17.723618650479935,80.00387233487612,82.51223984529969,95.6057396236673,108.69923940203492,111.20760691245849,114.1241262290539,78.70613587467022,84.29103168538661,113.4437901053333,142.59654852527999,148.1814443359964,154.6750926731879,109.7570753367967,17.73337299551467,262.3002561975949,52.171902583328695,79.1439999193322,83.57818200867804,108.23455002325328,140.5584139134969,146.3921984470715,153.11223052557705,2,-1.877150045996686,0.6330943703651428,96.0271923800671,7.899014903687012,0.3669055998325348,107.2713149391848,15.722717412202934,80.54540765549544,83.03446906639378,96.0271923800671,109.01991569374042,111.50897710463877,114.4030489082763,76.45535507216624,81.40974617818974,107.2713149391848,133.13288370017986,138.08727480620337,143.847825165208,100.15272105037738,12.632114267342388,130.2020406900018,29.36797123898924,79.36914261298453,82.63725500719775,98.4952998375674,124.5415042487287,130.69634960918478,137.502468121505,2,7.727204240422637,0.01279674656689167,90.81417210158054,8.881200097910202,0.9872032999992371,109.150207577422,11.13783518175338,73.40733977018294,76.20589790885117,90.81417210158054,105.4224462943099,108.22100443297813,111.47493306828525,87.32045175544224,90.83009898232723,109.150207577422,127.47031617251675,130.97996339940175,135.06068677391124,108.91557106109873,11.301330208666432,123.47327687430804,4.247340006442744,86.55220600843141,90.21026259660505,108.97664352690587,127.40073817454616,130.9185618522303,135.00680941938714,2,-1.0356457702987143,0.1876867711544037,94.2046014913396,7.718658597468577,0.8123132586479187,113.0863790856736,13.78676992913917,79.07630863134074,81.50853790209325,94.2046014913396,106.90066508058595,109.33289435133847,112.16088651000769,86.064806561421,90.40916056378353,113.0863790856736,135.76359760756367,140.1079516099262,145.1592020002167,109.54252258557422,14.830289318034783,165.58240738061176,54.35543149088941,82.8958783440121,86.31841763818971,109.24974136532023,134.34380024317147,138.8608098702568,144.0693843798933,2,-1.6625972947742014,0.6579594612121582,96.10599822119495,10.039561632994957,0.3420405387878418,108.35552020926654,13.623975347554184,76.4288189999547,79.59238885616034,96.10599822119495,112.61960758622955,115.7831774424352,119.46151108241476,81.65301920179877,85.94607494534459,108.35552020926654,130.76496547318848,135.05802121673432,140.04962629503405,100.29583132188847,12.789581524797594,129.8046442978147,33.76875128162838,77.49507323337133,80.87604853865847,99.37055502492346,123.11573309545304,128.28169482045473,134.16361527565425,2,7.584093968911546
3,6,set,0.385,108.01992881269999,99.9033934185642,99.8463364881448,99.90838401186109,99.8860379728567,0.9933765530586243,108.1899852770417,6.334450076499767,0.006623494904488325,118.99441471029687,37.435131180008526,95.77469126523516,97.77074209396802,108.1899852770417,118.60922846011538,120.60527928884824,122.92611974572478,45.62290584094772,57.41910341345567,118.99441471029687,180.56972600713803,192.365923579646,206.0815525453497,108.26155354946722,7.0646371682084546,49.14158346427125,0.7680770088909581,95.59482841250734,97.67294089522392,108.20199428656748,118.79937713325006,120.95188656967551,123.73352430348292,2,-8.375515576610525,0.9992443323135376,108.65487130251702,6.932858756270747,0.0007556878845207393,111.9950494766243,26.618331511890094,95.0667178303232,97.2513334321228,108.65487130251702,120.05840917291124,122.24302477471085,124.7831125311929,59.8240783847721,68.2117903458952,111.9950494766243,155.77830860735338,164.16602056847648,173.91854839982415,108.65739762931277,6.9693491577542686,48.56364146968288,0.008424679972256193,95.04499865212271,97.23882903052174,108.65552741452828,120.07545472226471,122.2726046272719,124.84372188699965,2,-8.77135965645607,0.8572787642478943,107.4894205060983,8.271950281752098,0.14272120594978333,116.36321993919273,15.172798907703891,91.27669587195822,93.8832730831961,107.4894205060983,121.09556792900048,123.70214514023836,126.73285445822383,86.62508053542443,91.40618662485065,116.36321993919273,141.32025325353482,146.10135934296102,151.66042842137887,108.75589665911167,10.05737038790866,91.51583283515868,9.634513787171958,90.75686870439385,93.64828085737918,108.19718068067476,125.74282750978684,131.26564616702558,138.79983302169384,2,-8.869858686254972,0.9823204278945923,106.00555929160271,5.5470635092848966,0.017679540440440178,121.8431767140195,24.54771741415384,95.13351459344794,96.88145175942527,106.00555929160271,115.12966682378013,116.87760398975747,118.90995869359715,73.73053467961125,81.46577469196873,121.8431767140195,162.22057873607025,169.95581874842773,178.9497069329916,106.28555773263996,6.725767956025943,40.879436550836715,4.356160340372594,94.93621436934762,96.77941230119771,106.0655704594073,115.70903115773545,117.99568716840166,122.587172285976,2,-6.39951975978326,0.9991200566291809,107.48092742355095,6.998612138355646,0.0008799625211395323,109.1469918890536,30.289032625711204,93.76389969060904,95.96923486415007,107.48092742355095,118.99261998295184,121.19795515649287,123.76213389285103,49.781578816100954,59.32596671780103,109.1469918890536,158.96801706030615,168.51240496200623,179.6098185446305,107.4823955561326,7.053154682748036,49.744771787280115,0.002440424904560256,93.73382081567496,95.95236188771632,107.48126628476571,119.01212715879745,121.23232133630562,123.83380462143832,2,-7.596357583275903
4,7,set,0.17,99.90838401186109,99.8454392600255,99.92315909065931,99.9344430053885,99.90101378535776,0.9999740123748779,102.5262274292047,5.225368321377585,2.5942283173208125e-05,118.0541508675548,62.2839950895562,92.2846937133481,93.93126139362944,102.5262274292047,111.12119346477994,112.76776114506129,114.6822519147218,-4.020236321244965,15.606095643470553,118.0541508675548,220.50220609163898,240.12853805635453,262.94839043091406,102.52662561025267,5.235564332650648,27.40440231211383,0.006254947839895654,92.28129766962684,93.92870179840098,102.52625396523585,111.12197467722383,112.77081412715906,114.68782058006643,2,-2.6256118248949036,0.9999951124191284,101.4956895067636,6.047796370735979,4.865364189754473e-06,109.85830330153448,39.301135293449505,89.64222643428903,91.54794971129456,101.4956895067636,111.44342930223262,113.34915257923817,115.56496773645715,32.829493574837414,45.21368837079352,109.85830330153448,174.50291823227542,186.8871130282315,201.28641583884217,101.49572793902786,6.048449902819511,36.58317711500666,0.0003402493692568071,89.6415884440248,91.54726151787567,101.49569648358566,111.44401676357984,113.3500668683189,115.5664539962726,2,-1.5947141536700968,0.9994041919708252,104.496482269652,6.962150727922116,0.0005957811372354627,115.23775764505771,18.714590433980433,90.85091758798534,93.04476339344647,104.496482269652,115.94820114585752,118.14204695131868,120.69286681430552,78.55783440903824,84.45499569281365,115.23775764505771,146.02051959730176,151.9176808810772,158.77440531469315,104.50287890879746,6.979994121810666,48.65132696383485,0.06869729379266692,90.84580082912582,93.04200664248701,104.4987395760319,115.96588053943124,118.1716572416372,120.75178587042386,2,-4.601865123439694,0.9997974038124084,98.92420689019741,4.4236994303341675,0.00020260005840100348,121.3571582039861,36.25500504709112,90.25391532831209,91.6478688376691,98.92420689019741,106.20054494272573,107.59449845208273,109.21527065535098,50.29865405236961,61.722981657134326,121.3571582039861,180.99133475083786,192.4156623556026,205.69891211862648,98.92875219036044,4.464678269517971,19.831454682484214,0.10193525103845912,90.25093874704955,91.64582744487747,98.92473021283173,106.20679490342853,107.60515134422008,109.23659042742793,2,0.9722615949973203,0.9999961853027344,100.78876494609071,5.530125665420162,3.772067202589824e-06,105.56843757104275,51.65847876845209,89.94991781188659,91.69251768782692,100.78876494609071,109.88501220435448,111.62761208029482,113.6537610310196,4.319679688749588,20.597801405958677,105.56843757104275,190.5390737361268,206.8171954533359,225.7440298302152,100.78877867870565,5.531072099661062,30.592239345770892,8.617358862391826e-05,89.94904568629616,91.69131025282597,100.78876293360003,109.88569996464402,111.62956915866336,113.65621107986269,2,-0.8877648933478923
5,8,set,0.952,99.9344430053885,109.2884827971,109.3069990911,109.34250819030001,109.3126633595,0.004343738779425621,93.93713525114528,9.470498615130829,0.9956562519073486,112.25531406388318,11.834216407989558,75.37529904985239,78.35955125500843,93.93713525114528,109.51471924728212,112.49897145243816,115.9688095705616,89.06067611897068,92.78976028307292,112.25531406388318,131.72086784469343,135.44995200879566,139.7858182455489,112.17574363474675,11.886180435364809,139.82993323868317,1.4512349113442407,88.81781110369397,92.59002509539879,112.19409319615319,131.6959076974006,135.42795503418964,139.76654138410424,2,-2.863080275246759,0.02619965746998787,95.5600728399637,9.19719230688011,0.9738003015518188,107.09111612438247,11.632661041296224,77.53390715958982,80.43203771622176,95.5600728399637,110.68810796370562,113.58623852033756,116.95594161021901,84.29151943907966,87.95709141950928,107.09111612438247,126.22514082925565,129.89071280968528,134.15273240723965,106.78900235165864,11.721028554925763,133.98967677108956,3.3923663034447684,83.86536433332583,87.51595732552158,106.78600573318182,126.07638845795408,129.7588867256728,134.03688908682614,2,2.523661007841355,0.00024099946313071996,87.1542892163042,9.683860826939908,0.9997590184211731,109.31213166099809,10.17327041350963,68.17427076420373,71.2257556122188,87.1542892163042,103.0828228203896,106.13430766840469,109.68231826356325,89.3728880455323,92.57859092337867,109.31213166099809,126.04567239861751,129.25137527646388,132.9786976595088,109.30679358783615,10.178957312235038,103.49309065938739,0.11829498613190093,89.34910733097011,92.56282620737719,109.30912593323835,126.0445195875775,129.25034108156586,132.97780941090946,2,0.005869771663839174,0.00539750512689352,93.9334642694104,9.650805526314219,0.9946025013923645,112.11650685670784,10.372150573739766,75.0182330160344,78.05930179644913,93.9334642694104,109.80762674237165,112.84869552278639,116.38459518833307,91.78746528995144,95.0558373662052,112.11650685670784,129.1771763472105,132.44554842346423,136.24573729315884,112.01836452203682,10.453629764377377,107.50354957510723,1.7749074799651565,91.41626162934624,94.78528847228398,112.05022734758256,129.15002420942932,132.42157986572428,136.2247305476024,2,-2.705701162536826,0.04461483284831047,96.17780571648811,12.514570019158958,0.9553852081298828,111.51856635596468,9.62351154803689,71.6496991969318,75.59316983073633,96.17780571648811,116.76244160223987,120.7059122360444,125.2910490750938,92.65683031700706,95.68929848216682,111.51856635596468,127.34783422976253,130.3803023949223,133.90620198654779,110.83414545409785,10.271227013872792,95.46743862538624,10.03116912976189,89.77964790634006,93.76751917024447,111.08671078205539,127.16192273345027,130.21600129466512,133.76264004572235,2,-1.5214820945978573
6,9,set,1.378,109.34250819030001,113.4567924766,111.3007428434,111.2591723452,112.00556922173332,0.0005177919520065188,95.38540340560601,11.276514248185629,0.9994822144508362,113.24068917515213,10.560932670718662,73.28384160800941,76.83718804510792,95.38540340560601,113.9336187661041,117.48696520320262,121.6184983534639,92.54164149739114,95.86950076773023,113.24068917515213,130.611877582574,133.93973685291311,137.80909244156695,113.23144457694221,10.569120170209592,111.54139085242817,0.16499241305647885,92.50645110927555,95.8446847114506,113.23460992291095,130.60931355408803,133.93747389313867,137.80710798521665,2,-1.2258753552088848,0.002066121669486165,99.6539677062024,11.978287407812447,0.9979338645935059,108.39070665509988,9.987973887916688,76.17695579042035,79.95143821879493,99.6539677062024,119.35649719360984,123.13097962198444,127.51963115201706,88.81463755625666,91.9619515796635,108.39070665509988,124.81946173053623,127.96677575394308,131.6262084752303,108.3726540004729,10.000374750241965,99.84995133163424,0.15738247753653956,88.758907545189,91.91981823758593,108.37687921230903,124.8130311457593,127.9611886017426,131.62147397521537,2,3.6329152212604185,1.4492651644104626e-05,87.8771690891665,10.984781444253152,0.9999854564666748,111.55108117468517,10.523073166032356,66.34739308038644,69.80881148931746,87.8771690891665,105.94552668901552,109.40694509794656,113.4315920488081,90.92623676258187,94.24216611086112,111.55108117468517,128.8599962385092,132.17592558678845,136.03141006286074,111.55073240101773,10.52349574231622,110.73520714045253,0.008122348544624222,90.92467180355315,94.24113603359905,111.55089664173975,128.85994404634368,132.17591116411532,136.0313893709721,2,0.45483682071559883,0.000377437099814415,97.56176869402185,11.99562721272323,0.9996225833892822,115.82496582166488,9.655084281741175,74.05077138511572,77.83071776561626,97.56176869402185,117.29281962242743,121.07276600292798,125.467770558127,96.90134836175339,99.94376542232075,115.82496582166488,131.706166221009,134.74858328157634,138.2860506141786,115.8180749866566,9.662574732930674,93.23978080355356,0.12584450310466355,96.87303165102603,99.92505567822188,115.82098124643483,131.70448170038816,134.7471043303189,138.28478369076325,2,-3.812505764923273,0.0075402939692139626,99.84112764159565,14.843013314165368,0.9924597144126892,115.90825873641096,8.919388186960065,70.74935612378302,75.42654335690173,99.84112764159565,124.25571192628955,128.93289915940827,134.37114010936415,98.42657912583721,101.23717072690157,115.90825873641096,130.57934674592033,133.3899383469847,136.6578584828905,115.78710881624596,9.085626675957466,80.61685474744158,1.93186972071139,97.90705930245721,100.91301081308205,115.84718132127293,130.55922177845727,133.3748876299559,136.6492151682477,2,-3.781539594512637
7,11,set,0.17,111.2560530246,111.276344118,111.2705618262,111.3165891662,111.28783170346667,0.9999834299087524,113.43011985041727,5.077038610489787,1.6555466572754085e-05,122.01019206555554,72.70610122460755,103.47930702573801,105.07913447778049,113.43011985041727,121.78110522305406,123.38093267509653,125.24107782835345,-20.49114779099881,2.4192977647588947,122.01019206555554,241.60108636635215,264.51153192210984,291.1498760792195,113.4302602386374,5.085746354967073,25.86340906560414,0.0012187541905952387,103.47576482668558,105.07762884229486,113.43014241630226,121.78421624047817,123.38506981623148,125.24449966270694,2,-2.142428535170737,0.9999980926513672,113.34683266263177,6.0465636424700895,1.870442019935581e-06,114.42723236740486,43.678912732399,101.49578569316107,103.40112052472193,113.34683266263177,123.2925448005416,125.19787963210247,127.4132431375447,28.8181365280348,42.58181433822149,114.42723236740486,186.27265039658818,200.0363282067749,216.03957814283666,113.3468305002091,6.0468923429431864,36.564430665974996,2.183312155852067e-06,101.49477469320797,103.4006966756018,113.34683533003638,123.29356787761714,125.19907451264868,127.41475837129096,2,-2.0589987967424292,0.9996507167816162,116.47714636610718,7.260750157595831,0.0003493341791909188,121.41977679102087,20.912680947374895,102.24633755647582,104.5342751349972,116.47714636610718,128.42001759721717,130.70795517573853,133.36817705917193,80.43167531398907,87.02147768545231,121.41977679102087,155.81807589658942,162.40787826805263,170.06994765344086,116.47887893161911,7.270536208831492,52.85285705449682,0.008531111483114556,102.23946047899554,104.53022427526892,116.4777400090606,128.42801211012127,130.72133806700714,133.3943560896003,2,-5.191047228152442,0.9998782873153687,110.2284138562911,4.144851213912496,0.0001217266617459245,127.25545226865452,41.49742467774003,102.10465475574549,103.41074030391292,110.2284138562911,117.04608740866928,118.35217295683671,119.87077966599203,45.92199444912039,58.99826277832828,127.25545226865452,195.51264175898075,208.58891008818864,223.79289794588496,110.23048804151162,4.174019068175625,17.387318311629183,0.035286702435985216,102.10108101076835,103.40832637571515,110.22861548607226,117.05005432041453,118.35847207508549,119.88157117071614,2,1.057343661955045,0.9999980926513672,112.00489984883026,5.088132449012717,1.8965390609082533e-06,109.33661155401802,66.3098822988498,102.03234350019575,103.63566673566221,112.00489984883026,120.3741329619983,121.97745619746478,123.84166595442922,-20.628369570817654,0.26656115202965225,109.33661155401802,218.40666195600633,239.30159267885367,263.59646526784564,112.00489357759226,5.088961645793502,25.8973815223533,1.3502883399005958e-05,102.02954758714831,103.63291665158873,112.00488877679832,120.37518132603134,121.98021479563212,123.84564899719018,2,-0.7170618741255907
8,13,set,0.053,8.34815827106303,8.277138460799891,8.33265283335194,8.27763862147518,8.295809971875672,0.9999998807907104,5.000627285448303,6.128019634608578,9.237241727078072e-08,90.77266022778124,48.69544672017991,-7.010070494938814,-5.079068036567456,5.000627285448303,15.080322607464058,17.01132506583542,19.2565327345005,-4.668661554860492,10.675778074071118,90.77266022778124,170.86954238149133,186.21398201042297,204.0552091807408,5.000635074217124,6.128092643194568,37.552839203300586,0.0006795691825534292,-7.0114955263902665,-5.080064757800021,5.000625640810459,15.081397593196295,17.01218551141644,19.25817090176785,2,3.2951748976585478,0.9999991655349731,5.8849158154340415,6.974425036195599,7.753695285828144e-07,80.50915940264706,40.178688917787454,-7.784706068383798,-5.586992501253446,5.8849158154340415,17.356824132121524,19.554537699251878,22.109854671044886,1.7603761777450302,14.42109721006942,80.50915940264706,146.59722159522465,159.25794262754908,173.97876694829017,5.88497332902658,6.974821546019899,48.64381569495806,0.004317857216223041,-7.784927341041471,-5.587175804658259,5.88492384787142,17.35737820315724,19.55522824739484,22.111083547980034,2,2.410836642849092,0.9999996423721313,8.715437449693937,4.513295581073949,3.5815676824313414e-07,79.72578850860727,16.563851862441673,-0.13045934079478094,1.2917268436603964,8.715437449693937,16.139148055727475,17.561334240182653,19.21493302964324,47.26123541296488,52.48067669638317,79.72578850860727,106.97090032083135,112.19034160424965,118.25907007472588,8.715462887141374,4.513505725659285,20.369927981636856,0.001805994097115697,-0.1306779804748255,1.2915404540902644,8.715439669988783,16.139172748532246,17.561394140832245,19.215262592244148,2,-0.4196529152657025,0.9999966621398926,5.369145745162321,6.578610450594031,3.352309022375266e-06,81.12755087963873,33.333593684869335,-7.5246938063207995,-5.4517055147981335,5.369145745162321,16.18999700512277,18.26298529664544,20.673282181044602,15.794907782003037,26.298668407754697,81.12755087963873,135.95643335152275,146.4601939772744,158.6730856825757,5.369399788325704,6.5803446260035185,43.281695850358,0.019239963184153056,-7.525057357782918,-5.452106819919212,5.3691718285819965,16.190371714271716,18.263703747163195,20.6747388130479,2,2.926410183549968,1.0,6.12922222702322,6.293959033424722,3.008553051131457e-08,79.97784636134804,30.977980257108246,-6.206710798659767,-4.223419116989421,6.12922222702322,16.481863571035856,18.465155252706204,20.771160443730967,19.262120743623022,29.023603179812426,79.97784636134804,130.93208954288363,140.69357197907306,152.04340487455096,6.129224633199157,6.293974271503985,39.61394918556457,0.0001640750245397952,-6.20727488688294,-4.223683020992537,6.129222678651211,16.48203232599882,18.46562408100701,20.771769133840714,2,2.166585338676515
9,17,set,0.229,13.769162198803,10.4247262831743,10.423720050567601,10.6833201109441,10.510588814895334,0.9999662637710571,12.914387680901157,6.5181874370734825,3.376426320755854e-05,93.68954442766069,30.83792170904512,0.1389750597556887,2.1929234338813153,12.914387680901157,23.635851927920996,25.68980030204662,28.077959167736772,33.24832851986638,42.96567705689227,93.68954442766069,144.41341179842908,154.130760335455,165.4292780353357,12.91711535659955,6.537410056381367,42.5174431732641,0.22029174958160375,0.1388990898504718,2.1928208972658463,12.914661401418215,23.638034184684752,25.69372933594403,28.08607075999611,2,-2.406526541704217,0.9997887015342712,13.567684982657504,6.915841808762934,0.0002112942311214283,85.48767496258542,28.06239607728155,0.012884114705805416,2.1921375000911567,13.567684982657504,24.943232465223844,27.1224858506092,29.656338871675917,30.48638933121547,39.32914099392007,85.48767496258542,131.64620893125073,140.48896059395534,150.77057041746139,13.582881204188755,7.005557910980318,47.985155557394066,1.092685305442435,0.013398177365489414,2.1926182303729016,13.569497692109342,24.956849425858852,27.146893657116596,29.710160853595813,2,-3.0722923892934215,0.9998944997787476,14.35369886900719,4.757242625886427,0.0001054899039445445,85.31365267477383,14.17603287183167,5.029674656551036,6.5287310815297515,14.35369886900719,22.178666656484623,23.67772308146334,25.420700138034547,57.52913880232784,61.99615358975821,85.31365267477383,108.63115175978945,113.09816654721982,118.29203660849251,14.361184279626539,4.814695216143074,22.65016902972754,0.531118866744603,5.029866568687382,6.528925834231317,14.354328040158729,22.18339831001808,23.686186210416718,25.439617871834734,2,-3.850595464731205,0.9995713829994202,13.373489476185775,7.083157109859588,0.0004286106850486249,85.48060073452298,23.783357165775477,-0.5092433559778407,1.72273281376612,13.373489476185775,25.024246138605427,27.256222308349386,29.85137696020489,38.86607725815042,46.36045943931489,85.48060073452298,124.60074202973107,132.09512421089553,140.80896311467876,13.404395270078398,7.253939125117987,50.39205326052052,2.2275784356361843,-0.5081119041940559,1.7240510248327512,13.377286837066144,25.05232183842053,27.307168638725976,29.965301015006933,2,-2.8938064551830642,0.9999909400939941,14.297591836157402,7.738141717378242,9.068031431525014e-06,85.87699087966332,21.793524710568846,-0.8688872371708776,1.569481366463302,14.297591836157402,27.025702305851496,29.464070909485677,32.299201369407015,43.16246735076467,50.02983271542761,85.87699087966332,121.72414904389902,128.59151440856198,136.5763107579517,14.298241036571797,7.74138622279657,59.88260167311972,0.046460638544403556,-0.8690157230697815,1.569328411572329,14.297679483070329,27.02652629873169,29.465248465989042,32.30202842725367,2,-3.7876522216764634
10,19,set,0.494,10.6902959266338,12.5653176625393,12.7783736759369,12.7423710468864,12.695354128454198,0.9657559394836426,11.954646445210003,6.811722801850043,0.034244097769260406,97.19670645502079,18.0741258191546,-1.396084919086352,0.7503594887989102,11.954646445210003,23.15893340162109,25.305377809506354,27.801083303849367,61.772070797432264,67.46741504740709,97.19670645502079,126.92599786263447,132.6213421126093,139.24341062955776,14.87368432758441,17.21340442931462,55.99731515170964,240.30398513676727,-1.294374514403634,0.8656900462564485,12.257464088697684,26.508604787982843,86.11768065522358,107.09206708986574,2,-2.1783301991302118,0.8496613502502441,13.42638368414746,6.798408334360336,0.15033861994743347,91.78667300545473,18.832588729870714,0.1017481966042606,2.24399707787774,13.42638368414746,24.608770290417176,26.751019171690658,29.241846459648162,54.8754773592532,60.80982112824145,91.78667300545473,122.763524882668,128.69786865165625,135.59782575987498,25.20696103925699,29.613130387504356,92.59000752134804,784.3474648898623,0.5818917219802261,2.790066712445437,14.946524599322572,99.93731016483764,110.03409149236786,120.07792862642334,2,-12.51160691080279,0.9565054178237915,11.98777118523278,4.61633362417645,0.04349460080265999,93.74886428539858,12.59431937704316,2.9399235412256743,4.39457808028811,11.98777118523278,19.580964290177448,21.035618829239883,22.726969097698912,69.06445189659905,73.03305237908393,93.74886428539858,114.46467619171324,118.43327667419811,123.0476323931743,15.543937514103249,17.475477892421086,27.282621165787003,278.1097109031224,3.028025197972928,4.494441259918622,12.25100514722374,23.37916161468839,91.37396942968145,103.05772458147365,2,-2.84858338564905,0.9115238189697266,13.9799917830033,7.490855854544796,0.08847620338201523,91.65673972370563,17.403922529751775,-0.7018159052855122,1.6586303616846187,13.9799917830033,26.301353204321977,28.66179947129211,31.40632837496997,57.54567837566692,63.02983462746097,91.65673972370563,120.28364481995027,125.76780107174433,132.14431790076515,20.852535844335577,23.760311040527448,77.9473984947243,486.60499196705496,-0.40285597647810145,1.9982579401404421,14.893525896831138,88.80295389269317,101.66831033298439,112.72590785216228,2,-8.157181715881379,0.9897140860557556,14.720653868481548,9.84870279693398,0.010285883210599422,93.5639550455152,15.194605741870859,-4.582448907947953,-1.4790206478224235,14.720653868481548,30.920328384785513,34.023756644911046,37.63216268218899,63.7830750321628,68.57105268090125,93.5639550455152,118.55685741012914,123.3448350588676,128.9118938100052,15.531626403907284,12.714406249990542,98.37400855599599,63.282110319881845,-4.538915680523422,-1.4296738729901786,14.848942113550065,31.948225410269483,36.12785419223696,64.48321766339005,2,-2.8362722754530854
11,20,set,1.493,12.7423710468864,117.8008235455,117.8033353422,118.2841511775,117.96277002173333,0.00045165387564338744,13.82632024962998,5.328133617982232,0.9995483756065369,112.35957910829097,10.839364608692822,3.3833702535677084,5.062320343209832,13.82632024962998,22.590320156050126,24.269270245692248,26.221412564428476,91.11481485995495,94.53041091783315,112.35957910829097,130.18874729874878,133.604343356627,137.57571192167705,112.31507949265304,11.037855366019988,117.45158495134733,4.383038038011377,91.03242788788134,94.48508179530312,112.35344012981116,130.18638038009527,133.60231198158675,137.57391542713268,2,5.647690529080293,0.0003218953206669539,18.228703574732293,5.768439170692329,0.9996781349182129,114.33191856239118,12.273701215660838,6.922770553165229,8.74046548297007,18.228703574732293,27.716941666494513,29.534636596299354,31.648099776006305,90.27590622269045,94.14347660169275,114.33191856239118,134.5203605230896,138.3879309020919,142.88481729205625,114.30098684445475,12.392642306979301,150.60596560266237,2.9720128084384103,90.20959544556449,94.10694005531602,114.32696482398326,134.51849909091106,138.38629949858293,142.88332907246001,2,3.661783177278579,0.00013026462693233043,10.38925049286788,3.550413465437037,0.999869704246521,116.71028520455589,12.571055031407347,3.4305679703852423,4.549340027066422,10.38925049286788,16.229160958669336,17.347933015350517,18.648747310153304,92.07147009532645,96.03273974153895,116.71028520455589,137.3878306675728,141.34910031378533,145.9549323513208,116.69643170184597,12.628746588099157,158.01247582151865,1.4723406818160307,92.04402662404523,96.01758688260075,116.70823302505246,137.3870930120043,141.34847054648924,145.95439871659218,2,1.2663383198873674,0.00031096371822059155,19.27798297568731,6.488543257346145,0.9996891021728516,118.05025080739651,13.338081179937962,6.560671879158653,8.605279065209977,19.27798297568731,29.950686886164632,31.995294072215962,34.372591788036544,91.9080920718466,96.11105960200237,118.05025080739651,139.98944201279065,144.19240954294642,149.07926760412934,118.01954399419208,13.449686989989122,177.86219141194627,3.0328064879651215,91.83846176740012,96.07269784534188,118.0450497799282,139.98747815908595,144.1906706108272,149.07768675522283,2,-0.056773972458742605,0.00030704386881552637,18.703531603782906,14.010151458491448,0.9996930360794067,114.10818912018337,11.93505386648733,-8.755860672811647,-4.341116836856219,18.703531603782906,41.74818004442202,46.162923880377456,51.29601766423467,90.71591338832268,94.47677248003049,114.10818912018337,133.73960576033625,137.50046485204405,141.8732763090491,114.07890482778338,12.052173362406133,142.4620530678252,2.793870135552343,90.65433980528107,94.44284164214083,114.10359364087834,133.73788598994875,137.4989880106776,141.87197389913192,2,3.8838651939499584
12,22,set,0.229,9.83705895546173,9.83506594411716,10.3692113229714,10.3502011251083,10.184826130732288,0.9999748468399048,8.556903726784078,6.534160646014707,2.511059574317187e-05,92.90887379553666,30.978026072792925,-4.2498158086037225,-2.190834110896791,8.556903726784078,19.304641564464944,21.363623262171878,23.757634454281717,32.19305838071975,41.95455525390593,92.90887379553666,143.8631923371674,153.62468921035355,164.9745388919602,8.559021490785554,6.549575973422306,42.7182785117072,0.17866380179326488,-4.250121019172249,-2.191057211133282,8.557108084996479,19.306585686897563,21.366873812215623,23.764130168977644,2,1.6258046399467343,0.9998210072517395,9.619690164278474,6.957861950314135,0.0001790305250324309,84.88341762431716,28.530595149455205,-4.017468667738854,-1.8249743005233796,9.619690164278474,21.064354629080324,23.256848996295798,25.80609752026142,28.964478673891783,37.95476471365167,84.88341762431716,131.81207053498264,140.80235657474253,151.2555069953722,9.633165032322385,7.040089761866961,48.54890747790137,1.0139598828465497,-4.0169681375848265,-1.8247072865121539,9.621238674811508,21.075828756324267,23.27757609406377,25.85191364469233,2,0.5516610984099035,0.9999369382858276,10.442259240041267,4.636690463510341,6.309073069132864e-05,84.87991272443924,14.446810726984175,1.354512924100666,2.815582114084977,10.442259240041267,18.068936365997555,19.530005555981866,21.22881424241399,56.56468400808333,61.117023702277876,84.87991272443924,108.6428017466006,113.19514144079514,118.48822014582929,10.446955868988558,4.675496620278767,21.510710384883264,0.34956142818549635,1.3545216578141164,2.8155974242165533,10.442625599822918,18.07166549939809,19.53497073532764,21.239750989763966,2,-0.2621297382562702,0.9996750354766846,9.490266582021412,7.1320460247622455,0.00032498998916707933,84.5338396549974,24.357903032529528,-4.4882867625946545,-2.240905189393601,9.490266582021412,21.22143835343642,23.468819926637476,26.081886689288492,36.79322697232055,44.46865450700892,84.5338396549974,124.59902480298585,132.27445233767423,141.1987955908154,9.514655233699179,7.2713111702308915,51.04236980626909,1.8295986334449799,-4.487432878149626,-2.2399883355665695,9.493166342575332,21.243001769197697,23.507707042699334,26.168765127254904,2,0.6701708970331097,0.9999932050704956,10.273193636615865,7.687703659637383,6.752370609319769e-06,85.33551821028679,22.15563756486871,-4.79442866009018,-2.371953610866795,10.273193636615865,22.91834088409852,25.340815933321906,28.157466701469282,41.91126652862141,48.8927374042902,85.33551821028679,121.77829901628337,128.75976989195217,136.8772385573385,10.273700048034412,7.690367351179939,59.10370052424565,0.03804497980357747,-4.794619415137504,-2.3721027287128935,10.273259153307752,22.919020830357834,25.34192210048079,28.159412546974753,2,-0.08887391730212357
13,27,set,1.378,10.675797177789,114.86365569200001,116.11212483439999,117.9338879135,116.3032228133,0.0007640273543074727,12.815798054432939,5.4186138682623,0.999235987663269,111.60195949252099,10.845999292530372,2.195510026509563,3.9029713801721453,12.815798054432939,21.72862472869373,23.43608608235631,25.42137890711316,90.34419150281455,93.7618782182893,111.60195949252099,129.44204076675268,132.8597274822274,136.83352688854748,111.52648583894621,11.181157954186265,117.56825842164767,7.450221565788728,90.20406867786087,93.68500256759556,111.5915655407986,129.4380533524203,132.85618400846835,136.83043445552363,2,4.776736974353781,0.0005059725372120738,16.883320267178405,5.733071967665542,0.9994939565658569,112.74994305915592,12.383674608031594,5.646705689777759,7.453256047589921,16.883320267178405,26.313384486766886,28.11993484457905,30.220440050880278,88.47838683115083,92.38061096514829,112.74994305915592,133.11927515316353,137.02149928716102,141.55867815636375,112.70142918716299,12.567540137145942,153.2944226690949,4.64774192436031,88.37287175601841,92.32261733408339,112.7420871770779,133.1163000547318,137.01884351229688,141.55639443385908,2,3.6017936261370096,0.00028389933868311346,9.720902738694548,3.5770076807179043,0.9997161030769348,115.64347271377035,12.331112563783828,2.710096512064305,3.8372486814324267,9.720902738694548,15.604556795956666,16.73170896532479,18.042266952160404,91.47493619944467,95.36059748888364,115.64347271377035,135.92634793865705,139.81200922809603,144.32993021108717,115.61340164555327,12.457973312891975,152.01680122196453,3.184330131025298,91.41620771890503,95.32824847645553,115.63908381806435,135.9246864594773,139.81051755511962,144.3286865889218,2,0.6898211677467287,0.0006350792245939374,18.089378077624026,6.465755681179021,0.9993649125099182,115.98821856009664,13.291871766718941,5.416729809677898,7.454156394454621,18.089378077624026,28.724599760793424,30.762026345570153,33.13097506060233,89.93662861020273,94.12503507563511,115.98821856009664,137.85140204455817,142.03980850999054,146.90973618662673,115.92604408169517,13.515589622624626,176.58820182758396,6.082849940981659,89.7941715785718,94.04680861282831,115.9776322174126,137.84736953801982,142.03627006439763,146.90665612514434,2,0.37717873160482895,0.0005788247799500823,17.644198523521183,13.716376993110469,0.999421238899231,112.96878740398485,11.844597239919674,-9.239406381349141,-4.917233922230309,17.644198523521183,40.20563096927266,44.52780342839151,49.55326298098642,89.75380340235975,93.48615867412357,112.96878740398485,132.45141613384612,136.18377140560995,140.523441011942,112.91361836356214,12.065570100336728,140.32218630006233,5.256607422852329,89.6382245250999,93.4226290894877,112.96018875852135,132.44813924884417,136.18089516280065,140.52087925513672,2,3.3896044497378597
14,29,set,0.053,23.2569768023285,23.2634909054872,23.2389738040992,23.3019898268173,23.268151512134565,0.9999997615814209,21.798767673676103,5.912926091027692,2.455821572766581e-07,94.46741457605873,49.524286817783114,10.20964549201462,12.07286974695321,21.798767673676103,31.524665600398993,33.38788985533758,35.554290714899,-2.5984039468279576,13.007211781643164,94.46741457605873,175.92761737047425,191.5332330989454,209.6781339279973,21.798785675956353,5.913085691900648,34.96328895050218,0.00129685329768408,10.209285590446921,12.07175252463485,21.798767813815303,31.525569925741586,33.3887097411376,35.55463772129244,2,1.4693658361782127,0.9999986886978149,21.22654122595892,6.685337372183249,1.2571316574394586e-06,83.73014807306241,38.612688771103635,8.1235207519801,10.230139801929072,21.22654122595892,32.22294264998876,34.329561699937734,36.7789616089832,8.050668735445115,20.217926901564184,83.73014807306241,147.24236924456062,159.4096274106797,173.55669450672,21.226618651368852,6.685842289435211,44.695551480455755,0.004911231165686915,8.12275982742572,10.229536886929122,21.226552333732002,32.22325635023493,34.329876630257054,36.78007818694237,2,2.041532860765713,0.9999980926513672,24.267909504590996,4.8488646889331,1.8626008113642456e-06,83.02511054590224,15.901647705235739,14.764309348374105,16.292236834402463,24.267909504590996,32.243582174779526,33.77150966080788,35.54805556520222,51.85845374879618,56.86922764344067,83.02511054590224,109.1809934483638,114.19176734300828,120.0178748787238,24.26801785986525,4.8495743843705,23.511914908687245,0.006430447221542979,14.764208209954463,16.292080751965127,24.267920930395388,32.243760553532766,33.77180388048664,35.54861264303868,2,-0.9998663477306842,0.9999923706054688,20.48048434360973,6.144353642066648,7.638462193426676e-06,86.32147317631497,31.95301820452154,8.437772496881589,10.373921970183915,20.48048434360973,30.587046717035545,32.52319619033787,34.77438837618657,23.694708298100032,33.76343529056127,86.32147317631497,138.87951106206864,148.9482380545299,160.65530914559196,20.480987453223822,6.147658207054726,37.76059248017436,0.03311275421299735,8.437232377325495,10.37364148801335,20.48054149352992,30.587617232162575,32.52454054603427,34.7767213560345,2,2.7871640589107436,0.9999998807907104,21.7030443909806,6.317101681148106,7.946780300471801e-08,82.68571081728189,30.88099417960379,9.321752609252883,11.312336778922893,21.7030443909806,32.093752003038304,34.08433617270832,36.39882045701932,22.16007441846741,31.890995537093275,82.68571081728189,133.48042609747048,143.21134721609636,154.52564597527072,21.703048374627876,6.317132175832635,39.90584467616731,0.0002955316458711034,9.32119069289335,11.312276342394176,21.70304577377751,32.09406445772753,34.08482207864521,36.39912656417284,2,1.5651031375066893
15,30,set,0.229,23.3019898268173,23.3099907086377,23.2695375691338,23.264990098420203,23.281506125397232,0.9999359846115112,23.38940234131566,6.461917185847025,6.403331644833088e-05,95.70493630795751,30.78840068086791,10.72427738597507,12.760494421115126,23.38940234131566,34.01831026151619,36.05452729665625,38.42206964883886,35.360779831867916,45.06252377999673,95.70493630795751,146.34734883591827,156.0490927840471,167.32946677701216,23.394033364110534,6.4922440493006075,41.81439948722967,0.33484312007743905,10.724282912801483,12.76067744328135,23.389911522016646,34.02238234673716,36.0617129310628,38.437632315692674,2,-0.11252723871330161,0.9997114539146423,23.145954973814213,6.812604037910036,0.00028854975244030356,87.12673680893049,27.172884559242426,9.793496418578394,11.94021851307364,23.145954973814213,34.35169143455478,36.498413529050026,38.994441894088276,33.86886171675078,42.43131908692691,87.12673680893049,131.82215453093406,140.3846119011102,150.3403190348813,23.164416697451802,6.913181930805855,46.61123712645795,1.1808492496833012,9.794097015383732,11.940814268683859,23.148373388621014,34.36967384664931,36.530400960278406,39.065785461685685,2,0.1170894279454302,0.9996708631515503,23.884793022346187,5.04926356752333,0.0003291222674306482,86.6616159780712,13.649899866381661,13.98841828155023,15.579493529871504,23.884793022346187,32.19009251482087,33.78116776314214,35.631136588125955,59.90830384738504,64.2095286753289,86.6616159780712,109.1137032808135,113.41492810875735,118.41603151309853,23.905453924394845,5.181179623605009,25.54799319374398,1.296620765690122,13.989071141584192,15.580204877221625,23.886876626650956,32.2055577922963,33.80918854682516,35.693865033625684,2,-0.6239477989976123,0.9992325305938721,22.792438287352212,6.926884820510674,0.0007675111410208046,88.04483015550846,22.725414305195724,9.215993514094091,11.398726666860128,22.792438287352212,34.18614990784429,36.36888306061033,38.906782063272985,43.5038365835735,50.664850011632396,88.04483015550846,125.42481029938452,132.58582372744343,140.91204941109785,22.842521176329246,7.183781868022636,48.341285677441704,3.2654580263536754,9.218030330861417,11.401080312975937,22.79907887616139,34.235211340488746,36.45797013844184,39.10826434021341,2,0.43898494906798646,0.9999828338623047,24.020424629877226,7.814589482485277,1.718595012789592e-05,87.31620184595913,21.21915208437249,8.70411069024058,11.166568776474485,24.020424629877226,36.87428048327996,39.33673856951387,42.19987825895876,45.727427978111024,52.41380257914413,87.31620184595913,122.21860111277411,128.90497571380723,136.67933118638834,24.021512903850812,7.8194206246692755,61.074498496907495,0.06885184102471752,8.70398350705699,11.166624847347034,24.020592348812926,36.87557212800895,39.339078656280826,42.20502251564452,2,-0.74000677845358
16,32,set,0.229,23.8366635535984,23.8471512073932,23.9276867023556,23.8066556743402,23.860497861363,0.9999338388442993,23.972971034471144,6.45807224768437,6.615104211959988e-05,95.82313504746827,30.79813937734245,11.315382019452139,13.350387474752857,23.972971034471144,34.59555459418942,36.63056004949014,38.99669367827383,35.459891077032204,45.16470378928956,95.82313504746827,146.48156630564696,156.18637901790433,167.4703211123624,23.97772375524448,6.489080685835053,41.76668373599301,0.3414785966707818,11.315157448458624,13.350358974879631,23.97349635492129,34.599765173730994,36.637989442438254,39.012709779870875,2,-0.11722589388147853,0.9997075200080872,23.68355621783539,6.806797615747071,0.00029249396175146103,87.22623415865141,27.133339896404028,10.342478040918017,12.48737047164918,23.68355621783539,34.87974196402159,37.02463439475276,39.518535380254846,34.04586518141574,42.595861618744145,87.22623415865141,131.85660669855866,140.40660313588705,150.34782174227846,23.70214239830205,6.907598945162078,46.53428181304098,1.1806492223004967,10.342916035454488,12.487940520548477,23.68600462892135,34.89771997406002,37.057231026894556,39.590702972575436,2,0.15835546306094983,0.9996508359909058,24.42153235879934,5.065591132150741,0.00034910975955426693,86.75040104801815,13.625941126774935,14.493156179378406,16.089376412427974,24.42153235879934,32.7536883051707,34.34990853822027,36.205859519838356,60.04404718407615,64.33772236501515,86.75040104801815,109.16307973102113,113.45675491196015,118.44908022009668,24.443290650303826,5.203064770424539,25.716071802530266,1.3557787899882745,14.493798289300024,16.090140986044933,24.42374981230517,32.770140820264466,34.37967655720296,36.27274179558898,2,-0.5827927889408251,0.999210000038147,23.320962298846396,6.916613516701743,0.0007899841875769198,88.20009092044407,22.679806222838113,9.76464891112805,11.944145469677954,23.320962298846396,34.69777912801484,36.877275686564744,39.411411448987636,43.74848754733396,50.895129396252216,88.20009092044407,125.50505244463591,132.65169429355416,140.96120991060175,23.37221541668993,7.178492843926909,48.20809632128822,3.3226545721585383,9.766696062495452,11.946770717656635,23.32778719912726,34.74815821981276,36.968816486199714,39.61855954334619,2,0.4882824446730716,0.9999822378158569,24.564331257502317,7.816847336695855,1.775357850419823e-05,87.40243269148523,21.19997535685411,9.243592004930596,11.70676156441218,24.564331257502317,37.42190095059245,39.88507051007404,42.74903744092653,45.851244518914484,52.531576334481905,87.40243269148523,122.27328904848855,128.95362086405598,136.720950292621,24.565446647277415,7.821771047423571,61.109996110427346,0.07010101471727656,9.243591309141118,11.7066668418146,24.56450462856607,37.423246098963624,39.887453109218164,42.75436212366993,2,-0.7049487859144143
17,33,set,0.893,23.8066556743402,75.2863516384569,75.3310990129366,75.3681167241097,75.32852245850107,0.011435367166996002,26.98993387057088,6.750828745821391,0.988564670085907,105.52710895998217,11.308084118409623,13.758552662963249,15.885808723078302,26.98993387057088,38.094059018063454,40.221315078178506,42.69470997142626,83.36367135374994,86.92696578394376,105.52710895998217,124.12725213602059,127.69054656621441,131.8336464083194,104.62901145776726,14.023516198681948,126.93165102195674,69.72776336884063,80.59099541458497,85.59904379111846,105.36315897080102,124.0641608028558,127.63489741466091,131.78479782814284,2,-29.300488999266193,0.006418461445719004,28.11797902392965,6.510460335504372,0.9935815334320068,102.06551635799573,12.608059787226365,15.35771124356452,17.40922472795158,28.11797902392965,38.82673331990772,40.878246804294776,43.263574584457466,77.35417326010432,81.32710348815543,102.06551635799573,122.80392922783602,126.77685945588715,131.3962494397896,101.5908864178036,13.895588567850567,158.21492530459153,34.87240347689105,75.82390488424556,80.53703808580698,101.96343631237751,122.76457506157392,126.74212319744794,131.36584696787983,2,-26.262363959302533,0.006250795908272266,23.698317458742842,4.780387063284994,0.9937492609024048,105.46193614852656,11.033384011126566,14.328930982543055,15.83528045946662,23.698317458742842,31.56135445801906,33.06770393494263,34.819160740508224,83.8369008591184,87.31363444027664,105.46193614852656,123.61023785677648,127.08697143793471,131.12942558628706,104.95085444673892,12.753196156442606,121.11746931155899,41.52716864467543,82.53750846122325,86.6413444359671,105.37495274512835,123.57671153855006,127.05737793832978,131.1034930865589,2,-29.622331988237846,0.01487831212580204,29.232926618430866,7.510849389816586,0.9851217269897461,104.2772141297398,12.417834496180086,14.511932321085714,16.878678758104797,29.232926618430866,41.58717447875693,43.95392091577602,46.705775128671625,79.93870575124774,83.85169401981487,104.2772141297398,124.70273423966472,128.61572250823187,133.16541701011937,103.16068587574851,15.339165095806518,152.7476731083762,82.54272900067038,75.5153622033583,81.88119147761296,104.0421442126141,124.61237905884649,128.5360493942055,133.09555633207782,2,-27.832163417247443,0.022580789402127266,30.30477310757049,12.837385901665717,0.9774191379547119,105.05750678246523,10.548608251540061,5.143959084663429,9.189152346639933,30.30477310757049,51.42039386850104,55.465587130477545,60.1689985081524,84.38261452242466,87.70659024062932,105.05750678246523,122.40842332430113,125.73239904250578,129.5972391625251,103.36952341440976,15.356239350652586,112.4817724082402,123.33153837534854,75.42007617287982,84.90739081209924,104.7520325147806,122.29141851483972,125.62918389119727,129.50684825962978,2,-28.041000955908686
18,34,set,1.226,75.3681167241097,114.4943819324,114.49138005840001,114.49088194609999,114.49221464563334,0.000460951792774722,70.35243775761742,8.663033682040506,0.9995390176773071,111.01805004521071,9.906595209746095,53.373203743960616,56.10301538531032,70.35243775761742,84.60186012992452,87.33167177127423,90.50566774657655,91.60148022469134,94.72315098371976,111.01805004521071,127.31294910670167,130.4346198657301,134.06423675038673,110.99930176895049,9.944459674686817,98.12998113529319,0.7619209317885833,91.52525484434173,94.68099355297984,111.0123245602302,127.31078162150204,130.4326777166935,134.062594933743,2,3.492912876682851,0.0008941550622694194,71.43999544725152,8.56576483585717,0.9991058707237244,106.50414275315929,10.152582484266928,54.65140486893181,57.35056608937847,71.43999544725152,85.52942480512456,88.22858602557122,91.36694426268164,86.60544673392391,89.80463063098884,106.50414275315929,123.20365487532973,126.40283877239466,130.12258143145795,106.47279271465672,10.205217213296173,103.04837502411428,1.0983756682166537,86.45794333066209,89.72178737386142,106.49275516333962,123.19928062741468,126.39897506891418,130.11922043536606,2,8.01942193097662,3.790367190958932e-05,62.90264277872587,7.612927451151051,0.9999620914459229,109.79275823764087,10.329960055111165,47.9815791575535,50.38049144898163,62.90264277872587,75.42479410847011,77.82370639989824,80.61296036993828,89.54640856788559,92.80148597472743,109.79275823764087,126.7840305005543,130.03910790739616,133.82383885077553,109.79098039406207,10.3339063383216,106.70622636176202,0.08333499750480258,89.53982346351219,92.7978353640228,109.79226754712978,126.78387855546018,130.0389855732687,133.823744812832,2,4.701234251571265,0.0004926667315885425,71.31204512560491,9.499609471653702,0.9995073080062866,112.44072154933744,9.799690036508675,52.693152693968074,55.686578031532754,71.31204512560491,86.93751221967706,89.93093755724173,93.41144142420474,93.23368201812443,96.32166584978593,112.44072154933744,128.55977724888893,131.64776108055045,135.2382096320286,112.42045597825765,9.841969171163756,96.03106918276268,0.8329687115719174,93.15332435903206,96.277160411638,112.43466797489332,128.55748404750653,131.64574565013166,135.23647443462494,2,2.07175866737569,0.0024952164385467768,73.52925867626226,14.704493886759419,0.9975047707557678,112.20113988023078,8.602994374879142,44.70898024732439,49.34251857414027,73.52925867626226,97.71599877838423,102.34953710520011,107.73702676857158,95.33958074626699,98.05047338006771,112.20113988023078,126.35180638039385,129.06269901419458,132.21469755461618,112.10464372972861,8.836788974131967,74.36635756378332,3.722320874730661,94.99376399193999,97.85898635846372,112.17440015877769,126.34148310487971,129.05356152524286,132.2067329481429,2,2.387570915904732
19,36,set,0.893,10.8123268743736,112.76839300409999,113.6126986276,113.6304238642,113.33717183196666,0.024744262918829918,14.170447584213115,6.351236513844039,0.9752557873725891,105.08637352729318,11.949114270593213,1.722252759783066,3.723593168790117,14.170447584213115,24.617301999636105,26.61864240864316,28.945633145724756,81.66653990977687,85.43182958045033,105.08637352729318,124.74091747413601,128.50620714480948,132.88417010735878,102.83673123719157,18.431326753533277,140.24645937362928,199.46787837341412,63.64736051678186,81.84707219934866,104.70633647848425,124.59542677363825,128.37793813339798,132.7716937922463,2,10.500440594775085,0.010145144537091255,16.502769463275612,6.2649176162989395,0.9898548126220703,102.38406708660693,13.494850998987685,4.223756569219162,6.197896999554127,16.502769463275612,26.807641926997093,28.78178235733206,31.07714724099366,75.9346451518567,80.18701247575234,102.38406708660693,124.58112169746153,128.83348902135717,133.77778501859984,101.512784522966,15.96024618248011,180.66164196424344,74.06737477290837,73.10148964160229,78.79994248900566,102.21071656720474,124.51439347184389,128.77462502605545,133.72615860333164,2,11.824387309000656,0.021441703662276268,12.375704041329449,4.205680483699532,0.9785583019256592,106.20038762721906,11.677785911354487,4.13272176279537,5.457975243917249,12.375704041329449,19.293432838741644,20.618686319863528,22.15957989347891,83.312347821795,86.99213911616482,106.20038762721906,125.4086361382733,129.0884274326431,133.36698005560265,104.1886271590045,17.847451416845402,133.8259202215477,184.7056625136614,74.85603165681724,84.09518788500563,105.87965118011213,125.28567224618047,128.98002367415728,133.2718876376924,2,9.14854467296216,0.030150288715958595,17.777590889463546,7.112099021045208,0.9698496460914612,104.02897902318942,13.70428308409541,3.8381329537323605,6.079229019459316,17.777590889463546,29.475952759467773,31.71704882519473,34.32280732704001,77.16907774442092,81.48743928754537,104.02897902318942,126.57051875883346,130.88888030195793,135.90990884112864,101.42846798688782,20.03010549538499,183.66997650193616,217.5344789703847,24.540730182370687,76.01462166771844,103.49489051763881,126.36653142972894,130.70902544670707,135.75225709464323,2,11.908703845078833,0.03840906545519829,18.193482767135457,12.348157430224491,0.9615909457206726,104.56034360713369,11.676946911628807,-6.008461071535216,-2.117428768137078,18.193482767135457,38.50439430240798,42.39542660580612,46.91959255325982,81.673948210955,85.35347512782124,104.56034360713369,123.76721208644612,127.44673900331236,131.72498423028912,101.2430743645231,20.309315747021646,136.9704715548816,275.4979491118041,22.981116116228474,78.22398596091055,103.9755329085085,123.54464865418748,127.25056955745681,131.55306601458267,2,12.09409746744356
20,37,set,0.952,113.6304238642,90.72417853792541,90.74871318324709,90.9497702608803,90.80755399401761,0.00863684993237257,105.29041081552997,9.906359688492044,0.9913631677627563,114.52312745891791,13.180828864458965,85.87430260818613,88.99589915202796,105.29041081552997,121.58492247903196,124.7065190228738,128.33604961633733,88.68917759819236,92.84259329498592,114.52312745891791,136.2036616228499,140.35707731964345,145.18632066584817,114.44338789730236,13.183738565932456,173.08132156605413,0.7298727670197573,88.6468507061945,92.78290807359141,114.43046871352307,136.1492382892437,140.30855956533208,145.14352700008382,2,-23.635833903284748,0.08545459806919098,108.4220359929793,9.86694101878651,0.9145453572273254,109.73848955913881,12.464907248707272,89.08318695857679,92.19236227131205,108.4220359929793,124.65170971464656,127.76088502738182,131.37597325531968,85.3077202810403,89.23554166148895,109.73848955913881,130.24143745678867,134.16925883723732,138.73620003728524,109.62598764307313,12.269964628436803,150.41605323040807,0.13544151260313056,85.5932840397072,89.4856526185364,109.59979226604013,129.85526315459055,133.78414406122965,138.36498323813606,2,-18.81843364905552,0.00035893521271646023,99.19383219453222,10.753070050730209,0.9996410608291626,112.0534988363533,10.599292568586069,78.11820217186471,81.50660592072538,99.19383219453222,116.88105846833906,120.26946221719972,124.20921384646067,91.27926714032156,94.61921401179471,112.0534988363533,129.48778366091187,132.82773053238503,136.7111405696204,112.04888260565046,10.602149166610422,112.34618107808846,0.05933617895306427,91.2658513350046,94.60865612734135,112.04983496866485,129.48605458295296,132.8262015636077,136.70979137636442,2,-21.241328611632852,0.010548846796154976,105.87303456018896,9.757168070036226,0.9894511103630066,115.3766937088462,11.16802628621657,86.74933655181377,89.82392127141478,105.87303456018896,121.92214784896314,124.99673256856414,128.5716017565769,93.48776440946511,97.0069251660735,115.3766937088462,133.7464622516189,137.2656230082273,141.35740791701835,115.27643612164985,11.196278993820576,124.41337764261161,0.9427163676608188,93.33414136021733,96.85779619237012,115.27747527037137,133.69150584313596,137.21625639419378,141.31359853126938,2,-24.46888212763224,0.11369237303733826,107.80489585687542,11.77757963128567,0.8863077163696289,113.45896368740287,10.695197682280138,84.72126395450297,88.4325012836454,107.80489585687542,127.17729043010544,130.88852775924786,135.20364319346353,92.49676142259753,95.86692898874139,113.45896368740287,131.05099838606435,134.4211659522082,138.3397140780218,112.81614944245797,10.971460394899887,117.15273158223309,3.2213495403316204,91.0847769853912,94.66560006301894,112.88478891462997,130.7363240992623,134.13928149678893,138.0922644622669,2,-22.00859544844036
21,38,set,0.385,90.9497702608803,90.7547253716633,90.8197572932806,91.4295745416178,91.00135240218724,0.9858945608139038,92.27881649983365,6.507032749594338,0.014105408452451229,113.64293943271093,30.2012125486228,79.5252666644061,81.57570008097139,92.27881649983365,102.98193291869592,105.0323663352612,107.41643830316657,54.449650547971096,63.96636543377639,113.64293943271093,163.31951343164548,172.83622831745075,183.90146603865514,92.58016334396588,7.807527348602539,54.60995989747495,6.347259980966244,79.35665120599465,81.49031692751532,92.33942507836177,103.54535377568828,106.10662064017325,110.6144587472267,2,-1.5788109417786416,0.996594250202179,91.37106461233178,6.836413876541557,0.0034057279117405415,106.06885938694707,23.16735955830827,77.97193963090047,80.12616445216102,91.37106461233178,102.61596477250254,104.77018959376309,107.27494150008754,60.66166903577307,67.96194399057484,106.06885938694707,144.1757747833193,151.47604973812105,159.96419704255726,91.42111930248224,7.009902030075955,48.40532626825328,0.7332172830643127,77.93662058321962,80.10751499835399,91.38493845316866,102.73272210919113,104.97372483067288,107.71106751714363,2,-0.4197669002950022,0.7391325831413269,90.16439688058387,7.665949799855825,0.2608673870563507,108.41729406961505,13.258360456856684,75.1394113655744,77.55503154826309,90.16439688058387,102.77376221290463,105.18938239559331,107.99806289998227,82.43138508012593,86.60923178472436,108.41729406961505,130.22535635450575,134.40320305910416,139.26085273169076,94.92597978938622,12.39084718661735,89.29279117905985,64.24003427605516,75.89279626379775,78.46187007360261,92.79666921531154,119.98240500579867,125.72862665508848,131.88942862534947,2,-3.9246273871989814,0.9584192037582397,89.54056479103659,6.037505738435074,0.04158076271414757,113.74624521122077,20.405791961230133,77.70727098724993,79.60975157943133,89.54056479103659,99.47137800264184,101.37385859482323,103.5859034301544,73.75162789119274,80.18170429297417,113.74624521122077,147.31078612946735,153.74086253124878,161.21721595834816,90.54705244284138,8.694821121397656,52.2498718044048,23.3497676435555,77.64623767032923,79.61662149366398,89.79000453672941,101.82821771811926,109.19729430201149,128.1264463659364,2,0.4542999593458603,0.9975252747535706,91.30897576915112,7.840263446787167,0.0024747352581471205,104.50601765902579,22.523219666527105,75.9423417841424,78.4128900024482,91.30897576915112,104.20506153585404,106.67560975415984,109.54815597050455,60.36131829674841,67.45861809991393,104.50601765902579,141.5534172181376,148.65071702130317,156.90286184680596,91.34163586817891,7.937435767942527,62.57303209247271,0.42993800844897073,75.9163535803113,78.39895411470849,91.31974474920807,104.29147138947233,106.82287817123402,109.85075637995362,2,-0.3402834659916749
22,39,set,0.952,91.4295745416178,100.8003141744,100.75184045900001,100.7408380489,100.7643308941,0.0031789124477654696,86.8507517148662,9.171032266798582,0.9968210458755493,111.07887036662183,11.256471317878795,68.87585877088625,71.76574602793357,86.8507517148662,101.93575740179884,104.82564465884616,108.18576313149305,89.01659199057127,92.56362269273367,111.07887036662183,129.59411804050998,133.14114874267239,137.26533848617086,111.0018466692547,11.332842859478106,126.5727185819796,1.8600951801199666,88.66608451678809,92.32460598440166,111.03425637703049,129.5767802875158,133.12583108503614,137.25190794484257,2,-10.237515775154705,0.01396946981549263,87.74095619513609,8.800983992738335,0.9860304594039917,105.7994116183904,11.297912320540853,70.49134454085544,73.26462575393859,87.74095619513609,102.2172866363336,104.99056784941675,108.21510659611039,83.65591036963897,87.21599956096904,105.7994116183904,124.38282367581174,127.94291286714181,132.08228592638042,105.54713708190391,11.464486555097473,126.94174889081664,4.491914572223511,82.87859737979967,86.5699632928756,105.60729177290332,124.30572044680547,127.87491022381121,132.0226788128292,2,-4.782806187803914,0.0002165692567359656,79.85840773487068,9.024589589423492,0.999783456325531,108.05644973708473,10.020663378935021,62.17053716434552,65.01427881695895,79.85840773487068,94.70253665278241,97.54627830539584,100.85274254031712,88.41631041317264,91.57392523378365,108.05644973708473,124.5389742403858,127.69658906099681,131.36799868514913,108.05034567241584,10.029030529317268,100.40958870057136,0.1721633272293079,88.38638076186179,91.55592052883541,108.05373375720116,124.53795395875171,127.69569651293558,131.36723009093419,2,-7.286014778315845,0.0040214695036411285,86.63294967686372,9.513770813439894,0.9959784746170044,110.52610126749167,10.099502150086233,67.98630152535318,70.98418924839204,86.63294967686372,102.28171010533538,105.27959782837425,108.76529018282142,90.7314407915378,93.91389852551814,110.52610126749167,127.1383040094652,130.32076174344553,134.02105662321569,110.4300095108969,10.209846974314612,101.9537389015605,2.2865549005338672,90.27626274392298,93.62286450523843,110.47561687101677,127.1185982041559,130.30336607504097,134.0058378244375,2,-9.665678616796896,0.027102790772914886,88.98819085218679,12.894299004217824,0.9728972315788269,110.50403528835824,9.206286720288855,63.71582919802917,67.77895636810234,88.98819085218679,110.19742533627124,114.26055250634441,118.98481592789585,92.46004488524271,95.36104118573594,110.50403528835824,125.64702939098053,128.54802569147375,131.92106082791264,109.92089832825975,9.95847408608491,86.96479051606075,12.206685674406163,89.51636163842494,93.6454806542889,110.2146081804502,125.52968087326032,128.4443858536831,131.83020450486626,2,-9.156567434159754
23,41,set,1.226,36.4863232841486,123.6349159838,123.65567730410001,123.57058184810002,123.62039171200001,0.0006534879212267697,37.347013231661535,6.65296644334745,0.9993465542793274,110.23788338561815,10.175085860015027,24.307438612346992,26.40385724733504,37.347013231661535,48.29016921598802,50.38658785097607,52.82412757320793,90.29508156038592,93.50135650422979,110.23788338561815,126.9744102670065,130.18068521085036,133.90867274424713,110.1902547345046,10.342286774423748,103.49364413093537,3.4697639880684776,90.18285980899394,93.43972976248347,110.22954371318342,126.97120223758871,130.1778669116157,133.90621766828343,2,13.430136977495408,0.0005870649474672973,38.860794951732686,6.629160899936368,0.9994128942489624,108.02778916283785,11.151267051935074,25.86787834013627,27.956795601827462,38.860794951732686,49.764794301637906,51.8537115633291,54.28252931797432,86.17170735905695,89.68558710735799,108.02778916283785,126.36999121831771,129.88387096661873,133.96951556196868,107.98717923709535,11.27434864950736,124.30354884271627,2.8069128080777523,86.06130862621036,89.62493154108427,108.01958004141481,126.36685574647024,129.88112692737224,133.96714417578724,2,15.633212474904667,0.00015418684051837772,32.06304163848924,4.948167679929167,0.9998457431793213,111.40712256646376,11.086195178159773,22.36481119636295,23.924030083393696,32.06304163848924,40.20205319358478,41.76127208061553,43.57420100109005,89.67857929168899,93.17195421857572,111.40712256646376,129.64229091435178,133.1356658412385,137.19746915037757,111.39488095702333,11.129238038746887,122.88853995724497,0.9705309946654922,89.64993213134913,93.15615238893572,111.40498084304075,129.64151364135287,133.1349925295408,137.19692057988226,2,12.225510754976682,0.0007456064340658486,39.86457365084105,7.591235156195779,0.9992544054985046,112.42532747928537,11.332162408318558,24.98602614652303,27.378102971130893,39.86457365084105,52.351044330551204,54.74312115515907,57.52442741780119,90.21469729202231,93.78557904075946,112.42532747928537,131.06507591781127,134.63595766654842,138.78787940616277,112.37122705589336,11.501639504196303,128.36512411578684,3.9227378447628074,90.07181981998579,93.70724489317308,112.41472974205543,131.06098656786196,134.63239867085247,138.78476481413284,2,11.249164656106657,0.0011702094925567508,40.993641066664225,14.275298279648899,0.9988297820091248,111.11444338229464,9.783280862692928,13.014570569985782,17.51286491556961,40.993641066664225,64.47441721775883,68.97271156334266,74.20295087082431,91.93956524077655,95.02237837180924,111.11444338229464,127.20650839278002,130.28932152381273,133.87375801836478,111.03238640951326,10.079000749887195,95.83904998626984,5.747101361066136,91.74452142899649,94.9158151387459,111.10007811943319,127.20103110874975,130.28452229434322,133.8695692069855,2,12.58800530248675
24,44,set,1.153,53.645190708653,112.5229110712,111.95395020549999,111.6200364662,112.03229924763333,0.0006574154831469059,52.9290449936173,7.5438946682612515,0.9993426203727722,109.76950677766636,9.930179549304587,38.14328314066151,40.52044248718791,52.9290449936173,65.3376475000467,67.7148068465731,70.4787683171149,90.30671250101318,93.43581492971337,109.76950677766636,126.10319862561934,129.23230105431955,132.8705588610349,109.73214291390687,10.03509996547592,98.58105642799951,2.1226066353506865,90.19653542275645,93.37531349984799,109.76131897978475,126.10007086856567,129.22953038782254,132.86815842818442,2,2.3001563337264628,0.0008123403531499207,53.50800348350198,7.336221475923149,0.9991876482963562,105.9992796793214,10.62631737971591,39.129273608083324,41.440992980710504,53.50800348350198,65.57501398629346,67.88673335892064,70.57460671750856,85.17208032678617,88.52054299615821,105.9992796793214,123.47801636248458,126.82647903185662,130.71979052450675,105.95663769433503,10.728801887756097,112.87061169630336,2.2364508205894,85.02597873130028,88.44045140439829,105.9884521734322,123.47387141080021,126.82282753727523,130.71661723287758,2,6.075661553298303,0.00010717588884290308,46.501470958657485,6.083408043392732,0.9998928308486938,109.32871121189123,10.492819780872804,34.57821029034645,36.495155174257185,46.501470958657485,56.50778674305778,58.424731626968516,60.65359432732711,88.76316234511107,92.06955853837444,109.32871121189123,126.58786388540801,129.89426007867138,133.73866020181836,109.32197838317975,10.51258101140003,110.09143405846142,0.42300598507412046,88.74433868165323,92.05915284729538,109.32730153521061,126.58734971029983,129.89378777670106,133.73829606321726,2,2.7103208644535783,0.0008156748954206705,54.15202883607145,8.405650471825894,0.9991843104362488,110.80769019248822,10.398813154612615,37.67725664466059,40.32596417060227,54.15202883607145,67.97809350154063,70.62680102748232,73.70649594113401,90.42639092748615,93.70316465913298,110.80769019248822,127.91221572584347,131.1889894574903,134.9989470672692,110.76147596647252,10.522404262080643,108.10474165359616,2.616069848444778,90.28281743285544,93.62444802819685,110.79705098931439,127.90812776636312,131.18537423467805,134.99582809130624,2,1.2708232811608156,0.0020021379459649324,55.99671362286524,14.41464811633965,0.9979978203773499,110.48272526802201,8.957423795684354,27.744522465021383,32.28672738747474,55.99671362286524,79.70669985825572,84.24890478070908,89.53019962335878,92.9264972342186,95.74907424954917,110.48272526802201,125.21637628649484,128.03895330182542,131.32080907199514,110.37363215202919,9.296408392395795,80.49080367789264,5.931897600818405,92.61811796849716,95.58151219080914,110.46020716477902,125.20775366008792,128.03136305510404,131.31408653777981,2,1.6586670956041445
25,47,set,1.378,15.7752742768062,122.51133536129998,118.3268115539,116.3694996937,119.0692155363,0.0006389188929460943,17.522460522368995,5.592493339994303,0.9993610978126526,111.58953198805186,10.706770437881977,6.561374992200044,8.32362756837741,17.522460522368995,26.72129347636058,28.483546052537946,30.532545514452302,90.60464753906504,93.97846180036488,111.58953198805186,129.20060217573882,132.57441643703868,136.49720463406192,111.52943262305827,10.965008079292334,114.58167551556998,5.649934461218498,90.48917543354904,93.91508240746747,111.58095266825633,129.19733896090162,132.5715194485415,136.49469709903482,2,7.539782913241737,0.0004515745968092233,21.147766883114286,5.878319857888616,0.9995483756065369,112.27681021043841,12.104678564439824,9.626471672045987,11.47879114448533,21.147766883114286,30.816742621743238,32.669062094182586,34.82278378744553,88.55207617970234,92.36638577063782,112.27681021043841,132.187234650239,136.00154424117449,140.43650345477073,112.2356530584308,12.256496640228027,146.4726736771848,3.7484089341614504,88.46009870547833,92.31579022043475,112.26995704145362,132.1846440168432,135.99924072630543,140.43452179477737,2,6.833562477869208,0.00020616459369193763,13.917905803302922,3.778111691330145,0.9997938275337219,115.19067057512908,12.144373559993577,6.512942958726127,7.7034650847907695,13.917905803302922,20.132346521815073,21.322868647879716,22.707107904317652,91.38813578274119,95.21495367792008,115.19067057512908,135.16638747233807,138.99320536751696,143.44270818797793,115.16979080987936,12.229982529950851,147.45834447144412,2.1140237888425704,91.34621478462975,95.19182525903601,115.18753206890825,135.16521345286296,138.99218797443353,143.44177739990835,2,3.899424726420648,0.0005447387229651213,22.304045952156372,6.645368198391497,0.9994552731513977,115.89742332698441,12.909159035195367,9.27936361930121,11.373387968604142,22.304045952156372,33.234703935708595,35.32872828501153,37.76348413270304,90.59593654730165,94.66374626704993,115.89742332698441,137.1311003869189,141.19891010666717,145.92861800416625,115.84644076632331,13.090021639404638,166.57966639709133,4.769159481663453,90.4774463219521,94.59862297428604,115.88860485909251,137.12773809290988,141.19591842408644,145.92605321757574,2,3.222774769976695,0.0005522272549569607,22.14259434282853,13.90461359709366,0.999447762966156,112.9409772833848,11.437237101779045,-5.109947526420978,-0.7284597637097399,22.14259434282853,45.01364844936679,49.39513621207803,54.48956262378673,90.52440448125259,94.12839635421957,112.9409772833848,131.75355821255,135.357550085517,139.54796950000951,112.89083483718194,11.635947923074019,130.844920846396,4.550238596626458,90.41791887812674,94.06986809652459,112.93305715317092,131.75051553268,135.35492702516277,139.54571436604434,2,6.178380699118065
26,48,set,0.647,116.3694996937,118.1247553341,118.0144168771,118.2275701018,118.12224743766666,0.4499008357524872,112.21170325902953,7.975955903274417,0.5500991344451904,118.48215526686366,22.30052966766545,96.57911694633204,99.09242326312359,112.21170325902953,125.33098325493546,127.84428957172703,130.76655131805546,74.77392028207238,81.80104816006522,118.48215526686366,155.1632623736621,162.19039025165492,170.36094504922187,115.66107013694983,17.661369762291933,302.19262804908874,9.730955151245698,80.77070730639863,88.53691282522915,114.12378923888876,148.25995489869834,156.1858896286345,165.1552570774798,2,2.4611773007168267,0.9221441745758057,114.60503444920246,8.302351136146708,0.07785579562187195,112.82691913637692,18.212028166557527,98.33272523534971,100.94888207068686,114.60503444920246,128.26118682771806,130.8773436630552,133.91919136431792,77.13199984449511,82.87079855247238,112.82691913637692,142.78303972028144,148.52183842825872,155.19443214361993,114.46659445131881,9.466411240108023,89.38555975980164,0.22699151909575366,95.91851707432494,99.51806678490274,114.539225855578,129.26321699974164,132.5484799430526,137.2194016781474,2,3.655652986347846,0.03207637369632721,108.9214069116163,9.854482016034167,0.967923641204834,116.11883335015536,12.550850314463991,89.60697707389167,92.71222642581444,108.9214069116163,125.13058739741815,128.23583674934093,131.84636019939109,91.51961875845271,95.47452168908423,116.11883335015536,136.76314501122647,140.718047941858,145.31647729661347,115.8879677403664,12.537709757117113,155.5860151071531,1.6083509694655964,91.42695888178721,95.33607917203013,115.84882381753553,136.57400803092708,140.54720397947784,145.1644432325429,2,2.234279697300252,0.4350005090236664,111.66692326991526,7.27320343338759,0.564999520778656,120.67464194932583,16.674367884327843,97.41170648824252,99.70356822295177,111.66692326991526,123.63027831687873,125.922140051588,128.586924614643,87.99348143107191,93.24774745766602,120.67464194932583,148.10153644098563,153.35580246757974,159.46502222800677,116.75628333502482,14.143628419015347,180.10068859997588,19.94194252134414,91.82436526303061,96.55142697101509,114.954017899471,143.18691038905686,149.07760807007185,155.7537220589332,2,1.3659641026418399,0.8919371366500854,113.03626818055615,8.91275493486266,0.10806284099817276,112.3826673498888,17.789883879667105,95.5675895051937,98.37609089981767,113.03626818055615,127.69644546129463,130.5049468559186,133.77043667512092,77.51513565659158,83.12091232737282,112.3826673498888,141.64442237240476,147.25019904318603,153.7681258927858,112.96563569135799,10.251544963543521,105.05271369320187,0.04117521052419924,92.80476212278694,96.67530991011608,112.99887267618806,129.16965825734772,132.8921604803783,138.2296143772172,2,5.15661174630867
27,49,set,1.153,118.2275701018,130.58227813050001,130.6017882258,130.5807775954,130.58828131723337,0.0021332886535674334,105.94132283820272,11.136691937246628,0.997866690158844,114.16616600566412,11.627030723171242,84.11380773428172,87.62309471298138,105.94132283820272,124.25955096342406,127.76883794212372,131.8491424502642,91.37760454110779,95.0414023499797,114.16616600566412,133.29092966134854,136.95472747022046,141.21468420992107,114.14861762215185,11.63221002046062,135.1640289415604,0.14400494623578455,91.34772231672122,95.01402517612703,114.14937789183658,133.2805904526022,136.94526972277612,141.20614745778468,2,16.43966369508152,0.01862889714539051,110.35257149829039,11.37689068635632,0.9813711047172546,109.64165810957014,11.090578450617404,88.05427549698283,91.63925158940677,110.35257149829039,129.065891407174,132.65086749959795,136.81917695969045,87.90452377864399,91.39927992008226,109.64165810957014,127.88403629905802,131.37879244049628,135.4422017100471,109.6549018461914,11.096395006148828,123.12076491595252,0.009239613345509231,87.9071673435689,91.40354112770862,109.65456642374286,127.90740827632177,131.40453726426773,135.47099334428336,2,20.933379471041974,6.767130980733782e-05,99.21958060932172,11.629653671119103,0.9999322891235352,112.20141191085855,10.466067000370744,76.42587826125425,80.09050258819195,99.21958060932172,118.34865863045148,122.01328295738918,126.27420070296091,91.68829753034873,94.98626364538161,112.20141191085855,129.41656017633548,132.71452629136837,136.54912462674002,112.20052897389584,10.466718483311466,109.54029397090763,0.01140373496743432,91.68542716396337,94.9841073601143,112.20075936151505,129.41629473520226,132.71429453330472,136.54895146627553,2,18.387752343337525,0.00215758103877306,107.59442432842155,11.251727962774392,0.9978424310684204,115.6655329659432,10.167239208143709,85.5414427575415,89.08697877938079,107.59442432842155,126.10186987746232,129.6474058993016,133.76985775390764,95.73811029577799,98.9419126783448,115.6655329659432,132.3891532535416,135.5929556361084,139.318068282673,115.64812029536999,10.176588706333721,103.4228720167262,0.14024760866339078,95.69271164449705,98.90555223085872,115.65103912385393,132.38147437283112,135.58600321255796,139.3118156917705,2,14.940161021863375,0.0404711477458477,109.6692334247862,13.067719961168002,0.9595288634300232,115.4239926763165,9.646092237752885,84.05697294084176,88.17474685067285,109.6692334247862,131.16371999889952,135.28149390873062,140.06929597501045,96.51799929876947,99.55758287314022,115.4239926763165,131.29040247949277,134.32998605386354,137.8641588464148,115.19109225436968,9.873112144675213,96.19244163931836,1.2860500745110501,95.63158173792516,98.91056973294472,115.25522239156271,131.28662833505166,134.36081591233219,137.9450003369428,2,15.397189062863688
28,50,set,0.494,130.5807775954,128.334927467,128.3648766484,126.0177985018,127.57253420573333,0.9814427495002747,127.01238860751226,6.828243651397193,0.018557261675596237,125.00882862778374,39.58620334700136,113.62927697310948,115.78092727180322,127.01238860751226,138.2438499432213,140.39550024191504,142.89725870937298,47.421295782982114,59.89531847523003,125.00882862778374,190.12233878033743,202.59636147258533,217.1001086254288,126.97520944015974,8.65523504785921,74.84016277917658,0.07311113976924083,112.74234490626785,115.31250546546711,127.00587811753942,138.6591598241571,141.17775932633165,144.91494085226395,2,0.5973247655735889,0.9992232322692871,130.56926065274888,7.738236928097965,0.0007767236675135791,119.40464262395037,27.225386470404054,115.402594969839,117.84099357535712,130.56926065274888,143.29752773014064,145.73592633565875,148.5710916792539,66.04386567677435,74.62286694295071,119.40464262395037,164.18641830495002,172.76541957112636,182.74036255931512,130.56058307638781,7.778625557953839,60.4095220750482,0.09674239161196074,115.35919480084354,117.81574332468435,130.5668623561369,143.30588641096398,145.75073503127848,148.60103375518887,2,-2.988048870654481,0.695076048374176,127.34691755615519,9.69821831712613,0.304923951625824,125.73479533240126,16.67470863848264,108.33875894038133,111.39476798226306,127.34691755615519,143.29906713004732,146.35507617192906,149.9083471201855,93.05296694827635,98.30734035003402,125.73479533240126,153.16225031476847,158.41662371652615,164.5259683237858,126.85534287718434,12.276374562300907,150.15853959431217,0.5508327995983214,101.51426241969011,106.66584625045151,127.01941083169979,146.40057418799813,150.97311887673195,157.02889185635237,2,0.7171913285489921,0.9709603190422058,126.67497899769515,5.693462518585527,0.029039649292826653,130.67956764057368,26.66814175157684,115.5159975139388,117.31006652408747,126.67497899769515,136.0398914713028,137.8339604814515,139.9199534237378,78.41097027287415,86.81437795643652,130.67956764057368,174.54475732471082,182.9481650082732,192.71894250897424,126.79126683628728,7.251176967819726,52.12688114577611,0.4521772260424348,114.67701746586842,116.86578242335453,126.70029507840033,136.695352332064,139.10672959225536,144.09980409370664,2,0.7812673694460557,0.9984427094459534,127.55661594493012,6.710045627756517,0.0015573144191876054,115.9353472599773,35.46828674458949,114.40516817990688,116.51957305710494,127.55661594493012,138.5936588327553,140.70806370995334,143.16651632577853,46.418782647242494,57.595207166384434,115.9353472599773,174.27548735357016,185.45191187271212,198.446920724124,127.5385210197944,6.864641429262691,46.91369631718437,0.20999382732277155,114.32202048370904,116.4724746481023,127.55324844668257,138.6154659764822,140.74785818741424,143.25122193258525,2,0.034013185938931656
29,52,set,1.378,129.51294326450002,117.7122298533,117.7217359529,117.6892192556,117.70772835393332,0.001091495156288147,111.27204647410946,13.071836214088366,0.998908519744873,114.75281294013396,11.43858866447707,85.65171828268984,89.7707892664506,111.27204647410946,132.7733036817683,136.89237466552908,141.681684860564,92.33359112379078,95.93800888816286,114.75281294013396,133.56761699210506,137.17203475647713,141.36294936176785,114.74901541034629,11.441067279599597,130.88500687287276,0.013209832056400408,92.32313557963525,95.92947212359908,114.74952648590427,133.56689700680954,137.17182397268814,141.363315299927,2,2.958712943587031,0.008743921294808388,118.11836727659272,14.347074276658843,0.9912561178207397,110.39605344653086,10.472117534228639,89.99861841082034,94.51953011648824,118.11836727659272,141.7172044366972,146.2381161423651,151.49465301880406,89.87108023757233,93.17095293849276,110.39605344653086,127.62115395456894,130.92102665548938,134.75784180898947,110.46358106907687,10.536725350605632,110.5061816593907,0.5168767505536512,89.87181911259748,93.17887860623482,110.44321117660613,127.80275724043027,131.17423291162717,135.1473865338963,2,7.244147284856453,1.9436225557001308e-05,104.66051960168392,13.5086257709344,0.9999805688858032,113.15362792034122,10.730255271500306,78.18409961002287,82.44080750723234,104.66051960168392,126.8802316961355,131.13693959334495,136.08628244511047,92.12271404327956,95.50392861889878,113.15362792034122,130.80332722178366,134.1845417974029,138.1159344591115,113.15346342474122,10.730378568543017,115.13968770475452,0.0014019638498998382,92.12215969232822,95.50352429848613,113.15350488677917,130.80331240341675,134.18453221846207,138.1159751239961,2,4.554264929192101,0.0007366847712546587,114.51668749174024,13.410520072635602,0.999263346195221,117.69583785160297,9.989419945464364,88.232551135423,92.45834491096005,114.51668749174024,136.57503007252043,140.8008238480575,145.7142223524981,98.11693453204674,101.26470422316453,117.69583785160297,134.12697148004142,137.2747411711592,140.93470370463518,117.69349946457262,9.992722322000267,99.84748815910123,0.007440185682013279,98.10608815347004,101.25668959518767,117.69410876997541,134.12856400813382,137.27726320885884,140.9387328314368,2,0.014228889360694552,0.03029554896056652,116.54415753191051,14.153654773346362,0.9697045087814331,118.15889124969114,9.626631309815487,88.80350392653821,93.26346714335273,116.54415753191051,139.8248479204683,144.28481113728282,149.47048222379283,99.29104059000713,102.32449182441653,118.15889124969114,133.99329067496575,137.02674190937515,140.5537845314554,118.1099788280165,9.798431664426626,95.93347012033485,0.07659846110109735,98.85686164152679,102.01799269138795,118.12536071810435,134.16081147666216,137.2722912703693,140.93682732938248,2,-0.40225047408317494
30,53,set,0.893,117.6892192556,119.08853446549999,119.089839231,119.12055202360001,119.0996419067,0.021185176447033882,109.57194095489045,9.652094092445811,0.9788147807121277,115.84111585051416,14.750961013204758,90.65418415830484,93.69565897925408,109.57194095489045,125.44822293052682,128.48969775147606,132.02606952689393,86.92976352727837,91.57794412692454,115.84111585051416,140.10428757410378,144.75246817374995,150.15698264364238,115.70829731144252,14.68912453117748,214.95481382992406,0.8149920918040178,87.01276041942009,91.6348031716408,115.65252996196199,139.9533586438271,144.61792835937663,150.03852913760477,2,3.391344595257479,0.22861196100711823,113.01846019661755,9.719039398202431,0.771388053894043,111.09120337624131,13.532457085668112,93.96949301181495,97.03206299200002,113.01846019661755,129.00485740123509,132.06742738142015,135.62832683834495,84.56807486599794,88.83229225731496,111.09120337624131,133.35011449516765,137.61433188648468,142.57240614803425,111.5317989926998,12.787170812033246,162.85690805590795,0.6550146808533925,85.95373384195354,90.27158299476427,111.65297850869123,132.36939191026323,136.52329409089054,141.44281338797,2,7.567842914000195,0.0008469747263006866,104.1506826625781,10.88320449196986,0.9991530179977417,113.5314584179662,10.982592313569592,82.81999382193264,86.24940428110692,104.1506826625781,122.05196104404928,125.48137150322357,129.46880229522392,92.00597302648337,95.4667016176619,113.5314584179662,131.59621521827052,135.05694380944902,139.08078869809611,113.52351231193822,10.985902600151213,120.61549240815242,0.07446976231282502,91.98888669036232,95.45203327374965,113.52433012715025,131.59225165059308,135.05333410639128,139.07758559012862,2,5.576129594761781,0.02602122165262699,110.14076272453994,9.283525521826673,0.9739786982536316,117.15462862241334,12.168537038441212,91.94538705220124,94.87072209906677,110.14076272453994,125.4108033500131,128.33613839687862,131.7374725858453,93.30473428252687,97.13916634003998,117.15462862241334,137.1700909047867,141.0045229622998,145.46287889197828,116.97210987989045,12.153630122143385,146.4628427637353,1.2467865015628539,93.25197311472337,97.04651033969685,116.93629286905097,137.02002357318088,140.86958443256992,145.3432768662583,2,2.127532026809547,0.2431500405073166,111.84981375619248,11.036188790072996,0.756850004196167,113.78062988257221,11.904391003645962,90.21928120106472,93.69689859711971,111.84981375619248,130.0027289152652,133.48034631132023,137.52382808549214,90.4484522575435,94.19964916357667,113.78062988257221,133.36161060156775,137.11280750760093,141.47438458565492,113.31115694962132,11.728477701545874,136.87169703242387,0.6860661299592188,90.38855095627635,94.06667275914006,113.28465416399236,132.6468419071901,136.38064365375138,140.73184969268715,2,5.78848495707868
31,54,set,0.647,119.12055202360001,109.08568091170001,107.0727206867,100.7122775114,105.62355970326666,0.4996669590473175,114.60720496726412,7.9719405880343635,0.5003330707550049,119.26811761056808,23.172575387660924,98.9824885278237,101.49452957719414,114.60720496726412,127.71988035733409,130.23192140670454,133.15271200621777,73.85070442171337,81.15262293836759,119.26811761056808,157.38361228276858,164.6855307994228,173.17558909970418,116.93921711817009,17.488520330583096,300.4177264742103,5.43102441922446,81.14204676106426,89.45621745264343,115.80144057205828,148.97487805059143,157.3911599526507,166.86517283949632,2,-11.315657414903427,0.9417969584465027,117.33803453514321,8.364941804248623,0.0582030825316906,113.7149645525063,18.68044629497355,100.9430498660424,103.57892966918686,117.33803453514321,131.09713940109955,133.73301920424402,136.79779911793236,77.10196259922344,82.98836471114686,113.7149645525063,144.44156439386575,150.32796650578916,157.1721810769521,117.12716550222636,9.323579143404245,86.21014730467576,0.7195429091739092,98.81641962725517,102.32436499890761,117.2410291055404,131.7238413635892,134.78028621098352,138.83114595151017,2,-11.503605798959697,0.03832213208079338,111.60065088202734,9.991577577864707,0.9616778492927551,117.26659070184718,12.823742849812454,92.01751868067456,95.16596826410957,111.60065088202734,128.0353334999451,131.18378308338012,134.84453613860703,92.13251656921173,96.17341076424015,117.26659070184718,138.3597706394542,142.40066483448263,147.0990776177548,117.04945762344975,12.773233170169771,161.97212567328063,1.1831047531415795,92.12682599272313,96.12041290740557,117.0031563770045,138.134906081364,142.1949555483716,146.91443035808368,2,-11.42589792018309,0.4866185486316681,114.22635349793062,7.200717293265126,0.5133814811706543,121.87406221245362,17.238652469453985,100.11320694027623,102.38222754145129,114.22635349793062,126.07047945440995,128.339500055585,130.97772686468707,88.08692423032133,93.51900217431627,121.87406221245362,150.22912225059096,155.6612001945859,161.9771647360968,118.15254892956477,13.870993661323947,177.79349158742139,14.61138960622829,93.03266413448148,98.21675120897554,116.56863602806497,144.2262974657043,150.44933014829772,157.46561700598537,2,-12.528989226298108,0.9138199687004089,115.5054701445572,8.739790703019123,0.08618005365133286,113.03248838657015,18.649650996168656,98.3757951342217,101.12979370789942,115.5054701445572,129.88114658121495,132.63514515489268,135.83726366608764,76.47984410983804,82.35654230414299,113.03248838657015,143.7084344689973,149.58513266330226,156.41806433311075,115.29235102572355,10.012828722026674,99.77541090375311,0.4816252195335608,95.48864205425747,99.41176148666929,115.40106794980598,130.92813738239403,134.3697350994654,139.19071447654315,2,-9.668791322456883
32,56,set,1.153,116.21723138940001,123.82224919890001,124.1091291572,125.65859239,124.5299902487,0.0019335937686264515,104.32425252050348,11.022793429265029,0.9980663657188416,113.91494715264903,11.477374505037977,82.71997439011926,86.19337076924003,104.32425252050348,122.45513427176692,125.9285306508877,129.96710458066553,91.41970648569637,95.03634607015695,113.91494715264903,132.79354823514112,136.4101878196017,140.6153129320147,113.89639803028858,11.484266605098203,131.7103431040171,0.1775108086148087,91.3833546954106,95.00413355618535,113.89781180877762,132.78387371229303,136.4014239867935,140.60745733225576,2,10.633592218411422,0.015623160637915134,108.47509055583737,11.220349945729991,0.9843767881393433,109.31334864012237,10.993658233159671,86.48360876827063,90.01925725193863,108.47509055583737,126.9309238597361,130.4665723434041,134.5775277980806,87.76617444478717,91.23039002184477,109.31334864012237,127.39630725839997,130.86052283545757,134.88842209876495,109.30024680008614,10.997754664141283,120.93918919975853,0.010806518148139325,87.74421086038882,91.2101342210211,109.30052504104154,127.38943075735791,130.8547041144464,134.88385150484913,2,15.22974344861386,6.398411642294377e-05,97.48990106564254,11.429772008656691,0.9999359846115112,111.89340165320378,10.417876774659439,75.08795957717139,78.68959912197516,97.48990106564254,116.29020300930992,119.89184255411368,124.07952687875255,91.47473837949498,94.75751925527169,111.89340165320378,129.02928405113587,132.31206492691257,136.12900713995222,111.89247655880747,10.418600313925428,108.5335676288445,0.01327334852158649,91.47160125225788,94.75521617680201,111.892740043018,129.02899691821125,132.3118053225716,136.12883601580106,2,12.637513689892529,0.0019636913202703,105.86708138466099,11.18760318510581,0.9980363249778748,115.30743184753302,10.08154311756221,83.939782068528,87.46511170874585,105.86708138466099,124.26905106057613,127.79438070079398,131.89333826994442,95.54797042852343,98.72476908534315,115.30743184753302,131.8900946097229,135.06689326654262,138.76060824612495,115.28889579256602,10.092480039544448,101.68370903456263,0.174660941314564,95.49609696622252,98.68415983846214,115.292503116541,131.88241851925733,135.059994141589,138.75443849334957,2,9.241094456133979,0.03484718129038811,107.98700747651311,13.167452116272898,0.9651528000831604,115.16073575215205,9.522881691860318,82.17927556046251,86.3284761053518,107.98700747651311,129.64553884767443,133.7947393925637,138.61908171373915,96.49623060706996,99.49698926226583,115.16073575215205,130.82448224203827,133.82524089723412,137.31427133075374,114.91074939736703,9.76207392289112,93.56701463572253,1.7308266876575553,95.54029331642707,98.81422267107368,114.98621707281885,130.79661873637724,133.8245254946264,137.35154697067387,2,9.619240851332975
33,59,set,0.299,40.7577518187128,42.5138977931886,42.7395175990649,42.973582849415,42.74233274722283,0.9987642765045166,42.53202580940789,6.556430648118974,0.0012357032392174006,100.16221541374591,26.536587739982217,29.681657871960095,31.7476570779936,42.53202580940789,53.316394540822174,55.38239374685568,57.78456430895568,48.15145917079361,56.51341282272018,100.16221541374591,143.81101800477163,152.1729716566982,161.89554988695178,42.60323875983865,6.921189520540123,43.80383353417602,4.098994079207109,29.684286814689422,31.750911335627322,42.541888422147856,53.389023765820895,55.51403197729082,58.0846182439999,2,0.13909398738417877,0.9973077774047852,41.192612858263715,6.717288085286135,0.0026922596152871847,91.8405980663217,23.164133847758855,28.02697013732287,30.1436571879029,41.192612858263715,52.241568528624526,54.35825557920456,56.81936171478898,46.439729991649116,53.738988491646175,91.8405980663217,129.94220764099722,137.24146614099428,145.728431597053,41.32897190838854,7.3029215401511935,46.445085711090044,6.887640543904093,28.033509540756274,30.151675401588307,41.21468436496131,52.4041852499337,54.656923970887355,57.527258484276295,2,1.4133608388342935,0.9885472059249878,41.10575777403386,5.6858657053697215,0.011452839709818363,91.47075667871258,12.448203136421407,29.961665770577774,31.753340946197483,41.10575777403386,50.45817460187024,52.24984977748994,54.33305936980244,67.07272685908808,70.99528460074113,91.47075667871258,111.94622875668402,115.86878649833707,120.42960758075505,41.68258190932762,7.902680958219934,33.733517053927415,28.718928561114616,29.989606965943484,31.785051677392666,41.18831702544962,51.12654469914558,53.64464785723335,77.26225505885239,2,1.0597508378952156,0.9913047552108765,40.6949514373613,6.870911655364555,0.008695299737155437,94.15778931551903,19.302156545624143,27.22821205189028,29.39330748057176,40.6949514373613,51.99659539415083,54.16169082283231,56.67908215954107,56.326257662141636,62.408567113464045,94.15778931551903,125.907011517574,131.9893209688964,139.06132015983525,41.15982907361831,8.641523097700855,50.03856551133673,24.637449025953654,27.25343646347201,29.422112820676446,40.77006026195473,52.58260489619778,55.320923591347324,60.838150823960405,2,1.5825036736045206,0.9996873140335083,42.36336109322343,8.438629890223833,0.0003127139061689377,92.10239461553701,18.42508684945561,25.823950429521524,28.48305011178765,42.36336109322343,56.24367207465921,58.90277175692533,61.994549798163135,55.98988797858143,61.79582368431406,92.10239461553701,122.40896554675994,128.21490125249258,134.96555623678591,42.3789163643039,8.48927101643219,71.29436922128457,0.7734033480443713,25.824999839258002,28.484241439778675,42.36664616158203,56.26747703257064,58.94543156026692,62.08886331256556,2,0.36341638291893474
34,64,set,1.153,22.0146000827749,96.27604266954211,96.1429376282306,96.16595936603551,96.19497988793607,0.0015118479495868087,24.64465474318515,6.209416209530998,0.9984880685806274,109.30662232491545,10.582380853979004,12.474422607485174,14.431073969686821,24.64465474318515,34.85823551668348,36.814886878885126,39.089916941262324,88.56553698043038,91.90015479546626,109.30662232491545,126.71308985436463,130.04770766940052,133.92492152686,109.17861717901869,11.07685728636104,111.87576029466868,10.820012090360924,88.29135820614904,91.75079082275444,109.28654127573823,126.70538162180685,130.04093093873357,133.91899475594204,2,-12.983637291082616,0.0010296223917976022,26.80993263590871,6.200515081041993,0.9989703893661499,107.68263097534943,11.901384349338915,14.657146391468945,16.610992915889483,26.80993263590871,37.008872355927934,38.96271888034847,41.23448771264892,84.35634628447647,88.10659576259582,107.68263097534943,127.25866618810304,131.00891566622238,135.36939115457693,107.59936390038077,12.176360839346218,141.53669760496268,6.727201814086745,84.14811170949261,87.99268248825813,107.66725693619847,127.25277279194282,131.00372904363638,135.3648453682859,2,-11.404384012444694,0.0006086925859563053,20.816127186086412,4.3272456022290635,0.9993913173675537,111.21942716025583,11.399150666279564,12.334881653458108,13.698441562550126,20.816127186086412,27.933812809622694,29.297372718714712,30.88280579328457,88.87750240000213,92.46949284265959,111.21942716025583,129.96936147785206,133.56135192050954,137.73781707862653,111.16440044883926,11.612255871359755,129.87294110605984,4.971668316608096,88.76044916505023,92.40519376149328,111.21072546706186,129.9660142711562,133.5583959407053,137.73521956467926,2,-14.969420560903188,0.0018248639535158873,28.048622667766807,7.0978209924371,0.9981751441955566,110.95313208350112,12.234379904285248,14.137149153877745,16.37374606490434,28.048622667766807,39.72349927062927,41.96009618165587,44.5606234438453,86.97418809792143,90.82936792443532,110.95313208350112,131.0768962425669,134.9320760690808,139.4145557640431,110.80184353684955,12.72864608756775,149.49884206711963,12.519689201992636,86.58934872989437,90.62037122245114,110.92509912478222,131.06611524611495,134.92252562124747,139.40623753478306,2,-14.606863648913475,0.0020366422832012177,28.65132227275599,13.666482280755098,0.9979634284973145,109.90791023412046,10.570679241764006,1.8655092071211783,6.171959325587931,28.65132227275599,51.13068521992404,55.437135338390796,60.444314272207436,89.18975962813784,92.52069014396429,109.90791023412046,127.29513032427663,130.6260608401031,134.4989874153658,109.74242741062825,11.194241646746905,111.89208389578012,13.419814588071533,88.81712707779347,92.31875393888656,109.88087198141231,127.28469313981691,130.61692356548573,134.49097827666105,2,-13.547447522692181
35,65,set,1.493,96.16595936603551,118.62185133119999,118.6142252616,118.6122837253,118.61612010603334,0.000273396959528327,83.24705890336814,10.3022544515418,0.9997265934944153,112.89559971119073,10.367858932651492,63.05501121877876,66.30135830297266,83.24705890336814,100.19275950376363,103.43910658795753,107.2136866445402,92.57496960640191,95.84198934209769,112.89559971119073,129.94921008028376,133.21622981597955,137.01484629751985,112.88749281257165,10.379427189852514,107.49212708072088,0.2402600577377706,92.53639849250509,95.81884835729589,112.89206054620142,129.94787831784487,133.21502480303045,137.01383499943967,2,5.728627293461685,0.0006437138072215021,86.89877227937018,11.16496880513433,0.9993563294410706,108.41268100286395,9.853554248419421,65.01583553279369,68.53403284544493,86.89877227937018,105.26351171329543,108.78170902594667,112.87237372292674,89.10006955625023,92.20502655898817,108.41268100286395,124.62033544673972,127.72529244947765,131.33547598042057,108.39883689143461,9.869524846834674,97.1102788511416,0.2977500318887213,89.03982725998027,92.16600830912634,108.40515586602315,124.61729568306701,127.72259822326662,131.33311273830853,2,10.217283214598723,8.850937774695922e-06,75.5743405519711,9.507129686771686,0.9999911785125732,111.83646993802978,10.804742984347177,56.94070876954703,59.93650380478668,75.5743405519711,91.21217729915553,94.20797233439518,97.69123148702297,90.65956282649748,94.06424925194784,111.83646993802978,129.60869062411172,133.01337704956205,136.97206080922354,111.83615227780196,10.805253867175928,116.74224111212777,0.011638367063196348,90.65802208654056,94.06338148766562,111.83634971003265,129.608677243498,133.0133830194058,136.9720169925822,2,6.779967828231378,0.00017466371355112642,85.56153557324825,11.358454168493537,0.9998254179954529,116.69218800910775,9.895230056465458,63.29937448295206,66.87854103763958,85.56153557324825,104.2445301088569,107.82369666354442,111.98525128051352,97.29789347969721,100.41598296121131,116.69218800910775,132.9683930570042,136.08648253851828,139.7119354141112,116.68676014855049,9.903996430096022,97.92101772088681,0.16924009992471584,97.27343097851313,100.40162584806626,116.69003375291335,132.96757676982605,136.0857801989783,139.7112838906332,2,1.9293599574828448,0.002334979362785816,87.71541681440794,15.618972089468205,0.9976650476455688,115.57878096700387,8.926501072006449,57.10279404351394,62.02449392379235,87.71541681440794,113.40633970502353,118.32803958530194,124.05057932944553,98.08316035791304,100.89599330272785,115.57878096700387,130.26156863127989,133.0744015760947,136.34492775848935,115.51372370832247,9.04843622525056,80.06599029173096,1.8085682145261948,97.81961763686577,100.74232365532099,115.55455185106321,130.25218628586973,133.0662229185935,136.33790159590967,2,3.102396397710862
36,67,set,0.17,113.24470425290001,113.0295618646,113.0590686148,113.0745757357,113.0544020717,0.999984860420227,115.31575312126282,5.052236575936941,1.5115000678633805e-05,122.70957994609876,74.80799884453856,105.41355139105045,107.00556346511604,115.31575312126282,123.62594277740958,125.21795485147518,127.06901293884509,-23.911403544710822,-0.33862827832209064,122.70957994609876,245.75778817051955,269.3305634369083,296.7390090193407,115.31586204460352,5.0606766595583705,25.609295101416002,0.000826304579723607,105.4094575230787,107.00280419801476,115.3157764872586,123.6294674062207,125.21986407166825,127.07516685631558,2,-2.2614599729035234,0.9999984502792358,115.42211423324467,6.049951139656029,1.5641329582649632e-06,115.2401457876216,44.547961820268455,103.5644278912918,105.47083015830225,115.42211423324467,125.37339830818708,127.27980057519754,129.49640520503442,27.927745035230018,41.96526921425729,115.2401457876216,188.51502236098588,202.55254654001317,218.87420206105566,115.42211561210775,6.050187118822483,36.60495612403694,5.179506253450823e-08,103.56317491367689,105.46983699558922,115.422113544189,125.37425963822758,127.28093727669518,129.49793996454406,2,-2.367713540407749,0.9996867179870605,118.56700591488882,7.3140610019400665,0.0003133465943392366,122.52142065608348,21.34755340416515,104.23170977035736,106.53644614810338,118.56700591488882,130.59756568167427,132.9023020594203,135.58205617735712,80.68098482587435,87.40782001270216,122.52142065608348,157.63502129946477,164.3618564862926,172.18325613383638,118.5682526745038,7.3229445810289215,53.62152686049742,0.004898389447814445,104.2248939337114,106.53238926914493,118.56742766227893,130.60447902386593,132.91369494754272,135.60473513561365,2,-5.5138506028037995,0.9998898506164551,112.20141477433884,4.09881897853657,0.00011019597150152549,128.29361277563407,42.55162067435714,104.16787719725791,105.45945751127543,112.20141477433884,118.94337203740224,120.23495235141978,121.73669359113565,44.8939687700841,58.302425176754454,128.29361277563407,198.28480037451368,211.69325678118403,227.2834850684171,112.20319329696584,4.126249908681732,16.997991754592395,0.028533076019365472,104.16431839761707,105.457676539108,112.20157746128424,118.9468381893046,120.23955314236545,121.74688334319735,2,0.851208774734161,0.9999983310699463,113.9592652371349,5.010810964481455,1.6558752804485266e-06,110.00703246792308,69.4566409696446,104.13825621341283,105.71721464823938,113.9592652371349,122.20131582603042,123.78027426085697,125.61615467157687,-26.125482319709548,-4.2389753468631,110.00703246792308,224.2530402827092,246.13954725555567,271.58734152567376,113.95925720501798,5.011623323468356,25.116172932776802,2.586496948224453e-05,104.13657758201037,105.71458136271238,113.95927172591273,122.20432617830772,123.7830865333454,125.61658899893874,2,-0.9048551333179802
37,68,set,1.378,113.0745757357,117.86285878480001,117.8407890807,117.7282359047,117.81062792339999,0.0005809025606140494,98.32264408688434,11.600925805085343,0.999419093132019,113.47299187735545,10.68435797763316,75.58524732159573,79.24081920039478,98.32264408688434,117.4044689733739,121.06004085217293,125.31043317045015,92.53203504326125,95.89878690619764,113.47299187735545,131.04719684851327,134.41394871144965,138.32852534411364,113.46419051275997,10.691149832032048,114.16737040318519,0.13325887420437876,92.50183845534063,95.8766751258025,113.46670108630795,131.0443743251088,134.4114308337378,138.32631976398116,2,4.346437410640021,0.002608747687190771,103.00982916187131,12.389332845089427,0.9973912239074707,108.65371731995918,10.041752911288736,78.72718299301687,82.63119009611695,103.00982916187131,123.38846822762565,127.29247533072575,131.83172728682945,88.97224327218302,92.1365036228754,108.65371731995918,125.17093101704296,128.33519136773535,132.01432785677915,108.6389907534344,10.052730387800086,100.97417210321136,0.0828808945638667,88.92577302010432,92.10090380097462,108.64217613740529,125.16762036525974,128.333218095643,132.01401918754297,2,9.171637169965592,1.48836907101213e-05,90.92696459029918,11.431485085741636,0.9999850988388062,111.74850095996617,10.540116600732873,68.52166553243879,72.12384488557538,90.92696459029918,109.73008429502298,113.33226364815955,117.52057561664381,91.09025202967699,94.41155194075927,111.74850095996617,129.08544997917306,132.40674989025533,136.26847880622364,111.74818910635835,10.540446774255713,111.09434751018398,0.006452525308768483,91.08891779820094,94.4106404973912,111.74831804085316,129.08541059973322,132.40670116923266,136.26848587845492,2,6.062438817041638,0.00041643870645202696,100.65557588724911,12.264835880675488,0.9995835423469543,116.07735870159986,9.678670768909885,76.61693928483055,80.48171610495548,100.65557588724911,120.82943566954275,124.69421248966766,129.18785076371836,97.10751257631588,100.15736198328923,116.07735870159986,131.9973554199105,135.04720482688384,138.5933138683946,116.07093427504293,9.685017035925544,93.70029877951447,0.09900094939587634,97.08257173540119,100.14036245816435,116.07336010730606,131.99565871844047,135.0456851558342,138.59199124220797,2,1.7396936483570613,0.009561729617416859,102.91337569170125,14.740842905591471,0.9904382824897766,116.2723044399082,9.006757265902412,74.0218544949792,78.66684677411723,102.91337569170125,127.15990460928526,131.8048968884233,137.20570424669398,98.61938458124501,101.45750708401708,116.2723044399082,131.0871017957993,133.92522429857138,137.22515505744218,116.1445713829708,9.171347869403863,82.42370554341399,1.6900795189347355,98.07249130332735,101.1081754821111,116.20335142928052,131.06870774958705,133.9144854472671,137.2251141569822,2,1.6660565404291958
38,69,set,0.229,117.7282359047,117.7367465216,117.6862829693,117.677724254,117.70025124829999,0.9999368190765381,118.92228364173066,5.317147875840341,6.314767233561724e-05,123.77042494395488,67.01720774676363,108.50086530460993,110.17635367311735,118.92228364173066,127.66821361034395,129.34370197885139,131.2918192986526,-7.580888584140581,13.536927713530375,123.77042494395488,234.00392217437934,255.1217384720503,279.6757637097918,118.92258583626916,5.34376695062554,28.553890806717284,0.0014841591165469263,108.49683819012853,110.17255695460804,118.92230662949095,127.67214306202747,129.34828249635936,131.3002590567894,2,-1.222334587969172,0.9999947547912598,119.73188115176876,6.311182151513589,5.214060365688056e-06,116.733983367456,40.7722540206438,107.36219143493011,109.35091029950023,119.73188115176876,130.11285200403728,132.1015708686074,134.4138863326269,36.82183391847573,49.66959346261328,116.733983367456,183.7983732722987,196.64613281643625,211.58442982823385,119.73186179109526,6.311891345304518,39.83947896002216,4.686056943054822e-05,107.36109974823317,109.35036275211854,119.73188031333032,130.11378249972037,132.10188201845747,134.41546008452326,2,-2.0316105427952635,0.998659610748291,121.6895051806462,7.7608254923847655,0.0013403745833784342,124.04490671086565,20.54149515576848,106.47856672527172,108.92408322135967,121.6895051806462,134.45492713993272,136.90044363602067,139.74388506565745,83.78431601695543,90.25715390089375,124.04490671086565,157.83265952083752,164.30549740477585,171.83157029610788,121.69266051600907,7.792489895866377,60.715255233668316,0.007426318685296036,106.4478524410808,108.90573632088432,121.69069665064977,134.48099553670602,136.94359255067363,139.82756963954475,2,-3.9924092677090783,0.9996621608734131,116.37115177960274,4.320113030755667,0.0003378426772542298,129.60975994940227,39.26482922682184,107.90388583017945,109.26519819212396,116.37115177960274,123.47710536708152,124.83841772902603,126.42123754431732,52.652108805715756,65.02486318403417,129.60975994940227,194.19465671477036,206.56741109308877,220.95341194579592,116.3756247596252,4.386009001625988,19.177932494163556,0.059190555884825725,107.89710822328956,109.26109974182275,116.37163798694891,123.48545730805951,124.85286287658593,126.45059999191132,2,1.3246264886747952,0.9999935626983643,117.92101048787816,5.263036688754372,6.4543651205895e-06,111.66876162426298,62.65344704384555,107.60564812860665,109.26408550160187,117.92101048787816,126.57793547415446,128.23637284714968,130.16466469976083,-11.129738088961844,8.613012013181589,111.66876162426298,214.72451123534432,234.4672613374878,257.42247495604346,117.92097214572455,5.2654276390975685,27.724713192915377,0.00025230348308069833,107.60437532077063,109.26187669580062,117.92101012561395,126.58031600445604,128.23825150869706,130.1658674139975,2,-0.22072089742455603
39,71,set,0.299,113.886577624,113.9250990322,113.8970844168,113.89286849550001,113.90501731483334,0.9994816184043884,114.58154818384398,5.759745644524524,0.0005183889297768474,121.78664015912585,51.686048356707566,103.29265416046447,105.10760967012986,114.58154818384398,124.05548669755808,125.87044220722349,127.9807202189996,20.48384687678336,36.7706560568062,121.78664015912585,206.8026242614455,223.08943344146832,242.0263688713246,114.585284064122,5.879551230364619,34.54232161089597,0.026897355618231637,103.27451580968999,105.09753174851848,114.58195934917472,124.06896722524104,125.89413767929867,128.03277172976703,2,-0.6802667492886627,0.9999514818191528,115.28523414830613,6.595615944180674,4.850135519518517e-05,114.75780971324424,33.634914852561,102.35806444185387,104.43641134054158,115.28523414830613,126.13405695607067,128.2124038547584,130.6289312780407,48.83458797915331,59.433298025805314,114.75780971324424,170.08232140068316,180.68103144733516,193.00432237404425,115.28520662775703,6.599632270084976,43.55490898471847,1.3491288301760227e-05,102.35595736591551,104.43529361596464,115.28522921321444,126.13518931345229,128.21439839258582,130.63327802807643,2,-1.3801893129236902,0.9880508184432983,115.8097951030756,8.02490566713329,0.011949191801249981,120.7732888453999,17.906333032719182,100.08126901616298,102.60999991054798,115.8097951030756,129.0095902956032,131.5383211899882,134.47851734118942,85.67752100609042,91.3199920111308,120.7732888453999,150.226585679669,155.8690566847094,162.42964862793346,115.86910602822599,8.231140431641386,67.46094447313949,0.29086587198094754,99.9166853227974,102.51111312318008,115.83621835741722,129.26822018757892,131.95992648498319,135.2922029233418,2,-1.9640887133926412,0.9979934692382812,112.22769006950215,4.828910884450368,0.0020065736025571823,126.36287109974192,31.841242251306706,102.76319865142597,104.28483848698852,112.22769006950215,120.17054165201577,121.69218148757832,123.46141663947593,63.955183064165695,73.98868829603961,126.36287109974192,178.73705390344423,188.77055913531814,200.43667731788867,112.25605815855313,5.070065209095474,25.305985442368346,0.40011563762173624,102.72829481751228,104.26627384802924,112.23186050943714,120.22082517510586,121.7829019612046,123.66225661214663,2,1.6489591562802133,0.9999402761459351,113.68886679312115,5.977470368559113,5.972083090455271e-05,110.60472098240052,45.07703561997878,101.97324015208991,103.85680297740174,113.68886679312115,123.52093060884056,125.40449343415237,127.59454227716077,22.25535463741295,36.45959545065769,110.60472098240052,184.74984651414331,198.9540873273881,215.4695869650014,113.68868226167103,5.987484802575682,35.849367158423334,0.0005680279539178796,101.96953330541055,103.85482909089342,113.68884267937696,123.52266055824798,125.40787087527826,127.59919802728133,2,0.21633505316231094
40,72,set,0.17,113.89286849550001,113.8585689845,113.9013655179,113.8700171476,113.87665055000001,0.9999853372573853,115.92870971265947,5.044232790584575,1.4662184184999205e-05,122.93782223324743,75.51223746069715,106.04219511347773,107.63168511187888,115.92870971265947,124.22573431344006,125.8152243118412,127.663349941203,-25.063443581755337,-1.2687554332011501,122.93782223324743,247.14439989969597,270.93908804825014,298.60555531400735,115.92881241682018,5.052548306255884,25.527516573824393,0.0007203082135150117,106.0387297616679,107.62805847003258,115.92870094598676,124.22766295750093,125.81906024682169,127.66964222604997,2,-2.052161866820171,0.9999985694885254,116.09831365037984,6.0512855214723,1.47457217281044e-06,115.50574503866525,44.838015193009426,104.23801196812545,106.14483471266719,116.09831365037984,126.05179258809248,127.95861533263422,130.17570885847104,27.624850122107006,41.75377312313846,115.50574503866525,189.257716954192,203.38663995522347,219.81456635913366,116.09831789196741,6.051477114022071,36.620968629925706,5.178030777377442e-07,104.23721837926516,106.14454407948193,116.0983112560671,126.05269631459454,127.95987306603577,130.17689694863418,2,-2.221667341967404,0.9996978044509888,119.24743755589618,7.331501028661085,0.00030216859886422753,122.8814288523684,21.49258868097651,104.8779595871021,107.18819149790454,119.24743755589618,131.30668361388783,133.61691552469028,136.30305938745013,80.75672910312122,87.52926640788802,122.8814288523684,158.23359129684877,165.0061286016156,172.88066683799235,119.24853242021855,7.340205558413741,53.87424520261047,0.003989200341727559,104.87125050564254,107.18407327628405,119.24781085444594,131.3131478007033,133.62791985398627,136.32468230495786,2,-5.3718818702185445,0.9998934268951416,112.84391102843216,4.083992593452463,0.00010661281703505665,128.63216777756813,42.904576118681824,104.839432632137,106.12634099864893,112.84391102843216,119.56148105821539,120.84838942472732,122.34469851580883,44.540743812994435,58.060420135938784,128.63216777756813,199.20391541919744,212.72359174214182,228.443137217887,112.84559874023759,4.110904750766948,16.873471127365054,0.026572442500781262,104.83579324720586,106.12426272314802,112.84407124014477,119.5651022541419,120.85303848302513,122.35403794718059,2,1.0310518097624168,0.9999984502792358,114.59547328850604,4.985657079787678,1.582784648235247e-06,110.22608871029365,70.52497683194571,104.82376497285506,106.39479715808099,114.59547328850604,122.7961494189311,124.36718160415703,126.19384603676677,-28.00032589084168,-5.777175222400842,110.22608871029365,226.2293526429881,248.45250331142896,274.29171863007014,114.59547016168266,4.986402152402801,24.864610406705005,3.021773381586303e-05,104.82226667597887,106.39173376311294,114.5954818216239,122.79749974753489,124.3694088258449,126.19835085539334,2,-0.7188196116826475
41,73,set,1.378,113.8700171476,119.65032909220001,115.9487372081,119.4992693814,118.3661118939,0.000596107798628509,98.94861233272977,11.670671594567956,0.9994039535522461,113.52512439955936,10.712710727748615,76.07451633198193,79.75206583144514,98.94861233272977,118.1451588340144,121.8227083334776,126.09865438538176,92.5285971963762,95.9042833045401,113.52512439955936,131.1459654945786,134.5216516027425,138.44661622627186,113.51644219190518,10.719176830416652,114.77496016162337,0.12658232642026182,92.49951232637504,95.88274488375109,113.5188119272994,131.14307222766672,134.51908228207967,138.44433733277285,2,4.849669701994813,0.002747154561802745,103.72866007360011,12.478623319307992,0.997252881526947,108.71594933715446,10.055148987966776,79.27100779111478,83.20315124747513,103.72866007360011,124.25416889972507,128.18631235608544,132.75827890342873,89.0082194615552,92.17670105475987,108.71594933715446,125.25519761954904,128.4236792127537,132.10772380847487,108.70225240612574,10.06597054242485,101.25604698119696,0.06814241091646896,88.96372857745324,92.14258783635034,108.70518828534136,125.25312511262673,128.42316031978973,132.10930788288945,2,9.66385948777426,1.4991827811172698e-05,91.58001563275037,11.528037345981792,0.9999849796295166,111.79601468845838,10.544899328691297,68.98547762219334,72.6180815925802,91.58001563275037,110.54194967292055,114.1745536433074,118.39824080443853,91.12839178362285,94.45119878182236,111.79601468845838,129.1408305950944,132.46363759329392,136.32711882373408,111.79570842272452,10.545222027729823,111.19522401223993,0.00612686755895294,91.12709694339158,94.45032264780467,111.7958326687643,129.14080185470317,132.4636200541977,136.32709340914457,2,6.5704034711754815,0.0004258669214323163,101.31738631591483,12.322016718634936,0.9995741248130798,116.13618031376687,9.68574428110225,77.16667733048993,81.04947242491147,101.31738631591483,121.58530020691819,125.46809530133973,129.9826837132069,97.15247035934166,100.20454870327134,116.13618031376687,132.0678119242624,135.11989026819208,138.6685909306123,116.12986851966548,9.691849165065216,93.838349643768,0.09347912502879634,97.12820952353103,100.1879735607969,116.13219414864388,132.0660922406273,135.11839894664973,138.66729111176366,2,2.236243374234519,0.010070635005831718,103.56917853871346,14.717521290349811,0.9899293780326843,116.35296867974583,9.027718657513041,74.72336686792636,79.36101026454605,103.56917853871346,127.77734681288086,132.41499020950056,137.80725290366956,98.65896524845998,101.50369290283803,116.35296867974583,131.20224445665363,134.04697211103166,137.35458278609013,116.22422931231438,9.19180895217156,82.86030570351095,1.6292222349140708,98.10786411826427,101.14978976082087,116.28248773663604,131.1847893847123,134.0379705829491,137.3575185160029,2,2.1418825815856195
42,74,set,1.153,119.4992693814,113.6040252178,111.0919909451,113.4501635554,112.71539323943334,0.0022748885676264763,106.96444434668643,11.208233128872592,0.9977250695228577,114.32980817741566,11.726495142868796,84.99671108376747,88.52854143294269,106.96444434668643,125.40034726043017,128.9321776096054,133.03869365779332,91.34630003250894,95.04144011023908,114.32980817741566,133.6181762445922,137.31331632232238,141.60971522297874,114.31304800393382,11.730614612574106,137.4836427957195,0.123128741554302,91.32040643959995,95.01719561206511,114.31345679599052,133.60752113045604,137.30345064984596,141.6007474356645,2,-1.5976547645004757,0.02086896076798439,111.54421454894393,11.476656487354651,0.9791309833526611,109.85722663294453,11.1555200360394,89.05038117079084,92.66679450044248,111.54421454894393,130.42163459744538,134.038047927097,138.24290996939845,87.99280913349233,91.5080290411353,109.85722663294453,128.20642422475376,131.72164413239673,135.8088469526048,109.89242617882867,11.164950659174655,124.59729627912785,0.05815212429164994,88.01241972420722,91.52967871187641,109.89135241593273,128.25885555380037,131.77869281915045,135.87185663568468,2,2.822967060604668,7.029226253507659e-05,100.31819204875464,11.756376991460403,0.999929666519165,112.40536043120628,10.498726424846005,77.27611655681689,80.98067271454215,100.31819204875464,119.65571138296713,123.36026754069238,127.66761466926121,91.82823475496915,95.13649219292705,112.40536043120628,129.6742286694855,132.9824861074434,136.82905032978317,112.40450616363518,10.499333748242439,110.22521942076206,0.010268952359217322,91.8255461234982,95.13448534998632,112.40471710233696,129.67392775864892,132.98224483774587,136.8288277056879,2,0.31088707579816344,0.002295341109856963,108.69019805888468,11.290625479066703,0.9977046847343445,115.90127184449744,10.225714339195333,86.56097875698364,90.1187717890911,108.69019805888468,127.26162432867824,130.8194173607857,134.95612063870286,95.85924002347979,99.08146852550232,115.90127184449744,132.72107516349257,135.9433036655151,139.68984065803346,115.88472296576693,10.234088397569085,104.6178295770389,0.1190828209505292,95.81793045768777,99.0479389991059,115.88723204302866,132.71348630179617,135.93644342911045,139.6836917668348,2,-3.1693297263335864,0.04454828053712845,110.73461417542552,13.003116982290587,0.9554517269134521,115.59453010861222,9.72880100251931,85.24897320337482,89.34639004543055,110.73461417542552,132.1228383054205,136.22025514747622,140.98438772308157,96.5264305309172,99.59207649372921,115.59453010861222,131.5969837234952,134.66262968630724,138.2271056377894,115.37803007148013,9.948395275149547,97.96536420648893,1.0053035269300055,95.69336613583062,98.97607795143637,115.43408356511468,131.61534695646915,134.7215597481138,138.3455309527168,2,-2.662636832046786
43,77,set,1.378,11.1609297813451,130.76726121299998,130.7614303469,130.6938234491,130.74083833633333,0.0007505585090257227,13.266360951485545,5.43468192998821,0.9992493987083435,111.60083128128576,10.832177989028906,2.614580101278019,4.327104667616807,13.266360951485545,22.205617235354282,23.918141801693068,25.909321705401794,90.3701525486616,93.78348402824766,111.60083128128576,129.41817853432386,132.83151001390993,136.80024551729514,111.52702073327202,11.158983474425908,117.27017569455985,7.2522043457634,90.23267517359125,93.70809136447302,111.59063448872887,129.41425398877163,132.82809181096022,136.79729087669247,2,19.2138176030613,0.0005001434474252164,17.290249451535026,5.746313416407792,0.9994997978210449,112.70496923768309,12.356326939498782,6.027682111496437,7.8384049869567605,17.290249451535026,26.742093916113287,28.552816791573612,30.658173451367652,88.48701345506343,92.38062005545032,112.70496923768309,133.02931841991585,136.92292502030273,141.45008414433966,112.65724157145887,12.536774639989272,152.61895995521277,4.551013018405135,88.38294486549854,92.32339507370627,112.69722084371836,133.02638360599786,136.92033880129344,141.44780408517067,2,18.083596764874457,0.00027515474357642233,10.121996150215203,3.5955376196252278,0.999724805355072,115.59991917852255,12.312823515156104,3.074871910690879,4.207863055734182,10.121996150215203,16.036129244696223,17.169120389739525,18.486467447664218,91.46722854081872,95.34712676160466,115.59991917852255,135.85271159544044,139.7326098162264,144.24382998644603,115.5708918150657,12.43496719495154,151.5674590302848,3.060417161604492,91.410383453252,95.31584151073855,115.59567245774807,135.85110981502822,139.73123278606585,144.24261397788487,2,15.169946521267619,0.000625509477686137,18.491754328315686,6.482387490587503,0.9993745684623718,115.97996028293329,13.254330108345094,5.786508312931199,7.829175753117974,18.491754328315686,29.154332903513392,31.19700034370017,33.57204268575286,90.00195063137203,94.17852733140975,115.97996028293329,137.78139323445683,141.95796993449454,146.8141429523174,115.91898952563089,13.473445083760053,175.5936772691695,5.941092453019582,89.86210593665517,94.10173361603691,115.96956158283426,137.77741073370635,141.95445905599234,146.81103009595844,2,14.821848810702434,0.0005757315084338188,18.074190178153003,13.7346631782579,0.9994243383407593,112.96607282466763,11.804295902414001,-8.84525499102092,-4.517320365561346,18.074190178153003,40.665700721867346,44.993635347326915,50.02579466356029,89.83007799308245,93.54973389597356,112.96607282466763,132.3824117533617,136.1020676562528,140.42697150179745,112.91144846852247,12.02289800163059,139.3697948009337,5.181172063704855,89.71545606437792,93.48680104169837,112.95754920694162,132.37917482907173,136.09920144918271,140.4245088341368,2,17.82938986781086
44,78,set,1.076,130.6938234491,125.0504578597,125.11648344599999,125.1004869661,125.08914275726666,0.007987840101122856,117.29101046178098,11.279373433257616,0.9920122027397156,116.58822076665037,13.661559958132418,95.18384476441815,98.73809216034711,117.29101046178098,135.84392876321485,139.39817615914382,143.53075686875258,89.8120552760763,94.11695431970125,116.58822076665037,139.05948721359948,143.36438625722442,148.3697617313332,116.59383953309691,13.644301767125757,186.1636393095328,0.003913786501690782,89.84490035850048,94.14876898824173,116.5950036973547,139.0349282169984,143.33712415498337,148.34078750730785,2,8.495303224169746,0.12423675507307053,123.20114215397831,11.725626076600044,0.8757632970809937,112.69824005899588,12.575066767297036,100.21933734765852,103.91420357360596,123.20114215397831,142.48808073435066,146.1829469602981,150.47902744907466,88.05156209190716,92.01409587765042,112.69824005899588,133.38238424034134,137.3449180260846,141.95221989901896,114.0030924117979,12.944851887765958,155.56781768473516,12.002050542454349,88.72790809761274,92.76023535501635,113.97206850454542,135.35258245482217,139.43259853576944,144.15871021319754,2,11.086050345468763,0.00022022385383024812,111.83453995231268,12.579137204532719,0.9997797608375549,115.22647553270556,11.034999729881568,87.17988407484069,91.14370049751683,111.83453995231268,132.52537940710852,136.48919582978468,141.09798904534543,93.59827349272847,97.07551620360134,115.22647553270556,133.37743486180977,136.85467757268265,140.8977236943568,115.22572678362238,11.035487470904396,121.77924730105568,0.0025331674413907436,93.59620196719798,97.07383283161185,115.22582828739179,133.37730812868952,136.85466452456964,140.89780593030707,2,9.86341597364428,0.008814482018351555,119.45346496293621,10.862119970706656,0.9911854863166809,118.9770849275671,11.501454226687057,98.1641010245979,101.58686753273734,119.45346496293621,137.32006239313506,140.74282890127452,144.7225346643662,96.43464887342449,100.05887622758455,118.9770849275671,137.89529362754965,141.51952098170972,145.73346851619857,118.98128020341724,11.496079697965632,132.15741744701705,0.001982708424022072,96.44844785254264,100.07155284302516,118.98152788239436,137.890191729497,141.51277127242153,145.7250477157282,2,6.107862553849415,0.17161180078983307,121.030177389394,11.760078039738364,0.8283881545066833,116.8899685929056,11.308197225881173,97.9808479761264,101.68657037249798,121.030177389394,140.37378440629,144.0795068026616,148.3882099356937,94.72630930010274,98.28963937163238,116.8899685929056,135.49029781417883,139.05362788570847,143.1967691685688,117.6004720547281,11.493549024847047,129.66421924352207,2.4368316996311767,95.15515434712042,98.74937784026513,117.56986556730585,136.55566177422406,140.22214135190922,144.50033383937844,2,7.488670702538556
45,79,set,1.076,15.292612674058601,124.32102074520002,124.3315315207,124.28450961370001,124.31235395986668,0.0034249264281243086,18.541401349625765,6.126244992697347,0.9965750575065613,108.20021362864625,10.9613052010757,6.534181803470116,8.464625053794235,18.541401349625765,28.618177645457294,30.54862089578141,32.79317836424059,86.7164502109863,90.17047101253485,108.20021362864625,126.22995624475766,129.6839770463062,133.70002267988153,107.89313705468716,12.136931315120924,119.86724464038565,27.437670092394967,86.04936614361456,89.81405580774171,108.15300037274521,126.21177701725514,129.66789403271162,133.6859875574496,2,16.419216905179525,0.0019361546728760004,21.0010765146939,6.107913707735311,0.998063862323761,106.50581502565007,12.441849073652515,9.029785626854181,10.954452499418855,21.0010765146939,31.047700529968942,32.972367402533614,35.21020858350885,82.1202389402081,86.0407944508699,106.50581502565007,126.97083560043022,130.89139111109202,135.44988416727858,106.34026643686971,12.988451440675856,154.57212638452458,14.12793664453055,81.70413421838438,85.8150955495848,106.47556459910001,126.95919544397682,130.88110659695604,135.44083082400516,2,17.972087522996972,0.0019329910865053535,15.620399465085804,4.1386979526991095,0.9980669617652893,110.22593980931845,11.551361108833673,7.508700534905891,8.812847126732038,15.620399465085804,22.427951803439566,23.732098395265716,25.248450648644557,87.58568806358778,91.2256415932272,110.22593980931845,129.22623802540969,132.8661915550491,137.09842416713172,110.04306294614379,12.266903525278604,133.20912040996566,17.267230748483108,87.19999681293586,91.01642299231871,110.19790135976606,129.21543072445823,132.8566645107653,137.09012484440927,2,14.269291013722892,0.0042990222573280334,22.321493137578123,6.968342288184413,0.9957008957862854,109.10080395193677,12.817375901382245,8.663793220789241,10.859590051018666,22.321493137578123,33.783396224137576,35.979193054367,38.53228140528482,83.97920880891596,88.01809671254777,109.10080395193677,130.18351119132575,134.22239909495758,138.91847913089967,108.72772882176258,14.000850487594535,163.78759716243493,32.23524834816636,82.9828970515108,87.49070251890579,109.03144623183724,130.15679441758573,134.19879489028165,138.89787452349674,2,15.584625138104101,0.004372178576886654,22.708578403508234,13.207001074331735,0.995627760887146,108.49911229201052,11.04622314088773,-3.176668045963776,0.9849947852416818,22.708578403508234,44.43216202177478,48.593824852980234,53.432657275234966,86.84891277067766,90.32969209460605,108.49911229201052,126.66853248941499,130.1493118133434,134.19647001199542,108.12401418954482,12.421251264796513,122.24816594640141,32.03860932277261,85.97436164157409,89.86715595286427,108.43831669378035,126.64513634856006,130.12869562054286,134.17845080870526,2,16.18833977032186
46,84,set,0.494,105.9156204145,95.62213193368031,95.6108866379962,95.65121740086951,95.62807865751533,0.9066888093948364,104.99672368629791,7.021761944779762,0.09331121295690536,117.2252305925034,27.469970639581597,91.23432316651565,93.44695308383709,104.99672368629791,116.54649428875872,118.75912420608017,121.33178465855718,63.38507748255074,72.04114975373713,117.2252305925034,162.40931143126963,171.06538370245605,181.12993838985835,106.1377828452275,11.303457562536122,115.11699417803783,12.651410487506569,89.10765916057309,92.39133793166721,105.30093460229618,121.36934589401461,134.24486185375244,151.335513322956,2,-10.509704187712174,0.9883549213409424,105.67162881034089,7.389080606251255,0.011645033024251461,110.58328496893142,21.298758268242068,91.18929694322505,93.51767277531172,105.67162881034089,117.82558484537006,120.15396067745674,122.8612007698099,68.83848584775227,75.54994518185079,110.58328496893142,145.61662475601204,152.32808409011056,160.13160598596613,105.72882038620715,7.715147116971749,59.24532729079168,0.2776576132339059,90.95338078107258,93.38071596274644,105.69145057000158,118.09729483543774,120.61947966376106,123.83875047470114,2,-10.100741728691816,0.28348663449287415,102.57154773179292,8.703030058895035,0.7165133953094482,113.82317260927678,13.245692420042992,85.51392225998914,88.25633717395174,102.57154773179292,116.8867582896341,119.6291732035967,122.81782320701691,87.86209251569733,92.03594739068544,113.82317260927678,135.61039782786813,139.78425270285624,144.63726101084268,110.63349073237748,13.149062453716331,147.18315787285437,25.715050312429995,86.852555777247,90.34216657593923,109.84498096207619,133.4003271547937,137.84361752187675,142.94420537988952,2,-15.00541207486215,0.8470757603645325,103.23690028558038,6.379818342382887,0.15292426943778992,118.87310623118854,19.2858590475398,90.73268610660189,92.74303294582035,103.23690028558038,113.73076762534039,115.74111446455886,118.07857712314956,81.07351708709457,87.15069102796782,118.87310623118854,150.59552143440925,156.6726953752825,163.73872342548407,105.62805873329071,11.091785609557343,91.35706653027212,31.670973991168253,89.80371952367096,92.33770506853351,104.04459717692673,127.54008582094502,137.77823893036796,148.0144091984451,2,-9.999980075775383,0.9863781929016113,104.76637101417373,8.111244609040435,0.013621829450130463,109.12565323391445,21.467291264333078,88.8686237106598,91.42456089990299,104.76637101417373,118.10818112844447,120.66411831768765,123.63594766624017,67.05053551019029,73.81510133695252,109.12565323391445,144.43620513087637,151.2007709576386,159.0660406281112,104.8257547548069,8.451550994804876,71.17362570248565,0.2553341260516248,88.58212830704495,91.25579721176425,104.78884720779354,118.42514332302653,121.19985634178396,124.73475730362968,2,-9.197676097291563
47,85,set,0.494,95.65121740086951,91.4655339574941,91.531086245166,91.4770804175014,91.49123354005383,0.8525208234786987,95.65902040146847,7.088595574804978,0.14747917652130127,114.21036096049741,24.21114966754271,81.7656283738807,83.99931826025833,95.65902040146847,107.31872254267859,109.55241242905623,112.14955964685134,66.75737958780479,74.38656361717483,114.21036096049741,154.03415830381996,161.66334233319003,170.53391751767,98.39495683048027,13.136090581287505,129.28693546093254,43.26994029885764,80.33709161763258,83.34238066880768,96.48453612339546,124.27102897189258,137.3582294051932,150.341480845846,2,-6.903723290426441,0.9702295064926147,95.43661388715576,7.2752980692215,0.029770540073513985,107.28450699289202,19.652225601814067,81.17729169468782,83.46981347084373,95.43661388715576,107.40341430346778,109.69593607962369,112.36148808350262,68.76685259728046,74.95947243407956,107.28450699289202,139.60954155170447,145.80216138850358,153.00242024184314,95.78933650776044,8.179610027434098,62.85189032762955,4.054557145301992,80.92067278075693,83.3345245794054,95.56228472027217,108.44274470424858,111.6116669920083,117.64798612539273,2,-4.298102967706612,0.1994738131761551,92.42557845526134,8.275417956386226,0.8005261421203613,109.50076342526162,12.31659758218152,76.20605730372829,78.81372721516011,92.42557845526134,106.03742969536256,108.6450996067944,111.67707942489984,85.36067575211273,89.2417632205086,109.50076342526162,129.75976363001462,133.6408510984105,138.15345402598615,106.09470627354192,13.47803519297864,135.09914967067937,46.557779806206185,81.00606690997706,84.42592708292813,105.99619885930983,128.40022692780067,132.44695417039875,137.11040799681356,2,-14.60347273348809,0.7565865516662598,93.5299655344441,6.665726827400571,0.24341349303722382,114.31772142710133,17.332359862023615,80.46538102195655,82.56582058612653,93.5299655344441,104.49411048276167,106.59455004693166,109.03676496830442,80.34692033044742,85.80852644442366,114.31772142710133,142.826916409779,148.28852252375523,154.63881994423076,98.58998998979621,13.65001222950744,106.74060614129885,79.5826622416426,80.4520920835232,82.87003126064693,95.49991367160395,128.57264066766513,136.26541667208562,144.44591690657847,2,-7.098756449742382,0.9736102223396301,95.28589746544422,8.66539676915183,0.02638978324830532,106.63061122375456,18.29356576788435,78.30203188615688,81.03258816073127,95.28589746544422,109.53920677015718,112.26976304473155,115.44462481708095,70.7758811698864,76.54037322057468,106.63061122375456,136.72084922693443,142.4853412776227,149.18780905649862,95.58528253499155,9.2328612684493,81.93897748039505,3.306800776465992,78.15976639762319,80.9630230626285,95.42130254167735,110.45177383452544,113.81150622269213,118.74732439357913,2,-4.094048994937722
48,86,set,0.952,91.4770804175014,126.0310601027,126.1346123719,125.9774749755,126.0477158167,0.003183666616678238,86.89045673260098,9.17275536606455,0.9968163371086121,111.08496957964469,11.259226701790181,68.91218657611793,71.80261679959112,86.89045673260098,101.97829666561083,104.86872688908402,108.22947667754195,89.01729075036423,92.56518970253624,111.08496957964469,129.60474945675313,133.15264840892516,137.27784768069816,111.00794273061052,11.335436573455965,126.63446431512551,1.857703901587589,88.66725378683648,92.3263006999199,111.04028171501695,129.5873559911647,133.13733017224897,137.26442084681543,2,15.039773086089482,0.014014842920005322,87.78428637892108,8.80314949970948,0.9859851598739624,105.80587735689069,11.299431396835985,70.5304304089687,73.30439399572789,87.78428637892108,102.26417876211426,105.03814234887346,108.26347450243392,83.65939877331104,87.21996664131566,105.80587735689069,124.3917880724657,127.95235594047034,132.09228556479042,105.55330788578406,11.46567694887615,126.97386148255359,4.487917542430953,82.88376010572591,86.5745686136849,105.61319530271261,124.31441501393005,127.88410767578969,132.03244419881338,2,20.49440793091594,0.00021663408551830798,79.89882575919826,9.028244106146701,0.9997833371162415,108.06256040402877,10.021301219170159,62.20379246751471,65.0486856961996,79.89882575919826,94.74896582219691,97.5938590508818,100.90166224185438,88.42117093622792,91.57898674690352,108.06256040402877,124.54613406115402,127.70394987182962,131.37559319036816,108.05645606711762,10.029681421275003,100.42237710417726,0.1717960541430656,88.39125999296488,91.5609873349111,108.05984420421058,124.54512254303717,127.70305811006268,131.37484564791106,2,17.991259749582383,0.004027029033750296,86.67351803390666,9.514676389082373,0.9959729313850403,110.53411328534989,10.100607453479109,68.0250949867516,71.02326806605498,86.67351803390666,102.32376800175834,105.32194108106172,108.80796522383503,90.73728645455401,93.9200924810817,110.53411328534989,127.14813408961808,130.33094011614577,134.03163996127208,110.43802160043587,10.210775377817653,101.97598342434898,2.283467637436624,90.28246252869512,93.62906970498064,110.4835595346529,127.12841410313531,130.3135494289877,134.0164142856118,2,15.609694216264131,0.027172556146979332,89.02832252848515,12.89236901850073,0.9728273749351501,110.50931554601748,9.208167310970905,63.75974357682371,67.82226258840743,89.02832252848515,110.23438246856287,114.29690148014659,119.02045778602432,92.46163925289545,95.36322814699099,110.50931554601748,125.65540294504396,128.55699183913947,131.930715993707,109.92561444108901,9.959982747383952,87.00280590314333,12.197617646256306,89.51671213838264,93.64582789278357,110.21923099762624,125.53777753051901,128.4530798991596,131.83970160149227,2,16.122101375610995
49,87,set,1.493,125.9774749755,128.8490928444,129.066798005,129.1972471167,129.03771265536668,0.0005993173690512776,106.56664107402176,13.272743718365538,0.9994007349014282,114.292708926747,11.129113736652723,80.55254140999506,84.73492042927083,106.56664107402176,128.3983617187727,132.58074073804846,137.44366020593034,92.48004682305768,95.9869458322583,114.292708926747,132.5984720212357,136.10537103043632,140.18289900796776,114.28808453422309,11.132097682102945,123.88852846193885,0.03575308672880882,92.46638052018073,95.97638338804725,114.28903357607366,132.59689348144028,136.10400907701512,140.18184991241986,2,14.749628121143587,0.00321831158362329,113.42746826766648,15.0296835944286,0.9967817068099976,109.63094869327648,10.036948707228118,83.96982972355391,88.70583869543755,113.42746826766648,138.1490978398954,142.88510681177905,148.39174074507196,89.95889071243352,93.12163720866641,109.63094869327648,126.14026017788655,129.30300667411944,132.98038298019358,109.6431690927103,10.059280948307842,101.1431162771288,0.04623804106280757,89.93988840678315,93.10954812843234,109.63903123440024,126.18697412167492,129.36965353900075,133.08561729361406,2,19.39454356265638,9.397441317560151e-06,99.63565861321263,13.362034192584103,0.9999905824661255,112.64856153940258,10.802572466285518,73.44655283555504,77.65706820809106,99.63565861321263,121.61424901833418,125.8247643908702,130.72039844999168,91.47590856509893,94.87991103782673,112.64856153940258,130.41721204097843,133.82121451370622,137.779103030518,112.64843698801332,10.802684714271507,116.6961507612144,0.0015913068147592516,91.47544246586185,94.87955520172758,112.64847656172293,130.41719259539312,133.8212350495847,137.77910820513196,2,16.38927566735336,0.0003295979695394635,110.0578019735078,13.97390982017036,0.9996703863143921,117.90859443733021,9.859819543299249,82.6694420027633,87.07276572310778,110.0578019735078,133.0428382239078,137.44616194425228,142.56597737569953,98.58370323839951,101.69063450044743,117.90859443733021,134.126554374213,137.2334856362609,140.84596467031076,117.90600497901532,9.862498916284663,97.24835833552898,0.02030805614043247,98.57360817727056,101.68352765418886,117.90686031122635,134.12637390590282,137.23359161192542,140.84651718983667,2,11.131707676351354,0.014220373705029488,112.18830003459954,15.085140617252009,0.9857796430587769,118.2636259048669,9.404768856758343,82.62196772306328,87.37545177723959,112.18830003459954,137.00114829195948,141.7546323461358,147.28158483915087,99.8306176626966,102.79415774018769,118.2636259048669,133.7330940695461,136.6966341470372,140.14238994063217,118.17723448316038,9.536512492410452,90.42790037512808,0.517404263721356,99.40980883470073,102.51011437065887,118.21086627875091,133.76784517757227,136.75904628430263,140.25298244038464,2,10.8604781722063
50,89,set,1.153,129.12482807019998,138.65335150800001,138.2581819463,138.6742135022,138.52858231883332,0.0038988112937659025,114.71822209820147,11.733759792370678,0.9961011409759521,115.69001572244343,12.612241900193453,91.72047550191076,95.41790474594319,114.71822209820147,134.01853945045974,137.71596869449218,142.01502924568888,90.97047583375725,94.94472388892089,115.69001572244343,136.43530755596595,140.4095556111296,145.0304778538473,115.68622136056896,12.609106178839472,158.98525222524322,0.0036676152354602563,90.97341616563642,94.94660296499575,115.68594975998921,136.42680779645974,140.4005502704124,145.02111558844848,2,22.84236095826435,0.051735296845436096,120.66094305960688,12.248451046442227,0.9482647776603699,111.6855015300525,11.744638869871677,96.65442014217817,100.51403393132881,120.66094305960688,140.80785218788492,144.6674659770356,149.15510111179105,88.6664323336748,92.36728968770883,111.6855015300525,131.00371337239616,134.7045707264302,139.0076171963559,112.14985698312115,11.937884840944518,138.56192929054495,3.95210228861608,88.88452095463269,92.60559764455692,112.09952044405826,131.8630861733256,135.71300299816767,140.22945847002353,2,26.37872533571216,9.999713074648753e-05,108.74942628525321,12.71898242331406,0.9998999834060669,114.18385658691074,10.804406525412816,83.82067881555966,87.82856191513304,108.74942628525321,129.67029065537338,133.67817375494676,138.3382040056927,93.00760892277206,96.41218932652731,114.18385658691074,131.95552384729416,135.3601042510494,139.31866473757782,114.18331093709162,10.804763226345402,116.7397016964724,0.0029529232241529927,93.00602954577352,96.41094180476098,114.1834088677857,131.95540526965289,135.35998865237198,139.3186584766797,2,24.345271381741696,0.003888146486133337,117.06339814029666,11.539505584552957,0.9961119294166565,117.92446384511084,10.785070874738212,94.44638279517403,98.08260052631795,117.06339814029666,136.04419575427536,139.68041348541928,143.90830242440384,96.78611335991204,100.184600899869,117.92446384511084,135.66432679035267,139.06281433030964,143.01429054593785,117.92112484631214,10.788190978829961,116.38324845784229,0.0028715958917488755,96.77571032953439,100.17574111935444,117.92133582538084,135.66574987597951,139.06521205779873,143.01784402823822,2,20.607457472521176,0.09449156373739243,118.83160294783012,12.479238967570863,0.9055085182189941,116.98665114149907,10.487368430266098,94.37274401692241,98.30508147042704,118.83160294783012,139.3581244252332,143.29046187873783,147.8626539896862,96.43178672557515,99.7364651417995,116.98665114149907,134.23683714119863,137.54151555742297,141.38391839353164,117.16099311050262,10.705030724634257,114.30756474090956,0.2912430650455928,96.23890663093911,99.61050257128107,117.13498426749766,134.79572343963497,138.23999139674115,142.29402920862955,2,21.3675892083307
51,94,set,0.229,9.76103998024365,8.69374710932909,8.49070140835264,8.78577898670097,8.656742501460899,0.9999750852584839,8.472459692960449,6.534425517941756,2.4962781026260927e-05,92.89407246590513,30.98140784301828,-4.3347789818648845,-2.2757138202703047,8.472459692960449,19.2206332061912,21.279698367785777,23.67380660470247,32.17162890324252,41.9341914072537,92.89407246590513,143.85395352455652,153.61651602856773,164.96760473630292,8.474567498206797,6.549772175784195,42.721613488289584,0.1779055165029278,-4.335164951404087,-2.2760245252440794,8.472662910436021,19.222290360752297,21.282554883729304,23.680305636041734,2,0.18217500325410185,0.9998216032981873,9.543372687524737,6.958668735886526,0.00017842129454948008,84.87212978500442,28.540227897158925,-4.095367415157723,-1.9026188214520356,9.543372687524737,20.989364196501505,23.182112790207192,25.731656907408823,28.93431099600759,37.927632414340955,84.87212978500442,131.81662715566787,140.80994857400123,151.26662827820118,9.556813176580526,7.040739942118601,48.559764163225125,1.0122570154396304,-4.095238379528246,-1.9023617858961754,9.544915883943721,21.000955926619486,23.202995730519227,25.77774148393517,2,-0.9000706751196272,0.9999375343322754,10.366749264730004,4.634360664357416,6.245190888876095e-05,84.87218419112997,14.452351561350019,1.2835692712203475,2.74390431736047,10.366749264730004,17.989594212099533,19.449929258239656,21.147884343796377,56.546095638972716,61.10018130746562,84.87218419112997,108.64418707479433,113.19827274328723,118.49338152076741,10.371402128729343,4.672863752058196,21.489001532825394,0.34665263249128925,1.2835752752357104,2.743999378794592,10.367112199943548,17.992322088166333,19.454776640226395,21.158792864357924,2,-1.7146596272684445,0.9996768236160278,9.415203309635764,7.132899341889388,0.0003231898881494999,84.5161619594121,24.369826564467186,-4.565022505816893,-2.317372043550769,9.415203309635764,21.147778662822294,23.39542912508842,26.008808529387455,36.75217958356893,44.4313643466699,84.5161619594121,124.6009595721543,132.28014433525527,141.20885617840435,9.439475307206282,7.271588514391737,51.05374911238057,1.8222516135253548,-4.564090262290798,-2.316515343467391,9.41808718305673,21.169142619580487,23.433859631150238,26.095023133274065,2,-0.7827328057453826,0.9999933242797852,10.19531269962247,7.68662699104743,6.712864887958858e-06,85.32533853784722,22.163347485556066,-4.870199365423982,-2.4480635856249826,10.19531269962247,22.83868898486992,25.260824764668918,28.077081058790604,41.88597568931095,48.86987604084452,85.32533853784722,121.7808010348499,128.76470138638348,136.884994842499,10.195817416036508,7.68927983054032,59.087137522703784,0.03789065101350288,-4.870230044924325,-2.4481032770728395,10.195376849751245,22.839217064463288,25.261765147065585,28.079256821370183,2,-1.5390749145756093
52,95,set,0.952,8.78577898670097,22.8413601299034,23.2165240359513,23.5895790675511,23.215821077801934,0.014902149327099323,12.228990765066726,6.17245512178644,0.9850978851318359,106.0939091125452,11.727997038282172,0.13120103017550733,2.076205570801106,12.228990765066726,22.381775959332344,24.32678049995794,26.58826861524711,83.10745730671972,86.80307064725065,106.0939091125452,125.38474757783976,129.08036091837067,133.3773100893102,104.69512373863824,16.291230131278386,136.06394951286512,129.34060738417185,78.91957825589333,84.93854654544617,105.87153631648167,125.29926307620484,129.00496273338237,133.31124561322216,2,-81.47930266083631,0.0063444869592785835,14.9370699820225,6.141425017597569,0.9936555624008179,103.93422646031306,13.335985112363906,2.9000981337779947,4.835324767176626,14.9370699820225,25.03881519686837,26.974041830267,29.224161015291838,77.79617594171745,81.99848297927045,103.93422646031306,125.86996994135566,130.07227697890866,134.95836707470113,103.36959029182711,15.062920323688292,176.95944587070534,49.9326502331422,76.19875609754853,81.17298668249992,103.82750427083175,125.82883587471564,130.03595234716144,134.92652151108265,2,-80.15376921402517,0.012792011722922325,10.465865771572027,4.042776016058323,0.9872079491615295,107.86124914903036,11.784986738932101,2.5421703825353896,3.816090978606069,10.465865771572027,17.115640564537983,18.38956116060866,19.870769161752605,84.7630995824413,88.47667096792287,107.86124914903036,127.24582733013783,130.95939871561941,135.27722799474455,106.61536204405552,16.034644106450635,137.3183499087881,119.79101709174655,81.39734057401233,86.9057919778942,107.66985117888356,127.17222943840434,130.89449582286426,135.2203321813306,2,-83.39954096625358,0.018518324941396713,16.278719311275054,6.95472214417349,0.981481671333313,105.71871301678925,13.7162137747338,2.6477143862118293,4.839219367991564,16.278719311275054,27.71821925455854,29.909724236338278,32.45782238591781,78.8354280140588,83.15754904137661,105.71871301678925,128.27987699220188,132.6019980195197,137.62739777153092,104.06243375676117,18.19177376603088,185.54628073906795,145.39431167424976,71.72831776379522,80.32819796763583,105.39433228913124,128.15537127226574,132.49220629310466,137.53114272924293,2,-80.84661267895923,0.020187964662909508,16.50071921138624,12.507073427753387,0.9798120260238647,105.83704061291316,11.74526167683528,-8.012694259008324,-4.071585878802306,16.50071921138624,37.073024301574776,41.0141326817808,45.59652289051302,82.81675073731748,86.51780434427651,105.83704061291316,125.1562768815498,128.85733048850884,133.16060514487228,104.03352112766055,17.21020882356025,138.32415763129225,157.86702932246058,75.5104661984752,83.81974275974696,105.53370588391633,125.0399893652396,128.75477943916263,133.07072366730702,2,-80.81770004985862
53,96,set,1.226,23.5895790675511,103.2514394541,103.3002039249,103.5793072574,103.37698354546666,0.00096123170806095,25.712721438338775,6.132895425676506,0.999038815498352,110.16558623519498,10.485178583712466,13.692467283062378,15.625006153700678,25.712721438338775,35.80043672297687,37.73297559361517,39.979969673576115,89.61501383964784,92.91900221254161,110.16558623519498,127.41217025784833,130.71615863074211,134.55775914235304,110.08441266423782,10.803613760255997,109.86945253587068,6.849189819517319,89.44394353419864,92.82534093072837,110.15294164581063,127.40731891544104,130.7118396394281,134.5540293026521,2,-6.707429118771159,0.0007024173391982913,28.053536399948612,6.191486527679975,0.9992976188659668,108.96044187496264,11.744804235858565,15.918445794930904,17.869447328673026,28.053536399948612,38.23762547122419,40.18862700496632,42.457087920769425,85.94104856720638,89.64195802977565,108.96044187496264,128.27892572014963,131.9798351827189,136.28294224007809,108.9036154066269,11.935861108109298,137.87046660671834,4.594743178521318,85.80166762664415,89.56545451729819,108.95009454185404,128.274950152362,131.9763566596186,136.27985381242345,2,-5.52663186116024,0.0003258356882724911,21.583339460836036,4.300143477131327,0.9996742010116577,112.35721101008915,11.494012757277117,13.155213117303797,14.510232866064856,21.583339460836036,28.656446055607216,30.011465804368274,31.586969096931085,89.82935996798207,93.45124243805537,112.35721101008915,131.26317958212292,134.88506205219622,139.09628315217907,112.32763776667754,11.608566945503465,132.07531230515985,2.6839772843785403,89.76647852837638,93.41659882758651,112.35251506357564,131.26140360347944,134.8835083025287,139.09487828286296,2,-8.950654221210883,0.0010670414194464684,29.245142225358357,7.070333013369959,0.9989328980445862,112.60444389853718,12.158504835236698,15.387544160448682,17.615479324562045,29.245142225358357,40.87480512615467,43.10274029026803,45.69319639977233,88.77421231561715,92.60548312199109,112.60444389853718,132.60340467508328,136.43467548145722,140.88935577350537,112.51548925433683,12.455212378206944,147.72483194084538,7.406717076069076,88.5535967995332,92.48482134574508,112.58816737915232,132.5971436618023,136.4291419551367,140.884528340231,2,-9.13850570887017,0.0012318674707785249,29.792364763162077,13.886928742807637,0.998768150806427,111.01528678672851,10.563497633190602,2.5744845713850104,6.950399653338277,29.792364763162077,52.634329872985866,57.01024495493914,62.09819192094927,90.31121187490082,93.63987939148166,111.01528678672851,128.39069418197536,131.71936169855618,135.58965704813693,110.91523294025531,10.945509560162948,111.68758498373685,8.11681939751708,90.08924319797102,93.51870366160018,110.99895715196405,128.38442761756346,131.71382217745025,135.58487852765882,2,-7.53824939478865
54,100,set,0.17,38.6685939093871,41.4320404741317,41.3520123129752,39.7625539329341,40.84886890668033,0.9999773502349854,39.64894499438052,6.107867176180559,2.2608570361626334e-05,99.06971464125704,37.160640822656894,27.67774530671226,29.602397516702077,39.64894499438052,49.69549247205896,51.620144682048775,53.85796881461199,26.236196986420623,37.945899804268876,99.06971464125704,160.19352947824518,171.90323229609345,185.5182924170402,39.65028677970749,6.116887024628621,37.33641694263284,0.07982516545922128,27.677195035313318,29.602274760387484,39.64910066641292,49.69734760149837,51.622903011105706,53.86302942177717,2,1.1985821269728376,0.9999392032623291,38.174610578817834,6.56906503903923,6.0766782553400844e-05,89.44293729394663,29.803661262223876,25.29947969019974,27.36946012367404,38.174610578817834,48.97976103396162,51.04974146743593,53.45654106682276,31.028834612556246,40.420276970344574,89.44293729394663,138.46559761754867,147.857039975337,158.77662130995452,38.17772484655426,6.585113850240364,43.20396854327146,0.1597122166138517,25.299095931031566,27.369162148229503,38.17506901917124,48.98318955029485,51.05598840093141,53.47028813782155,2,2.6711440601260676,0.9997435212135315,39.78305895735657,5.411206044745795,0.0002564309979788959,88.95847365371199,13.938500022874225,29.177289996729378,30.88241706847472,39.78305895735657,48.68370084623842,50.38882791798377,52.3714066355479,61.63951561036778,66.03168133682414,88.95847365371199,111.88526597059985,116.27743169705619,121.38427354924366,39.79566715685088,5.472063992090106,29.32346073612979,0.6199479150006525,29.177801993588833,30.883040687482755,39.784798085771754,48.69656259467901,50.412126106195124,52.42346624818507,2,1.053201749829448,0.9996727705001831,37.414499735193424,6.270180693076418,0.0003272028698120266,92.72855757804233,24.726289772150096,25.125171400205247,27.100970280545575,37.414499735193424,47.728029189841266,49.7038280701816,52.00112126038368,44.26592015332703,52.05743016526814,92.72855757804233,133.3996849908165,141.1911950027576,150.2505092224015,37.432597657312236,6.3642111511170665,39.502349209929754,1.0007970521263485,25.125670125291112,27.101684010508936,37.41700699673844,47.74640631153754,49.7371617040325,52.074862342856015,2,3.4162712493680942,0.9999936819076538,38.9955245629716,7.238816614425923,6.313039193628356e-06,88.66243847064015,24.305761919884745,24.807704708006625,27.088730799896542,38.9955245629716,50.90231832604666,53.18334441793658,55.835530204512864,41.02402049086093,48.68301782089874,88.66243847064015,128.64185912038155,136.30085645041936,145.20609603990687,38.99583791509539,7.24012742060481,52.40386446086478,0.015572921524074307,24.807596766629757,27.08863168150538,38.99557951963343,50.90281002723815,53.18414470983887,55.83725980802097,2,1.8530309915849372
55,101,set,0.053,39.7625539329341,41.528618616947504,44.7262396324576,43.196171091394504,43.15034311359987,0.9999994039535522,40.11975269710057,5.638349113397209,5.529550435312558e-07,99.00038405641682,52.2714525407305,29.068791502578698,30.845493707910553,40.11975269710057,49.39401168629059,51.17071389162245,53.23651417015223,-3.4497803430096923,13.021495758774478,99.00038405641682,184.97927235405913,201.45054845584332,220.60196654757192,40.11978352662617,5.6386575558207594,31.79247261733833,0.0019170546804164192,29.06818625769048,30.844480692000065,40.11976018414294,49.39547691270331,51.17232450432534,53.23872670776883,2,3.0305595869736948,0.9999984502792358,38.35597196661891,6.370360982847078,1.5302942983907997e-06,88.10776515711554,38.26210715194137,25.870293871719454,27.877660598992744,38.35597196661891,48.83428333424507,50.841650061518365,53.17564769593793,13.115413166698005,25.172199433438884,88.10776515711554,151.04333088079215,163.10011714753304,177.1187367863572,38.35604735638339,6.370831414878307,40.5836764955691,0.003787841279730596,25.869764478732993,27.876976494485874,38.35598079799834,48.83482210748644,50.84239184923425,53.17649490548516,2,4.794295757216474,0.999992847442627,41.85650503710203,5.192417179847532,7.189154530351516e-06,88.12307332275884,15.823234160907953,31.67955437189383,33.31573880618468,41.85650503710203,50.39727126801938,52.033455702310235,53.935873704573474,57.110104248435384,62.096169223086946,88.12307332275884,114.14997742243072,119.13604239708229,124.93342047343747,41.856839186440126,5.1940473768333275,26.962803310764752,0.01538896006084922,31.679390767032203,33.31575483785783,41.85655155299035,50.39773735899571,52.03419631216271,53.93744384320567,2,1.2935039271597404,0.9999860525131226,37.33426501739966,5.596369418505138,1.3930983186583035e-05,93.0740307483629,32.06068792699704,26.365582512948222,28.12905648161118,37.33426501739966,46.53947355318814,48.302947521851095,50.35336711648626,30.236237091870564,40.33889192908252,93.0740307483629,145.80916956764327,155.91182440485522,167.6583439476193,37.33504091098571,5.6014764304712115,31.333233328557696,0.043281867985047275,26.365517199289556,28.1289687068513,37.33435464489395,46.54019228087092,48.30440446273565,50.35681581837058,2,5.815302202614156,0.9999998807907104,38.95073400423748,6.1869529225069915,1.7003245034175052e-07,86.37084673525712,32.86245095495507,26.824529102078944,28.774102049873843,38.95073400423748,49.12736595860112,51.076938906396016,53.34373878230239,21.961626419831262,32.31692509148437,86.37084673525712,140.42476837902984,150.78006705068296,162.82033965008824,38.95074404679486,6.186992061297949,38.27856552713906,0.0003823463144649714,26.82402981288505,28.773954815795506,38.95073560795523,49.12791267044765,51.077558418456015,53.34438823744589,2,4.199599066805007
56,102,set,0.952,43.196171091394504,105.28274048440001,105.32707479849999,105.98712807519999,105.5323144527,0.0029652484226971865,45.057429301108364,7.333602823195726,0.9970347881317139,107.17107308458787,10.468395009848486,30.683831890723475,32.99472609875331,45.057429301108364,57.12013250346341,59.431026711493246,62.11794063790965,86.65339588934602,89.95209558427788,107.17107308458787,124.39005058489785,127.68875027982973,131.52420156036865,106.9868946179064,10.992166218580927,109.4218207283395,11.406315857512126,86.10667849502941,89.65856984105581,107.13205208661181,124.37501236785104,127.67548277241335,131.51258710825326,2,-1.4545801652063943,0.0028501045890152454,45.16105292593067,6.95794141189225,0.9971498847007751,102.99763359930586,11.43727933811336,31.523738352082084,33.71625775846385,45.16105292593067,56.60584809339748,58.79836749977925,61.34764513718693,80.58097801547956,84.18498319755295,102.99763359930586,121.81028400105875,125.41428918313215,129.6047240723371,102.83279219218947,11.835677151751263,130.57651317064403,9.506627213839884,80.00818161828049,83.87707343205601,102.95666196532484,121.79448998452153,125.40036320622215,129.59254191601516,2,2.699522260510534,0.0008132093353196979,39.764380475409084,5.713939266156663,0.9991868138313293,106.0616233722481,10.396859545183107,28.565265303892794,30.365786749290862,39.764380475409084,49.162974201527305,50.96349564692537,53.05699093963112,85.68415311136772,88.96031124044863,106.0616233722481,123.16293550404757,126.43909363312848,130.24833547188604,106.00771229251085,10.56430261257842,108.03333785123483,3.5714121772439964,85.54102205409754,88.88183872474566,106.05101785820976,123.15887181009639,126.43552348297975,130.24521042772403,2,-0.4753978398108387,0.004121440928429365,45.97921224204313,8.093392241157307,0.9958785772323608,106.2739017567665,10.936929825086425,30.116454936618894,32.66676665983463,45.97921224204313,59.29165782425163,61.841969547467365,64.80725807603807,84.83791319815515,88.28425306625937,106.2739017567665,124.26355044727364,127.70989031537785,131.71700520389018,106.02540268565161,11.589423827338384,119.39341084116343,14.921537960968564,84.02577485455645,87.85353187350712,106.21717312717061,124.24168994401336,127.69059070874307,131.7000710816171,2,-0.49308823295160664,0.008182567544281483,47.752130338137924,13.555214595292165,0.9918174147605896,107.00935230811254,9.339728481266258,21.18439792865359,25.455786446966066,47.752130338137924,70.04847422930978,74.31986274762225,79.28627499406323,88.70382085944769,91.64686604095976,107.00935230811254,122.37183857526531,125.31488375677739,128.73680980462498,106.52447419331246,10.794339580895135,88.02025327602661,28.49731291682138,87.20197205281264,90.88835512637313,106.91277956321215,122.33466932296444,125.28213188741945,128.7081113981238,2,-0.9921597406124505
57,103,set,1.493,105.98712807519999,110.76630790189999,111.0150214425,110.8753531518,110.88556083206667,0.0003334863285999745,90.93815507128198,11.218172268967601,0.9996665716171265,113.2473209955094,10.53762250939817,68.9509414517395,72.48590372690418,90.93815507128198,109.39040641565977,112.92536869082446,117.03552627981867,92.59396039441039,95.91447439148034,113.2473209955094,130.58016759953844,133.9006815966084,137.76149671769275,113.23988775586947,10.545691514533996,111.04643215048932,0.16592042304660953,92.56177988854114,95.89328135975602,113.24312050474755,130.57850537762198,133.8992232662676,137.76018342094844,2,-2.3543269238028017,0.0009934073314070702,95.4501323776163,12.309553420662153,0.9990065693855286,108.51459226647138,9.831141788170605,71.32385100734665,75.20271878748724,95.4501323776163,115.69754596774534,119.57641374788594,124.08643580816586,89.24590843475029,92.34380303912478,108.51459226647138,124.68538149381799,127.78327609819247,131.38524806477614,108.50161140968468,9.84253621485604,96.70585860084034,0.1693864377192325,89.19866402558833,92.31056393197959,108.50587937254437,124.68151621007735,127.77987023756707,131.38229962640688,2,2.3839494223819884,8.422438440902624e-06,83.3580388090617,10.673579121942398,0.9999915361404419,111.86926824129921,10.75374583207922,62.43820814391594,65.80156347778123,83.3580388090617,100.91451414034216,104.27786947420745,108.18849690779909,90.79231371152622,94.18093040608942,111.86926824129921,129.557606076509,132.9462227710722,136.88622199573226,111.86902347347437,10.75408736226389,115.64303016318462,0.006846460057288751,90.79114575810992,94.18018922312872,111.86915612966064,129.55759689549865,132.94624262901908,136.88626068769977,2,-0.9834626414076979,0.00020244634652044624,93.51056545546291,12.190912273446225,0.999797523021698,116.89235673546949,9.797164446890754,69.61681646082098,73.45829918663766,93.51056545546291,113.56283172428815,117.40431445010482,121.87086830541293,97.69026726894734,100.77745526116121,116.89235673546949,133.00725820977777,136.09444620199164,139.6839694181223,116.88761959662861,9.803374877013935,95.99508380220267,0.11065666374445646,97.66951089290738,100.76446112361093,116.890007880267,133.00635877879537,136.09361807457032,139.6832881345815,2,-6.002058764561937,0.003983253613114357,95.72508948225561,15.525638381076734,0.9960166811943054,116.30485075691192,8.9795985870689,65.29539741835245,70.18768688040456,95.72508948225561,121.26249208410667,126.15478154615876,131.84312532320035,98.70516093063011,101.53472545240332,116.30485075691192,131.0749760614205,133.90454058319372,137.1945208396798,116.2228687662443,9.107871473946696,81.27214822791818,1.6802939525986724,98.35905515196113,101.32495469417607,116.26820495286718,131.0615708947853,133.8935742783679,137.18619006848957,2,-5.33730793417763
58,104,set,0.053,110.8753531518,111.0185709645,111.0494169905,110.77108081659999,110.94635625720001,0.9999994039535522,114.02818061733271,4.493762350259167,5.395748416958668e-07,122.72736215871473,103.66552326594059,105.22056825574268,106.63659931685095,114.02818061733271,121.41976191781447,122.83579297892274,124.4822351073029,-80.45332988102791,-47.78724977508995,122.72736215871473,293.24197409251934,325.9080541984573,363.88943181976697,114.02817887183771,4.4944923726401225,20.19968658710893,4.083275537995813e-05,105.21351947095475,106.63121340682618,114.0281927952491,121.42583105792876,122.84204092836266,124.4880145321221,2,-3.0818226146377015,0.9999998807907104,113.45530702306944,5.593896445337592,6.475911362713305e-08,114.71927872242937,57.41484156894615,102.49147145696112,104.25416616616495,113.45530702306944,122.65644787997392,124.41914258917775,126.46865612628515,2.188257069221706,20.280268326904093,114.71927872242937,209.1582891179546,227.25030037563698,248.28617334473893,113.4553009272617,5.593977849338083,31.29188718699075,1.0349890052886927e-07,102.49139984989688,104.25320785807516,113.4553022980733,122.6572139692362,124.42083428398006,126.46979811868228,2,-2.5089446700616946,0.9999904632568359,119.02365084408254,6.636542236260168,9.541032341076061e-06,122.9181730314808,24.88909294417596,106.0162670791337,108.10751027635337,119.02365084408254,129.9397914118117,132.03103460903137,134.46255676638862,74.13644725302593,81.97925823072066,122.9181730314808,163.85708783224092,171.69989880993566,180.81886148896945,119.02368851235819,6.6369621907606975,44.0491831744595,0.00014471034866134352,106.01572705473856,108.10718571275581,119.02366075865196,129.94024165699028,132.0316285149174,134.463581106421,2,-8.077332255158183,0.9999929666519165,110.09891868702672,3.5595902039041882,7.00309010426281e-06,128.87188689372886,55.05874707649593,103.12225008765293,104.24391382967399,110.09891868702672,115.95392354437946,117.07558728640052,118.37976379033583,20.958725589896815,38.30830706955072,128.87188689372886,219.43546671790696,236.78504819756088,256.9576861024875,110.0990468244438,3.5629563220224316,12.691822929363047,0.0024680421020250895,103.1200775631703,104.24366368603349,110.0989396397902,115.95671103912262,117.07863008898242,118.38322975772387,2,0.8473094327562052,1.0,112.26066590854973,4.286682972146707,5.849014783620987e-08,108.75969472558185,100.55269110965044,103.85892167000107,105.20969987422309,112.26066590854973,119.31163194287635,120.66241014709838,122.23298172749028,-88.31995839791395,-56.6347639458578,108.75969472558185,274.15415339702145,305.8393478490776,342.6802339176025,112.26067226992035,4.286666057172524,18.376242288434668,7.169450709126739e-07,103.85806336769103,105.20236099445668,112.26068926807322,119.31851701588205,120.66798058313657,122.23963683934923,2,-1.3143160127203402
59,106,set,0.229,110.7020056989,110.9039671458,110.749403559,110.8824099803,110.84526022836667,0.999909520149231,112.34575422543915,5.401779467623129,9.044384205481037e-05,121.33272126317053,60.48148006115889,101.75846101646987,103.46061767612726,112.34575422543915,121.23089077475105,122.93304743440844,124.91217240598168,2.791198611621695,21.84953942118014,121.33272126317053,220.81590310516088,239.87424391471933,262.033683822291,112.3465629958403,5.432787893318204,29.50742571239251,0.007304088394575359,101.75324743360603,103.45802483970256,112.34582793072434,121.23365158986562,122.93903508120606,124.92332566937232,2,-1.5013027674736321,0.9999898672103882,112.44680644495885,6.285207521780995,1.0152951290365309e-05,113.91449185928253,37.98888245287898,100.12802606690785,102.1085600566147,112.44680644495885,122.785052833303,124.76558682300985,127.06838560115958,39.45765043871408,51.428340772831376,113.91449185928253,176.40064294573367,188.37133327985097,202.28984779072496,112.44682361341374,6.28632265576241,39.51808559216645,2.1870260291409414e-05,100.1268471399263,102.10824541681197,112.44680801742646,122.78583603499771,124.76679699715856,127.06968224395415,2,-1.601563385047072,0.9979575872421265,114.36118333097977,7.557416738072159,0.0020424500107765198,120.20051260946659,19.09516271398542,99.54891870819816,101.93033899897802,114.36118333097977,126.79202766298152,129.17344795376138,131.9423636928346,82.77468141112304,88.79176496213914,120.20051260946659,151.60926025679402,157.62634380781012,164.6225037936105,114.37311412941361,7.603396512313953,57.74262509537777,0.06950074110854351,99.51837895283995,101.91230025777533,114.36583673102412,126.83951685526931,129.25181637150328,132.09490569615969,2,-3.5278539010469387,0.9995007514953613,109.4587733502535,4.489638222768001,0.0004992556641809642,125.9785118670502,35.853725509351456,100.65924413001379,102.07397563583359,109.4587733502535,116.8435710646734,118.25830257049319,119.90323368500233,55.70650115713633,67.00438142327091,125.9785118670502,184.95264231082945,196.25052257696404,209.38674998217382,109.46702170695352,4.574349134928018,20.788576073905237,0.13617972731642228,100.6500793639611,102.06905524968694,109.45977031363184,116.85641413576077,118.28095469162326,119.95193100870503,2,1.3782385214131523,0.9999891519546509,111.09593957264497,5.560221201228592,1.0807340913743246e-05,109.36093968258248,53.23139422004213,100.19810627216089,101.95018956315164,111.09593957264497,120.24168958213829,121.99377287312905,124.0309483433199,5.029324164446294,21.803087832062516,109.36093968258248,196.91879153310242,213.69255520071866,233.1956804586074,111.09591629981219,5.562992254701645,30.94634790721985,3.253219253852344e-05,100.19581119678972,101.949216385069,111.09593348342071,120.24285700455154,121.99557576906835,124.0321524698151,2,-0.25065607144551905
60,107,set,0.053,110.8824099803,111.0754805652,110.78531611529999,110.9974497225,110.95274880099998,0.9999994039535522,114.03501288131044,4.493672150629956,5.39431823654013e-07,122.72991065617498,103.6757630714663,105.22757730774507,106.64357994601593,114.03501288131044,121.42644581660494,122.8424484548758,124.48885753556496,-80.47085103360675,-47.80154425888796,122.72991065617498,293.26136557123783,325.9306723459567,363.9158016670425,114.03501111556561,4.4944023551593535,20.19887553266966,4.078173839145093e-05,105.22028733283764,106.63844323459472,114.03503084798052,121.43265436966293,122.84849971081756,124.49436603484654,2,-3.082262314565625,0.9999998807907104,113.4627692527115,5.593888212831751,6.472169644666792e-08,114.72227964977583,57.41878171782853,102.49894982201813,104.2616419370741,113.4627692527115,122.66389656834889,124.42658868340486,126.47609920425475,2.1835354466649903,20.276788286070655,114.72227964977583,209.16777101348097,227.26102385288664,248.2983404290613,113.46276315191594,5.593969659772177,31.29179498943888,1.0271054155258787e-07,102.49881197746178,104.26080820101042,113.46276495029804,122.66456333349738,124.42820673341713,126.47711274613653,2,-2.5100143509159523,0.9999904632568359,119.03115316244869,6.636704022896691,9.537966434436385e-06,122.92215899604787,24.89089980024048,106.02345230151909,108.11474647938364,119.03115316244869,129.94755984551375,132.0388540233783,134.4704354567527,74.1368918447813,81.98027218153663,122.92215899604787,163.8640458105591,171.70742614731444,180.8270508293009,119.03119042033902,6.637127135849769,44.05132954651523,0.00014440273249505538,106.02293961280952,108.11439281023607,119.03116302283028,129.94799256030586,132.03947284104774,134.4714877688641,2,-8.078441619339031,0.9999929666519165,110.10602584511253,3.5594441664092744,7.0010864874348044e-06,128.87563232595133,55.06345463809668,103.12964347396915,104.25126119806296,110.10602584511253,115.96079049216208,117.0824082162559,118.3865312144058,20.95324437092681,38.30430925200011,128.87563232595133,219.44695539990252,236.79802028097583,256.9723829606318,110.1061537005547,3.562813272928971,12.690780846246623,0.002466452404257761,103.1276913761378,104.25075165770409,110.10604646111085,115.96359154377427,117.08536419564619,118.38986459777537,2,0.8465951004452847,1.0,112.2677444318326,4.286454967528423,5.8465165153620546e-08,108.76219168039685,100.56951691984874,103.86644707412408,105.21715343172932,112.2677444318326,119.31833543193588,120.66904178954111,122.23952983271414,-88.3504394250983,-56.659942985973856,108.76219168039685,274.18432634676753,305.874822785892,342.7218735602013,112.26775079063209,4.2864380713387416,18.374287518643932,7.185156143392639e-07,103.86511732302169,105.20977864282467,112.26776524477769,119.32527116542627,120.6744997682539,122.24607452492455,2,-1.3150019896321083
61,109,set,1.226,14.8024531217411,115.1893384434,115.2568753031,115.1871359006,115.21111654903332,0.0013498816406354308,17.548163121473813,5.817612643949046,0.9986501336097717,110.1340879519783,10.757532784765953,6.14585186332884,7.979041863875478,17.548163121473813,27.117284379072146,28.950474379618782,31.08195392771779,89.04971113132815,92.43952113390665,110.1340879519783,127.82865477004995,131.21846477262844,135.1598514757432,110.00910959145804,11.276948755836766,115.61398521351316,11.555772588748415,88.80156728047395,92.3041457403117,110.11586319522291,127.82166012840221,131.21230438604044,135.15439412175357,2,5.2020069575752785,0.0008613576646894217,20.613281105651268,5.942792190477691,0.999138593673706,109.64135458065914,12.227549072047665,8.965622444709094,10.838257816925148,20.613281105651268,30.388304394377382,32.26093976659344,34.43828308383556,85.67579878024955,89.52882614077441,109.64135458065914,129.75388302054384,133.60691038106873,138.0868873691473,109.56466423187467,12.499456302437926,149.41458528120629,6.821238421222286,85.49737245745455,89.43106863737637,109.62814362616515,129.74882527295043,133.6024748637777,138.08298489800552,2,5.646452317158648,0.0005892810295335948,14.306840877501934,3.915961064347665,0.9994107484817505,113.07527164561928,11.821572710758353,6.6316982265193705,7.865658117808927,14.306840877501934,20.74802363719494,21.981983528484495,23.416728574373835,89.90541489191136,93.63051489605785,113.07527164561928,132.5200283951807,136.2451283993272,140.5763621891112,113.0170726200473,12.059065541747891,139.6762701806488,5.745168502985736,89.78795381308352,93.5659730468878,113.0665351922008,132.51669717299131,136.24220411387896,140.57380794188091,2,2.1940439289860194,0.0014462409308180213,21.902488656828346,6.750341238301605,0.9985536932945251,112.72398847378537,12.824548919514772,8.672062946401688,10.799165387847856,21.902488656828346,33.005811925808835,35.132914367255005,37.6061306456015,87.58833447356434,91.62948266950491,112.72398847378537,133.81849427806583,137.8596424740064,142.55835058823132,112.59263128897015,13.274413264887178,164.29708330695536,11.91213038811644,87.27080191631784,91.45647258599473,112.70071007686033,133.80951711559754,137.85175464335148,142.55149527683827,2,2.618485260063167,0.001391523634083569,21.993544466647187,13.5681689801351,0.9986085295677185,110.97520951655572,11.225017418606646,-4.599578070571173,-0.3241074914184985,21.993544466647187,44.31119642471286,48.58666700386554,53.55782552821136,88.97457965025193,92.51169890296713,110.97520951655572,129.4387201301443,132.9758393828595,137.08850492440268,110.8513953307198,11.708270359145818,126.0818621946583,11.002386353632374,88.70741478307913,92.36605538524508,110.95560479127,129.4311933594767,132.96924344180553,137.08271282960504,2,4.359721218313524
62,110,set,1.493,115.1871359006,124.16596171440001,124.2099779614,124.18997091470001,124.18863686350001,0.00042341003427281976,98.12859175442722,12.135366482733751,0.9995766282081604,113.66891692592381,10.763783046374245,74.34371050907455,78.16769018091728,98.12859175442722,118.08949332793716,121.91347299977988,126.35967577224136,92.57228981762745,95.96406934237636,113.66891692592381,131.37376450947124,134.76554403422017,138.70922073249338,113.6623413432863,10.76912462987821,115.8723284023867,0.1022109503457794,92.54895202512716,95.94726219982273,113.664347589071,131.37173084672813,134.7637331691238,138.70762722719098,2,10.526295520213708,0.0016232684720307589,103.6267803082759,13.497413813849406,0.998376727104187,108.86819772082245,9.879828111842574,77.17233534869764,81.42551024210078,103.6267803082759,125.828050374451,130.08122526785414,135.02646023917393,89.50409044816463,92.61732661740108,108.86819772082245,125.11906882424383,128.23230499348026,131.85211484469636,108.85968901157871,9.889027089221244,97.74828156508309,0.04452278253601751,89.47039322027848,92.59280464935274,108.86211977550226,125.11996062959118,128.23484673052477,131.85713768460658,2,15.3289478519213,8.536008863302413e-06,90.76877448502441,11.861550474990981,0.9999914169311523,112.09755920761286,10.74835533042873,67.52056275323811,71.25826016496752,90.76877448502441,110.27928880508128,114.01698621681071,118.3628672153478,91.03116986693342,94.41808795859397,112.09755920761286,129.77703045663173,133.1639485482923,137.10197277999129,112.09737186960805,10.748573217293952,115.52735171728338,0.0038831429179597963,91.0304095469401,94.41753557897792,112.09745313707622,129.77703179315887,133.1639616690881,137.10196219292936,2,12.091264993891954,0.000245090777752921,101.0594182398505,13.002724685490524,0.9997549653053284,117.2448855212306,9.778175993201607,75.57454615539916,79.67183938066997,101.0594182398505,122.44699709903102,126.54429032430183,131.30827916867975,98.08001274006128,101.16121727384312,117.2448855212306,133.32855376861806,136.40975830239992,139.99232445501235,117.24092518792075,9.7823389163466,95.6307350248996,0.06419053569157387,98.06417736131029,101.15063825468859,117.24252125878911,133.32758829713006,136.40891228109177,139.99157465772547,2,6.9477116755792565,0.006943555548787117,103.27195501132024,15.364573341588372,0.9930564761161804,117.1254612121547,9.118320605705536,73.1579446239828,77.9994808238467,103.27195501132024,128.54442919879378,133.38596539865767,139.01529754006893,99.2538812254824,102.1271584921536,117.1254612121547,132.1237639321558,134.997041198827,138.33784696806057,117.02927233107768,9.248164348022359,84.20562586075968,1.3233516259391056,98.84153473955588,101.86538358156804,117.07503836784701,132.11159954076209,134.99107300184554,138.34088544635154,2,7.15936453242233
63,114,set,0.893,24.2733057718037,133.9849108873,134.056451708,134.20350888489997,134.08162382673333,0.011160084046423435,27.44194855213174,6.765668732436887,0.9888399243354797,105.5446792750565,11.289019066622652,14.18148150522668,16.31341379883075,27.44194855213174,38.570483305432724,40.7024155990368,43.18124762430088,83.41860848369012,86.97589531859789,105.5446792750565,124.11346323151508,127.67075006642287,131.8068647807006,104.67304712059875,13.922917042159467,126.53053440342084,67.31717639530767,80.73817970938046,85.68585438680614,105.384990932173,124.05201540165699,127.61655892558402,131.75936654440076,2,29.408576706134582,0.0063379304483532906,28.53206404553704,6.520243415923444,0.9936619997024536,102.05691732667759,12.580593284261418,15.752621779892673,17.807218014248903,28.53206404553704,39.25691007682517,41.311506311181404,43.70041845439933,77.39940758537873,81.36368283385886,102.05691732667759,122.75015181949632,126.71442706797644,131.3237537676916,101.59091479176301,13.84136787963997,157.53765174035948,34.04509214562529,75.8942569882835,80.58579130856506,101.95634688933546,122.71139472119816,126.68026763498196,131.293768305114,2,32.49070903497032,0.006001729518175125,24.100221235186254,4.802501005713325,0.9939982891082764,105.43919438804411,11.013106991305825,14.687492228270745,16.200810037500595,24.100221235186254,31.99963243287191,33.51295024210176,35.27250923990645,83.85390132719841,87.3242454093901,105.43919438804411,123.55414336669811,127.0244874488898,131.05951242385274,104.95102183585259,12.655753840290648,120.6990109218969,39.46929950922343,82.61531811034818,86.68147067746764,105.35585176262029,123.52202899164678,126.99611625433697,131.0346879414759,2,29.13060199088075,0.014545377343893051,29.64027387091018,7.525446696477299,0.9854546785354614,104.28792927299406,12.377493785820393,14.890669378238742,17.262015577779515,29.64027387091018,42.018532164040835,44.38987836358161,47.14708079446781,80.02848723391776,83.92876372681808,104.28792927299406,124.64709481917005,128.54737131207037,133.08228562759106,103.20215678487602,15.220677045927982,151.79771382424067,79.87189106561048,75.76908969792673,82.01586037528749,104.05894371134838,124.55906117232006,128.46975283683284,133.0141958996789,2,30.87946704185731,0.022235000506043434,30.73356782744007,12.852294611808231,0.9777650237083435,105.07614803916891,10.51434742571126,5.543533269597734,9.593424420558428,30.73356782744007,51.8737112343217,55.92360238528239,60.6324760741667,84.4684057638334,87.78158554095987,105.07614803916891,122.37071053737796,125.68389031450442,129.53617781989908,103.42314327489505,15.228996628729908,111.76620198727142,120.15639533606993,75.98772562617324,85.0473186447107,104.77643579329454,122.25585095989913,125.58259178838243,129.4474377413506,2,30.65848055183828
64,117,set,1.493,129.9947898088,135.9740398363,136.0631594301,136.0646590144,136.03395276026666,0.0006953049451112747,109.71373477201078,13.709808169319645,0.9993046522140503,114.56436730208942,11.297497831768524,82.84300452519126,87.16310707989643,109.71373477201078,132.26436246412513,136.5844650188303,141.6075178602153,92.42167843640377,95.98163701802856,114.56436730208942,133.14709758615027,136.70705616777508,140.84627736500514,114.56098972527079,11.300102069561587,127.67539632785335,0.016348202050962334,92.41105372176187,95.97339041129273,114.56164516183266,133.14663229825808,136.70705508124345,140.8468229700666,2,21.47296303499587,0.004279931541532278,117.1337767589239,15.636729962501683,0.9957200884819031,110.01597798035661,10.126749596808809,86.48634919644225,91.41364476644225,117.1337767589239,142.85390875140556,147.78120432140554,153.5102502641404,90.16791349015583,93.35895717681628,110.01597798035661,126.67299878389693,129.8640424705574,133.57432037583672,110.0464438747531,10.167314613700475,103.15862255250491,0.21590638966359638,90.15503633694007,93.35292305192263,110.03508022900606,126.76614440734937,130.00013343371015,133.7977176162145,2,25.987508885513563,9.973873602575622e-06,102.99038326720544,13.946762595258019,0.9999899864196777,112.94088278853516,10.841572351998282,75.65523087956934,80.05000022816415,102.99038326720544,125.93076630624672,130.32553565484153,135.43540478043627,91.69179144283332,95.10808318349397,112.94088278853516,130.77368239357634,134.189974134237,138.16215158086632,112.94077905899867,10.841676444258711,117.54045411044223,0.000987527739399048,91.69141660825127,95.10780675748107,112.94081227005181,130.7737096430767,134.18996987289,138.16216909184814,2,23.093173701267986,0.0003760122344829142,113.45081994945122,14.334891599754716,0.9996240139007568,118.23571842593691,9.922903445881534,85.3549486916462,89.87202150963847,113.45081994945122,137.02961838926396,141.54669120725623,146.7987645471465,98.7871850499407,101.9139947030894,118.23571842593691,134.55744214878442,137.6842518019331,141.31984376157595,118.23392233568784,9.925346262239547,98.50425811831205,0.008605658361007197,98.77892474026035,101.90812555053563,118.23449523765784,134.5582394274651,137.68560194402602,141.32210393363968,2,17.80003042457882,0.01888156495988369,115.52709514772559,14.956916833237477,0.9811184406280518,118.73568781195503,9.549681719787204,86.21207683481924,90.92515624656339,115.52709514772559,140.12903404888777,144.84211346063194,150.32208682493325,100.01865557735158,103.02785919893087,118.73568781195503,134.44351642497918,137.45272004655848,140.95156957854869,118.67510522462292,9.689639368522789,93.698473147384,0.19071664389557047,99.62939782807398,102.7603819595568,118.69702664202376,134.53674381947624,137.59648174823752,141.18668321947516,2,17.358847535643733
65,118,set,0.647,136.0646590144,130.6416280664,130.7823623244,130.63043291969998,130.68480777016666,0.7995135188102722,129.2790737913118,7.919858176735578,0.20048648118972778,124.34597302881129,30.043918712679563,113.756437002245,116.252066344367,129.2790737913118,142.30608123825658,144.80171058037857,147.70341902346556,65.46097439751034,74.92812436642508,124.34597302881129,173.76382169119748,183.23097166011223,194.2385794539092,128.2900537780837,15.33023515068343,231.11533498042672,3.9007747948180516,89.74043512144611,103.78110825017053,128.97425914986366,148.1019637596327,159.00233457050942,173.7992740503166,2,2.3947539920829684,0.9921829104423523,134.30325613495376,8.7743822608217,0.00781711284071207,119.54620163568671,22.261619265711825,117.10578291715609,119.87068164898253,134.30325613495376,148.735830620925,151.50072935275142,154.71552165343797,75.91422963734851,82.92909644466783,119.54620163568671,156.1633068267056,163.1781736340249,171.33447228718205,134.1879017017278,9.052654947095522,80.26195039852996,1.6890304366496047,116.57610251729325,119.55978575781099,134.26068125448867,148.76602623900882,151.56071367574893,154.83814270842322,2,-3.5030939315611533,0.13397696614265442,128.32415465643305,10.813058531116381,0.8660230040550232,124.94914797152902,14.942675314003099,107.13094937272136,110.53825611308771,128.32415465643305,146.11005319977838,149.51735994014473,153.47909038217483,95.6620425234072,100.37063428493278,124.94914797152902,149.52766165812523,154.23625341965084,159.71100892074267,125.40131740410885,14.50364328950786,209.0335731571307,1.3216268560238693,96.53456160651271,101.3028332806129,125.5383455911699,149.04081505828225,153.6496555681287,159.07011354124907,2,5.283490366057805,0.7974306344985962,130.08017249184198,6.73513973729919,0.20256942510604858,129.65614260317898,21.706868638219312,116.879541175891,119.00185346692041,130.08017249184198,141.15849151676355,143.28080380779295,145.74845050107592,87.11146185512712,93.95152099384477,129.65614260317898,165.36076421251317,172.20082335123084,180.15387031178426,129.9942847544502,11.473860851929945,131.62144585882297,0.029044220554109355,104.48734051756828,113.14183561148319,130.04919353341091,146.54454065849265,154.84411253458615,165.4949401816171,2,0.690523015716451,0.9835782051086426,130.767602478684,7.664187327735836,0.01642177626490593,117.37669151909095,26.070192660392795,115.74607134555349,118.1611361550222,130.767602478684,143.37406880234582,145.78913361181452,148.59716837481304,66.2800528347006,74.4950405663202,117.37669151909095,160.25834247186168,168.47333020348128,178.02502879043087,130.54769749918592,8.475432268095654,68.93629643238052,2.896338253653446,114.65494556219453,117.56155954349641,130.70492319488818,143.5101877094148,146.03971583730808,149.1260232715245,2,0.1371102709807417
66,119,set,0.952,130.63043291969998,138.5936075084,138.3586485846,138.3411539893,138.4311366941,0.027081046253442764,119.36536712825944,10.344837266970464,0.9729189276695251,117.98911550315322,15.800203188915974,99.08985865906956,102.3496240294603,119.36536712825944,136.38111022705857,139.6408755974493,143.43105731157465,87.02128630446299,92.00009398129455,117.98911550315322,143.97813702501188,148.95694470184344,154.7458846011012,118.02638276026313,15.679097281319969,245.78382401831266,0.049904279803026384,87.20031275372844,92.19293187640824,118.04509358670653,143.80523578773813,148.78743216905224,154.58825407353282,2,20.404753933836858,0.3767130374908447,124.82836637279449,10.739407670384972,0.6232870221138,113.95722071220611,14.10339353551356,103.77951412354673,107.1636127148513,124.82836637279449,142.49312003073769,145.87721862204225,149.81196457525246,86.31507732280451,90.75920270299267,113.95722071220611,137.15523872141952,141.5993641016077,146.7666202803094,118.05252980739144,13.97038998370448,167.42349906466393,27.749127906286844,89.2390346567911,94.04237004583082,118.67389242216824,139.98920697324724,143.85506205987588,148.33372499996804,2,20.378606886708553,0.0008625436457805336,114.70241855046757,12.05510313013706,0.9991374015808105,116.74074118094613,11.502955406230361,91.07485058548286,94.87353844358758,114.70241855046757,134.53129865734755,138.32998651545228,142.74678208860502,94.19536286896431,97.82006326034707,116.74074118094613,135.6614191015452,139.28611949292795,143.50061703541672,116.73897664442481,11.50363083607339,132.3291953911865,0.003580570077667779,94.19205063341084,97.81710909399901,116.73907221635683,135.66060340176966,139.28544766335463,143.5000848528391,2,21.69216004967518,0.03298661485314369,121.04041146795913,9.682347477605362,0.9670133590698242,120.65513019461325,12.928447438445147,102.06335912605039,105.1143671020155,121.04041146795913,136.96645583390276,140.01746380986788,143.56491993821106,95.31583883924164,99.38972653463527,120.65513019461325,141.9205338545912,145.99442154998485,150.73119640768886,120.66783617325954,12.834669777154605,164.7236335220706,0.004735066001175549,95.47142143151488,99.54545782197626,120.67191107866475,141.77697396070292,145.8467410750899,150.5864811395572,2,17.763300520840446,0.3744940161705017,122.37607612340052,10.708429824711438,0.6255059838294983,116.4181586720832,12.976284740210412,101.38793933599153,104.7622764872686,122.37607612340052,139.98987575953245,143.3642129108095,147.2876090804335,90.98510792813408,95.07406965279304,116.4181586720832,137.76224769137332,141.8512094160323,146.6055110904203,118.64936310643934,12.513338535259766,148.26858268900259,8.315058609016562,93.38350059401688,97.61961431998283,118.90688750405205,138.78496654515357,142.53482214904201,146.90378553389425,2,19.781773587660652
67,120,set,1.226,138.3411539893,124.14026658370001,125.2731110412,125.3115715587,124.90831639453334,0.004125059582293034,120.88833775658898,12.774399357413374,0.9958749413490295,116.55073780962252,12.954238805439026,95.85097509192715,99.87632064142103,120.88833775658898,141.90035487175692,145.9257004212508,150.60603454385625,91.16089630383085,95.24291112610062,116.55073780962252,137.8585644931444,141.94057931541417,146.68680371447294,116.56863077639424,12.95648469632338,167.79321643458763,0.07729190651435654,91.17461597472983,95.25721638673421,116.56854294690817,137.88032755514297,141.96315475780156,146.71026824058623,2,8.3396856181391,0.06683186441659927,128.51652898943883,13.763428269535463,0.9331681728363037,113.01148189514491,11.836434173476041,101.54070527734888,105.87770408100698,128.51652898943883,151.15535389787067,155.49235270152877,160.53505108378624,89.81249720975273,93.54228021473048,113.01148189514491,132.48068357555934,136.21046658053706,140.54714537083527,114.04771731032953,12.585332790119796,143.39804741586545,14.993038566307717,90.128366453219,93.89559045720706,113.77264636515274,135.10978270536987,139.7476626747767,145.5514932793726,2,10.860599084203812,8.069507748587057e-05,115.39692133363191,13.982607641558605,0.9999192953109741,115.49822553941735,11.049274895009383,87.99151394622248,92.39757844017485,115.39692133363191,138.39626422708895,142.8023287210413,147.92533089411899,93.84204468991636,97.32378565317731,115.49822553941735,133.67266542565739,137.15440638891832,141.20268270111526,115.4982162545508,11.049548803508134,122.09239971664961,8.280710365605285e-07,93.84147379661293,97.32332177678495,115.49821922749892,133.6730663221255,137.15498823623284,141.20347587021607,2,9.410100139982546,0.003644935553893447,124.20161353334893,12.451543386182522,0.9963550567626953,119.58647362251939,10.997422278004064,99.79703694449327,103.72064723344299,124.20161353334893,144.68257983325486,148.6061901222046,153.16823501832192,98.03192203485298,101.49732370142748,119.58647362251939,137.6756235436113,141.1410252101858,145.17030355888352,119.60329459123452,11.006590835336159,121.0675795170144,0.0773523886924753,98.0368268683901,101.50349174917258,119.60100710917966,137.71044959943146,141.18344239343622,145.22451871368986,2,5.305021803298828,0.13029985129833221,125.77271926539416,12.535168464642522,0.8697001934051514,118.75616742300646,10.872861601153618,101.20424053455257,105.15420195187917,125.77271926539416,146.39123657890912,150.34119799623573,154.93388177385907,97.44575027585685,100.87190158300753,118.75616742300646,136.64043326300538,140.06658457015607,144.05022589359046,119.670428393511,11.35199029866891,123.28926507026608,5.579058869907568,97.77681135574474,101.25213348044849,119.53517847382406,138.54274693453885,142.38546458681387,146.9855108116341,2,5.237888001022341
68,123,set,1.076,11.849616048740799,128.882604573,126.14310885239999,126.1831245212,127.06961264886667,0.004102560691535473,15.213086574369996,6.013484718131988,0.9958974123001099,108.15628784096045,11.109671421337225,3.426873105249298,5.321784425133341,15.213086574369996,25.104388723606647,26.999300043490692,29.20254396397343,86.38173197506556,89.88250450933478,108.15628784096045,126.4300711725861,129.9308437068553,134.00124833328059,107.77497979577528,12.58417394281614,123.06679482085842,35.294325288102485,85.56085649735809,89.44708194010103,108.0989289244556,126.40795500584942,129.9113744857688,133.9841470754792,2,19.294632853091386,0.0021740421652793884,17.999911499367478,6.030735755153707,0.9978259205818176,106.71054813959792,12.667575793364287,6.179886618988245,8.080233919316974,17.999911499367478,27.919589079417978,29.819936379746707,32.029500802271386,81.8825558131725,85.87424015119998,106.71054813959792,127.54685612799584,131.53854046602333,136.17973615574215,106.51768349975559,13.314266657820157,160.19767686439553,17.07159709908091,81.40472712348391,85.61570091292974,106.67595737212625,127.53354173596666,131.52676035485564,136.16946563968645,2,20.551929149111075,0.002582252025604248,12.68061887678811,3.9952916382391006,0.997417688369751,110.49252409758269,11.708195356189975,4.84999115810544,6.108948934901633,12.68061887678811,19.252288818674582,20.511246595470777,21.97505708557879,87.54488287549123,91.23425650089722,110.49252409758269,129.75079169426814,133.44016531967415,137.72985947331009,110.23994252133043,12.704756611372735,136.76906929709858,24.641046891115305,87.01630646447174,90.94936217736515,110.45453461376569,129.73613039969106,133.42727636284062,137.71859299904628,2,16.829670127536232,0.00505649670958519,19.355402892353624,6.854148125862622,0.9949434399604797,109.11108384618657,13.133942238150787,5.921519420960172,8.081332487865849,19.355402892353624,30.629473296841393,32.789286363747074,35.30053581331515,83.36903008438163,87.5076713195931,109.11108384618657,130.71449637278005,134.8531376079915,139.66520244968387,108.65722763077909,14.573813939788879,171.86573080102875,40.52957425244773,82.14935542481862,86.86756740690775,109.02742640935726,130.6822653972127,134.8247229338848,139.64031745846162,2,18.412385018087576,0.004858731292188168,19.554320277827557,13.066593181672934,0.9951412677764893,108.44087482982317,11.350109986921408,-6.055731758888033,-1.9383129089465534,19.554320277827557,41.04695346460166,45.164372314543144,49.95176154696893,86.19506803488882,89.77160525153735,108.44087482982317,127.11014440810898,130.6866816247575,134.8451790680275,108.00899884477317,12.931747121663257,129.02863020540738,38.201442548482454,85.18639452965131,89.24105265397971,108.37141998583465,127.08341050866011,130.66305324880784,134.824481141834,2,19.060613804093492
69,124,set,1.378,126.1831245212,123.7848045735,123.80112537690002,123.82913362689999,123.80502119243333,0.0009447360062040389,108.64496938766581,12.77037473586237,0.9990552067756653,114.4575365793396,11.254654439633251,83.61549483629535,87.63957218585313,108.64496938766581,129.6503665894785,133.67444393903625,138.35330350514408,92.3988192192146,95.94527740422336,114.4575365793396,132.96979575445584,136.5162539394646,140.63977800804471,114.45203868877886,11.257632088229377,126.70164208150024,0.031888636734726764,92.38482814888481,95.93390574472502,114.45285892910245,132.967581401167,136.51436984737848,140.638306607966,2,9.352982503654474,0.0066840569488704205,115.01548285083847,13.932337813284924,0.9933159947395325,109.96448115077763,10.357123745035189,87.70860251635447,92.0988264667436,115.01548285083847,137.93213923493332,142.32236318532244,147.42694730319266,89.66489162708405,92.92852859397128,109.96448115077763,127.00043370758397,130.2640706744712,134.05875395621814,109.9982480176781,10.393229721823474,107.85046148494644,0.16938797540278802,89.65365983433716,92.92414188294936,109.98908902309178,127.09780953903002,130.39665898926646,134.25562653805687,2,13.806773174755236,1.8040238501271233e-05,101.83630335102794,13.07559596371232,0.9999819993972778,112.79366553974097,10.67524137225215,76.20860618575449,80.32886190556368,101.83630335102794,123.34374479649217,127.46400051630138,132.2546882230271,91.8705769238548,95.2344560500096,112.79366553974097,130.35287502947233,133.71675415562714,137.6279906109526,112.79347233697857,10.675367583080488,113.96181135454866,0.0021659402824389844,91.86986597236198,95.23393687284785,112.7935206726098,130.35284925146576,133.7167488716386,137.6279444649291,2,11.011548855454762,0.0006440359866246581,111.67662474114599,13.187002527969435,0.9993559718132019,117.29502506115097,9.896370437491917,85.83057472228724,89.98593580439722,111.67662474114599,133.36731367789474,137.52267476000472,142.35418003705888,97.8984954259999,101.01694425338705,117.29502506115097,133.57310586891487,136.69155469630203,140.3174253891309,117.29140752403848,9.899862543062104,97.98706885723529,0.020316818643452694,97.88503814702743,101.00703583749107,117.29238887466455,133.5730619282672,136.69198229171724,140.31867645491442,2,6.513613668394854,0.023676136508584023,113.76927904669304,14.28981182951106,0.9763239026069641,117.73945438341721,9.467039530937578,85.76176251499695,90.26463023046772,113.76927904669304,137.27392786291836,141.77679557838914,147.01235241671975,99.18439786256259,102.16756007446156,117.73945438341721,133.31134869237286,136.29451090427182,139.76308166967445,117.64546057562521,9.628152523865042,92.33750791917403,0.3643544805940108,98.68554898071054,101.81985311260442,117.6774393015634,133.38952312781632,136.41979964967604,139.96956267414458,2,6.159560616808122
70,127,set,1.493,13.3695755788124,108.2736907707,108.2514095686,108.2729170456,108.26600579496666,0.0004433126887306571,14.39588366067521,5.349674864352078,0.9995567202568054,112.35639491820581,10.825409437487686,3.9107135975459357,5.596451557034566,14.39588366067521,23.19531576431585,24.881053723804484,26.841088408170393,91.13898230282993,94.55018094171949,112.35639491820581,130.1626088946921,133.5738075335817,137.54006314872694,112.31297148221246,11.018260844839714,117.1502289376583,4.25225868896896,91.05823246549484,94.5057560770944,112.3503771062227,130.16030742589552,133.5718067773564,137.53831256411524,2,-4.046965687245802,0.0003182297514285892,18.746186006218885,5.787725784266925,0.999681830406189,114.26872727929793,12.241708982093712,7.402451916661871,9.226224258166875,18.746186006218885,28.26614775427089,30.089920095775895,32.2104495799796,90.27541856517377,94.13290786001667,114.26872727929793,134.4045466985792,138.2620359934221,142.7472009444183,114.23833603886717,12.358171956221257,149.82241807244358,2.902781107907895,90.2100013247086,94.09688732571567,114.26384230725888,134.4026881104568,138.2603796625025,142.74578008607108,2,-5.972330243900515,0.000125713471788913,10.899345145200016,3.574713317133598,0.9998742341995239,116.65400636288855,12.549495888285675,3.893035788562454,5.019464980201087,10.899345145200016,16.779225310198942,17.905654501837578,19.215371870819244,92.05744639771513,96.01192253462926,116.65400636288855,137.29609019114784,141.25056632806198,145.8484994428862,116.64070547291801,12.604688309710971,157.47164665248337,1.405808797859157,92.03103883101484,95.9973274350243,116.65202964054863,137.2953724209982,141.24995322600742,145.84794995635409,2,-8.374699677951355,0.0003061674942728132,19.789257381899922,6.511091017038779,0.9996938705444336,118.03770303675509,13.29384613638057,7.0277534884416415,9.079465707112533,19.789257381899922,30.499049056687305,32.5507612753582,34.9363201270745,91.98224339343221,96.17127200319469,118.03770303675509,139.90413407031548,144.09316268007797,148.96381373395008,118.00762704633428,13.402953018191226,176.68522371646213,2.9544556107988935,91.91391080285335,96.13366476608881,118.03259968118621,139.90219034881943,144.09141382077726,148.9623384127393,2,-9.741621251367619,0.00030647675157524645,19.249671746036093,14.032207415443857,0.9996935129165649,114.10161456943197,11.886772009406666,-8.25294941182975,-3.831255515392087,19.249671746036093,42.330599007464265,46.75229290390193,51.89346763505403,90.80396953855609,94.54961451701416,114.10161456943197,133.65361462184975,137.39925960030786,141.75438136272334,114.07254347523298,12.00287536709024,141.31238974855225,2.7564928855561024,90.7428323966025,94.51595659764719,114.09704748449498,133.6519345058749,137.39774462208467,141.75307501050605,2,-5.806537680266317
71,129,set,0.952,21.802528395613,114.8096266953,114.8924910748,114.65400916969999,114.7853756466,0.006971390452235937,25.01253178331367,6.583753977069301,0.9930285811424255,106.42400825717576,11.09561531245178,12.108611105185492,14.183220175175046,25.01253178331367,35.84184339145229,37.91645246144184,40.328633851076766,84.67700185845912,88.17334516723115,106.42400825717576,124.67467134712035,128.17101465589238,132.23626935047295,105.85645404437346,12.978442664336283,122.55658971960703,45.883065973313904,83.19605177518697,87.41407572625121,106.32638054394224,124.63707044520595,128.13782611011132,132.20721382063303,2,8.928921602226538,0.0039700912311673164,26.48542300480898,6.401456947082675,0.9960299134254456,103.44304509531239,12.442940059643929,13.938797939943207,15.955963327626339,26.48542300480898,37.014882681991615,39.03204806967475,41.37743876441873,79.05533071661961,82.9762300082673,103.44304509531239,123.90986018235748,127.83075947400516,132.38965224988266,103.1375167963736,13.33394696812538,154.37477068042264,23.419420602366234,78.167997438033,82.5048493312513,103.38088463055654,123.88590442004785,127.80959654982989,132.37110165975878,2,11.647858850226399,0.0038354722782969475,21.745183366963936,4.604527136995742,0.9961645603179932,107.00767430866118,11.14639412434744,12.720476012614952,14.171410205280008,21.745183366963936,29.31895652864786,30.76989072131292,32.456915283077336,85.16114326745132,88.67348750579771,107.00767430866118,125.34186111152465,128.85420534987102,132.93806458305818,106.68065587632896,12.313500173646103,123.84689730532953,27.775760191684157,84.39527882074941,88.26604117101834,106.95388590413178,125.32113167521265,128.83591985327297,132.9219993919157,2,8.104719770271046,0.009280000813305378,27.679963897518462,7.3680440482829495,0.9907200336456299,105.84898418921287,12.436409892837052,13.238862926379179,15.56060992116204,27.679963897518462,39.799317873874884,42.12106486865774,44.82059750508077,81.47406870227461,85.39291027072467,105.84898418921287,126.30505810770106,130.22389967615112,134.78039990411483,105.12357926477395,14.488294722323301,153.73280496823952,56.17825979721527,79.13877299014439,84.23393409290107,105.7029801736163,126.24881512484352,130.174276142394,134.7368662381955,2,9.66179638182605,0.012176844291388988,28.58514437971774,13.02408624847202,0.9878231287002563,106.23544521643922,10.58520066619697,3.058404401169188,7.162428876189736,28.58514437971774,50.007859883245736,54.11188435826628,58.88369973517517,85.48883314156376,88.82433950863599,106.23544521643922,123.64655092424245,126.98205729131466,130.86030428254224,105.28990672472636,13.611576116666102,112.74761706713255,72.52708789900296,82.66459042509393,87.49018111207049,106.0719018880268,123.58368548289141,126.92659094865505,130.81173442674913,2,9.495468921873638
72,130,set,0.299,114.65400916969999,114.8021270538,114.7735609461,114.8415869407,114.80575831353333,0.9995031356811523,115.29195760003276,5.750921114133341,0.0004968129214830697,122.04731995102713,52.27102874564722,104.02035933840045,105.83253414713873,115.29195760003276,124.75138105292679,126.56355586166507,128.67060070767343,19.59798617470068,36.06912873426461,122.04731995102713,208.02551116778963,224.49665372735356,243.64791654739122,115.29530782563525,5.868341085465404,34.41408311532424,0.022660754454843494,104.00277825755956,105.82308528798421,115.29232798272136,124.76425355645122,126.5866079193856,128.71934379484384,2,-0.48954951210191666,0.9999550580978394,116.07524545314405,6.600009238819328,4.4961598177906126e-05,115.0570147689998,33.89476137169718,103.13946504742654,105.21919631875885,116.07524545314405,126.93129458752925,129.01102585886156,131.4291629145213,48.62450321589388,59.305093592109024,115.0570147689998,170.80893594589057,181.48952632210572,193.90802082716914,116.07520195808522,6.60375649674331,43.60981862782207,4.661381220910344e-05,103.13709958208688,105.21787203598885,116.07523722334116,126.93250286266291,129.01290163309605,131.4329493817483,2,-1.2694436445518846,0.9886115193367004,116.60365492542654,8.049110666045163,0.011388461105525494,121.18273216545327,18.046801058464126,100.8276879124008,103.36404605264836,116.60365492542654,129.8432637982047,132.37962193845226,135.32868641130017,85.81165205470425,91.49838598956688,121.18273216545327,150.86707834133966,156.55381227620228,163.1658694410493,116.65580128796584,8.245953974124799,67.75941760647443,0.23607318345625167,100.66119961222567,103.26367268478967,116.62681679516106,130.0837966957179,132.7713927694116,136.08295101846844,2,-1.8500429744325118,0.9980840682983398,112.97618091009988,4.809216582869136,0.0019160086521878839,126.75340399594411,32.16124762790645,103.5502896138236,105.06572357097242,112.97618091009988,120.88663824922735,122.40207220637618,124.16409168345946,63.71851694737321,73.85285918789774,126.75340399594411,179.65394880399046,189.788291044515,201.57165404162532,113.00258688231223,5.042625183558072,25.06606698769902,0.3629843804317221,103.51610717716245,105.04729169078232,112.98001566581091,120.93413758927926,122.48768938635234,124.35341890598491,2,1.8031714312211022,0.999943733215332,114.4251821155155,5.94176634866293,5.6303342717001215e-05,110.84666788622873,45.8613743703574,102.7795340675841,104.65184618641906,114.4251821155155,124.19851804461192,126.0708301634469,128.24779762877492,20.960025838819902,35.411419916167034,110.84666788622873,186.2819158562904,200.73330993363754,217.5361786533008,114.42498481636385,5.95157660314562,35.42102175372079,0.0007209667466455203,102.77589683326839,104.65023508654575,114.4251561623964,124.19968590203582,126.07412272956643,128.25354053485123,2,0.3807734971694856
73,131,set,0.299,114.8415869407,114.808572205,114.77055758750001,114.816626366,114.79858538616666,0.9995083808898926,115.46545587095082,5.748768850758546,0.0004916384932585061,122.11108393017886,52.415525688163605,104.19807596801834,106.00957257627498,115.46545587095082,124.92133916562666,126.7328357738833,128.83909206526516,19.37854135064414,35.895216393434865,122.11108393017886,208.32695146692282,224.84362650971354,244.04783068157133,115.468725355601,5.865514578082132,34.38281747120384,0.021702230559160405,104.1811947509872,105.99969394781951,115.46581519865121,124.9343258100545,126.7552152191937,128.88812817042052,2,-0.6701399694343309,0.9999558925628662,116.26835283710466,6.601105951771327,4.4133226765552536e-05,115.1302454139983,33.95885465108254,103.33042291349986,105.41049977044264,116.26835283710466,127.12620590376667,129.20628276070946,131.62482163432622,48.572113341646,59.27290017404729,115.1302454139983,170.98759065394927,181.6883774863506,194.13035473640608,116.26830560726967,6.604792272137893,43.62357242780904,5.716274748921758e-05,103.32808599229905,105.40915075174134,116.26834340112845,127.12725211294236,129.2084734973025,131.62855028445188,2,-1.4697202211030032,0.9887457489967346,116.79767289612013,8.055029479809606,0.011254267767071724,121.28296542960935,18.08144773826233,101.01010522128489,103.54832844105427,116.79767289612013,130.04701735118599,132.58524057095536,135.5364736018115,85.84397907427196,91.54163053679505,121.28296542960935,151.02430032242364,156.72195178494673,163.3467029350965,116.84815353727925,8.249628819975646,67.83274098847112,0.22386356338285548,100.84328152806756,103.44773552026555,116.82007519403263,130.28323638988962,132.96999972191614,136.27688156613027,2,-2.049568151112581,0.9981056451797485,113.15909430421945,4.804418105769104,0.001894371467642486,126.84891824457827,32.24026823005623,103.74260785023986,105.25652975755382,113.15909430421945,121.06165885088508,122.57558075819904,124.33584215057873,63.65915366175713,73.81839611248193,126.84891824457827,179.87944037667458,190.03868282739938,201.85099770007605,113.1850297998928,5.036062309579199,25.007782824784854,0.35435402842345076,103.70888390701973,105.23853940276217,113.1628507848203,121.10824320638643,122.6597666571303,124.52156253287072,2,1.6135555862738613,0.9999444484710693,114.60511176317036,5.9330434718221285,5.5492469982709736e-05,110.90590183955786,46.0560337606365,102.9765602396885,104.84612368968297,114.60511176317036,124.36409983665774,126.23366328665222,128.40743483043565,20.637734397949473,35.150467665375416,110.90590183955786,186.66133601374025,201.17406928116623,218.04825806536778,114.60489971641738,5.942919543585117,35.31675767917397,0.0007593254149859317,102.9729660204528,104.84418029492919,114.60508709267131,124.3661108419244,126.23675176941289,128.41275125621743,2,0.1936856697492857
74,132,set,1.076,114.816626366,119.6958576136,119.70716276179999,119.7128662959,119.7052955571,0.00307938689365983,104.37771656104337,10.594433958399897,0.9969205856323242,114.00371504171423,11.914759665784835,83.61300756599145,86.95142343907145,104.37771656104337,121.80400968301528,125.14242555609529,129.02405547683307,90.65121521232545,94.40567939119293,114.00371504171423,133.60175069223553,137.356214871103,141.72159085992035,113.97406973601457,11.922868363153873,141.86997625601126,0.2844568591824193,90.6058072582445,94.36189326954894,113.9744264904081,133.58498791357118,137.34111084896597,141.70815623829367,2,5.731225821085431,0.02729164995253086,108.07805183241078,10.647812810401078,0.9727084040641785,109.36579041819785,11.431580296461359,87.20872220990044,90.56395831212221,108.07805183241078,125.59214535269933,128.9473814549211,132.84856852707216,86.96030475075587,90.56251410577639,109.36579041819785,128.1690667306193,131.7712760856398,135.9596229377979,109.3306518150643,11.412805362885306,130.20875011718172,0.04402180599288899,86.96740434575433,90.56252013641712,109.32821760901497,128.1070984916591,131.70711044678052,135.89385671085955,2,10.374643742035701,0.00011409975559217855,97.7463858589154,11.14053186431877,0.9998859167098999,111.8194522746519,10.428619836846547,75.91134463622974,79.42184161572222,97.7463858589154,116.07093010210858,119.58142708160105,123.66313847715762,91.37973298597268,94.66589911191677,111.8194522746519,128.973005437387,132.2591715633311,136.08004986128,111.81784838237573,10.429777307098139,108.7578655325642,0.02259501494908633,91.37442887746005,94.66195002312232,111.81826863463588,128.97248629778207,132.25870245703672,136.0796582133983,2,7.887447174724272,0.003441479057073593,105.53139558997992,10.645003020364134,0.9965584874153137,115.0921038565032,10.364240209431939,84.66757305474611,88.02192376302459,105.53139558997992,123.04086741693524,126.39521812521372,130.29537573556235,94.77856631889473,98.04444575742278,115.0921038565032,132.13976195558362,135.40564139411168,139.2029320337638,115.05919702046968,10.38035204097947,107.43777147453689,0.31349316084415785,94.69866133141511,97.9785025578526,115.0638673281488,132.124625009739,135.39193911181752,139.1906093420633,2,4.646098536630319,0.050299618393182755,107.60058081105026,12.678666052536853,0.9497002959251404,114.45888527855735,9.813898625719691,82.75085197606741,86.7460309696285,107.60058081105026,128.455130652472,132.4503096460331,137.09556862804314,95.22399742421962,98.31645852950824,114.45888527855735,130.60131202760644,133.69377313289507,137.28942748255267,114.11390537398826,10.089684030951837,99.55370251625624,2.246905582816461,94.04831188617742,97.44035956447375,114.20003812557273,130.52762967535446,133.64924028012356,137.28201970112502,2,5.591390183111741
75,134,set,1.378,31.345122651897697,119.6443309046,119.6518895785,119.6573301242,119.65118353576668,0.00041302150930278003,31.503259876122932,6.196944321117338,0.9995869994163513,111.55786762297822,10.361280802549718,19.35747219253293,21.310193533516745,31.503259876122932,41.69632621872911,43.64904755971293,45.91950812310371,91.2501304162745,94.51507731504165,111.55786762297822,128.6006579309148,131.86560482968193,135.66181119032993,111.52480568248133,10.486813465777542,107.32766262197741,2.6458543127669993,91.17819565366375,94.47546978886416,111.55250162990204,128.59860991162807,131.86378874441414,135.66025089344723,2,8.126377853285348,0.0003566928789950907,34.02287054719183,6.412079027227429,0.9996433258056641,110.85632926873538,11.362417225218254,21.45542658780144,23.47593910295732,34.02287054719183,44.56980199142633,46.59031450658222,48.93959696036422,88.58640072999006,92.16681608489924,110.85632926873538,129.5458424525715,133.1262578074807,137.2892644245869,110.82892539245357,11.453290157910935,129.0731422886302,2.1049426572844756,88.51834485366665,92.12931907623518,110.85124763345395,129.54389047804383,133.12454921533825,137.28779701102837,2,8.822258143313107,8.737025927985087e-05,26.49392754127748,4.486889281687272,0.9999126195907593,113.89162696914751,11.643653226268773,17.69978614655163,19.11365143256448,26.49392754127748,33.87420364999048,35.28806893600333,36.9319928827873,91.0704859971871,94.7395217289541,113.89162696914751,133.0437322093409,136.7127679411079,140.97881489814665,113.88398985349247,11.671846960850605,135.56457283767296,0.6673069992830017,91.05343129639157,94.73012264274956,113.89035198415039,133.04324131945367,136.71239169789985,140.978468056659,2,5.767193682274211,0.00037042665644548833,34.990045377722126,7.262945015239976,0.9996294975280762,115.58132946446412,11.891642789384083,20.754934726157057,23.04356392705553,34.990045377722126,46.936526828388715,49.22515602928719,51.88618207320117,92.27413788025589,96.02131769193439,115.58132946446412,135.14134123699384,138.88852104867235,143.24542738640088,115.55146754170744,11.991010831647849,141.3783151862179,2.4050132794745678,92.2001090202011,95.98056442754441,115.57580769500215,135.13926955625791,138.8866731497803,143.24388400016625,2,4.099715994059238,0.0005420870729722083,35.60203411277993,14.420206131587248,0.9994578957557678,112.88957208517519,10.398816018092907,7.338949445225264,11.882905755850778,35.60203411277993,59.32116246970908,63.8651187803346,69.14844999022861,92.50826720785487,95.785041841814,112.88957208517519,129.99410232853637,133.2708769624955,137.08083562140746,112.84767357148232,10.555852560796495,108.18947678971678,3.2363278264755913,92.41333233867057,95.73280216174552,112.88250341298337,129.99140950096958,133.26857451909405,137.07876844910967,2,6.803509964284359
76,137,set,1.153,15.69870788645,105.001075211,105.00908013509999,104.667895049,104.89268346503333,0.0019838172011077404,18.70309635477846,5.98731322412929,0.9980161190032959,109.25733610212222,10.801443539180228,6.968178071324656,8.854842482374881,18.70309635477846,28.551350227182034,30.43801463823226,32.63166974494824,88.08689578428611,91.49054252039008,109.25733610212222,127.02412968385437,130.42777641995832,134.38525131606633,109.0776860735413,11.521578212073843,116.5108365078272,16.235168952827923,87.71645070735656,91.2896918013952,109.23042736797952,127.01378130329414,130.4186654753394,134.37727611464126,2,-4.185002608507972,0.001213011215440929,21.404718423674815,6.033512615167287,0.998786985874176,108.11574955046058,12.26417728020823,9.579250997678855,11.480473315359438,21.404718423674815,31.32896353199019,33.230185849670775,35.44076766896782,84.07840378123805,87.94297306953422,108.11574955046058,128.28852603138694,132.1530953196831,136.64649229313298,108.01056778254309,12.624623381109402,150.27175243212062,9.109329129380578,83.82477638298693,87.80444029349597,108.0970819101102,128.28136096739095,132.14679261559397,136.64098447467384,2,-3.1178843175097626,0.0009643060038797557,15.534283158771387,4.049554947715604,0.9990357160568237,111.71523590940905,11.6482176138549,7.5973013078328195,8.873358015482093,15.534283158771387,22.195208302060678,23.471265009709953,24.95495670220115,88.88514890216835,92.55562291973979,111.71523590940905,130.8748488990783,134.54532291664975,138.81304219176548,111.62249050372942,12.019885758001507,135.56595214867235,8.911976353843928,88.6945168540824,92.4512411460874,111.70114421211333,130.86940603945826,134.5405576309521,138.8088878175643,2,-6.729807038696094,0.00233227270655334,22.71416791703905,6.87326328855471,0.9976677298545837,111.01123209863444,12.739053988423818,9.242819415210482,11.408655867867427,22.71416791703905,34.01967996621067,36.185516418867614,38.70376935609126,86.04314508421243,90.0573529418449,111.01123209863444,131.96511125542398,135.97931911305645,140.64670326189568,110.8052995500899,13.422220866509068,162.015188205965,18.140856228554245,85.52611702377409,89.77798880266586,110.97390772595531,131.9507376651437,135.96664489644712,140.6356056652871,2,-5.91261608505657,0.002300814026966691,22.989583178525137,13.432617550052251,0.9976992011070251,109.84333302656569,11.05946244201976,-3.337863437677939,0.8948934818696834,22.989583178525137,45.08427287518058,49.31702979472821,54.23852445889288,88.16718495183356,91.65213611667589,109.84333302656569,128.03452993645547,131.5194811012978,135.57148996659288,109.64350036298876,11.822084739829448,122.44544273251124,17.31642679946245,87.72458772147324,91.41296465233353,109.81136757750134,128.02219306253443,131.50868419742991,135.5620139489347,2,-4.750816897955431
77,139,set,0.053,107.18231937600001,107.15526036419999,107.3183149221,107.2572968479,107.24362404473334,0.9999994039535522,110.43776003699006,4.5416511946696945,6.154257334856084e-07,121.39736719425234,98.51816545403963,101.53628726509415,102.96740859708912,110.43776003699006,117.908111476891,119.33923280888597,121.00322063834494,-71.69468891862353,-40.65059457343004,121.39736719425234,283.44532896193465,314.48942330712816,350.5848919526612,110.43776892201923,4.542289517152453,20.632556496520547,7.392058346984707e-05,101.53338375558334,102.96102657184358,110.43777221435494,117.91475005899537,119.34352478643217,121.01274580258952,2,-3.1941448772858934,0.9999998807907104,109.54937100322556,5.6000253669684925,8.716335742064985e-08,113.15620218912412,55.41696273411781,98.57352297145661,100.33814896734718,109.54937100322556,118.76059303910394,120.5252190349945,122.5769781102475,4.540951097654855,22.003410041275828,113.15620218912412,204.30899433697238,221.77145328059333,242.07533563143957,109.54936780699737,5.600083372023357,31.360548054389547,1.1339404947219196e-06,98.57248003371366,100.33670903582737,109.54936635313436,118.76223105233255,120.52726477809088,122.5770805817103,2,-2.3057437622640293,0.9999887943267822,115.0871099468732,6.552189833805891,1.1210149750695564e-05,120.83646867457199,23.9722609606668,102.24505385274416,104.309716734263,115.0871099468732,125.86450315948338,127.92916604100223,130.32978283705955,73.85170056366948,81.405608287192,120.83646867457199,160.26732906195195,167.82123678547447,176.60428699637146,115.08717491323674,6.5526684588041135,42.937152674185576,0.0003705487563310863,102.24479970112465,104.30952342909586,115.08712761235282,125.86493034437234,127.92984910574785,130.33088962673662,2,-7.843550868503399,0.9999918937683105,106.37371695279988,3.6374306942384527,8.095226803561673e-06,126.91019672283618,52.67830154763893,99.24448379583198,100.39067588259715,106.37371695279988,112.35675802300261,113.50295010976778,114.8356461153124,23.66262292272326,40.2621013605589,126.91019672283618,213.5582920851134,230.15777052294908,249.45825153626834,106.37388202963075,3.6409885635197132,13.253259084970855,0.0034141099927623205,99.24347389590086,100.38841898790474,106.3737183788889,112.35846589380355,113.5058974858358,114.83808250227221,2,0.8697420151025881,0.9999998807907104,108.54950381819663,4.406001332451794,7.255831491193021e-08,107.45598651020393,92.22872570838643,99.91389989075562,101.30227654616027,108.54950381819663,115.79673109023298,117.18510774563764,118.79939565096697,-73.30899421825691,-44.24676748034804,107.45598651020393,259.1587405007558,288.2209672386647,322.01208648740453,108.54949867491271,4.406133496993944,19.4134626184037,8.678942646324266e-08,99.90678445724548,101.29639654947687,108.54949716779215,115.802213248139,117.19233011230594,118.8001052293997,2,-1.3058746301793747
78,141,set,1.378,107.26379707400001,108.83474771339999,109.205952598,109.283992048,109.10823078646666,0.0004878101754002273,93.74887573931976,11.098019204157271,0.9995121955871582,113.11982739896942,10.498751480298564,71.99715779943763,75.49425859938458,93.74887573931976,112.00349287925494,115.50059367920188,119.56672912097545,92.54265261494766,95.85091794813818,113.11982739896942,130.38873684980064,133.69700218299118,137.54357558524512,113.11037870350226,10.507757918533825,110.23009664031936,0.18295356011800393,92.50474174808497,95.82478043606248,113.11392562580286,130.38627894403166,133.69487521273905,137.54171977640215,2,-4.0021479170356,0.0018265940016135573,97.79673156941683,11.755072676187204,0.9981733560562134,108.26460470998202,9.96428646306767,74.75721248843904,78.46135764291216,97.79673156941683,117.13210549592151,120.83625065039462,125.14311989886052,88.73496211072938,91.8748119812217,108.26460470998202,124.65439743874234,127.79424730923466,131.44500133967344,108.2454787487242,9.977896359237002,99.35804463797596,0.19978594108092956,88.67409633918568,91.82936586491122,108.25029600899451,124.64755973682911,127.78818535775932,131.43962420726325,2,0.8627520377424673,1.4353168808156624e-05,86.18827123181205,10.740656863662542,0.9999856948852539,111.45882843010409,10.517318286514653,65.13697060873054,68.52146283377549,86.18827123181205,103.8550796298486,107.23957185489357,111.17477549239557,90.84526337459086,94.15937930072741,111.45882843010409,128.75827755948075,132.07239348561734,135.9257694665483,111.4584710735802,10.517729139046503,110.6140574002184,0.009165817299493168,90.84359031881897,94.15828018840128,111.45864213550692,128.75823027505953,132.07236107049982,135.9257036729131,2,-2.350240287113536,0.0003590047999750823,95.84640082484422,11.8453338702249,0.999640941619873,115.70055905688014,9.648568432335761,72.62997305435096,76.36256044595368,95.84640082484422,115.33024120373477,119.06282859533748,123.40276809114589,96.78971242713195,99.83007627606318,115.70055905688014,131.5710418376971,134.61140568662833,138.146485716982,115.69342511952185,9.656811096911062,93.11181895722106,0.14146443555374347,96.75958694779405,99.81049107577253,115.69662408318631,131.56943524148735,134.61000520079338,138.14527515304897,2,-6.585194333055185,0.006633780896663666,98.13311605328926,14.894681952561896,0.9933661818504333,115.71574122939059,8.878328027176899,68.9400758650892,73.63354442132918,98.13311605328926,122.63268768524932,127.3261562414893,132.78332774814612,98.31453805319131,101.11219117262375,115.71574122939059,130.3192912861574,133.11694440558986,136.36982076045078,115.59909763563688,9.044956176817175,79.77351435327711,2.0372200710825425,97.81446066400139,100.80381925018392,115.65921605006291,130.29949517048533,133.10128382961233,136.3591317538492,2,-6.490866849170217
79,142,set,0.647,109.283992048,110.20074277500001,110.281500146,110.301558947,110.26126728933333,0.33661454916000366,106.02313533363761,7.979432884219495,0.6633853912353516,116.51698883089598,20.315489246728195,90.38373426351284,92.89813621301332,106.02313533363761,119.14813445426189,121.66253640376239,124.58607205989321,76.69936157899795,83.10098266012147,116.51698883089598,149.9329950016705,156.334616082794,163.77788405012168,112.98459812201149,17.883396465016194,295.2245263252852,24.590581915416173,80.31175368940238,86.74427190393581,110.7123989593013,145.70871469778922,152.64208543045214,160.56384902341605,2,-2.7233308326781582,0.8459377288818359,107.60239339407536,8.145906322110175,0.15406225621700287,110.62878567077806,17.136234369834796,91.63671038130228,94.2035698353455,107.60239339407536,121.00121695280521,123.56807640684843,126.55260524865221,77.04238347526442,82.44218841526481,110.62878567077806,138.8153829262913,144.21518786629167,150.4936280661088,108.06864461302129,10.127545375912744,101.37332907005836,1.1936722429574693,88.911779022175,92.57258463136779,107.84258021311614,124.27642512612634,129.1514808975016,136.7183642464296,2,2.192622676312041,0.021276824176311493,102.07507179173157,9.496289982124708,0.9787231683731079,113.31269711406576,11.930622630734801,83.46268544001863,86.4550647720508,102.07507179173157,117.69507881141233,120.68745814344452,124.16674580292272,89.92910644468702,93.6885692081123,113.31269711406576,132.9368250200192,136.6962877834445,141.0674757070592,113.07359529167779,11.994157093360666,141.22995119138946,2.6297579283958497,89.61168367800602,93.35590150594687,113.06791597805969,132.81367560804495,136.58698081627654,140.97130486437885,2,-2.812328002344458,0.3184146583080292,105.09921050944412,7.452522443870093,0.6815853118896484,117.68956110280197,15.400469930534221,90.4925349254823,92.84090193770714,105.09921050944412,117.3575190811811,119.70588609340592,122.43637025298295,87.50519469396282,92.35804228080566,117.68956110280197,143.02107992479827,147.8739275116411,153.51641158493015,113.68060541321739,14.619925357787668,179.33941691591886,34.402415407604224,88.74500543425228,92.59031501278903,111.83532834904399,140.0392203787417,145.26560561990985,151.24481314997814,2,-3.41933812388406,0.8189399242401123,106.68825308204109,9.35033409639933,0.1810600906610489,110.78395194086403,15.907819937006064,88.36193500968153,91.30832213037063,106.68825308204109,122.06818403371155,125.01457115440064,128.44038292877124,79.60519779178391,84.61791662058866,110.78395194086403,136.9499872611394,141.96270608994413,147.79107503194257,107.42982227851878,10.950108340772397,117.41772955805163,2.4873150933884913,86.68060906970399,90.24408425606573,107.155873444551,125.53221313283576,130.20053456651797,136.62533038826405,2,2.831445010814548
80,143,set,1.493,110.301558947,111.2640621084,111.2660676546,111.28262236159999,111.27091737486666,0.0003705938870552927,94.31080224842509,11.641610133080126,0.9996293783187866,113.43322386305425,10.634873458829679,71.4936656655315,75.16205759747322,94.31080224842509,113.45954689937695,117.12793883131869,121.39323723192835,92.58925490360716,95.9404136821283,113.43322386305425,130.9260340439802,134.27719282250135,138.17363912469602,113.42613405771722,10.641647560787742,113.10884148523732,0.13546373737775882,92.56112021578465,95.9210676646807,113.42877965957669,130.92420164278994,134.2755344313122,138.17221580106275,2,-2.155216682850565,0.0012376811355352402,99.26418504183684,12.852747041694435,0.9987623691558838,108.6478128235962,9.844979556683752,74.07326373771201,78.12329745401593,99.26418504183684,120.40507262965774,124.45510634596165,129.1641457978674,89.35200746396293,92.45426249252182,108.6478128235962,124.84136315467056,127.94361818322946,131.550660085263,108.63620434856051,9.854764110109512,97.0081231984843,0.10884599794075511,89.31121913481165,92.42488969469625,108.63964289441554,124.83824071406228,127.94113329194073,131.54888371150685,2,2.6347130263061445,8.412122951995116e-06,86.81761265744196,11.21957537431089,0.9999915361404419,111.95072566517786,10.745754574453134,64.82764900196011,68.36305341015125,86.81761265744196,105.27217190473264,108.8075763129238,112.91824797711106,90.88943371254317,94.27553227905824,111.95072566517786,129.62591905129747,133.01201761781255,136.94908897442156,111.95050845039047,10.746035782115012,115.47132295055525,0.005313669383323725,90.88846629102608,94.27491714109219,111.95061592191989,129.62591892988308,133.01203076959078,136.9490770462887,2,-0.6795910755238168,0.00021995860151946545,97.03738241155023,12.568583847914985,0.999779999256134,117.03569683194773,9.778906896546248,72.403410732965,76.36390168366356,97.03738241155023,117.71086313943688,121.67135409013545,126.27628072585131,97.86939150654673,100.95082635554286,117.03569683194773,133.12056730835258,136.20200215734872,139.7848361011714,117.03129309851619,9.78413283018846,95.64072878206427,0.08794926149431587,97.85090741860992,100.93887495256982,117.03330189156523,133.11960909873935,136.2011230388865,139.7840816801481,2,-5.760375723649531,0.005135292652994394,99.25837217684321,15.459036692955204,0.9948647618293762,116.67257889606523,9.033371883480362,68.95921702296782,73.83051960325994,99.25837217684321,124.68622475042648,129.55752733071859,135.2214693222189,98.96749534548697,101.81400438992111,116.67257889606523,131.53115340220936,134.37766244664348,137.6873443726201,116.58315820484097,9.162890800705304,82.41000442935344,1.5493039006722669,98.58686630308691,101.57855944822,116.62939951160345,131.51698794591266,134.36702654167502,137.68126407122145,2,-5.312240829974314
81,144,set,0.829,111.28262236159999,117.05469322009999,117.0483359296,117.0263373623,117.04312217066666,0.031071439385414124,105.15733056893947,9.138843884831426,0.9689286351203918,115.0817437848052,15.072322247722965,87.24552569433575,90.1252700588312,105.15733056893947,120.18939107904772,123.06913544354317,126.41746061160819,85.54053501588638,90.28997986905671,115.0817437848052,139.8735077005537,144.62295255372402,150.14520860265398,114.77338655539069,15.022502505631984,222.71130279593143,2.9652601955723656,85.61267974272539,90.28154502151884,114.65679215491667,139.64252740628604,144.41902952491265,149.96634415106047,2,2.2697356152759767,0.263976126909256,107.59370559486814,9.10702489182199,0.7360239028930664,109.93320049206318,13.825976701303064,89.74426480058726,92.61398267081739,107.59370559486814,122.57342851891887,125.44314638914902,128.77981359079524,82.83478410641926,87.19149256877827,109.93320049206318,132.67490841534809,137.03161687770708,142.09723199767777,109.31563296644235,12.792703637220502,162.59021242905257,1.0634100557033228,84.33568945996431,88.58831377187664,109.11058806762411,130.762251676902,135.25091994675574,140.49675656438998,2,7.727489204224312,0.0014094151556491852,99.71463339967774,10.242433484752734,0.9985905289649963,112.22708587516044,10.910622315769837,79.63983265551529,82.867329533473,99.71463339967774,116.56193726588248,119.78943414384017,123.54209676193699,90.84265908733255,94.28070918676875,112.22708587516044,130.17346256355214,133.61151266298833,137.60898890391417,112.20944436383004,10.919835362166241,119.02175165949524,0.22034910263838164,90.79843740854379,94.2437781762181,112.21207887234624,130.1662635512221,133.60507200128274,137.6033069776763,2,4.833677806836619,0.03721754997968674,105.10749742141039,8.839047520395475,0.9627824425697327,115.82735969118934,12.33136884527,87.78328262379718,90.56855804869147,105.10749742141039,119.6464367941293,122.43171221902358,125.67019682902836,91.65832087438086,95.54406292077059,115.82735969118934,136.1106564616081,139.9963985079978,144.51441338839666,115.4283918184074,12.386638525620679,149.31101797583153,4.117696719156092,91.36597935653646,95.16336889366266,115.37639350568861,135.88418171252877,139.79607158353372,144.33862734138754,2,1.614730352259258,0.27534452080726624,106.91428476240401,10.879386756869984,0.7246555089950562,112.2750405796177,12.018885831398459,85.59107854505682,89.01928599635859,106.91428476240401,124.80928352844941,128.2374909797512,132.22352301511657,88.71845721577796,92.50573262792628,112.2750405796177,132.0443485313091,135.83162394345743,140.23515008183108,110.79898918401918,11.958379615515042,137.26917738703943,5.734031507434145,87.60782201670669,91.28280841182014,110.70932810544906,130.6231874100042,134.47725181188204,138.96455668769912,2,6.244132986647486
82,145,set,0.229,117.0263373623,117.0368424957,116.6546842863,116.71170376789999,116.80107684996665,0.9999344348907471,118.26918105663421,5.325431208456256,6.558079621754587e-05,123.526003993154,66.31941768822357,107.83152768591432,109.50962621832437,118.26918105663421,127.02873589494405,128.7068344273541,130.65798662677716,-6.457666151432818,14.440269271369814,123.526003993154,232.61173871493816,253.5096741377408,277.80804033977944,118.26952765855242,5.352419319847471,28.64679984657034,0.0018121531647960181,107.8283576434921,109.5059004995632,118.26921845101103,127.03042849143269,128.71257494533538,130.66451139310132,2,-1.4684508085857715,0.9999943971633911,119.00443116435977,6.308017289920385,5.582527137448778e-06,116.45043009497884,40.47788538310214,106.64094446225985,108.62866604616163,119.00443116435977,129.3801962825579,131.3679178664597,133.67907377617894,37.115232573758334,49.87023351125728,116.45043009497884,183.0306266787004,195.78562761619932,210.61607270162733,119.0044144896624,6.308750269897458,39.80000592997886,3.641418863647327e-05,106.63974777882208,108.6284059183282,119.00442798152537,129.38093035298206,131.36868106242622,133.6806452102879,2,-2.2033376396957465,0.9985987544059753,120.95877937178267,7.740383822447211,0.0014012319734320045,123.65803906943776,20.388735640868298,105.78790585326965,108.22698096743386,120.95877937178267,133.69057777613148,136.1296528902957,138.96560482139284,83.6968515230277,90.12155330160078,123.65803906943776,157.19452483727474,163.6192266158478,171.08933088195243,120.96256001324535,7.7731895250379015,60.41208102191534,0.010195074536049838,105.75699442109459,108.20842335796543,120.96021240917739,133.71824491197734,136.17556733394184,139.05460492134304,2,-4.161483163278703,0.9996480941772461,115.68191207321587,4.336608108980186,0.0003518467128742486,129.2463270306876,38.90133331154073,107.18231636455036,108.54882649649264,115.68191207321587,122.81499764993909,124.18150778188138,125.77037112809019,53.00111478947949,65.25932783995168,129.2463270306876,193.2333262214235,205.4915392718957,219.74436107734454,115.68667783008681,4.404260678401575,19.332006352834135,0.0647146788766343,107.17443564169997,108.54424262614835,115.68243693586808,122.82344282513735,124.19634446941177,125.80157201592252,2,1.1143990198798406,0.9999932050704956,117.24089955666355,5.292580646671475,6.811641469539609e-06,111.43647037598083,61.61591077556977,106.86763210391375,108.5353790840528,117.24089955666355,125.9464200292743,127.61416700941335,129.55328329223744,-9.32849561876938,10.087316058866548,111.43647037598083,212.7856246930951,232.20143637073102,254.7765134158177,117.24086197829887,5.295005182373645,28.037080102175924,0.00022949216516711106,106.86467705269389,108.53300544274299,117.24089170281009,125.94811381684947,127.61663131613457,129.55611382487763,2,-0.4397851283322183
83,146,set,0.17,116.71170376789999,116.73821746569999,116.7557181988,116.6831326013,116.72568942193334,0.9999872446060181,118.5850458407311,5.009893219047733,1.2792049346899148e-05,123.93187941676302,78.68786573980019,108.7658355650061,110.34450480874085,118.5850458407311,126.82558687272135,128.40425611645608,130.23980028003442,-30.293503453568604,-5.4981419424178455,123.93187941676302,253.36190077594387,278.15726228709457,306.9872285933583,118.58511858446818,5.017745082731496,25.177915476294796,0.00036570249738578206,108.7628418287102,110.3410140651877,118.58506462550865,126.82706055551105,128.40562272190851,130.2413495733665,2,-1.8594291625348376,0.9999988079071045,119.03768189751543,6.0584155874004395,1.1368085779395187e-06,116.66411444832082,46.138857064614626,107.16340554283448,109.07247504500047,119.03768189751543,129.00288875003037,130.91195825219637,133.13166411932033,26.233616313834688,40.77244806219386,116.66411444832082,192.55578083444775,207.09461258280692,223.99914649126129,119.03767261830657,6.058676875987845,36.70677570603186,6.404613699377377e-06,107.16250521790121,109.07140515995842,119.0376799945379,129.00314229657013,130.9133119618626,133.13256277629552,2,-2.311983196373234,0.9997432827949524,122.20234304709848,7.40770897729363,0.00025675492361187935,124.45191034570988,22.14240542243741,107.68350024364892,110.01774606839606,122.20234304709848,134.3869400258009,136.72118585054804,139.43525107793877,81.05359318664814,88.03089447718375,124.45191034570988,160.872926214236,167.8502275047716,175.96284812634752,122.20292524387531,7.415300684671628,54.98594852801803,0.0012989883208650382,107.6767683851835,110.01372565256185,122.20253563180964,134.3922440820067,136.7300455878105,139.45246928091012,2,-5.477235821941974,0.9999079704284668,115.63457874398208,4.02052104722559,9.201625653076917e-05,130.1052680331248,44.494583684137346,107.75450229233465,109.02141011721832,115.63457874398208,122.24774737074581,123.51465519562949,124.98770933473179,42.897486505112056,56.91819068057565,130.1052680331248,203.2923453856739,217.31304956113752,233.61514819305,115.63590874296519,4.045332775178682,16.34527270900278,0.019266509200754272,107.75219616288402,109.01940778130282,115.63470204252742,122.25095517718195,123.5197837774066,124.99600946232088,2,1.089780678968154,0.9999986886978149,117.35772955259452,4.876620045472546,1.2940349733980838e-06,111.18142591329504,75.42888727634522,107.79972989718225,109.33640338353474,117.35772955259452,125.3790557216543,126.9157292080068,128.7024442278845,-36.65647654227317,-12.888052900115198,111.18142591329504,235.25090472670524,259.01932836886317,286.655257469887,117.35771953380085,4.877401100882018,23.788754317298626,4.9363138627814036e-05,107.79926051214258,109.33374828216142,117.35773298802718,125.3822650585164,126.91746645727834,128.70348221406047,2,-0.6320301118675076
84,148,set,1.378,116.7652204048,116.9853210328,117.018175614,117.00132164690001,117.0016060979,0.0006574903381988406,101.22706928401144,11.926123387325328,0.9993425011634827,113.72285916767252,10.82228323287843,77.85229696967295,81.61034197489859,101.22706928401144,120.84379659312428,124.6018415983499,128.97138107166447,92.51157380073909,95.92178734017632,113.72285916767252,131.5239309951687,134.93414453460593,138.8992547587471,113.71464234010277,10.82778968317388,117.13832335726462,0.1025961738537211,92.48629831152516,95.90256510917494,113.71656783734502,131.52089303452703,134.93143759724717,138.8968172415972,2,3.286963757797224,0.0033355625346302986,106.35563407475321,12.808510566396896,0.9966644644737244,108.96106038670581,10.109859358303936,81.25141466901457,85.28750901376901,106.35563407475321,127.4237591357374,131.45985348049186,136.15268540052028,89.14610015566487,92.3318215532303,108.96106038670581,125.59029922018132,128.77602061774675,132.48011021174807,108.95237276717188,10.121156339839366,102.41555916731149,0.022567094060093114,89.10884901322673,92.30340259707093,108.95424236801807,125.59573165469834,128.78473948581558,132.49367909744737,2,8.049233330728114,1.5464998796232976e-05,93.9663169788054,11.88324921277691,0.9999845027923584,111.98564867082428,10.565861436172,70.67557650244869,74.42011141120106,93.9663169788054,113.51252254640973,117.25705745516208,121.61088852164646,91.2769407902865,94.60635316567007,111.98564867082428,129.36494417597848,132.69435655136203,136.5655179602731,111.9853663949529,10.566139641801504,111.6378816573934,0.0050213504714753925,91.2758234871955,94.60557299222471,111.98547081638262,129.36491541881927,132.6943476555017,136.56551799333056,2,5.0162397029470895,0.0004640274855773896,103.73357953274248,12.529249650878079,0.9995360374450684,116.36583716018,9.717814544507346,79.1767014637104,83.1247978015152,103.73357953274248,124.34236126396976,128.29045760177456,132.88097282138966,97.31927064450609,100.38145466060533,116.36583716018,132.35021965975469,135.4124036758539,138.97285436611784,116.35998300114494,9.723069576620947,94.46494879860532,0.0740123311446545,97.29769946323766,100.36634381743787,116.3619547165978,132.34852102511616,135.41096488170498,138.97161627959616,2,0.6416230967550547,0.012206257320940495,105.95922245351068,14.628116276919549,0.9877937436103821,116.65566718145817,9.111224901540906,77.2886413890842,81.89811233995168,105.95922245351068,130.02033256706966,134.62980351793715,139.98930965554467,98.79799451939348,101.66903585618803,116.65566718145817,131.6422985067283,134.51333984352286,137.85154586106583,116.5251037333337,9.273216650209363,84.61304066119423,1.3795190261188057,98.23769842218584,101.30214928691595,116.58056582071742,131.63105871136824,134.51426954640164,137.87096448294028,2,0.4765023645663007
85,153,set,0.17,16.9965903140171,17.801376865295,17.2566603806405,17.255659856432903,17.437899034122804,0.999993085861206,15.92022303258453,6.350545699223492,6.942332674952922e-06,93.78626420149796,35.735512452439245,3.4733821799307485,5.474504906095692,15.92022303258453,26.365941159073365,28.36706388523831,30.693801518972307,23.745946825634405,35.00657693313374,93.78626420149796,152.56595146986214,163.82658157736148,176.91949762298998,15.92076405339928,6.354533982911012,40.33801737987401,0.04209190642037446,3.4727392830336967,5.474493918039894,15.920275388408394,26.366913755466165,28.367848817422793,30.696185422769695,2,1.5171349807235242,0.9999589920043945,16.141627328794883,6.865964277289317,4.0956903831101954e-05,84.72297109657197,30.973364326876858,2.6845846261692383,4.848121084776302,16.141627328794883,27.43513357281346,29.598670031420525,32.11424872850724,24.01629253585562,33.7763204446192,84.72297109657197,135.66962174852472,145.4296496572883,156.77779135029436,16.144435383591805,6.882693252972443,47.17882425693209,0.19262884087745674,2.6841853884090665,4.847806124643215,16.141970182659822,27.437856246087165,29.603264679022764,32.12453333176936,2,1.2934636505309989,0.9999693632125854,17.56232589500015,4.819611374265678,3.0616556614404544e-05,84.15391738501879,14.589052678770276,8.116061181959823,9.634770645542677,17.56232589500015,25.48988114445762,27.008590608040475,28.774418569226164,55.55989956607144,60.1570611725574,84.15391738501879,108.15077359748017,112.74793520396612,118.09312906854585,17.564364344931143,4.834276363555881,23.23445858955688,0.13576312833690912,8.115961431000299,9.634752847855665,17.562511081631214,25.49137152730925,27.011078082724794,28.77995979018888,2,-0.12646531080833867,0.9998775720596313,15.748397034157229,6.827564290697815,0.0001223709259647876,85.36714964533708,25.85223885793481,2.366616922257748,4.518053147358568,15.748397034157229,26.978740920955886,29.130177146056706,31.631686706699252,34.69769256405794,42.8440007950472,85.36714964533708,127.89029849562694,136.0366067266162,145.50845055168975,15.756915447493304,6.876391325089918,46.691712258530494,0.5930312416832687,2.3667271489885873,4.518344391982786,15.749437717433246,26.986657642955766,29.144081871101843,31.662561112415478,2,1.6809835866295,0.9999980926513672,16.78161517415203,7.273955096964352,1.9656090444186702e-06,84.66113137617674,24.068270591391542,2.5249251589403396,4.8170237506280635,16.78161517415203,28.746206597675993,31.03830518936372,33.70336514984359,37.48818784688476,45.07234919947689,84.66113137617674,124.24991355287656,131.8340749054687,140.65230149830015,16.781749576446817,7.274647815973786,52.91146047528022,0.009056778883838731,2.5248448294644836,4.8167828257804475,16.781632270103472,28.74641245639934,31.03877810254075,33.70420041105289,2,0.656149457675987
86,156,set,1.226,17.4657753765054,113.0695766855,113.09458914769999,113.1141490303,113.09277162116666,0.0012099065352231264,20.043809325975396,5.909983149157151,0.9987900853157043,110.14299910264833,10.669653290461481,8.460455204388767,10.322752107862168,20.043809325975396,29.76486654408862,31.627163447562022,33.792486060634324,89.23086292581455,92.59298118951804,110.14299910264833,127.69301701577861,131.0551352794821,134.96432435166625,110.03398660655594,11.115578894943324,113.74602232997137,9.809973175022431,89.01079991998026,92.47278868329526,110.1268001779864,127.68679780544554,131.04963030076024,134.95949295462592,2,3.05878501461072,0.0008042196277529001,22.876690467996255,6.014194145374437,0.9991957545280457,109.43288176144938,12.074275562434995,11.089086547030707,12.984221414786798,22.876690467996255,32.76915952120571,34.6642943889618,36.86779823215694,85.76773651966468,89.57246580976664,109.43288176144938,129.29329771313212,133.09802700323408,137.5218470467033,109.36326874530221,12.317492692718504,145.69996996506208,6.020347165075054,85.60337909070765,89.48235014600421,109.4207021913369,129.28862399207307,133.09394009791967,137.51823855939057,2,3.729502875864455,0.0004888903349637985,16.52525351053174,4.02782041642602,0.9995111227035522,112.85264177984376,11.717768686677628,8.630870558141616,9.90007848986421,16.52525351053174,23.150428531199267,24.41963646292186,25.895364973302705,89.8862371747844,93.57862745578367,112.85264177984376,132.12665610390385,135.81904638490312,140.1122480525986,112.80554972215758,11.907179411529242,137.24690859087528,4.534178863788332,89.78980152247048,93.52562269330554,112.84545820465425,132.12389826835354,135.8166232301656,140.11014551498687,2,0.2872218990090829,0.0013122058007866144,24.138311250036097,6.844384373935523,0.9986878037452698,112.68908837598129,12.613291365720627,10.723564380773743,12.880300788318266,24.138311250036097,35.39632171175393,37.55305811929845,40.06073028745935,87.96749157265882,91.94207032528001,112.68908837598129,133.43610642668256,137.41068517930375,142.03199192928315,112.57289260830885,13.008594244773127,158.94782612189033,10.275819077145341,87.68481896199015,91.78781147846802,112.66831699629354,133.42811979346584,137.40366426862508,142.02580077110048,2,0.5198790128578139,0.0013311051297932863,24.3725897536412,13.669005006892725,0.998668909072876,110.98623964264215,11.012593712463408,-2.4181677643662205,1.8890772912358607,24.3725897536412,46.85610221604654,51.16334727164862,56.1714504916797,89.40195258984161,92.87213493255372,110.98623964264215,129.10034435273056,132.57052669544268,136.60536361330693,110.87094934526563,11.460230294024777,121.36449521071798,9.972557765793775,89.15149215935817,92.73550220344242,110.96784260345329,129.0932323581864,132.56426215358908,136.59993740949227,2,2.221822275901033
87,157,set,0.829,113.1141490303,115.466961092,115.6305303914,115.6470853407,115.58152560803335,0.03476555645465851,106.70569167702196,9.166562374062106,0.9652343988418579,115.48814036182742,15.374280539779695,88.73955956182026,91.628038309369,106.70569167702196,121.78334504467492,124.67182379222366,128.0303045681841,85.35510421564419,90.19969925420133,115.48814036182742,140.7765814694535,145.62117650801065,151.2540652104514,115.18280848354348,15.285977231220688,231.07221502458796,2.5882918041445566,85.49285255537909,90.2718495830272,115.04592128701027,140.512506667613,145.38797338814695,151.04959682488982,2,0.3987171244898633,0.30279526114463806,109.36023812991084,9.174600163242944,0.6972047090530396,110.39886538417804,14.005943574201728,91.37835223739937,94.26936377557111,109.36023812991084,124.45111248425056,127.34212402242231,130.70354971484582,82.94772040924245,87.36113829727465,110.39886538417804,133.4365924710814,137.8500103591136,142.9815624419582,110.08437068334769,12.74690334534863,162.25544923412892,0.22773450004004353,84.87570030119166,89.25264813763282,109.98494491313762,131.27511416905983,135.77782063200425,141.08636347948288,2,5.49715492468566,0.0015354312490671873,101.39911863390155,10.363197902605496,0.9984645843505859,112.76480165839331,11.010057384794393,81.08762398013374,84.353174976985,101.39911863390155,118.44506229081809,121.71061328766935,125.50752204289235,91.18548571647705,94.6548688360704,112.76480165839331,130.8747344807162,134.34411760030957,138.37802524857742,112.7473521926023,11.018075133916831,121.20013741372436,0.19804054516492955,91.14583546902222,94.62084062781243,112.74938308029051,130.86693246319103,134.33713503519957,138.37179618975782,2,2.8341734154310387,0.041660673916339874,106.75165912615627,8.817151918339443,0.9583393931388855,116.43647921899415,12.52705622497408,89.4703589199927,92.2487348138935,106.75165912615627,121.25458343841903,124.03295933231982,127.26342174648036,91.88390018573666,95.83130535232051,116.43647921899415,137.04165308566778,140.98905825225165,145.5787698359527,116.03301089484238,12.544805576251784,153.6282489841752,3.744800770513539,91.70477324787585,95.5516302618146,115.9562170609315,136.78379960670583,140.76079580468215,145.37833620429194,2,-0.45148528680903155,0.3067200183868408,108.50170087819488,10.766534135065195,0.6932799816131592,112.602170295185,12.275790124534161,87.39968173514599,90.79232815643606,108.50170087819488,126.21107359995369,129.60372002124376,133.54840467409196,88.54206376932558,92.41029238514992,112.602170295185,132.7940482052201,136.66227682104443,141.1599285535666,111.34447424021111,11.983473525981273,140.02829290530107,3.575344842592676,88.13328405416927,91.82454272343774,111.23516199317493,131.24231895100434,135.15118508930536,139.71614228386818,2,4.237051367822232
88,159,set,0.893,11.8801304343281,120.2176950108,120.2652040172,120.2537064597,120.24553516256667,0.023074232041835785,15.240856606245941,6.383037610101646,0.976925790309906,105.11973593618023,11.888398466212765,2.730332778482092,4.741694042302587,15.240856606245941,25.740019170189292,27.75138043400979,30.090022580428638,81.81890310854199,85.56506060038583,105.11973593618023,124.67441127197462,128.42056876381847,132.7762864338047,103.04585216847036,17.919550325569332,139.01296466033526,182.09755655107742,70.84864460533214,82.3188886242104,104.76776000497307,124.53954849990869,128.30167535825439,132.67200869382424,2,17.199682994096307,0.009698107838630676,17.464108520969944,6.283175882513519,0.9903019070625305,102.35321881341662,13.412946872183433,5.149310082712773,7.12920388184356,17.464108520969944,27.799013160096322,29.77890695922711,32.08096137747995,76.06432601738791,80.29088450259829,102.35321881341662,124.41555312423495,128.64211160944532,133.5563992541433,101.52995659265687,15.740186229381676,178.54525239800907,69.20836374372598,73.40382618609675,78.97900438986757,102.18858635088405,124.35215785922362,128.5861976158757,133.50735032282108,2,18.715578569909795,0.01924523152410984,13.316202689455508,4.2499856825240885,0.9807547330856323,106.13305002466237,11.618883405869218,4.986383816897412,6.325598325063931,13.316202689455508,20.306807053847084,21.6460215620136,23.203147846699434,83.36045700858861,87.0216875133921,106.13305002466237,125.24441253593263,128.90564304073612,133.16261473463462,104.34676455228234,17.185883894413248,132.74798501742197,162.6062348769492,76.85335356954087,84.50801838865364,105.8472705304124,125.13475324879957,128.8089766545229,133.0778308395317,2,15.89877061028433,0.028302965685725212,18.727556203436357,7.14416856858023,0.9716970324516296,104.04674405492364,13.586244699481037,4.7252431095360325,6.976444621854455,18.727556203436357,30.478667785018256,32.72986929733668,35.347377564742374,77.41819375879258,81.69936018433202,104.04674405492364,126.39412792551524,130.67529435105467,135.65307552776,101.6319578150269,19.51929002848502,180.80627134813162,200.19639262861986,27.240927461776003,76.76741611038072,103.55065733191556,126.20449693556425,130.50810898486074,135.50649608326722,2,18.613577347539774,0.03651018440723419,19.201384877864918,12.393335990538239,0.963489830493927,104.60016316408016,11.570995277328763,-5.089107311894072,-1.1838387762001297,19.201384877864918,39.586608531929954,43.4918770676239,48.03259571172738,81.92142915523272,85.56756961472757,104.60016316408016,123.63275671343273,127.27889717292759,131.51832342803053,101.48223957936183,19.777583820423647,134.60743425781146,256.54554097784273,25.16254903859358,79.1756003165767,104.05041811720106,123.4233837388096,127.09434481177215,131.35657314285373,2,18.763295583204837
89,160,set,0.053,120.2537064597,120.9437872627,121.06316216249999,121.0841682692,121.0303725648,0.9999996423721313,123.01009647582825,4.379653734411112,3.6704273043142166e-07,126.11311262167597,118.5654940666026,114.42613289162611,115.80620714599057,123.01009647582825,130.2139858056659,131.5940600600304,133.19869462991056,-106.27098555806263,-68.90977032506864,126.11311262167597,321.1359955684205,358.49721080141455,401.9376976781188,123.01009877289083,4.380226118762587,19.186519778177367,3.534147759874782e-06,114.41684026319886,115.79881086330424,123.01001361616936,130.2233175773011,131.6048890109343,133.2076933176413,2,-1.979726208090824,1.0,123.34199674956272,5.596220159594895,2.9078529806270126e-08,118.71393681565377,63.08176642598659,112.37360678719973,114.1370337228341,123.34199674956272,132.54695977629135,134.3103867119257,136.3607516205008,-4.9240534604479365,14.953664515364082,118.71393681565377,222.4742091159434,242.35192709175544,265.4640700314885,123.34200020158947,5.596191028820483,31.31779578711911,6.22844094531487e-07,112.37173296535406,114.13644458780378,123.34200364876178,132.54904277171156,134.3121972889833,136.3618772672703,2,-2.311627636789467,0.9999940395355225,128.94061614770766,6.857129724717111,5.9761555348814e-06,128.2431639798421,27.478289049831094,115.50088884994307,117.66164144952997,128.94061614770766,140.21959084588534,142.38034344547225,144.89268530482556,74.3867070853918,83.04540057380649,128.2431639798421,173.4409273858777,182.09962087429238,192.1672232931964,128.94061400283962,6.857419497594865,47.02446013349925,2.9070249889256807e-06,115.50043066217971,117.6614446197023,128.9406149562562,140.21976971506376,142.38077905148188,144.89356020650803,2,-7.91024143803962,0.9999953508377075,119.50366177246244,3.3746476760623985,4.643272859539138e-06,133.85250997516243,61.934644766919675,112.88947386686834,113.95286030280784,119.50366177246244,125.05446324211702,126.11784967805653,127.35426621930706,12.462836836717713,31.97908489634355,133.85250997516243,235.7259350539813,255.24218311360713,277.9340391581607,119.50372769427105,3.377431750220192,11.4060051231397,0.0009559964323684117,112.88743861049875,113.9500638819107,119.50368533761842,125.0563366772742,126.12220394812212,127.3591287348067,2,1.5266448705289548,1.0,121.6090184765867,3.9880026491547307,3.183792784966499e-08,112.08284950935067,126.34980797195605,113.7926769139931,115.04933785483246,121.6090184765867,128.16869909834094,129.4253600391803,130.88649996111704,-135.55822356923505,-95.74409039794338,112.08284950935067,319.9097894166446,359.72392258793633,406.01645667037906,121.60902204507238,3.988007703730835,15.904673399068125,2.8892398383297344e-06,113.79044615293698,115.03677779602431,121.60889714612365,128.17275377441032,129.43908687751707,130.90346886448953,2,-0.5786494802723752
90,163,set,0.229,12.1171994922409,11.676612026349899,12.165706163888801,12.1341979192035,11.992172036480733,0.9999700784683228,11.08619868820196,6.525437769173904,2.9881201044190675e-05,93.35797345415983,30.888430637923218,-1.7034243227362893,0.35280870613013704,11.08619868820196,21.81958867027378,23.875821699140207,26.26663696970548,32.817761864866746,42.55102628853283,93.35797345415983,144.1649206197868,153.8981850434529,165.21520840115048,11.088656620530593,6.542998368066279,42.608573489416074,0.20224919611557707,-1.7036484704956774,0.3526948298178617,11.086440865895915,21.821704350672,23.87937908266783,26.274379467620985,2,0.9035154159501406,0.9998024106025696,11.908882303176455,6.933556729592026,0.00019759306451305747,85.22885929635453,28.25190406651458,-1.6806391715892417,0.5041963688332185,11.908882303176455,23.31356823751969,25.498403777942148,28.03874726060443,29.856144831305244,38.75861242426296,85.22885929635453,131.69910616844606,140.6015737614038,150.9526162590965,11.923369865791418,7.02028752882708,48.222422841276334,1.0620146674659137,-1.68033184452198,0.5048066329400629,11.910583878093632,23.326313610725755,25.521343308826133,28.08920021039259,2,0.06880217068931493,0.9999147653579712,12.709070416973653,4.706579069072538,8.525556040694937e-05,85.12317396572168,14.286013422903157,3.48434495120142,4.967436764675801,12.709070416973653,20.450704069271502,21.933795882745883,23.658210628315672,57.1231021741757,61.62477297238199,85.12317396572168,108.62157495906135,113.12324575726764,118.35741092061136,12.715244387806209,4.755462129271764,22.16739824794126,0.4470251970265014,3.4844702527321467,4.967495187857715,12.7095733741779,20.454431179481606,21.940657406730075,23.673351818437812,2,-0.7230723513254755,0.9996174573898315,11.741947129088622,7.104838666763762,0.000382526486646384,85.07508038247023,24.014706329041427,-2.1832807737359303,0.05552747915718115,11.741947129088622,23.42836677902006,25.66717503191317,28.27027345691766,38.00712087824293,45.57440357697195,85.07508038247023,124.57575718796849,132.14303988669752,140.94164139675087,11.769998805585265,7.261981418393921,50.680027580598185,2.056344306862568,-2.182424718338282,0.056592958691258854,11.745347080662304,23.453531283588305,25.71266510852265,28.372239529885487,2,0.2221732308954678,0.9999920129776001,12.607834934715235,7.71823050716486,8.028384399949573e-06,85.64591088354487,21.936877692708407,-2.519618883706208,-0.08752450864238881,12.607834934715235,25.303194378072856,27.735288753136675,30.563124066415366,42.65042067257627,49.56295804670259,85.64591088354487,121.72886372038714,128.64140109451347,136.67871966707102,12.608421833950054,7.721223401875494,59.574469838314315,0.0428275587677516,-2.5196961940036364,-0.08764047407770921,12.60791223992662,25.30395608743178,27.736418750948737,30.565520604021685,2,-0.6162497974693206
91,164,set,1.076,12.1341979192035,126.78494180310001,126.73792548769998,126.73541978690001,126.75276235923333,0.00404013367369771,15.48939524170732,6.0226707629100895,0.9959598183631897,108.15987291828657,11.097010543224265,3.6851774556611723,5.582983393400067,15.48939524170732,25.39580709001457,27.293613027753466,29.500222567051136,86.41013191750574,89.9069148779454,108.15987291828657,126.41283095862772,129.9096139190674,133.97537980372513,107.7854666131836,12.543882083581497,122.79266631499242,34.55575419042419,85.60367187912728,89.4788239939315,108.1034549408241,126.39105691939149,129.89046431204807,133.95856604061436,2,18.96729574604973,0.0021523847244679928,18.24851885835588,6.036937337597028,0.9978476762771606,106.6935047048974,12.648424837168545,6.416339099740581,8.318640582930641,18.24851885835588,28.178397133781115,30.080698616971176,32.292535199392496,81.90304756288515,85.88869723625763,106.6935047048974,127.49831217353717,131.48396184690966,136.11814093480982,106.50314357688308,13.285965918129323,159.716759233868,16.800823080393616,81.43088437359275,85.63316886373794,106.6593094672535,127.48513575801387,131.4723074975087,136.107949337441,2,20.249618782350254,0.0025200238451361656,12.924386954082308,4.006919157901532,0.9974799752235413,110.47020040522294,11.694900217192243,5.070969715631742,6.333591444306633,12.924386954082308,19.515182463857982,20.777804192532873,22.24587481852005,87.54861717673649,91.2338013661387,110.47020040522294,129.70659944430716,133.3917836337094,137.67660666260787,110.22438252644947,12.664302799582966,136.46648555355364,23.918068530948084,87.03397126708403,90.95625760650685,110.4331699821043,129.69230694060712,133.37921995138473,137.66558440384412,2,16.528379832783855,0.004987496417015791,19.601204040655446,6.8634637431239565,0.9950124621391296,109.1102820717047,13.107098542149442,6.149062294936019,8.311810809328074,19.601204040655446,30.890597271982813,33.05334578637487,35.568008328028256,83.42084098727435,87.55102349583983,109.1102820717047,130.66954064756956,134.79972315613506,139.60195290007786,108.66385134378379,14.523585326815091,171.17413964350294,39.759901739679606,82.22200271455159,86.92137982525547,109.0279403152746,130.63777690887184,134.77168826908817,139.57739296623694,2,18.08891101544954,0.004814294632524252,19.81594788170562,13.078470897925916,0.9951856732368469,108.44569120367504,11.324188331574225,-5.817384051084403,-1.6962224097271097,19.81594788170562,41.328118173138336,45.44927981449564,50.24102085080058,86.25068991964083,89.81905895420363,108.44569120367504,127.07232345314645,130.64069248770926,134.78969265407085,108.01899802168982,12.887165798905011,128.44333315618752,37.63533426876305,85.25442120735705,89.2947511002992,108.37703249521103,127.04590207272406,130.61734820987553,134.76927280014684,2,18.733764337543505
92,165,set,0.385,126.73541978690001,127.7435481843,127.7255351955,127.66751701740002,127.71220013240001,0.9979477524757385,125.20124877647416,6.142485221175839,0.0020523094572126865,125.18775605733626,49.52196739874625,113.16219896739996,115.09775968192726,125.20124877647416,135.30473787102105,137.24029858554835,139.49080621208387,28.126483512226883,43.7313683677359,125.18775605733626,206.6441437469366,222.2490286024456,240.39307963372943,125.2012288393219,6.533365000808108,42.685828681404544,3.7292337897836213e-07,113.07887992314089,115.05177924966591,125.2012437640627,135.35027426827753,137.32415586328423,139.67646641559065,2,2.5109712930781143,0.9998946189880371,127.75457406450609,7.108284149425624,0.00010540222865529358,119.06722156021209,32.19681778009896,113.82259313975493,116.06248709992168,127.75457406450609,139.44666102909048,141.68655498925725,144.29091578360058,55.96261829441926,66.10816905832064,119.06722156021209,172.0262740621035,182.17182482600492,193.96822015382565,127.75366110872052,7.116126062380778,50.63164253566804,0.007953877617856746,113.81693882882733,116.05904366736681,127.75437394073859,139.44866748766844,141.68980602678735,144.29685680074786,2,-0.041460976320507825,0.9564212560653687,126.61550451202147,8.929295112901784,0.04357881471514702,126.03595328171627,18.30368530723778,109.11440768340447,111.92812105944492,126.61550451202147,141.30288796459803,144.11660134063848,147.3881512146038,90.16138929517527,95.92907011752783,126.03595328171627,156.14283644590472,161.91051726825728,168.61669268332145,126.59025731824877,9.532603537242592,90.85766509979109,0.013999362824625855,108.03531207651804,111.25766806584645,126.6029033513124,141.89933831304464,145.07663375035858,149.1759930023208,2,1.1219428141512395,0.994936466217041,124.04270755800107,5.046264429852051,0.00506348954513669,131.17165672882703,31.503746737080824,114.1522110190255,115.74234120800271,124.04270755800107,132.3430739079994,133.93320409697662,135.7820740862353,69.42544774607737,79.35260464577901,131.17165672882703,182.99070881187504,192.9178657115767,204.4603309749561,124.07879943021611,5.5333534106430315,30.3612856791838,0.25603322235151377,114.03100888513592,115.67595667062253,124.0484651857514,132.45324913405136,134.13382218077604,136.23873020852457,2,3.6334007021839057,0.999816358089447,125.1319067377128,6.039501584198895,0.00018365179130341858,114.77090154514121,45.69511497761858,113.29470114811036,115.19781065196408,125.1319067377128,135.0660028234615,136.96911232731523,139.1818884083802,25.210121919591984,39.609125940240716,114.77090154514121,189.93267715004168,204.33168117069044,221.07363512737598,125.13000515694662,6.072224521980616,36.852353875575574,0.01971147779807808,113.28515313485924,115.19241109496423,125.13165684651607,135.06967062662295,136.9751998319769,139.1951183500792,2,2.5821949754533904
93,170,set,0.17,15.767232757624399,15.6736839316997,15.8367522241927,15.824257066955,15.778231074282466,0.9999935626983643,14.554955717880041,6.361368222988715,6.3845072872936726e-06,93.5123866289289,35.73055863153335,2.0869031084245933,4.0914361239232075,14.554955717880041,25.018475311836873,27.023008327335486,29.3537111594208,23.48177856362676,34.740847670849014,93.5123866289289,152.28392558700875,163.54299469423103,176.63409573968812,14.555459053753674,6.365116637415633,40.47489609705237,0.039802525768916526,2.086208211443232,4.091401435246002,14.5550050301167,25.01910242623489,27.024223970607093,29.355367621693233,2,1.222772020528792,0.9999607801437378,14.896013401589698,6.882898899738723,3.9256952732102945e-05,84.49701959365723,31.100202186429854,1.405779448871435,3.574652182414159,14.896013401589698,26.217374620765234,28.38624735430796,30.908030624234918,23.541743396340856,33.34173922838396,84.49701959365723,135.65229995893048,145.45229579097358,156.84690883229862,14.8987462775894,6.899316358918719,47.4104094618442,0.19016499300064627,1.4054393332120698,3.5743346922630193,14.896342643910211,26.219924904098804,28.390953792976344,30.9182539872038,2,0.8794847966930668,0.9999735355377197,16.316929592297186,4.785152252426627,2.6428997443872504e-05,83.95642601273047,14.657386772468724,6.938203517000277,8.446054554378238,16.316929592297186,24.187804630216128,25.695655667594092,27.44885836169161,55.228475831217985,59.847170218404756,83.95642601273047,108.0656818070562,112.68437619424296,118.05460656985744,16.318716657697948,4.798299248373957,22.90275408309815,0.12091214954379254,6.938106713295859,8.446109997625278,16.31708836275146,24.189030350574704,25.69788714385554,27.453648429542564,2,-0.5404855834154816,0.9998865127563477,14.522770199393179,6.852797994904743,0.00011351200373610482,85.00884808330643,25.99274983588414,1.091532936051582,3.2509205627083304,14.522770199393179,25.79461983607802,27.954007462734772,30.464762246071164,34.063994545814104,42.254579241310104,85.00884808330643,127.76311692530274,135.95370162079874,145.4770264044909,14.530771574914288,6.898992188456124,47.03220222813677,0.563896216168231,1.0916122358979077,3.2509828297755266,14.523738576927288,25.802013702781313,27.9670201644902,30.49362421557752,2,1.247459499368178,0.9999982118606567,15.516775840263499,7.2658392779455445,1.8070793430524645e-06,84.46651207462173,24.13613507432203,1.2759925380337176,3.5655337510882994,15.516775840263499,27.468017929438695,29.757559142493278,32.419645597634556,37.16055660295656,44.766102757032485,84.46651207462173,124.16692139221097,131.7724675462869,140.61555859233334,15.516900731795287,7.266496069713356,52.793378732254304,0.008590959168737021,1.2757239131356142,3.565305773963277,15.516792221290208,27.468222715022538,29.758054321492402,32.420460471578295,2,0.2613303424871791
94,171,set,0.893,15.824257066955,127.3837642259,127.3561362797,127.3643925839,127.3680976965,0.017997516319155693,19.16829449960565,6.50214765221546,0.9820024967193604,105.2467370141099,11.67664338271781,6.424319279101677,8.473213350885047,19.16829449960565,29.863375648326247,31.91226972010962,34.29455186703673,82.36093652366503,86.04036779542758,105.2467370141099,124.4531062327922,128.13253750455476,132.41067152342853,103.69754021248887,16.297345106311205,134.65104671627637,130.95255100343633,76.63181435525775,83.7145568129641,104.97850118874439,124.35016075435918,128.04171787209089,132.33106501430748,2,23.670557484011127,0.008303962647914886,21.003690872200885,6.353555217010832,0.9916960597038269,102.24545459609148,13.12460299717704,8.550951473073084,10.553022529464165,21.003690872200885,31.454359214937597,33.456430271328685,35.784270543895126,76.52170541023803,80.65740375388665,102.24545459609148,123.8335054382963,127.96920378194493,132.77784687620434,101.57082831004156,15.017079582416379,171.1600184783427,54.35289130100503,74.36899612462352,79.57356746641845,102.10771389513883,123.78044600862926,127.92238366094246,132.73675764515846,2,25.79726938645844,0.013039364479482174,16.77403267833769,4.418094167661744,0.9869606494903564,105.89368025309733,11.41070194577921,8.114727229414203,9.506914462446122,16.77403267833769,24.041150894229254,25.433338127261173,27.052056652589826,83.52911540104895,87.12474577152017,105.89368025309733,124.66261473467449,128.2582451051457,132.4389424659745,104.73161816540467,15.197796385096378,128.76086435746373,102.21230383651938,80.18135303023269,85.57015227732217,105.70472889321424,124.58994526800237,128.19416596662035,132.38273067427525,2,22.636479531095333,0.022580737248063087,22.22263434396242,7.2638334100007,0.9774192571640015,104.1154847628236,13.169848849277658,7.985782470662276,10.274691613951482,22.22263434396242,34.17057707397335,36.45948621726256,39.12083775470438,78.3030553364031,82.45301111668655,104.1154847628236,125.77795840896063,129.9279141892441,134.75313463477988,102.26628324322976,17.85319823958174,170.7198372745282,148.01679166645806,67.10488958784912,78.95818050234897,103.73410351291831,125.63184239188519,129.79906197541422,134.6401281706388,2,25.101814453270237,0.03059644065797329,22.904454772911613,12.552916315494977,0.9694036245346069,104.74832822485115,11.200748707258263,-1.6988091064037825,2.256744842551381,22.904454772911613,43.55216470327184,47.507718652227,52.10690495647594,82.79526415874138,86.32473608914538,104.74832822485115,123.17192036055692,126.70139229096091,130.80516616764712,102.244203836374,18.030971940231225,126.43950491419062,198.67712571044606,34.256411841261375,81.7484748806939,104.30513896677539,123.00270869985914,126.55219442008408,130.67434903659966,2,25.123893860126003
95,172,set,0.893,127.3643925839,129.1538459948,129.1539127177,130.3200386477,129.54259912006668,0.04172186180949211,117.65467245891907,9.829440165006831,0.9582781791687012,118.01729214923068,16.521493830215963,98.38932374731422,101.4866821526051,117.65467245891907,133.82266276523302,136.9200211705239,140.52136968979437,85.63575927120668,90.84185309994358,118.01729214923068,145.19273119851778,150.39882502725467,156.45203419713246,118.0021678167575,16.29745824691438,265.60245866851824,0.0052572427254911885,85.930503027184,91.16090224592476,117.9925689016162,144.86893732612592,150.10237192768184,156.18830265275517,2,11.540431303309177,0.47035282850265503,122.42583195696172,10.150920949827247,0.5296472311019897,113.68456584572192,14.609917427921037,102.53039248538718,105.72905281574069,122.42583195696172,139.12261109818274,142.32127142853625,146.04040532814895,85.04965386989262,89.65339017494446,113.68456584572192,137.71574151649935,142.3194778215512,147.67231619407823,117.79605186196613,13.437008611648247,161.51875388377732,19.035273614408858,89.17793598645956,94.26954382527262,118.57768549562387,138.5373135167507,142.32050610958748,146.820292253212,2,11.746547258100549,0.0014742898056283593,113.11426365676124,11.56388525576267,0.9985257983207703,116.52719427465819,11.58784256362925,90.44946503411265,94.09336505216935,113.11426365676124,132.13516226135312,135.77906227940983,140.01588353715695,93.81544019142456,97.46688940532997,116.52719427465819,135.5874991439864,139.23894835789181,143.48454718727706,116.52217289496288,11.588496029063332,134.2772893935344,0.017147350924864396,93.80881097968253,97.46055799346087,116.52222288475305,135.583531599452,139.23515575334778,143.48091454792146,2,13.020426225103805,0.0512721985578537,118.85603988864568,9.169281248599765,0.9487278461456299,120.4845354927117,13.366068836316131,100.88457887727168,103.77391437034822,118.85603988864568,133.93816540694314,136.8275009000197,140.18697782780828,94.28752195864888,98.49930868921406,120.4845354927117,142.46976229620932,146.68154902677452,151.57866131435927,120.4010443288279,13.188291578099422,173.80268069800803,0.12900209105325353,94.5421708981826,98.74658275401579,120.36610775949458,142.16400666196347,146.3951754983749,151.31898289362053,2,9.14155479123879,0.44187524914741516,120.20962993071765,10.409597737263963,0.5581247210502625,115.59099084697077,13.473041301340425,99.80719327213063,103.08736533747317,120.20962993071765,137.33189452396212,140.61206658930467,144.425975496422,89.18431513412287,93.42980999639397,115.59099084697077,137.75217169754754,141.99766655981867,146.93397183520852,117.63184969794344,12.427999264578098,149.19386600868773,5.260887329419564,92.2943693288155,96.67615163752944,117.92501561821379,137.5426144516967,141.3367286202856,145.82152678947676,2,11.910749422123246
96,173,set,0.952,130.3200386477,126.4728714426,125.7253725368,125.82554137689999,126.00792845209999,0.026455406099557877,119.10808915094557,10.337972072969372,0.9735445380210876,117.9195214781261,15.740697204959075,98.84603621474471,102.10363829139887,119.10808915094557,136.11254001049227,139.37014208714643,143.15780850479146,87.06832186485602,92.02837858980425,117.9195214781261,143.81066436644792,148.77072109139618,154.53785895680323,117.9509589293206,15.62303552255395,244.04207687914203,0.036384642302727754,87.24184148912053,92.21462645878414,117.96665467548976,143.64142226390308,148.60537212815697,154.38439072623345,2,8.056969522779383,0.3680958151817322,124.52491191228498,10.723160999075821,0.6319041848182678,113.87158547058083,14.066543407630332,103.50790255367181,106.88688165057053,124.52491191228498,142.16294217399943,145.54192127089814,149.47071470548266,86.30166700465604,90.73418052786974,113.87158547058083,137.00899041329188,141.4415039365056,146.59525882202485,117.79303035153703,13.919699233224524,167.35932425783406,26.39870248559847,89.12744098563465,93.90392015016985,118.39148965190867,139.68296732261646,143.55224798539285,148.03721056178986,2,8.214898100562962,0.0008457537041977048,114.41349911592239,12.031815876658907,0.9991542100906372,116.64251807995535,11.482142199724866,90.83157332905371,94.62292313238767,114.41349911592239,134.2040750994571,137.99542490279106,142.40368840143867,94.1379329031271,97.75607483756534,116.64251807995535,135.52896132234537,139.1471032567836,143.3539751757199,116.64062865584816,11.482822268883558,131.85051609126495,0.004198594916285943,94.13442675571586,97.75294338569252,116.64072965918311,135.5280252213585,139.14630869190836,143.3533106505801,2,9.367299796251828,0.03222300857305527,120.76004811252773,9.68569345432706,0.9677770137786865,120.54692500132307,12.887104509983105,101.77643777675134,104.82850010463773,120.76004811252773,136.69159612041773,139.7436584483041,143.29234048861278,95.28866429675249,99.34952440717468,120.54692500132307,141.74432559547145,145.80518570589368,150.5268131806644,120.55379516359628,12.796482663016079,163.74887693359017,0.0014164540058332847,95.43767076662796,99.49755042607964,120.55596506024689,141.60294459500534,145.6605162588416,150.3855361035098,2,5.454133288503712,0.36730965971946716,122.10840371262515,10.729000351262151,0.6326903700828552,116.35855246631607,12.922305273217894,101.07994943403374,104.46076857128797,122.10840371262515,139.7560388539623,143.13685799121654,147.06779087036728,91.03129953357697,95.10325176908947,116.35855246631607,137.61385316354267,141.68580539905517,146.42032986637327,118.4705318387905,12.474560165657705,147.93196441140987,7.683105198754165,93.33329837003602,97.53807376644725,118.70914802872815,138.57476684072347,142.32641573032186,146.69707434103162,2,7.5373966133094825
97,175,set,1.493,14.9199841251369,108.5530347249,108.5090166652,108.611549057,108.5578668157,0.0004237857647240162,15.79979077844569,5.403697641484018,0.9995762705802917,112.34848598563812,10.79162180177721,5.208738017792978,6.9114991139015824,15.79979077844569,24.688082442989796,26.390843539098398,28.37067129867154,91.19729591937754,94.59784772429629,112.34848598563812,130.09912424697995,133.4996760518987,137.45355242165533,112.30757635328385,10.971332029328687,116.42212848763707,3.9487086893525265,91.12043198210883,94.55552752336347,112.34275096536001,130.09692260807475,133.4977783334928,137.45184238120146,2,-3.749709537583854,0.0003096599248237908,20.023722011724033,5.836361997033776,0.9996904134750366,114.11246715974026,12.163654804542626,8.584662696799564,10.423760812701286,20.023722011724033,29.623683210746776,31.462781326648496,33.601130335656315,90.27214182245912,94.10503543750261,114.11246715974026,134.1198988819779,137.9527924970214,142.40935965485465,114.08334002183013,12.274313065047728,147.91924146872094,2.740475049885356,90.20892095255421,94.07019369270675,114.10774386032028,134.1181199397988,137.95122784890265,142.40791302635247,2,-5.52547320613013,0.00011526219168445095,12.157713013627664,3.6357211965038743,0.9998847246170044,116.51559145251328,12.496849371369281,5.031830410651196,6.1774838169739175,12.157713013627664,18.13794221028141,19.28359561660413,20.615665289719672,92.02221676440746,95.96010343855028,116.51559145251328,137.07107946647625,141.0089661406191,145.58761041980682,116.50356139773145,12.5463169918111,156.1547651003672,1.255125911922658,91.99812882553366,95.94678442470308,116.51378616708017,137.07042855383895,141.00839731526673,145.58710347892674,2,-7.94569458203145,0.00029485198319889605,21.05117596589018,6.5675767451572415,0.9997051358222961,118.00613603001139,13.185965948103577,8.178962079679192,10.248473536336142,21.05117596589018,31.853878395444212,33.92338985210117,36.329644164586796,92.16211767035682,96.3171521154146,118.00613603001139,139.69511994460817,143.85015438966596,148.68127988055707,117.97754722872911,13.289175556399933,173.83114790857462,2.7708693285683696,92.0968747309712,96.28124466407445,118.00126199310833,139.69327078802084,143.84851838185372,148.67991234711732,2,-9.419680413029113,0.00030543949105776846,20.596853319213622,14.086328624710848,0.9996945858001709,114.0856134415579,11.76952322948293,-7.011843459615278,-2.573095409572371,20.596853319213622,43.766802047999604,48.205550098042515,53.366553968350345,91.0177717965638,94.72647047005329,114.0856134415579,133.4447564130625,137.153455086552,141.4656187849398,114.05706116761185,11.88311488270841,138.53997728755206,2.6687710420235695,90.95742562466266,94.69320862665506,114.08110621218637,133.44305518354315,137.1520047345911,141.4643915586762,2,-5.499194351911854
98,176,set,0.385,108.611549057,108.5140091585,108.55408348979999,108.53052062740001,108.5328710919,0.9935850501060486,108.73456768601582,6.328342988906096,0.006414996460080147,119.18585554872728,37.743430649172836,96.3312433459433,98.32536976812071,108.73456768601582,119.14376560391094,121.13789202608832,123.45649494445878,45.210090823363274,57.10343675184395,119.18585554872728,181.26827434561056,193.16162027409126,206.99020519843842,108.80161772400626,7.044520497215585,48.9296089744871,0.6962113013478779,96.15385332056188,98.22867249970763,108.74572606619031,119.32641827771786,121.46975523112488,124.22823462340766,2,-0.26874663210625727,0.9992867112159729,109.25694666880246,6.937252050909401,0.0007133003091439605,112.21074399313157,26.76430314675708,95.6601824973434,97.84618247178759,109.25694666880246,120.66771086581733,122.85371084026151,125.395408229121,59.75367375417565,68.18738288935947,112.21074399313157,156.23410509690365,164.6678142320875,174.4738237187745,109.25905487254613,6.9719564727538925,48.60209559158559,0.006219047944650155,95.63948897269391,97.83434462728648,109.25749224369065,120.6837049839661,122.88131674863226,125.45194102246663,2,-0.7261837806461244,0.8614203929901123,108.09278443851531,8.292792838930591,0.1385796070098877,116.6561482461473,15.254463933903727,91.83920914295967,94.45235405984313,108.09278443851531,121.73321481718749,124.34635973407094,127.3847054292226,86.7579483322308,91.56478791726532,116.6561482461473,141.74750857502926,146.5543481600638,152.1433379884169,109.27949202965965,10.012065741378036,91.48752648030886,8.753933929367953,91.27607047021553,94.18202794317618,108.75481038620525,126.101053507047,131.48450824190024,138.99324428305246,2,-0.7466209377596442,0.982928991317749,106.57646281142479,5.530501497208542,0.017070965841412544,122.1325485784509,24.72563117168284,95.7368790604512,97.47959736488077,106.57646281142479,115.6733282579688,117.41604656239838,119.44233321183557,73.67120198693162,81.46250446704398,122.1325485784509,162.8025926898578,170.59389516997015,179.6529680890132,106.84201565435475,6.675459468373272,40.50075699013965,4.060513086316899,95.53903867391213,97.37686341895272,106.63295408118371,116.22420550844899,118.47426607193223,122.79973376731043,2,1.6908554375452525,0.999157190322876,108.04034552392012,6.968353742105583,0.0008428242290392518,109.31695662529083,30.645899584115345,94.38262315785826,96.5784235973369,108.04034552392012,119.50226745050335,121.69806788998198,124.25116043743199,49.25209716659372,58.90893754316807,109.31695662529083,159.72497570741356,169.38181608398793,180.60997997086665,108.04142305488136,7.02209281703989,49.30858497166474,0.0013724232221666167,94.35306898679633,96.56190352332446,108.04058960677749,119.52086438422474,121.73044909498135,124.31897071655685,2,0.4914480370186425
99,178,set,0.952,9.87759682020403,101.19261569140001,101.2927589655,101.2083774222,101.23125069303335,0.013892733491957188,13.318745459955181,6.205566976147905,0.9861072301864624,106.11978065698727,11.667629862627326,1.156057683054156,3.111496111948016,13.318745459955181,23.52599480796234,25.481433236856205,27.755053002134908,83.2516463412937,86.9282373595174,106.11978065698727,125.31132395445714,128.98791497268084,133.26274658300576,104.83051675277902,15.898433414373036,134.77731015697304,117.98247572055077,79.5017094320835,85.21857118457032,105.9137514879984,125.23211215569832,128.9180545528651,133.20152398380876,2,-3.5992660597456734,0.0060566384345293045,15.91328768331627,6.1610770828444865,0.9939433932304382,103.88967929740379,13.252531842721451,3.837798494965975,5.779217697671916,15.91328768331627,26.047357668960622,27.988776871666563,30.246096256793287,77.9151941816995,82.09120422961352,103.88967929740379,125.68815436519404,129.86416441310806,134.71967857537737,103.35684139228603,14.87914552645774,174.7957839725271,46.59352589032422,76.40936424065347,81.31023091468188,103.7884663260438,125.64914002754557,129.82972191857922,134.68947586235555,2,-2.125590699252683,0.011482748202979565,11.422795069616022,4.08681956437116,0.9885172843933105,107.7841499421568,11.725732025370863,3.412775912134874,4.700575086463882,11.422795069616022,18.14501505276816,19.432814227097168,20.930159074779382,84.802137480062,88.4970370915645,107.7841499421568,127.0712627927491,130.7661624042516,135.0622817109509,106.67766028102088,15.540407660231487,136.10578684929652,105.39885434668243,81.91122956317183,87.11363484351371,107.61343214502618,127.00558105075334,130.7082349238634,135.0114861721025,2,-5.446409587987532,0.01738610491156578,17.244204688432824,6.988250634917503,0.9826138615608215,105.7285633889952,13.597121629371816,3.5474851290553477,5.749555285542835,17.244204688432824,28.738854091322807,30.940924247810294,33.50130669623771,79.07869470201585,83.36328856082264,105.7285633889952,128.09383821716773,132.37843207597453,137.36019838455906,104.19016150076828,17.784102013504786,182.51639916524283,133.75752129949498,72.81606139539255,80.7664310224035,105.42701144073582,127.97807724232175,132.27630077582714,137.27070225010078,2,-2.958910807734938,0.019211530685424805,17.52750597464425,12.555055335273419,0.9807884097099304,105.87001358848045,11.634913168546216,-7.0799503063991125,-3.1237223301566743,17.52750597464425,38.178734279445166,42.134962255687604,46.73493226232269,83.06600281487906,86.73228446393175,105.87001358848045,125.00774271302913,128.67402436208184,132.93686910277773,104.17281248228531,16.818246974993553,135.79881065589322,147.05397382788064,76.57375808610675,84.22059099082054,105.58435064724205,124.8981585944041,128.57743523517001,132.85220287619038,2,-2.9415617892519634
100,179,set,0.494,101.2083774222,101.4041534532,101.09833228190001,101.2166238182,101.23970318443334,0.8829065561294556,100.7282796518738,7.053848673196538,0.1170935109257698,115.82262922174625,25.868864224512635,86.90299030001295,89.12573107779964,100.7282796518738,112.33082822594795,114.55356900373467,117.13798551657038,65.12058702074481,73.27213407694146,115.82262922174625,158.37312436655105,166.5246714227477,176.00260651429238,102.49573679250855,12.076558963894438,122.28934752933385,23.554633319443038,84.99131116793346,88.18686637228498,101.22973042077089,121.41903247577574,136.37090657150344,151.25321497499934,2,-1.2560336080752137,0.9817850589752197,100.96606019187655,7.334771839025109,0.018214914947748184,109.0380364639268,20.490011211850813,86.59017155256872,88.90143412959458,100.96606019187655,113.03068625415852,115.34194883118438,118.02929106616725,68.87835244587728,75.33496720583764,109.0380364639268,142.74110572201593,149.19772048197632,156.70493048568892,101.113087920237,7.850590353058495,60.46629462406254,1.1652076596387342,86.32755438675191,88.75232415814007,101.01799599308805,113.53806362447554,116.22749110654607,120.01918301813247,2,0.12661526419633162,0.23830227553844452,97.90365106005572,8.508110807779397,0.7616977691650391,111.78480989007411,12.786642167403642,81.22806030033212,83.90905413937476,97.90365106005572,111.89824798073668,114.57924181977933,117.69647654983723,86.7234517587618,90.7526551444896,111.78480989007411,132.81696463565862,136.84616802138643,141.53098771233454,108.47690315094057,13.295160154971796,141.78644094158062,34.975368641321204,84.27785559331122,87.68299988125806,107.91306314688202,131.08203918056546,135.323490661818,140.2017449029613,2,-7.237199966507234,0.8072289824485779,98.78016524104753,6.512000172031624,0.1927710622549057,116.74970387426143,18.31974943167829,86.0168794365469,88.0688781393727,98.78016524104753,109.49145234272235,111.54345104554815,113.92934299700688,80.84365478237385,86.61639757672322,116.74970387426143,146.88301017179964,152.655752966149,159.36781401760712,102.24417670742024,12.21371294673454,98.92798705889915,50.24726421081436,85.47140578143953,87.94707838711649,100.03232302040955,128.5715216145824,137.4119928569933,146.554803810252,2,-1.004473522986899,0.9811862707138062,100.4185083538392,8.369942156709271,0.018813669681549072,107.95477327886127,19.872199589618354,84.01372317400552,86.65117864000192,100.4185083538392,114.18583806767647,116.82329353367288,119.88990549594462,69.00597778961765,75.26791370837395,107.95477327886127,140.64163284934858,146.9035687681049,154.1844225466852,100.5602871673617,8.78729454159053,76.1675177396442,1.0484248767221163,83.76847179540987,86.50863794918351,100.47750153833637,114.70526860167458,117.69619431659538,121.69982938381726,2,0.6794160170716452
101,183,set,0.385,8.10158742504006,7.49492593514191,7.27188109020041,7.28837475073758,7.351727258693299,0.9981720447540283,8.193224548764263,6.743192559751564,0.0018279770156368613,94.90182744426204,22.165359080461496,-5.023190009167262,-2.898340190375283,8.193224548764263,19.284789287903806,21.409639106695785,23.88023622439033,51.45852194215965,58.44305616808318,94.90182744426204,131.36059872044086,138.34513294636443,146.4661634184455,8.351726060278972,7.746219943279792,46.285618445599304,13.718306482529359,-5.0181156173435015,-2.892548733831486,8.20870044587882,19.40030235188394,21.62225588595735,24.379867511169184,2,-0.9999988015856731,0.9884400367736816,9.740626390948776,6.894356400258791,0.011559903621673584,88.65687186495168,22.226872364103386,-3.77206385014167,-1.5995807395129962,9.740626390948776,21.080833521410543,23.25331663203922,25.779297745570677,45.093002542340386,52.09692024106877,88.65687186495168,125.21682348883458,132.22074118756296,140.36430913576072,10.652890002226009,11.128967143337333,52.693664016398415,71.1602388969061,-3.7380215551136913,-1.5608913816995238,9.841646159591486,21.899215028072003,24.963573737062617,64.13369662573447,2,-3.3011627435327098,0.9973753690719604,9.195351019743903,4.569933073647911,0.002624646993353963,89.9302615509934,13.382835945168429,0.23844678363556504,1.6784800286286448,9.195351019743903,16.712222010859158,18.15225525585224,19.826605110133645,63.70038508745522,67.91745530768657,89.9302615509934,111.94306779430022,116.16013801453157,121.06339350067331,9.407251807654653,6.193740851184519,21.299549807129672,17.062877346224514,0.24352707530120282,1.6842192407637435,9.21042356685351,16.825411089086963,18.36226958662102,20.33471611086164,2,-2.055524548961354,0.9908045530319214,10.051577442863874,7.410461497724724,0.009195483289659023,88.10998005912172,19.973526703246133,-4.472660201497337,-2.1375470290528824,10.051577442863874,22.240701914780626,24.57581508722508,27.29088879375729,48.96258707651025,55.25645221827523,88.10998005912172,120.9635078999682,127.25737304173319,134.57535144231633,10.769362544828327,10.65797098067387,58.07843456439567,55.51391507303741,-4.4435574032972935,-2.1044982743046536,10.13776901045448,22.92410996484892,25.95009643784922,33.33214362876318,2,-3.4176352861350283,0.9995112419128418,10.721866636675465,8.917560570663424,0.0004887251416221261,89.93644666842503,17.68367882736118,-6.756230911779301,-3.946215211539714,10.721866636675465,25.38994848489064,28.199964185130227,31.46721471186875,55.277073052623614,60.849383411395024,89.93644666842503,119.02350992545503,124.59582028422645,131.07483531367774,10.760580440282375,9.09406840975841,79.636849536864,3.0652268897351957,-6.754488903319977,-3.9441930425975147,10.727331929341844,25.430366763576696,28.27342050869346,31.632797680734708,2,-3.408853181589076
102,184,set,0.385,7.28837475073758,7.033303394905221,6.98429372028183,6.9727907758345395,6.996795963673864,0.9982942938804626,7.304909965487369,6.737051110394384,0.0017057264922186732,94.78465383069599,22.227904648748805,-5.899467572891208,-3.7765529884022815,7.304909965487369,18.386372919377017,20.50928750386594,22.97763449345783,51.21876126735788,58.22300424967001,94.78465383069599,131.34630341172195,138.3505463940341,146.49449255469528,7.454126630951362,7.693137213386109,46.15320422793707,13.031157088036867,-5.894755599908847,-3.7711680735565647,7.319336155459806,18.493829557932628,20.707105894582828,23.440351887714705,2,-0.45733066727749794,0.9889090657234192,8.94193301386423,6.896712328669384,0.011090993881225586,88.57736447115218,22.325052512889783,-4.575374762061134,-2.4021492739885453,8.94193301386423,20.286015301717,22.45924078978959,24.986085077535506,44.821065592922764,51.855920873443324,88.57736447115218,125.29880806886102,132.3336633493816,140.51320292236346,9.825169629866512,11.050869614853386,52.56494438014977,69.55678061821241,-4.542503238848429,-2.3648966632718933,9.038844611576364,21.067753339863007,24.079363143610646,59.757032760366634,2,-2.8283736661926477,0.9976576566696167,8.412733221021028,4.541089236662306,0.0023423568345606327,89.90216221888382,13.447182642559675,-0.48763813341957984,0.9433061197867385,8.412733221021028,15.882160322255315,17.313104575461637,18.976886512560128,63.5461685459347,67.78351507699065,89.90216221888382,112.02080936077698,116.25815589183293,121.18498697124141,8.603610655585657,6.042747577958149,20.996749548215206,15.51804974231166,-0.4832389828563763,0.94833750406351,8.42609609386826,15.982302949588442,17.498271424614284,19.420268035287656,2,-1.6068146919117927,0.9913882613182068,9.26564373396237,7.406649489585433,0.008611740544438362,87.98808456655345,20.109726711615213,-5.251122511737057,-2.917210542540504,9.26564373396237,21.448498010465244,23.782409979661793,26.496087027825123,48.57374447284453,54.91052764795025,87.98808456655345,121.06564148515665,127.40242466026237,134.77030454966183,9.943580986696153,10.525108180880103,57.868627389880785,52.90927501351717,-5.22382783983353,-2.886167991747228,9.346274853710627,22.084495912610535,25.050578140388712,31.36888598103777,2,-2.946785023022289,0.9995424747467041,9.900729301058888,8.897274244531733,0.0004575297934934497,89.85021295941863,17.783748873140585,-7.537607778799131,-4.733984510041058,9.900729301058888,24.53544311215883,27.339066380916904,30.59888432458361,54.9947056579583,60.59854912463916,89.85021295941863,119.10187679419808,124.70572026087893,131.22139934292542,9.937308616758273,9.066042415569074,79.26996976337355,2.92315576586893,-7.535907724293677,-4.7320901955105965,9.90583353642569,24.573166944974513,27.40759880317674,30.75334070600751,2,-2.940512653084409
103,185,set,1.378,6.9727907758345395,86.7426821704754,86.75389481610779,91.60562678401959,88.3674012568676,0.0008798509952612221,9.357131929305375,5.299151618072519,0.9991201758384705,111.60984551724633,10.955597568982821,-1.0290143907339164,0.6408031705530259,9.357131929305375,18.07346068805772,19.743278249344662,21.68480203022846,90.13726885292542,93.5894911204842,111.60984551724633,129.63019991400844,133.08242218156724,137.0963766306965,111.51988136033646,11.36376618000121,119.94422419733672,9.191291319040772,89.97388011119615,93.49997123604375,111.59775338951292,129.62558183964268,133.07836059471015,137.09279375838443,2,-23.15248010346886,0.0005557023687288165,13.768036971757944,5.635850726842067,0.999444305896759,113.09236375948477,12.598143554973694,2.721972524903604,4.497887462754676,13.768036971757944,23.03818648076121,24.81410141861228,26.87898632855851,88.40045611967092,92.37026164023096,113.09236375948477,133.81446587873856,137.7842713992986,142.40002823545913,113.03716993057999,12.810999429066392,158.64267570134385,5.47913628165469,88.28245485576234,92.3054120696179,113.08358448730681,133.81110460478928,137.78130440226278,142.3974531870794,2,-24.669768673712397,0.0003626275574788451,6.64642403744115,3.439587471809211,0.9996373653411865,115.97890079522509,12.474499907686898,-0.09504352898008328,0.9888061092189222,6.64642403744115,12.304041965663377,13.387891603862382,14.648101040062018,91.52933025101053,95.46017437766048,115.97890079522509,136.4976272127897,140.42847133943962,144.99892713519517,115.93925300262032,12.64492911314311,155.56100738638636,4.3331294345245235,91.45333090465225,95.41832999070743,115.97322935898028,136.49545735833868,140.4265695728961,144.9972889819757,2,-27.571851745752724,0.0007160402019508183,15.007883849654185,6.341887966559343,0.9992839694023132,116.04835164623759,13.586551091872327,2.5780118412099124,4.576406426139149,15.007883849654185,25.43936127316922,27.437755858098456,29.7613214380647,89.41920083205449,93.7004638050099,116.04835164623759,138.39623948746527,142.6775024604207,147.65539589436204,115.97600372383033,13.849036469709233,184.49099416424482,7.304946156605868,89.25483439049337,93.61023823395219,116.03614984908216,138.39158031446485,142.67339024967433,147.65174928870883,2,-27.608602466962736,0.000606713758315891,14.347593929023738,13.574283942299575,0.9993932247161865,112.98950754738084,12.163348412151336,-12.257513713803817,-7.980116246736856,14.347593929023738,36.67530410478432,40.952701571851286,45.92610051981907,89.14978272815176,92.98257979577927,112.98950754738084,132.9964352989824,136.82923236660992,141.28568726720715,112.9296531895063,12.40442394377365,147.96906778119845,5.8998809544390065,89.02525586937645,92.91416150769439,112.98025379195099,132.99295579138385,136.82612430718854,141.28295583532423,2,-24.562251932638702
104,186,set,0.17,91.60562678401959,86.99033450393331,89.0736077572424,92.7930427488269,89.6189950033342,0.9999668598175049,94.39465926878877,5.340509579806096,3.318551171105355e-05,115.2126621037749,56.159606347958416,83.92745283327768,85.61030271667563,94.39465926878877,103.17901582090191,104.86186570429986,106.81854237606542,5.141856275829383,22.83832991416854,115.2126621037749,207.58699429338122,225.2834679317204,245.85944293831847,94.39535440370155,5.351517455086514,28.62476121079756,0.014381766503291142,83.9259878392063,85.60807544494938,94.39471956264475,103.18157898179088,104.86550758999749,106.82423806618033,2,-4.77635940036734,0.9999909400939941,92.82819810177787,6.070630478457855,9.05587148736231e-06,106.61420920863955,36.69059766917492,80.92998100054932,82.84289954140431,92.82819810177787,102.81349666215142,104.72641520300643,106.95059640942583,34.70195920580744,46.26354655747993,106.61420920863955,166.96487185979916,178.52645921147166,191.96930309361244,92.8283225716057,6.071751591994835,36.86441153911225,0.0017210899395477418,80.9290388854767,82.84218110951441,92.82821929363713,102.81378675234872,104.72762349072083,106.95208870735962,2,-3.2093275682714903,0.9992087483406067,95.68565076818803,6.7492960679948695,0.0007912947912700474,110.8661109174143,17.397816158028178,82.45727355392027,84.58404665137735,95.68565076818803,106.7872548849987,108.91402798245576,111.3868613272401,76.76701783803006,82.24924990884672,110.8661109174143,139.48297192598187,144.96520399679855,151.33948354959654,95.69766711433489,6.777778214310507,45.75646580685135,0.18220671913578032,82.45470732678366,84.58317680627134,95.68978348374445,106.81548575091816,108.96194607414756,111.48407715639544,2,-6.078672111000685,0.9997254014015198,90.61340490783769,4.64542407840224,0.000274578487733379,117.08924391341608,33.169788294741124,81.50854102125413,82.97236226375006,90.61340490783769,98.25444755192531,99.71826879442125,101.42027733664688,52.07765348090521,62.52979733159864,117.08924391341608,171.6486904952335,182.10083434592696,194.25371039527187,90.62067278137006,4.697735993279418,21.876139862870907,0.192418448088224,81.50579081359425,82.97055583785401,90.61432653278538,98.26322334250726,99.73390564058278,101.45321628000983,2,-1.0016777780358552,0.9999943971633911,92.52122442398895,5.847748626416607,5.6296289585588966e-06,102.89242074292127,43.824466299143296,81.05984772556883,82.9025338863271,92.52122442398895,102.1399149616508,103.98260112240908,106.12512200897848,16.99804515491104,30.80758840156284,102.89242074292127,174.97725308427968,188.78679633093148,204.84337474890776,92.52128528883708,5.848688806754603,34.20678457667684,0.0006055291320415795,81.05966542473048,82.90168309326872,92.52123060118835,102.14045496328049,103.98341660536904,106.12706754741188,2,-2.902290285502872
105,187,set,0.17,92.7930427488269,86.9172955857313,91.6876020024572,89.7743432109051,89.45974693303121,0.9999678134918213,95.56545045595287,5.323742828888834,3.218324854969978e-05,115.61559386964329,56.965653142433915,85.13110624837736,86.80867275489818,95.56545045595287,104.32222815700756,105.99979466352838,107.95032826787858,3.9649653546718326,21.9154326866513,115.61559386964329,209.31575505263524,227.2662223846147,248.1375199508924,95.5660954231939,5.334672450394771,28.445762868130505,0.012937515073484078,85.12803893435702,86.80773592925947,95.56551215512867,104.32446923085888,106.0033327986055,107.95460868994324,2,-6.106348490162688,0.9999916553497314,94.06703703461118,6.066252217090736,8.322735084220767e-06,107.07195944122614,37.034722140277765,82.17740116797708,84.08894007332707,94.06703703461118,104.04513399589528,105.95667290124527,108.17924998323575,34.485237868833565,46.15526240565025,107.07195944122614,167.98865647680202,179.65868101361872,193.22760655795457,94.0671432096387,6.067299697345669,36.81052410222136,0.0014075958850403637,82.17636720141982,84.08820315163548,94.06705376184621,104.04605977211017,105.95764235490759,108.18070082897053,2,-4.6073962766074885,0.9992355108261108,96.94733168331402,6.7794792978872565,0.0007645014557056129,111.48159596190916,17.571646592660173,83.6597964255201,85.79608057134175,96.94733168331402,108.09858279528629,110.23486694110794,112.71875893505793,77.04180149122925,82.57880933246258,111.48159596190916,140.38438259135572,145.92139043258908,152.35935865614113,96.95844434020194,6.806137689428901,46.162252186506464,0.16137352157492427,83.6568677793563,85.79484690737576,96.95117815029155,108.1252437859644,110.27973445622317,112.8097665074474,2,-7.498697407170724,0.9997361302375793,91.80360762790414,4.612806532326254,0.00026390326092951,117.69614138051398,33.57544036688732,82.76267295689358,84.21621607278186,91.80360762790414,99.39099918302642,100.8445422989147,102.53460029774303,51.88948749634251,62.46945651654648,117.69614138051398,172.92282624448146,183.50279526468543,195.8042956980073,91.81044382727916,4.663310858735063,21.569870324820002,0.1768802045892334,82.75952723425698,84.21430891152961,91.80446265080882,99.39883802838999,100.85894979932556,102.56575090034022,2,-2.350696894247946,0.9999946355819702,93.70641891702395,5.802943750281021,5.346694706531707e-06,103.27005938736667,44.82099180267095,82.33285816216136,84.16142584237883,93.70641891702395,103.25141199166907,105.07997967188655,107.20608477366879,15.422529702766596,29.546088457181128,103.27005938736667,176.9940303175522,191.11758907196673,207.5392783799122,93.70646839010068,5.8039091365780475,33.684716615588634,0.0004890232972014134,82.33242024600938,84.16031437673485,93.70642358231055,103.25258954205331,105.08092644219717,107.20674512820071,2,-4.246721457069469
106,188,set,0.952,89.7743432109051,101.3416725368,101.54365651190001,101.643390669,101.50957323923335,0.00302295945584774,85.46631912656451,9.110745984461998,0.9969770908355713,110.86977330870832,11.163559256960385,67.60958512472607,70.48047554978862,85.46631912656451,100.45216270334039,103.32305312840295,106.66108367844382,88.98959922578723,92.50735237520934,110.86977330870832,129.2321942422073,132.7499473916294,136.84009565286706,110.79298527247543,11.244712371571083,124.49924790464125,1.9449257461923832,88.6244485480499,92.26600657245206,110.82757661996244,129.2158007265745,132.7355046476785,136.82741741407813,2,-9.283412033242087,0.012501549907028675,86.23366025792728,8.725902823600858,0.9874984622001648,105.57920998390286,11.247339679226249,69.13120499107323,71.88082735010131,86.23366025792728,100.58649316575324,103.33611552478133,106.5331457406981,83.53482929073112,87.07898251897234,105.57920998390286,124.07943744883336,127.62359067707459,131.74443473528603,105.3373619067926,11.423359433362204,125.87305746404112,4.620217620676828,82.70218568486058,86.41464606878324,105.40574284093655,124.01077269458209,127.56303585031662,131.69134048315613,2,-3.827788667559247,0.00021475806715898216,78.45236159732175,8.897529810147832,0.9997852444648743,107.84972077737305,9.999884534193033,61.013523618060496,63.817227418191244,78.45236159732175,93.08749577645226,95.891199576583,99.15111115537417,88.2503072407956,91.4013744322097,107.84972077737305,124.2980671225364,127.4491343139505,131.1129309041469,107.84340773041505,10.008933150707296,99.99321718464715,0.18555507873912194,88.21934185889529,91.38304424055946,107.84703115597458,124.29704976640569,127.4482531861203,131.11217641097588,2,-6.333834491181705,0.0038394457660615444,85.22087591329924,9.48137124980117,0.9961605072021484,110.25303978680596,10.063769495387124,66.63772973963542,69.62540802459037,85.22087591329924,100.8163438020081,103.80402208696304,107.27784376326613,90.52841402713436,93.69961203151485,110.25303978680596,126.80646754209705,129.97766554647757,133.66486855723684,110.15692496580864,10.180025189713637,101.2357470679959,2.3965950856868905,90.06294240194902,93.4083732242888,110.20483522943712,126.78772947858512,129.96115410825664,133.650407891877,2,-8.647351726575295,0.024819642305374146,87.59012809769315,12.96018768574654,0.9751803874969482,110.32281707457179,9.143742583741693,62.188627000750415,66.27251637682114,87.59012809769315,108.90773981856515,112.99162919463589,117.7400331675999,92.40141092653285,95.28269892179364,110.32281707457179,125.36293522734994,128.2442232226107,131.59434319503598,109.7586031534025,9.910058092597868,85.70177714663222,12.507833279147683,89.50855662871466,93.63282448219559,110.05532226572046,125.25533313764359,128.14919990143878,131.5110099788586,2,-8.249029914169157
107,191,set,0.829,8.73375412560711,34.6567954871307,35.071844673814304,34.458198242838606,34.72894613459454,0.06186776980757713,11.89839051138501,6.412496379480049,0.9381322860717773,103.79555670019175,12.548724180346866,-0.6698714433893809,1.350772583784062,11.89839051138501,22.446008438985952,24.466652466159395,26.81608783108301,79.20050925478498,83.15474221853457,103.79555670019175,124.43637118184894,128.39060414559853,132.98825451906657,98.11008977648271,25.30663638497109,150.27214952368766,490.1542334691981,10.341547517018917,17.48495735305241,102.75717686247741,124.04533836218619,128.04599897545486,132.68630687815306,2,-63.38114364188817,0.022196149453520775,14.282850639611993,6.329747525989531,0.9778038859367371,100.77986811282216,14.100922352021197,1.8767734574409989,3.8713424638010014,14.282850639611993,24.69435881542298,26.688927821782983,29.00804533991301,73.14256815406478,77.585914838739,100.77986811282216,123.97382138690531,128.41716807157954,133.58351884846164,98.85997095232851,18.91272722088264,195.31192874198086,162.37966806892447,61.82512929366657,73.92732599829343,100.37863820149724,123.82006486157518,128.281584733911,133.46463651443696,2,-64.13102481773397,0.06175447255373001,10.61111867288561,4.205290692444725,0.9382454752922058,104.55942729344011,11.837460015290803,2.3689003711724403,3.6940310250326327,10.61111867288561,17.528206320738583,18.853336974598776,20.394087734978132,81.35843199503717,85.088538253396,104.55942729344011,124.03031633348422,127.76042259184304,132.09747723405533,98.75769359406364,25.37650853900995,132.564173561092,511.40250340648714,9.598194501165647,14.297698252085834,103.58181959247155,123.66216721185306,127.43601290392733,131.81330056065335,2,-64.0287474594691,0.06905779242515564,15.51036737136905,7.152371007877883,0.9309422373771667,102.05948873198018,14.250511994237662,1.4919777918599486,3.7457639777585534,15.51036737136905,27.274970764979543,29.528756950878147,32.14927045989711,74.1289984620183,78.61948239234289,102.05948873198018,125.49949507161746,129.98997900194206,135.21113701376848,96.08260051608927,25.964533019608005,192.5857912921035,481.57145876525794,12.9850235974288,19.765061180352795,100.73268028730757,125.00154334586362,129.55128675649945,134.82683425371766,2,-61.353654381494735,0.1021207943558693,15.891496598290914,11.955239970808785,0.8978791832923889,102.91831805868597,12.124125890845834,-7.540343171027999,-3.773123228769137,15.891496598290914,35.55611642535096,39.32333636760982,43.70354368803001,79.15546796859853,82.97590561351194,102.91831805868597,122.86073050385998,126.6811681487734,131.1232525494587,94.03106762048034,29.000432885540885,146.57913418375364,694.4457757344476,7.631356677292178,15.580287458011146,101.18416684299446,122.2206039999817,126.11767264374183,130.62995250125763,2,-59.302121485885806
108,193,set,0.893,11.2474527331423,29.7256235767,29.737548293778403,29.8580815525725,29.77375114101697,0.024046489968895912,14.606996608714589,6.364172286065073,0.9759534597396851,105.09991778907634,11.924198412698743,2.1334481366191014,4.138864741436407,14.606996608714589,25.075128475992766,27.080545080810076,29.412275276431707,81.72891835567712,85.48635678145982,105.09991778907634,124.71347879669285,128.47091722247555,132.83975141609923,102.92387538203268,18.218746180214104,139.74136170349962,192.18081792226394,68.16897200431822,82.04551739263171,104.73163625511533,124.5724473662531,128.34659461607615,132.7307522740194,2,-73.1501242410157,0.009959007613360882,16.89467683001817,6.272318281114714,0.9900409579277039,102.37141909415529,13.46127812429914,4.601158899461149,6.5776313559326045,16.89467683001817,27.21172230410373,29.188194760575186,31.486271128596886,75.98779878465207,80.22958694799932,102.37141909415529,124.51325124031123,128.7550394036585,133.68703484049107,101.52015203957136,15.86921914089843,179.79317751962202,72.03858347668783,73.22714175508128,78.87390480578779,102.20170441792268,124.44791585348145,128.69740787734017,133.63648911979237,2,-71.74640089855438,0.020515218377113342,12.759175595130515,4.2236724462469155,0.9794847369194031,106.17282662940445,11.653651067709777,4.480929717992371,5.811852652866276,12.759175595130515,19.70649853739475,21.037421472268655,22.584907011101905,83.33209024829654,87.00427640345512,106.17282662940445,125.34137685535379,129.01356301051237,133.28327301558488,104.25642043273766,17.570810505597375,133.38743428006535,175.34546164344573,75.80197266461214,84.27217749664626,105.86687663994925,125.22402816429978,128.91012903581966,133.19254179699416,2,-74.48266929172068,0.029380349442362785,18.16488805293529,7.125149332477938,0.9706196784973145,104.03618353960516,13.655907448035169,4.199851976808921,6.445060330838087,18.16488805293529,29.884715775032486,32.129924129061656,34.74046405476886,77.27109676524395,81.57421464439088,104.03618353960516,126.49815243481943,130.80127031396637,135.80457479944027,101.5132577778758,19.818630747076323,182.49642831232097,210.28198429337635,25.577505413197393,76.33220830680008,103.51798811926444,126.30016125777367,130.62671715704477,135.651500034055,2,-71.73950663685882,0.0376182459294796,18.60446663958615,12.366665535094585,0.9623817205429077,104.57655376906911,11.6334735538292,-5.633752418051998,-1.736888019109955,18.60446663958615,38.94582129828225,42.84268569722429,47.373632716127574,81.77536458846468,85.4411926000091,104.57655376906911,123.7119149381291,127.37774294967353,131.64006023873,101.34243114615937,20.08941133413191,135.9996597367142,267.5844436769823,23.859950787391423,78.63103343107352,104.00639501354061,123.49488876380758,127.18635963864986,131.4723626959144,2,-71.5686800051424
109,195,set,1.493,20.995272494492397,98.0094285070224,97.9904126180295,97.99665439421901,97.99883183975696,0.0003602350770961493,21.246914888239523,5.626452784522326,0.9996397495269775,112.31748594799232,10.668760600480319,10.219270069860661,11.992223618746761,21.246914888239523,30.501606157732283,32.27455970661838,34.3360013619042,91.40709941137098,94.76893637921529,112.31748594799232,129.86603551676933,133.22787248461367,137.1367344895704,112.28467740457369,10.806465899375976,113.79285210928319,2.9866590155815436,91.3425246473459,94.73337088221751,112.31266758675496,129.86419293966824,133.2262840248435,137.1353767216229,2,-14.285845564816725,0.00028212013421580195,25.0089667503496,6.0405897067100165,0.9997178912162781,113.5006502335,11.871462412023213,13.169628479814596,15.073080862341897,25.0089667503496,34.944852638357304,36.8483050208846,39.06147977250743,90.2330114621135,93.97383222786553,113.5006502335,133.02746823913446,136.7682890048865,141.11780157746594,113.47568623616718,11.962884547067668,140.90215595594384,2.2085968877845645,90.17684579086178,93.94285442301327,113.4964513151768,133.02586065080644,136.76689284895858,141.1165474204766,2,-15.476854396410218,8.327807881869376e-05,17.054768286207107,3.888180652355661,0.999916672706604,115.98333346271778,12.299141806318895,9.434074242204558,10.659280237937356,17.054768286207107,23.450256334476858,24.675462330209655,26.100029080701425,91.87745848158184,95.75304545420366,115.98333346271778,136.2136214712319,140.08920844385372,144.59541585637456,115.97508917379886,12.331795019125716,151.257543338562,0.8149631082169361,91.8602914838692,95.74356294941606,115.98205042048292,136.21316722304525,140.08882680938441,144.59506334738992,2,-17.976257334041904,0.0002570527431089431,25.970806917095103,6.799519364713797,0.9997429251670837,117.87546397034683,12.782739243765064,12.64399385007339,14.78659282851884,25.970806917095103,37.15502100567136,39.297619984116814,41.78885433569657,92.82175542880053,96.84972896286493,117.87546397034683,138.9011989778287,142.9291725118931,147.6125622344981,117.85183702230051,12.866205242388952,163.36830139054896,2.170629142166845,92.7666263468536,96.8193403596079,117.87134509238864,138.89966352534955,142.92777323593896,147.6113834865028,2,-19.853005182543555,0.00030627899104729295,25.837858390598072,14.292663855882315,0.999693751335144,114.02766805436036,11.337929457627503,-2.1752480100686498,2.3285184084518207,25.837858390598072,49.347198372744316,53.850964791264786,59.08756656611026,91.8057346581547,95.37843366386181,114.02766805436036,132.6769024448589,136.24960145056602,140.40363614413712,114.00066082646077,11.44346043952383,128.57184328125308,2.3813376734466325,91.74742511805931,95.34627057150635,114.02331409513361,132.6752860988357,136.24821209425295,140.40243928624804,2,-16.001828986703813
110,199,set,1.076,37.9628525894841,122.402406725,122.4564269418,123.8102454463,122.8896930377,0.0013789612567052245,39.67808090635595,6.959525632364035,0.9986209869384766,108.56998056576776,10.2414069270679,26.037661317439095,28.230679928100226,39.67808090635595,51.12548188461167,53.3185004952728,55.86835856553876,88.49719183769565,91.72436523669418,108.56998056576776,125.41559589484133,128.64276929383988,132.3950557977393,108.4749756807885,10.552005986305147,104.80856609273623,6.535654664293078,88.25569627546837,91.59266556376069,108.55225681487052,125.4087785587695,128.63677011245156,132.3898407836392,2,14.414717356911495,0.001220060046762228,40.48133580754634,6.740974078395007,0.9987799525260925,105.33325420766525,11.266562938299376,27.269269393174035,29.393420145512447,40.48133580754634,51.56925146958022,53.69340222191863,56.16318652378498,83.25119661904469,86.80140729532647,105.33325420766525,123.86510112000401,127.41531179628579,131.54319894692532,105.25413229740907,11.487423879186485,126.8360136002297,5.125033067392332,83.01684263694848,86.67339849860035,105.31600504658661,123.85847599418146,127.40942734694917,131.53805269314168,2,17.635560740290927,0.0003898251161444932,34.52247340773252,5.2438517287301565,0.9996102452278137,108.72999757146911,10.72167198932376,24.244712879153308,25.89710487253497,34.52247340773252,43.147841942930064,44.80023393631173,46.721496728649306,87.71590661834263,91.09441651284591,108.72999757146911,126.3655786300923,129.7440885245956,133.67233640999567,108.70107726324159,10.819665878619253,114.92016568265169,2.1458352211835217,87.64570080806068,91.05576135222482,108.72475624774144,126.3635729232275,129.74233422074064,133.6708011711154,2,14.188615774458412,0.0018465406028553843,41.47874326300406,7.7970048500094915,0.9981533885002136,109.07204315587964,11.143720349624386,26.19689456970133,28.653811556107726,41.47874326300406,54.30367496990039,56.76059195630679,59.617288919709765,87.23075261682973,90.74225432106704,109.07204315587964,127.40183199069224,130.91333369492955,134.996213300134,108.94722165027335,11.510311962048249,124.06544366054693,8.420996292206038,86.87591220353194,90.54960347511287,109.04620648362489,127.39189643706,130.9045488305696,134.98857240871646,2,13.94247138742665,0.0029869594145566225,42.91233321748582,13.922938439225037,0.9970129728317261,108.94271693195253,9.527544869516534,15.623875317636433,20.011137427904444,42.91233321748582,65.81352900706719,70.2007911173352,75.30193145597849,90.26907212661075,93.27130019738536,108.94271693195253,124.61413366651969,127.61636173729431,131.10710068398103,108.74547947439578,10.2013265016224,91.08198325433851,12.984277911409254,89.7678401809119,93.00222473152135,108.90694342351046,124.60037050591136,127.60426175960403,131.0964627059278,2,14.14421356330422
111,200,set,1.076,123.8102454463,123.70950879530001,123.91547626229999,123.8562648046,123.8270832874,0.005116339772939682,111.6869017719155,10.994882370984683,0.9948835968971252,115.39141772450986,12.80634291181553,90.13732831053116,93.60192962609653,111.6869017719155,129.77187391773447,133.23647523329984,137.26482300098485,90.29144684368161,94.3268581380258,115.39141772450986,136.45597731099392,140.4913886053381,145.1834263316499,115.37245685447112,12.800488858179264,163.7818174995965,0.06985453643402519,90.29049286161019,94.32226503746821,115.36976433196189,136.43188836934672,140.4683022250296,145.16172466132235,2,8.454626432928876,0.06344858556985855,116.59038555775143,11.251739416695562,0.9365514516830444,111.14026624757173,12.013024287239862,94.5373815375984,98.08292116868688,116.59038555775143,135.09784994681598,138.64338957790446,142.76584562904267,87.59517129917664,91.38059967804911,111.14026624757173,130.89993281709434,134.6853611959668,139.08673975899316,111.48607274928716,12.039669210325295,143.18901285698482,1.7650848587790469,87.86300705509265,91.66407262501308,111.49655101817446,131.2721266350222,135.05029134474717,139.43887343095466,2,12.34101053811284,0.00015893812815193087,105.65656976748303,11.957380422327374,0.9998410940170288,113.60247559269865,10.731863115684503,82.22053479027704,85.98842921097932,105.65656976748303,125.32471032398675,129.09260474468903,133.4735962920619,92.56841039894321,95.95013162291826,113.60247559269865,131.25481956247904,134.63654078645408,138.56852253636862,113.60121633707243,10.732517299610864,115.1773090792706,0.010033348331398182,92.56510516919536,95.94747469841715,113.60141981086257,131.25429649555932,134.6360637272411,138.56807183535014,2,10.225866950327571,0.005658560898154974,113.3718451629861,10.795937782447968,0.9943413734436035,117.14532803842354,10.925762251945965,92.21219593005287,95.61410774518413,113.3718451629861,131.12958258078808,134.53149439591934,138.48695207146113,95.73122752096221,99.17404837110072,117.14532803842354,135.11660770574633,138.55942855588486,142.5624518255137,117.12396786421849,10.928738891596586,119.35631576023337,0.08011729913728619,95.70360544748324,99.14756651802496,117.12414601163597,135.0998204662333,138.5434003069586,142.5472190386762,2,6.703115423181515,0.10019556432962418,115.18812207766882,12.176277025671638,0.8998044729232788,115.77340599551945,10.562502573788985,91.32305764156992,95.15992864922694,115.18812207766882,135.2163155061107,139.0531865137677,143.51437825007235,95.07128136428142,98.39963532733837,115.77340599551945,133.14717666370052,136.4755306267575,140.34546140260437,115.71476745597282,10.736552153353507,115.24316722016565,0.030883734435396007,94.63700222115921,98.05200521439659,115.72186504225462,133.35420049433225,136.75004140916744,140.71421600243957,2,8.112315831427182
112,201,set,0.229,123.8562648046,123.4370249603,123.57720924840001,124.15976431489999,123.72466617453334,0.999955415725708,124.58757631500441,5.246526577258319,4.4630698539549485e-05,125.910464121381,73.56514531233526,114.3045731796459,115.95780804550377,124.58757631500441,133.21734458450504,134.87057945036292,136.79282226410808,-18.274571208251743,4.906568037174196,125.910464121381,246.91436020558774,270.09549945101367,297.04858352223766,124.58764114029579,5.269317335138042,27.766347677581212,7.810170480929318e-05,114.30136313288,115.95542463056115,124.58756971214954,133.21916058424617,134.87561698918938,136.80092207309164,2,-0.8629749657624473,0.9999971389770508,126.07770282437983,6.344175887312991,2.8303848012001254e-06,119.22413455327643,43.501514401322645,113.64334657365892,115.64246210611498,126.07770282437983,136.51294354264468,138.51205907510072,140.83646291237156,33.96273305373353,47.67051081237915,119.22413455327643,190.77775829417368,204.4855360528193,220.42379009835037,126.07767956335704,6.344637788210414,40.25380870564576,0.00013294676975200083,113.6422181365575,115.64147494094345,126.07769833550809,136.51363890853085,138.51224432309763,140.83786268932846,2,-2.3530133888236975,0.9991082549095154,128.05433463543838,7.940430850896511,0.0008917565573938191,127.44389217973847,21.955430181523035,112.49137614595048,114.99348815078389,128.05433463543838,141.11518112009287,143.61729312492628,146.5265390643898,84.41203975886961,91.33042321438047,127.44389217973847,163.55736114509645,170.47574460060733,178.51986050617668,128.05379173776302,7.963932715569382,63.42408032207344,0.00033200782391355695,112.4642048798762,114.97719692498691,128.05413746598785,141.1301129485739,143.6424667804266,146.57548777658005,2,-4.329125563229681,0.9997662901878357,122.37510826706168,4.180175106799859,0.00023365591187030077,132.7866767946369,42.667717619333246,114.18211560866308,115.49933208134966,122.37510826706168,129.25088445277368,130.56810092546027,132.09964973988397,49.15948695821861,62.60452671473534,132.7866767946369,202.96882687453842,216.41386663105516,232.0466309685477,122.37753439554567,4.233354279593995,17.895158671552405,0.02532256013384711,114.17624956930565,115.49563216136201,122.37534644995723,129.2566611881542,130.5776142401313,132.11987728328378,2,1.3471317789876736,0.9999960660934448,123.84161679098517,5.007323603420317,3.949060101149371e-06,113.71068078598884,72.74700317710456,114.02744286934403,115.60530240057955,123.84161679098517,132.0779311813908,133.65579071262633,135.49039341043655,-28.870825424357008,-5.947491239721913,113.71068078598884,233.36885281169955,256.29218699633464,282.94551696988833,123.84157865994965,5.009417417878393,25.094089958889487,0.0004053135997092597,114.02351062353071,115.60341621079715,123.84162728672845,132.07942412540885,133.65936942880796,135.4927807565941,2,-0.11691248541630728
113,202,set,0.299,14.3223159872423,14.767942459370401,14.7784466995369,15.030013433826,14.858800864244435,0.9997231364250183,14.185984828279814,6.65729674141967,0.0002768435806501657,94.63548941530294,26.146135021228215,1.137922980701397,3.2357061374634473,14.185984828279814,25.136263519096175,27.23404667585823,29.67317294954048,43.39000643877423,51.62892439487279,94.63548941530294,137.6420544357331,145.88097239183165,155.46049503632196,14.208256473551932,6.803518132402846,44.496585333295016,1.7912696082925301,1.138393968312795,3.236405074735441,14.188290791906741,25.153507880830634,27.264824546975323,29.742394408015993,2,0.6505443906925024,0.9984164237976074,14.916578917049897,6.904488825273539,0.0015835205558687449,87.21939616771309,24.75423733980417,1.384029487854491,3.5597054305528015,14.916578917049897,26.273452403546987,28.4491283462453,30.978821817063736,38.701982516940305,46.50229909691862,87.21939616771309,127.93649323850754,135.73680981848585,144.8063635766689,15.031071084357778,7.53869228827793,48.56681122725927,8.26505761769033,1.3885599059071487,3.564702003707679,14.93025645736358,26.37507451974117,28.63520003742564,31.41127095724967,2,-0.1722702201133437,0.9992813467979431,15.009968463307075,4.793534733047667,0.0007187225855886936,87.47955480620114,13.534700622477228,5.614813027891822,7.12530547173576,15.009968463307075,22.894631454878386,24.405123898722323,26.161397798673445,60.95202904461391,65.21695339761712,87.47955480620114,109.74215621478515,114.00708056778835,118.96597682508028,15.062055033224608,5.183146876314683,23.093123481384755,3.7719038007956867,5.616202885031452,7.126857526482136,15.014289031284353,22.92666094535948,24.463467169605188,26.29378025796283,2,-0.20325416898017323,0.9977098703384399,14.89626538785543,7.263575696774382,0.0022901042830199003,87.05433943669709,21.323110736389005,0.6599186231972087,2.9487465583795167,14.89626538785543,26.84378421733134,29.132612152513644,31.79386926798123,45.261810355015285,51.980943404059744,87.05433943669709,122.12773546933443,128.8468685183789,136.65931276623309,15.061514524243679,8.097946904619164,53.67995901659907,11.896779296330001,0.6668130685933716,2.9567500386424346,14.91714677141878,26.999873253774442,29.420945745515183,32.48144331088061,2,-0.20271365999924384,0.9999282360076904,15.834129634112458,8.333027600519465,7.179848762461916e-05,88.03368692195048,19.336728774934745,-0.4983043450839233,2.127518961911287,15.834129634112458,29.540740306313623,32.16656361330884,35.219650676904564,50.13439494425905,56.22759846312215,88.03368692195048,119.83977538077879,125.9329788996419,133.01764479842427,15.83931399933618,8.35676048266217,69.46121185254489,0.3742425663571848,-0.4981871179019228,2.127668754213475,15.834878966236436,29.546376467875188,32.17663384101122,35.24200967610981,2,-0.980513135091746
114,208,set,0.893,15.1685959098185,86.6621717886899,86.7286892433009,83.3375002083438,85.57612041344487,0.018736349418759346,18.51828160974472,6.4821691502152055,0.9812636375427246,105.22517500750791,11.710483276943624,5.813463533626306,7.856062172500291,18.51828160974472,29.180501046989143,31.22309968586313,33.59806203152098,82.27304954313982,85.96314411607263,105.22517500750791,124.48720589894319,128.177300471876,132.46783288281654,103.60060298381218,16.540122663027653,135.35327328588576,138.2222444786145,76.06352182169537,83.51241314344627,104.94490537970147,124.37964201863278,128.0824540007482,132.38464581764055,2,-18.02448257036731,0.008510377258062363,20.41647410515285,6.341532895003082,0.9914896488189697,102.26263547784603,13.17100140009536,7.987298024170784,9.985580722374957,20.41647410515285,30.84736748793074,32.84565018613492,35.169085673603334,76.44794709333249,80.59826605431626,102.26263547784603,123.9270049013758,128.07732386235955,132.9029665839468,101.56609643414619,15.128285209879651,172.34118750255604,56.52409489101425,74.22283525438274,79.48126038544825,102.1209420521392,123.87243292534502,128.0291507653952,132.86074651104892,2,-15.98997602070132,0.013895470649003983,16.200935732611605,4.389656944877665,0.9861045479774475,105.93239450665094,11.444295580699876,7.5973662161652555,8.980592585756856,16.200935732611605,23.42127887946635,24.804505249057954,26.41280483409637,83.50198734004827,87.10820341283204,105.93239450665094,124.75658560046983,128.36280167325359,132.55580720070708,104.68553562810857,15.48378240748357,129.41974061511536,110.32798115560537,79.82277253433391,85.43084739262308,105.7302678987572,124.67887606108744,128.29427348726432,132.4957012645976,2,-19.1094152146637,0.023424526676535606,21.64310029453896,7.2438155351464255,0.9765755534172058,104.10366431617646,13.236961668631386,7.445482735000226,9.728084038585939,21.64310029453896,33.558116550491974,35.840717854077695,38.494735164670864,78.15969618092173,82.3307999057105,104.10366431617646,125.8765287266424,130.04763245143118,134.8974419527572,102.1720729725414,18.1077560016103,172.34194133849485,155.54972218453665,65.1169065043592,78.64324235811954,103.70566633049116,125.7240671866192,129.91321219773477,134.7795782283073,2,-16.59595255909653,0.03147147595882416,22.291022843786422,12.527209421169726,0.9685285687446594,104.72355052988078,11.26003062388228,-2.2618564484971024,1.685596991794739,22.291022843786422,42.8964486957781,46.84390213606994,51.433669848389,82.65429604225343,86.20244831860336,104.72355052988078,123.2446527411582,126.79280501750813,130.91829883338409,102.12928189809028,18.299145249695513,127.7369301437007,207.12225300053154,32.584395046840115,81.39221150170019,104.26485260307082,123.06954279387979,126.63847351511875,130.78299418483752,2,-16.553161484645415
115,209,set,0.17,83.3375002083438,83.3215294499946,81.3985574547648,81.4515977952682,82.05722823334253,0.9999606609344482,86.17034870866176,5.459612821154215,3.930965613108128e-05,112.4443323979862,51.13375173182567,75.46970420966638,77.19008475803548,86.17034870866176,95.15061265928803,96.87099320765714,98.87130738823998,12.22402060919525,28.336795402256598,112.4443323979862,196.55186939371578,212.66464418677714,231.399227031051,86.17137899570575,5.471410660211629,29.908980970499996,0.027135262331502367,75.46718365304115,77.18944338797616,86.17045419764976,95.15212563586168,96.8749397549934,98.87816079914441,2,-4.114150762363224,0.9999843835830688,84.21261586753322,6.111080716938734,1.5598379832226783e-05,103.49349675458464,34.55302967524117,72.23511775571609,74.16078258568334,84.21261586753322,94.2644491493831,96.19011397935034,98.42911550147562,35.770803034368214,46.65882057110233,103.49349675458464,160.32817293806693,171.21619047480107,183.87586388125203,84.2129150990855,6.1130413036131745,37.363347419722025,0.005798644187612674,72.23475894263774,74.16021547176807,84.2126656868165,94.26526701972308,96.19173558193467,98.43108894589712,2,-2.155686865742979,0.999054491519928,86.8921146876903,6.541051611338429,0.0009454505634494126,106.68723081957668,16.31655740916735,74.07188910844928,76.1330422207035,86.8921146876903,97.65118715467707,99.7123402669313,102.10887619771887,74.7073659459285,79.84888218574585,106.68723081957668,133.52557945340752,138.66709569322487,144.64521946005846,86.91082495889292,6.585375344817055,42.9966096118015,0.3701213476061553,74.0720698936678,76.13411225932968,86.89812627642017,97.69108157886248,99.78080208206069,102.25118412314262,2,-4.853596725550389,0.9996514320373535,82.31416565889877,4.880573437951275,0.0003485326305963099,112.90516659884773,30.651139753050483,72.74841749661144,74.2863367378816,82.31416565889877,90.34199457991595,91.87991382118611,93.66807730037692,52.83003659776484,62.48852820584617,112.90516659884773,163.32180499184926,172.9802965999306,184.21038040028543,82.32482471260072,4.946253512867632,24.139137941882304,0.3260464130568824,72.74596710886817,74.28539072248859,82.31562050881536,90.35426834776173,91.90151546431345,93.71551505142047,2,-0.26759647925818797,0.9999923706054688,84.24507628012816,6.151030562238511,7.625673333677696e-06,100.3171898306523,37.860186194616205,72.18927791033552,74.12753135034079,84.24507628012816,94.36262120991553,96.3008746499208,98.55451315175196,26.112588441223963,38.04272525137975,100.3171898306523,162.59165440992481,174.52179122008062,188.3931534952881,84.24519852732331,6.1520577951408875,37.84581891020467,0.001969794268811228,72.18832175569544,74.1267179931207,84.2450943719935,94.36340371906573,96.30208842908415,98.55640766024113,2,-2.187970293980783
116,210,set,0.299,81.4515977952682,81.4305722940621,81.3690174447036,81.3039858466021,81.36785852845593,0.9982169270515442,83.72306954977954,6.147063210293355,0.0017830210272222757,111.24523284465118,34.475151601728065,71.67504704691339,73.61205033322855,83.72306954977954,93.83408876633052,95.77109205264568,98.02327698064015,43.6751773437058,54.5386546928469,111.24523284465118,167.95181099645544,178.81528834559654,191.44642848056696,83.77213779864388,6.417689248900016,39.83819504706579,1.3481758770494296,71.65542800118925,73.60261815744335,83.73098654939572,93.903580109823,95.89578391219123,98.30031495671767,2,-2.4042792701879563,0.9992994070053101,82.06810679737063,6.533471979004378,0.0007005541119724512,102.96947986107074,25.838302299351575,69.26273702452042,71.32150171611946,82.06810679737063,92.8147118786218,94.87347657022084,97.26723544583287,52.32733793268317,60.469254609713715,102.96947986107074,145.46970511242773,153.6116217894583,163.07835948399185,82.08274614918527,6.590155511925596,43.12405284949316,0.3058348465589093,69.25679349688572,71.31880919291498,82.07144457330457,92.84175024692694,94.9208896696797,97.36801783645551,2,-0.7148876207293426,0.9581490159034729,82.29133799400755,7.009240661331057,0.041850946843624115,104.8798306938005,13.709040756601276,68.55347873882496,70.76216307004142,82.29133799400755,93.82051291797367,96.02919724919013,98.59727010513566,78.01060454827027,82.33046528327932,104.8798306938005,127.42919610432166,131.74905683933073,136.77182851305912,83.23668473567294,8.683277749007168,54.93871343680781,20.46034092860404,68.66112596822865,70.88912740421816,82.63502581256009,96.62214415960315,102.84824155842095,114.61129775173035,2,-1.8688262072170119,0.9913337826728821,80.4783712625429,5.745404977285019,0.008666247129440308,110.45052829561396,22.466416807966258,69.21758443046708,71.02802104735059,80.4783712625429,89.9287214777352,91.7391580946187,93.84418191695356,66.41716049033477,73.49656112442713,110.45052829561396,147.40449546680077,154.48389610089316,162.71522927414168,80.73811978083624,6.694422981586198,37.09780987897529,7.717683448143511,69.21024392802798,71.03277417213837,80.52980713131697,90.32309511881111,92.4838582840367,95.91474157180153,2,0.6297387476196832,0.9996460676193237,82.33460518122611,7.41754216861782,0.0003538692544680089,101.14388231803619,24.910225428734062,67.79648967692805,70.1338340421096,82.33460518122611,94.53537632034262,96.87272068552417,99.59038863579846,52.32073763094359,60.170207673404164,101.14388231803619,142.1175569626682,149.96702700512878,159.09373228604977,82.34125600863216,7.4394636846740765,55.22004120078095,0.12515071390717222,67.79339017075534,70.13227872541695,82.33641525513515,94.54971529693576,96.89733172702175,99.64154613544382,2,-0.9733974801762315
117,211,set,0.647,81.3039858466021,77.59456838021339,77.7470763211949,77.3523826467665,77.56467578272493,0.12423080205917358,81.22568807622073,7.876121378749068,0.8757691979408264,109.74300526755997,15.357441843920085,65.7887738360066,68.2706212600753,81.22568807622073,94.18075489236617,96.66260231643486,99.54828630136124,79.6429723588082,84.4822613498917,109.74300526755997,135.00374918522823,139.84303817631172,145.4697574518693,106.20027608030404,17.399301870782566,214.25750372885892,88.47820186175777,72.85035110351059,76.84510385337599,107.00106285863983,134.0025329293767,138.9621399890494,144.69885101258635,2,-28.635600297579103,0.32595953345298767,80.55187680164946,7.590416200832146,0.6740404963493347,103.41540105656932,14.471337867428948,65.6749344203491,68.06675318363948,80.55187680164946,93.03700041965942,95.42881918294981,98.20982539354047,75.0521000282979,79.61216847848863,103.41540105656932,127.21863363465002,131.77870208484075,137.08076713898936,95.9628204393637,16.57674047632304,159.93727323451463,114.85132603035404,68.72570220089698,71.77043676207923,94.69172685403447,124.3316127281529,129.25408150950983,134.882502657379,2,-18.398144656638763,0.009659823961555958,75.85076089503983,8.016596563194742,0.9903401732444763,104.64672621711529,10.48647216093457,60.138520352590554,62.664632962262246,75.85076089503983,89.0368888278174,91.56300143748909,94.50015326687102,84.09361845680161,87.39801444927642,104.64672621711529,121.89543798495416,125.19983397742895,129.04190843489388,104.3685619689214,10.837771740913226,109.52464143506404,7.93262443895009,82.52877064260468,86.48385045158733,104.51857172835169,121.84607833191109,125.15627855684781,129.00373038295209,2,-26.803886186196465,0.10762582719326019,79.54191584858974,7.981617003812543,0.8923741579055786,107.73427670590362,12.462511947442659,63.898233982724655,66.41332417093113,79.54191584858974,92.67050752624834,95.18559771445481,98.10993359681727,83.30820213201588,87.2352687282265,107.73427670590362,128.23328468358073,132.16035127979137,136.72641488004544,104.7000489427385,14.892630700677655,145.45481558922353,76.33547024951979,73.09710615092293,77.53591548555411,105.84511367929427,127.53722035335555,131.54769075026073,136.19008207529095,2,-27.13537316001357,0.4553333818912506,81.7160733937001,10.83511448806879,0.544666588306427,105.53303063722691,11.766855181720462,60.47963922871712,63.893896029565695,81.7160733937001,99.53825075783449,102.95250755868307,106.92231894800804,82.4704182697563,86.17827621376128,105.53303063722691,124.88778506069255,128.59564300469754,132.90682917336875,94.68837180404313,16.417988273996144,128.8699314150291,140.68014034577016,64.36283306351477,68.36070705412517,94.6961720325691,121.18816794574532,125.37463593926581,130.113328400082,2,-17.123696021318196
118,212,set,0.229,77.3523826467665,77.4313841789099,77.37434792768279,77.3218793856003,77.37587049739767,0.9997503161430359,79.96344591895743,5.84146973000539,0.0002496927627362311,110.26908386688442,40.40700565542373,68.51437563136595,70.35508324683083,79.96344591895743,89.57180859108404,91.41251620654891,93.5527366066294,31.072808059147604,43.80547406031202,110.26908386688442,176.7326936734568,189.4653596746212,204.26983556973565,79.97101372955936,5.895009764546307,34.52192859430132,0.22926848543970169,68.51121037345416,70.35273083851828,79.9644451700497,89.58182712533856,91.42948406769911,93.58921944996922,2,-2.595143232161689,0.9998753070831299,77.97604527438915,6.329721754666899,0.0001246324391104281,101.4660553492173,29.227569116111916,65.57001860308235,67.56457948863167,77.97604527438915,88.38751106014664,90.38207194569594,92.70118002162855,44.18107252598275,53.39098228160576,101.4660553492173,149.54112841682883,158.75103817245184,169.45954862586598,77.97896817582298,6.343183579179034,40.16684898309047,0.06876118778502231,65.56860751057671,67.56362483762386,77.97661714138005,88.39230903178307,90.39099909742043,92.71944330657941,2,-0.6030976784253141,0.9940056800842285,79.39617901910674,6.620758017018245,0.005994332022964954,103.44624073931874,14.531125904194651,66.41973175539616,68.50600118164624,79.39617901910674,90.28635685656724,92.37262628281732,94.79836535653598,74.96575731228019,79.54466559211566,103.44624073931874,127.3478158865218,131.92672416635727,137.25069459396175,79.5403440354954,6.948647245336906,44.837403989276645,3.4463711490250732,66.43295862342373,68.52208653954546,79.4412887697526,90.59278162079346,92.92138920800507,96.07756338854513,2,-2.164473538097724,0.9982286095619202,76.39943808083211,5.422392588443192,0.0017714595887809992,109.29402587510907,25.395949000297357,65.77174389744653,67.48039596497654,76.39943808083211,85.31848019668767,87.02713226421768,89.01380955117175,59.51888048131025,67.52140705209533,109.29402587510907,151.0666446981228,159.0691712689079,168.37383784120044,76.45771479687399,5.69260780944866,30.492768704129777,1.9134192079996208,65.76851357589263,67.48026947694581,76.40914219188906,85.39210835200238,87.15964459769312,89.3119772234592,2,0.918155700523684,0.9999475479125977,78.29036592673836,6.9028036671214466,5.245166539680213e-05,99.21057496380203,28.803318739466413,64.7611193468293,66.93626427873973,78.29036592673836,89.64446757473699,91.8196125066474,94.34868856266766,42.75710759922022,51.83333166695138,99.21057496380203,146.58781826065268,155.66404232838383,166.2171142786804,78.29146319350383,6.907435982591918,47.689714729681654,0.022954537218420997,64.76013048680035,66.93567232762013,78.29060725444414,89.64688136212015,91.82340209872699,94.35676088885677,2,-0.9155926961061596
119,215,set,0.053,26.0093987563346,25.9973425516444,26.241925359566903,24.4093367665879,25.549534892599734,0.9999997615814209,24.876052585616073,5.869190366846291,2.8698735832222155e-07,95.19130239398395,49.838284612729346,13.372650848187913,15.222093523440305,24.876052585616073,34.53001164779184,36.37945432304423,38.529831117869925,-2.489940498222353,13.2146191876963,95.19130239398395,177.16798560027155,192.87254528619022,211.1324898486492,24.87607397340337,5.86936871062987,34.44810018425608,0.0014189323508874022,13.371254135794794,15.221333570836185,24.876055626221667,34.53011252497296,36.38105544481976,38.531747901970554,2,0.6734609191963656,0.9999986886978149,24.07219921704457,6.6318454127105175,1.3325058034752146e-06,84.4004773555981,38.45056997086766,11.074021057094782,13.163784236566189,24.07219921704457,34.98061419752295,37.07037737699436,39.500178693871185,9.038745027660156,21.15491788066504,84.4004773555981,147.64603683053113,159.762209683536,173.84987906298466,24.07228011524303,6.6323542808348215,43.983285943534554,0.0048496499330843166,11.073210069914067,13.16317000185572,24.072208174564434,34.98137824191965,37.071334812830415,39.50137787986055,2,1.4772547773567055,0.999997615814209,27.175203908971113,4.908120476299447,2.4184907942981226e-06,83.76938920698981,15.839722080431741,17.555464543640618,19.102064142015177,27.175203908971113,35.248343675927046,36.7949432743016,38.59319954454665,52.72410440421974,57.715364893088335,83.76938920698981,109.82341352089128,114.81467400975988,120.61809299419997,27.175341713732728,4.90896290501955,24.0901959672672,0.007746169808213007,17.555288834185042,19.10191670739331,27.175218644663136,35.24861179145227,36.79532935533784,38.5938575959676,2,-1.6258068211329935,0.9999914169311523,23.28264320557315,6.056223593236588,8.636438906250987e-06,87.37859564979094,31.85306269795384,11.412663080507683,13.321041862608869,23.28264320557315,33.24424454853743,35.15262333063862,37.371526086415074,24.947739964505153,34.9849699415489,87.37859564979094,139.77222135803297,149.80945133507672,161.47990033886546,23.283198008946606,6.059846850564362,36.68629208575703,0.035480698836680126,11.41241831147248,13.32054145937561,23.282705490228924,33.245223315982216,35.153719365209845,37.373952201415726,2,2.2663368836531284,0.9999998807907104,24.579224218503228,6.306916281747948,9.243763088306878e-08,83.24940409372765,31.04552975720657,12.217895452767975,14.20527009759082,24.579224218503228,34.95317833941563,36.94055298423848,39.25130550230113,22.40128388863623,32.18405187195654,83.24940409372765,134.31475631549873,144.09752429881905,155.4721062428768,24.579228983809056,6.306949476451226,39.77727733685844,0.00031818786027912804,12.217726951919905,14.20486568164105,24.579224417641033,34.953621963718454,36.941010636757916,39.251790880171455,2,0.970305908790678
120,217,set,1.226,11.8156075195472,127.80557193950001,127.67552032559999,127.6390653144,127.70671919316668,0.0015365909785032272,14.727320050602316,5.717211150325796,0.9984633922576904,110.12421467193002,10.861704766064255,3.52179210395294,5.323344553941528,14.727320050602316,24.1312955472631,25.93284799725169,28.027542055605323,88.83566451973702,92.25830019259313,110.12421467193002,127.9901291512669,131.412764824123,135.39231846292287,109.97762681817665,11.480772519046777,117.84557240756718,13.962362466976595,88.54949024506999,92.10247876011805,110.10326487076405,127.98207415140828,131.4056791503766,135.3861103461701,2,17.72909237499003,0.0009367566672153771,18.065342024049407,5.866665135163408,0.9990633130073547,109.87625159600742,12.406838731857171,6.5668896497723175,8.415536598366122,18.065342024049407,27.715147449732687,29.563794398326493,31.713245988946323,85.55929451957076,89.46881790891014,109.87625159600742,130.2836852831047,134.1932086724441,138.7388745034309,109.79025476992337,12.71635236827599,153.81770448585664,7.88875291860284,85.36211550984463,89.36085222835163,109.86167058948276,130.2780828248328,134.18828641333283,138.73453690172482,2,17.916464423243312,0.0007320462609641254,11.80487497199497,3.7950441661693315,0.9992679953575134,113.32946279117792,11.942875462906091,4.366725086564238,5.562582810830317,11.80487497199497,18.04716713315962,19.2430248574257,20.63346789985409,89.92185701203485,93.68518076978708,113.32946279117792,132.97374481256875,136.737068570321,141.11274573424402,113.25514681286866,12.25062163941846,142.53841002946234,7.539854351627442,89.77405741337229,93.60408618848787,113.31849671522296,132.9695456616343,136.73333845957814,141.10947744949587,2,14.451572380298018,0.0016214140923693776,19.383782845531854,6.647872311907224,0.9983786344528198,112.76109345141462,13.071602840444532,6.354192540372667,8.449005961780983,19.383782845531854,30.31855972928272,32.41337315069104,34.84904646523219,87.14122266393187,91.26022010924027,112.76109345141462,134.26196679358898,138.38096423889738,143.170188929589,112.60969563809931,13.593215720251576,170.66142038316988,14.114708832928596,86.77724508736759,91.06222270333028,112.734486096674,134.25172064011633,138.37194850863565,143.16228863368622,2,15.097023555067366,0.001473879674449563,19.30920636479592,13.450969595246407,0.9985260963439941,110.96322298805163,11.476170411575012,-7.054209599030354,-2.8156697599591176,19.30920636479592,41.434082489550946,45.67262232862218,50.600840886485386,88.4703423009204,92.0866024630593,110.96322298805163,129.83984351304395,133.45610367518287,137.66078762714955,110.82813333479817,12.00576315744686,131.77503749903804,12.363016931209343,88.18061525599691,91.92870457310522,110.94199285443385,129.83169338867623,133.44895668832822,137.65450366234143,2,16.87858585836851
121,219,set,0.385,127.8030728459,127.8290812693,127.7651247715,127.89917043310001,127.8311254913,0.9980975985527039,126.15823534412401,6.131750749429608,0.0019024607026949525,125.54770125705475,50.374746191594134,114.14022471306549,116.0724028843623,126.15823534412401,136.2440678038857,138.17624597518252,140.4228206642079,26.815012991183977,42.68861727705125,125.54770125705475,208.40678523705822,224.2803895229255,242.7368849652167,126.15708130257225,6.508019490932314,42.35455298340234,0.000707796721304288,114.06153531711448,116.02902631990413,126.15809161472599,136.28600869560591,138.2525230353877,140.5919690632394,2,1.6740441887277484,0.9999065399169922,128.8456287794473,7.120594251202762,9.346748993266374e-05,119.48335969718914,32.578536883961064,114.88952049856694,117.13329349930663,128.8456287794473,140.557964059588,142.80173706032767,145.4106080776403,55.63060073561569,65.89643514283345,119.48335969718914,173.07028425154482,183.3361186587626,195.2723697165531,128.844754666006,7.12779036191951,50.79732655122926,0.008191854383642063,114.88422639389636,117.13054414383622,128.84544032059696,140.5594391599525,142.80461075587147,145.41614402960423,2,-1.0136291747059971,0.9598416686058044,127.70705747253356,8.966733685985105,0.04015839844942093,126.60790483532537,18.518075508471842,110.13258238904066,112.958093047233,127.70705747253356,142.4560218978341,145.28153255602646,148.5667993200154,90.3131437757273,96.14838117105423,126.60790483532537,157.0674284995965,162.90266589492342,169.6873904257866,127.66292582639734,9.538870402694576,90.94457294372023,0.04656846985048199,109.07427059362706,112.30150284555906,127.68524322584639,142.98404321165916,146.133052762725,150.15005174838728,2,0.1681996649026587,0.9953216910362244,125.06905907225462,5.0192904454974006,0.004678286146372557,131.71158884580626,31.991680915429875,115.2314305711337,116.81306097825535,125.06905907225462,133.32505716625388,134.90668757337554,136.745674729331,69.0090464466663,79.08995645978722,131.71158884580626,184.3332212318253,194.4141312449462,206.13536773040948,125.10013187351996,5.483548260317901,29.86348916256625,0.2054552673309577,115.11650831264538,116.75026209170325,125.07392021177866,133.4251512849924,135.08852786562318,137.15701390161996,2,2.730993617780044,0.9998339414596558,126.13527023217875,5.985587619318067,0.0001660428970353678,115.10524150408484,46.886634898619555,114.4037340720065,116.2898547271076,126.13527023217875,135.9806857372499,137.866806392351,140.0598292652645,23.20912574651169,37.98359003554097,115.10524150408484,192.2268929726287,207.00135726165797,224.17986492141753,126.13343680108136,6.017206808166402,36.18633121348422,0.020197679286095623,114.39445716247542,116.28516354706265,126.13503616915793,135.98451635867707,137.8726740267424,140.0716876767416,2,1.6976886902186408
122,220,set,0.893,127.89917043310001,121.0786705029,121.2278000075,121.0707252802,121.1257319302,0.04341588541865349,118.10153001247326,9.838126532473904,0.9565841555595398,118.14392097472233,16.633367141760743,98.81915633347649,101.91925190312604,118.10153001247326,134.28380812182047,137.38390369147004,140.9884347558387,85.54312043523933,90.78446670318172,118.14392097472233,145.50337524626295,150.74472151420534,156.8389192630982,118.14208537488697,16.39691311459947,268.8592570121309,7.463087164022852e-05,85.85350113389113,91.12239579674024,118.14089911838366,145.1648822537352,150.434133219508,156.56242354839566,2,2.9836465553130296,0.48619237542152405,122.94963122597339,10.175093734585833,0.5138075947761536,113.83652501788036,14.677403931452925,103.00681396686599,106.21309139206868,122.94963122597339,139.6861710598781,142.89244848508076,146.62043890359342,85.06934192568602,89.69434392699822,113.83652501788036,137.9787061087625,142.6037081100747,147.98127245025455,118.26724438006893,13.482251208793112,161.0243384795615,20.746342328153695,89.43280620103528,94.58338966168354,119.09051676534241,139.01063649487585,142.77198578152098,147.23924213146012,2,2.8584875501310734,0.0015261010266840458,113.6155788785168,11.600952292278048,0.9984739422798157,116.70598425715667,11.626279775464553,90.87813019928444,94.53371042447225,113.6155788785168,132.69744733256135,136.35302755774916,140.60342958050705,93.91889462305971,97.58245580053125,116.70598425715667,135.8295127137821,139.49307389125363,143.75275549581266,116.70127304046314,11.626841902745467,135.16948948523438,0.014552945529042889,93.91285882953062,97.57668115024272,116.70131212859103,135.82570931414438,139.48941552941173,143.74920531003275,2,4.424458889736869,0.05335390195250511,119.34110199626143,9.161190485033515,0.9466460943222046,120.68034027510777,13.442977621750247,101.38549859008471,104.27228459976072,119.34110199626143,134.40991939276213,137.29670540243814,140.65321800480234,94.33258829149936,98.56860977694438,120.68034027510777,142.79207077327112,147.02809225871616,151.95338268624505,120.60888623771785,13.25293798604216,175.54972330718977,0.0905877647390128,94.60620225315847,98.83873649575527,120.57832732224202,142.47355149844964,146.72876684954483,151.68153718992048,2,0.5168456924821498,0.45492416620254517,120.67335911015483,10.374035459642254,0.5450758934020996,115.69703697612047,13.575039901096774,100.34062323491459,103.60958925823908,120.67335911015483,137.73712896207059,141.00609498539507,144.80697444691788,89.09044768127661,93.36808335879047,115.69703697612047,138.02599059345044,142.30362627096432,147.27730219005653,117.96089306978212,12.471829635274322,149.40673385019053,6.140629986174064,92.41579914797241,96.8633949943399,118.29143711090134,137.87668704171602,141.66137790436662,146.13952253367822,2,3.1648388604178876
123,221,set,0.647,121.0707252802,119.2206024646,119.0645290456,119.165635586,119.15025569873335,0.5361517071723938,116.30299522168242,7.968256720638157,0.4638482630252838,119.83251530316578,23.82790146520445,100.6854990296624,103.19637925426031,116.30299522168242,129.40961118910454,131.92049141370245,134.83993230355065,73.13068660419586,80.63910515548193,119.83251530316578,159.02592545084963,166.5343440021357,175.2645032195988,117.94015351469197,17.334908879038025,297.4005546977714,3.098096600056161,81.51113574251806,90.24523433633188,117.09465539461722,149.34228054996586,158.15233401610743,168.02617981605852,2,1.210102184041375,0.9529906511306763,119.27972615967357,8.409953566835336,0.04700928553938866,114.35544491647374,19.030513919423324,102.79652005702215,105.446583532771,119.27972615967357,133.11286878657614,135.762932262325,138.84420376066313,77.05632302711584,83.0530350733598,114.35544491647374,145.65785475958768,151.65456680583165,158.62704051482882,119.04823166265842,9.247410254003658,84.42737826000896,1.0863206035131132,100.89572378371227,104.3276572103334,119.17575805654383,133.56035411523848,136.5156528767002,140.2952062979199,2,0.10202403607492272,0.04371607303619385,113.50665781515352,10.088104782652303,0.9562839865684509,118.09874098266843,13.02856616338952,93.73433576888873,96.91320207434137,113.50665781515352,130.10011355596566,133.2789798614183,136.97509892937794,92.56322053222777,96.66865667483995,118.09874098266843,139.5288252904969,143.6342614331091,148.40771817867008,117.89800017876259,12.948078108677478,166.77200411198848,0.8815510973214992,92.62190701309659,96.68200934949202,117.85000361801875,139.27493398143548,143.3992381457949,148.19488798138084,2,1.2522555199707597,0.524540901184082,116.04361544983392,7.14857260126998,0.4754590392112732,122.73676010103446,17.663781934549263,102.03267061047495,104.28525987910908,116.04361544983392,127.80197102055877,130.0545602891929,132.67368212322495,88.11638367854866,93.6824243203112,122.73676010103446,151.7910958817577,157.35713652352027,163.82886165199415,119.22592465825733,13.650133337255392,175.1527272279701,11.172565627517272,93.93413010305139,99.47059761256526,117.83690932838113,144.86677844915388,151.35803292768227,158.6452050143938,2,-0.07566895952398056,0.9271886944770813,117.25739320314791,8.616493536847711,0.07281127572059631,113.50283793244341,19.308460497487918,100.36937619790424,103.08452255746003,117.25739320314791,131.43026384883578,134.14541020839158,137.30235462428024,75.65895076045275,81.74324665230117,113.50283793244341,145.26242921258563,151.34672510443406,158.42103396177598,116.98401574958179,9.845582206354312,95.98341681451092,0.9516643150377313,97.51080135023383,101.42291922852704,117.13098749256638,132.25210992894762,135.52728260151957,140.01988774561056,2,2.16623994915156
124,225,set,0.053,40.2796211298836,39.825992274554,39.3333005555829,39.654152344908596,39.60448172501517,0.9999994039535522,40.68818789691059,5.629380335186295,5.64439460504218e-07,99.14973459802886,52.393505524714854,29.65480518466743,31.428681235090117,40.68818789691059,49.947694558731065,51.721570609153744,53.784084871838544,-3.5396492542126197,12.970087006999591,99.14973459802886,185.3293821890581,201.83911845027032,221.0352547889963,40.688219608883436,5.629692259819842,31.691453500663677,0.0019291132576728257,29.65463647197286,31.427359015913833,40.68818827700006,49.94852154301776,51.72269040155242,53.78499839400406,2,-1.0837378838682667,0.9999984502792358,38.89510230911624,6.360833468044104,1.5305364513551467e-06,88.2586591146052,38.2758575843056,26.428097800092786,28.43246230876958,38.89510230911624,49.35774230946289,51.362106818139694,53.69261372462847,13.239356771981932,25.300475942382093,88.2586591146052,151.21684228682827,163.27796145722846,177.30161903294453,38.89517711566349,6.3613002266337935,40.4623820052465,0.0037295454288918772,26.427900028830233,28.431743206298346,38.89511277695099,49.3585039337836,51.362818377176126,53.69387013857739,2,0.7093046093516762,0.9999926090240479,42.4130482032576,5.202765797624359,7.436463420162909e-06,88.30697175409901,15.832367231300646,32.21581461991705,33.8552600108561,42.4130482032576,50.9708363956591,52.61028178659815,54.51649135569343,57.2761021907376,62.265045090466494,88.30697175409901,114.34889841773152,119.3378413174604,125.13856560366914,42.413391421003475,5.204422836083316,27.07043593285458,0.01566295110531429,32.21569940215766,33.85516151612279,42.413096144318814,50.97121583547013,52.61109431838562,54.5180708211504,2,-2.808909695988305,0.999985933303833,37.86398596365608,5.57874756078555,1.4122240827418864e-05,93.30058358213904,32.091478930581495,26.92984166567572,28.687762804451282,37.86398596365608,47.04020912286087,48.79813026163643,50.842093491500066,30.40244066757333,40.51479806893529,93.30058358213904,146.08636909534277,156.19872649670475,167.95652736712373,37.864770955780536,5.583892099852686,31.136530530870473,0.04340008857662439,26.929449900153493,28.68741988123949,37.864076617107926,47.0414430862339,48.79999412349125,50.84501682590589,2,1.7397107692346339,0.9999998807907104,39.49092383444301,6.180227323170157,1.7311209887793666e-07,86.49804252984666,32.96656137142709,27.377900864759113,29.325354506541984,39.49092383444301,49.65649316234403,51.603946804126906,53.868282528789024,21.88476954772017,32.272874489936484,86.49804252984666,140.72321056975682,151.11131551197315,163.18973249070297,39.490934100615725,6.1802663217057505,38.19539335005472,0.00038252041274273145,27.377243433281006,29.3248425674818,39.49092428489409,49.65704977511392,51.604587538706284,53.868762427144944,2,0.11354762439944466
125,226,set,1.153,39.654152344908596,102.9614174739,102.9154930012,102.96001815390001,102.94564287633334,0.0008516398374922574,40.70219031554055,6.90709530820972,0.9991483688354492,109.50022509096665,10.126748165068662,27.16453227366391,29.34102954613229,40.70219031554055,52.063351084948806,54.23984835741719,56.7704968015917,89.65216340692498,92.8432066424293,109.50022509096665,126.15724353950401,129.34828677500832,133.05856415572111,109.44163489349977,10.321421497459209,102.50432275104828,4.027522857071445,89.50611170717329,92.7631762009486,109.48940675704966,126.153094642685,129.34465503824092,133.05539200958287,2,-6.495992017166429,0.0007957830093801022,41.736774335634834,6.768673239133714,0.9992042183876038,106.60336807225242,11.081668015817447,28.470418563812682,30.60329760859637,41.736774335634834,52.87025106267329,55.00313010745698,57.483062935570686,84.88369787262079,88.37564624376296,106.60336807225242,124.83108990074187,128.32303827188406,132.38318290167572,106.55174848800364,11.228883110275056,122.74210010095125,3.345731663609263,84.73445694155582,88.2938278156783,106.59230673056271,124.82684343066856,128.3192790390356,132.37990483027633,2,-3.6061056116703014,0.00020574357768055052,35.2659961100229,5.2268637739603045,0.9997943043708801,110.01641036588077,10.82713897958431,25.021531360963593,26.668570273843027,35.2659961100229,43.86342194620276,45.5104608590822,47.42549953847654,88.79560791028577,92.20735154580385,110.01641036588077,127.82546918595769,131.23721282147577,135.20410211298145,110.0010362233472,10.879211712104494,117.20844635049997,1.149381314807623,88.7582841354033,92.186787022689,110.01361725139105,127.82441427471772,131.2362589566389,135.2032672878146,2,-7.055393347013862,0.0010651422198861837,42.70537804283105,7.79162580228017,0.998934805393219,110.81196823204512,11.076681264888188,27.43407208934891,29.889294082101834,42.70537804283105,55.52146200356026,57.976683996313184,60.83141016328729,89.1020718846347,92.59244887890836,110.81196823204512,129.03148758518188,132.52186457945555,136.58018214404575,110.73941922228717,11.294374284077817,122.6268402426603,4.935407794211642,88.90148066391272,92.48273367814355,110.79716628051767,129.0257811171393,132.5168655608674,136.57579704071244,2,-7.79377634595383,0.0017848408315330744,44.08499425728088,14.179962998533023,0.9982151985168457,110.15155804524238,9.511421327859958,16.29277747804556,20.761030689106157,44.08499425728088,67.4089578254556,71.8772110365162,77.07252103289596,91.50951480085072,94.50666217664833,110.15155804524238,125.79645391383642,128.79360128963404,132.2784328304161,110.03364407887977,9.921724948545783,90.66455015481128,7.776552206456619,91.21716179040823,94.34780692975527,110.13024272561047,125.78829442695363,128.78642584219858,132.27214626180046,2,-7.088001202546437
126,229,set,0.229,65.92718342590611,65.8796681509356,65.8921700993193,67.3462804312586,66.37270622717118,0.9997400641441345,68.42672864833924,5.995888631735032,0.0002599082363303751,106.78119878885293,36.59797267215583,56.675002874825424,58.56436948563277,68.42672864833924,78.2890878110457,80.17845442185305,82.37525141976167,35.05049044424638,46.582890699986535,106.78119878885293,166.9795068777193,178.5119071334595,191.92081470892742,68.4366954011144,6.055727182906369,36.28945972090999,0.38224263454373497,56.67313130365998,58.56311540254733,68.42810810098264,78.30078552141636,80.19909087927392,82.41918667213484,2,-2.0639891739432272,0.9997851252555847,66.27597790700922,6.401168451443213,0.00021485310571733862,97.7350436134771,27.686996674424833,53.72991828320649,55.74699276292551,66.27597790700922,76.80496305109293,78.82203753081194,81.16732252540145,43.469527291524166,52.19398671415605,97.7350436134771,143.27610051279814,152.00055993543003,162.14462946560116,66.28273555085335,6.42989398198481,41.13085295924627,0.2125885928394476,53.72882003050383,55.74645026290117,66.27726059802802,76.81479844620442,78.83946309571601,81.20492130969775,2,0.08997067631783295,0.9945003986358643,67.4705324012501,6.301719065017195,0.005499600432813168,98.61914315376356,13.741773199823994,55.11938999312697,57.105126941127324,67.4705324012501,77.83593786137287,79.82167480937322,82.13052315095548,71.6857625983908,76.01593766528852,98.61914315376356,121.22234864223859,125.55252370913632,130.58728802272552,67.64183725158931,6.770403102603865,40.53178922334843,5.306564687208375,55.13369303602875,57.12147002013152,67.51317853762427,78.14632714216059,80.39724290890697,83.58269693648438,2,-1.2691310244181295,0.997925877571106,65.04172949101971,5.7754163983598605,0.0020741522312164307,104.00534958381633,23.55101151136776,53.722121354512346,55.54201488102248,65.04172949101971,74.54144410101694,76.36133762752706,78.47735715104479,57.84621522204728,65.26738288096718,104.00534958381633,142.74331628666545,150.16448394558537,158.7931951447981,65.12254790896604,6.130165174350854,34.43668015154821,3.1423713033226757,53.72379470170279,55.545388965313954,65.05529798035829,74.64134316947363,76.54209772201956,78.89226569872747,2,1.2501583182051377,0.9999388456344604,66.92979850978901,7.271516843495352,6.119046884123236e-05,96.16612271689502,25.10718705716827,52.67788738356174,54.969217656326954,66.92979850978901,78.89037936325106,81.18170963601628,83.84587625970659,46.956940331735005,54.86847502336271,96.16612271689502,137.46377041042732,145.37530510205502,154.57417395048412,66.93158991056114,7.277529439874337,52.91029635813694,0.052300127034620114,52.6775630507696,54.96894589890391,66.93021970634503,78.89368287612679,81.18723743532472,83.85724550946573,2,-0.5588836833899649
127,231,set,0.053,10.5367549407898,10.4492323523698,10.6407826082793,10.3051892089417,10.465068056530265,0.9999998807907104,7.478986659424514,6.09914501520983,1.0809960571123156e-07,91.29104179207965,48.73023227877229,-4.475117906873756,-2.5532141401463715,7.478986659424514,17.511187458995394,19.43309122572278,21.667719699024694,-4.218458432585265,11.136942486153316,91.29104179207965,171.44514109800596,186.80054201674454,204.65451405531792,7.47899563638545,6.099227995570577,37.19982217918997,0.0007593413375554339,-4.476571716837039,-2.554372173162591,7.47899002918945,17.511200141658517,19.433599063550385,21.66871227588466,2,2.986072420144815,0.9999991655349731,8.129632378430067,6.932417780305713,8.467559382552281e-07,80.93948322099278,39.87739924837901,-5.4576567967542395,-3.273180151048665,8.129632378430067,19.532444907908793,21.71692155361437,24.25684774360719,2.7812168970452973,15.34699843390463,80.93948322099278,146.53196800808092,159.09774954494026,173.7081861847371,8.129694130524221,6.932835694306993,48.05972269482675,0.004488881760364547,-5.457677449526705,-3.273217534702864,8.129640388035341,19.5331771099669,21.71783902281995,24.25788693938503,2,2.335373926006044,0.9999995231628418,10.977581153749668,4.564059717633109,4.6712978019058937e-07,80.13438996545467,16.43266437632448,2.0321884838987234,3.470370973577734,10.977581153749668,18.4847913339216,19.92297382360061,21.59517177486089,47.92695961782433,53.10506236558109,80.13438996545467,107.16371756532826,112.34182031308501,118.3624838021438,10.977613352391037,4.564317321040723,20.83075731350049,0.0022341238352008765,2.032136593618406,3.4701873884063925,10.977583993995209,18.484971371198203,19.92319096576419,21.595444913030402,2,-0.5125452958607717,0.9999961853027344,7.580107602471237,6.5204674832563265,3.846691924991319e-06,81.83179379101776,33.04033607768114,-5.199773827075694,-3.145106986782073,7.580107602471237,18.305322191724542,20.359989032018163,22.748983269897025,17.073925041663315,27.48527715794834,81.83179379101776,136.17831042408716,146.5896625403722,158.69510938292618,7.580393468355877,6.522402885681537,42.52053330699682,0.021207934638824272,-5.200321123710073,-3.1454893284201666,7.580138636115,18.30605479489323,20.36094565218495,22.75027174714657,2,2.8846745881743887,1.0,8.414703295462218,6.305377161090769,3.522598390759413e-08,80.33979599727124,30.865365304167728,-3.943608849217103,-1.956719197254916,8.414703295462218,18.786125788179348,20.773015440141535,23.0832040491914,19.844791631430304,29.570787929528798,80.33979599727124,131.10880406501366,140.83480036311215,152.14337295411576,8.414706125510579,6.305394074904115,39.75781470237049,0.00018223172150976256,-3.944144265570528,-1.9568768848440747,8.414703793792462,18.786287242644494,20.773569052507757,23.083736436875064,2,2.050361931019687
128,232,set,1.153,10.3051892089417,105.4518612253,105.4748737228,106.1708065318,105.69918049329999,0.002570990240201354,13.545607549602899,5.808587312002357,0.9974289536476135,109.21777998536265,11.012436936917398,2.1609856170219555,3.9913316419915166,13.545607549602899,23.099883457214275,24.93022948218384,27.058402294060183,87.63380020698595,91.1039331480997,109.21777998536265,127.3316268226256,130.80175976373934,134.83653924156926,108.97180163532316,12.02171252370964,121.04871121740877,23.472194461328087,87.13886721763089,90.83716378033053,109.1822042049816,127.31788700824798,130.78969294626856,134.82600645007608,2,-3.2726211420231692,0.0014354931190609932,16.753467162877484,5.904833895721296,0.9985645413398743,108.4937203586199,12.60447757338054,5.1802053925724,7.040879712954315,16.753467162877484,26.466054612800647,28.326728933182565,30.49016494275302,83.78939827085122,87.76119970621642,108.4937203586199,129.22624101102338,133.19804244638857,137.81611996484918,108.36203159499458,13.067463673771584,158.69485091193172,12.064160581595887,83.47974607865547,87.59240382705428,108.47101012330553,129.2174645302459,133.19031915495975,137.8093698091543,2,-2.662851101694585,0.001472116564400494,10.971195592697562,3.829254523157978,0.9985278844833374,112.15841675426779,11.881099454947371,3.465994639670825,4.672632401760829,10.971195592697562,17.26975878363429,18.4763965457243,19.879373711807396,88.87188972583247,92.61574722362644,112.15841675426779,131.70108628490914,135.4449437827031,139.7979872125524,112.00945748740281,12.490992343017743,140.97430558543476,15.050597272937045,88.57231077831193,92.45252197189772,112.13646347831892,131.69260696183326,135.43751805582733,139.79145641596318,2,-6.310276994102821,0.0029381015338003635,18.11605998698885,6.691554703768178,0.9970619082450867,111.0563490941219,13.211395084840463,5.00085376702363,7.109431962551575,18.11605998698885,29.12268801142612,31.23126620695407,33.68294404612794,85.1624905423051,89.3255379717332,111.0563490941219,132.78716021651059,136.9502076459387,141.79064996285413,110.78328217415188,14.123173690570624,174.1597018233782,25.304453286300554,84.47925665187601,88.95859915301124,111.00755620514411,132.7683487280597,136.93360575753212,141.7761403154882,2,-5.084101680851887,0.0026335897855460644,18.092722622605578,13.214967276505265,0.9973664879798889,109.79018683233826,11.527722363149625,-7.808137296220114,-3.643964232199135,18.092722622605578,39.82940947741028,43.993582541431266,48.83533365182288,87.19626617678803,90.828770892822,109.79018683233826,128.75160277185452,132.38410748788849,136.60767924438446,109.54870186511668,12.453249668455307,132.9983376288123,22.086022932686873,86.66493467977135,90.54259000215797,109.75203524371477,128.7368583680904,132.3711881919981,136.59629654680447,2,-3.8495213718166923
129,233,set,1.378,106.1708065318,112.3108783081,111.1249523412,111.5742433983,111.67002468253332,0.0004733430396299809,92.8881421982195,11.004847998272398,0.9995266199111938,113.05865200600203,10.467855243813364,71.31903646626789,74.78677805421148,92.8881421982195,110.9895063422275,114.4572479301711,118.48924694314309,92.54203273274909,95.84056234181263,113.05865200600203,130.27674167019143,133.57527127925496,137.4105247982145,113.04910024684882,10.477328333818553,109.58144731571916,0.19248820677688738,92.50277484857152,95.81379683248736,113.05285516747011,130.2743913648825,133.57318903186072,137.40869672286652,2,-1.3790755643154995,0.0017152694053947926,96.82358924595712,11.639375902581962,0.9982847571372986,108.20405355571839,9.953569888073266,74.0108316743731,77.67851957714362,96.82358924595712,115.96865891477063,119.63634681754115,123.90082663209085,88.6954150574924,91.83188802420611,108.20405355571839,124.57621908723065,127.71269205394437,131.35951970395456,108.18453586549569,9.967821021324994,99.1359945563756,0.22177200965723584,88.63182871324221,91.7848174359189,108.18966641203919,124.56939107859766,127.70659142022707,131.3541025271184,2,3.485488817037634,1.4301165720098652e-05,85.30294612196045,10.613692295106606,0.9999856948852539,111.41524053309278,10.515330315321636,64.50049148056122,67.84497585500745,85.30294612196045,102.76091638891344,106.10540076335965,109.99408662840536,90.80557182952016,94.11906132534321,111.41524053309278,128.71141974084236,132.0249092366654,135.8775568569785,111.41486665686139,10.51579769127641,110.57220092567522,0.009751137841662445,90.80380473903543,94.11793965907584,111.41505470910836,128.71138575719704,132.02488122173096,135.87751608065506,2,0.2551580256719319,0.0003501396859064698,94.94663804735822,11.76629680306344,0.9996498823165894,115.63958410753324,9.646972757942807,71.8851200819451,75.5928020750518,94.94663804735822,114.30047401966463,118.00815601277134,122.3191376004984,96.7318649421263,99.77172597752896,115.63958410753324,131.5074422375375,134.54730327294018,138.0817986739034,115.63234123025872,9.655545442407536,93.07997535928351,0.14987662292833742,96.70086927223096,99.7517363661885,115.63568216233065,131.50587734634917,134.54591443276112,138.0806021971076,2,-3.9623165477253934,0.0062093050219118595,97.2359017732635,14.920333009021446,0.9937906861305237,115.61743795095161,8.858852065967966,67.99258643823734,72.6941379080508,97.2359017732635,121.77766563847621,126.47921710828967,131.94578674878193,98.25440695728614,101.04592299961766,115.61743795095161,130.18895290228556,132.9804689446171,136.2262096210585,115.5033003631203,9.025483177441524,79.37425030949102,2.08497824131911,97.76530303626616,100.74620070017497,115.56327981105937,130.1695559512888,132.96478761976007,136.21484605492122,2,-3.833275680586979
130,234,set,1.076,111.5742433983,105.5968662229,105.4148443075,105.2997024335,105.43713765463333,0.002619342179968953,101.74368408096943,10.443446221930655,0.9973806738853455,113.55133669815623,11.647677847819777,81.27490561150444,84.56574368495413,101.74368408096943,118.92162447698472,122.21246255043441,126.03877299701766,90.72230761290446,94.39261154460755,113.55133669815623,132.71006185170492,136.380365783408,140.64788729694436,113.52041023984755,11.6603064426553,135.59871951075033,0.3642338577140793,90.65953879319842,94.33628247268564,113.5229416305439,132.69570651800052,136.36757055125102,140.6365790299946,2,-8.083272585214218,0.020503124222159386,105.04590396032032,10.43513067516145,0.9794968366622925,108.8004305962219,11.260524574232724,84.59342366303474,87.88164142156843,105.04590396032032,122.21016649907219,125.49838425760589,129.32164802182052,86.73020798369754,90.27851590891902,108.8004305962219,127.32234528352478,130.87065320874626,134.99632800007285,108.72344681442213,11.256811628060722,126.43224981985887,0.2830958331898605,86.67283287936036,90.21508083705488,108.71914147347918,127.2466657218473,130.79775579145758,134.92697612090768,2,-3.2863091597888,0.0001039473427226767,94.93781280109695,10.846536195085204,0.9998960494995117,111.26864465952204,10.342648852156977,73.67899250171983,77.09684840075063,94.93781280109695,112.77877720144328,116.19663310047406,120.17062921924045,90.99742540454983,94.25650118276614,111.26864465952204,128.28078813627792,131.53986391449425,135.32924382868836,111.26694676158561,10.344044341712491,106.97149478308071,0.027719466042427712,90.99129024295262,94.25205381254817,111.26747525473097,128.28031397880463,131.53946013405462,135.32884800554527,2,-5.829809106952283,0.002944550709798932,102.73353767541573,10.573766789389314,0.9970554113388062,114.44427580210538,10.208635826861233,82.00933558728696,85.3412390213497,102.73353767541573,120.12583632948177,123.45773976354451,127.3317975665152,94.43571725017209,97.65256413606593,114.44427580210538,131.23598746814483,134.45283435403866,138.19311405478118,114.40978859652226,10.229453215648318,104.23858562056046,0.40263070200706363,94.3374875211204,97.57522024513571,114.41666231554711,131.22243549598434,134.44066826066884,138.18229012966364,2,-8.97265094188893,0.039675500243902206,104.87662932283357,12.846268417532821,0.9603244662284851,114.02462131132923,9.597475353478009,79.69840588873488,83.74639812346254,104.87662932283357,126.00686052220458,130.05485275693223,134.76151854531903,95.2139152760015,98.23817916658355,114.02462131132923,129.8110634560749,132.83532734665695,136.35168769605215,113.66166632998511,9.909260628035693,95.00447231074327,3.1885407412261935,93.88445731984466,97.28942699943859,113.77051041323477,129.72167130191872,132.76772493667576,136.31037105430383,2,-8.224528675351777
131,236,set,1.378,11.836612607673201,126.42611821999999,126.40622181530001,126.4252231468,126.41918772736666,0.0007323927129618824,13.892907620350044,5.457223604785222,0.9992676377296448,111.59924491320376,10.813128686383545,3.1969458993891617,4.916573580933882,13.892907620350044,22.869241659766203,24.588869341310925,26.58830815150764,90.4059021276951,93.81323097471278,111.59924491320376,129.38525885169474,132.79258769871242,136.75434384450216,111.5276889011322,11.128622620602085,116.85993304321849,6.986687046649778,90.2720379378447,93.73976191794864,111.58931165553925,129.38141652940246,132.78924343715337,136.75144092569303,2,14.891498826234468,0.0004922682419419289,17.856565675928643,5.76495395724141,0.9995077848434448,112.64230483496362,12.318523272678178,6.557463547203813,8.374060250151864,17.856565675928643,27.339071101705418,29.15566780465347,31.26785405830053,88.49844287779591,92.3801371512128,112.64230483496362,132.90447251871444,136.78616679213133,141.29947526168112,112.59565080544695,12.494300205011418,151.68768431512953,4.420526302702728,88.39639423707968,92.32400457007438,112.63470012546513,132.90155432949135,136.78362890488376,141.29723955397282,2,13.823536921919711,0.00026350124971941113,10.679985373918448,3.6215509063417692,0.999736487865448,115.53941383994359,12.287536120693693,3.5818760293101883,4.723064230432795,10.679985373918448,16.6369065174041,17.778094718526706,19.104972625617304,91.45628558464894,95.32821548552334,115.53941383994359,135.75061219436384,139.62254209523823,144.1244973715194,115.51178199187075,12.403383555117344,150.947213906563,2.896564472775704,91.4020003743107,95.29829423174006,115.53535495633092,135.74909581188444,139.621210261082,144.12332522903395,2,10.907405735495914,0.0006125463987700641,19.05166208381486,6.5057091058291645,0.9993873834609985,115.96831164510371,13.202445277186486,6.300706542495417,8.350722865200536,19.05166208381486,29.75260130242918,31.802617625134303,34.186204631288675,90.09199439395726,94.25222164629517,115.96831164510371,137.68440164391222,141.84462889625016,146.68179214782703,115.90893756638987,13.415463893325324,174.22370500754187,5.750024139853562,89.95556288991882,94.1772770176516,115.95817088136293,137.68054162514122,141.84123890960302,146.67881414814568,2,10.510250160976796,0.0005716286250390112,18.672359757319562,13.759997820145136,0.9994283318519592,112.9623044846028,11.748715034067946,-8.296740397514561,-3.9608225639905257,18.672359757319562,41.30554207862964,45.64145991215368,50.6829014330208,89.93524615320534,93.63738794879684,112.9623044846028,132.28722102040874,135.98936281600024,140.29390272681843,112.90840118853399,11.96416915810149,138.06162703725704,5.079212755050161,89.82197677379212,93.57518724198366,112.95388305983711,132.2840226564939,135.9864991342981,140.29143803580706,2,13.510786538832676
132,238,set,0.385,11.4470043761898,14.2633005277421,14.1798153731319,14.1602664622302,14.201127454368068,0.997591495513916,11.835892190522522,6.766504868682275,0.002408491214737296,95.39642494125157,21.93179501518935,-1.4262136533096683,0.705982115485682,11.835892190522522,22.965802265559354,25.09799803435471,27.57713640646853,52.41089659516534,59.32183236496113,95.39642494125157,131.47101751754198,138.38195328733778,146.41740964873682,12.037146842473192,7.975604293854396,46.83380636681841,16.776455562406266,-1.4194619903811583,0.7136761438377205,11.856364404487719,23.11907290654253,25.382027495946268,28.25810481870463,2,2.1639806118948766,0.9864285588264465,13.024104791785746,6.884686427311269,0.01357151847332716,88.99857096824684,21.84418254042215,-0.4696326505960826,1.6998033513992272,13.024104791785746,24.34840623217226,26.51784223416757,29.04028042539915,46.18475991730075,53.068088088843425,88.99857096824684,124.92905384765024,131.8123820191929,139.81573858131796,14.05519466976111,11.423869807983795,53.23153426732895,77.27328239288886,-0.4295917539264407,1.7453073121755363,13.142765729064363,25.32851178405452,28.647771486223554,75.15714536607011,2,0.14593278460695736,0.9958512783050537,12.414154854696143,4.689609368989551,0.00414874916896224,90.0671874516166,13.129877527875689,3.222689389915013,4.7004338751280725,12.414154854696143,20.12787583426421,21.60562031947727,23.323817640326993,64.33310037555844,68.47046077846164,90.0671874516166,111.66391412477157,115.80127452767475,120.61185012500682,12.736318150216704,6.89416787369659,22.616413690018863,24.913141437355858,3.2309742244340525,4.7097688022104425,12.438641147455192,20.31394128193195,21.956386736125143,24.229929652891048,2,1.4648093041513643,0.9880661964416504,13.281732113695284,7.422473081681377,0.011933814734220505,88.63326390168078,19.443877343997023,-1.266047802618246,1.0728503443419957,13.281732113695284,25.490613883048567,27.82951203000881,30.548986587390125,50.52396458763228,56.650931730407706,88.63326390168078,120.61559607295384,126.74256321572926,133.86648662399912,14.180963482427753,11.220392920687013,58.947386439589,66.94983310247873,-1.2280650262321986,1.1159419764784062,13.394082285453301,26.404491100101822,29.753395929827313,69.45980077438627,2,0.02016397194031505,0.9993639588356018,14.092852995248961,8.996018498935742,0.0006359941326081753,90.30020029693246,17.297753270949507,-3.5390192669211764,-0.7042806608480383,14.092852995248961,28.889986651345957,31.724725257419095,35.0207215050802,56.3972268724115,61.84792809109946,90.30020029693246,118.75247250276544,124.20317372145341,130.54079184448884,14.141319758182362,9.206432891156807,81.06717231896337,3.6912248551377562,-3.5367040226915347,-0.7015194851793228,14.100028780850035,28.943070859298246,31.82130121221848,35.23947146989623,2,0.059807696185705694
133,239,set,1.076,14.1602664622302,126.6253791955,126.6252028219,126.6373897906,126.62932393599999,0.003630071645602584,17.450289365078703,6.088768478500152,0.9963699579238892,108.18562706003664,11.008944206830712,5.516522437015659,7.435156449549927,17.450289365078703,27.465422280607477,29.384056293141747,31.614882970564416,86.60849290683757,90.07752525252474,108.18562706003664,126.29372886754854,129.7627612132357,133.7962610110315,107.85625448241001,12.274716731146638,120.89148088974346,29.77753392120666,85.89547263680763,89.69739590190241,108.13535742567063,126.27436477050733,129.74565386787575,133.78130515831535,2,18.773069453589983,0.0020088255405426025,20.015595454654125,6.082012812620247,0.9979912042617798,106.57276892184757,12.514657355307877,8.095069388407282,10.011574620650382,20.015595454654125,30.019616288657865,31.93612152090097,34.164473031182396,82.04449122658484,85.98798938091448,106.57276892184757,127.15754846278065,131.10104661711028,135.68621545471763,106.39889383718551,13.091836610509896,156.37634608849257,15.02017713168159,81.60963544657977,85.75227642318089,106.54119692483702,127.14537190556403,131.09033880824694,135.67682211883607,2,20.23043009881448,0.0021233116276562214,14.655796039858103,4.090872820725088,0.9978766441345215,110.31275194134392,11.601983861053395,6.637832645903147,7.92690904329124,14.655796039858103,21.384683036424963,22.673759433813057,24.17258932932337,87.5732814244643,91.22918670765779,110.31275194134392,129.39631717503005,133.05222245822353,137.30300243116162,110.10963753461618,12.399349541237022,134.35574714045805,19.38758556010721,87.14628768169881,90.9980002133739,110.28181189804987,129.38439725572835,133.04174207717492,137.29381778052877,2,16.519686401383808,0.004530392587184906,21.347843978106653,6.9304319567229165,0.9954695701599121,109.10429739789353,12.91953199255468,7.764446945624279,9.948297837750571,21.347843978106653,32.74739011846273,34.93124101058902,37.470439626813715,83.78247999537335,87.85355834142437,109.10429739789353,130.35503645436268,134.4261148004137,139.15962318237575,108.70672214739109,14.18123854830205,166.37571212480086,34.73137441585279,82.7191886510181,87.2921908007151,109.03060649964992,130.32661648446526,134.4010886601256,139.13767511755813,2,17.9226017886089,0.004520414862781763,21.673842618958446,13.161626365617959,0.9954795837402344,108.47993842797244,11.143846342757254,-4.122471035625566,0.024893754891614606,21.673842618958446,43.32279148302527,47.47015627354245,52.29236413353367,86.63840094691982,90.14994235289826,108.47993842797244,126.8099345030466,130.32147590902505,134.40440167608358,108.0875387107526,12.582357469021662,124.40700628334781,33.908696874053234,85.72338854266256,89.66684482937885,108.41651591933336,126.78553330950642,130.2999640339404,134.38551551337437,2,18.541785225247395
134,243,set,1.153,9.99160705007793,90.5363281543536,91.33162421420549,91.4897179280507,91.11922343220327,0.0026120375841856003,13.243367204737368,5.798496049516811,0.9973879456520081,109.21548920112872,11.025392753500478,1.8785237831866333,3.705689946825853,13.243367204737368,22.78104446264888,24.6082106262881,26.732686162165017,87.60611648885887,91.08033194196898,109.21548920112872,127.35064646028846,130.82486191339856,134.86438819369985,108.96480458057279,12.055102892328227,121.32958929014202,23.995717412295733,87.10230551189848,90.80885917033136,109.17930087336899,127.3367127455189,130.81253272999788,134.85362886739668,2,-17.84558114836952,0.0014507625019177794,16.481946234589095,5.897731748726008,0.9985491633415222,108.51580638211537,12.625150469351707,4.922604416607687,6.7810407769102685,16.481946234589095,26.182851692267917,28.0412880525705,30.202121949901013,83.77096616278706,87.74928184179413,108.51580638211537,129.2823309224366,133.26064660144368,137.88629833593745,108.38227906174768,13.095226960074125,159.21363131970114,12.270466719920245,83.45741505080372,87.57838433602592,108.49281831590609,129.2734688236783,133.25284108028416,137.8795080938743,2,-17.26305562954441,0.0015100633027032018,10.70434213728582,3.8169029009166,0.9984899759292603,112.18466627810845,11.895235741281004,3.223349919002829,4.426095556991553,10.70434213728582,16.982588717580086,18.185334355568813,19.58378608625347,88.87043263758406,92.6187446256196,112.18466627810845,131.7505879305973,135.49889991863284,139.85712265605213,112.0314289659017,12.523258884047305,141.3049697497272,15.52753572912704,88.56258076353673,92.45109332643767,112.16211887681031,131.7418993887959,135.49124707600168,139.85042784569688,2,-20.912205533698426,0.0029796045273542404,17.847459808598735,6.681271946038078,0.997020423412323,111.05877159844928,13.24008286215013,4.752407423446261,6.857745415508878,17.847459808598735,28.83717420168859,30.942512193751206,33.39042259615313,85.10868603630902,89.2807732815036,111.05877159844928,132.83676991539494,137.00885716058954,141.8598102169368,110.78104185478584,14.167598502095842,174.9104827768836,25.81070742769516,84.41370136306702,88.90768938711555,111.00917971589037,132.8176656664855,136.99199174430174,141.84500514826792,2,-19.66181842258257,0.002656670520082116,17.806219965427218,13.201838219364493,0.9973433613777161,109.78707136578011,11.556458819624263,-8.068907474251592,-3.908871512121042,17.806219965427218,39.521311442975474,43.681347405106024,48.51828824047692,87.13682829049628,90.7783881616058,109.78707136578011,128.7957545699544,132.43731444106393,136.67141477225354,109.54271205141858,12.493060989811362,133.65996894385603,22.416986712293156,86.59923636308207,90.48885308648386,109.74848938734954,128.78087730177634,132.424249430872,136.6599222780696,2,-18.423488619215306
135,244,set,0.385,91.4897179280507,89.5306445490162,89.6673609909319,91.2254774513426,90.1411609970969,0.9861552119255066,92.788149466408,6.501759650635837,0.013844781555235386,113.80644415740844,30.385869802240457,80.04493471502603,82.0937065234929,92.788149466408,103.48259240932309,105.53136421778997,107.91350420718919,54.25123370609391,63.82613600511799,113.80644415740844,163.78675230969887,173.36165460872294,184.4945477727323,93.07914256015857,7.778309056727398,54.470521322438536,6.0315139784580625,79.87289755691096,82.00590889163703,92.84645815462218,104.02946911999602,106.57132556474154,110.95979452575207,2,-2.937981563061669,0.9967357516288757,91.91476506937582,6.838610165925847,0.0032642597798258066,106.24648679644682,23.25524263196311,78.51133543985168,80.66625233464548,91.91476506937582,103.16327780410616,105.31819469889996,107.82375129027149,60.66704878605866,67.99501660762579,106.24648679644682,144.49795698526785,151.82592480683496,160.34627105361812,91.96154858081327,7.003388585739562,48.37926352552261,0.6682846398899791,78.47607485989572,80.64746835924927,91.92773073438718,103.27366369876391,105.5105529350697,108.23484047528237,2,-1.8203875837163679,0.7422176599502563,90.70931718023249,7.685307642502695,0.25778231024742126,108.6515926175822,13.306459767068704,75.64639099081677,78.06811103022406,90.70931718023249,103.35052333024092,105.77224336964821,108.58801627571846,82.5714107123963,86.76441400783538,108.6515926175822,130.538771227329,134.7317745227681,139.60704700771245,95.33451569021975,12.291303664948714,89.48172769905767,61.59414722145229,76.3696916182441,78.94544573667842,93.27251407232396,120.14916656427442,125.93650314220537,132.13588838597977,2,-5.193354693122842,0.9593265056610107,90.060836252328,6.0217945379406075,0.04067348688840866,113.99335783349652,20.509690480160508,78.2583358356644,80.15586566583983,90.060836252328,99.96580683881618,101.86333666899161,104.06962517357688,73.79510315831791,80.25791905955242,113.99335783349652,147.72879660744061,154.19161250867512,161.70603267925358,91.0342546840607,8.616565101438203,51.89630347543651,22.348828927169052,78.18995086779597,80.15694750451047,90.30152322713752,102.22176865234987,109.03712009523036,128.09533565953612,2,-0.8930936869637947,0.997589111328125,91.8214299292442,7.815046923461993,0.0024109489750117064,104.64454424513247,22.705825236515242,76.50421942176814,78.9668216523918,91.8214299292442,104.6760382060966,107.13864043672027,110.00194772516943,60.14194454230193,67.29678525192409,104.64454424513247,141.99230323834084,149.147143947963,157.46619251244257,91.8523513406808,7.90984590960073,62.170689083077484,0.395481999337747,76.47749988853926,78.95227274259717,91.83154799169725,104.75893120510135,107.27983911613799,110.29194410860077,2,-1.711190343583894
136,246,set,0.952,22.5047468137217,92.29000102441901,92.5166090442387,92.4616053183915,92.42273846234974,0.0067245434038341045,25.689246626901472,6.606960337229191,0.99327552318573,106.44364027806063,11.066883867067654,12.739842318647645,14.82176395308551,25.689246626901472,36.55672930071743,38.6386509351553,41.059334761286756,84.75294647752067,88.24023621026366,106.44364027806063,124.6470443458576,128.1343340786006,132.18906203447034,105.9006109409387,12.864789668826942,121.9458713163556,43.557688704727376,83.33604911520666,87.51153493259018,106.34973528649665,124.61084079433107,128.10240663330399,132.16101327398098,2,-13.477872478588964,0.003892103908583522,27.103347734512987,6.417123047762536,0.9961078763008118,103.4198308605817,12.400960006816822,14.526017676536508,16.54811961480689,27.103347734512987,37.65857585421908,39.68067779248946,42.031808294133846,79.11439587349913,83.02206681568889,103.4198308605817,123.8175949054745,127.72526584766425,132.2687778085055,103.12279713157639,13.26370740995149,153.34553825193106,22.58018554542212,78.2488074814926,82.56184023207743,103.35910226693184,123.7941437382517,127.70463595264039,132.250703040346,2,-10.70005866922665,0.0036135450936853886,22.34600166540099,4.637180118640345,0.9963864088058472,106.96637719588381,11.116032642806848,13.257295643040736,14.718519128428158,22.34600166540099,29.97348420237382,31.434707687761243,33.13369577594441,85.17935356501079,88.682130586052,106.96637719588381,125.2506238057156,128.75340082675683,132.8261361022461,106.66059272185983,12.205718773152391,123.19736769793529,25.78167861020958,84.4629294440615,88.30007895170938,106.9158515263675,125.2311526798535,128.73624820292414,132.81111653004334,2,-14.237854259510087,0.00897617731243372,28.28855654494945,7.391115824869097,0.9910237789154053,105.85747154479961,12.375712701078504,13.802235722641964,16.131252873195088,28.28855654494945,40.44586021670381,42.774877367256934,45.48286313092329,81.60152036767082,85.50123562232122,105.85747154479961,126.21370746727798,130.11342272192837,134.64768447669383,105.16119457621757,14.345682862976876,152.273838351646,53.52429438252486,79.37081282660685,84.38908904215091,105.71698139297592,126.15961567859877,130.06573032596845,134.60588570512726,2,-12.738456113867827,0.011914302594959736,29.22747455195409,13.04826261258097,0.9880856275558472,106.25769445831136,10.531841858557836,3.6533497704748683,7.764992468234979,29.22747455195409,50.68995663567319,54.8015993334333,59.582272540658415,85.61566372466662,88.93435617878316,106.25769445831136,123.58103273783955,126.89972519195611,130.7584223757017,105.3399256873765,13.471469754585625,111.62664969058855,69.85307257655985,82.88761108774969,87.63915008974563,106.09852733120718,123.51984534564156,126.84577698475726,130.71113362350167,2,-12.917187225026765
137,247,set,0.229,92.4616053183915,92.61017137512209,92.3230605463863,92.42058761009599,92.45127317720146,0.9998161196708679,94.87245959038293,5.636783147612288,0.00018394515791442245,115.14732893742291,47.578649317409784,83.82456763240052,85.60077638569392,94.87245959038293,104.14414279507194,105.92035154836535,107.98557808226002,21.894889842238484,36.88741504222921,115.14732893742291,193.4072428326166,208.3997680326073,225.83181862671387,94.8761952048927,5.679691934967418,32.18388354456688,0.07560048735790113,83.82039099494669,85.59734062507802,94.87288910150755,104.15072592310906,105.93059730288687,108.00764337423804,2,-2.424922027691238,0.9999533891677856,93.54840921100761,6.27654620976648,4.658674879465252e-05,106.86654481896869,32.349223655183025,81.24660469256392,83.2244094131447,93.54840921100761,103.87240900887052,105.8502137294513,108.14983914241697,43.46323152697879,53.65680696067651,106.86654481896869,160.07628267726085,170.26985811095858,182.1220924960754,93.54902740667998,6.280957047074198,39.44194782890625,0.00826283414696265,81.24524935127297,83.22337544087071,93.54852719369906,103.8740951486979,105.85327904688586,108.15567749913407,2,-1.0977542294785252,0.9954256415367126,95.24248710421105,7.041032451277713,0.004574381280690432,110.64243015437147,16.154860972274506,81.44231708572896,83.66101933924388,95.24248710421105,106.82395486917821,109.04265712269314,111.62237797829353,78.97948447346171,84.07004849122895,110.64243015437147,137.21481181751398,142.3053758352812,148.2242566326476,95.31293448860961,7.184905098284391,50.54317884415204,1.0798897131619594,81.43651351295198,83.66179681474475,95.26919938350417,106.99667978038444,109.33523930364338,112.22717801828726,2,-2.861661311408156,0.9988589286804199,91.41049187247819,4.975676419228428,0.001141077489592135,116.68890073373205,29.09377872640891,81.65834529206525,83.2262324677734,91.41049187247819,99.59475127718298,101.16263845289113,102.98564613226539,59.66614225579298,68.83389327387476,116.68890073373205,164.54390819358935,173.71165921167113,184.37115102172805,91.4393370598063,5.140353218918986,25.694968634111298,0.728314169550821,81.6491651438197,83.221916977868,91.41487410699382,99.63250002489158,101.23003244503857,103.1339894867514,2,1.0119361173951518,0.9999688863754272,93.22560048720159,6.324694199143472,3.116233347100206e-05,103.6091928123198,36.679284058539544,80.82942764365097,82.82240429438151,93.22560048720159,103.62879668002167,105.62177333075219,107.93903939133745,31.719117078868138,43.2771393946477,103.6091928123198,163.9412462299919,175.49926854577146,188.93796730324337,93.22592860508453,6.328141388421451,40.04243697785119,0.003359786626191205,80.82782006844579,82.82129315654387,93.2256556564962,103.63026486262196,105.62408203368719,107.9430370886839,2,-0.7746554278830757
138,248,set,0.893,92.42058761009599,96.0999747257066,96.2905046007603,95.8358370445761,96.07543879034768,0.005861141253262758,88.38688576210002,9.02026143896149,0.9941388368606567,111.24315968491946,11.90221046340328,70.70749821060005,73.5498760181737,88.38688576210002,103.22389550602634,106.06627331359999,109.37115178392065,87.91525584023324,91.66576563545081,111.24315968491946,130.8205537343881,134.57106352960568,138.93184169284433,111.1091934002578,12.014717516089686,141.3091986647121,3.0439681375209724,87.37503007185434,91.26340703636126,111.15623148595628,130.78664544104655,134.54117024733281,138.90563720407584,2,-15.033754609910119,0.0282304547727108,89.16214727995165,8.65173582054674,0.9717695116996765,105.85342258366612,11.811256307134816,72.20505666792495,74.93130823609937,89.16214727995165,103.39298632380394,106.11923789197836,109.28909451284355,82.7037856095103,86.42563480802195,105.85342258366612,125.28121035931026,129.00305955782193,133.33051358352066,105.38221674209318,12.055035808589404,137.68058042751125,7.642935580920779,81.63182442890616,85.41684060554299,105.44900505442972,125.116824245176,128.85806471813655,133.20341774368956,2,-9.306777951745502,0.00039067151374183595,81.67019184897457,9.05256078078998,0.9996094107627869,107.90796683000129,10.084990747834292,63.92749875076641,66.78005441549351,81.67019184897457,96.56032928245561,99.41288494718272,102.72959737599083,88.14174817982641,91.319633220654,107.90796683000129,124.49630043934856,127.67418548017616,131.36916361594714,107.89772535702517,10.097881524211918,101.69932779325416,0.2688413404602715,88.09183749274533,91.28872157101313,107.90304444632922,124.49442141135923,127.67249655070626,131.3677085958865,2,-11.82228656667749,0.007344209589064121,87.92851701777028,9.261831079261182,0.9926557540893555,110.4990986483341,10.45591954208446,69.77566167152462,72.69416057483565,87.92851701777028,103.1628734607049,106.08137236401593,109.4747580587349,90.00587292060001,93.30064146642368,110.4990986483341,127.6975558302445,130.99232437606818,134.82320484620436,110.33333155279027,10.623919518619116,109.15333200515903,3.713891774211479,89.25036993213489,92.79292966418718,110.40362062272436,127.66018127968684,130.9593474158529,134.7943032673284,2,-14.257892762442594,0.04834163188934326,90.2308067155258,12.421830482928167,0.9516583681106567,109.99969623141388,9.618393792884252,65.8844663469248,69.79871379230504,90.2308067155258,110.66289963874655,114.57714708412679,119.12830565118145,91.14799080823713,94.17884631574069,109.99969623141388,125.82054614708707,128.85140165459063,132.37542618317778,109.04403585157571,10.652676079684207,95.50044995653278,17.97905770213978,86.38649721155052,91.23131229233016,109.46151584318643,125.59841302944037,128.65469994938996,132.20249448069993,2,-12.968597061228039
139,249,set,0.17,95.8358370445761,95.5702245231285,96.2454644324886,95.98909563873539,95.9349281981175,0.9999704360961914,98.55370976560133,5.28121620926091,2.954274896183051e-05,116.6536112026082,59.135077354620904,88.20271620088079,89.8668821290836,98.55370976560133,107.24053740211903,108.90470333032187,110.83965586636548,0.7509893645610646,19.385064735804107,116.6536112026082,213.9221576694123,232.55623304065531,254.2223726877712,98.55424240155709,5.2918440446686725,27.993729808708803,0.009678108657683817,88.19967099365373,89.86441695128686,98.55376371749348,107.24279989652793,108.90640698036916,110.84545525009057,2,-2.619314203439586,0.9999933242797852,97.24290584605879,6.056715395976812,6.657760877715191e-06,108.25477438213812,37.96059126758982,85.37196180533499,87.28049555957351,97.24290584605879,107.20531613254407,109.11384988678259,111.33293283115988,33.85338266581638,45.8151581544206,108.25477438213812,170.69439060985562,182.65616609845983,196.564315174829,97.24297741402819,6.057567789447009,36.69315037369763,0.0008073230253345703,85.37118671997399,87.28016714887681,97.24291889649814,107.20622888362519,109.11491604332771,111.33444373890026,2,-1.3080492159106853,0.9993067979812622,100.17824517642292,6.857204175204713,0.0006932502146810293,113.07427515447752,18.03896228116361,86.738371958384,88.89914801809067,100.17824517642292,111.45734233475517,113.61811839446185,116.13048753127438,77.71855876492035,83.40282261986474,113.07427515447752,142.74572768909027,148.4299915440347,155.03917670716538,100.18719018015875,6.879605327289458,47.214240379548706,0.11521284520072524,86.73441636863836,88.89715024214729,100.1813761648831,111.47984388203948,113.65606379836096,116.20665336312635,2,-4.252261982041247,0.9997629523277283,94.85119538573137,4.530597086935821,0.00023699899611528963,119.25700730703348,34.66812153863464,85.97138826687508,87.3990263350292,94.85119538573137,102.30336443643353,103.73100250458766,105.39094028706015,51.30873767965225,62.23302185461582,119.25700730703348,176.28099275945112,187.20527693441468,199.90711814542564,94.85697492166447,4.576883192352758,20.80628828389758,0.14113349199957476,85.96799923459757,87.39698881826249,94.85189524565298,102.31080784994671,103.74306380727688,105.41816505927717,2,1.0779532764530302,0.9999953508377075,96.73934565575397,5.687072304377942,4.643799456971465e-06,104.24579316049102,47.555707113306866,85.59288876169798,87.38494414916264,96.73934565575397,106.0937471623453,107.88580254980994,109.96945422056014,11.038319959074286,26.023615832926268,104.24579316049102,182.46797048805576,197.45326636190774,214.87691130204132,96.73937999539362,5.688009760981625,32.3531431910752,0.0002616618114423381,85.59215810799135,87.38393884057922,96.73935224804737,106.09509434316257,107.8865028590096,109.9714036474008,2,-0.8044517972761156
140,252,set,1.493,46.939982538326504,125.21159193889999,125.0995479652,122.5669840824,124.2927079955,0.00022949269623495638,43.61389161609071,6.803674274618107,0.99977046251297,112.23913540023096,10.30454738338596,30.27893507529754,32.42284330888869,43.61389161609071,54.804939923292736,56.94884815688388,59.4416048005149,92.04259365180802,95.28966326257526,112.23913540023096,129.18860753788667,132.4356771486539,136.211097298524,112.22338138072504,10.356207865332333,106.16994685067793,1.0805304001083251,92.00297470449554,95.2678346056128,112.2361714514146,129.18747247988753,132.43472588925783,136.21025006724506,2,12.069326614774951,0.00024333583132829517,46.07828006972018,7.198140161001943,0.9997566342353821,111.01599692984104,10.847764628130653,31.97018459848502,34.23839311859108,46.07828006972018,57.91816702084928,60.18637554095533,62.823658130315046,89.75476894593743,93.17301193694443,111.01599692984104,128.85898192273763,132.27722491374465,136.2516711105882,111.00019193345034,10.894228349111089,117.65796761835803,1.0258748948811798,89.71049755712004,93.14859802854382,111.01268822880566,128.85773650219298,132.27611804568753,136.25073024424856,2,13.292516062049657,2.67982977675274e-05,37.473049316732656,5.246449263290423,0.9999731779098511,113.94288326638193,11.590555711206322,27.190197713966725,28.843408217392522,37.473049316732656,46.10269041607279,47.755900919498586,49.67811540665147,91.2258115116125,94.8781156664211,113.94288326638193,133.00765086634274,136.65995502115135,140.9065479040987,113.94083129402898,11.597203429313236,134.33811601796202,0.1567024780148904,91.2205892094621,94.87523861225749,113.9424942974929,133.00754921303445,136.65988031114378,140.90649254872906,2,10.351876701471014,0.00017102615674957633,46.629375464619415,7.999980502927869,0.9998289346694946,117.25184950530178,11.372566831114757,30.94970180185816,33.47057851883744,46.629375464619415,59.78817241040138,62.30904912738067,65.24011309997384,94.96202810454204,98.54564170539464,117.25184950530178,135.9580573052089,139.5416709060615,143.70839617525297,117.23976662179113,11.40953498070291,129.32409716706033,0.8528528591682756,94.92942166444914,98.5276545313679,117.24941193180278,135.95713907091408,139.54088053913588,143.7077345676503,2,7.052941373708862,0.0004091549781151116,47.63761689776353,15.053646629255764,0.9995908141136169,113.95933396066192,9.93700608632173,18.13301166842944,22.87657164078637,47.63761689776353,72.39866215474068,77.14222212709761,82.65763573029474,94.48315991731602,97.61441345853676,113.95933396066192,130.30425446278707,133.43550800400783,137.07626694390737,113.93219457768286,10.029744091410114,98.79640481279037,1.7989605202217474,94.41482767879369,97.57676992829445,113.95423664400995,130.30236221085687,133.4338294355599,137.0748188285721,2,10.360513417817131
141,256,set,1.076,12.0716874746344,114.06921742920001,111.5094973754,112.0421063198,112.54027370813333,0.004053741227835417,15.428723821271412,6.020650577563783,0.9959462285041809,108.15908546120615,11.099785255627626,3.628465525746119,5.525634882158142,15.428723821271412,25.331812760384675,27.2289821167967,29.434851492729678,86.40390612404727,89.90156342510457,108.15908546120615,126.41660749730772,129.91426479836502,133.98104729294533,107.78317729739682,12.552671881090099,122.85272781858512,34.716491906100494,85.59430797371081,89.47187426932534,108.1024623171104,126.39474436134627,129.89504495338406,133.96415362136236,2,4.757096410736509,0.00215710885822773,18.193918016139904,6.03557145749754,0.9978429079055786,106.6972444101593,12.652624131017387,6.3644153333268,8.266286413550286,18.193918016139904,28.121549618729517,30.023420698953004,32.23475684491088,81.89855680344282,85.88552971780163,106.6972444101593,127.50895910251697,131.49593201687577,136.13164965838945,106.50633488946409,13.292170588973438,159.8221503322361,16.859838796038776,81.42515876813997,85.62934673084017,106.66296328748385,127.49575538135778,131.48425507290352,136.1214516130813,2,6.033938818669242,0.002533544087782502,12.870851326535117,4.004361354130323,0.9974664449691772,110.47510268348357,11.697815956000005,5.0224472913556415,6.284263029569544,12.870851326535117,19.457439623500687,20.71925536171459,22.186388849607496,87.54780471194557,91.23390768084616,110.47510268348357,129.71629768612098,133.40240065502155,137.6882919636452,110.22781680058223,12.67311536823366,136.5328344127122,24.074885764030434,87.03013608485372,90.95476769010175,110.43786394389625,129.70191986149314,133.38976665180414,137.67721646232124,2,2.312456907551095,0.005002548452466726,19.54722171018264,6.861415638844798,0.994997501373291,109.11045960748282,13.112985857630669,6.099094175086945,8.261197310607216,19.54722171018264,30.833246109758058,32.995349245278334,35.50926139451981,83.40947959674364,87.54151725939565,109.11045960748282,130.67940195557,134.811439618222,139.61582637970955,108.6624206068531,14.534535078888643,171.32573157355372,39.92756670460415,82.20609214210859,86.90956330200659,109.02782945314978,130.6475114656003,134.78332106767647,139.5911699334723,2,3.8778531012802233,0.004823985975235701,19.75849501311839,13.075865130859809,0.9951759576797485,108.44462598900625,11.32987019234447,-5.8697297100699615,-1.7493891729046602,19.75849501311839,41.26637919914143,45.38671973630674,50.177506061538864,86.23848846249719,89.80864791023907,108.44462598900625,127.08060406777344,130.6507635155153,134.8018454241255,108.0167992266665,12.89693365515534,128.571512433591,37.758727859156636,85.23958666343209,89.28295227358795,108.37579399759109,127.05408211019724,130.6274180350351,134.78142439449178,2,4.52347448146682
142,259,set,0.229,14.3663278559793,14.1472631058477,13.7781641174996,13.7476508701576,13.8910260311683,0.999964714050293,13.574351164778271,6.515378362906613,3.5260487493360415e-05,93.81068682491205,30.822662222566784,0.8044442278297677,2.857507433590179,13.574351164778271,24.29119489596636,26.344258101726773,28.731387767897765,33.39937896103785,43.11191907582293,93.81068682491205,144.50945457400115,154.22199468878625,165.51492155865924,13.577179991455298,6.535224187182783,42.482156068145,0.22699441489406258,0.8041665723025738,2.8572588235609264,13.574637300430966,24.293639091347664,26.348516261994803,28.740176349883576,2,0.3138460397130025,0.9997836947441101,14.167389387260805,6.909417590726877,0.00021627702517434955,85.58302312936262,27.99645298962728,0.6251797552886114,2.802408803031394,14.167389387260805,25.532369971490212,27.709599019232996,30.24109831030866,30.71098357482441,39.53295588759778,85.58302312936262,131.63309037112742,140.4550626839008,150.71251202246637,14.182834548121948,7.000147489685759,47.899243249796456,1.102815948870053,0.6255583261822629,2.802838676230525,14.16924253180084,25.546251411597176,27.734507576049783,30.29591492038417,2,-0.2918085169536475,0.999886155128479,14.948701438970332,4.775559235511965,0.00011380679643480107,85.38552030315313,14.137632169370093,5.588777331329245,7.093605509716873,14.948701438970332,22.803797368223787,24.308625546611417,26.058313513859694,57.676270424512865,62.131184752858914,85.38552030315313,108.63985585344733,113.0947701817934,118.27457084433865,14.956717058503228,4.836392831951883,22.826116534848435,0.5645705725815041,5.588964394501489,7.093797184840932,14.949382991974788,22.808928497617742,24.317729871623143,26.078704745918092,2,-1.0656910273349283,0.9995537400245667,13.963309146819626,7.074917445318133,0.0004461960052140057,85.62998277441825,23.70327278069706,0.0967257604019558,2.326105526505847,13.963309146819626,25.600512767133402,27.82989253323729,30.42202830474992,39.172421808523424,46.64156857046857,85.62998277441825,124.61839697836791,132.08754374031307,140.77204101560298,13.995285637063287,7.25075963582613,50.282812614626245,2.290690152178992,0.09802690012159376,2.3275936968533855,13.967257882021105,25.629760950241558,27.882604156325865,30.54076122345661,2,-0.1042596058949865,0.9999905824661255,14.908074380581397,7.744874475415808,9.468852113059256e-06,85.96181861984616,21.74484984081805,-0.2716006560171351,2.1688895094098193,14.908074380581397,27.64725925175297,30.087749417179925,32.92534665117813,43.34269608261124,50.194723491661435,85.96181861984616,121.72891374803086,128.58094115708104,136.54790381837054,14.908747943033793,7.7482117872417815,59.986992985032195,0.04780432146444669,-0.2717970648895763,2.1687794832966927,14.908165859679984,27.64802330706798,30.089059583692116,32.928260975382685,2,-1.0177219118654932
143,261,set,0.053,13.8326725235124,13.9332061603163,14.084780802781799,14.0782451974178,14.032077386838631,0.9999998807907104,11.203733100284865,6.053751693874151,1.357925185629938e-07,92.08730407439593,48.83716608681264,-0.6614021910568209,1.2461976699523447,11.203733100284865,21.16126853061738,23.068868391626545,25.286865483300133,-3.6317825627577918,11.75731430647069,92.08730407439593,172.41729384232113,187.80639071154962,205.69954157463195,11.20374426946275,6.05385128413337,36.64822907681102,0.0008883751835698958,-0.6628505217502983,1.2449842119525767,11.203732128554647,21.162050116764505,23.069813516415795,25.28860214746674,2,2.828333117375882,0.9999990463256836,11.514787237490488,6.868740421432824,9.564057563693495e-07,81.61472337222999,39.46957379469086,-1.947696607672322,0.21671464270851892,11.514787237490488,22.81285983227245,24.977271082653296,27.493866914229123,4.255780249489973,16.693051761803915,81.61472337222999,146.53639498265602,158.97366649497,173.43468245880715,11.514854312924877,6.869187676091372,47.181039917139906,0.004699774392395258,-1.9484744259347775,0.21609528936976088,11.51479420047067,22.813381288833636,24.977993157355694,27.495080737629184,2,2.5172230739137547,0.9999992847442627,14.39789382384049,4.6395621763086075,6.866459330012731e-07,80.7980129771455,16.256949771660068,5.3045190542413465,6.766493150672409,14.39789382384049,22.02929449700857,23.491268593439635,25.191129429176314,48.93497692621511,54.05771018206252,80.7980129771455,107.53831577222847,112.6610490280759,118.61733351683563,14.397939005291333,4.639906960080748,21.52570326413539,0.0030274032393714807,5.304508460601092,6.766493308395015,14.397898157602617,22.029472380538078,23.491505233474832,25.191317108511175,2,-0.36586161845270126,0.9999953508377075,10.91457313339513,6.428866896311847,4.681475729739759e-06,82.93077891462885,32.658407939757694,-1.6857744447778913,0.3400281018083309,10.91457313339513,21.489118164981925,23.51492071156815,25.870353970121734,18.921475560286808,29.21247816445762,82.93077891462885,136.64907966480004,146.94008226897085,158.90559679484267,10.914910628202017,6.431127916711681,41.335130548186854,0.024279582591673676,-1.6863455485921162,0.3396494348891899,10.914610242118469,21.489393137254932,23.515674047671776,25.872079448986085,2,3.117166758636614,1.0,11.857059036844134,6.317490398597803,4.425117339224016e-08,80.90750673656727,30.75758963292141,-0.5249946170851523,1.4657120414794313,11.857059036844134,22.248406032208834,24.239112690773418,26.55373939489556,20.623738804778753,30.31577387257147,80.90750673656727,131.49923960056304,141.1912746683558,152.4603599897346,11.857062617096243,6.317509918157666,39.9107267992829,0.0002109880071244747,-0.5252144674610976,1.4652460999464578,11.857058592999683,22.248854430291978,24.23920663926078,26.55419178137505,2,2.175014769742388
144,265,set,1.226,12.7443652382145,113.8533448234,114.0776627038,114.0961061166,114.00903788126668,0.0014747901586815715,15.606969742514323,5.748075530592743,0.9985252022743225,110.12729291324437,10.828670941540759,4.340948722136583,6.152226858027838,15.606969742514323,25.061712627000805,26.872990762892062,28.97899303293493,88.90348786738905,92.31571423998705,110.12729291324437,127.9388715865017,131.3510979590997,135.31854853678556,109.987894437504,11.414573013186368,117.13590702611334,13.156478506748545,88.6299217776719,92.16666283561455,110.1072479283428,127.93115234357028,131.34432266042788,135.3126123367004,2,4.021143443762682,0.0009119178866967559,18.858752279994427,5.889896192840821,0.9990880489349365,109.80312976326003,12.350240612137231,7.314767869346834,9.17073516483253,18.858752279994427,28.546769395156318,30.402736690642016,32.56069976653092,85.59710296306714,89.48879169866274,109.80312976326003,130.11746782785733,134.0091565634529,138.53408575519833,109.72019231565004,12.647405447746731,152.42097993286507,7.535485208378535,85.40615318207507,89.38420687439755,109.78900200885403,130.11201100285464,134.00439700498268,138.52995173784169,2,4.28884556561664,0.0006837108521722257,12.584480389450206,3.8321398374876336,0.9993163347244263,113.24993821649667,11.904592879006579,5.0736243242532675,6.281171278773445,12.584480389450206,18.887789500126967,20.095336454647146,21.499370753416777,89.91736492303178,93.66862544208203,113.24993821649667,132.83125099091131,136.58251150996156,140.94416255189537,113.1811173120884,12.18833746263656,141.63248352505224,6.9236704127060795,89.77988224287647,93.59316239068391,113.23972943603684,132.82735119499594,136.57907118025196,140.94112146525453,2,0.827920569178275,0.0015638526529073715,20.168276223846263,6.679399229926831,0.9984361529350281,112.74981133906246,12.99361165945988,7.076894294825099,9.181642174644239,20.168276223846263,31.15491027304828,33.259658152867424,35.70688242225658,87.28280045742136,91.37722207380094,112.74981133906246,134.12240060432399,138.21682222070356,142.97747219915922,112.60502808980097,13.491588652783406,168.63968379637865,13.383351433958039,86.9341986863256,91.18745857918111,112.72430380156993,134.112551275345,138.20815651046377,142.96988235709622,2,1.404009791465711,0.0014464971609413624,20.14576354178721,13.487866970554458,0.998553454875946,110.9669397854712,11.396582840327332,-6.289969948766899,-2.0398033645682645,20.14576354178721,42.33133044814268,46.58149703234132,51.52323419408225,88.63004787160243,92.22122916570586,110.9669397854712,129.71265040523653,133.30383169933995,137.479356047397,110.83556188956153,11.911008046629519,129.95737057727467,11.914152905698423,88.34777060817915,92.0674169819087,110.94624939064805,129.7047132961513,133.29689011230138,137.4733129915065,2,3.1734759917051463
145,267,set,0.829,116.46215911520001,120.2092410132,120.2052528733,120.4161485761,120.27688082086667,0.04305828735232353,109.53429764296622,9.21407252320396,0.9569416642189026,116.25145257641876,15.96744046017466,91.47504734654635,94.37849703418028,109.53429764296622,124.69009825175216,127.59354793938608,130.96943566857988,84.95584434918875,89.98735022236878,116.25145257641876,142.51555493046874,147.54706080364875,153.39727374481978,115.96221775918876,15.795456440369643,247.636649190809,1.859143735654841,85.20826673820815,90.20791291501544,115.7981218832107,142.17466432807743,147.24568726678996,153.13296970086253,2,4.314663061677905,0.38367223739624023,112.60251677630038,9.299156544872952,0.6163277626037598,111.278681157947,14.358917631148314,94.37650486174945,97.30676540587658,112.60251677630038,127.89826814672418,130.8285286908513,134.23558983483855,83.13571974391911,87.66036341325525,111.278681157947,134.89699890263876,139.4216425719749,144.68251866269642,111.78660013158549,12.675399625132023,160.25133611204174,0.41441954475813764,86.01329847009389,90.65334526601164,111.92733538205347,132.390011860427,136.81114584034378,142.15547569542287,2,8.490280689281178,0.0018201865023002028,104.49641927308558,10.582523312123552,0.9981797933578491,113.79128489274032,11.206973197543924,83.75505471576788,87.08971742084064,104.49641927308558,121.90312112533051,125.23778383040326,129.11504988223183,91.82602104984853,95.35745438161226,113.79128489274032,132.2251154038684,135.7565487356321,139.86260316527932,113.77436421205924,11.21288134553982,125.57147944689436,0.15696791982823674,91.79443739500812,95.32899495556772,113.77542022769282,132.2161230097516,135.74838824330138,139.8553096098312,2,6.502516608807426,0.05164434388279915,109.76732194220324,8.77172996220084,0.9483556747436523,117.58821108133185,12.91648524952354,92.5750471341787,95.33911009923828,109.76732194220324,124.1955337851682,126.95959675022777,130.1734172914295,92.27236518542286,96.34248347118785,117.58821108133185,138.83393869147582,142.90405697724083,147.63644908164082,117.18430858341254,12.852574145341235,162.19316314807398,2.9957547948724947,92.29411494252989,96.26146380498925,117.06397561169513,138.5035467349239,142.61090073624362,147.3788531496085,2,3.092572237454121,0.3712274134159088,111.40776112256896,10.556169987122285,0.6287725567817688,113.21926175212391,12.788844183748516,90.71804813312663,94.04440663253459,111.40776112256896,128.77111561260332,132.09747411201127,135.9650847301246,88.15358774808227,92.18348501196792,113.21926175212391,134.2550384922799,138.28493575616554,142.97056223042685,112.54677968481599,12.040424874579013,144.20548569121053,0.7659679697783988,89.0871326828296,92.89888911294123,112.46434197691626,132.48455420873066,136.46462293380694,141.1519074893342,2,7.730101136050678
146,268,set,1.226,120.4161485761,113.0046036945,113.10053699000001,116.0087424188,114.03796103443334,0.0015310292365029454,106.5403972771417,11.61270115191787,0.9984689354896545,114.20714813560932,11.389943861269343,83.77992125615586,87.43920366870604,106.5403972771417,125.64159088557734,129.30087329812753,133.55557991377745,91.88326838158832,95.47235766462677,114.20714813560932,132.94193860659186,136.5310278896303,140.7041198227178,114.19540608737105,11.394251896218183,129.7386615911053,0.08985469161821305,91.85988334290684,95.45200785953341,114.19641671246053,132.9354677517206,136.52506466830556,140.6987068174169,2,-0.15744505293771738,0.012434297241270542,111.51147924224091,12.06901105391737,0.9875656962394714,109.70701418376447,10.78206779978153,87.85665224754706,91.6597226364875,111.51147924224091,131.3632358479943,135.16630623693476,139.58819744929698,88.57454961732364,91.97209085725714,109.70701418376447,127.4419375102718,130.8394787502053,134.78985468755045,109.72945072345472,10.800866443092323,116.61865361398486,0.03998381206246749,88.56607481728575,91.9685316102365,109.72701353537785,127.4983602595357,130.90733212720664,134.87441540900025,2,4.308510310978619,4.20798642153386e-05,99.72280577243231,12.01839044930787,0.9999579191207886,112.37022552801821,10.503217793684675,76.16719333964872,79.95431265176931,99.72280577243231,119.49129889309529,123.2784182052159,127.68176284357241,91.784296930616,95.09396964541473,112.37022552801821,129.64648141062167,132.95615412542043,136.8043639129445,112.36969321225688,10.503607159427851,110.31901984814768,0.006730695131644296,91.7825197005378,95.09264151433881,112.36983370514362,129.6463366647655,132.95603013635602,136.80427541202806,2,1.6682678221764604,0.0013822779292240739,108.61343960616591,11.824006669006915,0.9986177682876587,116.07881334958842,10.005612926518031,85.43881238195094,89.16467935155148,108.61343960616591,128.06219986078034,131.78806683038087,136.12019238325487,96.46817237036466,99.62104463753269,116.07881334958842,132.53658206164414,135.68945432881216,139.35534970966918,116.06849949303039,10.012166184064188,100.16716396849645,0.07693035788985163,96.43808146968432,99.5977440747036,116.07062409497067,132.53278984257167,135.6861873736998,139.35258979642992,2,-2.03053845859705,0.031997162848711014,110.71060102969324,13.481676126162235,0.9680028557777405,116.16392743780048,9.501111367067079,84.28700137118177,88.5352171561902,110.71060102969324,132.88598490319626,137.1342006882047,142.0736696242979,97.54209134524488,100.53598994561032,116.16392743780048,131.79186492999062,134.78576353035606,138.26681766760225,115.98943862837486,9.701506122408004,93.19836250231091,0.9211091327028282,96.81037291065266,100.01411270170034,116.04287175310576,131.818496275263,134.84904249362245,138.38692030115982,2,-1.9514775939415188
147,269,set,0.494,116.0087424188,117.2020770083,118.5882730191,117.2874417286,117.692597252,0.9477693438529968,114.07506724364089,6.946560509470004,0.05223066732287407,120.3328225798584,31.59854225216158,100.46005882865147,102.64899199480128,114.07506724364089,125.50114249248048,127.6900756586303,130.2351835167425,58.400817801654526,68.35784575001107,120.3328225798584,172.30779940970572,182.26482735806226,193.84202417096418,114.40191525568302,9.99116225737564,97.88497139559169,1.9384981251575846,98.57759543912961,101.70225056789123,114.14950745385393,127.14998300163595,131.38333197348985,147.90482396787777,2,3.2906819963169767,0.9958947896957397,115.81980583017793,7.518437612591514,0.0041052596643567085,114.06150293749567,23.3629710557846,101.08393888948724,103.45307645409841,115.81980583017793,128.18653520625745,130.5556727708686,133.3103071863389,68.27092109630613,75.6328352600261,114.06150293749567,152.49017061496525,159.85208477868522,168.41190098439787,115.81259325711166,7.651639986209691,58.53561668724667,0.01263983641263284,100.94211284351861,103.36989093363044,115.81747791359112,128.25368980873557,130.67089690823477,133.54203361504227,2,1.880003994888341,0.4239066243171692,112.65544248254528,9.114983219424714,0.5760933756828308,118.47641685235763,14.431353660365662,94.79040365278588,97.66262927447274,112.65544248254528,127.64825569061783,130.52048131230467,133.86006431697191,90.19148342988065,94.73895244228575,118.47641685235763,142.21388126242948,146.7613502748346,152.0487657596808,116.00886725701372,12.785680832266307,155.1988923993269,8.274741945255839,92.19276066462919,96.15351101022577,115.35386584851031,138.28136822040767,143.23706782899933,148.9588170588193,2,1.6837299949862796,0.9158003926277161,112.81642161762488,6.095103928647144,0.08419957756996155,123.58885738557277,21.80035124758599,100.87023743544789,102.79086781394346,112.81642161762488,122.8419754213063,124.76260579980188,126.99575368409114,80.86095408998139,87.73047056716489,123.58885738557277,159.44724420398063,166.31676068116414,174.30405816373803,113.72345279649429,9.109730715741536,74.03854862948434,8.948259649702553,99.56706983254401,102.1219306773396,113.07660912084407,126.34131626403021,135.29261842754627,149.3390854657311,2,3.969144455505713,0.993861198425293,114.09166683889609,7.540685422723516,0.006138798780739307,111.7821382629613,25.87089156855967,99.3121949916118,101.68834307162922,114.09166683889609,126.49499060616296,128.87113868618036,131.6339243408597,61.07612254064338,69.22830843394765,111.7821382629613,154.33596809197493,162.4881539852792,171.96683186302118,114.07748878892163,7.788078604716404,60.62158912615972,0.03254286729964075,99.07642343978848,101.55231237791358,114.08752202893922,126.60172902442666,129.05690229046965,132.0181160483652,2,3.6151084630783714
148,270,set,1.076,117.2874417286,125.52322788500001,125.540230999,125.5442342554,125.53589771313334,0.0035100870300084352,106.38500192863233,10.707311635657245,0.996489942073822,114.36533824088409,12.136690842368997,85.39905675149747,88.77304154982181,106.38500192863233,123.99696230744286,127.37094710576719,131.2939335889363,90.57786129834375,94.40225828962471,114.36533824088409,134.32841819214346,138.15281518342442,142.59950317992013,114.33732989436876,12.141129781926296,147.1846549235359,0.22275793314617537,90.54517983147366,94.36863401239322,114.33628234741364,134.30961253689694,138.13568460187292,142.58410495626433,2,11.198567818764573,0.034182772040367126,110.40191499068946,10.811781418905959,0.9658171534538269,109.82323139491285,11.575206025098774,89.21121280091441,92.61811710999545,110.40191499068946,128.18571287138346,131.59261718046452,135.5538797091556,87.13624447208821,90.7837117818186,109.82323139491285,128.8627510080071,132.5102183177375,136.7511873229861,109.84300422188241,11.550460121146907,133.40117440410438,0.011055657373073548,87.19941321069972,90.84216867642519,109.84435022519214,128.8392461003154,132.47935338630032,136.71258946362957,2,15.692893491250928,0.00012364686699584126,99.90173320198483,11.36496500680844,0.9998763799667358,112.27159294934562,10.502162601196916,77.62681110308228,81.20802929035939,99.90173320198483,118.59543711361025,122.17665530088738,126.3405953841222,91.68773249121617,94.99707270393276,112.27159294934562,129.54611319475848,132.85545340747507,136.7032765894713,112.27006646760847,10.503158295134218,110.29775510833053,0.018917291904740438,91.6830586937939,94.99346889491174,112.27041489146899,129.5455622073281,132.85496281242666,136.70285670787214,2,13.265831245524865,0.003908213227987289,107.67359383154653,10.693465992573294,0.9960917830467224,115.61828554111817,10.498793716632878,86.71478561619901,90.0844075089801,107.67359383154653,125.26278015411293,128.63240204689404,132.55031570949745,95.0410279754023,98.34930661769924,115.61828554111817,132.88726446453708,136.19554310683404,140.0421319838004,115.58723556117486,10.51125860200717,110.24079260501296,0.2457150218555649,94.97539353223155,98.29303525905158,115.5903601922147,132.87102341140007,136.18069404169475,140.02866120752722,2,9.948662151958473,0.060548361390829086,109.68026927783322,12.545896493558095,0.9394516348838806,114.80386593026762,9.99685568791372,85.090763996692,89.04410592704642,109.68026927783322,130.31643262862002,134.26977455897443,138.86638891355852,95.21038882331234,98.36050159389228,114.80386593026762,131.24723026664296,134.3973430372229,138.06002990693878,114.49364012085745,10.242541477393411,103.41637714254657,1.4932299395151372,94.19307038746278,97.57826761182137,114.55944330315288,131.20441750678447,134.3912275381291,138.10242445423805,2,11.042257592275888
149,271,set,1.493,125.5442342554,121.424444732,121.3117733197,121.35434850850001,121.36352218673335,0.0005901642143726349,106.22748187774599,13.225995970851542,0.9994097948074341,114.26474990517175,11.112078892393082,80.30500611520509,84.47265443504526,106.22748187774599,127.9823093204467,132.14995764028689,136.9957494866092,92.48547548271358,95.98700663604808,114.26474990517175,132.54249317429543,136.04402432762993,140.1153110126645,114.26000191483764,11.11518291073663,123.50865541600677,0.03810073855091227,92.47146931716783,95.97621480406265,114.26099688471801,132.54084237733343,136.04264098628252,140.11419835543313,2,7.103520271895704,0.0031239318195730448,113.02960486191567,14.965371258800864,0.9968760013580322,109.5927555931361,10.028335358508503,83.69801617939513,88.41375966820175,113.02960486191567,137.6454500556296,142.36119354443622,147.84426447405897,89.93757946556985,93.0976118064077,109.5927555931361,126.08789937986451,129.24793172070235,132.92215223457094,109.60348475267556,10.04940632584188,100.95298036852064,0.03678440100868815,89.91798701538373,93.08494333947071,109.59989596212337,126.13098812142583,129.30927690273,133.01864305344543,2,11.760037434057793,9.344677891931497e-06,99.27567332477004,13.299762086664721,0.999990701675415,112.61999259652505,10.799008865061595,73.2086186319559,77.39951141892789,99.27567332477004,121.15183523061219,125.34272801758416,130.21554658033148,91.45432415227556,94.85720369734739,112.61999259652505,130.38278149570272,133.78566104077453,137.7422439115093,112.61987311846886,10.799085013112913,116.6191610310886,0.001663999276554179,91.4538817237393,94.85683931780508,112.61990543725646,130.3827587132594,133.78567641607873,137.74225048814216,2,8.743649068264489,0.00032518149237148464,109.69330956708492,13.934867698123282,0.9996747970581055,117.87607675512942,9.854141261879368,82.38147074943272,86.77249189273792,109.69330956708492,132.6141272414319,137.0051483847371,142.1106594116544,98.56231478327577,101.66745676003498,117.87607675512942,134.08469675022386,137.18983872698306,140.80023733020062,117.87341334229787,9.856862062922634,97.1356653871402,0.021766317635594935,98.55201572704352,101.66022767283265,117.87429786194024,134.0844505602698,137.18987390088333,140.80062896567006,2,3.4901088444354826,0.013799244537949562,111.82887026133368,15.098200950865763,0.986200749874115,118.21427095854665,9.39044787594585,82.23694016628838,86.99453966685995,111.82887026133368,136.6632008558074,141.42080035637898,146.95253794522165,99.80933132299214,102.76835871109836,118.21427095854665,133.66018320599494,136.61921059410116,140.0597194110446,118.1261565922793,9.521778074792783,90.10930244013721,0.5548772925961445,99.38645031511396,102.48361725816403,118.16074014831362,133.69062688915344,136.6756337555328,140.16109589174735,2,3.2373655944540474
150,272,set,0.829,121.35434850850001,115.7786368038,115.7921503111,115.8526780273,115.80782171406666,0.059915926307439804,113.66438690010119,9.276174967916015,0.9400840997695923,117.4130806266471,16.937049248953517,95.4834180486938,98.40643685988807,113.66438690010119,128.9223369403143,131.84535575150858,135.2439968159435,84.21707409431703,89.55411373965019,117.4130806266471,145.272047513644,150.60908715897716,156.81454913947513,117.18847723136288,16.601889345102222,274.8315551892041,0.791532757323675,84.65143346852363,90.01078008951669,117.02983337780968,144.76551985058288,150.1599808789434,156.4204312409083,2,-1.3806555172962192,0.5186293721199036,117.36924647033065,9.483470180855518,0.48137062788009644,112.62858303740234,14.933098404165081,98.78198646739428,101.77032614726431,117.36924647033065,132.968166793397,135.956506473267,139.4310971640936,83.36024798764622,88.06582196568814,112.62858303740234,137.1913441091165,141.89691808715844,147.36816476277443,115.08723033705374,12.633235654722965,153.98797030392308,5.610672803842217,88.18245356944631,93.30679427281486,115.61220526925742,134.8305847182508,138.88049874947117,143.93227525651594,2,0.7205913770129229,0.002406814368441701,109.06413422331197,10.8993609636498,0.997593104839325,115.39067894659442,11.531626002658275,87.70177928005657,91.13628081079929,109.06413422331197,126.99198763582463,130.42648916656736,134.41983942950242,92.78910729819862,96.42284209147404,115.39067894659442,134.3585158017148,137.99225059499022,142.21725258211256,115.37544280518118,11.534358675183013,132.94425328871034,0.09610129382741849,92.76884157842838,96.40319716170208,115.37542682501959,134.3478236193276,137.9823152129133,142.2081373407085,2,0.43237890888548236,0.07193624973297119,114.19711163718436,8.693500396481841,0.9280638098716736,119.35720620942604,13.563691928697892,97.15816396049527,99.89757597912714,114.19711163718436,128.4966472952416,131.23605931387345,134.4212178025131,92.77285853178154,97.04691834565489,119.35720620942604,141.6674940731972,145.94155388707054,150.9110720918973,118.98601547187539,13.339897881777645,176.1760911758997,1.7776281833589271,93.0795229938067,97.28906708350998,118.82295482303996,141.18202790338972,145.50843776245748,150.5298818453426,2,-3.178193757808728,0.4795518219470978,115.66478273410658,10.240686761774354,0.5204482078552246,114.16552172259833,13.649862641137858,95.59340550407273,98.8203519715281,115.66478273410658,132.50921349668505,135.73615996414043,139.48818261107854,87.41228255204933,91.71349564993331,114.16552172259833,136.61754779526333,140.91876089314732,145.9198506587589,114.88449847463903,12.15817710375576,147.26065778133662,0.5610060493535856,90.51283568701828,94.72817306446456,114.99187435272948,134.6510585920894,138.62907619882876,143.40219578801396,2,0.9233232394276314
151,276,set,0.299,13.397049701714701,14.604900206907601,14.5643893107869,14.406338558464299,14.5252093587196,0.9997417330741882,13.172667876317377,6.657382645828442,0.00025828255456872284,94.46697932705428,26.1854964213279,0.12443765919165273,2.2222478853226697,13.172667876317377,24.12308786731208,26.220898093443097,28.660055841116762,43.1443494239491,51.395670564908265,94.46697932705428,137.53828808920028,145.78960923015944,155.38355325751448,13.193664984623203,6.796534520312539,44.486396350324576,1.7064878560168288,0.12479892673247545,2.22296775291482,13.174819086758992,24.13902965299956,26.249869081031363,28.724385706637996,2,1.3315443740963975,0.9984752535820007,13.997069579467322,6.91115572326438,0.001524758874438703,87.09190829813372,24.853565744187833,0.4514532703212666,2.6292300216294766,13.997069579467322,25.364909137305162,27.542685888613377,30.074822003448602,38.37981455212713,46.21143054112948,87.09190829813372,127.97238605513795,135.8040020441403,144.90994812945934,14.108521757832923,7.534403142009444,48.63308847669856,8.134144709082294,0.45562201213419673,2.6341099807157655,14.010253430775961,25.462721047884845,27.72185059247845,30.49069175366069,2,0.4166876008866769,0.9993627667427063,14.103018350287073,4.762613083174871,0.0006372428615577519,87.39798284311081,13.597098721529477,4.768468234965058,6.2692169466603485,14.103018350287073,21.936819753913795,23.437568465609086,25.18251317121003,60.748159054677416,65.03274569498582,87.39798284311081,109.7632199912358,114.0478066315442,119.02956454706434,14.149725178647365,5.119279779897475,22.785843504421692,3.4211838833604906,4.769738406518623,6.270672548217179,14.106824403967913,21.964987217284012,23.488864567904525,25.298637323033812,2,0.3754841800722346,0.9978547692298889,13.992173028167272,7.269952667385614,0.002145258244127035,86.85768563239431,21.45225083409711,-0.2566723692194337,2.03416501545251,13.992173028167272,25.95018104088203,28.241018425553975,30.904611960317336,44.81204661024463,51.571873041656914,86.85768563239431,122.14349822313169,128.90332465454398,136.76308375368697,14.148488754215217,8.067938704863138,53.72607743498757,11.365563010182338,-0.2501792560754095,2.0415385454724806,14.011748406833881,26.096385305260732,28.51072046025628,31.54444282993977,2,0.37672060450438316,0.9999328851699829,14.896024855510866,8.3188283176194,6.706530984956771e-05,87.91431988248043,19.422932417398076,-1.4085790405950895,1.2127699252879793,14.896024855510866,28.579279785733746,31.20062875161682,34.248513426715505,49.8460718702247,55.96643904968987,87.91431988248043,119.86220071527097,125.98256789473615,133.0988174193334,14.90092111243789,8.34152969515597,69.22356044535684,0.3575462144803301,-1.4085097284417114,1.2130238397907163,14.89672461123064,28.584537584688817,31.21008019261548,34.26944423254344,2,-0.37571175371829035
152,278,set,0.053,16.9535604680946,15.873754128565,15.8412930550504,15.8802628183496,15.865103333988335,0.9999998807907104,14.721793533637936,6.008810086554603,1.6687799586634355e-07,92.85855671983816,49.00063644974664,2.9447421740499067,4.838180469106003,14.721793533637936,24.605406598169864,26.498844893225964,28.700376104009397,-3.180925941205885,12.259682132541869,92.85855671983816,173.4574313071344,188.89803938088218,206.85108315135437,14.721807274713232,6.008926988599975,36.106195036610394,0.0010188490301958006,2.9440444626855085,4.837249598930548,14.72179612059745,24.60543184238872,26.49941683662367,28.702097054321293,2,1.1432960592751034,0.999998927116394,14.725493150175744,6.808117680161879,1.0601640951790614e-06,82.28468756102839,39.13468977449167,1.3818276945480754,3.52713609124903,14.725493150175744,25.923850209102454,28.06915860580341,30.56354324164019,5.58210505687677,17.913851145835054,82.28468756102839,146.6555239762217,158.98727006517998,173.3255899191649,14.72556458670689,6.808588832230638,46.35204028497336,0.004838843275031101,1.3810210058277739,3.526445919127015,14.725500581704368,25.924152100563948,28.06947032755192,30.564542345368412,2,1.1395387472814456,0.9999990463256836,17.65166648012383,4.709969071803735,9.722602953843307e-07,81.48090434772406,16.114981282241896,8.420296731090959,9.904456769538195,17.65166648012383,25.398876190709462,26.883036229156694,28.608693017112557,49.89612142299284,54.97411893737338,81.48090434772406,107.98768975807474,113.06568727245528,118.96995679387544,17.651728866830993,4.710413500999462,22.184039990044283,0.003961151438667351,8.420191490130964,9.904320751513028,17.65167193047224,25.399024490536128,26.88330578488001,28.609022527469676,2,-1.786625532842658,0.9999943971633911,14.07728138941875,6.338050187097419,5.571060682996176e-06,84.01341929273077,32.361934644201106,1.6549312905004552,3.6521165513710994,14.07728138941875,24.5024462274664,26.499631488337045,28.821790967736987,20.585192920057544,30.78277371805006,84.01341929273077,137.24406486741145,147.441645665404,159.29853715211664,14.077670560568293,6.340642254752,40.17648964624889,0.027248259118919135,1.6546131700253384,3.6520415287852446,14.077324929255111,24.50301871213803,26.500761010114335,28.823114678741454,2,1.7874327734200417,1.0,15.117142803691983,6.323192303730095,5.4325742127048215e-08,81.4706444978363,30.725936721768935,2.72391362106014,4.716417008989897,15.117142803691983,25.517868598394067,27.510371986323825,29.827087776625895,21.248915131912483,30.930976039553222,81.4706444978363,132.01031295611938,141.6923738637601,152.94986206843686,15.117147229645207,6.323214290823895,39.9828121979713,0.00023918466904586554,2.723363731308343,4.716165138706886,15.117142097070667,25.518328708230612,27.51043246064894,29.82767103185317,2,0.7479561043431282
153,282,set,0.893,8.40417351256634,100.4107099268,100.5797213981,100.3847546877,100.45839533753333,0.02908042073249817,11.745303127991342,6.280220770851736,0.9709195494651794,105.01246710094566,12.091366244560337,-0.5637033978384398,1.4152592149998888,11.745303127991342,22.07534704098279,24.05430965382112,26.355281366769407,81.31382473772406,85.12393947878198,105.01246710094566,124.90099472310933,128.71110946416724,133.1411912582278,102.30021560246985,19.71558374542258,143.09650861124047,245.6074219202702,18.521093175304326,80.55382271272852,104.55846736944589,124.7275253988456,128.5581816337665,133.0071419053087,2,-1.8418202649365156,0.011282667517662048,14.329714358077837,6.224964191648797,0.9887173175811768,102.45585740101833,13.685643259131865,2.1290087373947006,4.090559429801269,14.329714358077837,24.5688692863544,26.530419978760968,28.811146571300377,75.6324895078565,79.9449774490713,102.45585740101833,124.96673735296535,129.27922529418015,134.29342450178112,101.46155790273967,16.500181706127016,185.6208261373206,86.63501679866388,72.33595400542144,78.36188087977308,102.26011719027115,124.89140484157056,129.21279404105414,134.23516273940734,2,-1.0031625652063383,0.027464933693408966,10.247725842895036,4.107614516189791,0.9725350737571716,106.35585169925542,11.814655974111998,2.1969493287891257,3.4913012078217385,10.247725842895036,17.00415047796833,18.298502357000945,19.803466140012453,83.19955150026492,86.92247196905342,106.35585169925542,125.78923142945743,129.51215189824592,133.84085150715478,103.71624918762552,19.568738253441328,136.21577597303752,246.71982100500372,15.761463249186523,82.81799530648782,105.93759175243216,125.62930807629274,129.37112127618167,133.71724906241633,2,-3.2578538500921894,0.034878142178058624,15.629224711347057,7.040322308165192,0.9651219248771667,103.9898925171978,13.978995361169709,1.8304465477893732,4.048925027854176,15.629224711347057,27.20952439483993,29.428002874904735,32.00746354550945,76.59156506925268,80.99649129624,103.9898925171978,126.9832937381556,131.38821996514292,136.50989865688172,100.90804355558281,21.287127828070137,190.3254808493474,262.81701310460716,19.66552370256823,73.8962523411242,103.3565224795282,126.74183955995426,131.1753693563961,136.3232726200325,2,-0.4496482180494752,0.043247293680906296,15.911976209342342,12.243346892820979,0.9567527174949646,104.47079685142896,11.925072490058007,-8.08454275081716,-4.226537333339291,15.911976209342342,36.050489752023964,39.90849516950183,44.394260224600956,81.09808425788587,84.85579811449782,104.47079685142896,124.0857955883601,127.84350944497203,132.2126638864583,100.64086869463807,21.611237222677207,142.54002184974874,324.5056656408324,18.323440112114156,75.20307469513142,103.79484694085625,123.82912644054844,127.61727475771279,132.01438456250122,2,-0.18247335710474033
154,283,set,0.494,100.3847546877,98.4141543173305,101.0360029672,100.478236213,99.97613116584351,0.8785222172737122,99.97907007772267,7.059227720925859,0.12147780507802963,115.58060786743044,25.607855132377736,86.14323798604121,88.36767375748138,99.97907007772267,111.59046639796394,113.81490216940412,116.4012894786687,65.39013408665089,73.45943447449103,115.58060786743044,157.70178126036984,165.77108164821,175.1533872133832,101.87431287896467,12.223591425151964,123.43968870918017,25.976730594641793,84.28997464106328,87.46122077989403,100.52216741301163,121.78209294062592,136.60692401868533,151.16623683308154,2,-1.8981817131211614,0.9803580045700073,100.14473673004096,7.325645211463075,0.019641932100057602,108.77317599079859,20.358009065590426,85.78673595205503,88.09512263420623,100.14473673004096,112.19435082587569,114.5027375080269,117.18673589370556,68.87221142530143,75.2872309417512,108.77317599079859,142.25912103984595,148.67414055629575,156.13298710023903,100.31420960597056,7.885798229470478,60.7515584984433,1.4336179321011537,85.52199178168289,87.94569925364776,100.20473683402398,112.75932484974007,115.49377072192935,119.45662189921683,2,-0.3380784401270489,0.23161493241786957,97.08946052762856,8.473804166265918,0.7683850526809692,111.43767303770365,12.712155886296918,80.4811095497019,83.15129301066956,97.08946052762856,111.02762804458754,113.69781150555522,116.8024768348597,86.52230533470284,90.52803732175565,111.43767303770365,132.34730875365165,136.35304074070444,141.01056985826625,108.11441110631465,13.320673315457917,140.80137780158495,36.63878559997844,83.81151751021025,87.21111886344661,107.60812244698567,130.67913169599143,134.88888901969258,139.73225760439584,2,-8.138279940471136,0.7998991012573242,98.00123846842159,6.534978885508267,0.20010092854499817,116.38391717474637,18.163217281492837,85.19291521309569,87.25215474654202,98.00123846842159,108.75032219030115,110.80956172374749,113.20387270562553,80.78466545964488,86.5080833521752,116.38391717474637,146.25975099731752,151.98316888984783,158.63787908328908,101.67963246736605,12.420227531616222,100.17423922909526,54.08812082671372,84.72288249626672,87.1884373296159,99.34610325096597,128.64235174792802,137.28351475521404,146.26422365080768,2,-1.703501301522536,0.9801598787307739,99.65781336023514,8.41448717200832,0.019840193912386894,107.7545100576499,19.618568254456893,83.16572155472454,85.81721361642062,99.65781336023514,113.49841310404966,116.14990516574574,119.23283770398062,69.30282285067355,75.48483690871146,107.7545100576499,140.02418320658833,146.20619726462624,153.39412460813082,99.8184606322202,8.849249911828252,77.0350993957689,1.2748484027068807,82.93231713580171,85.68272820146221,99.72562093860054,114.06388375340778,117.10027051410403,121.20950537126458,2,0.1576705336233175
155,284,set,0.829,100.478236213,84.5386430364252,84.87775481362969,84.69917816387431,84.70519200464307,0.01727932132780552,96.00196511869083,8.950763340524173,0.982720673084259,112.85001883189591,13.581236472449584,78.45879133712202,81.27926957404537,96.00196511869083,110.7246606633363,113.54513890025964,116.82455438696194,86.2312844803729,90.51087276170159,112.85001883189591,135.18916490209023,139.4687531834189,144.44469942642493,112.55889526743869,13.69187125827918,182.64716549321182,4.820102263703864,85.80048391413035,90.02857857469353,112.56991151886896,135.07424908397624,139.36738855339152,144.35582524689391,2,-27.85370326279562,0.1122470274567604,97.2805147962195,8.717003126852,0.8877530097961426,107.42084588005528,12.940213478966724,80.19550261446655,82.94232058686967,97.2805147962195,111.61870900556934,114.36552697797246,117.55929648837902,82.05849350902074,86.13608880565053,107.42084588005528,128.70560295446003,132.78319825108983,137.52428399648414,106.28262786020568,12.939422759664726,157.18268333834243,10.246398823665617,81.71214326857674,85.50295121101962,106.01605116364162,127.95263086039996,132.11851887641131,136.94195664655373,2,-21.577435855562612,0.0009496594429947436,89.91767941858848,9.521061950134483,0.9990503191947937,109.40305861420377,10.434882268246081,71.25674090175019,74.25692613748011,89.91767941858848,105.57843269969683,108.57861793542676,112.06698164489498,88.95106518552582,92.2392046684676,109.40305861420377,126.56691255993994,129.8550520428817,133.67822479480452,109.38455180275903,10.451312232398008,108.86944749661286,0.36022428401954737,88.87728115066344,92.1866390329472,109.39113477250717,126.56212489117762,129.8508326693333,133.67456707190007,2,-24.679359798115968,0.02069777064025402,95.4879360444369,8.922861588554776,0.9793022274971008,112.54634388340386,11.40518974621629,77.99944869183369,80.8111347977166,95.4879360444369,110.16473729115721,112.97642339704012,116.24561613133199,90.19258274397441,93.78647616327025,112.54634388340386,131.30621160353746,134.90010502283332,139.07878280254653,112.19327266083111,11.616028517966717,129.03392489006683,5.898170194418254,89.22294913483493,92.94715563858246,112.2623635127408,131.19040974518194,134.79794146083452,138.98918809819034,2,-27.488080656188046,0.14422260224819183,97.57868040862891,11.505542560674568,0.855777382850647,110.49372103234492,10.799235080004696,75.028231367114,78.65374699765881,97.57868040862891,116.503613819599,120.12912945014381,124.3445748843406,89.32760921495418,92.73056004269762,110.49372103234492,128.25688202199223,131.65983284973566,135.6164986019811,108.63107861896674,11.810266309597973,118.89556396569449,20.58665049362895,84.42680599991388,88.6488700414462,108.9446796616575,127.50120074041409,130.98188120726996,135.01319103660384,2,-23.925886614323673
156,287,set,0.17,84.830737230005,84.7132414420566,84.8062770214,84.6311520500204,84.71689017115901,0.9999616146087646,87.66493079337219,5.437829968634696,3.834887684206478e-05,112.93911888467503,51.96894875567806,77.00697990079561,78.720496446718,87.66493079337219,96.60936514002638,98.32288168594877,100.31521498030109,11.081851009138347,27.457805035042725,112.93911888467503,198.42043273430727,214.7963867602117,233.83697233858408,87.66589682906682,5.449514439571193,29.672431270763973,0.024495731918325825,77.00434631590961,78.71994252705373,87.66502988630825,96.6110170388115,98.32682565225753,100.32183590842313,2,-2.949006657907816,0.9999858140945435,85.76701891903272,6.102512468033723,1.4222932804841548e-05,104.04790662792234,34.906323010240364,73.80631426647999,75.72927915247087,85.76701891903272,95.80475868559458,97.72772357158546,99.96358582535069,35.63277069512945,46.63211462098883,104.04790662792234,161.46369863485583,172.46304256071522,185.2521569533779,85.7672821025955,6.1042559591290795,37.25746008223792,0.004753106486714979,73.80552122749008,75.7288474708305,85.76706231106238,95.80536448086232,97.72894775475892,99.9661949571559,2,-1.0503919314364936,0.9990768432617188,88.48089382010036,6.57844436873707,0.0009231859003193676,107.42704531488839,16.49542613737387,75.58737978307536,77.6603157404847,88.48089382010036,99.30147189971602,101.37440785712535,103.78464389180779,75.09660417599494,80.29448380471885,107.42704531488839,134.5596068250579,139.75748645378184,145.8011448409658,88.49838722030887,6.619518659425818,43.48717788322918,0.3310777953067706,75.5870390901687,77.66104938736956,88.48660082907675,99.33926037756066,101.43931728539232,103.91878609909052,2,-3.7814970491498627,0.9996645450592041,83.81432150799841,4.837100080151668,0.00033551547676324844,113.65475128891718,31.067744637315208,74.33377956128534,75.85799989723368,83.81432150799841,91.77064311876315,93.29486345471149,95.06709899598202,52.76309071889196,62.552858841027096,113.65475128891718,164.75664373680726,174.5464118589424,185.92913297717917,83.82433850780421,4.900180004840067,23.713529500120462,0.29865993688285114,74.33087865902681,75.85676231121896,83.8156695821892,91.78236558368951,93.3150710504214,95.11177128515816,2,0.8925516633547943,0.9999927282333374,85.74265070174417,6.097571532789142,7.2722464210528415e-06,100.77479975270455,38.8206690717031,73.79163010432076,75.71303805043989,85.74265070174417,95.77226335304843,97.69367129916758,99.92772327386014,24.68768651641848,36.92048142943084,100.77479975270455,164.62911807597823,176.8619129889906,191.08518071650408,85.74276006037206,6.098582422669344,37.19106782830305,0.001643264885361864,73.79057757180911,75.7123371638355,85.7426682290246,95.77325290983237,97.69462729779072,99.92886935194183,2,-1.0258698892130553
157,291,set,1.076,19.3408297099901,109.3865830136,110.4851391411,110.5006441635,110.12412210606668,0.002809014869853854,22.414049411070202,6.263389949562931,0.9971910119056702,108.25400696941976,10.800173585670539,10.138030688796709,12.111689735520214,22.414049411070202,32.71640908662019,34.69006813334369,36.9848733045247,87.0860557147247,90.48930227532408,108.25400696941976,126.01871166351543,129.42195822411483,133.37896782971646,108.01288415076849,11.707521672771238,116.42629638112349,20.640079721515097,86.55336709891746,90.20283070111935,108.2158765556388,126.00402773867238,129.40901627745092,133.3676172113155,2,2.1112379552981935,0.0017147860489785671,24.512419223280936,6.204758042965294,0.9982852339744568,106.27041403777034,12.192866598745805,12.351316926283728,14.306500451953148,24.512419223280936,34.71833799460872,36.67352152027814,38.94684490547105,82.37283463592716,86.21493318988783,106.27041403777034,126.32589488565284,130.1679934396135,134.63526332822622,106.13021869676875,12.645926978731149,148.47708608235953,11.442608605471248,82.01313042461484,86.01944283744969,106.24416414574796,126.31577816261667,130.1590989279191,134.6274762526922,2,3.9939034092979284,0.0013966842088848352,19.05142155147029,4.315116615580421,0.9986032843589783,109.92316113015792,11.377894336198816,10.593948395842295,11.953686335614272,19.05142155147029,26.149156767326307,27.508894707098285,29.089883916364112,87.62289801130598,91.20819036419067,109.92316113015792,128.63813189612515,132.22342424900987,136.39210143023536,109.79623855133462,11.86673098340506,129.30167221909056,11.517253092278912,87.35107508441466,91.05998949152418,109.9032168610263,128.63047077365044,132.2166872674298,136.38621598659154,2,0.327883554732054,0.0035919893998652697,25.787942202140506,7.106704224174278,0.9964080452919006,109.0880156489508,12.467451450947094,11.859057873980252,14.098453983336093,25.787942202140506,37.47743042094491,39.71682653030076,42.3206084654854,84.65225982609286,88.58088291101907,109.0880156489508,129.59514838688253,133.52377147180874,138.09164482656897,108.78880645257776,13.412492698146147,155.06043608051263,24.834934874513422,83.85386035074694,88.15505080992338,109.03168531946567,129.57341113792185,133.50461579846782,138.0748508129646,2,1.3353156534889195,0.003923742566257715,26.386896374907195,13.362470873328698,0.9960762858390808,108.56840851508723,10.715294302842455,0.1969347187174577,4.407587693879069,26.386896374907195,48.36620505593531,52.576858031096926,57.47265208300807,87.56681759776879,90.94331781720436,108.56840851508723,126.19349921297008,129.56999943240567,133.4959106362267,108.24595250166578,11.893842552499562,115.06762713771428,26.396196356578297,86.81225580161966,90.54233241697013,108.51550573717056,126.173084476547,129.55205393773025,133.48015906165753,2,1.8781696044008953
158,294,set,0.299,18.5585568866165,17.7663315225888,18.2384502278165,18.074397110409997,18.0263929536051,0.9996249675750732,18.808191808471072,6.653712379963626,0.00037505922955460846,95.42830693082743,26.009767499262026,5.767155180254074,7.863808867595985,18.808191808471072,29.752574749346156,31.849228436688065,34.287041458078676,44.45009938601342,52.64604652350175,95.42830693082743,138.2105673381531,146.40651447564142,155.9360742570322,18.83692939396383,6.834472822610703,44.50901561288523,2.2010126612026477,5.767934486843595,7.864866897226927,18.81131029298507,29.77581199691024,31.89112885646549,34.38069554569033,2,-0.8105364403587281,0.9981468915939331,19.125757499861663,6.873855313105169,0.0018531414680182934,87.83084656847592,24.336982445513065,5.6532486512362325,7.819271656960973,19.125757499861663,30.432243342762348,32.598266348487094,35.11673619396821,40.131237482886775,47.80007272391943,87.83084656847592,127.8616204130324,135.53045565406507,144.4471339411645,19.25307838181347,7.549254855298727,48.2599224809458,8.731338644743857,5.658333092625597,7.825269397064596,19.141676072602777,30.550412098971396,32.81525039584079,35.625205501540236,2,-1.22668542820837,0.9987755417823792,19.16678544549154,4.935677178893607,0.0012244624085724354,87.89816985363115,13.269560960020508,9.493035935543812,11.04831893632678,19.16678544549154,27.285251954656303,28.840534955439267,30.648887557562578,61.890308281332196,66.07168438048774,87.89816985363115,109.72465532677454,113.90603142593008,118.7677847824302,19.250944522315518,5.506720005384526,24.54668516789336,5.777281602970619,9.49548705729746,11.051169493140923,19.17436932339722,27.341624999761816,28.9435734216723,30.886638389482624,2,-1.2245515687104174,0.9969582557678223,19.034080314819363,7.227758569406648,0.0030417817179113626,87.99780321866595,20.783925987766118,4.8679338298315855,7.145475417201249,19.034080314819363,30.92268521243747,33.20022679980714,35.848361096838985,47.26205682529828,53.81128717539788,87.99780321866595,122.18431926193401,128.7335496120336,136.34844525452783,19.243853619853855,8.235182780248422,53.395554969584076,14.422694336454239,4.877290204224921,7.156142023930415,19.061693714779725,31.130117930222923,33.58633923285431,36.7944442608171,2,-1.2174606662487548,0.9999032020568848,20.1208541267234,8.389713772258398,9.682579548098147e-05,88.59889784295123,18.987445744085097,3.6773172924972606,6.321002999339452,20.1208541267234,33.92070525410735,36.56439096094954,39.63824692462789,51.38418802613611,57.367328844248554,88.59889784295123,119.8304668416539,125.81360765976635,132.7703018831694,20.127485128192593,8.41839510575994,70.41539177038202,0.4539956697302435,3.6775699458570053,6.321262851409179,20.121871755156633,33.92830788575797,36.57805240853978,39.66842503275823,2,-2.1010921745874924
159,295,set,0.494,18.074397110409997,36.650872583974504,36.678471021257,38.6155252947137,37.31495629998174,0.9407142996788025,19.802360667718062,6.908024507564612,0.05928570777177811,98.09931839539776,17.6104052301583,6.262881428571378,8.439671501380749,19.802360667718062,31.165049834055374,33.34183990686474,35.87282879471302,63.58355839113168,69.13277948048669,98.09931839539776,127.06585731030881,132.61507839966384,139.06724716357422,24.444251370519627,20.128995485206175,63.2777028799262,341.898760815406,6.444209498063117,8.645492947972082,20.348570256432748,80.3405898255105,101.57878049012508,114.99501274131809,2,12.87070492946211,0.8040927648544312,20.53101045336959,6.816965834265474,0.19590723514556885,92.36535946471163,18.14074182467759,7.170002934369213,9.318099476073751,20.53101045336959,31.743921430665424,33.89201797236996,36.38964442932212,56.81015883550412,62.526494478800416,92.36535946471163,122.20422445062283,127.92056009391914,134.5670356420741,34.60387915666344,30.244126224334767,101.83744259043861,812.8697284830553,7.8172004844404235,10.055155123702809,22.645797878658495,104.3045828309313,113.00511108035677,122.02202267322586,2,2.711077143318299,0.8950016498565674,18.930929164245313,4.906744574018937,0.10499829798936844,93.8947070636524,12.10032893787563,9.313886517830865,10.860052555145804,18.930929164245313,27.00180577334482,28.54797181065976,30.345723972475696,70.17849814432836,73.9914371228818,93.8947070636524,113.79797700442299,117.61091598297645,122.04428156347424,26.8019972672112,23.77000640421202,36.921823731383775,528.0913432601782,9.548724696609604,11.126866933744422,19.65501443256214,94.61708580213202,102.51538462260987,109.73605485288337,2,10.512959032770539,0.856752872467041,20.968659054303345,7.569229310148488,0.1432470828294754,92.56874674292204,16.40558873841945,6.133242215687346,8.518384770278209,20.968659054303345,33.41893333832847,35.80407589291934,38.5773195680949,60.41438367044401,65.58395460425858,92.56874674292204,119.5535388815855,124.72310981540006,130.7338532269325,31.225161808660506,26.77332393603363,87.64013997203476,629.1706910253808,6.640104296651095,9.09480516618678,22.566569899765877,98.93240187053811,107.93162700340473,116.80335419573457,2,6.089794491321232,0.9826862812042236,22.026869650290443,10.041571080290167,0.01731368713080883,94.27892598580979,14.442060213179042,2.3457519847227495,5.509955038584142,22.026869650290443,38.543784261996734,41.707987315858134,45.38705718495346,65.97300810542,70.52385086351069,94.27892598580979,118.0340011081089,122.58484386619958,127.87618205950866,23.277818450761085,13.838978953439153,102.69852241299935,88.81879890285323,2.420773238518374,5.595114363127948,22.248625010946434,40.45174188403224,46.2951133641512,91.45266887804279,2,14.037137849220652
160,296,set,1.076,38.6155252947137,101.0325016506,100.9270146293,101.61478080469999,101.19143236153333,0.0013532147277146578,40.26746532798535,6.985876809755083,0.9986467957496643,108.58418915497879,10.227255607462732,26.575398380431814,28.776720520023517,40.26746532798535,51.75821013594718,53.95953227553888,56.519044992670295,88.53913650366651,91.76185067528392,108.58418915497879,125.40652763467364,128.62924180629105,132.37634349467197,108.49174309582459,10.527500962641236,104.52125671153156,6.3071431304335395,88.30258804760878,91.63283424873809,108.56682001061273,125.39981632686786,128.6233267174936,132.37121425485023,2,-7.3003107342912585,0.001213835901580751,41.03733777592664,6.762610535484576,0.9987861514091492,105.3068071036844,11.240436544111285,27.782864684905736,29.91383330897459,41.03733777592664,52.16084224287868,54.291810866947536,56.769522418117376,83.27595630671841,86.81793428558508,105.3068071036844,123.79567992178372,127.3376579006504,131.45597276136866,105.22879317817231,11.456764009379963,126.24955930953872,5.007741747541225,83.0433409944662,86.69090469360566,105.28968617308838,123.78910905978628,127.33184618413192,131.45088225091075,2,-4.03736081663898,0.000375226023606956,35.056858963385295,5.280094440856352,0.9996247291564941,108.69560430967678,10.702671365843369,24.708064024336686,26.371876471696417,35.056858963385295,43.74184145507417,45.4056539024339,47.34019544060633,87.71875389425567,91.09127649549964,108.69560430967678,126.29993212385392,129.6724547250979,133.59374108816428,108.66796826435109,10.795792697454734,114.51464922588937,2.0339614745620587,87.65127334765289,91.05411982624884,108.69056978945463,126.29802932491073,129.67078353681254,133.59227062645874,2,-7.4765359028177585,0.0018129701493307948,42.02227763819114,7.822658054079261,0.9981870055198669,109.07435684795593,11.10532394238325,26.690149588823605,29.15515016553772,42.02227763819114,54.889405110844564,57.354405687558675,60.22050157164689,87.30832188423439,90.8077244828558,109.07435684795593,127.34098921305603,130.84039181167748,134.90920359185404,108.95279077603145,11.460897017087651,123.21556934071236,8.136302271663448,86.96131946382371,90.61929591986915,109.04907753691313,127.33122490313961,130.83183574343457,134.90168447264506,2,-7.761358414498119,0.0029786936938762665,43.4807455094535,13.937436239945589,0.9970212578773499,108.95874096766894,9.495160339149345,16.16387244233679,20.5557029597741,43.4807455094535,66.40578805913289,70.7976185765702,75.9040706758307,90.3485686755031,93.34059204533337,108.95874096766894,124.57688989000451,127.56891325983479,131.04778703632593,108.76369679877168,10.158809882616508,90.46812981725076,12.73271552369621,89.85054279336924,93.07320286546324,108.92318774847448,124.5632019066801,127.55688563710771,131.0372799791233,2,-7.572264437238346
161,297,set,0.299,101.61478080469999,101.5047366677,100.7183839453,100.16506200559999,100.79606087286668,0.9990524649620056,103.09865432054235,5.9042343545350695,0.0009475653641857207,117.6744648347003,43.582227320325245,91.52656762936952,93.38705302811385,103.09865432054235,112.81025561297085,114.67074101171518,116.83395735905391,32.25486892082522,45.98808015623975,117.6744648347003,189.36084951316082,203.09406074857537,219.0618867073036,103.11246898033001,6.0685722369300885,36.62676789602708,0.20112353237251787,91.50184417488003,93.37341296394168,103.1004909303648,112.83753307523203,114.71983496298898,116.94142199824684,2,-2.3164081074633316,0.9998481273651123,102.66709634219058,6.544366805646985,0.00015189118857961148,110.07825867671687,29.98158361019375,89.84037310150305,91.9025708658213,102.66709634219058,113.43162181855983,115.4938195828781,117.89157014745089,51.31543460126074,60.76294213374085,110.07825867671687,159.39357521969288,168.84108275217298,179.82585196866881,102.6682239373,6.5549151400827705,42.95876665773156,0.008341406048840408,89.83611955056978,91.90005142685477,102.66734005656483,113.43576307361681,115.50102499102883,117.90657354110307,2,-1.8721630644333231,0.9767444133758545,103.10579870387195,7.639822689797659,0.023255644366145134,114.39291355610014,15.931367767190826,88.13202138359662,90.53940864329212,103.10579870387195,115.67218876445179,118.07957602414729,120.87868397633171,83.16800650794382,88.18814550193852,114.39291355610014,140.59768161026176,145.61782060425645,151.4548170918673,103.36829378633018,8.112042998201744,62.91201417134701,2.8938444068292855,88.05600171473907,90.509410765292,103.22361059044474,116.43663413020047,119.37379638886077,123.66328233370675,2,-2.572232913463509,0.9960659146308899,100.2336363391996,5.157991345966881,0.0039341384544968605,120.17970656166182,27.398990690092948,90.12415906853523,91.74949556600167,100.2336363391996,108.71777711239754,110.34311360986396,112.23291854121071,66.4786715963314,75.11237735025279,120.17970656166182,165.24703577307082,173.88074152699224,183.91929030442435,100.31211226201924,5.568848480301464,29.453585068854633,1.5590225004592118,90.08465892149428,91.72942027078567,100.24724821721446,108.84120880786652,110.56618004801179,112.7447959767039,2,0.4839486108474347,0.9998608827590942,101.87587092170867,6.546478622362649,0.00013905912055633962,106.83470005463661,34.847260865728785,89.04500859631648,91.10787181595518,101.87587092170867,112.64387002746214,114.70673324710084,117.10525754729582,38.535323797936115,49.5160566303185,106.83470005463661,164.1533434789547,175.13407631133708,187.90155128577135,101.87655457106567,6.559215378542111,43.01928417433052,0.003418986406715593,89.04021826885837,91.10538004546872,101.87600113350484,112.64762447959565,114.71339354553524,117.11816260484122,2,-1.0804936981989925
162,300,set,1.378,10.8358386695324,98.734714631991,96.67150346422329,97.889310683052,97.76517625975544,0.0007595432107336819,12.964504312979194,5.423904148102556,0.999240517616272,111.60158724008298,10.84142631450337,2.3338475271007777,4.0429759027355665,12.964504312979194,21.88603272322282,23.59516109885761,25.582392196918875,90.35278212261156,93.76902784534497,111.60158724008298,129.434146634821,132.8503923575544,136.8225162983983,111.5266749018095,11.173765572551513,117.46960241433383,7.384191234416399,90.21349544509687,93.69264811611978,111.59125810996383,129.43020433844464,132.84691158153285,136.81944283783582,2,-13.761498642054065,0.0005040331743657589,17.017594585050837,5.737427321190321,0.9994959831237793,112.73511023124115,12.37463316900826,5.772443671601685,7.580366446420465,17.017594585050837,26.454822723681204,28.26274549849999,30.364846436165777,88.4812748980902,92.38064998100391,112.73511023124115,133.08957048147838,136.98894556439208,141.5228117959988,112.68686726536077,12.557320381933499,153.0709569844778,4.615545149269715,88.37623651892174,92.3229081882153,112.72728883715872,133.086601004013,136.9862974442274,141.52048448827233,2,-14.92169100560534,0.00028097847825847566,9.853264251731638,3.583106177870698,0.999718964099884,115.62909231574179,12.325064893406225,2.830505190322099,3.9595790593087905,9.853264251731638,15.746949444154481,16.876023313141175,18.18881569108374,91.47240901754658,95.3561646234103,115.62909231574179,135.90202000807326,139.78577561393698,144.30148082793275,115.59936494489857,12.450371865932505,151.86814062737426,3.142851632107759,91.41432822013402,95.32413660562757,115.62475166432039,135.90039926690594,139.78433914489028,144.30025661143142,2,-17.834188685143133,0.0006318974774330854,18.22215193182322,6.471232087238286,0.9993681311607361,115.98550398077944,13.279460011391423,5.538770105236216,7.577922362284575,18.22215193182322,28.866381501361857,30.905533758410222,33.27648894039488,89.9582406243124,94.14273601708521,115.98550398077944,137.82827194447367,142.0127673372465,146.87814754669023,115.9237308868468,13.501642938492857,176.25909375132744,6.0356531358646555,89.81666227490402,94.06498955964821,115.97497995389334,137.82424308039805,142.00922247733936,146.87505979311774,2,-18.158554627091362,0.0005777907208539546,17.786101152892634,13.722417504787341,0.9994221925735474,112.9678939981336,11.831265591548213,-9.109342937312555,-4.785267050399202,17.786101152892634,40.35746935618447,44.681545243097816,49.709217941855485,89.77903954717112,93.50719387844936,112.9678939981336,132.42859411781785,136.15674844909609,140.49153355424434,112.91289695423708,12.051493332541215,140.00676541399974,5.231513145224795,89.6637781910908,93.44381886392442,112.95932165745074,132.42535699935794,136.1539094845573,140.48910672443944,2,-15.147720694481649
163,301,set,0.385,97.889310683052,95.5585348583201,95.4083764738209,94.83967826587539,95.2688631993388,0.9891974329948425,98.794202021441,6.438102336124993,0.010802565142512321,115.77496945575912,32.78012016958725,86.17575331385282,88.20446604318104,98.794202021441,109.38393799970093,111.41265072902917,113.77146770394275,51.527114514473084,61.8564699029084,115.77496945575912,169.6934690086098,180.02282439704516,192.0329323230817,98.97763768380152,7.4626003157647585,52.6091524886302,3.081232736680903,85.98132337612459,88.10083989924712,98.82899412776483,109.75838071040086,112.1076368152289,115.55368232995265,2,-3.7087744844627224,0.9980787038803101,98.37480524389116,6.868749727743774,0.0019212644547224045,108.4035865894552,24.399122831338996,84.91230315869406,87.07671734158987,98.37480524389116,109.67289314619245,111.83730732908826,114.3539065703465,60.58218458566181,68.27060090589276,108.4035865894552,148.5365722730176,156.22498859324858,165.16443411660202,98.39407006997956,6.958879769464299,48.23283836991439,0.19286271494874996,84.87967079006349,87.05836143874893,98.38008864854999,109.7284362870206,111.93338424571273,114.55433999540026,2,-3.125206870640767,0.7838422656059265,97.1848659640116,7.913641561020722,0.2161576896905899,111.51933376868304,13.936714642911898,81.67441351785166,84.16808393997276,97.1848659640116,110.20164798805045,112.69531841017155,115.5947491854134,84.2038750057637,88.59547814050171,111.51933376868304,134.44318939686437,138.83479253160237,143.94098024933498,100.28336706311146,11.220007652747384,91.07343204507043,34.8146901107139,81.96352788581883,84.63455433776465,98.9318675996287,121.90502485103573,128.21283497819059,134.9645457832804,2,-5.01450386377266,0.9694864153862,96.23072855925273,5.836000124711821,0.030513588339090347,116.97158350820033,21.869816415999946,84.79237850104629,86.63136258723124,96.23072855925273,105.83009453127421,107.66907861745916,109.80729504227816,74.10753098433759,80.99893665557995,116.97158350820033,152.94423036082068,159.83563603206306,167.84838443322528,96.8636068274531,7.767870211365967,47.61394809474172,12.72589447863948,84.64822076193019,86.57322880846789,96.38120361508787,107.17359275359968,110.72300088450976,126.73028509023688,2,-1.5947436281143013,0.9982896447181702,97.89047905071057,7.507737502608792,0.0017103194259107113,106.32882903573582,25.151825851446894,83.17558394021664,85.5413497893449,97.89047905071057,110.23960831207623,112.6053741612045,115.35608822876122,57.03215622147642,64.95775705953159,106.32882903573582,147.69990101194003,155.6255018499952,164.84072563349477,97.90490781465948,7.581135066334356,57.351688913975615,0.12157628773988013,83.14138577974131,85.52191295404032,97.89471295857416,110.2883664554947,112.68907064485735,115.52836920498272,2,-2.636044615320685
164,302,set,0.494,94.83967826587539,96.21712741841749,95.95704195145919,96.9338843055317,96.36935122513613,0.8479856252670288,94.91587567857668,7.093349667960477,0.15201431512832642,113.97910056512053,23.98866154404167,81.013165799625,83.24835374999687,94.91587567857668,106.5833976071565,108.81858555752837,111.41747459846485,66.96218790147785,74.52126361869227,113.97910056512053,153.43693751154876,160.99601322876322,169.78507234918715,97.81375309641487,13.303769604647622,130.14444548403023,46.845269940272175,79.66886830388526,82.64321243368117,95.79710462102082,124.60913809665094,137.39928347374843,150.15301632145582,2,-1.4444018712787425,0.9681297540664673,94.63156644730232,7.267017600085878,0.03187020868062973,107.03519235427139,19.540055920059018,80.3884736761153,82.67838619068087,94.63156644730232,106.58474670392376,108.87465921848934,111.53717739187948,68.73738649505702,74.89466050332771,107.03519235427139,139.17572420521503,145.33299821348572,152.49215990253984,95.02686906805332,8.24877418973108,63.29497663607891,4.746962599434334,80.13715855282295,82.54862810853555,94.77240851572274,107.73747983964954,111.0277733203222,117.75800081303298,2,1.342482157082813,0.19495931267738342,91.62868334380045,8.241192208191007,0.805040717124939,109.17895405607766,12.254230981412489,75.47624342607395,78.07312844975326,91.62868334380045,105.18423823784764,107.78112326152694,110.80056331688753,85.16110267427425,89.02253778080022,109.17895405607766,129.33537033135508,133.19680543788107,137.686558247692,105.75736859449646,13.5082638731863,134.13098696275122,48.34253923255679,80.50012880426097,83.93201321267837,105.73803853745859,128.01763488563512,132.039478261586,136.6753658923522,2,-9.388017369360327,0.7490634322166443,92.76435108169765,6.687863677671241,0.2509365379810333,113.96996892646798,17.20133702602324,79.65637913994843,81.7637942549231,92.76435108169765,103.76490790847221,105.87232302344688,108.3226485301231,80.2559678695271,85.676287330799,113.96996892646798,142.26365052213697,147.68396998340887,153.98626274761716,98.08561264482005,13.86641579623726,107.75235741707448,84.52484289525628,79.7230254604451,82.13515988381567,94.8576153403568,128.49293582385826,136.0510184040456,144.11398103590196,2,-1.7162614196839172,0.9723839163780212,94.53630704841419,8.707440534415444,0.027616139501333237,106.44258079035242,18.087711601402013,77.47003720343571,80.21384190391667,94.53630704841419,108.8587721929117,111.60257689339267,114.7928428239886,70.99131748885716,76.6909427595341,106.44258079035242,136.19421882117075,141.89384409184768,148.52089022053786,94.86511764764042,9.304136478066209,82.76072530554195,3.806733177071532,77.34616427178027,80.15807297941738,94.6864107812857,109.84753487133247,113.27653246525509,118.40258162503271,2,1.504233577495711
165,303,set,1.076,96.9338843055317,94.7568208328556,93.6511979861246,93.6762007181218,94.028073179034,0.001454790122807026,89.82827010993778,9.731860631211767,0.9985452890396118,111.80921819608676,10.737643766524839,70.75417377019947,73.82078385370285,89.82827010993778,105.83575636617269,108.90236644967608,112.46796339981903,90.76382313487706,94.1473659018055,111.80921819608676,129.471070490368,132.85461325729645,136.7887129445497,111.77724938100926,10.768841140887105,115.26705173614239,0.7018768489294968,90.62620390019484,94.05292507489405,111.79008160671464,129.46352187582892,132.8479204164321,136.7828615688679,2,-17.74917620197526,0.0065928311087191105,91.60373384001254,9.515656415212456,0.993407130241394,106.7419318836029,10.711404264865195,72.95338997693861,75.95187187262628,91.60373384001254,107.25559580739879,110.25407770308647,113.74046091164513,85.74796530061838,89.12323972879591,106.7419318836029,124.36062403840988,127.73589846658741,131.66038442316403,106.64212417504758,10.773859327710946,114.5747196165765,1.5008856492427847,85.4554638449527,88.88624179057564,106.66295104817388,124.32646803078013,127.70568801524249,131.63384114712923,2,-12.614050996013589,8.095427619991824e-05,82.51392490757868,9.539459811013318,0.999919056892395,109.35461998157709,10.089153532309405,63.8169272460253,66.82290983827562,82.51392490757868,98.20493997688175,101.21092256913205,104.70602695842756,89.58024242375558,92.7594392010877,109.35461998157709,125.94980076206647,129.1289975393986,132.82550085233672,109.35244833387212,10.091993346282576,101.79014666095475,0.05831659404494804,89.56978337664417,92.75299725001591,109.35360112179575,125.94940444072896,129.12867640670575,132.82521760882514,2,-15.324375154838123,0.0016993103781715035,90.27559727425994,10.156578471015008,0.9983007311820984,112.08923507040278,9.76878807306289,70.36906926491562,73.56951233879366,90.27559727425994,106.98168220972622,110.18212528360425,113.90333200783468,92.94276227459508,96.021008577505,112.08923507040278,128.15746156330056,131.23570786621048,134.81483443612817,112.05217158776898,9.810660011665707,95.44235472576109,0.8072169565663245,92.77716799814795,95.91349256545216,112.0690584894569,128.14942764332775,131.22865020937698,134.80864501823288,2,-18.024098408734986,0.01515176147222519,92.6367028572219,13.496408732266765,0.9848482012748718,112.31873728888011,8.909720361622762,66.18422782134715,70.43708600313339,92.6367028572219,114.83631971131041,119.08917789309666,124.03404461871693,94.85600626777631,97.66355143694153,112.31873728888011,126.9739231408187,129.78146830998392,133.04584631043963,112.02051561368448,9.312428264406188,80.94025945739732,5.780593250686034,93.49298789923962,96.84260686468718,112.17231902119515,126.91522591068205,129.7301763728708,133.00185064899966,2,-17.992442434650485
166,305,set,0.494,86.58465944954669,92.9758597477751,93.0025789615146,92.9502790367377,92.97623924867581,0.8029903173446655,87.312430642414,7.136371311743955,0.19700969755649567,111.69179832321555,21.98396046741662,73.32539989109098,75.57414440701952,87.312430642414,99.05071687780848,101.29946139373702,103.9141128718556,68.60402756952664,75.53140121362753,111.69179832321555,147.85219543280357,154.77956907690447,162.8341380195881,92.11540379688392,15.170134657028665,136.10823345845145,94.02487849397349,72.88708132696834,75.570970828969,88.86268888699509,126.25829630560702,136.77951501083416,147.6914459657516,2,0.8608354517918855,0.9397615790367126,86.47927528001011,7.188322718819361,0.060238391160964966,104.60303237133317,18.538779902726226,72.39042164187312,74.65553658426242,86.47927528001011,98.3030139757578,100.5681289181471,103.201814554855,68.2676914446748,74.10945300907886,104.60303237133317,135.09661173358745,140.93837329799155,147.7306835853514,87.5710186717003,9.37322336328064,69.26245822255643,18.594629450820992,72.26566068336602,74.64189834559035,86.8614292167639,101.69255496004824,109.1752978039939,122.5872060461485,2,5.405220576975509,0.1630198061466217,83.56914316666018,7.889402916215412,0.8369801640510559,106.08652706035133,11.706357717712311,68.1061975913527,70.59223016544173,83.56914316666018,96.54605616787862,99.03208874196767,101.92263886824952,83.14248754349269,86.83128210998086,106.08652706035133,125.34177201072178,129.03056657720995,133.31958744971297,102.41574434144785,13.929378952564013,124.84555588737129,69.18172952065554,74.82665513812117,78.48253685455967,103.2372031891603,124.31300522401783,128.1263445170609,132.52898429890737,2,-9.439505092772038,0.6748948097229004,84.99302592295064,6.906385880967271,0.32510513067245483,110.55110517740513,16.047059529705557,71.45675833291885,73.63303205751518,84.99302592295064,96.35301978838609,98.52929351298242,101.05968203444453,79.09944644141197,84.15604110806275,110.55110517740513,136.9461692467475,142.00276391339827,147.88214799894246,93.30208355272791,16.100687260668895,115.9084554795571,143.32315591125752,72.2887650299546,74.69417521044289,88.60603972141608,126.92373810676146,133.43827591853,140.5551436614167,2,-0.3258443040520973,0.9586939811706543,86.90847088712063,9.115227331119645,0.04130600020289421,104.60810645841136,16.304343233980006,69.04295360723097,71.91525615104129,86.90847088712063,101.90168562319997,104.77398816701029,108.11366061026978,72.65218092823122,77.78984835493763,104.60810645841136,131.42636456188507,136.56403198859147,142.53768067841293,87.6395704188231,10.150943769657848,90.63580132330846,12.405715027367561,69.11133424183676,72.01780838886764,87.25936349192487,104.0493988306483,108.589541599852,116.68354425197192,2,5.336668829852712
167,307,set,0.829,93.00482788061531,90.9080165416227,91.5423978615696,94.15894406393771,92.20311948904333,0.012518733739852905,89.63674336709859,8.796977267939157,0.9874812960624695,111.4756055611374,12.802941097228128,72.39498474912028,75.16700340171921,89.63674336709859,104.10648333247796,106.8785019850769,110.10157273235446,86.38230211438254,90.41664146171564,111.4756055611374,132.53456966055916,136.56890900789224,141.25970036414418,111.20221398238083,12.989518803246884,162.83207847581585,5.895888797593025,85.5080380039456,89.67098485436291,111.27500139517471,132.45628718486012,136.49987700695658,141.19917018164298,2,-18.999094493337495,0.0632292702794075,90.2573483143563,8.456618989290925,0.9367707967758179,105.92632965539158,12.488575345064318,73.68267966436858,76.34744789807444,90.2573483143563,104.16724873063818,106.83201696434404,109.93038592166666,81.44917176085065,85.3844512036058,105.92632965539158,126.46820810717736,130.40348754993252,134.97910035918082,104.93559850209019,12.851706675019813,150.62480581398472,14.542297024027391,80.0270639810104,83.81466505753109,104.95571710583667,126.07021744527059,130.0527181795288,134.67178396564168,2,-12.732479013046856,0.0008094627410173416,83.27415315389507,9.01668924729669,0.9991905093193054,107.79844443577659,10.207044447688718,65.60176696940398,68.44301914238477,83.27415315389507,98.10528716540537,100.94653933838615,104.25010901523063,87.79300492970717,91.0093503555409,107.79844443577659,124.58753851601226,127.80388394184601,131.5435805868976,107.7785899238803,10.22995625080994,104.16523045255464,0.4864498873696406,87.69829835153583,90.94868588080506,107.78814913404399,124.58356059669427,127.80036936796863,131.54049127796725,2,-15.575470434836973,0.015053796581923962,88.9101209254941,8.933157947816266,0.9849462509155273,110.59613626848382,10.969104605522194,71.40145307956647,74.21638367489814,88.9101209254941,103.60385817609006,106.41878877142172,109.69175392586752,89.09708629900788,92.55356477368053,110.59613626848382,128.6387077632871,132.09518623795975,136.11408944767197,110.26968465787257,11.255384466461212,119.71128255341058,6.972974475116133,87.72797080373199,91.56084157328321,110.38940789695877,128.55794646714892,132.02396144565566,136.05161359601297,2,-18.066565168829243,0.0949428454041481,91.14161393649971,11.889671283202748,0.9050571322441101,109.40651483491672,10.204832409162819,67.83828643340219,71.5848450030629,91.14161393649971,110.69838286993651,114.44494143959723,118.80112544922287,89.40541084469048,92.62105923427332,109.40651483491672,126.19197043556011,129.40761882514295,133.1465050149157,107.67239072717005,11.676453034380742,107.67291403153192,28.666382301142892,82.22010056601866,87.4314916799154,108.26349015909385,125.71087482827339,128.98095434204805,132.77069399868995,2,-15.469271238126723
168,310,set,1.153,9.93409719918064,83.6972069405072,84.5105655109002,84.3070090318099,84.1715938277391,0.002619661157950759,13.187907318433666,5.796649462663233,0.9973803162574768,109.21507113300602,11.027777316713996,1.8266831406102693,3.6532674256057405,13.187907318433666,22.72254721126159,24.54913149625706,26.672930472460262,87.60102476271882,91.07599161639583,109.21507113300602,127.35415064961622,130.82911750329322,134.86951744913944,108.96351003527712,12.061291796490556,121.38131151602329,24.093180136388053,87.09556765927431,90.80365080071857,109.17876915858544,127.34017816241304,130.81676304762584,134.85871707810674,2,-24.791916207538023,0.0014535936061292887,16.432127404461475,5.896433876283465,0.9985464215278625,108.51986107020944,12.628950307699757,4.875329369723977,6.733356756977084,16.432127404461475,26.130898051945863,27.988925439198972,30.14928381697591,83.76757330457188,87.74708635199958,108.51986107020944,129.2926357884193,133.272148835847,137.8991927698942,108.38600457168867,13.100293491488783,159.30909252724834,12.308774822858382,83.45329823901639,87.57579839537976,108.49681973266847,129.28374486831763,133.26430502769074,137.89234383403192,2,-24.21441074394957,0.0015171437989920378,10.655388078206514,3.8146432570308395,0.998482882976532,112.18948837892088,11.897835065516453,3.178824680557498,4.380858281353357,10.655388078206514,16.929917875059665,18.131951475855526,19.529575309424438,88.87016015651088,92.61929121853574,112.18948837892088,131.75968553930602,135.5088166013309,139.86799168927365,112.03544955219576,12.529254922184133,141.36579519036533,15.616769799532698,88.56076466549949,92.45081636355984,112.16683032571538,131.75096064460186,135.5011228793024,139.86127227058682,2,-27.863855724456656,0.0029873005114495754,17.7981735858055,6.679389207745808,0.997012734413147,111.05920684745374,13.245358824588925,4.70681129989819,6.811556021624284,17.7981735858055,28.784791149986713,30.88953587171281,33.3367564691363,85.09878058894965,89.27253034455495,111.05920684745374,132.84588335035252,137.0196331059578,141.87251918994428,110.7806119937909,14.17579210664008,175.04872206293487,25.904788394409767,84.4015989797037,88.89830532165651,111.00946648496972,132.82671848350876,137.00269059147632,141.85769115352173,2,-26.609018166051797,0.002660952042788267,17.753652194218866,13.199425737218125,0.9973390698432922,109.78649866972162,11.561746235984227,-8.116746867339717,-3.9574711033209837,17.753652194218866,39.46477549175871,43.624051255777445,48.460108196556206,87.125892448801,90.76911843957043,109.78649866972162,128.8038788998728,132.44710489064224,136.68314244600322,109.54160608168516,12.50040118453561,133.78188285467257,22.478409538700504,86.58723555946393,90.4790282324655,109.7478368030609,128.78901446385277,132.43396986231912,136.67159751053237,2,-25.370012253946058
169,311,set,0.893,84.3070090318099,73.3895399356521,73.2789701080425,73.453042204649,73.37385074944787,0.00460054911673069,81.51274052161524,8.774556933119538,0.9953994154930115,110.10148722884904,11.390888809765844,64.31492495240471,67.07987872528138,81.51274052161524,95.9456023179491,98.71055609082578,101.9254123886282,87.77575540980766,91.36514245590475,110.10148722884904,128.83783200179332,132.42721904789042,136.6006571948834,109.96995939891661,11.543520021254636,129.50962062023845,3.7428058726089173,87.09506353343933,90.93942297947251,110.03558055309034,128.8123983783038,132.40475321815651,136.58096507371823,2,-36.596108649468746,0.016435883939266205,81.72902491506275,8.333113504928239,0.9835641384124756,104.6680820531362,11.53457681909962,65.39642256631906,68.02227294268323,81.72902491506275,95.43577688744226,98.06162726380644,101.11474580139358,82.06072691079036,85.69539153688982,104.6680820531362,123.64077256938259,127.27543719548203,131.50152031420936,104.29106071185257,11.853574463387716,132.00104976707206,8.506420903522768,80.49325936760908,84.51376098994825,104.42804746622525,123.54797749686522,127.19359261232302,131.42975580925406,2,-30.917209962404698,0.0003771791816689074,74.69930965377077,8.467355608647376,0.9996228218078613,106.7580790489719,9.968107777517913,58.10359761652868,60.771749070199235,74.69930965377077,88.6268702373423,91.29502169101285,94.39732437269538,87.22094681102318,90.36200081727837,106.7580790489719,123.15415728066542,126.2952112869206,129.94736538541065,106.74598725420645,9.987003118055828,99.35273732285953,0.3875052326038265,87.16236923544416,90.32840753148503,106.7533658225919,123.15234847854745,126.29363819778905,129.9459646655211,2,-33.372136504758586,0.005852506961673498,80.94496964923307,9.156306819394784,0.994147539138794,108.98594975740758,10.246645664262893,62.9989380518208,65.88418516787105,80.94496964923307,96.00575413059508,98.89100124664535,102.24572455259778,88.9028932931088,92.13171747245818,108.98594975740758,125.84018204235699,129.06900622170636,132.82321211451537,108.82184475041556,10.461561349813545,104.86993778458799,4.574874021996729,88.05642287784998,91.62712626427913,108.91051698596536,125.81103507961016,129.04330697974754,132.8006760712909,2,-35.4479940009677,0.03221387043595314,83.31968249054465,12.753219625430448,0.9677861928939819,109.06015971266609,9.272845456205998,58.323831337771566,62.34250293434667,83.31968249054465,104.29686204674262,108.31553364331774,112.9881078533407,90.88571658429645,93.80768623186518,109.06015971266609,124.31263319346701,127.23460284103574,130.6320240260202,108.2309662212459,10.445613844086967,88.45514971747963,20.656440705489022,85.99142486681906,91.23431246592453,108.69126403950588,124.1669602185305,127.10594559780469,130.51911152777586,2,-34.857115471798025
170,312,set,1.226,73.453042204649,84.9663151043769,83.418976816198,83.4754502874477,83.95358073600754,0.00045550710638053715,68.78294058562648,8.548931151088071,0.9995444416999817,110.94835866185365,9.893631518592212,52.02734342318131,54.721200175200835,68.78294058562648,82.84468099605212,85.53853774807165,88.67072839428172,91.55719720910258,94.67478297477584,110.94835866185365,127.22193434893146,130.3395201146047,133.9643873116741,110.92914633442633,9.933919697030099,97.87264316558554,0.8094874296387758,91.48168314683117,94.63312598479766,110.94270851347193,127.21978952086546,130.3376049635917,133.96276504193406,2,-26.975565598418797,0.0008437430369667709,69.81047400137074,8.446581774995899,0.9991562366485596,106.50838070399207,10.173009836803018,53.25547792990637,55.91708333342652,69.81047400137074,83.70386466931494,86.3654700728351,89.46016155654456,86.56964780948647,89.77526857691362,106.50838070399207,123.24149283107053,126.44711359849768,130.17434051043534,106.47741493707879,10.227344503089638,103.46300459219268,1.1353406785628208,86.4280263173503,89.6963976712445,106.49761428839201,123.23734680162066,126.44349057629442,130.1711583377,2,-22.523834201071253,3.940356327802874e-05,61.386628975766776,7.454874077060247,0.9999605417251587,109.81065212598824,10.350393134607842,46.77534427544741,49.124452311647715,61.386628975766776,73.64880563988584,75.99791367608614,78.72925943617805,89.52425435632622,92.78577043815491,109.81065212598824,126.83553381382157,130.09704989565026,133.8892671901701,109.80873803901542,10.354788923163248,107.1286007096188,0.09239322386231742,89.51743061995495,92.78199372941705,109.81014166265321,126.8353749105363,130.09692714140073,133.8891516850343,2,-25.855157303007886,0.0004902782384306192,69.76441062564663,9.396554247669446,0.9995096921920776,112.39905791108265,9.842392402239547,51.34750272143765,54.308454290521276,69.76441062564663,85.22036696077198,88.18131852985562,91.62406462302188,93.10832328098246,96.20976307037931,112.39905791108265,128.58835275178598,131.68979254118284,135.29588655150835,112.37815174773242,9.887345533337662,96.86847999493814,0.8907482720269579,93.02766450677063,96.16520662175144,112.39300745821264,128.58605249919128,131.68778567963778,135.29415436622162,2,-28.42457101172488,0.002328223083168268,71.95226777634603,14.714049320495244,0.9976717829704285,112.10623268941862,8.622384431679304,43.1132610414293,47.74981038438658,71.95226777634603,96.15472516830548,100.79127451126277,106.18226513161221,95.20666974246832,97.92367238400101,112.10623268941862,126.28879299483623,129.00579563636893,132.16489838121862,112.0127459800732,8.855594960684567,74.67648865574853,3.7451494055591663,94.87949179393135,97.74297567670267,112.08117472032757,126.27914666369135,128.997285481166,132.15746158159124,2,-28.059165244065667
171,315,set,0.299,100.04451981129999,99.34403136092381,99.7443552175774,99.40229400614109,99.4968935282141,0.9989877343177795,101.61260827058365,5.9230724755088655,0.001012293854728341,117.15738901741524,42.70097694292977,90.00359954076578,91.87002102654645,101.61260827058365,111.35519551462085,113.22161700040152,115.39173533177352,33.46501210459762,46.92053221846599,117.15738901741524,187.39424581636445,200.84976593023285,216.49471594806687,101.62834701928878,6.094024653175851,36.89306416822477,0.24436327999272728,89.97802964286399,91.85631779463611,101.61474716621319,111.3849766713155,113.27539467083501,115.50947164875802,2,-2.13145349107468,0.9998260140419006,101.05574439463533,6.540345047576273,0.00017395848408341408,109.49594705140976,29.579404939642263,88.23690365492092,90.2978341216154,101.05574439463533,111.81365466765526,113.87458513434973,116.27086219155792,51.521378685584736,60.84215555337287,109.49594705140976,158.14973854944662,167.47051541723476,178.30793284813967,101.05720986308772,6.55236942265695,42.92087434251179,0.012390128428876363,88.23229086305173,90.29514761143469,101.05606504895243,111.81868334030885,113.88319578638949,116.2884335254376,2,-1.5603163348736189,0.9750601053237915,101.4803813411203,7.590749796286214,0.02493990585207939,113.60326877673967,15.714232920096476,86.60278512474457,88.99470900741778,101.4803813411203,113.96605367482283,116.35797755749604,119.13910599208668,82.80393820867688,87.75565576335875,113.60326877673967,139.45088179012058,144.40259934480244,150.1600411225887,101.78272614655164,8.11879288425114,62.34104707680832,3.573866599486116,86.54399639266994,88.97847838646825,101.6153098334367,114.83272846531067,117.84084767399096,122.41852656438556,2,-2.285832618337537,0.9957528114318848,98.69634544592765,5.201917491587728,0.0042472039349377155,119.3992993697247,26.91595879000453,88.50077451186675,90.13995259278727,98.69634544592765,107.25273829906803,108.89191637998853,110.79781514341862,66.64498953195152,75.12648693110937,119.3992993697247,163.67211180834002,172.15360920749788,182.01518287862262,98.78427662994686,5.642207552606896,30.021983795457427,1.8126722258129206,88.46200121242805,90.12073444799542,98.71185850401554,107.38991512486417,109.14003209997759,111.37248363458687,2,0.7126168982672425,0.9998471736907959,100.35955788505902,6.618265357423688,0.00015277430065907538,106.36726266822075,33.80925498668505,87.38799614437949,89.47348010777338,100.35955788505902,111.24563566234465,113.33111962573855,115.75594542913976,40.10234055018681,50.755986978844675,106.36726266822075,161.9785383575968,172.63218478625467,185.0193511294002,100.36047048840125,6.6313958111528,43.96937339582183,0.005513166635613629,87.38302743609684,89.47041974531768,100.35973725126122,111.2500290211781,113.3384476006591,115.7710931469375,2,-0.8635769601871459
172,319,set,0.385,25.4561681695564,30.9799804268484,30.9424609467465,30.0586715209417,30.660370964845537,0.9935219883918762,26.873072376356696,6.829470652702497,0.006477974355220795,97.69796440717049,21.374906799658547,13.487555863586543,15.639592803100351,26.873072376356696,38.106551949613035,40.25858888912684,42.760796910095465,55.80391690693942,62.539371432002426,97.69796440717049,132.85655738233854,139.59201190740154,147.42343339837726,27.33187320954363,9.032349812591447,49.29922406201359,32.28409124592286,13.506278542861986,15.660958606768718,26.92883162437024,38.53746398686491,41.0925581720277,45.232958908075204,2,3.328497755301907,0.9778357148170471,26.74185625543658,6.845798933199982,0.02216426283121109,90.70786825920452,20.608755444357268,13.32433690096189,15.481519050782067,26.74185625543658,38.00219346009109,40.159375609911265,42.667566049797415,50.315449822070505,56.809482119597554,90.70786825920452,124.60625439881147,131.10028669633851,138.65100267381266,28.15961516002543,11.996593479271375,55.23985809051024,88.67837929226133,13.38966863007106,15.555757265279583,26.935980702316783,39.75923960049057,45.396082464491464,93.23638695314621,2,2.5007558048201055,0.9770044684410095,25.889945097117298,5.206064168986197,0.022995511069893837,91.06474094456925,12.278325736333105,15.686246824699904,17.326731566618246,25.889945097117298,34.45315862761635,36.09364336953469,38.00106140875853,66.99966471090512,70.86869232427013,91.06474094456925,111.26078956486836,115.12981717823338,119.62839791806871,27.388672306043865,11.197307691810748,29.946594612703706,95.4330895627025,15.738145388636756,17.38555529816065,26.043541864233042,35.86824626467122,40.831601782188606,93.0783587032448,2,3.2716986588016717,0.9700847268104553,26.760362928566522,7.404499015885821,0.029915297403931618,91.24249148372157,17.74175879813245,12.247811533868036,14.581045866528118,26.760362928566522,38.93967999060492,41.272914323265006,43.98580347251,56.46928321698532,62.0598951761152,91.24249148372157,120.42508779132793,126.0156997504578,132.51599434550238,28.68936562951832,13.537650487149383,62.602891110317586,120.66510953226884,12.344087831370926,14.690313161834666,27.04653217237903,41.84899177214389,73.91032061439992,98.83828886591633,2,1.9710053353272166,0.9983522891998291,28.084003830260016,9.22662244145559,0.0016477815806865692,91.99249424191372,16.12516381816176,10.000156146058035,12.907560442919937,28.084003830260016,43.26044721760009,46.167851514461994,49.54833733151774,60.38775391350828,65.46896005042369,91.99249424191372,118.51602843340373,123.59723457031916,129.50523480885462,28.189313051410096,9.598834786040422,85.41874879433546,6.71893670020705,10.006572550598895,12.914850859343225,28.103087869727837,43.40240126880178,46.42842837561536,50.15597511794448,2,2.471057913435441
173,320,set,0.17,30.0586715209417,30.0802360215639,30.6973894326079,30.159716812323,30.312447422164933,0.999984860420227,30.30281162357018,6.214710068721621,1.5148610145843122e-05,96.86837407773066,36.276317930907645,18.122203714517354,20.080523226581583,30.30281162357018,40.52510002055877,42.483419532623,44.76038917972093,25.768097441427088,37.199140956632476,96.86837407773066,156.53760719882882,167.96865071403423,181.2597091743273,30.303820272970626,6.221662593953917,38.641971643332276,0.06712208245894956,18.122007067592236,20.080045220693254,30.30292065845063,40.52593430425095,42.48536124402409,44.76398616654211,2,0.008627149194307293,0.9999436140060425,29.402682320606743,6.6855299412329146,5.638183938572183e-05,87.39775090120712,30.023000989143394,16.299284418226044,18.405964148677114,29.402682320606743,40.399400492536365,42.50608022298744,44.955550686230325,28.553750254675634,38.01430883224695,87.39775090120712,136.78119297016727,146.2417515477386,157.24169542462693,29.40595206709306,6.703300754208856,44.74461184478288,0.1896255640941499,16.29890208768514,18.40571561276488,29.40313005279118,40.40283688766289,42.512178861225514,44.968846256782996,2,0.906495355071872,0.999876856803894,30.8943064301751,5.180232713268224,0.00012315619096625596,86.7409658804546,14.068965911957726,20.741236880633174,22.373581863303194,30.8943064301751,39.415030997047005,41.047375979717025,42.945329789723445,59.16629939329573,63.599576272714295,86.7409658804546,109.88235548819489,114.31563236761346,119.4702748196905,30.901184693498383,5.219188572364529,26.855883458634768,0.3840583038399714,20.74144147388733,22.37377272483188,30.895105947589364,39.42101655554403,41.058176079616466,42.969249142609456,2,-0.58873727133345,0.9997606873512268,28.79341102834644,6.513837810509288,0.00023934296041261405,89.57186692585324,24.871559854345435,16.02652351861299,18.079101280356596,28.79341102834644,39.50772077633628,41.560298538079884,43.94686377067157,40.824505372003905,48.66179149149251,89.57186692585324,130.48194236021396,138.31922847970256,147.43176731708928,28.807958796685753,6.591804478685755,42.56798520249786,0.8839262383077077,16.02684851167437,18.07965020809889,28.795337051420628,39.522071105962056,41.58598588638661,44.00380138510094,2,1.5044886254791798,0.9999957084655762,30.189397759628072,7.294285807040575,4.281649580661906e-06,86.94059913600165,23.868794827260583,15.89286028488686,18.19136529389673,30.189397759628072,42.18743022535941,44.48593523436928,47.15844403948319,40.158620920194956,47.67992539342153,86.94059913600165,126.20127287858176,133.72257735180833,142.46771923831633,30.189640449968184,7.295383148920947,53.20881643550147,0.01378984486989769,15.89261714440665,18.191165557671056,30.189436253031563,42.18793785906245,44.48667232352958,47.15962821353404,2,0.12280697219674863
174,327,set,0.647,8.03207690231709,48.8868226058534,48.8633170862804,48.616708784942,48.7889494923586,0.5728926658630371,10.260571415486858,6.673500460524434,0.4271073639392853,100.02035573657886,14.82937598927269,-2.8192491379525,-0.7163600214690824,10.260571415486858,21.237502852442795,23.340391968926212,25.78545502423845,70.95531288440135,75.62820285519659,100.02035573657886,124.41250861796112,129.08539858875636,134.51864304257566,48.59763659041611,45.72565555727239,119.43947134890132,1971.3961751784607,-1.1508571978134285,1.1997313045355718,17.865412477130736,117.66406237428015,123.26106971051766,129.4991956070413,2,0.19131290194248862,0.243631511926651,12.315318968922774,6.597618232775153,0.7563685178756714,95.83526761346727,16.17204185402906,-0.6157751510613263,1.4632026895013972,12.315318968922774,23.167435248344148,25.246413088906873,27.66367411847234,64.13864802309594,69.23462591465655,95.83526761346727,122.43590931227797,127.53188720383858,133.45706279948726,75.4871791052742,38.65033363065381,208.42172365312797,1285.4267359307205,3.9573938544165603,6.884837336444197,89.11836074234961,120.18134166333333,125.5547731808372,131.73165364129758,2,-26.698229612915597,0.5894603729248047,9.862118132795814,4.388293570323434,0.4105396866798401,98.95376946073642,12.221016041760498,1.2612207813731953,2.644017537521486,9.862118132795814,17.08021872807014,18.46301548421843,20.070815550784825,75.0010181643996,78.85198689941454,98.95376946073642,119.05555202205831,122.90652075707325,127.38410414810497,46.43777734258616,44.64833380469788,72.66673892602958,1920.807101145158,2.2994337406696785,3.835384442251652,14.37718446250552,113.20447490113341,117.86335838556592,123.04221359772569,2,2.351172149772438,0.48705193400382996,13.254219795045657,7.374305763812411,0.5129480361938477,96.25384543565347,15.760554009046901,-1.1991539130128075,1.1245662131896612,13.254219795045657,25.383873376901647,27.707593503104118,30.409420331217778,65.36372720152318,70.33004101110811,96.25384543565347,122.17764986019884,127.14396366978376,132.91837674830558,55.82871437721343,43.30103223687097,153.89983152666403,1721.0794683626455,1.2185145354364368,3.9142146354545235,65.42880986038165,116.68063175687226,122.37250413057284,128.7882096786684,2,-7.039764884854833,0.7723495364189148,13.774313720558943,10.863142233171052,0.227650448679924,97.92031651535764,13.480625228894914,-7.517053815392337,-4.093965181762183,13.774313720558943,31.642592622880063,35.06568125651022,39.04576156009969,71.49877657764158,75.74666121403631,97.92031651535764,120.09397181667896,124.34185645307369,129.28094035733864,32.93018880616374,37.11409968080832,132.51360682368994,1244.9427721345069,-6.290725591944835,-2.696161817504029,17.883249120520542,108.34662539072968,114.4678324625768,120.9295053929645,2,15.858760686194856
175,328,set,0.17,48.616708784942,48.8338000216822,48.820806646659896,48.6412551778616,48.7652872820679,0.9999680519104004,50.30300448703953,5.972205144171415,3.193785960320383e-05,101.77602995435267,38.77853009571976,38.59769749617871,40.479601194750934,50.30300448703953,60.12640777932812,62.00831147790034,64.19643122751847,25.77150759333935,37.991024078561175,101.77602995435267,165.56103583014414,177.78055231536598,191.9883810009591,50.3046479107007,5.983206814129139,35.714122119617464,0.08461577342833282,38.59667046125224,40.47942152006818,50.30319799482596,60.12864430479039,62.011184295973585,64.2034522227799,2,-1.5393606286327994,0.9999423027038574,48.346935327960885,6.4412127915926405,5.76970269321464e-05,92.08847237435523,29.972546466390853,35.72239023968061,37.75208310574351,48.346935327960885,58.941787550178255,60.971480416241164,63.33143701192709,33.34336077527589,42.78802061014069,92.08847237435523,141.38892413856976,150.83358397343457,161.81504212603392,48.3494590715864,6.453607362840686,41.538660739124026,0.1103866252616446,35.72204407035824,37.751700132282636,48.34733379336972,58.94516526574731,60.97701929428981,63.34300845173825,2,0.4158282104815001,0.9995075464248657,50.14922414141509,5.670878965389238,0.0004924817476421595,92.03898284446124,14.008545046047397,39.03450560856642,40.82145830719179,50.14922414141509,59.47698997563839,61.26394267426376,63.341661366491266,64.58273907840135,68.9969767171571,92.03898284446124,115.08098897176538,119.49522661052114,124.62773183073895,50.16985549581889,5.753552168034826,32.23967578077272,0.8637576801335334,39.03564050475727,40.82273327618877,50.152716269027415,59.50257028986733,61.31028652157634,63.445521999601574,2,-1.4045682137509843,0.9995866417884827,47.3958990723587,5.965467017108301,0.00041340693132951856,96.72568971823938,25.05113729392433,35.703798567864844,37.58357901280873,47.3958990723587,57.20821913190867,59.08799957685256,61.27365058526935,47.62636285037949,55.52023568106864,96.72568971823938,137.93114375541012,145.82501658609925,155.00334970426547,47.416294658852046,6.069348791839575,35.83152407629355,1.0055802177083675,35.70443678410456,37.58429222958045,47.3988395059899,57.22965119800753,59.126948233762754,61.35966513852005,2,1.3489926232158567,0.9999914169311523,49.138565930904164,7.105783615260263,8.634957339381799e-06,90.87340032794907,25.469889788408373,35.211485963059225,37.45059197901097,49.138565930904164,60.82653988279735,63.065645898749096,65.66909053765912,40.95333365246415,48.979159731431274,90.87340032794907,132.76764092446683,140.793467003434,150.1252242892674,49.13892885914482,7.107196631165808,50.49732903802749,0.015040207760277433,35.21130138288305,37.450358477194335,49.13863484551642,60.827310674283844,63.06661902657632,65.67129079686869,2,-0.37364157707691703
176,329,set,0.17,13.5886070943943,12.7868816823445,13.5220762769505,13.7686560125724,13.359204657289133,0.9999945163726807,12.130905111129977,6.379622193982856,5.480533218360506e-06,93.03392197990689,35.74035173413345,-0.3729246240488262,1.637360406777164,12.130905111129977,22.624449815482784,24.634734846308774,26.972125639285757,22.98411978621165,34.24627480149613,93.03392197990689,151.82156915831763,163.08372417360212,176.1784132540801,12.131348465267147,6.382963952820984,40.70635684037868,0.035871527275782356,-0.3736256995060023,1.637357841716978,12.130948924091864,22.625292277215753,24.635933120541644,26.974259932385575,2,1.2278561920219868,0.9999637603759766,12.689507119615797,6.912809383133255,3.62334176315926e-05,84.10715818358362,31.340597083939578,-0.8593503033159333,1.318947533344888,12.689507119615797,24.0600667058867,26.238364542547522,28.77110653171742,22.68071664508099,32.556463399240855,84.10715818358362,135.65785296792637,145.53359972208625,157.01628958097703,12.692094746437013,6.928606902111946,47.82079144645675,0.18480115775342662,-0.8597504250099987,1.318623441587791,12.689814561583207,24.062541819635843,26.242492831916707,28.78060824681907,2,0.6671099108521208,0.9999797344207764,14.113710585698989,4.723916726373103,2.0236151613062248e-05,83.62491230883548,14.786516847995808,4.855003936041351,6.343559024907462,14.113710585698989,21.883862146490515,23.37241723535662,25.103184219243026,54.643871829968965,59.30325644143051,83.62491230883548,107.94656817624043,112.60595278770198,118.0234943426396,14.115116809583085,4.734674489788053,22.319361457472834,0.09777520372213852,4.8549914615606795,6.343531036983455,14.113830674863305,21.884818254238358,23.37417658280468,25.1069370429234,2,-0.755912152293952,0.9999011754989624,12.351627899030731,6.895493917804957,9.886647603707388e-05,84.38980086932779,26.26262712648468,-1.1632918354819832,1.0095497187074276,12.351627899030731,23.69370607935403,25.86654763354344,28.39294551517784,32.915997562013146,41.19162338705532,84.38980086932779,127.58797835160024,135.8636041766424,145.48580765175274,12.358750577792028,6.937170784731138,47.61132821716206,0.5130166905727004,-1.1632799556720783,1.009800106222518,12.35247691641674,23.699988575995988,25.878088078944984,28.41800604219799,2,1.0004540794971053,0.9999984502792358,13.274057986511586,7.248968367932646,1.5502654377996805e-06,84.12973815742954,24.27622225718808,-0.9336589397064987,1.3505660748610744,13.274057986511586,25.197549898162094,27.48177491272967,30.137680138241,36.549216852651234,44.198905929013655,84.12973815742954,124.06057038584541,131.71025946220783,140.60467619518198,13.274167838853657,7.24956258218308,52.548374590901275,0.007783138061150319,-0.9339101769317355,1.3503969374881168,13.27407203273222,25.197813585130977,27.482205346962896,30.13838450335516,2,0.08503681843547639
177,330,set,1.226,13.7686560125724,96.46755120979961,97.02191239891529,98.1650016246308,97.2181550777819,0.0014106431044638157,16.574465282837373,5.782484541526676,0.9985893368721008,110.13067468346972,10.792913231389093,5.2410038402854795,7.063124611916395,16.574465282837373,26.085805953758346,27.907926725389267,30.026535902691982,88.97695346168128,92.37791220944683,110.13067468346972,127.88343715749261,131.28439590525815,135.238745434019,109.9986980566045,11.344587769087074,116.3698199916443,12.329609381039125,88.71648806150655,92.23588925060956,110.11156631942146,127.87606930986553,131.27795082423117,135.23307336915494,2,-12.780542978822595,0.0008860091329552233,19.732577652991644,5.915977487214308,0.9991139769554138,109.72256288175234,12.288710147613587,8.13747484470183,10.001660626183929,19.732577652991644,29.463494679799354,31.327680461281453,33.495199303246125,85.63713357597781,89.50943342489475,109.72256288175234,129.9356923386099,133.80799218752685,138.31037760835733,109.64282940654535,12.572926979216724,150.90960587547326,7.168719709875802,85.45258362612695,89.40831833934215,109.70890501516563,129.93046244852053,133.80334387604194,138.30635125244297,2,-12.424674328763444,0.0006346611771732569,13.44257952868142,3.8735751131891067,0.9993653893470764,113.16273378767113,11.862964318385366,5.850511815420107,7.0711154544833565,13.44257952868142,19.814043602879483,21.034647241942732,22.45386275818641,89.91175097375205,93.64989390217906,113.16273378767113,132.6755736731632,136.4137166015902,140.76011560956928,113.09945099464345,12.122566760043037,140.6501365383764,6.307134593550424,89.78471866580412,93.58016132039315,113.15329088516152,132.67196889944321,136.41054517362085,140.75732980951614,2,-15.881295916861546,0.0015036729164421558,21.03209659670175,6.714519815713432,0.9984962940216064,112.73709175960352,12.908828303221593,7.8718795844228975,9.987694324587975,21.03209659670175,32.07649886881552,34.1923136089806,36.652405495191786,87.43625320267789,91.50395870535564,112.73709175960352,133.97022481385136,138.03793031652913,142.7675170391613,112.59919371476634,13.382154858160925,166.45506659069676,12.626582878559152,87.10358708947136,91.32279646863755,112.71272798372974,133.9608104499398,138.0296272715731,142.76027492473332,2,-15.381038636984442,0.0014181851875036955,21.06641540800647,13.52808741474187,0.9985818862915039,110.97104028924994,11.310377050253782,-5.44814870459717,-1.1853082418482686,21.06641540800647,43.3181390578612,47.58097952061011,52.537452805129874,88.80310861918414,92.3671255759513,110.97104028924994,129.57495500254856,133.13897195931574,137.28291189470815,110.84354681405513,11.808835234193966,128.002758213274,11.446709587019319,88.5286097564362,92.21751743181906,110.95090721977066,129.56717412554596,133.13219404119934,137.27698287985328,2,-13.62539173627323
178,336,set,0.17,12.4122762376901,12.630333995289101,12.3352503957148,12.3242530701563,12.429945820386735,0.9999949932098389,10.819694577385903,6.388972173007699,5.035653884988278e-06,92.77923831573797,35.755399323070144,-1.7024607799377964,0.31077052612215716,10.819694577385903,21.328618628649643,23.3418499347096,25.68266640936845,22.69994338967264,33.966840056087804,92.77923831573797,151.59163657538812,162.8585332418033,175.9587355164435,10.820107609577418,6.39210619942731,40.82519888003465,0.03382616393504573,-1.7029236912925374,0.3101854248650149,10.819732756110472,21.32904429818574,23.343115501978396,25.68445217709388,2,1.6098382108093165,0.9999654293060303,11.498602846877695,6.928897131286176,3.460741208982654e-05,83.90220887687369,31.478676967120638,-2.0817859830261103,0.10158126970797277,11.498602846877695,22.895624424047412,25.0789916767815,27.61762795769297,22.205135740346684,32.124392895871516,83.90220887687369,135.68002485787582,145.59928201340068,157.13256211695318,11.501108970515444,6.944325679608287,48.0422484606993,0.18141554067574253,-2.0822121830380635,0.10144898193337326,11.498896027400656,22.898219195522447,25.08328604688259,27.626330936737048,2,0.9288368498712902,0.9999825954437256,12.926122223139522,4.690772299923312,1.7461714378441684e-05,83.45556894782172,14.860487702649895,3.7323774556117115,5.210488392407161,12.926122223139522,20.64175605387188,22.11986699066733,23.838490390675783,54.32954825792755,59.01224185185028,83.45556894782172,107.89889604379314,112.58158963771588,118.02623292209137,12.927354527026136,4.700390248289164,22.006817953163296,0.08686008511052548,3.7322379448864016,5.210479473525668,12.926224405005641,20.642634227170753,22.121323435611792,23.841665278761578,2,-0.4974087066394013,0.999908447265625,11.17981158592194,6.917444641856619,9.15207783691585e-05,84.06400839905706,26.41952293866727,-2.3781307771666107,-0.19837232247195224,11.17981158592194,22.557995494315826,24.737753949010486,27.27219422230029,32.28269495053939,40.60776027106257,84.06400839905706,127.52025652705154,135.84532184757472,145.5250094205989,11.186481647082964,6.956771361081434,47.910540176776735,0.48612359469552524,-2.3780003096857096,-0.19828354198507359,11.18060091409642,22.564026967678856,24.748357960900343,27.295877615387916,2,1.2434641733037708,0.9999985694885254,12.062485113022753,7.2385581853295315,1.423956973667373e-06,83.95215370013418,24.3622984747784,-2.124828230220743,0.15611642798420178,12.062485113022753,23.9688537980613,26.249798456266245,28.901889558585033,36.20292610895341,43.87973869302059,83.95215370013418,124.02456870724774,131.70138129131493,140.62733496368332,12.062587401754103,7.239119761930936,52.39749479748818,0.007359176371579275,-2.1250339268824843,0.1559681542657162,12.062498301302274,23.96918251044945,26.25023321834331,28.90248063769665,2,0.36735841863263197
179,337,set,0.494,12.3242530701563,12.1126979956755,12.2322168948199,11.8606487632546,12.068521217916667,0.9610505700111389,13.700773819688862,6.834095173374765,0.038949448615312576,97.38868849122647,17.958220727358082,0.3061934129553041,2.4596875868318264,13.700773819688862,24.941860052545895,27.095354226422415,29.59925659726202,62.191222639183934,67.85004399423642,97.38868849122647,126.92733298821652,132.58615434326902,139.16575710187212,16.96037220710738,17.877662648330677,57.44683655829827,262.16399056719695,0.42253314921508833,2.5917012210549943,14.048058335179567,29.237460560830055,90.86212298482731,109.12292486328882,2,-4.891850989190713,0.8394564986228943,15.000954227346519,6.8022403868616745,0.1605435311794281,91.90574224297438,18.667385961359795,1.6688080549138284,3.8122644556213032,15.000954227346519,26.189643999071727,28.333100399779205,30.825331690036922,55.318338073200565,61.20062473872872,91.90574224297438,122.61085974722003,128.4931464127482,135.33257588808357,27.34752090704405,29.864011895341722,94.78686312605791,797.0723656478204,2.185210205657409,4.399820901111819,16.647262100667227,101.08575429354264,110.80090799949318,120.57594796491578,2,-15.278999689127383,0.9465442299842834,13.526731487515228,4.679560700773356,0.05345575511455536,93.7685965280937,12.477897427053861,4.354961050530431,5.829539096308597,13.526731487515228,21.223923878721855,22.69850192450002,24.413017575204393,69.31236696828311,73.2442816884757,93.7685965280937,114.29291136771168,118.22482608790426,122.79652668002012,17.816120773495584,18.837207947040405,29.050648594212113,325.7897499159904,4.465317695666319,5.95477671855092,13.85823172354679,74.84097536566085,94.78071302073415,104.8582775147874,2,-5.747599555578917,0.900793194770813,15.529821856475792,7.510217276542033,0.09920676797628403,91.8463021190642,17.165897162184034,0.8100664783829128,3.176613729962016,15.529821856475792,27.883029982989562,30.24957723456867,33.00119985134414,58.201761918865174,63.6109139119698,91.8463021190642,120.0816903261586,125.49084231926324,131.78015048831475,23.100932628122113,24.505503240161698,80.04082846396938,520.4788407094795,1.1484861323825992,3.5610477762878165,16.569771118958773,91.6742927592172,103.31681350845341,113.76737725395434,2,-11.032411410205446,0.9883865714073181,16.3436916791102,9.895290189551599,0.011613431386649609,93.71745190659067,15.013096884834724,-3.0507207089834623,0.06738772108892732,16.3436916791102,32.61999563713147,35.738104067203864,39.36357897459075,64.29232271590412,69.02310504379642,93.71745190659067,118.41179876938492,123.1425810972772,128.6431379273951,17.24226658030287,12.965950925751395,99.39720559022331,68.71867864940492,-3.0013414044872735,0.12341385218467764,16.48941799033036,33.80234930151077,38.214530367741446,77.42600243821856,2,-5.173745362386205
180,338,set,0.647,11.8606487632546,16.6054672172375,15.625688506899799,15.568673027507499,15.933276250548266,0.4954194128513336,14.268939852351387,6.758393344883906,0.504580557346344,100.30586762957604,14.54866758446605,1.022732303023739,3.1523720466543974,14.268939852351387,25.385507658048372,27.51514740167903,29.99131384215383,71.79100314097724,76.37543898595574,100.30586762957604,124.23629627319633,128.82073211817485,134.15112953482554,57.681500397303004,44.49565243767778,129.43012003849137,1850.4328666591687,3.182478288381877,5.643103871575978,65.93576966509575,119.02628412509829,124.30058786759706,130.24001838009553,2,-41.74822414675474,0.21023841202259064,15.914593430329617,6.630979209922058,0.7897616624832153,95.93907450102829,15.812617807723786,2.9181129966485173,5.007603226649508,15.914593430329617,26.821583634009723,28.911073864010714,31.340557818140812,64.94691309659295,69.92963274839637,95.93907450102829,121.94851625366019,126.93123590546361,132.72472432104686,79.11486182581079,35.637198610414906,206.71528193955487,1063.295109202462,8.087033071207141,11.184567835407028,90.5614821465721,120.09391679005647,125.30324391570326,131.30277631058038,2,-63.181585575262524,0.46960195899009705,13.377383809383474,4.543056805558239,0.5303980112075806,98.84869405140586,11.960054912920498,4.473156090769736,5.904720345314433,13.377383809383474,20.85004727345251,22.281611527997207,23.946114350640656,75.40741716896034,79.17615434934979,98.84869405140586,118.52123375346191,122.28997093385136,126.67194237149018,58.71119637838115,43.647998797836586,85.5619631497502,1819.5857331774519,6.0436692634676845,7.718913512736033,79.97870582836218,114.57521847516908,118.86146963966343,123.70200109166134,2,-42.777920127832886,0.41548970341682434,16.804190852777516,7.458129854152736,0.5845102667808533,96.49829502125728,15.2325096305017,2.186524946615185,4.53665891189933,16.804190852777516,29.0717227936557,31.421856758939846,34.15439538330626,66.64312475131442,71.44304630795332,96.49829502125728,121.55354373456123,126.35346529120014,131.93441141648154,63.38621244035282,41.2451500904019,158.73461205978938,1542.4276741798653,5.219032122224167,8.05360446283598,80.35252192367257,117.34755299035001,122.68911144452449,128.75334864334218,2,-47.452936189804554,0.7215796113014221,17.516876735798768,11.005896032059425,0.27842044830322266,98.18891383026747,13.049531134350515,-4.054283104629999,-0.5862112703850002,17.516876735798768,35.61996474198253,39.08803657622753,43.120419571894736,72.61230279180634,76.72434521391486,98.18891383026747,119.65348244662007,123.76552486872859,128.54666284189355,39.97762251326216,37.97744015260225,134.81704741315596,1307.4690083920862,-2.475513037448542,1.2161901051694504,23.06559179330978,110.154683809899,115.70187778185384,121.68026991944261,2,-24.044346262713894
181,339,set,0.829,15.568673027507499,75.4009066205012,75.3055144722138,73.8391561661233,74.8485257529461,0.039230845868587494,18.80854974350762,6.607180825211708,0.9607691168785095,104.07491211056022,12.139978117744702,5.858713286749033,7.9407043992339155,18.80854974350762,29.67639508778132,31.7583862002662,34.17915080964229,80.28099222667625,84.10642507247633,104.07491211056022,124.0433991486441,127.8688319944442,132.31672439567794,100.72983671367064,20.42897032078372,143.3098739195495,274.0325764613315,21.128534654371062,76.35671476004806,103.45336082665483,123.80692384234835,127.66034992493498,132.13402523852372,2,-25.881310960724534,0.016578927636146545,20.496751775151004,6.435417107480771,0.9834210276603699,100.67779649431834,13.562084084513694,7.88356601899576,9.911432604965702,20.496751775151004,31.082070945336305,33.109937531306244,35.467770681704955,74.09660013336763,78.37015329888516,100.67779649431834,122.98543968975153,127.25899285526906,132.22792197188988,99.34847625548042,16.92296213076083,181.5673618115226,104.81884423890793,68.34586608182668,75.92410106171441,100.39122373782966,122.87539232158953,127.16194708217085,132.1428573444831,2,-24.49995050253432,0.03045687824487686,16.682767834457493,4.492036745447944,0.9695430994033813,104.18788213505701,11.445642132307388,7.878537596149002,9.294024901308152,16.682767834457493,24.07151076760683,25.48699807276598,27.132807967343656,81.7548357758003,85.36147616094262,104.18788213505701,123.01428810917139,126.62092849431372,130.8144273765826,101.52274719421898,18.80790764542137,127.62735777651683,226.1098018457279,20.808903557882033,80.7183940424516,103.73713660177803,122.84216683744634,126.46917804880239,130.68140928663962,2,-26.674221441272877,0.04565110802650452,21.646387569914666,7.347791368044695,0.9543488621711731,102.24307218048818,13.46638943662112,7.244981122632767,9.560346288103624,21.646387569914666,33.7324288517257,36.04779401719656,38.739906397861084,75.84943388292015,80.09283267372093,102.24307218048818,124.39331168725542,128.63671047805622,133.57057861737775,98.56374117767177,21.413413449276185,175.52980580773263,283.0041802179777,22.525779820480622,67.12598068063268,101.43524889207752,124.08685399993395,128.36660002424756,133.33381349611517,2,-23.71521542472567,0.07292158156633377,22.388584480829657,12.234528805260453,0.9270784258842468,103.2302799191443,11.44059596416206,-1.5906513452986921,2.2645754014547315,22.388584480829657,42.51259356020458,46.367820306958,50.85035455683874,80.80712386771236,84.41217415300595,103.2302799191443,122.04838568528264,125.65343597057623,129.84508601813292,97.33517640040404,23.959879069744343,132.25790451373118,441.8179711108593,17.436766085315256,28.305319266612276,102.10060487454061,121.62519806031976,125.2806700272227,129.51859238882798,2,-22.486650647457935
182,340,set,0.893,73.8391561661233,77.60504619052351,79.7616085045017,78.0412276197269,78.46929410491737,0.0038295318372547626,72.54650436533095,8.436455076941735,0.9961704611778259,108.85323603629453,10.948205494607924,56.01135625733505,58.66977063341017,72.54650436533095,86.42323809725173,89.08165247332684,92.1726336980154,87.39514757151946,90.84504051987864,108.85323603629453,126.86143155271041,130.31132450106958,134.32257061323793,108.71419749112285,11.16716184127026,119.67674499533635,5.028676040585752,86.68274959927649,90.45281793211146,108.80048767483828,126.84108236207318,130.29339267326833,134.3068650851624,2,-30.24490338620548,0.009423648938536644,72.28275921777664,7.943833381353985,0.9905763864517212,103.48654136095433,11.343037190599118,56.71313189113579,59.216316068558356,72.28275921777664,85.34920236699492,87.8523865444175,90.76287911622416,81.25459699208166,84.82890549735193,103.48654136095433,122.14417722455673,125.718485729827,129.87439181447078,103.19249153489783,11.710483315443367,128.04668279946517,9.089113541709073,79.55469323006729,83.84270470191532,103.35130512940714,122.09209339579867,125.6725474403952,129.8341062754406,2,-24.72319742998046,0.0004194179200567305,65.83170106506857,7.730272157664583,0.9995805621147156,105.69857415989262,9.919243918067814,50.68064604535325,53.116534869211996,65.83170106506857,78.54686726092514,80.98275608478389,83.81500326480868,86.25721332661172,89.38286982464243,105.69857415989262,122.01427849514279,125.13993499317351,128.77418616078222,105.68185116860393,9.95197199878631,98.37519402720996,0.6663296527032108,86.18759946093189,89.34441815306137,105.6933580538943,122.01229363115651,125.13816735514875,128.77266135092404,2,-27.21255706368656,0.0049825203604996204,72.00838125202648,8.959288637224796,0.9950174689292908,107.43623995010736,10.173446517547614,54.448498195966934,57.27166284218215,72.00838125202648,86.7450996618708,89.56826430808603,92.85080332615264,87.4966511770696,90.70240954712234,107.43623995010736,124.17007035309238,127.37582872314512,131.10321562787246,107.25971877215062,10.469286444980423,103.38326818594666,6.2225672639179965,86.62072994744332,90.2254360259,107.37239668945894,124.145446116177,127.35413550216452,131.08420583748446,2,-28.790424667233253,0.021469304338097572,74.3873864502964,13.076674064042418,0.9785307049751282,108.02548692468272,9.034046948959302,48.75757624720424,52.87817168759398,74.3873864502964,95.89660121299883,100.01719665338857,104.80827935870649,90.31908027007853,93.16580203463712,108.02548692468272,122.88517181472831,125.73189357928692,129.04182283837935,107.30330131430837,10.358782391142082,83.53304739853965,23.77143246096246,86.12130858022094,91.20803237914258,107.77968472433544,122.79016756857551,125.64802954600651,128.9683453625786,2,-28.834007209391004
183,342,set,1.493,85.21945287406871,111.9389995138,111.9909744233,111.9403402762,111.95677140443333,0.0002340360515518114,74.62926534646768,9.365572822645547,0.999765932559967,112.6077683991567,10.251746954403849,56.27307991949527,59.224268920661004,74.62926534646768,90.03426177227433,92.98545077344008,96.41684577160382,92.51471358990696,95.74514523861681,112.6077683991567,129.47039155969657,132.70082320840643,136.45689813173874,112.59887652567159,10.268014828264924,105.09424375096981,0.3374868034240523,92.4756935625587,95.7232505530945,112.60476118582,129.4692619114448,132.6998191795883,136.45600978991638,2,-0.6421051212382594,0.00044010381679981947,77.56662343043797,10.037828511547966,0.9995599389076233,108.59629022269458,9.95710557036434,57.892841064814654,61.055864796501396,77.56662343043797,94.07738206437455,97.24040579606128,100.91810444826412,89.08072191451731,92.21830901134209,108.59629022269458,124.97427143404707,128.11185853087184,131.75998159791186,108.58263858761913,9.978362859620074,99.14466592476482,0.4235631625238028,89.0166670437195,92.18088324107444,108.59080601032312,124.97217040453775,128.11002982530022,131.75837507982567,2,3.374132816814196,1.00501438282663e-05,67.01950991561056,8.335353462386989,0.9999899864196777,112.01757647608483,10.909323011587148,50.68251733092082,53.3090735410808,67.01950991561056,80.7299462901403,83.3565025003003,86.41044172221349,90.63569627765997,94.07333695289054,112.01757647608483,129.9618159992791,133.39945667450968,137.39645687131542,112.01712833479922,10.910211999853484,119.01283508669204,0.020349587967171446,90.6338183975853,94.07228911802001,112.01743854879365,129.9617604826018,133.39944145430186,137.39640846548474,2,-0.06035693036589862,0.00015766565047670156,76.81058517165947,10.48680861986893,0.9998422861099243,116.63836030657075,10.088492068361855,56.25681796395217,59.561319978122086,76.81058517165947,94.05985036519684,97.36435237936676,101.20655010996472,96.86527919426351,100.04426753745459,116.63836030657075,133.2324530756869,136.41144141887798,140.10770238208224,116.63207520790932,10.100973894879383,101.77895944981519,0.25005796997693325,96.83939039666981,100.02975622241364,116.63636737437112,133.2317288438088,136.41082631951969,140.10719387357773,2,-4.675303803475998,0.0013853757409378886,78.82685327692577,15.631236375560663,0.9986146688461304,114.94494960427544,8.972681134552472,48.19019294699446,53.11575743084902,78.82685327692577,104.53794912300252,109.46351360685708,115.19054678784119,97.3588177357906,100.18620249662774,114.94494960427544,129.70369671192313,132.53108147276026,135.81852728608794,114.894917594873,9.085159623941632,80.73597165163618,1.8047423277114003,97.17300099621369,100.08094330840208,114.92967418050297,129.69781410523314,132.52589487723617,135.8140250185625,2,-2.9381461904396673
184,343,set,0.385,111.9403402762,112.0149723692,112.0379889449,112.0009210955,112.01796080320001,0.9946768283843994,111.79034213399909,6.293952590594063,0.005323151126503944,120.26920177472128,39.559850737870164,99.45442173603215,101.43771138749983,111.79034213399909,122.14297288049835,124.12626253196602,126.43226536244143,42.733319094715455,55.199037806876646,120.26920177472128,185.3393657425659,197.80508445472708,212.2991764361385,111.83547409476394,6.936462258964177,47.73360252870358,0.38064988064850225,99.29247883025205,101.3494800267443,111.79749989559132,122.28673054335277,124.3869128771826,127.02828754086015,2,0.18248670843607329,0.9994876384735107,112.64742760120679,6.963349810294569,0.0005123509326949716,113.43527125146333,27.620867460551555,98.99951276127561,101.19373641001191,112.64742760120679,124.10111879240165,126.29534244113796,128.84660162858825,59.299365807027975,68.0029872294292,113.43527125146333,158.86755527349746,167.57117669589869,177.6910175474813,112.64783006027214,6.9896157399594765,48.85427590991298,0.0003178520692583011,98.98225309766293,101.18405216458561,112.64752989823683,124.11183673535288,126.31366833256791,128.8845086722305,2,-0.62986925707213,0.8838050961494446,111.4900919079368,8.409942828784239,0.11619493365287781,118.32250478663975,15.734204263396,95.00690685147879,97.65696694355651,111.4900919079368,125.32321687231708,127.97327696439481,131.05454452848403,87.48403110498703,92.44204183679751,118.32250478663975,144.20296773648198,149.16097846829248,154.92573742451538,112.28398699173042,9.801447948690779,91.27482544600022,4.793932183444998,94.22322830659557,97.21077663285129,111.92759889447635,128.39001081304033,133.0123929629861,140.06765279193667,2,-0.26602618853040383,0.9860665202140808,109.78833988754965,5.438099851652257,0.013933476991951466,123.76902756557217,25.77402862070779,99.12986003397862,100.84346162283518,109.78833988754965,118.73321815226413,120.44681974112069,122.43925191626269,73.25285973248033,81.3745231076499,123.76902756557217,166.16353202349444,174.285195398664,183.72838425282353,109.98313917089797,6.41111626530148,38.4168926220745,2.685485348495962,98.93546676302527,100.74047238405518,109.82796386887628,119.1470697636674,121.22505697221338,124.58574891894978,2,2.034821632302041,0.9993442893028259,111.18645418468856,6.797549290272609,0.0006557425949722528,110.2836446641714,32.788590344292246,97.86350239261844,100.00548058020225,111.18645418468856,122.36742778917487,124.50940597675867,126.99991852480207,46.019188485520814,56.35121291373626,110.2836446641714,164.21607641460653,174.54810084282198,186.5613121044117,111.18586572063388,6.847006742139987,46.881361534560305,0.0005341223940344862,97.83790377254353,99.99105571034082,111.18633095365286,122.38082012526164,124.53337607574443,127.05028432451846,2,0.8320950825661271
185,345,set,0.229,112.1110168132,111.6312631836,111.668286229,111.7793279334,111.69295911533334,0.999915599822998,113.67148833122641,5.3845083862393635,8.445255662081763e-05,121.81979926091215,61.71427705057518,103.11804581974337,104.81476018276997,113.67148833122641,122.52821647968285,124.22493084270945,126.19772796830944,0.8620389098579864,20.308846819585526,121.81979926091215,223.33075170223873,242.7775596119663,265.38867647548517,113.6721824309858,5.414523421905984,29.312133951003666,0.005606751539277662,103.11457067678467,104.81300360141287,113.67154092778584,122.53237798599177,124.23114922356551,126.20827880912874,2,-1.9792233156524617,0.9999910593032837,113.90809770778955,6.289397509318887,8.910891665436793e-06,114.47627233089295,38.518334231987915,101.58110510506862,103.56295940324682,113.90809770778955,124.25323601233228,126.23509031051049,128.5394242325913,38.98172449172034,51.119250565278556,114.47627233089295,177.83329409650733,189.97082017006556,204.08331728307257,113.90809937569541,6.290451312756459,39.56938811936071,2.8766213473030266e-06,101.58023942844085,103.56273010931307,113.90809748163932,124.25416520769805,126.23624976869434,128.54036471142868,2,-2.2151402603620767,0.9981149435043335,115.8330465630501,7.597990106205612,0.0018851031782105565,120.96600106908016,19.370603746794142,100.94125959999545,103.3354649793164,115.8330465630501,128.3306281467838,130.72483352610476,133.50861469360487,83.00031536656701,89.10419323992603,120.96600106908016,152.82780889823428,158.93168677159332,166.02876391432227,115.84272811928433,7.640478157718045,58.327959332691016,0.04957360403264306,100.91019957416854,103.31705241216947,115.83680188579243,128.3728532839603,130.7945996578377,133.64405131522722,2,-4.149769003950993,0.9995369911193848,110.84714036047698,4.454851590370503,0.0004629995091818273,126.70528607311019,36.49823479009034,102.11579168687982,103.51956156452553,110.84714036047698,118.17471915642844,119.57848903407415,121.21067488690286,55.17006038524627,66.67103220130366,126.70528607311019,186.7395399449167,198.24051176097407,211.61287698328033,110.85448163536188,4.535392168761486,20.453285390921742,0.11638157065919562,102.1077638807652,103.51491587595864,110.84801164764238,118.18627725229358,119.59906836562178,121.25475371399033,2,0.8384774799714592,0.9999902248382568,112.46754090575631,5.500434238267999,9.788577699509915e-06,109.82043091118686,54.95741423590757,101.68688789942001,103.42013169913312,112.46754090575631,121.51495011237948,123.24819391209259,125.26346440225252,2.105878325359143,19.423528777379786,109.82043091118686,200.2173330449939,217.53498349701454,237.67049468167227,112.46751650317407,5.503085004579785,30.284045675520435,6.858976759778392e-05,101.68456055640205,103.41844302752033,112.46753312209604,121.51538535185583,123.24882318450767,125.26661379514609,2,-0.7745573878407299
186,347,set,0.647,124.89621124840001,107.6957440149,107.7125874868,107.6175466105,107.67529270406665,0.6087900996208191,119.62403103003484,7.959132956556416,0.3912099301815033,120.9561163351107,25.208216368845637,104.02441708701846,106.53242231905402,119.62403103003484,132.71563974101565,135.22364497305122,138.13974306272826,71.5489201376802,79.49229021183747,120.9561163351107,162.41994245838393,170.36331253254122,179.59919689313628,120.14515959430332,16.958292244898566,287.16149435886564,0.4226116968554826,82.56847026762887,92.24449272877831,119.84868149338438,149.6284777893494,159.34333467024982,170.12333101650864,2,-12.469866890236673,0.9695578813552856,123.09813704089918,8.499816021242314,0.030442075803875923,115.6368408934131,19.76212454369722,106.43880376404769,109.11718382993851,123.09813704089918,137.07909025185984,139.75747031775066,142.87166597165452,76.90378852977149,83.13103866144601,115.6368408934131,148.14264312538018,154.36989325705468,161.61041731217344,122.87099442435483,9.142221551258224,81.93642050517725,1.6431476069265032,104.98111091908552,108.26080230608558,123.0009412972288,137.30777989407676,140.1512275707583,143.63015549109713,2,-15.195701720288184,0.05728153884410858,117.26095537263168,10.275901842410606,0.942718505859375,119.77352760914181,13.458660903311863,97.1205578528381,100.35860095694528,117.26095537263168,134.1633097883181,137.40135289242525,141.16627777757594,93.39503695851324,97.6360004084193,119.77352760914181,141.9110548098643,146.15201825977036,151.08305478899794,119.62960895927145,13.30972199759089,176.80843407657528,0.3409053390104583,93.59313753557528,97.79985503046763,119.5897642622598,141.59186213426167,145.84691596278722,150.80013199956718,2,-11.954316255204802,0.6001072525978088,119.61483925829616,7.044793632641815,0.399892657995224,124.4568126239705,18.561074960283054,105.8072974598011,108.02718490052062,119.61483925829616,131.20249361607168,133.4223810567912,136.0034799486489,88.0777741874675,93.92656115543076,124.4568126239705,154.98706409251025,160.83585106047352,167.63632989773768,121.55109816303775,13.159740135753507,167.55121395000774,5.626225532167439,95.89788909871723,102.17988085069473,120.58911956541762,145.81903890323034,152.92951755406264,160.83381727162603,2,-13.8758054589711,0.9486449956893921,120.69773878136455,8.373558016448532,0.05135498195886612,114.44850802597759,20.730892901010247,104.28586664666877,106.9244615075206,120.69773878136455,134.47101605520848,137.10961091606032,140.17754767108724,73.81670457264042,80.34922364780834,114.44850802597759,148.54779240414683,155.08031147931476,162.67577665321113,120.37680695086017,9.512589402239092,88.5864685501324,1.9025646958562938,101.72957759941077,105.4915985868227,120.56588656257624,134.98396227831017,137.99597049061774,141.9632497173713,2,-12.701514246793522
187,348,set,0.829,107.6175466105,118.3766209014,118.6197266266,118.4722248384,118.48952412213333,0.0250833872705698,102.05625586273004,9.079723754843931,0.9749166369438171,114.29267456498349,14.513021550045789,84.26032431366315,87.12143931285756,102.05625586273004,116.99107241260252,119.85218741179693,123.17885191668934,85.84767502004007,90.42087843036578,114.29267456498349,138.16447069960117,142.7376741099269,148.05501139384143,113.98574650339707,14.52837441752463,207.41245022117957,3.661527606090667,85.77399601588934,90.2499229756458,113.91428769649251,137.98544434587436,142.57971381861844,147.91651087806946,2,4.503777618736265,0.19844761490821838,104.07433941450174,8.973034058498513,0.8015523552894592,109.03541924293953,13.492631801761055,86.48751582779337,89.31501179862136,104.07433941450174,118.8336670303821,121.6611630012101,124.94873812018581,82.59034685482807,86.84201488669207,109.03541924293953,131.22882359918697,135.48049163105097,140.4239745501822,108.05090153410805,12.87699148113094,161.9015755876215,3.914986075459782,83.3721015675188,87.41491992528638,107.7144421835279,129.804532614842,134.19895904995994,139.29250445856715,2,10.438622588025282,0.0012067056959494948,96.36469362125356,9.999283203331624,0.9987932443618774,111.20218900889543,10.728536467454777,76.76645867150728,79.9173363773386,96.36469362125356,112.81205086516852,115.96292857099985,119.62650484325638,90.17464392585948,93.5553168885213,111.20218900889543,128.84906112926956,132.22973409193136,136.1604970115285,111.18427896501856,10.740074637965199,115.08324862674354,0.2653372199748756,90.12085598100282,93.51269571639996,111.18818983909264,128.84289395283776,132.22424614313977,136.1557010312478,2,7.3052451571147685,0.030027281492948532,101.82917901206038,8.876338624243736,0.9699726700782776,114.6539398291168,11.974801836426492,84.43187499396083,87.22890123192363,101.82917901206038,116.42945679219713,119.22648303015991,122.4786304998364,91.18375950771676,94.95714359644552,114.6539398291168,134.35073606178807,138.12412015051683,142.51149462334791,114.26884157343358,12.093261451379458,141.45591476616707,4.790425412922869,90.65978554640716,94.39257477497881,114.26417854288427,134.17370420117572,137.96775415271304,142.3743102796764,2,4.220682548699756,0.22099357843399048,103.74232173807528,11.099872591776544,0.7790063619613647,111.64246914821794,11.55124299027161,81.98697122520998,85.48465604679238,103.74232173807528,121.99998742935816,125.49767225094057,129.56448674407883,89.00244891061482,92.6423652198719,111.64246914821794,130.64257307656396,134.28248938582107,138.51467872116547,109.89658064748478,11.912896331631847,131.17175880382177,10.744620343687293,86.54257485134177,90.28353272934935,109.90571002541657,129.47819046984506,133.2062624167369,137.53145484045046,2,8.59294347464855
188,349,set,0.17,118.4722248384,118.7908046413,119.337139472,119.2966223428,119.14152215203335,0.999988317489624,120.23634047488541,4.988833037367015,1.1707709745678585e-05,124.55375288579029,80.76714759238162,110.4584073967625,112.03044035911694,120.23634047488541,128.44224059065388,130.01427355300834,131.84210160530887,-33.74694752930867,-8.29638277006353,124.55375288579029,257.40388854164405,282.8544533008892,312.44623497967007,120.23639405177676,4.9964378833312475,24.964537594245098,0.00021822974835652715,110.45522286464985,112.0276984297496,120.2363235328264,128.4448311384383,130.0177323475771,131.84863153237245,2,-1.09487189974341,0.9999990463256836,120.87216481989736,6.063954274156064,9.63468551162805e-07,117.39008687989892,46.98425666874893,108.98703283865375,110.89784763838388,120.87216481989736,130.84648200141083,132.75729680114097,134.97903195386118,25.302635968765145,40.10786188868832,117.39008687989892,194.67231187110949,209.47753779103266,226.6918124946322,120.87216264887513,6.064115915350453,36.77363324743804,1.168191797611591e-05,108.98590122764803,110.89729816901111,120.87216476055048,130.84722231571578,132.75824198375668,134.98050276724686,2,-1.7306404968417866,0.9997690320014954,124.04418511383196,7.4555999693143775,0.0002310220297658816,125.43643213985168,22.56416170774821,109.43147769083784,111.78081446320591,124.04418511383196,136.307555764458,138.65689253682606,141.38850425214542,81.21148785132738,88.3216889157425,125.43643213985168,162.55117536396085,169.66137642837597,177.92852175818547,124.04451345582962,7.462598174730092,55.690755200177435,0.00044769855576112447,109.42506401671535,111.77688582780274,124.04429065737129,136.31208363370553,138.66462992523364,141.40365325082476,2,-4.90299130379627,0.9999163150787354,117.37454390887163,3.9816969076157727,8.369732677238062e-05,131.0257795888097,45.534270426112734,109.5705613725902,110.82523530895836,117.37454390887163,123.92385250878489,125.17852644515305,126.63735604497857,41.78024949132143,56.12856972782899,131.0257795888097,205.9229894497904,220.27130968629797,236.9543327905978,117.375687936896,4.005189676045575,16.026119039152498,0.015596213277694337,109.56814556568432,110.82403247128532,117.37463664419167,123.92708132168441,125.1832865546353,126.64499575474424,2,1.765834215137346,0.9999988079071045,119.07903055293804,4.808869027948643,1.1364184047124581e-06,111.78017391548069,78.71559568295204,109.65382045178856,111.1691448907821,119.07903055293804,126.98891621509397,128.5042406540875,130.2661327926472,-42.499558644721915,-17.69545914126867,111.78017391548069,241.25580697223,266.05990647568325,294.90003258637455,119.07901562871864,4.809686597723734,23.13223517377217,6.0540743087279846e-05,109.64907744398694,111.16507782883387,119.0790504101825,126.98968471880434,128.5063097815557,130.27164547210435,2,0.06250652331470974
189,350,set,1.153,119.2966223428,124.77728813780001,123.6071024641,121.9448694561,123.443086686,0.00225146790035069,106.8013977788357,11.19686010102115,0.9977485537528992,114.3034870665677,11.710391645574266,84.85595524090074,88.38420183120283,106.8013977788357,125.21859372646857,128.74684031677066,132.84918947077898,91.3515411963834,95.04160689532264,114.3034870665677,133.56536723781275,137.255432936752,141.545931775435,114.28659882839277,11.714646286707424,137.1067901024948,0.126430342505935,91.3250120462016,95.01688016784396,114.28705256838245,133.5547475757188,137.24565794137203,141.53702107636502,2,9.156487857607232,0.02049243077635765,111.35411381929038,11.46072050365723,0.9795076251029968,109.82246398219448,11.144980996823127,88.89151439524245,92.50290613137267,111.35411381929038,130.20532150720808,133.81671324333828,138.01573659794965,87.97870262003784,91.49060156726472,109.82246398219448,128.15432639712424,131.66622534435112,135.74956683037954,109.85385734726317,11.153622196066202,124.3568733523141,0.04708908504665857,87.99554018697356,91.50935752235456,109.85291762092712,128.2014917309305,131.7175465224015,135.8062647656472,2,13.589229338736828,6.985857180552557e-05,100.14289551221293,11.736170126906828,0.9999301433563232,112.37238459215871,10.493406078462678,77.14042474704067,80.8386135124507,100.14289551221293,119.44717751197514,123.1453662773852,127.44530993632425,91.80568660321816,95.11226754492475,112.37238459215871,129.63250163939267,132.93908258109923,136.7836975142376,112.3715304741861,10.493994676007906,110.1135012609832,0.0104473462755421,91.80297685414857,95.1102069210909,112.37173904012165,129.63221667282517,132.93885110184053,136.78349509110825,2,11.071556211813899,0.0022725381422787905,108.51542267575618,11.284514096252593,0.9977274537086487,115.86322764533227,10.216171791120825,86.39818146406654,89.95404873615009,108.51542267575618,127.07679661536227,130.63266388744583,134.7671280531573,95.8398988748614,99.05912042114787,115.86322764533227,132.66733486951668,135.88655641580314,139.6295971724422,115.84652853409904,10.224719606725616,104.42236562610813,0.12241604608799599,95.79796439384131,99.02511552592021,115.84910545482803,132.65972736052416,135.87967821883433,139.62343168930025,2,7.596558151900965,0.04386918246746063,110.56478115928175,13.013488507909752,0.9561308026313782,115.56714378309545,9.715368416467541,85.05881237055274,89.15949738775508,110.56478115928175,131.9700649308084,136.07074994801076,140.8386824835125,96.52537159028113,99.58678480609902,115.56714378309545,131.54750276009187,134.60891597590975,138.16847044426825,115.34769250229833,9.936132651079745,97.67692563778105,1.0496081607819965,95.68334134072872,98.96535202922261,115.40508267502207,131.56192222505913,134.66288565317848,138.280356158371,2,8.095394183701671
190,351,set,0.829,121.9448694561,129.40283438790001,129.43742224849998,129.4445933776,129.428283338,0.062431689351797104,114.16272982931321,9.283085261731712,0.9375682473182678,117.55691324173564,17.062883458664018,95.96821705090447,98.89341336725404,114.16272982931321,129.43204629137236,132.35724260772196,135.75841549248264,84.11427619034993,89.49096749850185,117.55691324173564,145.62285898496944,150.99955029312136,157.2511159008053,117.34500119245658,16.70391545249828,278.3455798714115,0.6743395291379063,84.57398892571312,89.97955161486986,117.19253520254615,145.09065214205748,150.52741444358242,156.836889124823,2,12.083282145543421,0.5355595350265503,117.94684480707642,9.505899821986088,0.4644404947757721,112.79651470263192,15.007286883321392,99.31562351533796,102.31103100744524,117.94684480707642,133.58265860670758,136.57806609881487,140.06087464879897,83.38277290566162,88.11172444189947,112.79651470263192,137.48130496336438,142.21025649960222,147.70868463876764,115.55482646019956,12.632992623583403,152.9949667868966,6.597933788583692,88.49710841828782,93.68954441956349,116.12320499164335,135.20939294092662,139.20558037043597,144.19455339713957,2,13.873456877800436,0.002495360095053911,109.61882471771834,10.937294918823708,0.9975046515464783,115.59157499695043,11.57390314156572,88.18212058853094,91.62857550145324,109.61882471771834,127.60907393398342,131.05552884690573,135.06277749988158,92.90714167892662,96.55419843656101,115.59157499695043,134.62895155733983,138.27600831497423,142.51649996468646,115.57667217990894,11.576187461751898,133.91947494893026,0.08879670789360308,92.88821907651796,96.53567442203902,115.57654988400998,134.6180578845369,138.26584257953186,142.5071247811304,2,13.85161115809106,0.07496080547571182,114.73364193957617,8.6831575056656,0.9250392317771912,119.57740784391356,13.648419447070475,97.71496595638294,100.4511188229912,114.73364193957617,129.01616505616113,131.7523179227694,134.9336869428431,92.82699728175935,97.12775561424468,119.57740784391356,142.02706007358245,146.32781840606776,151.32837940862362,119.2143197047942,13.401265480858356,177.96754662979862,1.6268992989153122,93.1684947019584,97.4120492070917,119.04938413715583,141.51764591786633,145.8730316998066,150.9279970200694,2,10.213963633205793,0.4934331774711609,116.17952195147302,10.202049822188654,0.5065667629241943,114.28332530182871,13.76353851352672,96.18387173149999,99.39864329910638,116.17952195147302,132.96040060383964,136.17517217144604,139.91303886618033,87.30728551548638,91.64431905816801,114.28332530182871,136.9223315454894,141.25936508817102,146.30210386205084,115.21896482795586,12.174498796251129,147.31889433441066,0.8987353294205904,90.69357779863263,94.97686398426728,115.360092803166,134.94658964316147,138.9142442826551,143.68709128731206,2,14.209318510044142
191,353,set,1.076,120.8270125702,123.4620334493,123.49855092969999,123.4725366827,123.47770702056665,0.00428249454125762,109.26133352061045,10.865352839956806,0.995717465877533,114.90919046238362,12.484314486389188,87.96563327497512,91.3894184937,109.26133352061045,127.13324854752088,130.55703376624578,134.53792400054758,90.44038369738914,94.37432049944354,114.90919046238362,135.44406042532367,139.3779972273781,143.95204892665237,114.88499899761594,12.483299078989159,155.69621424295386,0.1360192374508521,90.42516572953689,94.35602648347052,114.88260310665665,135.42224894407343,139.3576841586858,143.93343684162542,2,8.592708022950717,0.047638148069381714,113.75056620298204,11.049314267863403,0.9523618817329407,110.51835841678096,11.801904896369827,92.09430818410522,95.57606155416026,113.75056620298204,131.9250708518038,135.40682422185887,139.4551149596352,87.38704987092918,91.1059523430507,110.51835841678096,129.9307644905112,133.64966696263275,137.9736947820831,110.67233810359475,11.787252046967426,138.4657008807201,0.47397496778375353,87.5478759362917,91.27033582387514,110.68031405893592,130.04688417511073,133.75287110311996,138.06079970028136,2,12.8053689169719,0.0001407049421686679,103.0127413213287,11.686598987824501,0.9998593330383301,112.9688790353542,10.62021029212224,80.10742820343043,83.78999658947816,103.0127413213287,122.23548605317924,125.91805443922698,130.19983603142208,92.15364935455301,95.50018761736958,112.9688790353542,130.43757045333882,133.7841087161554,137.67518267029942,112.9674824481873,10.621001772879257,112.79221798374546,0.013945369670820284,92.14976313489512,95.49710598513886,112.96774400887097,130.4369893820758,133.78360205715623,137.6747457642614,2,10.510224572379357,0.0047482093796133995,110.75793435892705,10.753755854260245,0.9952517747879028,116.42188692342394,10.717071808233978,89.6809601860402,93.06958003869644,110.75793435892705,128.44628867915765,131.83490853181388,135.77491142843962,95.41681215955579,98.7938724893509,116.42188692342394,134.04990135749696,137.42696168729208,141.3535241404521,116.39499144748387,10.7243266304498,114.8593661889785,0.15160099236947333,95.3717518313064,98.75298934888404,116.39625842245121,134.03271360672957,137.4109271861283,141.33869126655253,2,7.08271557308278,0.07942164689302444,112.66581400816446,12.348595542709232,0.9205783009529114,115.3193439255495,10.288182593514748,88.46301148480252,92.35418184198238,112.66581400816446,132.9774461743465,136.8686165315264,141.39294299633627,95.15487657588871,98.39678947186776,115.3193439255495,132.24189837923123,135.4838112752103,139.25323562971653,115.10859019505841,10.49125879950186,109.55100938981374,0.5148107676117775,94.42516648040451,97.81463187871945,115.14250150613545,132.29359447266307,135.58686389410215,139.42691866186559,2,8.369116825508243
192,354,set,1.226,123.4725366827,128.6133602015,128.62962245010002,128.60560275449998,128.61619513536667,0.001775123761035502,108.98051200833225,11.816736292544446,0.9982249140739441,114.55671035578749,11.603249519342645,85.82013446013778,89.54371045881142,108.98051200833225,128.41731355785308,132.14088955652673,136.47035136059426,91.8147591942442,95.4710632994738,114.55671035578749,133.64235741210115,137.29866151733077,141.54990520707565,114.54681624785547,11.605984711924567,134.64427986736936,0.0550976978070354,91.797767804522,95.45576415501428,114.54733715600071,133.63607674103812,137.29280079896162,141.54446988723805,2,14.069378887511192,0.01622782088816166,114.36959909955921,12.348903366840668,0.9837722182273865,110.18581672346097,10.921300949650366,90.16619325198607,94.05746060773808,114.36959909955921,134.68173759138034,138.57300494713235,143.09744419374476,88.78046019782316,92.2218752454,110.18581672346097,128.14975820152193,131.59117324909877,135.5925619694403,110.25371470447396,10.958689901342655,119.81391704380695,0.27944279395458743,88.7982821682901,92.24523705532862,110.24488953217853,128.2906465586696,131.76177784639663,135.8088709886469,2,18.362480430892703,4.579909727908671e-05,102.34529269996719,12.350711654645336,0.9999542236328125,112.80561770648154,10.572225521121917,78.13834267342322,82.03017983939198,102.34529269996719,122.66040556054239,126.55224272651114,131.0773445006428,92.08443644864738,95.41585421311524,112.80561770648154,130.19538119984784,133.5267989643157,137.40029207142382,112.80514119712102,10.572537252117225,111.77382215341258,0.005011034406218486,92.0829320933677,95.41472072095019,112.8052514986258,130.1952435846704,133.52668454494847,137.40016067012974,2,15.81105393824565,0.0015920634614303708,111.23639900794905,11.950785827213917,0.9984080195426941,116.57665803322955,10.126899213654088,87.81328919965804,91.57910559513599,111.23639900794905,130.8936924207621,134.65950881624005,139.03808421020554,96.72830029940053,99.9193911318786,116.57665803322955,133.2339249345805,136.42501576705857,140.1353484895396,116.56816567830427,10.132245901963175,102.61820412450724,0.04533076477993782,96.70416558661525,99.90031465263309,116.56968264066609,133.23127664601674,136.4229598685319,140.13404403177503,2,12.048029457062398,0.04029407724738121,113.26405231085803,13.335180474401735,0.9597058892250061,116.56372655622896,9.6807732793146,87.12757885368887,91.32963234148588,113.26405231085803,135.1984722802302,139.4005257680272,144.28632105743344,97.58975958627462,100.64027151605343,116.56372655622896,132.48718159640447,135.5376935261833,139.08457289363386,116.43076531919131,9.875625665711738,97.1064895626961,0.4210382221226317,96.95443019458294,100.17617243731479,116.46702940861405,132.58147680967636,135.68830879195033,139.32532131262667,2,12.185429816175358
193,356,set,1.153,128.6201094454,131.24513572709998,130.91966350500002,131.3342336732,131.16634430176666,0.0037815861869603395,114.31107528934263,11.707013454699277,0.9962183833122253,115.61325726972467,12.559492297986532,91.3657505516062,95.05475174761082,114.31107528934263,133.56739883107443,137.25640002707905,141.5456611510498,90.99710470156286,94.95473081071243,115.61325726972467,136.2717837287369,140.22940983788646,144.83100547617795,115.60832943003626,12.556648010261698,157.66261349819965,0.0063881033114416225,90.99853803193601,94.95509452515059,115.60798705964473,136.2627608535814,140.2200086211437,144.82137671195977,2,15.558014871730393,0.0492439866065979,120.17877879404706,12.20731428856124,0.9507560133934021,111.58109331163007,11.709229788445615,96.25288244050583,100.09953361117057,120.17877879404706,140.25802397692354,144.1046751475883,148.5772384369899,88.63142463957311,92.32112422529707,111.58109331163007,130.84106239796307,134.53076198368703,138.82083513663622,112.00447762037395,11.880805953567556,137.69267925444302,3.4608708518799047,88.83421573792631,92.54232030758158,111.96059667739846,131.61384352294723,135.43405549220967,139.91067255127328,2,19.16186668139271,9.788541501620784e-05,108.30215066357631,12.66848638009728,0.9999021291732788,114.08011269591614,10.78566719450911,83.47237361994944,87.46434489328797,108.30215066357631,129.13995643386465,133.13192770720318,137.77345702123097,92.94059344544311,96.33926889193631,114.08011269591614,131.82095649989597,135.21963194638917,139.17132664397445,114.079548781939,10.786010330806988,116.33494114088299,0.0032675695563312,92.93898618224628,96.33798398446937,114.07964716970433,131.82081069161683,135.21952826263188,139.1712497715134,2,17.08679551982766,0.0037724929861724377,116.62084153414168,11.528570669186257,0.996227502822876,117.80767393790396,10.7502566813429,94.02525822931177,97.6580302553643,116.62084153414168,135.58365281291904,139.21642483897156,143.4403074011327,96.73755801791079,100.12507524493779,117.80767393790396,135.49027263087012,138.87778985789714,142.81651071393935,117.80319612725874,10.75354754985153,115.6334329681638,0.005293778434696315,96.72553898529907,100.11475356536616,117.80350515941305,135.49064147312689,138.8790595337485,142.81887013205167,2,13.363148174507913,0.09077121317386627,118.40553998815952,12.508127188501,0.9092287421226501,116.90918827262837,10.441275703868996,93.8900611846513,97.83150161578332,118.40553998815952,138.9795783605357,142.92101879166773,147.50379508136126,96.44466394039203,99.73481806111916,116.90918827262837,134.08355848413757,137.3737126048647,141.1992278085983,117.04500870693396,10.654163122770665,113.32578508039018,0.1847943493203179,96.2079534811858,99.57041301445335,117.02408369536784,134.58723415576955,138.0085441681742,142.03349704352388,2,14.1213355948327
194,357,set,0.829,131.3342336732,138.65585077080001,136.8803035129,137.1093241195,137.5484928010667,0.12302833795547485,122.08334826006643,9.376426128823914,0.8769716024398804,119.94306282333517,19.34685117776847,103.70589074387124,106.66049973422786,122.08334826006643,137.506196785905,140.46080577626162,143.89617725095692,82.02393130065263,88.12032449349232,119.94306282333517,151.765801153178,157.8621943460177,164.9505689301214,120.20637143420288,18.42722078193891,339.06736879183825,0.49423569289467767,83.12138318809919,89.362693171728,120.42161514863318,150.54625379519385,156.76858465861753,163.98997042422366,2,17.342121366863807,0.7803584337234497,127.18885344401329,9.867553803569091,0.21964161098003387,115.60233595588936,16.337994854376593,107.84880337350664,110.95817178107387,127.18885344401329,143.4195351069527,146.52890351451993,150.14421625692987,83.5804544617105,88.72872586255352,115.60233595588936,142.47594604922517,147.62421745006822,153.61019555145853,124.64397776305823,12.554703151819165,134.6113741693311,23.009891579702106,95.67782133081934,102.26436291187551,125.58478966070608,143.2884605014094,146.6982189655947,150.779384769978,2,12.904515038008455,0.00473445700481534,118.53190537346427,11.530751925299011,0.9952656030654907,119.00316550607052,12.341814821376769,95.93204688521232,99.5655062476585,118.53190537346427,137.49830449927003,141.13176386171622,145.35644560097595,94.81365295230941,98.7026866339655,119.00316550607052,139.30364437817553,143.19267805983162,147.7145201775861,119.00094149379117,12.338108800123058,152.2287329536094,0.0010464791241190923,94.8188031692359,98.70675943414744,119.00077793167755,139.29563355063885,143.1839026333962,147.7050804887634,2,18.547551307275512,0.1471683382987976,123.31451306571603,8.495491450130677,0.8528317213058472,123.2586923808955,15.20421558173224,106.66365579249194,109.34067314123335,123.31451306571603,137.2883529901987,139.96537033894012,143.07798153965967,93.4589774275176,98.24998323633112,123.2586923808955,148.26740152545986,153.0584073342734,158.62898697591692,123.26691476511381,14.414182968329875,207.7691852388774,0.0003910822331085779,94.49428687892278,99.38823590886253,123.27186281540088,147.13137877913837,152.02374602508118,157.71370396443612,2,14.281578035952876,0.7126495242118835,124.39058605176729,9.576108063535928,0.28735050559043884,116.25992275112375,15.899295356175513,105.62175913517326,108.63928997138098,124.39058605176729,140.1418821321536,143.1594129683613,146.66794468695946,85.09787647345482,90.10790911854575,116.25992275112375,142.41193638370174,147.4219690287927,153.24721470171008,122.0542395486701,12.309631191465325,137.98991927256873,13.537544769600864,94.42525904890859,100.3784061747494,122.83197938695388,140.6351232091338,144.215630111616,148.65339026863344,2,15.49425325239659
195,359,set,1.493,10.4097485212952,114.09071695169999,114.76610552919999,114.4599812422,114.43893457436666,0.00048510637134313583,11.69985396878996,5.249590859106251,0.9995149374008179,112.37123920004174,10.892739165473564,1.4108449513710255,3.065045404177745,11.69985396878996,20.33466253340217,21.988862986208893,23.912228503456014,91.02186274272466,94.45427767627619,112.37123920004174,130.28820072380728,133.72061565735882,137.71153980012258,112.3224077883861,11.114003124534698,118.60758165320695,4.914036042695571,90.9329139038451,94.40538352222701,112.36461271366956,130.28569214517344,133.71841483680245,137.70960702022245,2,2.116526785980554,0.00033659671316854656,16.30061920855153,5.698622868007514,0.9996633529663086,114.56664949588249,12.394800660707814,5.131523625780451,6.927218715480766,16.30061920855153,25.674019701622292,27.46971479132261,29.55759840250133,90.2732866053419,94.17901667377673,114.56664949588249,134.95428231798823,138.86001238642308,143.40126766208013,114.53356770801794,12.523582165306951,153.590294713682,3.249155436007285,90.2032081928487,94.14045310406337,114.56141962884858,134.95232081540607,138.85830590958037,143.39973981074897,2,-0.09463313365128556,0.0001490283611929044,8.486834364028425,3.4619186808047298,0.9998509883880615,116.9209342687879,12.652594064474316,1.7015984322447384,2.792484865695707,8.486834364028425,14.181183862361141,15.27207029581211,16.540461527220778,92.12230559141298,96.10926903149264,116.9209342687879,137.73259950608315,141.71956294616282,146.3552695717795,116.90477647092015,12.720764372865414,160.06606765625702,1.752007481190895,92.09071959212223,96.09183450013717,116.91857039201977,137.73173023427847,141.7188176801118,146.35463082366223,2,-2.465841896553499,0.00032998970709741116,17.372465697691155,6.406202449797298,0.9996700286865234,118.0956942396373,13.505656341871154,4.816539618416185,6.835200363156659,17.372465697691155,27.909731032225647,29.928391776966123,32.275521147452324,91.62509422199486,95.88086642135036,118.0956942396373,140.31052205792423,144.56629425727974,149.51454915807545,118.06245878316025,13.627272224636759,182.35610813808952,3.346696530241922,91.5502500521267,95.83967544364613,118.09010640972045,140.30840236986313,144.56443951990187,149.51292133883314,2,-3.6235242087935973,0.000309912720695138,16.666480358554182,13.927290929269525,0.999690055847168,114.13306131000338,12.118987375461076,-10.630508265025473,-6.241874640063145,16.666480358554182,39.574835357171494,43.96346898213383,49.06620400300863,90.38028252500408,94.19910097049711,114.13306131000338,134.06702164950963,137.8858400950027,142.32604182643504,114.10285158927786,12.240426156873955,146.88444714839596,2.943176124014746,90.31727918505217,94.16431850387055,114.12835303557368,134.065275900895,137.8842873150413,142.3247657766218,2,0.33608298508879386
196,362,set,0.229,14.861967986132,13.5751041278362,13.6961366896355,13.802170998685101,13.691137272052266,0.9999634027481079,14.121745511399538,6.512970891850756,3.654071770142764e-05,93.91175049835293,30.81120543791679,1.3565571310143376,3.4088617177094527,14.121745511399538,24.83462930508962,26.886933891784736,29.27318149934642,33.52289751977134,43.231827483048555,93.91175049835293,144.59167351365727,154.3006034769345,165.58933276548623,14.12466029708571,6.533342474138381,42.45192664039918,0.23262596506960045,1.356176364110399,3.408608201931451,14.122040800746333,24.83716475268297,26.8912226660499,29.282481344957898,2,-0.433523025033443,0.9997796416282654,14.665153893453748,6.904080779331869,0.00022041860211174935,85.66288559471836,27.942757007183715,1.133404219608055,3.308951582803772,14.665153893453748,26.021356204103718,28.19690356729944,30.72644753665867,30.896088231884036,39.70114038442854,85.66288559471836,131.62463080500817,140.42968295755267,150.66745895322,14.680803997516197,6.995622299818726,47.82793006313313,1.1108142798005263,1.1336900400439156,3.3094411396616525,14.66704044676809,26.035476762977623,28.222258045947793,30.782362314386425,2,-0.9896667254639304,0.9998788833618164,15.442743420783124,4.790762884124599,0.0001211511334986426,85.44639503068981,14.106305694970956,6.0530207094276705,7.562639714966278,15.442743420783124,23.322847126599967,24.832466132138574,26.587724471300152,57.798543913634475,62.24358694543062,85.44639503068981,108.649203115949,113.09424614774514,118.2625692947557,15.451224975227008,4.854519455866152,22.97273681923983,0.5936305635668936,6.053249627543728,7.5627938983639345,15.443470800948882,23.32832702359067,24.842207431179,26.609399495131544,2,-1.760087703174742,0.9995388984680176,14.452872645455066,7.067916236003152,0.0004611678305082023,85.75509395535491,23.638225962374317,0.6000113771429838,2.827184989676079,14.452872645455066,26.07856030123405,28.305733913767146,30.89530455497974,39.42502241068158,46.87367224644504,85.75509395535491,124.63651566426475,132.08516550002824,140.74583066902142,14.485755894371117,7.248004924105314,50.19009016720012,2.3434991245466605,0.6011016681966798,2.8285275977954907,14.456948693759186,26.10872630993923,28.360188765477655,31.01778013329587,2,-0.7946186223188505,0.9999902248382568,15.414618317350921,7.750270704026884,9.811850759433582e-06,86.0327556171304,21.705721814362196,0.22436686702233644,2.6665574399765557,15.414618317350921,28.162679194725282,30.604869767679503,33.444444092904874,43.490322602535095,50.33002036517704,86.0327556171304,121.73549086908375,128.57518863172572,136.5278154144938,15.415311777522199,7.753686432427908,60.07073156329903,0.04893044759597079,0.22421253061003532,2.666403360864529,15.414713002928288,28.163470811529006,30.60616907434514,33.4475049254297,2,-1.7241745054699322
197,365,set,0.952,11.8306121348008,123.76366288950001,123.71214114659999,123.7527272007,123.7428437456,0.01228933222591877,15.260093466850456,6.265430179271284,0.9877106547355652,106.16666155633487,11.563014041883699,2.9800759678284017,4.954377912064867,15.260093466850456,25.565809021636042,27.540110965872508,29.83566364434953,83.5035704815119,87.14719597105166,106.16666155633487,125.18612714161807,128.82975263115785,133.0662546901754,105.04947915530937,15.259545724089419,132.5425930916646,100.31099872875923,80.37937624619387,85.67451675949705,105.98634001141706,125.11676564789973,128.76858732374592,133.01264041543084,2,18.693364590290628,0.005591525696218014,17.65584143439019,6.197195591512998,0.9944084286689758,103.81114262342342,13.107221671802016,5.509561269874315,7.462361788762356,17.65584143439019,27.849321080018022,29.802121598906062,32.07267422372173,78.1214602093086,82.25168151730293,103.81114262342342,125.3706037295439,129.50082503753825,134.3030998942021,103.32939830555817,14.571417530295763,171.05337598541192,41.27234561559035,76.7602182074982,81.54173897042656,103.71877129746478,125.33501035653758,129.4693892717496,134.2755892304203,2,20.413445440041826,0.009494614787399769,13.129435050862334,4.166968735691192,0.9905053973197937,107.6484267032564,11.622401191408462,4.962326404203191,6.275381412567283,13.129435050862334,19.983488689157383,21.296543697521475,22.82325391033219,84.8689389542204,88.53127794968307,107.6484267032564,126.76557545682972,130.4279144522924,134.68617500613922,106.7510065907438,14.764159361500498,133.96253749871704,84.01800212394976,82.6237808781602,87.42066129245238,107.50879367347629,126.711815792872,130.38050524540756,134.6446148390187,2,16.9918371548562,0.015565699897706509,18.966931701961983,7.0487767337285785,0.9844343066215515,105.74635705553233,13.389635279122794,5.151583168790086,7.372725725917373,18.966931701961983,30.561137678006588,32.782280235133875,35.364838471060004,79.50315414232473,83.7223669031098,105.74635705553233,127.77034720795484,131.9895599687399,136.89530662130187,104.39557525257102,17.107323253928087,177.2650648301309,115.39551513397713,74.38417329271299,81.48179195638883,105.48099455002597,127.66836937008723,131.89965192709994,136.81646595520382,2,19.347268493028977,0.017637241631746292,19.358143242993478,12.638923809558277,0.9823628067970276,105.92899555554382,11.44370212440927,-5.413692227086528,-1.4310364259217785,19.358143242993478,40.14732291190873,44.12997871307348,48.76067677752354,83.49975154189714,87.10578061045696,105.92899555554382,124.75221050063068,128.3582395691905,132.55102766381998,104.40212964505253,16.165291856111573,131.4659963711749,129.85119228627048,78.09073562401738,84.88180862804947,105.6714672752411,124.65330421723155,128.27101920331523,132.47461399751342,2,19.340714100547473
198,367,set,0.053,108.6121034938,108.1474387009,105.4611362003,105.5484052374,106.38566004620002,0.9999994039535522,111.83138153355014,4.522911505830951,5.85698558097647e-07,121.91192314888008,100.46566421660303,102.96663787685965,104.39185413880355,111.83138153355014,119.27090892829673,120.69612519024062,122.35324709961483,-74.99716039855636,-43.33938902188822,121.91192314888008,287.1632353196483,318.8210066963165,355.6300075132755,111.83138628049004,4.523584517530974,20.462627956775403,5.951708384745763e-05,102.96072837914575,104.38852333220885,111.8313352942515,119.27574067066458,120.70424038593288,122.36247614498097,2,-5.445726234290021,0.9999998807907104,111.06227936180751,5.59717405646731,7.779294008969373e-08,113.76049388915587,56.175218042512725,100.09201979592962,101.85574731434858,111.06227936180751,120.26881140926645,122.0325389276854,124.08325332870679,3.659089702146261,21.360482747138988,113.76049388915587,206.1605050311727,223.86189807616546,244.44359295613603,111.06227497191539,5.597241338500468,31.328599171449348,5.663818505957629e-07,100.09055915523759,101.85439186221791,111.06228508405579,120.26974093621372,122.03384878851665,124.08575816489521,2,-4.67661492571537,0.9999895095825195,116.61318458783973,6.584673870113242,1.0549182661634404e-05,121.64113527154655,24.32050884339074,103.7074609524758,105.78235989029136,116.61318458783973,127.44400928538808,129.51890822320365,131.93142664682995,73.9738138528128,81.63745809118991,121.64113527154655,161.64481245190316,169.30845669028028,178.21909931496006,116.61324448140482,6.585072694777885,43.36371483895717,0.0002666836103090309,103.70697910107923,105.78195103895939,116.61319822102283,127.44452159481841,129.51963998288787,131.93251735503063,2,-10.227584435204804,0.9999923706054688,107.81731763438395,3.6069425036949228,7.662510142836254e-06,127.66959169638747,53.579278440768924,100.74784023283517,101.88442517497593,107.81731763438395,113.75021009379198,114.88679503593274,116.20832065964218,22.65613563483697,39.53952122364585,127.66959169638747,215.79966216912905,232.68304775793794,252.3136321897125,107.81747332307172,3.6103416663361423,13.031932033581432,0.0030198700885874486,100.74660560743011,101.88216908611949,107.81731867621122,113.75046471465214,114.89000596823614,116.21148765495508,2,-1.4318132768717078,0.9999998807907104,109.98821653892155,4.35972999647145,6.686233433583766e-08,107.96023107229864,95.34187857446933,101.44330276351857,102.81709884169635,109.98821653892155,117.15933423614675,118.53313031432452,120.130465147605,-78.90641715205233,-48.86320370128418,107.96023107229864,264.7836658458814,294.82687929664957,329.75860760107537,109.98821064577746,4.359872096433822,19.007851159846933,2.750195284877401e-07,101.44312726255292,102.81144966526583,109.98819552719353,117.16353629844477,118.53627532642973,120.13585817415228,2,-3.602550599577441
199,369,set,0.385,105.57341036529999,110.5376540438,110.4681252509,110.6032333528,110.53633754916666,0.9924691319465637,105.93319628113281,6.359670179175307,0.007530868519097567,118.20651092695417,36.20500868118537,93.46847177639582,95.47246972070118,105.93319628113281,116.39392284156443,118.3979207858698,120.72800148205822,47.245997851870825,58.654571083896855,118.20651092695417,177.75845077001145,189.1670240020375,202.43195590205994,106.02562504935298,7.151094787956495,50.0122982198475,1.1258636811899239,93.28035249021745,95.37078879796263,105.94922654127589,116.61966957318866,118.810546210045,121.70421481335981,2,4.510712499813678,0.9990440011024475,106.16696508524586,6.915463113494261,0.0009559700265526772,111.10969000500921,26.034370521934548,92.61290644638188,94.7920405009657,106.16696508524586,117.54188966952601,119.72102372410984,122.25473799733109,60.08326142184624,68.28696122660666,111.10969000500921,153.93241878341175,162.13611858817217,171.6746925207032,106.17168711697222,6.960568522134185,48.425856177556135,0.02333252752972296,92.58830187304606,94.77814874889718,106.16821362300654,117.56459450556456,119.76065290189023,122.33628851236186,2,4.364650432194438,0.8397704362869263,104.99594195617809,8.18568507446248,0.16022957861423492,115.16286618148962,14.846442331815547,88.95229402144454,91.53168817236593,104.99594195617809,118.46019573999023,121.03958989091161,124.03869302672172,86.06437391258028,90.74264166467694,115.16286618148962,139.5830906983023,144.26135845039894,149.70085573717864,106.62498550516406,10.27107034041642,91.58648667938384,13.908568668024365,88.62117281808705,91.45326113357304,105.91160110837221,124.43780510154588,130.4760104502552,137.96777859119263,2,3.911352044002598,0.979637086391449,103.64464842530063,5.615969583171755,0.020362941548228264,120.6517111991441,23.83814699769075,92.63755030401157,94.40720048757142,103.64464842530063,112.88209636302985,114.65174654658969,116.70934732579028,73.92980162549861,81.44144865019011,120.6517111991441,159.86197374809808,167.3736207727896,176.10753378829503,103.99096514626947,6.94534526641202,42.46827531073153,5.769847701984939,92.4443721537771,94.3098247284916,103.72108791850115,113.59443124297343,116.0584645251268,122.39534689441214,2,6.545372402897186,0.9989533424377441,105.16678005390449,7.123288786157935,0.0010465955128893256,108.45023268341882,28.885162733184526,91.2053905815569,93.45001265816985,105.16678005390449,116.88354744963911,119.12816952625208,121.73802777776196,51.83635403879858,60.93836799665673,108.45023268341882,155.96209737018089,165.06411132803905,175.64716959908637,105.17020997516124,7.181456819818223,51.56136413982935,0.01127160112030434,91.17291597807632,93.43141172685911,105.16762712834894,116.90821171695039,119.1710351632054,121.82662574088867,2,5.366127574005418
200,374,set,0.647,29.6886110034899,90.40128225178749,90.9047935915757,91.1764035467621,90.82749313004177,0.22887688875198364,32.474114278829,7.135590297494195,0.7711231112480164,101.87183914145695,13.647467339873245,18.488614287306923,20.737112697555933,32.474114278829,44.21111586010206,46.45961427035107,49.07397959743107,75.12329467511873,79.42375298876468,101.87183914145695,124.31992529414921,128.62038360779516,133.62059577361288,85.98830378843248,31.7060315916108,155.27791832398378,849.994520964238,23.692716003995216,26.926778897707848,96.67190275190794,122.55270913244517,127.06997442839761,132.26701291461413,2,4.839189341609298,0.12664350867271423,32.52844595389748,6.814513979265085,0.8733564615249634,96.71527237693554,14.533259197012509,19.172243982393184,21.31956791919179,32.52844595389748,43.737323988603166,45.88464792540178,48.3813760621824,68.23060777280551,72.81018827530367,96.71527237693554,120.6203564785674,125.19993698106558,130.52468901279008,88.58642458581579,25.417207148994773,190.34754972017194,455.68663565938664,26.72964968342964,30.709932289638292,94.05927786617235,119.65290621795704,124.3487827614309,129.7798577441579,2,2.241068544225982,0.10953378677368164,29.542457384120915,5.326919502338244,0.8904662728309631,98.74390212662425,10.990133288919695,19.101887010993927,20.78045452022132,29.542457384120915,38.304460248020504,39.9830277572479,41.93472524357218,77.20363669504691,80.66674152566458,98.74390212662425,116.82106272758392,120.28416755820159,124.31077533872806,91.16401171936339,24.03634347294249,110.66135283800361,467.0849500781361,25.575700099405086,28.96019206722908,97.04281659091397,116.19556037122514,119.73361733087717,123.828846801693,2,-0.3365185893216136,0.18800678849220276,33.13527183398805,7.804243728188744,0.8119932413101196,97.96389295844777,13.31934542838462,17.83923520016551,20.29843323206351,33.13527183398805,45.97211043591258,48.43130846781059,51.2906576395565,71.85845562116569,76.05551932194982,97.96389295844777,119.87226659494573,124.06933029572984,128.94932387938593,85.77567501801185,28.232871324599593,155.50241349223379,641.5928290087523,24.45343938270463,28.256713900034434,94.0428525861484,118.49797499820343,122.86216419543516,127.89438865117184,2,5.05181811202992,0.48838919401168823,34.61813083038129,11.497293589822164,0.5116108059883118,99.55803252596527,11.554765786901367,12.083849474646616,15.706765769036384,34.61813083038129,53.529495891726185,57.15241218611596,61.36483533028746,76.91110773384297,80.55213411280577,99.55803252596527,118.56393093912477,122.20495731808757,126.43843734936311,67.84208627766074,34.446984684695884,132.86556874569186,1053.7291851219798,15.83801975570767,20.038159984131333,76.46441649958646,114.5167870242022,118.69226680059154,123.39807968343924,2,22.985406852381033
201,375,set,0.647,91.1764035467621,90.58660260382129,90.5618274652288,90.568060992155,90.57216368706837,0.16460543870925903,90.05579652701334,7.936030397557126,0.835394561290741,111.93798317787656,16.66420968799046,74.50146276758629,77.00218814399436,90.05579652701334,103.10940491003231,105.6101302864404,108.51776397069385,79.2767323585918,84.52779743230558,111.93798317787656,139.34816892344753,144.59923399716132,150.70473195810393,108.33605624429333,17.555532951272383,242.35257737464366,65.84415982856737,77.38325587571697,81.32752470457672,107.88461912298754,137.86782392449663,143.29809899397026,149.5671424581904,2,-17.763892557224963,0.5017654299736023,89.98182996757969,7.775578858721416,0.4982345700263977,105.67262243800236,15.15131421506982,74.74197544553465,77.19214088016457,89.98182996757969,102.7715190549948,105.22168448962472,108.07053131500317,75.97659225801576,80.75092829826336,105.67262243800236,130.59431657774135,135.36865261798897,140.9198500511548,97.79952520745417,14.361821273446834,144.71243554810573,61.54947474232561,75.13052433623682,78.20639476773817,95.27427011063236,125.05954286139924,130.56834670975078,136.76751832522547,2,-7.227361520385799,0.010815826244652271,84.95796260676988,8.548669142641314,0.9891841411590576,107.23853095331683,10.830465627814037,68.202878971444,70.89665316188818,84.95796260676988,99.01927205165158,101.71304624209576,104.84514089263205,86.01120838700233,89.42400028383365,107.23853095331683,125.0530616228,128.4658535196313,132.4339616414544,106.99754470187021,11.051345959096377,116.8207142578805,5.311160071957337,84.95255362989498,88.67248206262182,107.0915356814056,124.99591654628826,128.41544580259077,132.38977867853654,2,-16.425381014801843,0.14648346602916718,88.49146006237942,7.836419940364658,0.8535165190696716,110.87620182196481,13.163390269478093,73.13235921153317,75.60169630115577,88.49146006237942,101.38122382360307,103.85056091322566,106.721698930738,85.07643097934275,89.22435159423605,110.87620182196481,132.52805204969357,136.67597266458688,141.49882679053508,107.59720561066874,14.816754966903162,156.88841427823135,62.64764095790831,79.36521078274852,82.99950243560781,108.05888113096611,131.5005926711511,135.77248137247426,140.70857605980814,2,-17.02504192360037,0.5704704523086548,90.52227464753125,10.371995229933901,0.4295295178890228,107.19511772860336,12.758441181743686,70.19353754903956,73.4618606748511,90.52227464753125,107.5826886202114,110.85101174602293,114.65114370024972,82.18903251351308,86.20934947656522,107.19511772860336,128.1808859806415,132.20120294369363,136.8756902478279,97.68375020020947,14.121042004401922,131.28811207475138,68.11543083814414,72.52413393408085,76.09279482340843,96.65014974635235,122.50664487076472,127.25539067218591,132.59539797041427,2,-7.111586513141106
202,379,set,0.229,24.2217843461874,24.0842447614359,24.291289483669203,24.8939951451731,24.423176463426064,0.9999322891235352,24.393037866409415,6.455260310037208,6.770436448277906e-05,95.90860420723658,30.80599963074516,11.740960147905621,13.775079532528824,24.393037866409415,35.01099620029,37.045115584913205,39.41021896504469,35.52995442322185,45.23724398273967,95.90860420723658,146.57996443173346,156.2872539912513,167.5740759559235,24.39787962353212,6.486761057697291,41.731816224758404,0.34624891859967455,11.740732326793232,13.77506379475148,24.393575113468835,35.01536765093953,37.052754955823644,39.42643216869355,2,0.025296839893943712,0.9997046589851379,24.07081042910275,6.802615502779982,0.0002952913928311318,87.29840817942198,27.105546956685746,10.737929042980149,12.881503646598778,24.07081042910275,35.26011721160671,37.40369181522534,39.89606054191223,34.172512363058644,42.713750957213975,87.29840817942198,131.88306540162998,140.42430399578532,150.35533971682204,24.089479800065305,6.903552675714716,46.47886434137872,1.180146409173639,10.73832005141321,12.882240668811935,24.073279703928627,35.27842453006149,37.436584842958524,39.969019738801244,2,0.3336966633607581,0.9996358156204224,24.80828832449582,5.077345002881076,0.00036413257475942373,86.815253149681,13.609053751750354,14.856874981764491,16.456798981222946,24.80828832449582,33.159777667768694,34.75970166722715,36.6199590777201,60.141997932580594,64.43035172673689,86.815253149681,109.20015457262511,113.48850836678139,118.47464641277296,24.830865795061765,5.218912312894735,25.83748347464037,1.3995303136488657,14.857568033594927,16.45759506571243,24.810606718115146,33.17694750915436,34.79079526255712,36.689863824200316,2,-0.40768933163570154,0.9991936087608337,23.70166773068498,6.909119788776465,0.0008063709829002619,88.31268010206196,22.64784405581406,10.160041779810122,12.33717698707382,23.70166773068498,35.06615847429614,37.24329368155984,39.77468386279861,43.92372142518685,51.06029166422485,88.31268010206196,125.56506853989904,132.70163877893705,140.9994439729135,23.753767696129785,7.174580798041451,48.11105012256091,3.363548075638746,10.162149474944677,12.339813804363308,23.708626067186128,35.11753534860379,37.33664482799778,39.98603308373822,2,0.6694087672962787,0.9999818801879883,24.955998091900305,7.8183356305778435,1.8169872419093736e-05,87.46491383146596,21.18704387985352,9.632341836921476,12.095980373220408,24.955998091900305,37.8160158105802,40.279654346879134,43.144166564632826,45.939070888083286,52.6153278613089,87.46491383146596,122.31449980162301,128.99075677484865,136.75334831857322,24.95713512023178,7.823323115392834,61.13342072307439,0.07099502532035332,9.632225470709749,12.096013942358791,24.956175159308636,37.817438320783644,40.28220052664428,43.14948143798833,2,-0.5339586568057157
203,381,set,1.153,24.685421333239898,109.79124950559999,109.8593251341,109.8708281634,109.84046760103332,0.0013618991943076253,27.125877597453787,6.307630720080908,0.9986380934715271,109.32947289764901,10.498686336121912,14.763148558316757,16.750748330058173,27.125877597453787,37.501006864849394,39.488606636590816,41.799620913348704,88.75242579386729,92.06067059945302,109.32947289764901,126.598275195845,129.90652000143075,133.75306953590785,109.21751908560006,10.923231248651518,110.12648695893803,9.190406467234265,88.50805232895326,91.9273496146302,109.31152845915565,126.59137668051889,129.90045725016162,133.7477149209451,2,0.622948515433265,0.0009713665349408984,29.08393401185537,6.276673634639494,0.9990286827087402,107.50458263424669,11.759224006741148,16.78187974524984,18.759724618727915,29.08393401185537,39.40814340498282,41.38598827846089,43.68566037784715,84.45692709489524,88.16238037662367,107.50458263424669,126.84678489186969,130.55223817359814,134.86062840269898,107.42841273444793,12.00627510153062,138.18330468760806,5.967905440645899,84.26305563524554,88.05622980360941,107.49025197444153,126.84127363083498,130.54735582908393,134.85635819458787,2,2.412054866585393,0.0005068308091722429,23.030917516546303,4.451400022813021,0.9994931221008301,111.01859410646627,11.301145189791002,14.306333791052005,15.709016044010436,23.030917516546303,30.352818989082166,31.7555012420406,33.38642249612273,88.86875655041783,92.42986445233335,111.01859410646627,129.60732376059917,133.1684316625147,137.30898919296345,110.97399401327768,11.470988574894498,127.66118907577986,3.9218098855540378,88.77229831188527,92.37683019955138,111.0114124193611,129.60459437706913,133.16602387990403,137.3068750957801,2,-1.1335264122443505,0.0016586215933784842,30.289293133109638,7.196615357746226,0.9983413219451904,110.92816826231174,12.035919243917952,16.184186221339196,18.451914260146086,30.289293133109638,42.126672006073186,44.39440004488008,47.03112397089224,87.33820002339999,91.13084284025827,110.92816826231174,130.7254936843652,134.5181365012235,138.9279034075275,110.79441261959357,12.46904872923468,144.70897250622457,10.767510619045337,86.99510374936345,90.94423446471713,110.90310756097483,130.7158332660504,134.50966150620783,138.92050611121533,2,-0.9539450185602476,0.0019572582095861435,31.02281369873858,13.758014860042632,0.9980427026748657,109.93732390368427,10.382270113093197,4.057600074288143,8.392893056545198,31.02281369873858,53.65273434093196,57.988027323189016,63.028742319421056,89.588448404255,92.86000925217306,109.93732390368427,127.01463855519549,130.28619940311353,134.0900959089964,109.78286353047149,10.959765890410837,107.95102827522216,12.164968665964992,89.2372993307404,92.66955142207047,109.91180603412145,127.00486015210603,130.2775416472824,134.0825499577661,2,0.057604070561836807
204,382,set,0.053,109.8708281634,109.8807760615,109.88756194770001,109.87483608039999,109.88105802986667,0.9999994039535522,113.05454577526271,4.506622598187487,5.598867574008182e-07,122.36531516446158,102.22733456210919,104.22172779090091,105.64181124933255,113.05454577526271,120.46728030119287,121.8873637596245,123.53851767566059,-77.99657881279919,-45.783686863605396,122.36531516446158,290.51431719252844,322.72720914172226,360.18165759188605,113.05454690022182,4.507327023744413,20.315486193209157,4.853681139407955e-05,104.21937961953915,105.63495017416668,113.05459607878868,120.4726631543459,121.89484253507365,123.54875186280088,2,-3.1734888703551576,0.9999998807907104,112.39347126103213,5.59516353536699,7.02854308087808e-08,114.29341047941864,56.858656337827135,101.42715224410102,103.19024622649711,112.39347126103213,121.59669629556714,123.35979027796324,125.40976805644397,2.852491847937344,20.769243378556325,114.29341047941864,207.8175775802809,225.73432911089992,246.56642477174157,112.39346589584787,5.595238757727112,31.306078481798945,2.5374438975742e-07,101.4250446815689,103.18843337721668,112.3934690314559,121.59840716639685,123.36166178911166,125.41232988538249,2,-2.512407865981203,0.9999899864196777,117.95457620386597,6.613453278792266,9.982342817238532e-06,122.35089467770894,24.634097160655156,104.99244596399478,107.0764135915704,117.95457620386597,128.83273881616154,130.91670644373716,133.33976917905278,74.06895145116442,81.83141061633032,122.35089467770894,162.87037873908753,170.63283790425345,179.65837423631456,117.95461640481744,6.613925575708574,43.74338397151916,0.00019293297761835683,104.99202771974797,107.07609164389764,117.95458786346637,128.83311184297116,130.91743605244457,133.34091888019668,2,-8.073558374950778,0.9999927282333374,109.08678721590535,3.5804707021965565,7.291774636541959e-06,128.33823152555064,54.39392140308229,102.06919359189925,103.19743699520386,109.08678721590535,114.97613743660683,116.10438083991143,117.41620762202582,21.72810459760693,38.86819262157739,128.33823152555064,217.80827042952387,234.94835845349434,254.8774149423557,109.08692977570428,3.5838130170122144,12.841251390941391,0.0027024440188191047,102.0678927895572,103.19570117066584,109.08678825680344,114.97867948747516,116.10533486097609,117.41825419065539,2,0.7941282541623877,0.9999998807907104,111.25281247698523,4.3190700080591515,6.210883185531202e-08,108.4046861658875,98.19601246722057,102.78759081448217,104.14857450917181,111.25281247698523,118.35705044479865,119.71803413948828,121.30047180806719,-84.05596169531098,-53.1133810929923,108.4046861658875,269.9227534247672,300.86533402708596,336.84277100829394,111.25280594750491,4.3192209528297605,18.65496239247446,5.038562048673095e-07,102.78343101460906,104.14186603750407,111.25278253672707,118.36399083462518,119.71844880192133,121.30455753633488,2,-1.3717479176382454
205,384,set,0.494,10.038109683413099,7.15233910097958,6.97678961630448,7.01629815899353,7.048475625425863,0.9675076603889465,11.256203513163278,6.802629820181445,0.03249228745698929,97.12125947627595,18.122487137813376,-2.0767059345505405,0.06687318062958347,11.256203513163278,22.44553384569697,24.589112960877095,27.081486933229208,61.60183737587136,67.31242077826221,97.12125947627595,126.9300981742897,132.64068157668055,139.28046890166058,14.046155006970448,16.94753662769703,55.443428919114936,231.77555853830896,-1.9803816235661582,0.17603495301150104,11.542616400114914,25.50603438924799,83.76659050939949,106.22235833317409,2,-6.997679381544585,0.8537178635597229,12.79749468840376,6.796920040478348,0.1462821215391159,91.74049652225908,18.90046466672237,-0.5242237967323327,1.6175561077237965,12.79749468840376,23.97743326908372,26.119213173539848,28.609495174596148,54.69626648441139,60.65199866413263,91.74049652225908,122.82899438038552,128.78472656010678,135.7095523180727,24.3454442866289,29.49526829767235,91.69616807018117,778.2746750495661,-0.05857900814465951,2.1471638546255862,14.268509171834157,99.44322905667177,109.70738995145571,119.86651542283109,2,-17.29696866120304,0.9600054025650024,11.373067870857753,4.591267075631592,0.039994556456804276,93.74284811330419,12.641913282983568,2.374349759215294,3.8211055692022464,11.373067870857753,18.925030172513257,20.37178598250021,22.053952271407013,68.96515338297787,72.94875119818266,93.74284811330419,114.5369450284257,118.5205428436305,123.15233620298167,14.667410231051065,16.94491413808734,26.628506792165222,260.50159953922855,2.4547086664671705,3.9122448911667065,11.612909704498586,21.982646339350687,89.71182595653688,102.2683788968621,2,-7.618934605625202,0.9155771732330322,13.360844347214424,7.482825939934761,0.08442281186580658,91.58290202088514,17.50169320085636,-1.3052249976397885,1.052690960066169,13.360844347214424,25.668997734362677,28.026913692068632,30.76850056439931,57.280213678737134,62.79517848166463,91.58290202088514,120.37062556010565,125.88559036303315,132.29792879081236,19.964570206862906,23.453634278796393,77.1251128249573,472.9478421192106,-1.0210001123342476,1.375446221416393,14.227526991661898,87.49880316958541,100.95627946342489,112.28331234335965,2,-12.916094581437044,0.9902098178863525,14.07183504990256,9.829522490065239,0.009790142066776752,93.50340389125157,15.269467138895891,-5.193675015851785,-2.0962906690823218,14.07183504990256,30.239960768887435,33.3373451156569,36.93872379750246,63.57579823589775,68.38736548622234,93.50340389125157,118.6194422962808,123.43100954660537,129.0254963075585,14.849480829913366,12.614324012890838,97.95622626000032,61.16493521157554,-5.152352202080552,-2.0494570896452577,14.193640747534195,31.211460198737544,35.31020081957349,48.52980213887476,2,-7.801005204487503
206,385,set,0.385,7.01629815899353,7.17584552987879,7.0863184449782795,7.08331680559412,7.115160260150397,0.9983336329460144,7.007468813591942,6.734955758690401,0.0016663665883243084,94.74571622567957,22.24933350351717,-6.192801910911884,-4.0705475934476745,7.007468813591942,18.085485220631554,20.207739538095765,22.675318824580472,51.13782387876553,58.148819315166435,94.74571622567957,131.3426131361927,138.3536085725936,146.5054059204124,7.153672894334469,7.675627919055592,46.108949467001324,12.806314460954129,-6.188268348062238,-4.065210652767152,7.021557397913019,18.190441262127216,20.400762937120763,23.126594494167698,2,-0.03851263418407225,0.9890639185905457,8.674661490329797,6.897501217489947,0.010936126112937927,88.55107199510712,22.35835335695055,-4.844192479271676,-2.670718404160743,8.674661490329797,20.02004138482033,22.19351545993127,24.720648783831646,44.72950466186382,51.77485338326437,88.55107199510712,125.32729060694986,132.3726393283504,140.56437979410293,9.54820037684643,11.024255291535859,52.52215856693107,69.01205024155834,-4.811931284784649,-2.6341145137412143,8.770216689355825,20.789628840641416,23.78446837390101,57.95612394565403,2,-2.4330401166960325,0.9977455735206604,8.150867948278702,4.531460068308951,0.0022543834056705236,89.89319952556852,13.468959410183572,-0.7306305829882582,0.6972794195349543,8.150867948278702,15.604456477022445,17.032366479545658,18.692620444490196,63.49452417237686,67.7387327884659,89.89319952556852,112.04766626267113,116.29187487876017,121.22668461499146,8.335146153039572,5.993848099630865,20.896811821762938,15.02940022715701,-0.7264160308920367,0.7021011418315207,8.163700562442004,15.700566604191819,17.209903843880777,19.116604953780268,2,-1.2199858928891754,0.9915767908096313,9.00263879606365,7.405298642757481,0.008423230610787868,87.94775531011493,20.15595187397584,-5.511479838504361,-3.177993535134812,9.00263879606365,21.18327112726211,23.516757430631657,26.22993955028004,48.44281556299966,54.79416476554643,87.94775531011493,121.10134585468342,127.45269505723019,134.83751110140813,9.667611910897318,10.48106616450929,57.79857411888875,52.05417582794336,-5.484747333110947,-3.1477181006083916,9.081474745660058,21.8041050139521,24.75109407196963,30.818560136393298,2,-2.552451650746921,0.9995525479316711,9.625858100828353,8.890383995078084,0.0004474700253922492,89.82154952169145,17.817779904675916,-7.798974338256016,-4.997522258467159,9.625858100828353,24.24923846012386,27.05069053991272,30.30798400718497,54.89934262406513,60.5139096212622,89.82154952169145,119.12918942212069,124.74375641931776,131.27190392306187,9.66174344175694,9.056609060206094,79.14562122530668,2.876548120379477,-7.7973950527322,-4.995702707557168,9.630846106504663,24.28613250164109,27.117627250806397,30.45885554743491,2,-2.546583181606543
207,388,set,0.494,7.25736277597029,7.35088725209133,7.30287886787851,7.21835078008717,7.290705633352338,0.9742072224617004,8.268826155444884,6.7628546471795055,0.025792812928557396,96.80694097153696,18.342106054061404,-4.986125385706284,-2.855079839513948,8.268826155444884,19.392732150403713,21.52377769659605,24.001578686358148,60.85707370496252,66.63686130258549,96.80694097153696,126.97702064048842,132.7568082381114,139.47706039583434,10.552473480579373,15.817991167861209,53.234088949095465,196.97475957831108,-4.9104820110960175,-2.769212134604352,8.493276433136806,21.541483688752958,62.50571193235527,102.0399960658297,2,-3.261767847227035,0.870771050453186,10.113331258850323,6.79083657659709,0.129228875041008,91.5520279763722,19.2023112830477,-3.1964638561772514,-1.0566009142001231,10.113331258850323,21.283263431900764,23.423126373877896,25.911179491775744,53.916189441671584,59.967036616600005,91.5520279763722,123.13701933614439,129.1878665110728,136.22328400636067,20.637561666959613,28.881251066006897,87.80641144473643,746.3202199602986,-2.789972856221144,-0.5946342033633983,11.383770976758932,97.07043191730844,108.16656506328741,118.87518321489549,2,-13.346856033607274,0.9722951054573059,8.749300967632166,4.485484744603838,0.027704965323209763,93.72857366404645,12.85205694294396,-0.04208758499519938,1.3713351168350432,8.749300967632166,16.127266818429288,17.54068952025953,19.18409886728393,68.53900492861834,72.58882118765823,93.72857366404645,114.86832614043468,118.91814239947456,123.62692901031596,11.103649390157944,14.787364290151649,24.138340568345168,194.52781080790965,0.011931480426656947,1.4326016505137404,8.909523389195781,17.705402046609723,77.08306781939768,98.3029413046127,2,-3.8129437568056064,0.9313944578170776,10.71735951869519,7.446733202588881,0.06860554218292236,91.27935020204568,17.936494070639302,-3.8779693608576338,-1.5314265985230886,10.71735951869519,22.966145635913463,25.31268839824801,28.041051473087176,56.12446781467641,61.77644287516104,91.27935020204568,120.7822575289303,126.43423258941493,133.00587505102357,16.24435856886199,22.10066396905748,73.72102038731546,414.71832748588014,-3.6503003086593973,-1.2730351437873788,11.405804376843763,80.3524158885084,97.498242505974,110.19861053076367,2,-8.953652935509652,0.9921157956123352,11.299127082746736,9.74413493948525,0.00788420345634222,93.24972530866528,15.60425952772572,-7.799026459142738,-4.728548613970148,11.299127082746736,27.326802779463613,30.397280624636203,33.96737468358532,62.665938628906865,67.58300242859355,93.24972530866528,118.916448188737,123.83351198842368,129.55066128697155,11.945242262005703,12.192267396957972,96.11932265939502,52.532061486639996,-7.766054612562878,-4.691171783138197,11.396180007445075,28.08769460041185,31.89960143453483,39.14355315916594,2,-4.654536628653365
208,390,set,0.952,5.64443661749233,109.35451311540001,107.2458399606,107.4964475111,108.03226686236667,0.01834699511528015,9.075823625377467,6.078608850422626,0.9816530346870422,106.0205324300518,11.90925534079272,-2.838030797557302,-0.9225981890595119,9.075823625377467,19.07424543981444,20.989678048312236,23.21678240168398,82.67882087940677,86.4315505884577,106.0205324300518,125.6095142716459,129.36224398069683,133.72560327351448,104.24189149081828,17.583297577870873,139.9061180571102,169.26655949796975,76.61827744338032,84.00285686815361,105.74153955803628,125.50245186680233,129.2678309984822,133.64281180358793,2,3.790375371548393,0.007301551289856434,12.11980053455595,6.086997415939287,0.9926984906196594,104.0644919057761,13.585070672561143,0.1895048253265692,2.107580757703971,12.11980053455595,22.132020311407924,24.050096243785326,26.2802740324184,77.43824266012493,81.71903913762182,104.0644919057761,126.40994467393037,130.69074115142726,135.66809218358327,103.39315738719158,15.644553598050418,183.47715505800784,61.27535024306269,75.52472991594836,80.74231352142478,103.93925605449478,126.36167310991814,130.64818561264323,135.6307773944908,2,4.63910947517509,0.017565671354532242,7.701061010023295,3.9190572024138506,0.9824343323707581,108.08758722178456,11.961515287869636,0.01985003993984602,1.254785556402581,7.701061010023295,14.147336463644006,15.382271980106744,16.8181514011032,84.64344805703482,88.4126454166967,108.08758722178456,127.76252902687241,131.5317263865343,135.9142328820271,106.32423089658327,17.740974288348134,140.8343813698561,173.90782944379484,79.03129965518927,86.09954438631894,107.81951951200014,127.65962777172422,131.44098375555055,135.83467645033718,2,1.7080359657833952,0.022312631830573082,13.490983799544587,6.85950999271019,0.9776872992515564,105.69042183150009,14.071533022039885,0.04659126224000332,2.2080939089253597,13.490983799544587,24.77387369016381,26.935376336849167,29.44859028804784,78.11072390103584,82.54480970343036,105.69042183150009,128.83603395956982,133.27011976196434,138.42570276181806,103.63320243174853,19.495697989962117,194.63982094122645,185.44167900764032,66.62290577458792,78.86874274723007,105.28788017082367,128.6817875884376,133.13413108358364,138.30643561150697,2,4.3990644306181395,0.023445619270205498,13.532847881419848,12.364845793368747,0.9765543937683105,105.74195302284258,12.07690137386315,-10.701804547974493,-6.805513568498398,13.532847881419848,33.871209331338086,37.767500310814185,42.29778060566606,82.0716612852285,85.87721799570855,105.74195302284258,125.6066880499766,129.41224476045664,133.83702685893002,103.58005482916859,18.45777427480559,146.0165557919314,194.67301527573625,70.12181181224031,82.50871838786469,105.37850067109241,125.46750841861832,129.2894939806141,133.7294582440469,2,4.45221203319808
209,392,set,0.952,106.18931877739999,103.1432386254,104.323020794,104.3437684753,103.9366759649,0.0057831681333482265,99.12780892942976,9.67755401159584,0.994216799736023,113.23290050875673,12.378838189817687,80.16015160826079,83.20964911343756,99.12780892942976,115.04596874542194,118.09546625059873,121.64116613022115,88.97082348626506,92.87152361478971,113.23290050875673,133.59427740272375,137.4949775312484,142.03038441473467,113.15132475437291,12.411100072485374,152.89106547552683,1.1439281581353955,88.82310639975375,92.72755350001607,113.15593779276614,133.5596116407128,137.46435049014966,142.00351298683105,2,-9.214648789472903,0.04401673376560211,101.39250113094576,9.498676692948445,0.9559832811355591,108.21370348430386,11.964808290205925,82.77543691197678,85.76856832131008,101.39250113094576,117.01643394058142,120.00956534991474,123.48972746178765,84.76311015357399,88.5333451723796,108.21370348430386,127.89406179622813,131.66429681503374,136.04800981353065,107.91345804886464,11.949245984802385,140.82675555242056,1.9578975816027397,84.63143795924371,88.34509072841755,107.86538093080726,127.64650134621229,131.44018742790635,135.84823368749184,2,-3.976782083964636,0.00027923061861656606,92.60504708258912,10.172405642461317,0.9997207522392273,110.45105231250749,10.338281328840955,72.66749838723291,75.872928766765,92.60504708258912,109.33716539841325,112.54259577794534,116.26960132281006,90.18839324593631,93.44609277231875,110.45105231250749,127.45601185269621,130.71371137907866,134.50149110309275,110.44606726805813,10.342544300659377,106.87910899691657,0.0889045084469182,90.16954965570817,93.43253604634454,110.44772095154498,127.4546404695755,130.71253026840617,134.5004608681504,2,-6.509391303158125,0.0071161240339279175,99.35630606632446,9.717652757870823,0.9928839206695557,113.4956219621065,10.676406092861095,80.31005664663132,83.37218968208566,99.35630606632446,115.34042245056327,118.4025554860176,121.96294690026437,92.57025053577475,95.93449667745712,113.4956219621065,131.05674724675586,134.42099338843823,138.33265657863058,113.3950099100869,10.735849765884407,113.84651149331292,1.4125335188637775,92.29003015814394,95.70522519541265,113.4139122788744,131.0201673503538,134.3885839584124,138.30414108611086,2,-9.458333945186894,0.06727627664804459,101.47798460811555,12.19523899216808,0.9327237010002136,112.3567356723606,10.044829720862948,77.57575540060756,81.41860152030786,101.47798460811555,121.53736769592324,125.38021381562353,129.84835291096573,92.6692311886317,95.83446107388923,112.3567356723606,128.87901027083197,132.0442401560895,135.72450393859236,111.6248512948085,10.56137749871385,104.11610661260418,7.42630955262933,90.25898963746333,94.0345253965654,111.8088412988213,128.62452251926697,131.81901478438738,135.52838158153455,2,-7.688175329908489
210,393,set,0.494,104.3437684753,102.7209231734,103.29578634789999,104.89066354559999,103.6357910223,0.8990184664726257,103.57392046207771,7.032720483858874,0.10098160803318024,116.75329467854812,26.914086073893284,89.79004160037721,92.00612466686653,103.57392046207771,115.14171625728889,117.35779932377821,119.93447480842627,64.00265529690624,72.48356258382063,116.75329467854812,161.0230267732756,169.50393406018998,179.36482159830194,104.90480258018634,11.549051455846733,117.61254423817994,15.768865229322223,87.71128629464943,90.9759302898972,103.93652208530243,121.02667483952197,135.11564297757033,151.39459616313277,2,-1.2690115578863441,0.9864381551742554,104.09821797666027,7.370533128527141,0.01356183085590601,110.06145577436092,21.018266056197508,89.65223849788774,91.97476982763641,104.09821797666027,116.22166612568411,118.5441974554328,121.24464205075697,68.86641128673307,75.48948461959341,110.06145577436092,144.6334269291284,151.25650026198875,158.95725433022076,104.17908894479092,7.749520219298806,59.57919087365883,0.47572113705572716,89.40521165365499,91.83193891127232,104.12645638040324,116.55709222482037,119.12133509245903,122.47700789868905,2,-0.5432979224909218,0.26703080534935,101.01014060749814,8.638155049389837,0.7329691648483276,113.1324610740196,13.086011873276018,84.07966781782125,86.8016399443401,101.01014060749814,115.21864127065619,117.94061339717504,121.10549424228134,87.48434910113508,91.6078869819315,113.1324610740196,134.65703516610768,138.78057304690412,143.57507697508848,109.89542470553138,13.198633097077494,145.44158729477536,28.761968413713834,86.00738059353137,89.45876761066145,109.16094971399143,132.62491904139995,136.9968591308058,142.01870612879222,2,-6.259633683231385,0.8342130780220032,101.74779603866935,6.42408345248335,0.1657869815826416,118.15806084040634,18.94946454148636,89.15682383812225,91.18111907201317,101.74779603866935,112.31447300532552,114.33876823921645,116.69244892101493,81.01779281277425,86.98896536055418,118.15806084040634,149.3271563202585,155.29832886803842,162.24110739070542,104.46841037176242,11.454331526608042,93.95816802766535,37.24419319793634,88.34517545689229,90.8603891873442,102.68834711139846,128.01444965895524,137.73333605316427,147.56963467532287,2,-0.8326193494624192,0.9847724437713623,103.31445192234014,8.198341657355002,0.015227519907057285,108.72971981388073,20.905988993931494,87.24599754096991,89.82937991225242,103.31445192234014,116.79952393242786,119.38290630371036,122.3866466075884,67.75473432458423,74.34242799220495,108.72971981388073,143.1170116355565,149.7047053031772,157.3643228646345,103.39690926941645,8.560654305919675,72.84466472242725,0.4397491118924336,86.96798706061776,89.66573227226263,103.34673713278842,117.17374262743317,120.01387161860663,123.68354454475653,2,0.23888175288354319
211,394,set,0.385,104.89066354559999,102.73767127389999,99.51823223773711,99.607744701366,100.62121607100103,0.9922032356262207,105.30201077419458,6.366692864592481,0.007796750403940678,117.98774675957344,35.874291024811654,92.82352205896517,94.82973292418359,105.30201077419458,115.77428862420558,117.78049948942399,120.1131531844103,47.67542838003408,58.97978905309932,117.98774675957344,176.99570446604753,188.3000651391128,201.44382741786643,105.40091682031077,7.176208473330681,50.25288090414861,1.2449319526793305,92.6334342991278,94.72667806121507,105.31931896134195,116.01096165302118,118.21308918479887,121.1417737144262,2,-4.77970074930974,0.9989802241325378,105.47322112435901,6.910830002381116,0.0010197085794061422,110.86455318413522,25.876985054621954,91.92824321641316,94.10591732969738,105.47322112435901,116.84052491902065,119.01819903230486,121.55021580825598,60.14659444859493,68.30070046247124,110.86455318413522,153.4284059057992,161.58251191967548,171.0634223525416,105.47871161482678,6.958738432566223,48.39368284558531,0.02960909662031654,91.90313371509815,94.09134603167719,105.47468083197576,116.86526432827607,119.06115115994174,121.63859937156954,2,-4.857495543825749,0.8348014950752258,104.30058585588658,8.161585308451352,0.16519847512245178,114.83115203397415,14.758592188184073,88.3041725945707,90.87597265960652,104.30058585588658,117.72519905216663,120.29699911720246,123.28727248700534,85.90484288261916,90.5554281445419,114.83115203397415,139.1068759234064,143.75746118532913,149.16477159479194,106.04021622228304,10.338451177973928,91.59023693117625,15.293000715144313,88.02767918402854,90.84372042858132,105.27959319682604,124.12582853822038,130.27719118390033,137.7247675354515,2,-5.419000151282006,0.9788399934768677,102.98579310829669,5.635313108417164,0.02115996740758419,120.32076732782728,23.647512228962654,91.94078237419258,93.71652790290953,102.98579310829669,112.25505831368383,114.03080384240079,116.09549177761744,73.97249503508998,81.42407106963876,120.32076732782728,159.2174635860158,166.66903962056458,175.33310712802933,103.35259656944751,7.010135893378352,42.91753678640441,6.2240506343565976,91.74982556045948,93.62107536482277,103.06738506488917,113.00942196554266,115.53204627640356,122.62443657766626,2,-2.731380498446484,0.9989030361175537,104.52074453816974,7.157930454865627,0.001096922904253006,108.25757486586413,28.51327395716632,90.49145864279069,92.7469966680176,104.52074453816974,116.29449240832187,118.55003043354877,121.17258083437858,52.37258482849426,61.35741278115813,108.25757486586413,155.1577369505701,164.142564903234,174.58936911806205,104.52483926987422,7.217154452190139,52.07157016107038,0.01530052082323539,90.45853858047306,92.72829906529891,104.5217716949333,116.32054164986005,118.59551413453433,121.26705541603752,2,-3.9036231988731913
212,395,set,1.378,99.607744701366,114.3941337773,114.3412645389,114.3063678134,114.34725537653334,0.00040223897667601705,87.71413683871724,10.456225218605677,0.9995977282524109,112.72435786274309,10.306856780241802,67.22031199601065,70.51517686367222,87.71413683871724,104.91309681376224,108.20796168142382,112.03895414651278,92.5232897796567,95.77108710529299,112.72435786274309,129.6776286201932,132.9254259458295,136.70169222150204,112.71429408295181,10.319130815670736,106.23254069062169,0.2515037618421965,92.4768651303537,95.74167541593575,112.71924743313721,129.6756657500492,132.923669345566,136.7001551355287,2,1.6329612935815305,0.0012084736954420805,91.02867827376643,10.96923990496601,0.998791515827179,107.92160272315382,9.913235620544231,69.52936312225349,72.98588423118227,91.02867827376643,109.0714723163506,112.52799342527938,116.54694620652806,88.49201793662755,91.61578115787711,107.92160272315382,124.22742428843053,127.35118750968009,130.98323733387284,107.90118693758212,9.931941256835454,98.29888868093373,0.3444464636726576,88.41322290382358,91.56090996711603,107.90843187504642,124.22179792251046,127.34616189764121,130.9788358914169,2,6.446068438951215,1.4283759810496122e-05,80.02341578672171,9.8724460596487,0.9999856948852539,111.22152322782989,10.517709151574568,60.67377707049589,63.78468707862577,80.02341578672171,96.26214449481765,99.37305450294754,102.99015968916834,90.60719209087641,93.92143118264177,111.22152322782989,128.521615273018,131.83585436478336,135.6893735523753,111.22107522642818,10.518373551276936,110.62201550314902,0.013902497773697961,90.6050011970715,93.92013174750984,111.22133549996114,128.5215870739585,131.8358334014281,135.68938738219953,2,3.1261801501051565,0.00030699113267473876,89.57369525801995,11.293201895459813,0.9996930360794067,115.33373005053866,9.662711161500052,67.43942627277924,70.99803116037764,89.57369525801995,108.14935935566227,111.70796424326066,115.84561147863688,96.39516418098536,99.43998455036082,115.33373005053866,131.2274755507165,134.27229592009195,137.81255761856502,115.32582508675083,9.673766973792008,93.37847893390519,0.20365045125702114,96.35938712211669,99.41808544204372,115.33009472362653,131.22607018215135,134.27106735771287,137.81148123000364,2,-0.9785697102174851,0.0042501771822571754,91.85976047643861,15.05220057170809,0.995749831199646,115.0692303759273,8.771278248184709,62.35798946781753,67.10109377246353,91.85976047643861,116.61842718041368,121.36153148505967,126.87641527606806,97.8778409111057,100.64176153640013,115.0692303759273,129.49669921545447,132.26061984074892,135.47427488121247,114.97058698104736,8.935934930678865,77.5712912990911,2.2797525802085508,97.4616283823094,100.39475167377654,115.02811450679823,129.48087871286936,132.2470267023159,135.46293182760445,2,-0.6233316045140214
213,396,set,1.153,114.3063678134,118.9616126341,118.34498794769999,118.2904195406,118.53234004080001,0.0017677710857242346,102.78742837451918,10.913712011005364,0.9982323050498962,113.68451143959636,11.343410158907206,81.39694589530646,84.83596958971316,102.78742837451918,120.7388871593252,124.1779108537319,128.1765191092155,91.45183606627246,95.02626209771967,113.68451143959636,132.34276078147306,135.91718681292025,140.07322954714343,113.66525654667599,11.351855306017427,128.6560571425952,0.20954540242757586,91.4091603076154,94.98962977388354,113.66736027732819,132.33371938636697,135.90900288733033,140.0659191091853,2,4.867083494124017,0.013272351585328579,106.69773406528931,11.072929389835037,0.9867276549339294,109.0154665122619,10.90787838577962,84.99519125785756,88.48438599744159,106.69773406528931,124.91108213313703,128.40027687272107,132.4572198107364,87.63641772839094,91.07360318706671,109.0154665122619,126.95732983745708,130.39451529613285,134.39098620531635,108.9847054630449,10.913305500650381,119.02996314087495,0.07035124321896813,87.59297867851598,91.03282184693782,108.98536860557321,126.93435227555864,130.3726299407327,134.37026319706385,2,9.547634577755105,6.094349373597652e-05,95.85366261086581,11.24039645538719,0.9999390840530396,111.616775139554,10.3758709505097,73.82289038635523,77.36485573284972,95.85366261086581,114.3424694888819,117.8844348353764,122.00273500823201,91.2804417683196,94.54998617382769,111.616775139554,128.68356410528028,131.95310851078838,135.75466046659434,111.61581755508658,10.376639086100157,107.65983984798652,0.015142055421149212,91.27698152114891,94.54748775518662,111.61610966840738,128.6832709564502,131.95285460907178,135.75447532549356,2,6.916522485713429,0.0018030839273706079,104.23069689238935,11.12377119829713,0.9981968998908997,114.98332024019393,10.007505686991324,82.42850597146301,85.93372149149198,104.23069689238935,122.5276722932867,126.03288781331568,130.1084583708646,95.36896951861117,98.52243821420876,114.98332024019393,131.4442022661791,134.5976709617767,138.26425981957783,114.96393049722943,10.02003035834248,100.19269980667045,0.20809470628106977,95.31096866284385,98.47798410414102,114.96824063917022,131.4367480664641,134.5909572911541,138.25828558111786,2,3.5684095435705814,0.030305637046694756,106.3901934184025,13.259441420667075,0.9696943759918213,114.91768354493095,9.414009307662,80.40216577877642,84.58035310626768,106.3901934184025,128.2000337305373,132.37822105802857,137.23626677834042,96.46656435178858,99.43301619106819,114.91768354493095,130.4023508987937,133.36880273807333,136.81794408401115,114.65925402259316,9.664507597008967,91.26589712090959,2.136981385771597,95.46098120628297,98.72985324249392,114.74387859542313,130.36065613390232,133.3488298823195,136.82735774732313,2,3.8730860182068483
214,397,set,0.647,118.2904195406,120.323028829,116.82439517670001,116.6108683661,117.9194307906,0.48440107703208923,113.88477179732745,7.973299309433119,0.5155989527702332,119.0296698796572,22.90309325734074,98.25739231288044,100.76986150943671,113.88477179732745,126.99968208521818,129.51215128177444,132.4334396949185,74.14043196070719,81.35743386691246,119.0296698796572,156.70190589240192,163.91890779860722,172.31023218783093,116.53747925471694,17.546054220730973,301.25337005116955,6.61105341052896,81.01331202134288,89.15759679345862,115.27640755913387,148.78119193188945,157.04201119548264,166.35689359762807,2,1.3819515358830614,0.9363715648651123,116.51257334428507,8.345944044248524,0.06362844258546829,113.44506435406343,18.536000895102426,100.1548236005714,102.78471701276885,116.51257334428507,130.2404296758013,132.87032308799874,135.92814252848643,77.11517018226047,82.95605605257846,113.44506435406343,143.9340726555484,149.7749585258664,156.5662506296041,116.31739339270666,9.36188826620425,87.084429346319,0.560623366959965,97.93615357662344,101.4743200086937,116.42188249482135,130.96300591156444,134.07601322588798,138.27933187831474,2,1.6020373978933407,0.03628276288509369,110.79099610238339,9.950324133161802,0.9637172222137451,116.91698266598435,12.739440558263295,91.28871916688652,94.42416936260943,110.79099610238339,127.15782284215734,130.29327303788025,133.9389114955816,91.94813798859944,95.96246765839227,116.91698266598435,137.8714976735764,141.88582734336924,146.55335312516982,116.69471320586115,12.700772403299815,159.99721060717326,1.312206114362685,91.9158685311971,95.8828360923771,116.65005124684352,137.65807836889414,141.69142796846512,146.3793788778241,2,1.2247175847388547,0.4707682132720947,113.45352307484725,7.222731013883221,0.52923184633255,121.50992487758701,17.06407323472552,99.29723041761567,101.57318777016656,113.45352307484725,125.33385837952795,127.60981573207884,130.25610801376334,88.06495590797108,93.44202212688319,121.50992487758701,149.57782762829083,154.95489384720292,161.20689536966793,117.71723423806503,13.958229854364877,178.66206494240353,16.170941687137056,92.66224780306865,97.70299318848578,116.05918938497086,143.92782490564662,150.0452561898349,156.95401314169118,2,0.20219655253497137,0.9075964093208313,114.76010622443877,8.792116510142764,0.09240353107452393,112.83471352973288,18.381884090543636,97.52787451667896,100.29836149415053,114.76010622443877,129.22185095472702,131.99233793219858,135.21362777612876,76.80688274427754,82.5992048132006,112.83471352973288,143.07022224626513,148.86254431518822,155.59737050463423,114.58218630050749,10.084277042453824,101.38096143051554,0.3108994844505004,94.65783723561198,98.57281082685242,114.67084052405535,130.38265346069974,133.90296169213488,138.8746973928857,2,3.337244490092516
215,398,set,0.494,116.6108683661,120.8602640216,122.57904847030001,121.4856479892,121.6416534937,0.949738085269928,114.61357334743447,6.941855811349549,0.05026194080710411,120.52205853846365,31.87794061473443,101.00778597131927,103.195236638362,114.61357334743447,126.03191005650693,128.21936072354967,130.76274485606555,58.042443032277525,68.08751229857407,120.52205853846365,172.9566047783532,183.00167404464977,194.68123791635128,114.91054826914745,9.925206801712562,96.84361244797665,1.6664619412349762,99.16308849057368,102.26613012270016,114.68052199171467,127.58679082070174,131.64329416912545,147.47242538515493,2,6.73110522455255,0.9961546063423157,116.42737907862481,7.526733114998671,0.0038454087916761637,114.27541636926104,23.501155455996336,101.67525325198244,104.04700481532349,116.42737907862481,128.80775334192612,131.17950490526718,133.93717865917478,68.21399808043122,75.61945557991507,114.27541636926104,152.931377158607,160.33683465809085,168.94727940182142,116.41910566431386,7.65344584933382,58.55769909353047,0.017739392319220663,101.53899004012828,103.96713243863113,116.42472521652594,128.86961112011744,131.28535469987278,134.15000977766564,2,5.222547829386144,0.4341031312942505,113.25984872178876,9.139327813000845,0.5658968091011047,118.76490103789837,14.511207535280537,95.34709536540188,98.22699222067584,113.25984872178876,128.29270522290167,131.17260207817563,134.5211045497256,90.32345689656226,94.89608869204663,118.76490103789837,142.6337133837501,147.20634517923446,152.52301783736368,116.37513351059678,12.762009183255854,155.42327020727112,7.4448009502955665,92.52031623312405,96.52064990655275,115.74883117623806,138.5661205915977,143.54902294241327,149.31281593137913,2,5.266519983103223,0.9190709590911865,113.38868242710556,6.078194361650297,0.08092905580997467,123.87614463635124,21.970964562109444,101.47564038723655,103.39094238602908,113.38868242710556,123.38642246818205,125.30172446697458,127.52867695833775,80.81384538901088,87.73712388874324,123.87614463635124,160.01516538395921,166.9384438836916,174.9882513360412,114.23742453116564,9.011186709469888,73.02090763439392,8.180772741506349,100.1730711141039,102.72114751724652,113.6295957557694,126.61961663193263,134.9742353950575,149.30422854331414,2,7.404228962534361,0.9941709637641907,114.64810405628083,7.506275695919508,0.005828999448567629,111.94663375183998,26.183237135377176,99.93607403425025,102.30137925294994,114.64810405628083,126.99482885961172,129.3601340783114,132.11031256344762,60.62843196782901,68.87904118438433,111.94663375183998,155.0142263192956,163.26483553585095,172.85795179723186,114.63235296977841,7.749494028908216,60.01188256363656,0.042291734889583286,99.70695751520516,102.16950833548964,114.64357887489756,127.0949660591136,129.53447776604477,132.4711387345334,2,7.0093005239215955
216,401,set,0.299,22.4152222671025,22.4332342083491,22.6883055624692,23.1749549189189,22.7654982299124,0.9995155334472656,22.99095478558521,6.645994584705465,0.00048442636034451425,96.1807236029061,25.949058853582308,9.965044758114262,12.059266488232577,22.99095478558521,33.92264308293784,36.01686481305616,38.45185015860171,45.32150281717454,53.498320031614014,96.1807236029061,138.86312717419815,147.03994438863765,156.54726150029796,23.02640891484642,6.860593790985776,44.47403575905079,2.5936900952333835,9.966193451161647,12.060619932006038,22.99497256688489,33.95241309621165,36.07081493523229,38.57281176634781,2,-0.2609106849340215,0.9979106783866882,22.95721726077985,6.845922062852556,0.0020893418695777655,88.4282945506088,24.010650209207206,9.539456576620685,11.696677525869713,22.95721726077985,34.21775699568998,36.37497794493901,38.88321349754618,41.368284895173545,48.93428946853118,88.4282945506088,127.92229963268639,135.48830420604403,144.28541961913623,23.09400918883535,7.543899547035765,47.97325863458993,8.937172544516985,9.545175057438822,11.703287784484507,22.975066197231246,34.35025100585763,36.618887208689664,39.45805618019474,2,-0.32851095892295135,0.9980644583702087,22.958076304867575,5.065726431594559,0.0019355484982952476,88.34690012329659,13.057760776710946,13.029434943409631,14.625697810715323,22.958076304867575,31.290454799019823,32.88671766632552,34.74271821948007,62.75415928220337,66.86879494985891,88.34690012329659,109.82500529673426,113.93964096438981,118.72379414593198,23.08463970230227,5.84822499646064,25.94193613729262,8.259803132164404,13.033518730667343,14.630374264038261,22.97038889071575,31.382369953183794,33.05618479015763,35.14254931385789,2,-0.31914147238986956,0.9961485862731934,22.799296322652573,7.185752029386836,0.0038514193147420883,88.91967206400949,20.366212936628223,8.715481143218767,10.97978603474173,22.799296322652573,34.61880661056341,36.88311150208638,39.5158552796013,49.00262820674443,55.42023284793055,88.91967206400949,122.41911128008842,128.83671592127453,136.2985682313976,23.053953742281838,8.355049295338045,53.03366618614459,16.773185511286858,8.72716045016962,10.993094363344031,22.83407556221977,34.881614748294666,37.376076281279694,40.7649101457045,2,-0.28845551236943834,0.9998753070831299,24.01158220273421,8.42892985073324,0.00012466145562939346,89.14089166574098,18.73467917997195,7.491183267082484,10.147226366436103,24.01158220273421,37.87593803903231,40.53198113838593,43.620205241426866,52.42159521108356,58.325086666791876,89.14089166574098,119.95669666469007,125.86018812039839,132.7242727469059,24.01970056182184,8.462298661868262,71.08175408898643,0.5287264022335005,7.491589073573365,10.147615261456483,24.01289888590933,37.88570642749167,40.549601487979395,43.659263204108065,2,-1.2542023319094397
217,402,set,1.378,23.1749549189189,106.258238334,103.7338695129,104.9562767894,104.98279487876668,0.0005087718018330634,24.23846720022427,5.865330753347137,0.9994912147521973,111.57158942053951,10.527963274501746,12.742630166248697,14.590856637311218,24.23846720022427,33.88607776313732,35.73430423419984,37.883266928819744,90.9371605719557,94.25463084406341,111.57158942053951,128.8885479970156,132.20601826912332,136.06329440215669,111.52715529039958,10.708769960830594,110.79912078538227,3.878466043516355,90.84698948823387,94.20505197961337,111.56487302006404,128.88597063404663,132.20375091642384,136.06136454495143,2,-6.544360411632894,0.00039526517502963543,27.290023741736803,6.114153947162579,0.9996047616004944,111.59361817442915,11.731987298069667,15.306502209364732,17.23313544600677,27.290023741736803,37.34691203746683,39.27354527410887,41.513672778276884,88.59934560313121,92.29621631585064,111.59361817442915,130.89102003300763,134.58789074572707,138.88630188356768,111.56029888739768,11.849373216754888,137.59990168612737,2.8080771839657745,88.52139226611766,92.25330610532586,111.5878035592246,130.88881933958234,134.58591478258452,138.8846243298262,2,-6.577504008630996,0.00013413411215879023,19.93667507431458,4.096203547224475,0.9998658895492554,114.555834130818,11.89399513844431,11.908263648409392,13.199019812930914,19.93667507431458,26.674330335698244,27.965086500219762,29.465869488038784,91.24403202717265,94.99195308840468,114.555834130818,134.1197151732313,137.86763623446333,142.22540443499003,114.54314518447778,11.943651080718656,141.4503987547021,1.2007128241299654,91.2172989513826,94.97721156554088,114.55383399262902,134.11895414179963,137.86696011980885,142.22484761987835,2,-9.560350305711097,0.0004465736565180123,28.364799571215578,6.925476704076874,0.999553382396698,115.75259994771469,12.398490255064605,14.791114655453743,16.9734040961468,28.364799571215578,39.75619504628435,41.93848448697741,44.47586757846418,91.45200558511723,95.35889828294918,115.75259994771469,136.1463016124802,140.05319431031214,144.5958013939003,115.71356977121098,12.533343778873075,153.67532407068572,3.408793777545041,91.3588506998719,95.30764363816219,115.74565813020195,136.14367938798765,140.0508973017079,144.593825302189,2,-10.730774892444302,0.0005347858532331884,28.588606327391282,14.161373284474596,0.9994651675224304,112.9074860178846,10.907010035380942,0.8328247181933754,5.295220117809553,28.588606327391282,51.881992536973,56.344387936589186,61.53288696122752,91.530139169521,94.96705100199213,112.9074860178846,130.84792103377703,134.28483286624817,138.28098562583517,112.86238820962905,11.081841201621803,119.00649106447834,3.8001194564786536,91.43190238888998,94.91307349658459,112.90017221546215,130.8451877797301,134.2823679037113,138.2789387704004,2,-7.879593330862363
218,403,set,0.893,63.86980778381349,128.9526235798,130.5677687195,130.47960518949998,129.99999916293334,0.0036835630889981985,63.87023102422338,8.100018334553981,0.9963164329528809,107.8796126481457,10.720536619387813,47.994486814383464,50.546886488258835,63.87023102422338,77.19357556018792,79.7459752340633,82.71369145650486,86.86774697920279,90.24589910687956,107.8796126481457,125.51332618941181,128.8914783170886,132.81931022123553,107.71750088742562,11.038859472636915,114.74823306370848,7.10813946660104,86.1647799016663,89.87037243978342,107.82993642615844,125.49417430529152,128.87457509104198,132.80452408853571,2,22.28249827550772,0.006484056822955608,63.40799049660323,7.598913578599919,0.9935159683227539,102.70125766207923,11.318467097949958,48.51439356091501,50.90888993595236,63.40799049660323,75.90709105725409,78.30158743229146,81.08570694519923,80.51746978989573,84.08403600448533,102.70125766207923,121.31847931967312,124.88504553426273,129.03194953279632,102.4464804675147,11.730192169677453,127.65145513362002,9.946217115239413,79.15848420922451,83.3704858877066,102.60867574700322,121.28277011831655,124.85356079276215,129.00431220201872,2,27.55351869541863,0.0005416857893578708,57.47178180525286,7.057430171172289,0.999458372592926,105.08675723365235,9.969684839288966,43.63947284634882,45.86334219124337,57.47178180525286,69.08022141926234,71.3040907641569,73.8898194801512,85.54653401143098,88.68808496618479,105.08675723365235,121.48542950111991,124.62698045587372,128.27971236438944,105.06097101330705,10.02968362324162,99.36776086450462,1.2274371302343878,85.45557942298596,88.63809749736478,105.07998439569032,121.48284578653809,124.62470872251588,128.27767808764662,2,24.93902814962628,0.004891155753284693,63.54219752268879,8.719624643059715,0.9951087832450867,106.32971671462647,10.289484761177727,46.45204726358382,49.199691302896575,63.54219752268879,77.884703742481,80.63234778179375,83.82707777350488,86.1626971632444,89.40502038574138,106.32971671462647,123.25441304351156,126.49673626600854,130.2666377137679,106.12042980767616,10.70696076207893,105.72753006950387,8.910791718572545,85.24824236820152,88.92164423236854,106.26633087036016,123.22998515943816,126.47521150056903,130.24777148597818,2,23.879569355257175,0.016642026603221893,65.83225801198545,13.265743940790703,0.9833579659461975,107.2070498509819,8.997241205020607,39.83187765990522,44.01205097676633,65.83225801198545,87.65246504720454,91.83263836406567,96.69299322621406,89.57278112892175,92.40790502234651,107.2070498509819,122.00619467961728,124.84131857304205,128.13776280051425,106.5184886657398,10.514126013685978,82.53183404585516,28.01492725012153,86.12692250698667,90.83743116315873,107.01656096643202,121.93292863952767,124.77669397352423,128.08115192265657,2,23.48151049719354
219,404,set,0.17,130.47960518949998,129.9773865342,129.9994033027,130.0054030245,129.99406428713334,0.9999940395355225,131.33993773865234,4.853255120091461,6.004920123814372e-06,128.80567750240738,97.10325111802507,121.82773249548846,123.3570434518491,131.33993773865234,139.32283202545557,140.85214298181623,142.63029746945494,-61.51319747067055,-30.914957287855827,128.80567750240738,288.5263122926705,319.12455247548525,354.7016193032789,131.33992835942385,4.85899549353761,23.610565507722654,3.856625154516282e-05,121.8248065381112,123.35408886319007,131.33997319175626,139.3272260598013,140.85793018475582,142.6326642200848,2,-1.3458640722905102,0.9999997615814209,133.34535898057092,6.123540435561151,2.95119065185645e-07,122.37817219097458,53.45484876814186,121.34344026899635,123.27303128535416,133.34535898057092,143.41768667578768,145.3472776921455,147.59084425444172,17.608593806381236,34.45277031655398,122.37817219097458,210.30357406539514,227.1477505755679,246.73274597991605,133.3453633046917,6.123529138605107,37.49858180516489,3.5496727645743166e-05,121.34169251351713,123.27202342311763,133.34535857014737,143.41875253154097,145.34902339615547,147.59227110510173,2,-3.351299017558347,0.9998952150344849,136.52374765467584,7.78786963200658,0.00010473425936652347,132.2045885207926,25.77855005608953,121.25980365964973,123.71384204424459,136.52374765467584,149.3336532651071,151.78769164970194,154.64104161640157,81.67955883719414,89.80264696348365,132.2045885207926,174.60653007810154,182.72961820439107,192.17446363963188,136.52328836814945,7.792115005532905,60.714157540183834,0.0019536272277252175,121.25525765810276,123.7111486551507,136.52361226985062,149.33552512394732,151.79052727792117,154.64695712503126,2,-6.52922408101611,0.9999583959579468,129.17437349789952,3.7327477206674637,4.157473085797392e-05,137.30425793190352,53.6694150734139,121.85832240201731,123.0345498710648,129.17437349789952,135.31419712473425,136.49042459378174,137.85804322220508,32.11413731668115,49.02592589203462,137.30425793190352,225.5825899717724,242.49437854712585,262.1579875889554,129.1747077094015,3.749108537676576,14.052577969122474,0.0027477684772447874,121.85575837780615,123.03164110895267,129.17438705195156,135.31502700116906,136.49439039147902,137.86270519950628,2,0.8193565777318383,0.9999995231628418,130.73310899508147,4.357222661540395,4.341324597589846e-07,115.89468583982486,106.55902428575209,122.19310950584054,123.56611549681159,130.73310899508147,137.90010249335134,139.2731084843224,140.86952467047854,-92.95716398797825,-59.37931174100453,115.89468583982486,291.1686834206542,324.7465356676279,363.78804544685056,130.73309697032232,4.357881965650794,18.990309767694566,9.558675445541482e-05,122.18388005926391,123.56376290799508,130.73316379473928,137.9076835175523,139.2818457412951,140.88112179948257,2,-0.7390326831889809
220,408,set,0.229,10.5912692566486,10.4217255459421,10.3547024017111,10.372712298302599,10.383046748651934,0.9999734163284302,9.394271268698134,6.5314432032171945,2.6615660317474976e-05,93.05632871319513,30.945849144746937,-3.407122176676495,-1.3489967733412147,9.394271268698134,20.137539310737477,22.195664714072763,24.588680278920954,32.403578918481486,42.154936508365,93.05632871319513,143.95772091802525,153.70907850790877,165.04713908146573,9.396498290111511,6.54754831237213,42.6841046335033,0.18628709376404157,-3.407512879912753,-1.3492855522385117,9.394487147546082,20.139577270034835,22.19907672043733,24.59558922219905,2,0.9865484585404225,0.9998149275779724,10.376845896241093,6.9498434896252705,0.00018511309463065118,84.99618147823288,28.436214839016852,-3.2445970416146093,-1.0546293744141142,10.376845896241093,21.808321166896295,23.99828883409679,26.54459952324742,29.26222453711639,38.22277036350472,84.99618147823288,131.76959259296103,140.73013841934937,151.14870941474834,10.390659334423292,7.033604638167534,48.441071310789404,1.0305272865126471,-3.244433534390292,-1.0540400490999629,10.378443923357331,21.820166674872297,24.01983604952777,26.59207273765143,2,-0.007612585771358482,0.9999302625656128,11.191654940411418,4.659800181210363,6.976018630666658e-05,84.95789674672315,14.392471893214958,2.0586144100858874,3.5269657114784216,11.191654940411418,18.85634416934441,20.32469547073695,22.03197118542527,56.74917018751682,61.284387152371394,84.95789674672315,108.6314063410749,113.16662330592948,118.43979313769633,11.1968011418146,4.701727516636732,21.726673819964596,0.3795706731051263,2.0586074655172477,3.526985960514469,11.192062128058133,18.85938376810388,20.33024542131357,22.04423804803516,2,-0.8137543931626663,0.9996567964553833,10.23502917127842,7.1233975984090465,0.00034325517481192946,84.71050923033933,24.24129925154166,-3.7265735691624293,-1.4819172046821123,10.23502917127842,21.951975547238945,24.196631911719265,26.806530030284936,37.198435758859894,44.83712023442501,84.71050923033933,124.58389822625364,132.22258270181874,141.1042042081511,10.260593793641851,7.268447435368907,50.927088911722045,1.9032446446146831,-3.7257313155018292,-1.4809951166429565,10.23808809401682,21.974570420909664,24.23743103908724,26.898098823037763,2,0.12245295501008258,0.999992847442627,11.045731984709398,7.69818614511788,7.154784725571517e-06,85.4371001736606,22.08059863206555,-4.042435606006885,-1.6166574170353236,11.045731984709398,23.708121386454117,26.13389957542568,28.954390957375033,42.15992209772773,49.11774742844785,85.4371001736606,121.75645291887332,128.71427824959346,136.8042538589154,11.046264263536969,7.700956365935788,59.26513438511328,0.039594836715093715,-4.04262363549074,-1.6168278422871467,11.045801116628034,23.708628564282666,26.134918030825553,28.956584648113076,2,-0.6632175148850354
221,411,set,1.226,10.4262262128256,112.4527726468,112.5968262332,112.4857874207,112.51179543356666,0.0016360213048756123,13.407169731385288,5.671633492446293,0.9983640313148499,110.11954147209278,10.912207967981768,2.290972352679427,4.078162810595554,13.407169731385288,22.73617665217502,24.523367110091144,26.601362248876548,88.7320068630375,92.1705566179092,110.11954147209278,128.06852632627636,131.50707608114806,135.5051332794987,109.96132376593997,11.584930010379008,118.93410426181606,15.277135334590382,88.42531146323782,92.00372990787183,110.09712913447036,128.0598929327241,131.49947124128795,135.4984867867929,2,2.550471667626695,0.0009764624992385507,16.87647654927951,5.832638040913476,0.9990235567092896,109.98569381278392,12.49294787947085,5.444716054230835,7.282640712987844,16.87647654927951,26.47031238557117,28.30823704432818,30.44522165580831,85.499965908285,89.43662318192058,109.98569381278392,130.53476444364725,134.47142171728282,139.04863655269395,109.89477826645594,12.82229864531827,155.95456848492503,8.45700604355384,85.2928914188026,89.32325717992619,109.97038948465757,130.52889821410258,134.46622609768247,139.04407083530018,2,2.617017167110717,0.0008119723061099648,10.635841961730414,3.7403860543475096,0.9991880059242249,113.44920208308599,12.001108629873006,3.304820006933416,4.483454394038204,10.635841961730414,16.788229529422622,17.96686391652741,19.337281107353753,89.92746139398207,93.70913502580076,113.44920208308599,133.1892691403712,136.97094277218991,141.36795563032425,113.3657180122182,12.348981901447372,143.9210194819528,8.576054741243013,89.76251902316196,93.61870533127268,113.43697948074372,133.184597967154,136.96682602615354,141.36431190022822,2,-0.8539225786515345,0.001713219447992742,18.207971977415127,6.601273465368434,0.998286783695221,112.77750119349022,13.190275485943678,5.269713733193077,7.3498433754053405,18.207971977415127,29.066100579424912,31.146230221637175,33.5648304695372,86.92503629487905,91.08142871994667,112.77750119349022,134.47357366703378,138.6299660921014,143.46267052822833,112.61548319133351,13.74975137211774,173.7599528940164,15.295749764048168,86.53626704596603,90.87009680049465,112.74913028949442,134.46266600290483,138.62032994712956,143.45421168877084,2,-0.10368775776684913,0.0015180453192442656,18.05458106511047,13.395022917292994,0.9984819293022156,110.95762774756022,11.597791725905283,-8.199181424872453,-3.9782709634970104,18.05458106511047,40.08743309371794,44.30834355509339,49.216064151483366,88.22637366458923,91.88095796257713,110.95762774756022,130.0342975325433,133.68888183053122,137.93812587268843,110.81659389645779,12.151526307687059,134.57695686012917,13.08232308975226,87.92451162676727,91.71654326950232,110.9355286978087,130.02581918123775,133.68144569131556,137.93161622296898,2,1.695201537108872
222,412,set,0.299,112.4857874207,115.5730260878,115.492298627,115.6794868457,115.5816038535,0.9994404911994934,113.28249598742156,5.775928603397168,0.0005594409885816276,121.31173195262706,50.643569721447065,101.96188394748837,103.78193887511097,113.28249598742156,122.78305309973214,124.60310802735474,126.71931521454624,22.05215925004761,38.01047261453506,121.31173195262706,204.61299129071904,220.57130465520646,239.12629270795452,113.28698018922336,5.900376249299325,34.777523371883454,0.036046217241592,101.94221804860973,103.77138411737924,113.28300463887959,122.79685302883169,124.6293419336953,126.77491990649119,2,2.294623664276642,0.9999443292617798,113.84337159925956,6.587960429618874,5.5627366236876696e-05,114.21343920181178,33.170449758688676,100.93120642563154,103.00714099238817,113.84337159925956,124.67960220613094,126.75553677288757,129.1692593389686,49.20055232378664,59.65290460862111,114.21343920181178,168.77397379500243,179.2263260798369,191.3794444789157,113.84338724753279,6.592464014677295,43.46001205239758,7.617770101785357e-06,100.92920033915958,103.00596044647699,113.8433754921948,124.681173385371,126.75811188516658,129.17380939214036,2,1.7382166059672102,0.9869786500930786,114.36043882610375,7.980767266035765,0.013021298684179783,120.02869233799987,17.65521583325447,98.71842241567745,101.23324484270923,114.36043882610375,127.48763280949825,130.00245523653004,132.92647978866077,85.42510516553978,90.98844654006018,120.02869233799987,149.06893813593953,154.63227951045997,161.10086615742358,114.43424099024459,8.205832863936179,66.92210726350766,0.4129149555295665,98.55851089194383,101.13795977132698,114.39348437373572,127.78265140510709,130.48387056483773,133.86125233900475,2,1.1473628632554096,0.9978194236755371,110.86089938328209,4.8651371315648815,0.0021805220749229193,125.65097553728138,31.270650850836496,101.3254058255664,102.8584609268113,110.86089938328209,118.86333783975286,120.39639294099776,122.17890080621521,64.36162609651504,74.21533206814982,125.65097553728138,177.08661900641295,186.94032497804773,198.39738766399827,110.89314345667287,5.1212093985801905,25.75017739924123,0.47594118257598766,101.28974465143506,102.8391407803997,110.86574581873475,118.91964763396832,120.49737610579542,122.40277309350597,2,4.688460396827125,0.9999336004257202,112.34406190858633,6.042675752103049,6.638657214352861e-05,110.16481595899631,43.694206580640845,100.50063506421087,102.4047447812479,112.34406190858633,122.28337903592474,124.18748875296178,126.4014277980094,24.525744727887215,38.29424178806231,110.16481595899631,182.0353901299303,195.8038871901054,211.81274054577148,112.34391577520508,6.05299341274191,36.6382498963165,0.0003152563986905186,100.49745818429214,102.40312882630464,112.3440440853052,122.28569714417074,124.19095620232156,126.40792362467486,2,3.237688078294923
223,414,set,0.952,22.340198327344698,115.0382220244,115.0467319825,115.0447201836,115.04322473016667,0.006781273987144232,25.530790217959506,6.601512565972851,0.993218719959259,106.43901862086864,11.073566514200103,12.592063345164117,14.672268330453337,25.530790217959506,36.38931210546567,38.46951709075489,40.88820494126435,84.73522707262768,88.22462257669822,106.43901862086864,124.65341466503905,128.1428101691096,132.1999865392279,105.89035711191516,12.891007481644946,122.08785621045757,44.090149803791874,83.30369070258612,87.48891486367776,106.34425972220437,124.61686390219833,128.11062359605097,132.17175043234752,2,9.152867618251506,0.003910036291927099,26.958593078770278,6.413437032756111,0.9960899353027344,103.42523424789351,12.410740223755601,14.388487477452866,16.409427914216497,26.958593078770278,37.507758243324055,39.528698680087686,41.87847868521725,79.10063038784996,83.01138317769659,103.42523424789351,123.83908531809044,127.74983810793707,132.2969333827005,103.12624396797169,13.280004299051837,153.58504772275538,22.773164368675754,78.2300835525393,82.54861514610295,103.36417671737863,123.81553011072684,127.72908964717195,132.27875146999054,2,11.916980762194981,0.0036641820333898067,22.205281653390315,4.6295070652617545,0.9963358640670776,106.97600708010725,11.123111166089725,13.131614539303554,14.59042016609705,22.205281653390315,29.820143140683577,31.278948767477075,32.97512557251905,85.17510979853606,88.68011733558015,106.97600708010725,125.27189682463435,128.77690436167845,132.85223309406,106.6653966426852,12.230407910187923,123.34879389658853,26.234608261383986,84.44744802505758,88.29228596077827,106.92473683710068,125.25213439917047,128.75948296944526,132.83694768600793,2,8.377828087481475,0.009046115912497044,28.146001042071326,7.385703131246339,0.9909538626670837,105.85546138163434,12.389862588943526,13.670288904323796,15.997600459053936,28.146001042071326,40.29440162508871,42.621713179818855,45.32771581974303,81.57177693390483,85.47595096478022,105.85546138163434,126.23497179848846,130.13914582936386,134.67859187508125,105.1524903284367,14.37869548981702,152.61348729202672,54.13315985029031,79.31719375083318,84.35303495156575,105.71370464294512,126.18038582178775,130.09099157777416,134.63635355785016,2,9.890734401729972,0.011974693275988102,29.077044478271795,13.042635873806354,0.9880253672599792,106.25247147025799,10.544265783676599,3.5139479021412363,7.62381755623402,29.077044478271795,50.53027140030956,54.64014105440235,59.41875271519001,85.58609029083384,88.90869765243721,106.25247147025799,123.59624528807875,126.91885264968212,130.78210175943562,105.32832583568168,13.503862552565053,111.88720206761245,70.46777336037948,82.8360837486828,87.60453799702763,106.09229707725906,123.53459984244161,126.8645222767195,130.734444546366,2,9.714898894484989
224,417,set,1.226,17.1141034930912,119.090477442,119.15248742130001,119.04846939379999,119.09714475236667,0.001227121101692319,19.71533377467066,5.897630453110663,0.998772919178009,110.14180789484668,10.680988377199048,8.156190492447118,10.014594933452129,19.71533377467066,29.416072615889192,31.2744770568942,33.43527384114317,89.20745535624562,92.5731454231843,110.14180789484668,127.71047036650906,131.07616043344774,134.98950249879863,110.0308480967813,11.135865865271656,113.98620480463683,10.021791422471145,88.9839653338533,92.45106792801131,110.12536014062637,127.70415441657481,131.07061074476832,134.9846407393103,2,9.066296655585376,0.000811268575489521,22.578264278880226,6.004572135721813,0.9991887211799622,109.46033108353257,12.094161001325745,10.809519150292717,12.70162202314645,22.578264278880226,32.454906534614,34.34700940746773,36.54698790134154,85.75621109770523,89.56720649556686,109.46033108353257,129.35345567149827,133.1644510693599,137.59555681727437,109.38984527158873,12.340920787789798,146.1793157994784,6.118887503344058,85.59015058968549,89.47614120658139,109.44802417818948,129.34874715083646,133.16030653853218,137.59189355643818,2,9.707299480777948,0.00050091661978513,16.232995257965605,4.012827233614879,0.9994990825653076,112.88180919010242,11.73124350906371,8.367998403898943,9.632481828424526,16.232995257965605,22.833508687506683,24.097992112032266,25.568227361778767,89.88899441846826,93.58563075556805,112.88180919010242,132.17798762463678,135.87462396173657,140.17276258726818,112.83339610093309,11.926354364889926,137.56120312388194,4.676714938157937,89.79005086844052,93.53121708743612,112.87444055819513,132.17518923134767,135.8721710378043,140.17063039413807,2,6.263748651433588,0.0013288295594975352,23.843621902701692,6.831820854152506,0.9986711740493774,112.69377875670028,12.640707757780456,10.453499079733108,12.606276592066234,23.843621902701692,35.080967213337146,37.23374472567027,39.73681382258725,87.91844681235452,91.90166475408148,112.69377875670028,133.48589275931909,137.46911070104605,142.1004623753844,112.57571244860445,13.042754501542882,159.63718434428148,10.476306379554744,87.63148170344571,91.74509037882598,112.67269827634408,133.47776651233167,137.4619617507346,142.0942284349055,2,6.521432303762225,0.0013384317280724645,24.059227651319887,13.655894562373854,0.9986615180969238,110.98475063289008,11.04003372823565,-2.705833867609236,1.5972799511323572,24.059227651319887,46.52117535150741,50.824289170249,55.82758893462418,89.34668213744075,92.82551111333508,110.98475063289008,129.14399015244507,132.62281912833942,136.66770962591028,110.86840118629199,11.492133660057833,121.96880278253853,10.099716536867636,89.09415283723955,92.68773313560365,110.96620703407525,129.13682704432162,132.61653570464242,136.6622921070633,2,8.228743566074684
225,419,set,0.647,18.1444274652924,90.9643310665022,91.0893650433631,91.086378123238,91.04669141103443,0.3799728751182556,20.772983128520437,6.895271998082294,0.6200270652770996,100.80977716447654,14.154360621238444,7.258498348671601,9.431269973657846,20.772983128520437,32.114696283383026,34.28746790836927,36.813784482192524,73.0677401226572,77.52792575945338,100.80977716447654,124.09162856949969,128.5518142062959,133.737743904102,70.39796041065568,40.63830042225749,142.2856208735654,1509.1855449430473,10.375779206275936,13.057742289572392,88.56955041405229,120.63681063801819,125.53713148162934,131.11737081689935,2,20.648731000378746,0.16912639141082764,21.79552335050478,6.690348462694994,0.8308736085891724,96.1526328612374,15.288323156621514,8.682681319599672,10.790879416071709,21.79552335050478,32.80016728493784,34.90836538140989,37.35960127328769,66.18807009024951,71.00557906706231,96.1526328612374,121.29968665541247,126.11719563222528,131.71859093429322,83.57688325394744,31.28449415438158,201.77266195197552,776.9469125435576,14.798437856534083,18.202821958298404,92.20904206472653,119.89977434126756,124.88693876384252,130.6430509371583,2,7.469808157086987,0.2949069142341614,19.11132269570755,4.807580461817052,0.7050930857658386,98.73258565250859,11.572352566987373,9.688638137767686,11.203556536226735,19.11132269570755,27.01908885518836,28.53400725364741,30.295427282335933,76.0511914048137,79.69775956033823,98.73258565250859,117.76741174467895,121.41397990020349,125.65390344437073,75.25172468649166,37.67581068171759,101.24173680272318,1318.224973721902,12.507235300498452,14.515391046474194,92.35812592857324,115.73271625731633,119.63272496718629,124.10156263926883,2,15.794966724542775,0.3141196370124817,22.596266979478706,7.589637334192606,0.6858803629875183,96.94664731152412,14.458128632839989,7.720851148740609,10.112424483085691,22.596266979478706,35.080109475871716,37.4716828102168,40.25240365661867,68.6092359073104,73.16514199086632,96.94664731152412,120.7281526321819,125.28405871573783,130.58128411914043,73.59173282988206,36.775855600953776,161.46881129453638,1190.9947438876684,11.911144530173669,15.022903242938412,88.1306333394484,117.97654769492615,122.87681520455727,128.48448835242684,2,17.45495858115237,0.6343003511428833,23.605643782558772,11.213904967461813,0.3656997084617615,98.64722530499137,12.428744356094228,1.626793920278807,5.16041152454007,23.605643782558772,42.050876040577464,45.58449364483873,49.693087763309585,74.28733399399121,78.20376007241713,98.64722530499137,119.09069053756559,123.00711661599152,127.56080831478828,51.04832967482789,37.98021471580538,136.2553070584413,1306.2415581258872,3.8968117711982586,7.760323049604683,32.58165563486833,112.25866071427983,117.14250158461269,122.52697829510562,2,39.99836173620654
226,420,set,0.893,91.086378123238,59.6555844487436,59.6655863217837,64.0589137017532,61.1266948240935,0.005598981399089098,87.26011199399109,8.98103677004577,0.9944010376930237,111.04454869183681,11.806946769294715,69.65760338087144,72.48762108899676,87.26011199399109,102.0326028989854,104.86262060711073,108.15312779066969,87.90335825663762,91.62384947513942,111.04454869183681,130.4652479085342,134.185739127036,138.51161420749895,110.9113821932528,11.925789471502599,139.07508267708707,3.14960669998324,87.33296538418624,91.2125200625997,110.96192103381308,130.43310753125894,134.15738044816024,138.48677231749508,2,-49.78468736915931,0.02566835843026638,87.93257743282493,8.598412090541188,0.9743316769599915,105.6419144753464,11.757561756431395,71.07999941113044,73.78944811967486,87.93257743282493,102.075706745975,104.78515545451941,107.93547511978248,82.59751688673536,86.30244637617429,105.6419144753464,124.9813825745185,128.68631206395742,132.99409327132446,105.18734860327115,12.018015434984767,136.58959364403046,7.843492922702031,81.43059729206209,85.24363015363014,105.27062669589587,124.83281823017339,128.5552899543703,132.87922404184414,2,-44.06065377917765,0.00038566303555853665,80.51690225335777,8.955794475397965,0.9996143579483032,107.69805368020442,10.060706287344303,62.96386762863497,65.78593122826746,80.51690225335777,95.24787327844807,98.06993687808057,101.35119569154654,87.97943169797391,91.14966445377266,107.69805368020442,124.24644290663618,127.41667566243494,131.10275636311715,107.68757317475624,10.074437460540327,101.20970974355961,0.28482374451142045,87.92792153297997,91.11824793804406,107.69320032901936,124.24458333270995,127.41504382348616,131.10134566022012,2,-46.56087835066274,0.007031550165265799,86.77596620006892,9.247573095015122,0.9929683804512024,110.23037820377169,10.41165300024385,68.65105598943768,71.56506205423445,86.77596620006892,101.9868703459034,104.90087641070016,108.28903820969462,89.82391330376534,93.10473300376042,110.23037820377169,127.35602340378297,130.63684310377803,134.45150502613993,110.0654496809979,10.586942810243482,108.24159428309416,3.840923244191352,89.04757029127151,92.5945419758306,110.13903766416969,127.32039908760156,130.60545529134816,134.42397352566027,2,-48.9387548569044,0.04498917981982231,89.09427993354088,12.480811018251405,0.9550108313560486,109.83650648954854,9.550981739839965,64.63233983991744,68.56517266287415,89.09427993354088,109.6233872042076,113.5562200271643,118.12898811215553,91.1169262624625,94.12653953382548,109.83650648954854,125.54647344527159,128.55608671663458,132.05541255502814,108.90333195667543,10.61180808807735,94.12527739472196,18.485326048570784,86.2804107455291,91.21717556522253,109.33152612053034,125.34010991008051,128.3734315569844,131.8949158728948,2,-47.77663713258193
227,421,set,1.076,64.0589137017532,111.3611540222,111.8004478278,112.00191209660001,111.72117131553334,0.0009042482124641538,62.52873990225697,8.10800100173919,0.9990957975387573,109.42276508557624,9.978730573532738,46.63734995223348,49.19226504722009,62.52873990225697,75.86521475729384,78.42012985228047,81.39077079537395,89.86481255002336,93.00921390932936,109.42276508557624,125.83631626182311,128.98071762112914,132.63676374094047,109.38036625335414,10.076240074637402,99.54447282968596,1.986688582607714,89.71187806426101,92.92543829262755,109.41144528092742,125.83197979790918,128.97689605813872,132.63339709661204,2,2.3408050621792,0.0014736545272171497,62.72749800663965,7.765536633335879,0.9985263347625732,104.84196689389375,10.552425986639939,47.5073258846749,49.954326910072595,62.72749800663965,75.50066910320669,77.9476701286044,80.79283764438684,84.15959201055492,87.48477073663207,104.84196689389375,122.19916305115542,125.52434177723258,129.3905806538869,104.77990359327725,10.671852897848861,111.27846274833495,2.6098639394366763,83.89416382315315,87.33976995406161,104.822448423954,122.19164385315368,125.5177327964908,129.38479647705182,2,6.941267722256086,0.00012043699825881049,55.664344454232875,6.898981636801132,0.9998795986175537,107.9198674540966,10.162574598747346,42.14258891609946,44.31652948666893,55.664344454232875,67.01215942179682,69.18609999236628,71.71377571805199,88.00158725035021,91.20391976618212,107.9198674540966,124.63581514201108,127.838147657843,131.56155126667394,107.91357779941782,10.178390622491841,103.27121998352384,0.32883043876097745,87.98107527038627,91.1926037019483,107.91833283192997,124.63524742368647,127.83765773719504,131.56108907426912,2,3.807593516115517,0.0011771719437092543,63.023217491009255,8.871207983429782,0.9988228678703308,109.51726279870658,10.00204789355396,45.63596934412268,48.43137886402391,63.023217491009255,77.61505611799458,80.41046563789583,83.66073332343527,89.91360915569611,93.065358044052,109.51726279870658,125.96916755336115,129.12091644171704,132.78550565193052,109.46253567334551,10.127045851962135,100.01584210158786,2.5416926398445803,89.71330953710925,92.95579330734506,109.50248818305822,125.96348326990878,129.1159007388921,132.78110725010376,2,2.2586356421878264,0.003843956859782338,65.20587760394542,14.18408927363441,0.9961560368537903,109.86853165313903,8.675010188363576,37.405573474121084,41.87512691720438,65.20587760394542,88.53662829068645,93.00618173376976,98.20300353087032,92.86582411842839,95.59940968096822,109.86853165313903,124.13765362530984,126.87123918784967,130.04962316212126,109.69684964705,9.13116778377707,75.73988072584572,7.6382687225543755,92.28673593897102,95.28738963869966,109.82664617990531,124.12152875981076,126.85701557552619,130.03710110396366,2,2.0243216684833385
228,423,set,0.829,27.0996981635619,104.97693551740001,104.70351211170001,105.1556887808,104.9453788033,0.02019101195037365,30.18873056871994,6.9460042784232,0.9798089861869812,104.61545128536142,11.602863665373242,16.574812346549336,18.76357023853509,30.18873056871994,41.613890898904785,43.80264879089054,46.347552854908336,81.87425638370146,85.53043890234878,104.61545128536142,123.70046366837404,127.35664618702137,131.60774850608817,103.11270028308313,15.571413890216933,132.88235607945097,109.58655465692165,74.65400989123262,82.86456502018007,104.31574819094132,123.58553080509736,127.25527559937728,131.51890778128492,2,1.8326785202168736,0.011553998105227947,30.87605747027147,6.641585540925203,0.9884459972381592,100.60884961583731,12.817235590847918,17.858789009816093,19.951621404572187,30.87605747027147,41.800493535970745,43.89332593072684,46.326695873663205,75.48752947641043,79.52637316673962,100.60884961583731,121.69132606493501,125.7301697552642,130.42619838368697,99.80315659901873,14.779281793391515,162.8930734255565,55.53405051993344,72.30138741030709,78.0036705891386,100.42106940572937,121.61905401825608,125.66645061601751,130.37030871715905,2,5.142222204281268,0.010234445333480835,26.7709578056485,5.021790979662762,0.9897655844688416,103.69778889256746,10.891414805838318,16.92842834762137,18.510846698958016,26.7709578056485,35.03106891233898,36.61348726367563,38.45339057506444,82.35100813243804,85.78300574655132,103.69778889256746,121.61257203858358,125.04456965269686,129.03500857142637,102.9104885355654,13.327099212690444,117.66697643316503,59.944912615270134,80.03880308789776,84.65262244240229,103.55663590208538,121.55820698002343,124.99660113159575,128.99296284295116,2,2.034890267734596,0.02471107244491577,31.862661014585875,7.680131186004063,0.9752888679504395,102.630037180246,12.366818731290229,16.809880493475017,19.229969377823977,31.862661014585875,44.49535265134777,46.91544153569673,49.72931787150119,78.39151786358183,82.28843053623186,102.630037180246,122.97164382426014,126.86855649691017,131.39955964443146,100.88129330385287,16.47156953593967,150.6164974932841,120.69549888543685,60.18194560977247,78.58519096384022,102.2372573944395,122.82126254498915,126.73599205549152,131.2833324815293,2,4.064085499447131,0.04603882506489754,33.144758544196854,12.615832704480155,0.953961193561554,103.78551161132592,10.518464394501697,8.418180808433199,12.393560363219663,33.144758544196854,53.89595672517404,57.8713362799605,62.493574135519175,83.16970022543568,86.48417730206987,103.78551161132592,121.08684592058195,124.40132299721614,128.2551188936492,100.53329627157154,18.221798036315818,112.87195162968233,219.1621603030984,34.507835129216794,76.0367186809424,103.14890297114798,120.84541033651003,124.18850091440325,128.0686349405743,2,4.412082531728458
229,424,set,0.385,105.1556887808,105.6359415727,105.6297040868,105.77054476480001,105.67873014143333,0.9923071265220642,105.5470960524233,6.363966831354092,0.007692898623645306,118.07260886151977,36.00202801717648,93.0739502641618,95.07930212807165,105.5470960524233,116.01488997677495,118.0202418406848,120.35189676101032,47.50993057745188,58.854542499858496,118.07260886151977,177.290675223181,188.63528714558765,201.82585020043706,105.64345620672947,7.166379387581647,50.15963183043274,1.19764233601444,92.88453557519054,94.97666604995986,105.56389952295325,116.24733372528817,118.44496593439361,121.3599938252609,2,0.035273934703866416,0.9990054965019226,105.74248849365726,6.91261681408359,0.0009945324854925275,110.95960927592259,25.937793922111908,92.19400849912742,94.37224565528614,105.74248849365726,117.11273133202839,119.2909684881871,121.82363992315959,60.12246735016132,68.29573486801695,110.95960927592259,153.62348368382823,161.79675120168383,171.29994102393707,105.74768015495737,6.9593504602856155,48.40584037191018,0.02704261101801537,92.1691486386046,94.35787494567903,105.74386290110925,117.13684604158065,119.33238137103555,121.90957524323994,2,-0.06895001352403085,0.8367334604263306,104.57048032736887,8.170941014436782,0.16326649487018585,114.95974807042668,14.792528724869756,88.5557302192716,91.13047836416598,104.57048032736887,118.01048229057176,120.58523043546614,123.57893158521699,85.96692452940775,90.62820354554083,114.95974807042668,139.29129259531254,143.95257161144562,149.37231582121552,106.26669498138105,10.311911647257874,91.5897003848246,14.745316617000723,88.25791536818822,91.08019228341452,105.52462864473839,124.24422060162009,130.35370653508414,137.81968141006857,2,-0.5879648399477162,0.9791519045829773,103.24154485061469,5.627799694064876,0.020848091691732407,120.44914287629732,23.72113517076121,92.211260138042,93.98463811207569,103.24154485061469,112.49845158915369,114.27182956318738,116.33376470443021,73.95657226919894,81.43134765526459,120.44914287629732,159.46693809733003,166.9417134833957,175.63275525063307,103.60029004744388,6.984796122419686,42.74288552202941,6.04445136612679,92.01943391488592,93.888617420215,103.32110637374164,113.23623120730335,115.73563208106195,122.51873159459319,2,2.0784400939894567,0.9989227652549744,104.77153100566068,7.144492857723347,0.0010771864326670766,108.33226874929204,28.656634098006613,90.76858231671926,93.01988601590554,104.77153100566068,116.52317599541581,118.77447969460209,121.39210677632536,52.16629799905661,61.196300216964616,108.33226874929204,155.46823728161945,164.49823949952747,174.997568560356,104.77536152228862,7.203301575659255,51.87338044569705,0.013642777097174302,90.73580729494397,93.00109339716177,104.77248564984923,116.54859060198271,118.81876943773754,121.48407816507058,2,0.9033686191447146
230,425,set,1.378,105.77054476480001,124.5516917544,124.61771956800001,124.54468021720001,124.57136384653334,0.0004682537692133337,92.57288160846431,10.970849180890353,0.9995317459106445,113.03666047735621,10.456844446218915,71.07041233409846,74.52744054253922,92.57288160846431,110.6183226743894,114.07535088283015,118.09489327685128,92.54162197082944,95.83668196352566,113.03666047735621,130.23663899118674,133.53169898388296,137.36291832399334,113.0270781995807,10.466458531799118,109.35075305444853,0.19599705356525826,92.50182567217394,95.80972495934948,113.03090276769892,130.2343113516791,133.52962571040288,137.36111781018732,2,11.544285646952645,0.0016767700435593724,96.46780181962323,11.597296343814692,0.9983232617378235,108.18286952851503,9.949938279192398,73.73751866770839,77.39194686566859,96.46780181962323,115.54365677357788,119.19808497153808,123.44714751367816,88.68134885290148,91.81667746204212,108.18286952851503,124.54906159498793,127.68439020412856,131.32988729115183,108.16322949212368,9.96444481659557,99.0607935535876,0.22973876881950833,88.61679164648176,91.76903850963654,108.16848013714078,124.54222602490934,127.6782983940397,131.3244856625115,2,16.40813435440967,1.4285721590567846e-05,84.97918672269734,10.56744207729342,0.9999856948852539,111.4001156301882,10.514776231885051,64.26738084248909,67.59729129426165,84.97918672269734,102.36108215113302,105.69099260290557,109.5627331332586,90.79153291019571,94.10484780858893,111.4001156301882,128.69538345178745,132.00869835018068,135.86114296324914,111.39973602775389,10.515262517786422,110.56053292411771,0.009972226703365325,90.78972397466467,94.10372370353605,111.39992997339105,128.695348558962,132.0086666857784,135.86114650592415,2,13.171627818779456,0.00034702656557783484,94.61750389558622,11.737359187098258,0.9996529817581177,115.61800492004951,9.64669929557488,71.61270261526332,75.31126606585546,94.61750389558622,113.92374172531697,117.62230517590913,121.92268448734599,96.71082173103484,99.75059659561296,115.61800492004951,131.48541324448607,134.52518810906417,138.05958331782142,115.61071815067264,9.655423562568584,93.0743225188054,0.1529929069638533,96.67948790340263,99.73046977193152,115.61411673488688,131.48383085236483,134.5238179526254,138.0583583301076,2,8.960645695860705,0.006062033586204052,96.90748062808433,14.929463215933847,0.9939379692077637,115.58194224924671,8.85207778746616,67.64627041633845,72.35069890891694,96.90748062808433,121.4642623472517,126.1686908398302,131.63860564104297,98.23218859746602,101.02156999447642,115.58194224924671,130.14231450401698,132.93169590102738,136.17495459096276,115.46873735862715,9.01868163043089,79.23542460767598,2.1012309954485344,97.74730906335273,100.72509402918719,115.5286416885976,130.12302845101885,132.91601939636223,136.16348845993696,2,9.102626487906193
231,426,set,0.053,124.54468021720001,124.57550895320001,124.49966696329999,124.6172070941,124.5641276702,0.9999996423721313,127.05448749477151,4.330990318581483,3.007566533597128e-07,127.66265062015864,126.34168714184673,118.56590245296015,119.93064236096104,127.05448749477151,134.17833262858198,135.54307253658288,137.129877614895,-119.96250592388824,-80.15093171027621,127.66265062015864,335.4762329505934,375.28780716420545,421.5773659053268,127.0544804519375,4.3316497261633655,18.762271175891755,1.112907516470858e-07,118.56237683976862,119.92408778325068,127.05458507151359,134.18785574423063,135.55683751873207,137.14386179297315,2,-2.4903527817374993,1.0,127.84596490151915,5.6056048583182845,1.9758440217287898e-08,120.54883207919782,65.97034798665571,116.85918126765256,118.62556541905752,127.84596490151915,137.06636438398078,138.83274853538575,140.8865518463809,-8.750674022221872,12.037265922096381,120.54883207919782,229.06039823629922,249.84833818061747,274.0188108676888,127.84596728337604,5.60558381674257,31.42289181804868,1.0521066976842138e-06,116.85744938099151,118.62521110178504,127.84595608239644,137.06872768070025,138.83560856229352,140.88987813715875,2,-3.2818396131760466,0.9999953508377075,133.43777494352867,6.960920147266446,4.7043363338161726e-06,130.69180042838292,28.792786858950873,119.79462215562718,121.98808019237788,133.43777494352867,144.88746969467945,147.08092773143014,149.63129672949003,74.25897517030106,83.33188053339687,130.69180042838292,178.05172032336895,187.12462568646478,197.67383892541434,133.43776938784228,6.961116081345604,48.45808403463761,3.547235229447644e-05,119.79402411176589,121.98780429536497,133.4377710119061,144.88787062513683,147.08133485780527,149.63184495871948,2,-8.873641717642286,0.9999961853027344,123.77770391085824,3.295681837973211,3.773441676457878e-06,136.12812921747434,65.51617710443465,117.31828620392797,118.3567896863899,123.77770391085824,129.19861813532657,130.2371216177885,131.44460634814223,7.71878168803471,28.363607683249967,136.12812921747434,243.89265075169868,264.53747674691397,288.54154853965906,123.7777454079457,3.298315023738489,10.8776743495606,0.0005755722532420289,117.31785100069371,118.3556291637568,123.77773042906719,129.2027062200315,130.24210260053843,131.4487114057667,2,0.7863822622542926,1.0,125.8474790088688,3.854333241494079,2.346560812327425e-08,113.60534479995167,140.7904994415553,118.29312467112489,119.50766499711764,125.8474790088688,132.18729302061996,133.40183334661273,134.8139989510635,-162.3389634709034,-117.97441884679989,113.60534479995167,345.1851084467031,389.5496530708067,441.133023860962,125.8474816746873,3.8543458263484287,14.856349870942912,3.516795807542166e-06,118.29159686762615,119.4966696920014,125.84730288732376,132.20066940914143,133.42105003966105,134.81901241704182,2,-1.2833540044873075
232,428,set,1.153,67.8654878883857,108.5565346148,108.4874976837,108.6303322828,108.5581215271,0.0006059217848815024,64.9750780499281,8.263407804169718,0.9993940591812134,110.21500990504225,9.891718713756871,48.779096364188234,51.382981752260434,64.9750780499281,78.56717434759577,81.17105973566797,84.19863922749082,90.82759748087791,93.9445805019355,110.21500990504225,126.485439308149,129.60242232920658,133.22658870540056,110.18759594696265,9.953279622861547,97.82818487441688,1.2393592799816178,90.72660426853994,93.88906688393124,110.20749368437579,126.48257923577535,129.59991436440006,133.22440831102801,2,-1.629474419862646,0.0010367705253884196,65.54319755103587,8.027484231136619,0.9989632368087769,105.75168312887624,10.341184181987401,49.80961757154489,52.33916099815505,65.54319755103587,78.7472341039167,81.27677753052686,84.21791842603692,85.48333457468563,88.74194882016106,105.75168312887624,122.7614174375914,126.02003168306685,129.8088749657074,105.70999693175895,10.419711081982001,106.8960287507478,1.674432237618844,85.30243818267569,88.64247262046263,105.73823172728169,122.75622467165861,126.01547913863243,129.80487972550952,2,2.848124595341048,6.680469959974289e-05,57.83859148310238,7.092177788650802,0.9999332427978516,108.96975104939332,10.2583336749465,43.93817844539188,46.17299712445543,57.83859148310238,69.50418584174932,71.73900452081287,74.33746420404984,88.86378650510376,92.09629369767914,108.96975104939332,125.8432084011075,129.07571559368287,132.83420378530667,108.96634042342376,10.266636410009156,105.2297449071671,0.17464223690807693,88.8523243177707,92.08994232713286,108.96889146765088,125.84291391295503,129.07543636716602,132.8339606341413,2,-0.40821889632375985,0.0007267107721418142,65.72126879998095,9.071780460512741,0.9992732405662537,111.0179784582034,9.916640298611926,47.940905821721785,50.79951780659906,65.72126879998095,80.64301979336282,83.50163177824011,86.82538598806,91.5817206252855,94.70655669585844,111.0179784582034,127.32940022054837,130.4542362911213,134.08753353450697,110.98505544903922,9.990929228021287,98.32809172981513,1.4899757113184209,91.4601851040759,94.63976144465344,111.00894043325441,127.32594678887014,130.45119132857613,134.084910802635,2,-2.4269339219392236,0.0027468905318528414,67.89578320632276,14.470624860836134,0.9972531199455261,111.02231376736613,8.6333114724752,39.533879645294,44.093723419722295,67.89578320632276,91.69784299292321,96.25768676735152,101.55949058737144,94.10133421399827,96.82178007926353,111.02231376736613,125.22284745546871,127.94329332073399,131.1063995572912,110.90385107211918,8.944232755456252,74.90452692495661,5.094901527061447,93.7020731554035,96.60363855992486,110.99259593035862,125.21139206022553,127.93322219425457,131.09758528244797,2,-2.345729545019182
233,429,set,0.299,108.6303322828,108.5425246274,108.45998748369999,108.7823943092,108.59496880676666,0.9993165731430054,109.69152561886273,5.820927122387528,0.0006834945525042713,120.01131673958542,47.937099780415636,98.2827181023508,100.1169525293834,109.69152561886273,119.26609870834204,121.10033313537465,123.23302705497562,26.056327646667825,41.16180430023411,120.01131673958542,198.8608291789367,213.966305832503,231.529686901439,109.69858656550045,5.958406606146701,35.43068280560712,0.07274111142988608,98.26082052419952,100.1049248674514,109.69237712205394,119.28491446534271,121.133697965845,123.30358769695322,2,-1.1036177587337903,0.9999195337295532,109.87634036389647,6.569309150734159,8.042688568821177e-05,112.72773963296845,31.956514513958595,97.00073102514811,99.0707883807459,109.87634036389647,120.68189234704705,122.75194970264484,125.15883874062392,50.09412211417808,60.16395082995627,112.72773963296845,165.2915284359806,175.3613571517588,187.0697092342713,109.87656536560641,6.575379298732425,43.234483579106595,0.0006538564348005456,96.9975614022426,99.0691395738693,109.8763872244002,120.68403220801963,122.7554941946375,125.16584889661858,2,-1.2815965588397518,0.9837110638618469,110.36964070431353,7.859553281777092,0.016288917511701584,117.99918349986137,16.99879876971953,94.96519933745684,97.44182598256413,110.36964070431353,123.29745542606292,125.77408207117021,128.65369577228637,84.6821501307673,90.03864768966997,117.99918349986137,145.95971931005278,151.31621686895545,157.54430287904646,110.49391564176744,8.148997447866494,65.473200129591,0.9327318671584077,94.82593717613194,97.36238755210802,110.42576180388014,123.71730680279497,126.46393441346305,130.024298957071,2,-1.8989468350007854,0.9972808361053467,107.09559174407953,4.966660393592689,0.0027191925328224897,123.69867758174786,29.78761145518483,97.36111624919633,98.92616238184236,107.09559174407953,115.2650211063167,116.83006723896273,118.64977159179672,65.31603194411284,74.70241684146585,123.69867758174786,172.69493832202986,182.08132321938288,192.9950241632717,107.1407417981328,5.26883256820182,27.013384322626287,0.7475410506274848,97.32278590052144,98.90549604403495,107.10276307111478,115.34002203824974,116.96498078003098,118.95207427299174,2,1.4542270086338647,0.9999122619628906,108.63766464943984,6.222136504860027,8.777009497862309e-05,108.96607720417813,40.19472440742504,96.44250119302225,98.40316085203366,108.63766464943984,118.87216844684602,120.83282810585743,123.11251867951287,30.185864997111963,42.85163897831016,108.96607720417813,175.0805154300461,187.74628941124428,202.47298887704886,108.63769695693301,6.233219054449346,38.85338866689968,9.465607836169847e-06,96.43844430488099,98.40075331340617,108.6376695965726,118.87482252996374,120.83647632718045,123.12082201230196,2,-0.04272815016635434
234,430,set,1.493,108.7823943092,115.77264521619999,117.5145991324,117.60118052760001,116.96280829206667,0.0003566192463040352,93.12346873561164,11.491119926311693,0.9996433258056641,113.3654567384537,10.598927474848786,70.60128753801015,74.2222584470835,93.12346873561164,112.02467902413976,115.64564993321312,119.85581114653519,92.59194061299802,95.93177243965306,113.3654567384537,130.79914103725434,134.13897286390937,138.02224913668124,113.3582318267397,10.6061802909176,112.34428590103582,0.14606837532680106,92.5623386835849,95.91169631878931,113.36108917287989,130.79737723400848,134.13738015367483,138.02090940262497,2,3.6045764653269714,0.0011431005550548434,97.91711228091042,12.658674664875281,0.9988569021224976,108.59446045878772,9.838354179157152,73.10656584574522,77.09544534599159,97.91711228091042,118.73877921582924,122.72765871607561,127.36559317571768,89.31164060049058,92.4118079039679,108.59446045878772,124.77711301360753,127.87728031708487,131.4818947875308,108.58225546692644,9.84864869526201,96.8657416080035,0.13017108331188246,89.26858790140378,92.38100975858207,108.58598432620146,124.77355548930498,127.87423071518836,131.47938331162808,2,8.380552825140228,8.403264473599847e-06,85.59639844580853,11.025043408904803,0.9999916553497314,111.91705113693894,10.747502013301586,63.98771043636441,67.46181580737404,85.59639844580853,103.73098108424301,107.20508645525265,111.24448474132221,90.8523342670961,94.23898346969156,111.91705113693894,129.5951188041863,132.98176800678178,136.91947959683273,111.91683651746224,10.747741364948645,115.50885707547882,0.00582153744207496,90.85127222848787,94.23832303947123,111.91693906892733,129.59507127298954,132.9817511237001,136.91948442069014,2,5.045971774604425,0.0002133449597749859,95.79294537474522,12.434906565683528,0.9997866749763489,116.98098717748064,9.78350922524625,71.42097635488484,75.33934420937798,95.79294537474522,116.24654654011243,120.16491439460557,124.72086382771958,97.80566145358262,100.88854654402115,116.98098717748064,133.07342781094013,136.15631290137867,139.74083306429122,116.97646914770198,9.789029940495755,95.72962278797195,0.0957571837879276,97.78632310642077,100.87619146977475,116.97860175746109,133.07247397221738,136.15548177834387,139.7400661029588,2,-0.013660855635308167,0.004689614754170179,98.01311904815486,15.484285430433667,0.995310366153717,116.53966186785141,9.012222218040506,67.66447727816657,72.5437359971542,98.01311904815486,123.48250209915551,128.36176081814313,134.03495354028578,98.87603089982034,101.71587546561483,116.53966186785141,131.36344827008799,134.20329283588248,137.50522586517357,116.45277729431203,9.141443705253172,81.96365309533391,1.6020810080772558,98.50708284968742,101.48938036825892,116.49881823359677,131.34941422131547,134.19231593657585,137.49794485330668,2,0.5100309977546402
235,432,set,0.893,122.8244564618,108.5860392883,106.4018480724,108.4619990913,107.81662881733332,0.030036602169275284,113.86180095842161,9.750977941514074,0.9699633717536926,116.9686799391838,15.633057549026645,94.75023537900951,97.82286952499838,113.86180095842161,129.90073239184483,132.97336653783373,136.545967762482,86.32845017484956,91.25458852932621,116.9686799391838,142.68277134904136,147.60890970351804,153.33661013312005,116.87535680105454,15.498040880001192,239.90768932921213,0.28122558065298064,86.51251337451733,91.43709912603173,116.82385287567058,142.4586542399542,147.4068579525042,153.15789505748248,2,-9.058727983721212,0.3438677191734314,117.99470501668404,9.946947374026958,0.6561322808265686,112.43020112274309,14.071258127931811,98.49904640747593,101.63343255142037,117.99470501668404,134.3559774819477,137.49036362589214,141.13476489344777,84.85104197483022,89.28504115524404,112.43020112274309,135.5753610902421,140.00936027065595,145.16484255373715,114.34365438508425,13.073767043812907,163.9372699738842,6.986114742007361,87.38619504115336,92.05573569586589,114.78210475209757,135.0826293130477,139.07020254511932,143.8449433162352,2,-6.5270255677509255,0.001117614796385169,108.88305918354013,11.246765551427618,0.9988823533058167,115.06453999520829,11.283072333925357,86.83980376017622,90.38377607480153,108.88305918354013,127.38234229227872,130.92631460690401,135.04694831393954,92.9501245857543,96.50553754359535,115.06453999520829,133.62354244682123,137.17895540466228,141.31289133188457,115.05762781048412,11.284940515200587,127.30680303858412,0.04265712175674727,92.9386089908357,96.4950515557841,115.05794231289929,133.61915715227667,137.17486415918637,141.30914648798992,2,-7.2409989931507965,0.036901846528053284,114.75207702569881,9.230674266069371,0.9630981683731079,118.87092425920571,12.759769836599371,96.66028791118214,99.56896897994699,114.75207702569881,129.93518507145063,132.84386614021548,136.2258364805328,93.8622349284504,97.88297056440923,118.87092425920571,139.85887795400217,143.879613589961,148.5545876918291,118.71893296203714,12.670857679871592,159.9479100261684,0.6029343371153311,93.9686433409249,97.95650099418765,118.66949446909554,139.6415516350356,143.68077815910448,148.37658286573406,2,-10.90230414470382,0.33864009380340576,116.27992702444664,10.707947328282163,0.6613599061965942,114.71597999313249,12.674899144212166,95.2927359126617,98.6669210243164,116.27992702444664,133.89293302457688,137.26711813623157,141.19033752693716,89.87363416279909,93.86762616453099,114.71597999313249,135.56433382173398,139.55832582346588,144.20220467095254,115.24559516252026,12.067552164438897,145.07801739719338,0.5477978442573084,91.36082397784655,95.29997780328272,115.30579372542412,134.98069537196477,138.7978392035027,143.27465773268594,2,-7.428966345186936
236,438,set,0.299,79.5835551724934,80.5980374377884,80.4745422809221,80.39496438101101,80.48918136657385,0.9981566071510315,81.89506668329935,6.169232990587388,0.0018433663062751293,110.67607604780747,33.8454551045419,69.80359220951173,71.747581423223,81.89506668329935,92.04255194337568,93.98654115708696,96.24684873541494,44.340203002538004,55.005256463278485,110.67607604780747,166.34689563233644,177.0119490930769,189.41237857620325,81.94811845250682,6.451758690331057,40.100880643795506,1.5241313071648204,69.78571922204786,71.73915441675547,81.90370158256029,92.11628906584146,94.11903811649591,96.54218409178134,2,-1.4589370859329733,0.9992132186889648,80.17135749602988,6.536636840597581,0.0007867211243137717,102.35683252554567,25.559702847780308,67.35978470844094,69.41954668070834,80.17135749602988,90.92316831135143,92.98293028361883,95.37784871353111,52.2607354883504,60.31486259257234,102.35683252554567,144.398802458519,152.45292956274093,161.817592906595,80.18880645263738,6.602671457361259,43.20796755140899,0.3869158070996118,67.35444443209518,69.41683311769984,80.17532206654242,90.95462022988909,93.03797043921922,95.49563692814962,2,0.30037491393646576,0.9574086666107178,80.37264011622537,6.950440525266241,0.04259133338928223,104.07855732097248,13.56205974493121,66.75002701001588,68.9401828093307,80.37264011622537,91.80509742312005,93.99525322243485,96.54178265582578,77.49740866472683,81.77095416058981,104.07855732097248,126.38616048135513,130.65970597721812,135.62862617620806,81.38230673919148,8.774995306494365,54.08489595009918,22.915646678899332,66.8643083562728,69.0731803651883,80.72733712985773,94.83068637301336,101.86955524047472,113.88687528766613,2,-0.8931253726176323,0.9908896088600159,78.64807618008861,5.801513441874955,0.00911033432930708,109.58931941678519,22.137254021391335,67.27731877818869,69.10543575341286,78.64807618008861,88.19071660676434,90.01883358198853,92.14441464181377,66.20109881824368,73.17677684895358,109.58931941678519,146.0018619846168,152.97754001532667,161.08827324655098,78.92995678248887,6.816031566696433,37.815517059030995,8.642415332171966,67.27435011266522,69.11356990754159,78.70403605733073,88.61854807430728,90.83216156987862,94.48251669146994,2,1.5592245840849728,0.9996261596679688,80.5165901340059,7.490207276258562,0.00037377295666374266,100.6539551574036,24.29486924085236,65.83605363579926,68.19629552903369,80.5165901340059,92.8368847389781,95.19712663221253,97.94141790725524,53.036886436223,60.69245137027582,100.6539551574036,140.61545894453138,148.2710238785842,157.1722725659607,80.52411151163525,7.513640767842518,56.30284740141966,0.15151331595113646,65.83335732187271,68.19494446131809,80.51867166708026,92.85277030500674,95.22447861896164,97.9983455357974,2,-0.034930145061409235
