sample_idx,row_idx,state,voltage,g_before,g_after_1s,g_after_5s,g_after_10s,y_measured_uS,shuffle_run1_pi_1,shuffle_run1_mu_1,shuffle_run1_sigma_1,shuffle_run1_pi_2,shuffle_run1_mu_2,shuffle_run1_sigma_2,shuffle_run1_comp1_q025_uS,shuffle_run1_comp1_q05_uS,shuffle_run1_comp1_q50_uS,shuffle_run1_comp1_q95_uS,shuffle_run1_comp1_q975_uS,shuffle_run1_comp1_q99_uS,shuffle_run1_comp2_q025_uS,shuffle_run1_comp2_q05_uS,shuffle_run1_comp2_q50_uS,shuffle_run1_comp2_q95_uS,shuffle_run1_comp2_q975_uS,shuffle_run1_comp2_q99_uS,shuffle_run1_mixture_mean_uS,shuffle_run1_mixture_std_uS,shuffle_run1_within_var_uS2,shuffle_run1_between_var_uS2,shuffle_run1_mixture_q025_uS,shuffle_run1_mixture_q05_uS,shuffle_run1_mixture_q50_uS,shuffle_run1_mixture_q95_uS,shuffle_run1_mixture_q975_uS,shuffle_run1_mixture_q99_uS,shuffle_run1_n_components,shuffle_run1_residual_uS,shuffle_run2_pi_1,shuffle_run2_mu_1,shuffle_run2_sigma_1,shuffle_run2_pi_2,shuffle_run2_mu_2,shuffle_run2_sigma_2,shuffle_run2_comp1_q025_uS,shuffle_run2_comp1_q05_uS,shuffle_run2_comp1_q50_uS,shuffle_run2_comp1_q95_uS,shuffle_run2_comp1_q975_uS,shuffle_run2_comp1_q99_uS,shuffle_run2_comp2_q025_uS,shuffle_run2_comp2_q05_uS,shuffle_run2_comp2_q50_uS,shuffle_run2_comp2_q95_uS,shuffle_run2_comp2_q975_uS,shuffle_run2_comp2_q99_uS,shuffle_run2_mixture_mean_uS,shuffle_run2_mixture_std_uS,shuffle_run2_within_var_uS2,shuffle_run2_between_var_uS2,shuffle_run2_mixture_q025_uS,shuffle_run2_mixture_q05_uS,shuffle_run2_mixture_q50_uS,shuffle_run2_mixture_q95_uS,shuffle_run2_mixture_q975_uS,shuffle_run2_mixture_q99_uS,shuffle_run2_n_components,shuffle_run2_residual_uS,shuffle_run3_pi_1,shuffle_run3_mu_1,shuffle_run3_sigma_1,shuffle_run3_pi_2,shuffle_run3_mu_2,shuffle_run3_sigma_2,shuffle_run3_comp1_q025_uS,shuffle_run3_comp1_q05_uS,shuffle_run3_comp1_q50_uS,shuffle_run3_comp1_q95_uS,shuffle_run3_comp1_q975_uS,shuffle_run3_comp1_q99_uS,shuffle_run3_comp2_q025_uS,shuffle_run3_comp2_q05_uS,shuffle_run3_comp2_q50_uS,shuffle_run3_comp2_q95_uS,shuffle_run3_comp2_q975_uS,shuffle_run3_comp2_q99_uS,shuffle_run3_mixture_mean_uS,shuffle_run3_mixture_std_uS,shuffle_run3_within_var_uS2,shuffle_run3_between_var_uS2,shuffle_run3_mixture_q025_uS,shuffle_run3_mixture_q05_uS,shuffle_run3_mixture_q50_uS,shuffle_run3_mixture_q95_uS,shuffle_run3_mixture_q975_uS,shuffle_run3_mixture_q99_uS,shuffle_run3_n_components,shuffle_run3_residual_uS,shuffle_run4_pi_1,shuffle_run4_mu_1,shuffle_run4_sigma_1,shuffle_run4_pi_2,shuffle_run4_mu_2,shuffle_run4_sigma_2,shuffle_run4_comp1_q025_uS,shuffle_run4_comp1_q05_uS,shuffle_run4_comp1_q50_uS,shuffle_run4_comp1_q95_uS,shuffle_run4_comp1_q975_uS,shuffle_run4_comp1_q99_uS,shuffle_run4_comp2_q025_uS,shuffle_run4_comp2_q05_uS,shuffle_run4_comp2_q50_uS,shuffle_run4_comp2_q95_uS,shuffle_run4_comp2_q975_uS,shuffle_run4_comp2_q99_uS,shuffle_run4_mixture_mean_uS,shuffle_run4_mixture_std_uS,shuffle_run4_within_var_uS2,shuffle_run4_between_var_uS2,shuffle_run4_mixture_q025_uS,shuffle_run4_mixture_q05_uS,shuffle_run4_mixture_q50_uS,shuffle_run4_mixture_q95_uS,shuffle_run4_mixture_q975_uS,shuffle_run4_mixture_q99_uS,shuffle_run4_n_components,shuffle_run4_residual_uS,shuffle_run5_pi_1,shuffle_run5_mu_1,shuffle_run5_sigma_1,shuffle_run5_pi_2,shuffle_run5_mu_2,shuffle_run5_sigma_2,shuffle_run5_comp1_q025_uS,shuffle_run5_comp1_q05_uS,shuffle_run5_comp1_q50_uS,shuffle_run5_comp1_q95_uS,shuffle_run5_comp1_q975_uS,shuffle_run5_comp1_q99_uS,shuffle_run5_comp2_q025_uS,shuffle_run5_comp2_q05_uS,shuffle_run5_comp2_q50_uS,shuffle_run5_comp2_q95_uS,shuffle_run5_comp2_q975_uS,shuffle_run5_comp2_q99_uS,shuffle_run5_mixture_mean_uS,shuffle_run5_mixture_std_uS,shuffle_run5_within_var_uS2,shuffle_run5_between_var_uS2,shuffle_run5_mixture_q025_uS,shuffle_run5_mixture_q05_uS,shuffle_run5_mixture_q50_uS,shuffle_run5_mixture_q95_uS,shuffle_run5_mixture_q975_uS,shuffle_run5_mixture_q99_uS,shuffle_run5_n_components,shuffle_run5_residual_uS
0,3,set,0.299,81.18293274968221,81.4289809000182,81.4695808878881,81.4195001331209,81.43935397367574,0.9879193305969238,83.05286439545844,6.335463133799089,0.012080679647624493,126.79789712592927,17.367452130212392,70.63558482783095,72.63195488141167,83.05286439545844,93.47377390950521,95.47014396308592,97.79135558783608,92.75831644748953,98.23098049864333,126.79789712592927,155.3648137532152,160.837477804369,167.20063246655494,83.5813349728892,8.132382661416203,43.29707408072142,22.83864523775337,70.66759135235769,72.66856245141722,83.14880521862044,94.23713640592612,97.04429249031354,110.42231823554725,2,-2.141980999213459,0.9848461151123047,79.01161365600721,7.185404568947287,0.015153903514146805,117.9931654983814,16.322163177555428,64.92847948652098,67.19267488966058,79.01161365600721,90.83055242235383,93.09474782549344,95.72736429910108,86.00231352058691,91.14559619608558,117.9931654983814,144.8407348006772,149.9840174761759,155.96419510623517,79.60233780316425,8.806989015128316,54.88484021492832,22.678333324771003,64.97431740645052,67.24486880510705,79.14779276900275,91.91830004915114,95.40092607216124,111.27574366668416,2,1.8370161705114896,0.33032405376434326,71.00394737161942,14.377857179736422,0.6696759462356567,91.44439102137824,8.286617545255156,42.82386512447539,47.35447684173969,71.00394737161942,94.65341790149914,99.18402961876345,104.45184485496208,75.20291907902042,77.81411809690559,91.44439102137824,105.07466394585089,107.68586296373606,110.7219461307721,84.69242081424828,14.376891137915496,114.27083392575429,92.42416486571975,50.375621844021175,56.18494598121942,87.46594466551139,103.7336548960414,106.56436666304127,109.83649626657714,2,-3.2530668405725436,0.984511137008667,80.2218558744847,6.763153871414353,0.015488903038203716,107.98901547989944,15.804836631960644,66.96631786460993,69.0974576994579,80.2218558744847,91.34625404951149,93.47739388435947,95.95530450506057,77.01210489971723,81.99237262244347,107.98901547989944,133.9856583373554,138.96592606008164,144.75656357822388,80.65194192989358,7.788308572594122,48.90080322161109,11.757207694641565,67.00288971565243,69.14148324051241,80.3445132939836,92.257886886921,95.28305474962278,103.06295182020276,2,0.7874120437821546,0.9766397476196289,80.74657552373236,7.5980058839079545,0.023360276594758034,102.79029365479963,14.60375535866089,65.85475763694934,68.24896798798773,80.74657552373236,93.24418305947698,95.63839341051536,98.42218035871143,74.16745911279045,78.76925368599426,102.79029365479963,126.811333623605,131.4131281968088,136.76370888643294,81.2615248316798,8.511708132082367,61.3631516978758,11.086183526021312,65.91398520559765,68.32034867956219,80.94369891788828,94.5978011842664,98.22730243392142,106.09971903953854,2,0.17782914199594302
1,4,set,1.153,81.4195001331209,97.64223299975491,97.3585647789815,97.4375863540609,97.4794613775991,0.0005728817777708173,70.69485087981411,9.057046586231522,0.9994271993637085,114.03075006362391,9.330046731371993,52.94336576449888,55.79733495298274,70.69485087981411,85.59236680664549,88.44633599512935,91.76469195078266,95.74419449605915,98.68418885789995,114.03075006362391,129.37731126934787,132.31730563118867,135.73568444185284,114.00593296928194,9.38728419126804,87.04690339022041,1.0752557218405547,95.65436404508439,98.63474527803353,114.0240462736037,129.37472776340715,132.3150327773613,135.7337114603258,2,-16.52647159168285,0.00038630366907455027,67.4656945375108,11.596676819088039,0.9996137022972107,107.79983379848903,8.727432979825673,44.73662563174772,48.390858611049765,67.4656945375108,86.54053046397182,90.19476344327387,94.44359900153496,90.69437948054363,93.44448400764688,107.79983379848903,122.15518358933119,124.90528811643443,128.1028789569404,107.78425321566812,8.76463104497358,76.19061410335486,0.6282125641537649,90.63904098124817,93.41369861986112,107.79560875915752,122.15359493777036,124.90389213476871,128.10167313083903,2,-10.304791838069022,0.0009960040915757418,39.44286128031744,13.500994063252666,0.999004065990448,109.4776546651224,10.371817151168646,12.981399160853123,17.235702227925987,39.44286128031744,61.65002033270888,65.90432339978175,70.85087011680329,89.14926659459702,92.41753360594517,109.4776546651224,126.53777572429964,129.80604273564776,133.6061094446839,109.40790739677406,10.607948459863303,107.64900230265103,4.88040711260978,88.97380426838517,92.32153384308933,109.46469364838468,126.53280628798221,129.8016435444688,133.60229493235778,2,-11.92844601917497,0.00027051501092500985,64.490580520969,8.776810433173214,0.9997294545173645,113.1134756128186,9.146014222831445,47.28834817281411,50.054012046898514,64.490580520969,78.92714899503949,81.6928128691239,84.90849481304099,95.18761713397788,98.06962094624454,113.1134756128186,128.15733027939265,131.03933409165933,134.39028635604984,113.10031894306054,9.180825024432638,83.64778357018034,0.6393747746331283,95.14610786155902,98.04675195532947,113.1103742518446,128.15617683379344,131.03831824057855,134.38942316255256,2,-15.62085756546145,6.776366353733465e-05,69.8341775421378,14.212855893385536,0.9999322891235352,107.13976005232783,9.733718971715813,41.97749187364428,46.45610997656398,69.8341775421378,93.2122451077116,97.6908632106313,102.89822463376407,88.06202143213058,91.12921709797472,107.13976005232783,123.15030300668094,126.21749867252507,129.7837764886899,107.13723774498084,9.738904105720417,94.75255835137907,0.09430073952449163,88.05207245859171,91.12352061605999,107.138939813544,123.1500263119371,126.21723941842525,129.78353833447434,2,-9.657776367381743
2,5,set,0.647,97.4375863540609,107.96630458,107.65354247970001,108.01992881269999,107.87992529080002,0.09391658753156662,93.28798836292404,8.577012098507556,0.9060834050178528,121.53732760175473,11.469550011040493,76.47735355488491,79.18005890428722,93.28798836292404,107.39591782156086,110.09862317096315,113.24110222390966,99.05742266123437,102.67159666659347,121.53732760175473,140.40305853691598,144.01723254227508,148.2194908861439,118.88424515489851,13.92888530402227,126.10478173811643,67.90895877198109,87.54421811797393,92.73579278935607,120.04584928988614,139.84912385080986,143.52950073431367,147.79238873149635,2,-11.004319864098491,0.07511519640684128,89.47092421349369,10.033157162850351,0.9248847961425781,113.09181149355,10.936834943487721,69.80629752307692,72.96784926440515,89.47092421349369,105.97399916258223,109.13555090391044,112.81153804920824,91.6560088994549,95.10231886938462,113.09181149355,131.08130411771538,134.52761408764508,138.53469421306824,111.31752306360505,12.528094786187738,118.19091601013577,38.7621506370241,83.82798926440401,89.1795981861549,112.00428208285292,130.66413839686277,134.16007886074075,138.21273396217734,2,-3.4375977728050344,0.010182183235883713,67.0125261645087,18.170994756910584,0.9898177981376648,106.30826124486858,8.857806661733203,31.398030877697792,37.123899533288125,67.0125261645087,96.90115279572926,102.62702145131959,109.2845811864549,88.94727920585252,91.7384658304818,106.30826124486858,120.87805665925535,123.66924328388461,126.9146009410564,105.90814288974595,9.827859550327977,81.02384046082794,15.562773955906076,87.38337384536743,90.92235543279905,106.19760195661588,120.83551544226772,123.6318646348422,126.882359821177,2,1.971782401054071,0.1155463308095932,87.97084379390841,7.700923484577764,0.8844536542892456,111.86354236797497,12.017379197520617,72.8773111164373,75.3039518694249,87.97084379390841,100.63773571839192,103.06437647137953,105.88587077040708,88.3099119522737,92.09671260848201,111.86354236797497,131.63037212746792,135.41717278367622,139.82014691566968,109.1028270477053,13.889651597393911,134.58288494224166,58.33935917986372,80.87467214960908,84.79091105294043,109.89580087187477,130.9059254758518,134.7796649785837,139.26213529830227,2,-1.2229017569052871,0.026117218658328056,89.36259538505976,10.700108820974412,0.9738828539848328,107.85179475637,11.185551106424608,68.39076746529057,71.76248258210455,89.36259538505976,106.96270818801497,110.33442330482896,114.25477079273924,85.9285174405456,89.45320044951642,107.85179475637,126.25038906322357,129.77507207219438,133.87327779277607,107.36891612826733,11.555658993357417,124.83908744180764,8.695004765423949,84.19859087940092,88.15618838116683,107.50957936587797,126.10735648376577,129.64859857208324,133.76219941945112,2,0.5110091625326874
3,6,set,0.385,108.01992881269999,99.9033934185642,99.8463364881448,99.90838401186109,99.8860379728567,0.9629169702529907,105.74323522045859,6.092047751406485,0.037083011120557785,135.19527745450006,20.459612073463802,93.80304103560366,95.72270838099607,105.74323522045859,115.7637620599211,117.68342940531352,119.91545755549835,95.09517465285015,101.54221032944298,135.19527745450006,168.84834457955714,175.29538025614997,182.79145250530289,106.83540366052544,9.068274201794353,51.259571593379846,30.973812806891612,93.81669084338715,95.77445222028852,105.99222085563248,118.10923391905717,126.45393731704556,147.75396672262733,2,-6.949365687668745,0.9201257824897766,103.36916331210514,6.921976287522925,0.07987421751022339,123.05677950328766,18.430176651435875,89.80233908671994,91.98352550990097,103.36916331210514,114.75480111430932,116.93598753749035,119.47208813274521,86.93429703776232,92.74183659281701,123.05677950328766,153.3717224137583,159.179261968813,165.93178177455263,104.94169625001744,9.985200812388847,71.21767017493528,28.486565088791046,89.69637750530129,92.00652652050621,103.8979376789544,120.61498671161617,132.04967872619457,144.24034525783165,2,-5.055658277160745,0.0340234711766243,93.76906215212654,17.679908001120236,0.9659765362739563,107.20292762997991,8.037279859453882,59.11707921994933,64.68820135231556,93.76906215212654,122.84992295193751,128.42104508430373,134.89867854377025,91.45014857178116,93.98277870233316,107.20292762997991,120.42307655762664,122.95570668817867,125.90043654409172,106.74586169382758,8.886294507120954,73.03505193210503,5.9312630321576965,89.05457064215102,92.64450673277295,107.00916371206854,120.46587943779507,123.07234556434415,126.15941678866886,2,-6.85982372097088,0.9707539081573486,102.06398724913416,6.083707957297923,0.029246024787425995,116.07576060167065,18.161298725823112,90.14013876037049,92.05717815025913,102.06398724913416,112.07079634800918,113.98783573789783,116.21680832187953,80.48026918658417,86.20308252235134,116.07576060167065,145.94843868098994,151.67125201675714,158.32525928230987,102.47376907599457,7.151922920890178,45.57535811637801,5.573939211547553,89.977868742579,91.98118829258412,102.19158677323412,113.12678990307724,116.06561358251867,123.76810857483517,2,-2.5877311031378696,0.7734003663063049,103.02619519620588,6.921092023756705,0.22659963369369507,112.7837666513596,15.151898736611091,89.46110409595529,91.64201187846476,103.02619519620588,114.410378513947,116.59128629645646,119.12706291171331,83.0865908302039,87.8611110592434,112.7837666513596,137.70642224347577,142.4809424725153,148.0323540649569,105.23725731368377,10.283754271549284,89.0698010018801,16.68580091572819,88.31217466832183,91.09325207976919,104.12911157979246,124.6096859343967,131.34757372665885,138.61242371230077,2,-5.351219340827072
4,7,set,0.17,99.90838401186109,99.8454392600255,99.92315909065931,99.9344430053885,99.90101378535776,0.9997021555900574,100.4927637278114,4.721266725863805,0.00029781702323816717,140.07202848360478,29.991285349693058,91.23925098371099,92.72697102996901,100.4927637278114,108.25855642565378,109.74627647191178,111.47607253830442,81.2901893481426,90.74075399922557,140.07202848360478,189.40330296798396,198.85386761906693,209.84219139661545,100.5045483544573,4.797736293409434,22.551600059036335,0.46639684446272917,91.23809762957929,92.7262774987521,100.49419605701632,108.26979360572062,109.76637094143116,111.5202353560925,2,-0.6035345690995371,0.9991095662117004,98.4447923810641,5.30066975406011,0.0008904231362976134,126.9844966748214,25.864099127130416,88.0556705691655,89.72596651082637,98.4447923810641,107.16361825130184,108.83391419296271,110.77599419441442,76.29179389307193,84.44183941772852,126.9844966748214,169.52715393191426,177.67719945657086,187.1533886932028,98.47020374543624,5.4214805620828646,28.667731237324443,0.7246169618487371,88.0519938017252,89.72457128978964,98.44911573147837,107.19746857722966,108.8942852899776,110.90843423697063,2,1.430810039921525,0.2936968207359314,99.62928050310138,14.752499637461831,0.7063031792640686,97.9311373480192,7.673908506211789,70.71491253173599,75.36357796782201,99.62928050310138,123.89498303838076,128.54364847446678,133.948726671499,82.89055305518853,85.30868110868299,97.9311373480192,110.55359358735542,112.97172164084988,115.78331808702893,98.42987659382133,10.301002890282478,105.51247074448162,0.5981898011264501,78.18319889837899,82.30299975921938,98.23282167325678,115.38903316927568,120.2781132289921,126.58753901663357,2,1.4711371915364282,0.9996390342712402,98.24473061948903,5.382392464643704,0.00036098025157116354,114.79198797508917,23.20724666361711,87.6954352381276,89.39148285234356,98.24473061948903,107.09797838663451,108.79402600085047,110.76604788686636,69.3066203340623,76.6194641288811,114.79198797508917,152.9645118212972,160.27735561611604,168.78011691333623,98.25070527940176,5.408583139295951,29.154106820072133,0.09880494622050573,87.69187757197818,89.38955813464412,98.24600740945091,107.10914344879137,108.81363705386926,110.80755218810404,2,1.650308505956005,0.9979178309440613,99.41707091936013,5.261351229808056,0.002082135295495391,110.17079397647507,19.106877849238384,89.10501199892082,90.76291826634476,99.41707091936013,108.0712235723755,109.72912983979944,111.65680416740626,72.72200153496169,78.74277664643655,110.17079397647507,141.59881130651357,147.61958641798844,154.6200386406088,99.43945826933094,5.350226668622061,28.384309464173977,0.24028211124610255,89.08424859458887,90.75154584162873,99.42293557357873,108.12416634226304,109.82144539764,111.85249034691105,2,0.4615555160268201
5,8,set,0.952,99.9344430053885,109.2884827971,109.3069990911,109.34250819030001,109.3126633595,0.002778487280011177,89.84574777721932,10.404877228299501,0.9972214698791504,115.87276821572841,9.520981848148155,69.45256314619135,72.73124773026609,89.84574777721932,106.96024782417253,110.23893240824728,114.05111179692982,97.21198669589842,100.21214669066278,115.87276821572841,131.53338974079404,134.5335497355584,138.02188409694932,115.80044750641689,9.621618134442892,90.69802722858938,1.8769338117899184,96.87101015855698,100.00641114363938,115.83993609065237,131.52059935741488,134.52225999682298,138.01198877147758,2,-6.487784146916894,0.0017465223791077733,84.84530958205607,12.170358887099402,0.9982534050941467,108.76609467832323,8.994366073958815,60.991844484414266,64.82685062530953,84.84530958205607,104.86376853880262,108.69877467969788,113.15779810537381,91.13746110959502,93.97167901944279,108.76609467832323,123.56051033720365,126.39472824705143,129.69011907282237,108.7243086033759,9.056185381207214,81.01601471796363,0.9976216039622063,90.95420086694288,93.86059406897863,108.74734985261756,123.55305637229029,126.38812645544654,129.68438330399744,2,0.5883547561240903,0.0021176401060074568,53.19982260659151,17.327338523179073,0.9978823065757751,109.3368200536795,9.675385003448358,19.238863153227072,24.698886991324436,53.19982260659151,81.70075822185858,87.16078205995595,93.50923974277511,90.37341391036176,93.42222793860559,109.3368200536795,125.25141216875342,128.30022619699724,131.8451313869782,109.21793626681038,10.035466107064943,94.05062436481697,6.659319611809649,90.02456037876067,93.23206484215412,109.31111789797147,125.24156714935816,128.29156659436202,131.8374749292121,2,0.09472709268960955,0.00223016319796443,82.0914830875165,8.632277554884938,0.997769832611084,112.33681625103168,9.893953877424575,65.17252997538853,67.89265004251222,82.0914830875165,96.29031613252077,99.01043619964446,102.17316362545354,92.94502298657909,96.06271033085928,112.33681625103168,128.61092217120407,131.72860951548427,135.35359481963647,112.26936375130208,9.993688357145862,97.83819484392122,2.0355593113607933,92.60719867266236,95.8676937077683,112.30911277189875,128.60022426225635,131.7192064731263,135.3453549665493,2,-2.9567003918020873,0.000329040689393878,85.6933487181944,13.78561586274809,0.9996709823608398,107.92081809469582,10.17667474992528,58.67403812250407,63.01802846659345,85.6933487181944,108.36866896979535,112.71265931388473,117.76348687284211,87.9749021024641,91.18167772197575,107.92081809469582,124.65995846741588,127.86673408692752,131.5953037639896,107.91350684044876,10.186039973978174,103.59316629681666,0.16251248212222927,87.94381324328367,91.1620164987672,107.91706861671284,124.6584286276847,127.86543020838737,131.59416603294682,2,1.3991565190512318
6,9,set,1.378,109.34250819030001,113.4567924766,111.3007428434,111.2591723452,112.00556922173332,0.000361645536031574,87.5510304812951,11.960646370936916,0.9996383190155029,115.05136743979652,10.742707147450126,64.10859436243905,67.87751791737554,87.5510304812951,107.22454304521465,110.99346660015115,115.37565473847849,93.99604833433325,97.38118662503567,115.05136743979652,132.72154825455738,136.10668654525978,140.04264137371047,115.04141798730168,10.755911124030415,115.41575273584903,0.2734022284866493,93.9507213956421,97.35305103839833,115.04660176532853,132.7196909310449,136.10508961061439,140.04126883736092,2,-3.0358487655683604,0.00010582136746961623,79.37036269019826,12.58219255958187,0.9998941421508789,108.96021287025475,9.81298303114492,54.709718426869955,58.674497623568186,79.37036269019826,100.06622775682833,104.03100695352657,108.64091960195404,89.72711954830801,92.81929214026277,108.96021287025475,125.10113360024673,128.19330619220148,131.7886250827576,108.95707765679697,9.818058430323722,96.30119517327452,0.09264307076994192,89.71336346943922,92.81111948844752,108.95893603803393,125.10068509037666,128.19292317344355,131.7882933596569,2,3.0484915649363558,0.0009637144394218922,37.91611025816963,12.827932821651526,0.9990363121032715,109.43066589015653,12.30651904291544,12.773823931633363,16.81603843018628,37.91611025816963,59.01618208615298,63.058396584705896,67.75834450615739,85.31033179098593,89.18824340726971,109.43066589015653,129.67308837304336,133.55099998932712,138.059910302486,109.36174918484976,12.505468115880287,151.46304488448277,4.924005363219277,85.10903051147278,89.07803338271069,109.4157868013866,129.6673334576371,133.54598819977105,138.05545190656497,2,2.643820036883568,7.663132419111207e-05,74.3437807462913,9.131590227526138,0.9999233484268188,115.0458656590323,9.160470460492853,56.44619277876215,59.32365144071031,74.3437807462913,89.3639100518723,92.24136871382045,95.58703625870885,97.09167347502327,99.9782325975088,115.0458656590323,130.11349872055578,133.00005784304133,136.35630664001377,115.04274427480551,9.167408966930662,83.91417687566663,0.12694229929307935,97.07998965201064,99.97173260808545,115.04498602707619,130.11320560311586,132.99981348921693,136.35607332068946,2,-3.0371750530721897,4.826876192964846e-06,83.52141443034277,15.839451202260044,0.999995231628418,109.50935919128193,11.113049023677913,52.47666053903342,57.46783567138448,83.52141443034277,109.57499318930107,114.56616832165211,120.36948806069407,87.7281833464452,91.23002019819579,109.50935919128193,127.78869818436806,131.29053503611865,135.36217716162668,109.50924015749251,11.113192117478002,123.5004807158016,0.0032599274780201544,87.72756696410299,91.22967474063842,109.5092979399131,127.78871603398363,131.29058066304069,135.36218637085003,2,2.496329064240811
7,11,set,0.17,111.2560530246,111.276344118,111.2705618262,111.3165891662,111.28783170346667,0.9997974038124084,110.42776967063406,4.310523805428109,0.00020262322505004704,145.72696455534674,35.887021056938096,101.97929825749243,103.33758895521497,110.42776967063406,117.51795038605314,118.8762410837757,120.45554756139418,75.3896957713175,86.69806780935824,145.72696455534674,204.75586130133522,216.06423333937596,229.21265969681355,110.43492509302952,4.369198956387019,18.837805165938274,0.2524240999584176,101.97688929940988,103.3364460124721,110.4285059527502,117.52504744231369,118.88780468977234,120.4815783557795,2,0.8529066104371452,0.9991723299026489,109.6990512623293,4.866694501035737,0.0008277439046651125,130.5804935106816,30.285991460564304,100.16050531654012,101.69405116103589,109.6990512623293,117.70405136362272,119.23759720811847,121.02067566842004,71.22104101188793,80.76447061095107,130.5804935106816,180.39651641041212,189.93994600947528,201.03624535818443,109.71634384546333,4.978362270758612,24.424353113330458,0.3606262541253418,100.15070532048152,101.68881752531588,109.70162553837598,117.7283940184007,119.28079324635533,121.11630525765814,2,1.5714878580033371,0.13753540813922882,113.43775688233164,15.67573549410768,0.8624645471572876,105.19793877395122,7.504772652196816,82.71387988270439,87.65346649971669,113.43775688233164,139.22204726494658,144.1616338819589,149.9049708230756,90.48885466348432,92.85368625753907,105.19793877395122,117.54219129036338,119.90702288441813,122.65665067854913,106.331200817766,9.509254047237732,82.37178881932901,8.053618283497443,89.58879440327163,92.37041009646614,105.76188928851202,122.16164057438591,128.1086487287191,136.27263650405857,2,4.956630885700662,0.9998107552528381,108.73587741658974,4.975630789178728,0.00018932692182715982,118.88110900924218,26.869454206739128,98.98382026943082,100.5516930666377,108.73587741658974,116.92006176654179,118.48793456374865,120.31092552500783,66.21794647978524,74.68478980308082,118.88110900924218,163.07742821540353,171.54427153869912,181.38880667972748,108.73780711739275,4.990732995214846,24.888904534178593,0.019482921254891372,98.98040314333392,100.54970937994456,108.73622371944468,116.92465218831438,118.49599542323229,120.32805790534974,2,2.550024586073917,0.9972944855690002,109.93066662839705,4.716371718801072,0.0027054648380726576,115.06638826169345,20.846392749249333,100.68674792184368,102.17292550067576,109.93066662839705,117.68840775611834,119.17458533495042,120.90258794961626,74.20820926558783,80.77712353923579,115.06638826169345,149.35565298415108,155.92456725779905,163.56234971533001,109.94455569091052,4.840605805968451,23.359699798973693,0.07116530015191841,100.6379060754384,102.14565920758062,109.93378568708033,117.73858892525904,119.26273822673633,121.09225455082031,2,1.3432760125561458
8,13,set,0.053,8.34815827106303,8.277138460799891,8.33265283335194,8.27763862147518,8.295809971875672,0.9999974966049194,13.160165818014562,7.243181499062553,2.4758505787758622e-06,109.92307115250908,21.36560169963427,-1.0362090536348845,1.2461924586137147,13.160165818014562,25.074139177415404,27.356540689664005,30.010325699650682,68.04726131319813,74.77978370486511,109.92307115250908,145.06635860015305,151.79888099182,159.62689324405665,13.160405026019527,7.2448508155655595,52.46467708944443,0.023181479751803714,-1.0364074867623756,1.2460246742857526,13.160188646919057,25.074378224726445,27.357076005690708,30.01120239176882,2,-4.864595054143855,0.9999977350234985,0.19325060537693162,6.964759150036741,2.3165450784290442e-06,107.36951222181756,22.238040067249045,-13.457426489690883,-11.26275874340446,0.19325060537693162,11.649259954158317,13.843927700444743,16.3957032472714,63.783754603250735,70.7911913609108,107.36951222181756,143.94783308272432,150.95526984038437,159.1029294550974,0.19349889398396233,6.966743519314293,48.50890575085934,0.026609514979178274,-13.457512908389695,-11.262871532681254,0.19327039647360372,11.649513586486249,13.84430155540628,16.39660438414689,2,8.10231107789171,0.9998225569725037,16.99424569937456,5.214403958300572,0.00017743745411280543,44.2707713139995,8.493424133323224,6.774201740262338,8.417314436173747,16.99424569937456,25.571176962575368,27.214289658486777,29.124763262157238,27.62396590726265,30.300331823065623,44.2707713139995,58.24121080493337,60.917576720736335,64.02943048988314,16.99908548192121,5.227808069656976,27.197983990936574,0.13199161169932608,6.7745688069241075,8.417758508237142,16.995404022300402,25.579613687236684,27.229468625538793,29.15811802421644,2,-8.703275510045538,0.9999842643737793,16.631040359966,9.044779398747002,1.5768149751238525e-05,82.53111104297194,16.80410133630442,-1.096401509687972,1.7537021609610335,16.631040359966,31.50837855897096,34.358482229619966,37.67234368540949,49.59567763125388,54.89082401229153,82.53111104297194,110.17139807365234,115.46654445469,121.62329646185057,16.632080023049298,9.04873846432821,81.81119964712677,0.06847714554307252,-1.0964549476179135,1.7537089563927366,16.631218696121564,31.50970190302956,34.36091277610274,37.67774169439289,2,-8.336270051173626,0.9999994039535522,14.78055961839673,8.323334728776794,5.940408982496592e-07,80.55373536391602,27.2478422658327,-1.5328766812772514,1.0898923014370663,14.78055961839673,28.471226935356388,31.093995918070707,34.14353166961692,27.148945866455655,35.73502318635946,80.55373536391602,125.37244754147255,133.95852486137636,143.94169529123607,14.780598660709988,8.3235131453208,69.2783007570552,0.002569885128441094,-1.5332064986565053,1.089793901292017,14.780565497575848,28.471503526205808,31.094164300590712,34.144094871389406,2,-6.484788688834316
9,17,set,0.229,13.769162198803,10.4247262831743,10.423720050567601,10.6833201109441,10.510588814895334,0.9996040463447571,19.339453152935555,7.276605846216576,0.00039592565735802054,109.17735073242622,15.671710001648272,5.077567764657459,7.370501634889928,19.339453152935555,31.308404670981176,33.60133854121365,36.26736969351464,78.46136355303945,83.39968169568338,109.17735073242622,134.95501976916904,139.89333791181298,145.63519997734525,19.37502174012659,7.497964304219677,53.02526762305003,3.1941905741352676,5.078685362991897,7.371778008608517,19.343065574176347,31.335160661833513,33.6498176502976,36.37631867765898,2,-8.864432925231258,0.9997829794883728,9.191551618795046,7.956789904485413,0.0002170504885725677,105.73234965223331,16.443775856702374,-6.4034700265482645,-3.8962031144886495,9.191551618795046,22.279306352078734,24.786573264138354,27.701812897284313,73.50314120324738,78.68474529355935,105.73234965223331,132.77995401090726,137.96155810121923,143.98629265767698,9.21250612171003,8.085663366871911,63.35545587268523,2.0224987538406016,-6.402883583898018,-3.8954575810575163,9.193716318230106,22.295367052596912,24.815600913837816,27.766693044777504,2,1.2980826931853038,0.9952228665351868,20.089385659538664,6.332857677023213,0.004777128342539072,59.657268177621326,8.62976951118494,7.677212693355173,9.672761740519553,20.089385659538664,30.506009578557773,32.501558625722154,34.82181565308483,42.74323074081701,45.46256049739354,59.657268177621326,73.85197585784911,76.57130561442563,79.73311413342887,20.27840640966671,6.907437574263265,40.269265712844295,7.443426023150052,7.690152844718982,9.687444454031093,20.12748427357301,30.796706417850398,33.05330242946433,36.28870506811528,2,-9.767817594771378,0.9988582134246826,23.433914070064716,9.231501056987769,0.001141734654083848,87.94058811575064,14.09270029433126,5.340504475125243,8.24944607427203,23.433914070064716,38.618382065857396,41.52732366500419,44.90959692819399,60.319403093944345,64.76015892307979,87.94058811575064,111.1210173084215,115.56177313755694,120.7251114849629,23.50756235852464,9.491867591801737,85.35006131410971,4.7454603742277195,5.344920653712093,8.254516032267157,23.447139595662716,38.71648994173998,41.70674762676591,45.32200965996821,2,-12.996973543629307,0.9999370574951172,21.050421905669587,9.516531030991263,6.290905002970248e-05,85.15531503390035,20.484726810842634,2.398363827168879,5.397121323347369,21.050421905669587,36.7037224879918,39.702479984170296,43.1891836378598,45.005988251506736,51.46093784197576,85.15531503390035,118.84969222582492,125.30464181629395,132.80991570061153,21.054453979359767,9.531189853857356,90.58506066522301,0.25850453484752206,2.3984555200294464,5.397411217126178,21.051171336630414,36.70928293025739,39.7124764090317,43.211230774430184,2,-10.543865164464433
10,19,set,0.494,10.6902959266338,12.5653176625393,12.7783736759369,12.7423710468864,12.695354128454198,0.8731080889701843,16.60825942036272,6.690441870349222,0.1268918216228485,108.98402830928353,11.52819679876287,3.495234313819445,5.603461844010807,16.60825942036272,27.61305699671463,29.721284526905993,32.17255464184346,86.38917777701835,90.02183199262807,108.98402830928353,127.94622462593898,131.57887884154871,135.80262442360996,28.329987523595037,31.6441275825129,55.945912111762496,945.404826589615,3.8878206193227074,6.049755860121446,17.833743849459207,112.08299793028553,118.80977421484539,125.27506779369406,2,-15.634633395140838,0.953557550907135,10.354916195534074,8.783409826059977,0.046442389488220215,104.37174966513474,12.1425536280052,-6.8602507249987035,-4.0925073138618835,10.354916195534074,24.802339704930027,27.570083116066847,30.78818297121813,80.57278187389838,84.39902628965763,104.37174966513474,124.34447304061186,128.1707174563711,132.61955348307154,14.721281976777306,21.72233118579853,80.41287334026076,391.446785887966,-6.680951765957486,-3.889115791638081,10.891406851396756,33.855091102859326,103.20421843782256,113.94131669217346,2,-2.025927848323107,0.7856200933456421,20.791659847781162,6.769723079967745,0.21437989175319672,78.17479623180668,8.702532276810738,7.5232464257348095,9.65645628623912,20.791659847781162,31.926863409323197,34.06007326982751,36.540390742709334,61.11814639496028,63.86040445263228,78.17479623180668,92.48918801098108,95.23144606865309,98.41991369273714,33.0934501044276,24.633746195588124,52.240162862249235,554.5812724470026,8.236023935224706,10.46858776219408,23.15402743272004,84.51242204231907,88.54891515780848,92.78013991468339,2,-20.398095975973405,0.8538548946380615,23.28099474915267,9.24105920055235,0.14614510536193848,94.7036720143922,11.682217847842914,5.168851537067553,8.080805006250857,23.28099474915267,38.481184492054474,41.39313796123778,44.77891317424318,71.80694577306906,75.48813361653055,94.7036720143922,113.91921041225383,117.60039825571533,121.88057466880352,33.719069443312826,27.007844623008417,92.86183434996657,636.561836830598,5.8015424066354,8.800235121406269,25.278807201438784,99.45446835993326,105.80149682383747,112.08246341083742,2,-21.023715314858627,0.9856496453285217,20.397951867487265,10.68049860839011,0.01435039285570383,92.00904111363626,15.511099163787538,-0.5354407418875233,2.830094993826634,20.397951867487265,37.96580874114789,41.33134447686204,45.24450709881175,61.60784539198333,66.49555339607636,92.00904111363626,117.52252883119614,122.41023683528918,128.09325367735005,21.425599909874364,13.726745665085701,115.88868303995946,72.53488104269996,-0.46943157724120105,2.904978296670799,20.59285373325568,39.59000735191729,44.92634803460882,84.01530439911677,2,-8.730245781420166
11,20,set,1.493,12.7423710468864,117.8008235455,117.8033353422,118.2841511775,117.96277002173333,0.0004398869350552559,6.294322100445825,3.155597464884883,0.9995600581169128,122.42070779021606,11.981956510295998,0.10946471956555559,1.1038261651310526,6.294322100445825,11.484818035760595,12.479179481326092,13.63533955420944,98.93650456571066,102.71214316628087,122.42070779021606,142.12927241415125,145.90491101472145,150.29490684479296,122.36961858355899,12.22451381481909,143.5085008583944,5.929414340699585,98.84783112707818,102.66336209386532,122.41409986537528,142.12678013614246,145.9027257107427,150.29303443656337,2,-4.4068485618256545,0.00035784015199169517,14.499197726905244,5.663810265752681,0.9996421337127686,116.68022382964347,11.434768740899981,3.398333590761755,5.1830588689169605,14.499197726905244,23.815336584893522,25.60006186304873,27.675190697609683,94.26848892593507,97.8717029928228,116.68022382964347,135.48874466646413,139.09195873335185,143.2814737801848,116.64365630626656,11.595423100841286,130.71862279579392,3.7348585023824388,94.19975388521307,97.83383535175898,116.67509403675031,135.48681520345008,139.09028511460883,143.2800123925854,2,1.31911371546677,8.91963645699434e-05,32.891867600098834,4.744453095944851,0.999910831451416,118.69926486487094,9.692893974825575,23.592910405707364,25.087936717332802,32.891867600098834,40.695798482864866,42.1908247944903,43.92911597333662,99.70154176824752,102.75587305472301,118.69926486487094,134.64265667501886,137.69698796149436,141.2483081565097,118.6916144587188,9.72636201942197,93.9458238219348,0.6566861741674611,99.68706627230229,102.747881373522,118.6981808393985,134.64225008966451,137.6966258262004,141.24803410042486,2,-0.7288444369854687,0.00022890813124831766,15.751792681146028,6.0670331711338354,0.9997710585594177,125.08659908955846,10.95716889406532,3.8606261727138733,5.772411164771643,15.751792681146028,25.73117419752041,27.64295918957818,29.86582240054849,103.61094268466786,107.06366009303525,125.08659908955846,143.10953808608167,146.56225549444906,150.57678565177375,125.06156729679181,11.080468161475308,120.04048942126687,2.7357642850395067,103.56889351325206,107.04049990475127,125.08345527408379,143.1083902912494,146.56123674292866,150.57590434258466,2,-7.098797275058473,0.00015125624486245215,21.49295167317399,7.9065851260005084,0.9998487234115601,117.21268644640804,11.517523892886338,5.996329585512905,8.487776451871486,21.49295167317399,34.49812689447649,36.98957376083507,39.88641917196821,94.63875442527126,98.2680454976937,117.21268644640804,136.15732739512237,139.78661846754483,144.00645366883876,117.19820585424164,11.577074972837325,132.64274492222813,1.3856405768960551,94.60957105340147,98.25193041183373,117.2105030215616,136.15654646051368,139.7859565462812,144.00589597981028,2,0.7645641674916988
12,22,set,0.229,9.83705895546173,9.83506594411716,10.3692113229714,10.3502011251083,10.184826130732288,0.9996923208236694,15.4423483834994,7.25954483778687,0.00030765068368054926,108.5345726092859,15.866426392186577,1.213901957283463,3.5014597270488252,15.4423483834994,27.383237039949968,29.670794809715332,32.33057508338905,77.43694831724441,82.43662361133924,108.5345726092859,134.63252160723255,139.63219690132738,145.44539991537465,15.47098782993438,7.444968946598287,52.76222530997896,2.6653304860764413,1.2147199185960724,3.502422999892209,15.445148776815097,27.403976241966163,29.708369263061524,32.41475272426647,2,-5.286161699202092,0.9998326301574707,5.0455633005733205,7.94905722708213,0.00016739284910727292,105.21137354633109,16.698948722950092,-10.534302575555488,-8.029472310237539,5.0455633005733205,18.120598911384175,20.625429176702127,23.537835681424813,72.48203546966778,77.74404717310996,105.21137354633109,132.6786999195522,137.9407116229944,144.05893740668304,5.062330457014642,8.056228391116417,63.22361342995974,1.6792030494643793,-10.533844952445143,-8.028938041816664,5.047230943730124,18.13287538842398,20.64783828743213,23.587711317798647,2,5.122495673717646,0.9964253306388855,17.91238177569607,5.961216502445371,0.0035746865905821323,58.322886028084746,8.610944091268253,6.228612126857312,8.107053190605827,17.91238177569607,27.717710360786306,29.596151424534824,31.780245112857035,41.44574573631098,44.159143408085804,58.322886028084746,72.48662864808368,75.20002631985851,78.35493750829119,18.056836971986545,6.441331503305091,35.67412951488575,5.81662763824174,6.23768655786478,8.117355673857315,17.939185050347486,27.920255214268785,29.975751325276292,32.733913957456274,2,-7.872010841254257,0.9990975856781006,20.19362039475552,9.340527555127082,0.0009024539613164961,87.01983560653204,14.177442810266989,1.8865227901024717,4.829819768064565,20.19362039475552,35.557421021446466,38.500717999408565,41.922936815045304,59.23255830553241,63.700017379167306,87.01983560653204,110.33965383389676,114.80711290753167,120.00149954753226,20.25392877785652,9.559005745003258,87.34811660208445,4.026490491867241,1.8900764492402065,4.833824465251446,20.204194218529892,35.63569792206843,38.64363978060939,42.24912993336296,2,-10.06910264712423,0.9999563694000244,17.57090366825316,9.535759137355406,4.3652617023326457e-05,84.64539599811755,21.226856667269654,-1.1188408062121766,1.8859756654384725,17.57090366825316,33.25583167106784,36.26064814271849,39.75439666480543,43.0415214252751,49.730323820180004,84.64539599811755,119.56046817605508,126.24927057096,134.02644887858997,17.573832032238293,9.546872846274841,90.94640393646476,0.19638400621071794,-1.1188352629484764,1.886042307046969,17.571424213259505,33.25967311454257,36.26762493071893,39.769815242034184,2,-7.389005901506005
13,27,set,1.378,10.675797177789,114.86365569200001,116.11212483439999,117.9338879135,116.3032228133,0.0007145933923311532,6.970698130657041,3.3329801589817905,0.9992853999137878,121.33970253909169,11.368495606948692,0.438177057866147,1.488433627598547,6.970698130657041,12.452962633715533,13.503219203447934,14.724369437724633,99.05786059107042,102.64019130702025,121.33970253909169,140.03921377116313,143.62154448711294,147.7867781253594,121.2579743920204,11.768549900254,129.15827377026878,9.340394561045644,98.92058171766844,102.56487073608598,121.32951359752369,140.0353309619122,143.61810970123156,147.78380692300033,2,-4.954751578720405,0.0007637274102307856,14.270087660507201,6.005564148241381,0.9992362260818481,115.71060425671429,11.032878062232557,2.499398223109127,4.391813689382634,14.270087660507201,24.148361631631765,26.040777097905274,28.24111904918443,94.08656060891641,97.56313476033773,115.71060425671429,133.85807375309085,137.33464790451217,141.37691668134084,115.63312597222215,11.380355211194852,121.65897361976401,7.852889254869574,93.94405374769623,97.48497139073129,115.70003621753924,133.85403895534128,137.33108680133734,141.37383515351988,2,0.6700968410778501,0.00016886739467736334,32.469232052315434,5.180098777418212,0.9998310804367065,117.2835812134028,9.264259976792504,22.31642501221577,23.948727790312198,32.469232052315434,40.98973631431866,42.62203909241509,44.51994383048385,99.12596531547361,102.04522958955428,117.2835812134028,132.5219328372513,135.44119711133197,138.83547271497568,117.26925271670659,9.329083658669402,85.81654643080874,1.2145380527844891,99.09973544956759,102.03074700464737,117.28162077912678,132.52122106615496,135.44059615072194,138.83495827000792,2,-0.9660299034065929,0.00048449565656483173,17.106202135873474,6.320517772735576,0.9995155334472656,122.34925324103881,10.705465168132399,4.718214937666424,6.709875553178117,17.106202135873474,27.502528718568826,29.49418933408052,31.80992521931423,101.36692707375127,104.74033003103358,122.34925324103881,139.95817645104404,143.33157940832635,147.2538893755419,122.29826700072665,10.951442977595566,114.57081630570836,5.363722287916593,101.27962389799808,104.69234768809717,122.34274906463375,139.9556800684582,143.32942271606842,147.25198341931133,2,-5.995044187426657,0.00043154016020707786,21.07488219182035,8.305598002884151,0.9995684027671814,115.55681507819513,11.241665840181806,4.79620923609961,7.413389192775444,21.07488219182035,34.73637519086525,37.35355514754109,40.39659244846775,93.52355490520458,97.0659202479956,115.55681507819513,134.04770990839464,137.59007525118568,141.70884050617963,115.51603573461145,11.41059437090031,126.35027665688797,3.8506256659994382,93.44199538179288,97.02100483185498,115.55073310212205,134.04541520171318,137.5880901545309,141.70710219962277,2,0.7871870786885466
14,29,set,0.053,23.2569768023285,23.2634909054872,23.2389738040992,23.3019898268173,23.268151512134565,0.9999943971633911,27.984048659865678,6.930038934570546,5.575488103204407e-06,113.6404529130008,21.154861544122056,14.401421936647077,16.585148983422393,27.984048659865678,39.38294833630896,41.566675383084274,44.10573000232412,72.17768618859017,78.84380217449541,113.6404529130008,148.4371036515062,155.10321963741143,162.85402009179748,27.984525470806638,6.933151837284019,48.027665743943004,0.04090723735615411,14.40133483349575,16.58499867919614,27.984097510187496,39.383389445461546,41.56756293718696,44.1073968398461,2,-4.716373958672072,0.9999943971633911,16.323533347715653,6.7335979209847014,5.582367521128617e-06,110.12012271283808,21.60382743471,3.1259239362118514,5.24775038495107,16.323533347715653,27.39931631048023,29.52114275921945,31.98822455584424,67.77739901258812,74.5849888008216,110.12012271283808,145.65525662485453,152.46284641308802,160.37814073672087,16.324056620621878,6.737418651690702,45.34369235385445,0.049112279798617244,3.1258952498946675,5.247696334593168,16.323580814612196,27.39988088849233,29.522003468966766,31.9897372391068,2,6.944094891512687,0.9993938207626343,27.50126945582779,6.429191662980523,0.0006061799940653145,50.34394425294378,8.44559225504573,14.900285346680784,16.926190230608103,27.50126945582779,38.07634868104747,40.10225356497479,42.45780581280363,33.79088760494373,36.45218120047854,50.34394425294378,64.23570730540901,66.89700090094382,69.99132984048521,27.51511624911094,6.455136866005902,41.3526869442703,0.3161055874815207,14.901927799815743,16.928044065095403,27.506123424789507,38.10964438543792,40.160258040774295,42.57914160623733,2,-4.2469647369763734,0.9999685287475586,29.34600419793557,8.363678834355845,3.1485094950767234e-05,87.1044807093919,16.846385471310057,12.953494904338172,15.588976732588092,29.34600419793557,43.10303166328305,45.73851349153297,48.80283067339967,54.08617191594535,59.39464246588495,87.1044807093919,114.81431895289883,120.12278950283843,126.29503373584654,29.347823135275085,8.370357103741602,69.95785768687632,0.10503227976148334,12.953591781165128,15.589101034390904,29.34633390860475,43.105464803099686,45.742927717154274,48.81261964347107,2,-6.07967162314052,0.9999979734420776,28.466786703448975,7.882981663312897,2.038791535596829e-06,83.59394258137738,24.128749665124502,13.016426552566042,15.500435723356802,28.466786703448975,41.43313768354114,43.917146854331904,46.805344336999866,36.302462245750455,43.905681180893204,83.59394258137738,123.28220398186153,130.8854229170043,139.72580806810342,28.466899444479417,7.883441311782571,62.14246094840049,0.006195881603643595,13.016309938220688,15.500283770094647,28.466806063401826,41.43347190010866,43.9176523054554,46.80616644176506,2,-5.198747932344851
15,30,set,0.229,23.3019898268173,23.3099907086377,23.2695375691338,23.264990098420203,23.281506125397232,0.999315619468689,28.7260262226107,7.265981646877981,0.0006844341987743974,110.95472776260412,15.362844694396282,14.484963882400823,16.774549957380614,28.7260262226107,40.677502487840776,42.96708856282057,45.629227179645056,80.84410546150515,85.6850969467342,110.95472776260412,136.22435857847404,141.06535006370308,146.69404885663252,28.782307899718443,7.585810861380984,52.919895876445295,4.624675007467439,14.486972898773388,16.776861592024595,28.73226296559212,40.72365251362418,43.05104923926393,45.81982595293959,2,-5.500801774321211,0.9996089339256287,19.244915820821326,7.927779330079147,0.0003910567320417613,107.1458929600625,15.97503099566629,3.7067538564851166,6.204879236069724,19.244915820821326,32.28495240557292,34.78307778515753,37.68768841121587,75.83540755664552,80.8693052861786,107.1458929600625,133.42248063394638,138.45637836347947,144.3093723545673,19.279289909892327,8.120668614105652,62.924905036496014,3.0203502311644934,3.707937026529961,6.206313015724478,19.248803000129133,32.313681225072955,34.83523955116894,37.805016700637935,2,4.002216215504905,0.9902916550636292,25.778775775807105,7.286786884660696,0.00970840360969305,63.014458915996,8.650388154906823,11.496935918853318,13.793077939750535,25.778775775807105,37.76447361186367,40.06061563276089,42.730376953526196,46.060009680086736,48.78583658485945,63.014458915996,77.24308124713255,79.96890815190527,83.13827100979157,26.14027632894112,8.16322184378773,53.30824878034197,13.329982182856405,11.527338176771607,13.827572866766765,25.868308733439896,38.47616383858196,41.496078542660335,48.80897812386844,2,-2.8587702035438873,0.9981210827827454,31.32789106281514,8.924641635889719,0.001878840266726911,90.31021332299265,13.97949944008842,13.835914881544657,16.64816189877981,31.32789106281514,46.00762022685046,48.81986724408562,52.08971215904356,62.9108978985215,67.31598296599714,90.31021332299265,113.30444367998817,117.7095287474638,122.83139212559746,31.438707014204876,9.29466883287007,79.86674902074337,6.524043634674142,13.843000020628251,16.65629214306496,31.348946655869376,46.16452251876858,49.10877557183314,52.76886917655562,2,-8.157200888807644,0.999854564666748,29.509005086193135,9.390267906482638,0.00014536964590661228,86.62315446940121,18.930554693843515,11.104418184304826,14.063388862169154,29.509005086193135,44.95462131021711,47.913591988081436,51.35403486711296,49.51994906210225,55.485162921029485,86.62315446940121,117.76114601777294,123.72635987670017,130.66221013583794,29.51730581149702,9.417568193524964,88.21640280916974,0.47413063902170904,11.104858933760365,14.063930466756736,29.510712652092394,44.96713627013255,47.93609319659738,51.40361509802753,2,-6.235799686099789
16,32,set,0.229,23.8366635535984,23.8471512073932,23.9276867023556,23.8066556743402,23.860497861363,0.9992961883544922,29.24977379912233,7.263184793988238,0.0007037969771772623,111.06396212103914,15.35265199382336,15.01419318984641,17.302897947511994,29.24977379912233,41.19664965073267,43.48535440839825,46.14646830338263,80.9733171459683,85.81109680567502,111.06396212103914,136.31682743640323,141.15460709610997,146.779571447759,29.30735394850816,7.588821887968158,52.882612283975234,4.707592764392244,15.016284274788196,17.305261824376636,29.256185123883945,41.24413856100214,43.57177068537129,46.34254633001718,2,-5.446856087145157,0.9995965361595154,19.808594526350902,7.924168872203572,0.0004034594458062202,107.23139694440825,15.955124427808903,4.277508929418518,6.774496616330893,19.808594526350902,32.8426924363709,35.33968012328328,38.242967935742286,75.95992769704755,80.98755266086474,107.23139694440825,133.47524122795176,138.50286619176893,144.34856673709857,19.843865994712917,8.121091106161852,62.86982488670381,3.0822941373452477,4.27881807095307,6.775932446769486,19.81260323060528,32.87235730766312,35.39353478835937,38.36398090871747,2,4.0166318666500835,0.9898953437805176,26.11595124372967,7.342321256008101,0.010104618966579437,63.20838776983639,8.650484195967545,11.725266019030894,14.03890749554185,26.11595124372967,38.19299499191748,40.50663646842844,43.19674468816899,46.25375029690707,48.97960746521278,63.20838776983639,77.43716807446,80.16302524276571,83.33242328854938,26.49075520847301,8.239117421245657,54.12108012596098,13.761949612511236,11.757155607244805,14.075058112027206,26.20988682622327,38.94221287622548,42.026200786089625,50.07129357263523,2,-2.6302573471100104,0.9980740547180176,31.772336163473376,8.905786031639662,0.0019259646069258451,90.44878410943282,13.977293239722117,14.317316287439745,17.123621708477113,31.772336163473376,46.421050618469636,49.227356039507,52.49029256484092,63.05379275822229,67.45818262911159,90.44878410943282,113.43938558975404,117.84377546064334,122.96483052250579,31.88534553947602,9.281955610624383,79.53653784366841,6.618181761125134,14.32457698554755,17.13191305642583,31.79387412635135,46.58163048515847,49.52310317473271,53.18651275094236,2,-8.02484767811302,0.9998478889465332,29.984353456161436,9.379891355879192,0.0001520409859949723,86.71545541681577,18.85329514855319,11.600104219739642,14.55580513903278,29.984353456161436,45.41290177329009,48.368602692583224,51.80524377064505,49.763675935747784,55.70454451173145,86.71545541681577,117.72636632190009,123.66723489788376,130.57477850431698,29.992976807912274,9.40809977088872,88.02302123085788,0.4892570369362397,11.600623308317898,14.556463608688544,29.98613730584364,45.42587065335889,48.39205852692383,51.85699247560813,2,-6.1324789465492735
17,33,set,0.893,23.8066556743402,75.2863516384569,75.3310990129366,75.3681167241097,75.32852245850107,0.008816849440336227,26.517073593911313,5.689734149068096,0.9911831617355347,113.59394159930824,9.383704871997436,15.365399580130191,17.158293742427002,26.517073593911313,35.87585344539562,37.66874760769243,39.75337453545345,95.20221800864022,98.15912060636104,113.59394159930824,129.02876259225542,131.98566518997626,135.42370347890616,112.82619923387985,12.402666129405684,87.56298850434354,66.26328087921922,93.54737668873315,97.33215386463195,113.48932396561881,128.9884797490108,131.9501521232842,135.39258119046022,2,-37.49767677537878,0.02033241093158722,26.474217328586803,8.885368388137719,0.9796676635742188,107.83682332701858,9.436580963985568,9.059215298466157,11.859086908558513,26.474217328586803,41.08934774861508,43.88921935870744,47.14467518840068,89.3414645004106,92.31502890238569,107.83682332701858,123.35861775165147,126.33218215362656,129.78959339080066,106.18253342186307,14.856115710249453,88.84372403255745,131.86128999663674,83.37268442025396,90.1276277973956,107.5913315616234,123.26446116989561,126.24919414360565,129.71679475971675,2,-30.854010963362,0.0098904212936759,29.525337554576502,8.330694218058415,0.9901095628738403,102.82433335074985,9.028603340091093,13.197476920965936,15.822564954979454,29.525337554576502,43.22811015417355,45.853198188187065,48.90543033804102,85.12859597347327,87.97360240049484,102.82433335074985,117.67506430100487,120.52007072802644,123.8280055365288,102.09937377395774,11.576231816964462,81.3958524302,52.61312560762523,83.29309522606857,87.07124998442737,102.71129546759153,117.631561268331,120.48170878380601,123.79439185226329,2,-26.770851315456667,0.010259069502353668,32.61933051007256,8.337015091869082,0.9897409677505493,107.89570198530183,9.915735303988773,16.279081191442263,18.906160998262532,32.61933051007256,46.33250002188258,48.95957982870285,52.014127844888606,88.4612179092515,91.58576880664512,107.89570198530183,124.20563516395852,127.33018606135215,130.96315172928783,107.12344047788058,12.472478111441628,98.02618507862807,57.53695265490023,86.34967083920117,90.55388000156591,107.76688105902315,124.15601026161116,127.28642281531152,130.92481331752876,2,-31.79491801937951,0.02566307783126831,32.307411097089606,11.251529943125544,0.9743368625640869,103.34296056670985,10.792571666177043,10.254817637589532,13.800291261386455,32.307411097089606,50.81453093279275,54.36000455658967,58.48238385998658,82.1899088004354,85.59075991746484,103.34296056670985,121.09516121595485,124.4960123329843,128.45023671775422,101.51996357216362,15.585689334232363,116.73923787165035,126.17385984802456,54.18235971703083,82.18577558945485,102.98662190508286,120.95884577396508,124.37575944158148,128.3448960200203,2,-26.19144111366255
18,34,set,1.226,75.3681167241097,114.4943819324,114.49138005840001,114.49088194609999,114.49221464563334,0.00041785635403357446,64.20500448493455,8.30431791274624,0.9995821118354797,114.55333691531595,9.632922506472807,47.92884045978108,50.54561704679581,64.20500448493455,77.86439192307328,80.48116851008801,83.52373680661104,95.67315573676395,98.70858939240168,114.55333691531595,130.39808443823023,133.43351809386797,136.96286570904914,114.53229490069754,9.68723162021557,92.78323492020422,1.0588042647819718,95.60547877546917,98.6713322726727,114.54829036334029,130.39617423755277,133.43183092493848,136.96143176973843,2,-0.04008025506419699,0.00027161050820723176,61.8575482985375,10.981546173299321,0.9997283816337585,108.38397473801302,8.968734086867238,40.33411330430718,43.794512245851045,61.8575482985375,79.92058435122395,83.38098329276782,87.4044448924737,90.80557894083651,93.63171994606614,108.38397473801302,123.1362295299599,125.96237053518954,129.24837021383425,108.37133681999775,9.002054624048453,80.4490973252955,0.5877978415811531,90.76485852590137,93.60925698123738,108.3809209727091,123.13510192336977,125.96137439255939,129.24748271240756,2,6.1208778256355885,0.0007157738436944783,36.66523306690062,12.059320328737961,0.9992842078208923,110.20026760599553,10.575092172232445,13.029399544542486,16.829416285606356,36.66523306690062,56.501049848194874,60.30106658925875,64.71940727603767,89.47346781522849,92.80578889115287,110.20026760599553,127.5947463208382,130.92706739676257,134.80161079865442,110.14763113110983,10.75753443148837,111.85661855983291,3.867706030411137,89.3455699957317,92.73556006887267,110.19077425820086,127.59108730970173,130.9239141447664,134.79879302224236,2,4.3445835145235066,0.0001691703946562484,58.821562771702446,8.582042592066664,0.9998308420181274,114.3255577036165,9.18991870773298,42.001068377463014,44.705358887489574,58.821562771702446,72.93776665591531,75.64205716594188,78.78637931068468,96.31364801560898,99.20948658581271,114.3255577036165,129.44162882142027,132.33746739162402,135.70450555195927,114.31616948998729,9.2181175453194,84.45277932977254,0.5210739621272752,96.28757895016336,99.19509498792928,114.32360874661356,129.4408993217503,132.3368287964005,135.70394853451336,2,0.17604515564605094,4.59039474662859e-05,64.9066996827824,13.741506947588732,0.999954104423523,107.8751080378527,9.82816026276932,37.97384097220155,42.30393214026221,64.9066996827824,87.50946722530259,91.83955839336325,96.8742251564229,88.6122678885371,91.70922298337624,107.8751080378527,124.04099309232915,127.13794818716828,130.73882777087877,107.87313652131422,9.83268119066472,96.59696896856217,0.08474783865670692,88.60498308502675,91.70511639546031,107.8745434934285,124.04082712255706,127.13776960224094,130.73872791316663,2,6.619078124319117
19,36,set,0.893,10.8123268743736,112.76839300409999,113.6126986276,113.6304238642,113.33717183196666,0.01737726852297783,14.54526450768818,5.007210804963099,0.9826227426528931,114.32969021325785,9.881830065523562,4.731311666960693,6.309135654234025,14.54526450768818,22.781393361142335,24.35921734841567,26.193778718688414,94.96165918348657,98.07552618906331,114.32969021325785,130.58385423745239,133.69772124302912,137.31826457782145,112.59571073109488,16.321972781467675,96.38935209563545,170.01758506872267,90.41432876076338,96.18937975288334,114.11064794903837,130.4997798125471,133.62352277703735,137.25321361746197,2,0.7414611008717742,0.04468243569135666,14.981916562276396,8.069960574394885,0.9553175568580627,108.74832433805933,10.158616972486794,-0.8349155201957501,1.7080126421275779,14.981916562276396,28.255820482425207,30.79874864474854,33.75545218811334,88.8378009392479,92.03888636605365,108.74832433805933,125.45776231006502,128.65884773687077,132.38080133519918,104.55861204237023,21.83567923706544,101.49629314494122,375.3005131455706,16.190086016065266,82.96049070598872,108.15247896530504,125.23164234148382,128.45950756724181,132.20608869555844,2,8.778559789596429,0.013917474076151848,27.015016309422066,6.873329432244448,0.9860825538635254,101.96864866017047,8.744723114785959,13.543538168343806,15.709395463562478,27.015016309422066,38.32063715528165,40.486494450500324,43.004771621706276,84.82930630041507,87.58485912812841,101.96864866017047,116.35243819221253,119.10799101992588,122.31191668732859,100.92548627398665,12.375942647666689,76.06341117113416,77.10082983946252,82.01147817498465,86.3008496479455,101.8139530065835,116.29298366609135,119.05552296202161,122.26595032314279,2,12.411685557980007,0.02183249592781067,23.572136364655968,8.047688652413427,0.9781674742698669,107.68385735759131,10.263308588749656,7.798956447133966,10.334866496157531,23.572136364655968,36.8094062331544,39.34531628217797,42.29385975214055,87.56814216142138,90.80221700086423,107.68385735759131,124.56549771431837,127.79957255376124,131.55988347365417,105.84748534230286,15.98555520309647,104.44975109221733,151.08789016303973,79.74055665283089,88.1959830456614,107.39671687558972,124.45546328762642,127.70256879171126,131.47485829616454,2,7.4896864896637965,0.07253429293632507,22.461336432465302,10.399367901451935,0.9274656772613525,104.0451277377704,11.63779062516802,2.0789498836376232,5.35589842175936,22.461336432465302,39.56677444317124,42.84372298129298,46.65388384137657,81.2354772528232,84.90266561826093,104.0451277377704,123.18758985727986,126.8547782227176,131.11867721716246,98.12750201958895,24.108561285881386,133.45861015275142,447.763830155586,18.30402109553207,27.598121348065852,102.9025793391443,122.75951736286511,126.4776808118628,130.78837759984074,2,15.209669812377712
20,37,set,0.952,113.6304238642,90.72417853792541,90.74871318324709,90.9497702608803,90.80755399401761,0.004661565646529198,100.91289671995541,11.036380130911033,0.9953384399414062,118.49601728411021,10.454967443519116,79.28198914367634,82.75966683321123,100.91289671995541,119.06612660669958,122.54380429623448,126.58735617460687,98.00465763527393,101.29912616497822,118.49601728411021,135.6929084032422,138.9873769329465,142.8179085695071,118.41405307547767,10.526110123169627,109.36459271354451,1.4344799649573423,97.69387008347248,101.07880760173765,118.44153584877694,135.66962747983004,138.96671709862156,142.7997335050571,2,-27.606499081460058,0.0020949209574609995,94.67403648708365,12.15216185012287,0.9979051351547241,110.58575995955223,9.780705002651374,70.85623692654119,74.68550899260774,94.67403648708365,114.66256398155957,118.49183604762611,122.9441923721172,91.41593041094481,94.4979318617987,110.58575995955223,126.67358805730575,129.75558950815966,133.33908224909086,110.55243236178907,9.813244103721319,95.77115852053387,0.529287112853277,91.28592021068508,94.40940281438407,110.56494008859164,126.66451526972136,129.7475229171069,133.33198756179618,2,-19.744878367771463,0.0018525011837482452,60.94855670321189,18.32276295710912,0.9981474876403809,111.65324262932693,9.546806603368754,25.036601210013387,30.81029359743886,60.94855670321189,91.08681980898491,96.86051219641038,103.57367735503696,92.941845519355,95.95014316197155,111.65324262932693,127.35634209668228,130.36463973929884,133.8624358749529,111.55931089080498,9.815734112296461,91.59460398158977,4.7538930926345815,92.65022448930726,95.78958436060056,111.63116200106214,127.34779184138624,130.35710062969272,133.85588154293487,2,-20.75175689678737,0.003964833915233612,91.75031747217213,8.369573011453877,0.9960351586341858,114.10787926747469,10.59010339002331,75.34625580374409,77.98359494824706,91.75031747217213,105.5170399960972,108.15437914060017,111.22085585399745,93.35165803047346,96.68870929660375,114.10787926747469,131.52704923834563,134.8641005044759,138.74414377472812,114.01923439803679,10.675086443395951,111.98336733719667,1.9740063763573132,92.95339130207344,96.41254388616179,114.05545217389722,131.50665527110567,134.846141724303,138.72838207640075,2,-23.211680404019177,0.00028802751330658793,95.59549558410615,13.357589667427874,0.9997119307518005,110.7347553171262,11.013389272989313,69.41510091568315,73.62421577230789,95.59549558410615,117.56677539590439,121.77589025252914,126.66989590923689,89.14890899434738,92.61934202642128,110.7347553171262,128.8501686078311,132.32060163990502,136.35573003832909,110.73039017228884,11.017154857853045,121.31119336005291,0.0659960811852288,89.13312964885934,92.60817119636394,110.73180166413856,128.84887777339236,132.3194447135353,136.35476384783084,2,-19.922836178271226
21,38,set,0.385,90.9497702608803,90.7547253716633,90.8197572932806,91.4295745416178,91.00135240218724,0.9306604266166687,91.0265588986461,6.658224896529991,0.06933955103158951,127.75741866733108,16.2396913466982,77.97667790047939,80.07475352853015,91.0265588986461,101.97836426876205,104.07643989681281,106.51590623157445,95.92820850775583,101.0455034551421,127.75741866733108,154.46933387952006,159.58662882690632,165.5365901068019,93.57345818940884,12.108183841686056,59.544751311868154,87.06316892052544,78.17345429425677,80.30040524384412,91.63290087849136,118.25369496431907,133.5550644346357,144.9968621695486,2,-2.572105787221602,0.9076937437057495,87.68485958336589,7.650201456380113,0.09230620414018631,118.24991343802496,15.199887710623623,72.69074025438499,75.10139797092963,87.68485958336589,100.26832119580216,102.67897891234678,105.4818894773999,88.45868095614968,93.24832300795057,118.24991343802496,143.25150386809935,148.04114591990023,153.61013989929373,90.50619911090804,12.35817113792418,74.44941523103194,78.27455142984381,72.99219595512791,75.4471024281344,88.61226213639578,116.68743317655898,127.52620660824434,137.0284018083489,2,0.4951532912791947,0.09619496017694473,76.00713096910417,16.182611400280745,0.9038050770759583,98.79909883018918,8.342587531413693,44.28979544874661,49.38910391380613,76.00713096910417,102.6251580244022,107.72446648946172,113.65351459657634,82.44792773074542,85.07676347098324,98.79909883018918,112.52143418939512,115.15026992963294,118.20685959789304,96.60663006999116,11.543761792441076,88.09495781449664,45.1638261815491,65.57456580010003,75.72669363820287,97.88078284583003,112.20951952028413,114.9013218619253,118.03459213273185,2,-5.605277667803918,0.9321483373641968,87.52386458126227,6.7650733206136415,0.06785167008638382,110.85778665994152,15.29053675179376,74.26456452008674,76.39630919325828,87.52386458126227,98.65141996926626,100.7831646424378,103.26177851840222,80.88888532213969,85.70709182571876,110.85778665994152,136.00848149416427,140.82668799774336,146.4288943254203,89.1071108160698,9.641642070273122,58.52465846769203,34.43666250175172,74.40031943338427,76.57162154143221,88.05770274048162,104.62773927370718,116.00191893373916,126.87824364852601,2,1.894241586117431,0.8233227133750916,88.20272121487041,7.980210889157652,0.17667724192142487,106.29209616233389,13.628568148240147,72.56179528308705,75.0764423900018,88.20272121487041,101.329000039739,103.84364714665377,106.76746785125988,79.58059343093346,83.87509641354576,106.29209616233389,128.709095911122,133.0035988937343,137.99688670021308,91.39869814570187,11.525941220845661,85.24794543711147,47.599002148801226,73.0486524207585,75.66547467828711,89.87119453394159,114.21895548660872,120.92959931459401,127.8795557903361,2,-0.39734574351463436
22,39,set,0.952,91.4295745416178,100.8003141744,100.75184045900001,100.7408380489,100.7643308941,0.0022254292853176594,82.96043310660433,9.913630632743805,0.9977745413780212,114.71837113003053,9.15373455209835,63.530074110393436,66.65396180407845,82.96043310660433,99.26690440913019,102.39079210281521,106.02298665311403,96.77738108387788,99.66181765186055,114.71837113003053,129.7749246082005,132.65936117618318,136.01314204483873,114.64769271925792,9.277013682677573,83.82309851790357,2.239498746866063,96.45620235019017,99.48024741957697,114.69281824987179,129.7650666356249,132.65068714407104,136.00553126133033,2,-13.88336182515792,0.0016862553311511874,78.73163475579013,12.051048449379481,0.9983137845993042,107.96085349686541,8.683709600924358,55.11201381905907,58.90942400526036,78.73163475579013,98.55384550631987,102.35125569252116,106.76656569596724,90.94109542684899,93.67742226439165,107.96085349686541,122.24428472933916,124.98061156688183,128.16218286576384,107.91156988186393,8.772816234611623,75.52455140399461,1.4382182687028016,90.73152666762107,93.55643245166569,107.94275199537424,122.237249598544,124.9743581724421,128.15672708651414,2,-7.147238987763927,0.0022884660866111517,49.09334420873571,16.520555196689084,0.9977115392684937,108.28371610271006,9.724456497416742,16.713651018619068,21.919449074209663,49.09334420873571,76.26723934326174,81.47303739885234,87.52590266852772,89.22413159854672,92.28840856280232,108.28371610271006,124.2790236426178,127.3433006068734,130.90618480167814,108.14826152384744,10.147534893693548,94.97323393183059,7.999293120450255,88.8404530774255,92.08027146422937,108.25577017160754,124.268309467119,127.33384128686485,130.8979497780191,2,-7.383930629747439,0.0017607922200113535,76.29947035383618,8.741985258547802,0.9982391595840454,111.49627586371301,9.615949307012905,59.16549409370242,61.92018419455752,76.29947035383618,90.67875651311483,93.43344661396995,96.63636917495523,92.64936154480482,95.67944676949134,111.49627586371301,127.31310495793468,130.34319018262119,133.86631909096698,111.43429622873379,9.7270899991294,92.43822616034304,2.177455212761778,92.36798488652913,95.52339148843998,111.47501946458618,127.30492604138912,130.33599786894385,133.86002540533812,2,-10.669965334633787,0.00038766124635003507,79.68775712964995,13.885263951307888,0.9996123909950256,106.5683239731222,9.838684305001733,52.47313986925417,56.848530358162634,79.68775712964995,102.52698390113726,106.90237439004574,111.98971140327097,87.28485708005931,90.38512840960958,106.5683239731222,122.75151953663483,125.8517908661851,129.45652628942196,106.55790898635291,9.854762216839815,96.83692971810423,0.2800018116463439,87.24008985245068,90.35806519609179,106.56379427577397,122.74974472521045,125.85024846089182,129.4551496783611,2,-5.793578092252915
23,41,set,1.226,36.4863232841486,123.6349159838,123.65567730410001,123.57058184810002,123.62039171200001,0.0006442103185690939,32.28646591376126,5.163710056413561,0.9993557333946228,117.06141628771012,10.065966847215753,22.16578017658339,23.792918698943623,32.28646591376126,40.7800131285789,42.407151650939134,44.29905182566226,97.33248379759304,100.504374210294,117.06141628771012,133.61845836512623,136.7903487778272,140.47835686289608,117.00679680090957,10.290927071525811,101.27558626087755,4.626823130948103,97.22303292635361,100.44426167812294,117.05328448088203,133.61532971738885,136.78759954652006,140.47595311469362,2,6.613594911090445,0.0007014761213213205,35.063619409935086,8.311931224831197,0.9992984533309937,111.00763266691047,9.604975929817828,18.772533567292037,21.391709187800295,35.063619409935086,48.73552963206987,51.35470525257813,54.400062943994826,92.1822257720934,95.20885317196802,111.00763266691047,126.8064121618529,129.83303956172753,133.35214800145562,110.95435192372189,9.812394915466179,92.23930475277834,4.04292072103494,92.06836725262292,95.14637954226323,110.99918314374905,126.80315284525291,129.83024033073536,133.34971168148226,2,12.666039788278127,0.0005125900497660041,32.860700903879355,8.136521145520764,0.9994874000549316,112.56265268927424,9.688236669388129,16.913412499210068,19.477314586902175,32.860700903879355,46.24408722085653,48.807989308548635,51.78907957284993,93.57405774357322,96.62692146486692,112.56265268927424,128.49838391368155,131.55124763497525,135.10086146830983,112.52179714800064,9.854054238540277,93.84775112897941,3.2545085211589173,93.49044592026974,96.58094545852455,112.5564255543862,128.49602093140265,131.54912751499472,135.0990863692215,2,11.09859456399937,0.0004084640240762383,35.88101664565002,7.565692183020425,0.9995915293693542,116.57883465385427,9.82145591072334,21.052532448813764,23.43656041801047,35.88101664565002,48.32547287328957,50.70950084248627,53.481448571266995,97.32913479308849,100.42397727715701,116.57883465385427,132.73369203055154,135.82853451462006,139.42695773175137,116.54587172819029,9.955096801972337,96.44497507979638,2.658887520205554,97.26167916843063,100.38683460314256,116.57380475207367,132.73176440918076,135.826874259192,139.4255116412041,2,7.074519983809722,0.000313740863930434,39.85523964281572,10.86227209398096,0.9996862411499023,109.97904113866761,10.15967068012443,18.565577548338553,21.988391992097366,39.85523964281572,57.72208729353406,61.144901737292884,65.12466323590148,90.06645251083617,93.2678699718324,109.97904113866761,126.69021230550281,129.89162976649905,133.61396942633013,109.9570384585028,10.235528649528021,103.22354043928414,1.5422888333668014,90.01293252051475,93.23836626624443,109.97504518844433,126.68873627611087,129.89035043669685,133.61287542845352,2,13.66335325349722
24,44,set,1.153,53.645190708653,112.5229110712,111.95395020549999,111.6200364662,112.03229924763333,0.0006382083520293236,48.1130256616421,6.646997010524,0.9993618130683899,114.95309273840505,9.44329903618308,35.085150915669644,37.1796885205461,48.1130256616421,59.046362802738095,61.140900407614545,63.57625302583043,96.4445667322444,99.42024806835197,114.95309273840505,130.48593740845814,133.4616187445657,136.92149137516148,114.91043731168989,9.591472103187215,89.14718347961067,2.8494364705753923,96.34283731235756,99.3643836478774,114.94553417865099,130.4830526183989,133.45909341252545,136.919235267869,2,-2.8781380640565573,0.0006464379839599133,48.35880022409059,9.828539624959172,0.9993535876274109,108.8173257241427,8.939039562907116,29.095216538545795,32.19229117434023,48.35880022409059,64.52530927384095,67.62238390963537,71.22340248554052,91.2971301244661,94.11391407763223,108.8173257241427,123.52073737065318,126.33752132381932,129.61264140727863,108.77824582376614,9.070737179352705,79.91722183613466,2.361354192598709,91.19960821218653,94.06032876797337,108.81007842639777,123.51798603951704,126.3350711465056,129.61052100595188,2,3.254053423867191,0.0008546212338842452,34.70595701174535,10.471884390357738,0.9991453886032104,110.29527142326185,9.927570306700042,14.181440756376997,17.48123999124891,34.70595701174535,51.93067403224178,55.230473267113695,59.067203000455535,90.8375911681405,93.96587139747054,110.29527142326185,126.62467144905315,129.7529516783832,133.39025350064446,110.23067227509605,10.170788427982131,98.56614263074363,4.878914144614778,90.69386299890463,93.88707417610681,110.28462863434623,126.6205663593517,129.74939847332323,133.38706506234175,2,1.801626972537278,0.0003819391131401062,47.73593552888343,8.240567914661636,0.9996180534362793,113.93891285733113,9.395182464761303,31.584719203990282,34.181407506312304,47.73593552888343,61.29046355145455,63.88715185377657,66.9063631780457,95.52469359821671,98.48521290429763,113.93891285733113,129.39261281036462,132.35313211644555,135.79537561045439,113.91362650197202,9.483412296739907,88.26167565560374,1.67333645327898,95.46438463217544,98.4520099980222,113.93441386091861,129.39092860962455,132.35161621506782,135.7940516947787,2,-1.8813272543386859,0.00022735442325938493,51.836984862778124,12.444759173703687,0.9997726082801819,107.48353216910684,9.715587791466632,27.44570508604445,31.367177599374,51.836984862778124,72.30679212618224,76.22826463951179,80.78782390947394,88.44133000919518,91.50281235234749,107.48353216910684,123.46425198586617,126.52573432901848,130.08536917284238,107.47087667167176,9.752470212527795,94.40639286881529,0.7038516025710277,88.40435684355324,91.48238927622454,107.48076357774849,123.463252776127,126.52486640078585,130.08458807467795,2,4.561422575961572
25,47,set,1.378,15.7752742768062,122.51133536129998,118.3268115539,116.3694996937,119.0692155363,0.0006108999368734658,11.41824440342495,3.559061158925419,0.9993890523910522,120.84426237922032,11.266832028128881,4.442612713155742,5.564109747624363,11.41824440342495,17.272379059225536,18.393876093694157,19.69785876407243,98.76167738422534,102.31197285349951,120.84426237922032,139.37655190494112,142.9268473742153,147.0548331150332,120.77740827084993,11.583732676989788,126.87168756014444,7.31047977057254,98.64556501294956,102.24818335242699,120.83563133785933,139.37324117373075,142.92394075397124,147.05227308464777,2,-1.7081927345499253,0.0006162989884614944,18.112668547756257,6.29755847116238,0.9993836879730225,115.08316251895616,10.853651722773574,5.7696807537428665,7.754106655525845,18.112668547756257,28.471230439986666,30.455656341769647,32.76298030879275,93.81039604157884,97.23049411708394,115.08316251895616,132.93583092082838,136.3559289963335,140.33253212981018,115.02339820109744,11.115099003643838,117.75359503157465,5.791658324679911,93.69753188590269,97.16849232626451,115.07477395816089,132.93263027103393,136.35314017804737,140.33006852065435,2,4.045817335202571,0.00017509258759673685,32.534353379545635,5.522771567055749,0.9998249411582947,116.83995108974554,9.432234419980317,21.709920013274527,23.450202536649517,32.534353379545635,41.61850422244175,43.35878674581674,45.38224127337898,98.35311133284507,101.32530609378439,116.83995108974554,132.35459608570667,135.32679084664602,138.7826095801216,116.82519374736188,9.497399259685778,88.95681218543851,1.244241080618563,98.32544491725558,101.31005700815953,116.83788043763953,132.3538439410787,135.326096097204,138.78205407615445,2,2.2440217889381273,0.0003850168432109058,20.210331539321167,6.472218744191603,0.999614953994751,121.95955703305279,10.597005998258924,7.525015900640565,9.564479063514302,20.210331539321167,30.85618401512803,32.89564717800177,35.26696385519858,101.18980693251038,104.52903328199008,121.95955703305279,139.3900807841155,142.7293071335952,146.61187940830047,121.92037831086478,10.78213181833962,112.26942500200916,3.9845080646298063,101.12124978586209,104.49131831359357,121.95444191193006,139.3881602773352,142.72759123654242,146.610417369655,2,-2.85116277456477,0.00031244748970493674,24.61363306742956,8.638493469536389,0.9996875524520874,114.95485989392233,11.075948361920963,7.682496986453781,10.40457575266602,24.61363306742956,38.822690382193095,41.54476914840534,44.709773985201224,93.24640000993183,96.73654605888942,114.95485989392233,133.17317372895525,136.66331977791282,140.7213688186633,114.92663299769228,11.189766480670533,122.66161804998796,2.549255073138182,93.1883259452144,96.70457224033919,114.95052127356323,133.17150519140864,136.66191808095442,140.72016410575753,2,4.142582538607726
26,48,set,0.647,116.3694996937,118.1247553341,118.0144168771,118.2275701018,118.12224743766666,0.21128544211387634,109.00228159888134,8.309600171085957,0.788714587688446,128.37371689801515,14.400562658506281,92.71576453762499,95.33420561895403,109.00228159888134,122.67035757880865,125.28879866013769,128.33330229101657,100.14913273023046,104.68689917902914,128.37371689801515,152.06053461700114,156.59830106579983,161.87443522362315,124.28081845229221,15.513957112006189,178.14978255765556,62.53354303389484,96.57920650665969,100.14860315323824,123.82429286445793,150.36181994083745,155.1071924515461,160.57209747647636,2,-6.158571014625551,0.10629962384700775,104.89716835610295,9.276058621102214,0.8937004208564758,117.68474198000874,13.308118917049917,86.71642754026033,89.63940968936849,104.89716835610295,120.1549270228374,123.07790917194556,126.4765076087823,91.60130820061471,95.79483431139768,117.68474198000874,139.57464964861978,143.76817575940277,148.6440561301705,116.32543297478956,13.52628193759437,167.4263119004763,15.534596064757055,90.54896205049283,94.45726909595248,116.14443222568258,138.84294530531017,143.1230002149092,148.0788967480263,2,1.7968144628770943,0.004960051737725735,83.26909604162122,19.543981296811992,0.9950399994850159,112.86221847781803,8.494619844529213,44.96359658534529,51.12210752048827,83.26909604162122,115.41608456275416,121.57459549789715,128.73519538175375,96.21306952018153,98.8898122169702,112.86221847781803,126.83462473866587,129.51136743545453,132.6236592939237,112.7154408405659,8.8327130827918,73.69523687561373,4.322234300491057,95.66333083146584,98.57954190599925,112.8160771319032,126.81950919374368,129.4998397027747,132.6171091237378,2,5.406806597100754,0.27612030506134033,102.85139223360073,7.017629067956684,0.7238797545433044,116.36005860558993,14.130543216286076,89.09709200354425,91.3084196085721,102.85139223360073,114.39436485862936,116.60569246365722,119.17683869664897,88.66470281968243,93.11738334548724,116.36005860558993,139.6027338656926,144.0554143914974,149.23261777583926,112.63004846158437,13.95029043531539,158.13682964064307,36.47452970538964,88.84745893988334,92.2596405551061,111.10441984765406,137.31193928661025,142.04865533693135,147.48280844146282,2,5.4921989760822925,0.023305509239435196,104.57974716235577,9.444002879956656,0.9766944646835327,114.0111549432063,12.783678472885931,86.06984164774818,89.04574477231891,104.57974716235577,120.11374955239263,123.08965267696337,126.54978318457852,88.95560554640986,92.9838750412984,114.0111549432063,135.03843484511418,139.06670434000273,143.75043818102614,113.79134820895625,12.795212789479999,161.69238746162998,2.0247452087507702,88.83573104112065,92.81512254264673,113.75546993412472,134.89390767753784,138.93826424007688,143.63742338068798,2,4.3308992287104076
27,49,set,1.153,118.2275701018,130.58227813050001,130.6017882258,130.5807775954,130.58828131723337,0.001247970387339592,100.12708876112713,12.480117376216107,0.9987519979476929,116.4714744681185,10.421933434676172,75.66650818091104,79.59912243007795,100.12708876112713,120.65505509217628,124.58766934134322,129.1601832870676,96.04486028687938,99.32891945824458,116.4714744681185,133.6140294779924,136.89808864935762,140.71651715727256,116.45107347069145,10.440733357633357,108.6755181998785,0.3329654413617483,95.96751455117548,99.275303080278,116.45826567667703,133.60820240142806,136.89294078442836,140.71196832747697,2,14.137207846541912,0.0004139641532674432,91.99879902051782,13.044993850974407,0.9995860457420349,109.43680428595184,9.643366285818761,66.43108089406151,70.5416935711829,91.99879902051782,113.45590446985273,117.56651714697412,122.34599273260798,90.53615367601927,93.57487827470129,109.43680428595184,125.29873029720237,128.3374548958844,131.87062894356342,109.42958665977773,9.651537296316679,93.02646289953617,0.12582777726387379,90.5066732407321,93.5555730292044,109.43270682278616,125.29703634446408,128.33599215423087,131.86935476762474,2,21.15869465745564,0.0012878765119239688,51.77920518863255,16.45556283888328,0.9987121820449829,111.33630438491366,10.604746221745549,19.526894679085622,24.71221296956751,51.77920518863255,78.84619740769759,84.03151569817948,90.06056881501414,90.55138372510517,93.89304909917557,111.33630438491366,128.77955967065174,132.12122504472214,136.00663321261405,111.25960871525005,10.827100431134209,112.66455194055669,4.562276663724148,90.32053022352605,93.76650225252814,111.31916933249951,128.7729630808605,132.11545690050158,136.00159511490696,2,19.328672601983314,0.0005852102185599506,88.24255493081249,8.877282416832493,0.9994148015975952,114.42852469683181,9.80534845282509,70.84340111323012,73.64072475001302,88.24255493081249,102.84438511161194,105.64170874839486,108.8942020084709,95.2103948734291,98.30016173067945,114.42852469683181,130.55688766298417,133.64665452023453,137.2391762242911,114.41320175184704,9.825253416188527,96.13471262408594,0.4010467462069213,95.13549824562516,98.25430380305775,114.42135153062134,130.55412337964563,133.64422565697643,137.23702797182904,2,16.175079565386326,3.0115787012618966e-05,94.34538672132291,15.148201155773291,0.9999698400497437,110.61658365198342,11.211369687577017,64.65545802543923,69.42881310845871,94.34538672132291,119.2619603341871,124.03531541720659,129.58537227559913,88.64270284696838,92.17552155827856,110.61658365198342,129.05764574568826,132.59046445699846,136.69812968976413,110.61608874689506,11.211888479634206,125.69792993165719,0.007972970216786213,88.6407746552114,92.1741965499783,110.61628076711185,129.05752721576624,132.59042930632697,136.6980786711344,2,19.972192570338308
28,50,set,0.494,130.5807775954,128.334927467,128.3648766484,126.0177985018,127.57253420573333,0.9108610153198242,123.16218868347562,6.3090497840777795,0.08913902938365936,141.30294559842542,23.749785359666596,110.79667833001297,112.78472526351788,123.16218868347562,133.53965210343335,135.52769903693826,137.83923323588277,94.75422165292224,102.23802501025884,141.30294559842542,180.36786618659198,187.8516695439286,196.5532082788121,124.77924365293804,10.64208826397323,86.5350862561038,26.71965238905768,109.97354087964764,112.39559917732768,123.58376375367908,139.9957403384854,155.11294662277496,170.15877035381243,2,2.7932905527952983,0.7210968136787415,120.69104121497458,6.929337834827274,0.27890315651893616,126.62023213971459,20.96107126381214,107.10978862200236,109.29329474498687,120.69104121497458,132.08878768496228,134.2722938079468,136.81109155553577,85.5372873852653,92.1423380466449,126.62023213971459,161.09812623278427,167.70317689416385,175.38297571190253,122.34470768261468,12.815437475895392,157.1646908353711,7.070300775274506,98.26555986556684,104.89585988735453,121.3579203704062,145.893950125358,154.7710368112081,164.37034323131985,2,5.227826523118651,0.005086313933134079,109.91958623402002,19.652050814381965,0.9949136972427368,119.37933435987449,7.830807357075613,71.40227441548032,77.59483917494919,109.91958623402002,142.24433329309082,148.4368980525597,155.63709286660009,104.031233970135,106.49880247663039,119.37933435987449,132.25986624311858,134.727434749614,137.59651640703072,119.33122044534605,7.964086768332172,62.973994140705685,0.4528430565520068,103.78202028980675,106.34978183061355,119.36081607086653,132.29012326579522,134.78131676009681,137.70155484515135,2,8.241313760387285,0.9490209817886353,118.94651297159393,5.777970844595167,0.05097900703549385,121.92182112827992,20.525796712437714,107.62189821246493,109.4425966714417,118.94651297159393,128.45042927174615,130.27112773072292,132.38808316218785,81.69199881791134,88.15988995975812,121.92182112827992,155.68375229680169,162.15164343864848,169.67196467325385,119.09818989771551,7.320473850074415,53.1608956096286,0.428283257207151,106.30545686141305,108.74244472285403,118.99068612836815,129.52342733121847,132.3961575064988,139.70687442883033,2,8.47434430801782,0.2716001570224762,120.17807218950628,6.687824751444545,0.7283998131752014,121.10037919189344,16.82699340913511,107.07017654175944,109.1775793906769,120.17807218950628,131.17856498833567,133.28596783725314,135.73627908198702,88.12007814189576,93.42243805218902,121.10037919189344,148.77832033159785,154.08068024189112,160.24581953573414,120.8498768561496,14.78381951953316,218.39259721658988,0.16828711577694327,90.46206880981502,96.08847815601416,120.65410664498177,146.1073120525994,151.7384308102426,158.2031561930858,2,6.722657349583727
29,52,set,1.378,129.51294326450002,117.7122298533,117.7217359529,117.6892192556,117.70772835393332,0.0006006067851558328,103.66091135830615,14.699826603716367,0.9993994235992432,116.27012575632975,11.494302536418886,74.84978063603833,79.48184825362553,103.66091135830615,127.83997446298676,132.47204208057397,137.85782172663073,93.74170675754134,97.36368054002364,116.27012575632975,135.17657097263586,138.79854475511814,143.00987202551008,116.2625561094047,11.500628204475216,132.16942530917876,0.09543449376439078,93.71506974050695,97.344593433732,116.2648547100138,135.17432699254053,138.79663155159307,143.0083126139475,2,1.4451722445286208,0.00011995126988040283,92.0802528161314,13.593784820076905,0.9998800754547119,109.83426884373512,10.437133990558173,65.43692415519337,69.72046655083003,92.0802528161314,114.44003908143277,118.72358147706944,123.70412523248596,89.37786212042228,92.66671114438701,109.83426884373512,127.00182654308323,130.29067556704794,134.1146733137495,109.83214216224319,10.439365419003096,108.9428680179196,0.03780471497267238,89.3693064522428,92.66098386741801,109.83299982601004,127.00128390668279,130.29021227721236,134.1142689694459,2,7.875586191690132,0.0014642368769273162,43.51702186124025,13.807956385487204,0.9985357522964478,110.16858777610878,12.752212677363064,16.453924645585463,20.804954719783876,43.51702186124025,66.22908900269661,70.58011907689503,75.63913184346706,85.17471020528207,89.19306450209159,110.16858777610878,131.14411105012596,135.16246534693548,139.834670627409,110.07099290263729,13.005974126105723,162.65998468102012,6.495247116599546,84.85545869912069,89.01893967733854,110.14515144434111,131.13506799638267,135.154502886111,139.82776956451895,2,7.636735451296033,0.00013146719720680267,87.40255100141871,9.362422858948992,0.9998685121536255,115.29717493060869,9.510314430332237,69.05253938984416,72.00273580482309,87.40255100141871,102.80236619801434,105.75256261299327,109.18280351520607,96.65730116550594,99.65409974642778,115.29717493060869,130.9402501147896,133.93704869571144,137.42147468707202,115.29350532179289,9.51568540540413,90.44571175558698,0.10228249806698726,96.63985104797304,99.64371553352302,115.29561249958249,130.9396834586443,133.9365246689652,137.42105876794372,2,2.414223032140427,3.3024080039467663e-06,96.64322123567514,16.830415214927125,0.9999966621398926,111.18162065251464,12.327546547152968,63.656213569563015,68.95965172630301,96.64322123567514,124.32679074504726,129.63022890178726,135.79662189014547,87.02007340235372,90.90461100301698,111.18162065251464,131.4586303020123,135.34316790267556,139.85978235462346,111.18156869916572,12.327610000298346,151.96883207254012,0.0006980113683950624,87.01984734698878,90.90443493177993,111.18158994553332,131.45864035673978,135.34316663939268,139.85987867844463,2,6.526159654767596
30,53,set,0.893,117.6892192556,119.08853446549999,119.089839231,119.12055202360001,119.0996419067,0.010217268019914627,105.42980659080715,10.686257641995555,0.9897827506065369,120.85776849638816,11.215098824763341,84.48512648297994,87.85247694983286,105.42980659080715,123.00713623178143,126.37448669863436,130.2897593377162,98.87657871679451,102.41057251785698,120.85776849638816,139.30496447491933,142.83895827598178,146.9479898045343,120.70013912574916,11.31666557321533,125.66010412751653,2.4070869283761582,98.40088172009816,102.03508818074302,120.73473589249724,139.24995272268134,142.79013064618158,146.9050063738723,2,-1.60049721904916,0.004279118962585926,99.28541234526165,11.64629163105708,0.9957209229469299,112.20861515511919,10.45541266243632,76.45910019493952,80.12896731538282,99.28541234526165,118.44185737514046,122.11172449558377,126.37873812163092,91.71638289323997,95.01099171603646,112.20861515511919,129.4062385942019,132.7008474169984,136.5315421745976,112.15331993552692,10.494729808620555,109.42828688049747,0.7115940287277513,91.53813211351316,94.87776092569827,112.16743083717905,129.38664754184376,132.683283832096,136.5159220955308,2,6.946321971173077,0.0020443517714738846,67.32999126274078,18.964529905081537,0.9979556798934937,112.78188699059976,9.252850984786294,30.160195665048143,36.13611546493774,67.32999126274078,98.52386706054381,104.4997868604334,111.44808508961117,94.64663230610265,97.56230148863251,112.78188699059976,128.001472492567,130.91714167509687,134.30723720787404,112.68897089828646,9.507356262860913,86.17548442111416,4.214740795067982,94.34596723817027,97.39553147540538,112.75852438698533,127.99248528482916,130.90930981212736,134.30041354790208,2,6.410671008413544,0.010278314352035522,96.59964740642552,8.050530781803225,0.9897217154502869,114.99550172678963,11.332153669571445,80.82089701766012,83.35770265109201,96.59964740642552,109.84159216175902,112.37839779519092,115.3279825755738,92.78488866715618,96.3557676622236,114.99550172678963,133.63523579135565,137.2061147864231,141.35803332430126,114.80642678044369,11.454521209353146,127.76394136208762,3.4425075834099297,92.21784956586234,95.86653805149018,114.85144953616289,133.57843873808193,137.15598795986557,141.31408068428433,2,4.293215126256314,0.0006066013011150062,99.96304514135315,12.470599707098547,0.9993933439254761,112.1887703279437,11.50392585070324,75.52111884982425,79.45073398287212,99.96304514135315,120.47535629983416,124.40497143288205,128.97399825797618,89.64148997974604,93.26649616823367,112.1887703279437,131.11104448765371,134.73605067614136,138.95090377385065,112.18134804217705,11.508503944975947,132.35436104675884,0.09061270032047279,89.62010121394866,93.24983856867979,112.18288269288428,131.1081332775062,134.73343647664706,138.94856063493805,2,6.918293864522951
31,54,set,0.647,119.12055202360001,109.08568091170001,107.0727206867,100.7122775114,105.62355970326666,0.24059271812438965,111.26992629180316,8.246567050918884,0.7594072818756104,129.50009743428524,14.982313547633455,95.10695187590746,97.70553056820071,111.26992629180316,124.83432201540559,127.43290070769886,130.45431001884356,100.13530247583714,104.85638465533616,129.50009743428524,154.1438102132343,158.86489239273334,164.3541707040356,125.11405100724267,15.733614643669412,186.8256560118017,60.72097374368522,97.73005698292569,101.30261712767066,124.14402719430645,152.086039445901,157.0601954230442,162.77905525827953,2,-19.490491303976,0.11415006220340729,107.12399011015725,9.144511180231145,0.8858498930931091,118.43246828624555,13.776269695524675,89.20107754068034,92.08260772865576,107.12399011015725,122.16537249165874,125.04690267963416,128.39730425343066,91.4314758417066,95.77252111170013,118.43246828624555,141.09241546079096,145.4334607307845,150.48086400464263,117.1415995046753,13.805760101656485,177.66702559989687,12.931372956491002,90.99613320128702,95.0056346816327,116.8443803877428,140.275029614165,144.71266800999052,149.84959868693193,2,-11.518039801408634,0.004466240294277668,85.82948486374525,19.679094605066158,0.9955337047576904,113.92949534531975,8.437242856831096,47.259168189459096,53.460254727481015,85.82948486374525,118.19871500000947,124.3998015380314,131.6099047612895,97.39280321711297,100.05146583079072,113.92949534531975,127.80752485984878,130.46618747352653,133.55745732807503,113.80398768603578,8.724121885510408,72.5987509945124,3.5108400276706186,96.92169056334804,99.78364694299609,113.88935652714156,127.79536088793805,130.4576256710023,133.5542636568532,2,-8.180427982769118,0.3157557249069214,105.07248170834508,6.917253811365704,0.6842442750930786,117.06267305359043,14.537137162898578,91.51491336614588,93.69461168817631,105.07248170834508,116.45035172851385,118.63005005054428,121.16442040661659,88.57040777599043,93.15121026570566,117.06267305359043,140.97413584147517,145.5549383311904,150.88111118713965,113.27670149359979,13.811935688641693,159.7086246882871,31.060942778886847,89.78268889888996,93.41214648790688,111.49247538998594,138.18925254302837,143.11867518291055,148.75921194075826,2,-7.653141790333123,0.02342778630554676,106.82875988949749,9.249239154895566,0.9765722155570984,114.99339431151435,13.106652211958,88.70058426150449,91.61511531902595,106.82875988949749,122.04240445996903,124.95693551749048,128.34570773398409,89.30482801818442,93.43486988348369,114.99339431151435,136.551918739545,140.68196060484428,145.48402682059552,114.80211521520432,13.087747301863345,169.76401611802652,1.5251378681857508,89.28365967617859,93.36519736681916,114.75360609425208,136.4030356254029,140.54954759465824,145.3675015002778,2,-9.17855551193766
32,56,set,1.153,116.21723138940001,123.82224919890001,124.1091291572,125.65859239,124.5299902487,0.0011616749688982964,98.51650486909014,12.310110978586446,0.9988383650779724,116.19206632620512,10.304132899632316,74.38913070536958,78.26817417778707,98.51650486909014,118.7648355603932,122.6438790328107,127.15410537333153,95.9963369510115,99.24327595365492,116.19206632620512,133.14085669875533,136.38779570139874,140.16306399109905,116.17153772202782,10.32423516223409,106.22785691390722,0.36251523680908043,95.91545936012125,99.18817172851519,116.17931915286198,133.13537727012368,136.38293556777185,140.15877928955467,2,8.358452526672181,0.0004032821743749082,90.64968280025133,13.00638946060958,0.9995967745780945,109.24353948744559,9.544299931683907,65.1576278885552,69.25607592242424,90.64968280025133,112.0432896780784,116.14173771194744,120.90706927088762,90.53705536369702,93.54456312810262,109.24353948744559,124.94251584678855,127.95002361119414,131.4469013427266,109.23604711633139,9.5532112680024,91.12515160555503,0.13937112516807235,90.50589296825001,93.52444732895219,109.23945082114383,124.94084511186755,127.94856977022178,131.44562286323426,2,15.29394313236861,0.0012731156311929226,50.86381177060224,16.350827318135515,0.9987269043922424,111.09985678147645,10.601801191219263,18.816779109622985,23.969094152709815,50.86381177060224,77.75852938849465,82.9108444315815,88.9015241409557,90.32070827543285,93.661445639881,111.09985678147645,128.53826792307188,131.87900528752004,135.76333444367305,111.02317155561266,10.82629588989118,112.59546175421521,4.613467753017834,90.09234343228646,93.53628155429656,111.08292235944845,128.53178685875338,131.87331736520306,135.75826144821806,2,13.50681869308734,0.0005388002609834075,86.86402956573772,8.893334994124618,0.9994612336158752,114.258669220869,9.724968945076451,69.43341327480374,72.23579524495739,86.86402956573772,101.49226388651805,104.2946458566717,107.55302052245254,95.19808033774866,98.26251877956956,114.258669220869,130.25481966216842,133.3192581039893,136.88233005136078,114.24391285259806,9.745274394585618,94.56668161152236,0.40413356387881916,95.12592011811662,98.21917612198813,114.25211175479353,130.2523060851417,133.31702669371353,136.88040146804443,2,10.286077396101945,3.068952355533838e-05,92.95084856739547,15.1581510096641,0.9999693632125854,110.28916869986054,11.07133907701388,63.24141851623437,68.01790890127134,92.95084856739547,117.88378823351958,122.66027861855656,128.21398094311758,88.58974284828241,92.07843646382469,110.28916869986054,128.4999009358964,131.98859455143867,136.04495482445705,110.28864241130155,11.071875597434522,122.57784518558816,0.009225519989348821,88.58759519621356,92.07697978235845,110.28884975301962,128.49981405734388,131.9885409076582,136.04487301325835,2,14.24134783739845
33,59,set,0.299,40.7577518187128,42.5138977931886,42.7395175990649,42.973582849415,42.74233274722283,0.9912871718406677,45.68625739528559,7.26437021508058,0.008712892420589924,113.83359697417357,13.690096167784187,31.448353403362162,33.73743169949204,45.68625739528559,57.635083091079125,59.92416138720901,62.5857096013839,87.00150154042674,91.3153926392793,113.83359697417357,136.35180130906784,140.6656924079204,145.68152308951298,46.280020769642206,9.698183011972642,53.94424857574426,40.11064279532294,31.475453578777994,33.768194866246695,45.7662829305499,58.26710364846556,61.186865326911104,67.55985609438169,2,-3.537688022419374,0.9950708150863647,38.35307513221277,8.241054980041012,0.00492923753336072,109.00710286012959,13.979374586709481,22.20090417671793,24.797745958385818,38.35307513221277,51.90840430603973,54.50524608770761,57.524635864884864,81.6080321437845,86.01307786866725,109.00710286012959,132.00112785159192,136.40617357647469,141.52799121034175,38.701347635700614,9.64514639634235,68.54350761557822,24.485420204823097,22.21826449540499,24.81741574792483,38.404239654969196,52.29951070562183,55.24930892173437,59.52594487714818,2,4.040985111522218,0.9064007997512817,36.640119701536946,9.610656758559541,0.09359920769929886,74.10250467852629,8.708377061363255,17.803578586983782,20.8319960748346,36.640119701536946,52.448243328239286,55.4766608160901,58.99785061994817,57.03439927445955,59.77849908428193,74.10250467852629,88.42651027277064,91.17061008259302,94.36121914157472,40.14656952689943,14.487318435442186,90.81763279671611,119.0647746616381,18.210812353380412,21.294478149858268,37.88741613352055,73.36926541771153,79.51684653354366,84.93167284309602,2,2.5957632203234056,0.9835692048072815,46.27419607275357,8.480810512012527,0.016430743038654327,96.11555243985575,13.171407211142304,29.652112909500318,32.32450414258159,46.27419607275357,60.22388800292555,62.89627923600682,66.00351157751712,70.30006868030567,74.45051551655354,96.11555243985575,117.78058936315794,121.93103619940581,126.75682760362284,47.09312417853203,10.66484672432624,73.59287937260336,40.14596061544911,29.71220847400941,32.39267492017154,46.451743029163815,61.728759653021605,66.3674621283004,92.48420073533102,2,-4.350791431309197,0.9971217513084412,45.17466861706137,9.555788500569001,0.002878231694921851,91.18400724157877,15.474895799940764,26.44566731206412,29.456795243519274,45.17466861706137,60.89254199060346,63.90366992205862,67.40475688014398,60.853768809184714,65.73006875835009,91.18400724157877,116.63794572480744,121.51424567397282,127.1839981867745,45.3070933859354,9.890138464809938,91.73952912645389,6.075274837106175,26.457443207117443,29.470097175370874,45.20913673661576,61.14513730976651,64.36560827893481,68.4888160701911,2,-2.5647606387125705
34,64,set,1.153,22.0146000827749,96.27604266954211,96.1429376282306,96.16595936603551,96.19497988793607,0.0014008436119183898,21.163602179685128,4.5647393481027025,0.998599112033844,117.37104717941757,10.06571028038211,12.216877458590984,13.655274106870296,21.163602179685128,28.67193025249996,30.11032690077927,31.782773857694423,97.64261755105406,100.81442711688834,117.37104717941757,133.9276672419468,137.0994768077811,140.78739089089552,117.2362703887674,10.684299358220978,101.20577670999587,12.947866446227033,97.40141670068556,100.68291765429636,117.35335056283824,133.92088504376,137.09351178642052,140.7821706119006,2,-21.041290500831323,0.0021026642061769962,24.66969360658821,7.688121211183508,0.9978972673416138,111.52499214086893,9.861837746719104,9.601252923890074,12.023859547930469,24.66969360658821,37.31552766524595,39.73813428928634,42.55493804159326,92.19614533592184,95.30371255477107,111.52499214086893,127.74627172696678,130.85383894581602,134.46705741708465,111.342356979392,10.630394513669929,97.17562331383674,15.82881559214533,91.83681378001921,95.10910767575415,111.49894924613827,127.73627645257324,130.84504591237828,134.45937786481107,2,-15.147377091455922,0.0008708971436135471,31.501840631995023,7.173242340621985,0.9991291165351868,111.67443203135252,9.185512481068566,17.44254399199813,19.702906951021077,31.501840631995023,43.30077431296896,45.56113727199191,48.18929770108072,93.67115838891498,96.56560851145888,111.67443203135252,126.78325555124617,129.67770567379006,133.04312946366198,111.604611478079,9.483551231265224,84.34497229815283,5.592942035398327,93.53560200216768,96.49130656428643,111.66439705413622,126.77941638202375,129.67434814448202,133.040190700919,2,-15.409631590142922,0.0012177402386441827,28.297394968607932,7.388786607193033,0.998782217502594,115.46137770414042,10.031770055530494,13.815639329057685,16.143922518996003,28.297394968607932,40.45086741821986,42.779150608158176,45.48628298399288,95.79946969411327,98.96058434355791,115.46137770414042,131.96217106472292,135.12328571416757,138.79876464569034,115.35522973574801,10.47957485138409,100.58033870238658,9.240588033257037,95.591225409317,98.84684120359522,115.44604894196026,131.95630900499225,135.1181369640417,138.79420117760696,2,-19.16024984781194,0.0015431517967954278,30.384852911463547,10.150569417605857,0.9984568357467651,109.78170694321706,10.516155203305171,10.49010243038235,13.688651989291856,30.384852911463547,47.08105383363524,50.279603392544736,53.9986084964149,89.17042148890543,92.48417091547594,109.78170694321706,127.07924297095816,130.3929923975287,134.24594224350957,109.65918417776888,10.96771678638565,110.57785965960588,9.712802056374528,88.8920955134097,92.33261332114841,109.76133681996836,127.07143681332673,130.3860650256667,134.23995098124303,2,-13.464204289832807
35,65,set,1.493,96.16595936603551,118.62185133119999,118.6142252616,118.6122837253,118.61612010603334,0.0002202694449806586,74.12192246598535,10.043450706537032,0.9997797608375549,115.59053646662981,11.240982576635526,54.437120800669405,57.60191614422958,74.12192246598535,90.64192878774111,93.8067241313013,97.48648266517175,93.55861546558192,97.10076550495256,115.59053646662981,134.08030742830707,137.6224574676777,141.740972385916,115.58140569841431,11.257547521149823,126.3540787137069,0.3787020234906457,93.51828802016773,97.07815590020147,115.58743218435899,134.07915101904487,137.62141084844552,141.74009855054186,2,3.0347144076190204,6.536021828651428e-05,67.82203568510803,11.262365432797727,0.9999346733093262,109.57289995705567,10.191884223905777,45.74820505609563,49.297093054917795,67.82203568510803,86.34697831529826,89.89586631412044,94.02221556636808,89.59717394359838,92.80874222589475,109.57289995705567,126.33705768821658,129.54862597051294,133.28276815380926,109.57017478517096,10.197525694946293,103.87600860319252,0.11392421578304582,89.58630137736877,92.80263414854431,109.5720647802887,126.33673245419105,129.54839621091216,133.28256940375655,2,9.045945320862373,0.0006411780486814678,32.08706546349003,10.365678069365773,0.9993588328361511,109.48169387773333,13.006054688912204,11.77070977219643,15.037042295282397,32.08706546349003,49.13708863169765,52.40342115478362,56.201238603150856,83.99029510650712,88.08863765034688,109.48169387773333,130.87475010511977,134.97309264895955,139.73830155294314,109.43207133259817,13.151270319190155,169.11789320152414,3.838148156874374,83.84954109498278,88.01134802106502,109.47123536741913,130.8707660190789,134.96955419086405,139.7351888757333,2,9.184048773435165,3.557867603376508e-05,62.29609099000679,8.76756510906356,0.9999644756317139,116.78947190823001,9.25627416259346,45.11197914413222,47.87472972083041,62.29609099000679,76.71745225918316,79.48020283588136,82.69249744199145,98.64750791851819,101.56425577983096,116.78947190823001,132.01468803662905,134.93143589794184,138.32278562791848,116.78753944845751,9.261922589235773,85.67830263441981,0.1056481358338545,98.64196370941467,101.56120518621762,116.78905849233952,132.01457474088568,134.9313394810509,138.32271478846673,2,1.8285806575758272,3.106293206656119e-06,73.11198759979536,14.619492372467784,0.9999969005584717,109.87186205893205,11.108298421210051,44.45830907750046,49.06506254675233,73.11198759979536,97.15891265283838,101.76566612209024,107.12201260004207,88.0999972238372,91.60033711154537,109.87186205893205,128.14338700631873,131.64372689402688,135.7136284753253,109.8717486247904,11.10849629971041,123.39457526793079,0.004197484846653265,88.0994442159258,91.59999071375711,109.87181920795116,128.14342386533107,131.64378425970546,135.7136425565767,2,8.744371481242936
36,67,set,0.17,113.24470425290001,113.0295618646,113.0590686148,113.0745757357,113.0544020717,0.9998125433921814,112.14648482092291,4.241602682231195,0.0001875183079391718,146.73865560093282,37.094196821548245,103.83309632702127,105.16966926496784,112.14648482092291,119.12330037687798,120.45987331482453,122.01392820325738,74.03536579525809,85.72413142015739,146.73865560093282,207.7531797817082,219.44194540660752,233.0326615159941,112.15297840570716,4.297605351581082,18.24584208178369,0.22434575820176914,103.8305499281284,105.16815643483415,112.14712894070476,119.128877672244,120.47083380334836,122.03639165098996,2,0.9014236659928372,0.9991909861564636,111.64664049240986,4.791137283546714,0.0008089900366030633,131.22729438225102,31.213020939108677,102.25618397167122,103.76592095434562,111.64664049240986,119.5273600304741,121.03709701314848,122.79249252622657,70.05089749290343,79.88644368244584,131.22729438225102,182.56814508205616,192.4036912715986,203.83963928633875,111.66247838835278,4.902530018806545,23.724586268004366,0.30991748033041633,102.24573937207191,103.76015759438205,111.64892284619509,119.5503374142143,121.07802854102586,122.88125660552917,2,1.3919236833472155,0.11905345320701599,115.89348838857163,15.827193618881598,0.8809465169906616,106.4891065622083,7.475865664934615,84.87275891922152,89.86007156009103,115.89348838857163,141.92690521705222,146.91421785792173,152.7130466158896,91.83667910567688,94.19240180863862,106.4891065622083,118.78581131577799,121.14153401873973,123.88057075844387,107.60872752029148,9.398611357247452,79.05773574154446,9.27581460292562,91.19152199537872,93.86727683234548,107.0272779995374,123.1307535125246,129.15719460133417,137.72543535629947,2,5.445674551408516,0.9998331069946289,110.58278543070016,4.908254555044287,0.00016687650349922478,119.59730091919846,27.61899706103874,100.96278327585868,102.50942512383448,110.58278543070016,118.65614573756584,120.20278758554163,122.00109298007871,65.46506139044492,74.16809343058682,119.59730091919846,165.02650840781007,173.729540447952,183.84869601528618,110.58428791670265,4.922194351327962,24.214237062466577,0.013558370287859802,100.95924065927271,102.50746608724907,110.58304797862212,118.66012579853442,120.20966444249301,122.01536608972657,2,2.470114154997347,0.9971877932548523,111.77192742813699,4.625482917982917,0.0028121997602283955,115.9423431041458,21.21743229518251,102.70614749778524,104.16368507409071,111.77192742813699,119.38016978218327,120.83770735848874,122.53240978079877,74.35693996117107,81.04277263881755,115.9423431041458,150.84191356947406,157.52774624712055,165.3014716166491,111.78365468938321,4.759178483702398,22.60091929599145,0.048773263087411624,102.65162631006953,104.13324418717107,111.77447398178003,119.42955904508487,120.92494210813875,122.71981790704005,2,1.2707473823167845
37,68,set,1.378,113.0745757357,117.86285878480001,117.8407890807,117.7282359047,117.81062792339999,0.0003896802372764796,90.51999443991281,12.463188081241107,0.9996103644371033,115.16869119957465,10.837543578867747,66.09259466813137,70.01987432110501,90.51999443991281,111.02011455872059,114.94739421169425,119.5137055364792,93.92749610411055,97.3425183366294,115.16869119957465,132.9948640625199,136.40988629503875,140.38058766409858,115.15909123466264,10.849109889084264,117.46711665423672,0.23666118567150865,93.88527296338214,97.31549307535973,115.16364972949796,132.99287237050626,136.408103292662,140.3790070235055,2,2.6515366887373517,0.00010680595005396754,81.6955277464017,12.79607051374939,0.9998931884765625,109.0467129376017,9.89201178997526,56.615690395817936,60.647864751134215,81.6955277464017,102.74319074166917,106.77536509698544,111.46363918213927,89.65872609460459,92.77580146701416,109.0467129376017,125.31762440818923,128.4346997805988,132.05897353519757,109.04379106052309,9.89640802524291,97.85893388717042,0.07989164433548147,89.64591224454394,92.76800838652025,109.0454318470009,125.3171680930323,128.43431539671772,132.05865516156936,2,8.7668368628769,0.001045977114699781,38.74221704607691,13.048939766554932,0.9989540576934814,109.44713281602492,12.397254521040226,13.166765067196735,17.278621143187724,38.74221704607691,60.205812948966084,64.31766902495707,69.09859033048896,85.14896044760971,89.05546375285135,109.44713281602492,129.83880187919846,133.74530518444013,138.28745951499005,109.3731809018884,12.60684011688993,153.70927035288648,5.223563772552144,84.9285992410922,88.93493889947908,109.43086322318597,129.83257869346565,133.73976834500309,138.28265100877562,2,8.437447021511588,8.207789505831897e-05,76.6772039617017,9.191867655258063,0.9999178647994995,115.0062583255905,9.190944975067554,58.661474406737256,61.557927110492535,76.6772039617017,91.79648081291084,94.69293351666613,98.06068573997605,96.99233719056869,99.88849914823922,115.0062583255905,130.12401750294177,133.02017946061227,136.38759362876525,115.00310576700424,9.197542936938541,84.47346608609068,0.12057208532713497,96.9798667855845,99.88156062660825,115.00531345371488,130.12368435754786,133.01990219678368,136.3873665086829,2,2.8075221563957484,4.421187895786716e-06,85.89049151753109,16.068542060445946,0.9999955892562866,109.70975023649376,11.285575813143954,54.39672779499,59.460091829584286,85.89049151753109,112.32089120547789,117.38425524007218,123.27151017878535,87.59042809793527,91.14662992800811,109.70975023649376,128.2728705449794,131.82907237505225,135.96392553672794,109.70964607290406,11.285707061509472,127.36480120534743,0.002508381192101662,87.58990260066382,91.14630179933896,109.7096961739512,128.27291803589318,131.8291063436224,135.96392796177827,2,8.100981850495927
38,69,set,0.229,117.7282359047,117.7367465216,117.6862829693,117.677724254,117.70025124829999,0.9993377327919006,115.54583895696975,4.501787176829668,0.0006622244836762547,146.51902341521287,34.45318015693286,106.72249822431935,108.14105799139783,115.54583895696975,122.95061992254165,124.36917968962014,126.01856198517176,78.9920311547544,89.84858507406935,146.51902341521287,203.18946175635637,214.04601567567133,226.66910582723972,115.5663452214261,4.655554544436894,21.038741001446017,0.6348765053229842,106.71688160505079,108.13788200920158,115.54820049149171,122.97183793822917,124.40665648868762,126.10080456770511,2,2.1339060268738876,0.9972367286682129,115.05689940489411,5.087791312931676,0.0027632007841020823,130.882841745956,29.2936979652138,105.08501167069227,106.68822741064625,115.05689940489411,123.42557139914197,125.02878713909595,126.89287190929618,73.46824876014267,82.69899640105311,130.882841745956,179.06668709085886,188.2974347317693,199.03017373012563,115.10062154418219,5.373671571625443,28.185251354005537,0.6901601791579118,105.04471036717645,106.66693286675978,115.06415942651344,123.501633669672,125.16621899452657,127.19984616742799,2,2.5996297041178025,0.054670363664627075,116.80652605658395,16.826941272559292,0.9453296065330505,110.42941883284817,7.529990976719711,83.82632719239714,89.12867067391537,116.80652605658395,144.48438143925253,149.78672492077075,155.95184511261235,95.67090771456594,98.04368586387889,110.42941883284817,122.81515180181745,125.18792995113039,127.94679733308678,110.77805431284499,8.436985645390193,69.08060322400956,2.1017578290462677,95.08088291607584,97.70125920793274,110.58680366630773,124.19305934107994,127.58462113916035,133.35184412463286,2,6.9221969354550055,0.9995054006576538,113.69427432342947,5.0144828282787035,0.0004945952096022666,120.6460336298899,26.484639628668095,103.86606857890865,105.44618405604936,113.69427432342947,121.94236459080958,123.52248006795028,125.35970579040993,68.73709381417815,77.08267807817248,120.6460336298899,164.20938918160732,172.55497344560163,182.25851872477972,113.69771216041143,5.050096251859248,25.47952826866288,0.023890459698043723,103.85555428567301,105.44014112750956,113.69491879274128,121.95293265329056,123.54138821810886,125.39966518767223,2,4.0025390878885645,0.9886147975921631,114.7595672570197,4.8968537951289965,0.011385224759578705,117.67491835151202,20.25805207134147,105.16191018100858,106.70495953145068,114.7595672570197,122.81417498258871,124.35722433303081,126.15135267280687,77.96986589474568,84.3533879269942,117.67491835151202,150.9964487760298,157.37997080827836,164.8021947198859,114.79276174955979,5.336094683937924,28.378536595262958,0.09566441804257007,104.91907370346748,106.56954442410512,114.76763249907302,123.00987454733621,124.70866448777694,126.95235132798115,2,2.9074894987402047
39,71,set,0.299,113.886577624,113.9250990322,113.8970844168,113.89286849550001,113.90501731483334,0.9958524703979492,111.64274122534454,5.1700556264969855,0.004147484432905912,141.60036006720904,27.24684343880119,101.50961839934178,103.1387564765601,111.64274122534454,120.14672597412897,121.7758640513473,123.67008914071869,88.19752823475721,96.78329081391796,141.60036006720904,186.4174293205001,195.00319189966086,204.9859963753878,111.76698494033096,5.779705032199197,29.69766683957745,3.7067591730696012,101.4924025026582,103.13245285755276,111.6623926830399,120.3040411212539,122.06314200764025,124.3545716303138,2,2.1380323745023873,0.9869247674942017,110.2492430589032,5.84929162229498,0.01307517010718584,127.48409129657657,23.74405308035664,98.78484214413318,100.62801451887444,110.2492430589032,119.87047159893196,121.71364397367323,123.85673018907403,80.9466024120702,88.42859946882365,127.48409129657657,166.53958312432945,174.02158018108292,182.72101870117712,110.47458475198252,6.706131661459937,41.138373843603205,3.8330664650142405,98.66643020067592,100.56826167783433,110.3007936538832,120.32628034887165,122.56584591445498,126.18640290130378,2,3.430432562850825,0.04294530674815178,106.77554216573623,17.29860303781102,0.9570546746253967,109.17753458245673,7.739616369919972,72.87090322877145,78.32187221779901,106.77554216573623,135.22921211367344,140.680181102701,147.01811056662433,94.00816524325695,96.44699852518087,109.17753458245673,121.90807063973259,124.3469039216565,127.18257467051174,109.07437824772389,8.391516372706281,70.18019039134725,0.2371350390587686,92.72680200117911,95.6770155831685,109.13040254759571,122.38097175311648,125.12996816589708,128.6919196443077,2,4.830639067109459,0.9968422651290894,108.88941688835104,5.461824252925288,0.00315773393958807,118.68344004209425,22.31264613523313,98.18443806273008,99.90551545615536,108.88941688835104,117.87331832054672,119.59439571397199,121.59552012752849,74.95145721725046,81.98240311967126,118.68344004209425,155.3844769645172,162.415422866938,170.59041694301942,108.92034370625755,5.62239883835753,31.309415159154064,0.3019424895320048,98.13841207826378,99.88013667589374,108.8967697059994,117.95204074465038,119.73319775304815,121.89526881333181,2,4.98467360857579,0.951681911945343,109.89202519362308,5.713121519369082,0.04831808805465698,115.66067388126001,17.725453416144966,98.69451277635893,100.49477654127435,109.89202519362308,119.28927384597182,121.08953761088723,123.18273329434433,80.91942357597341,86.50489754035459,115.66067388126001,144.81645022216543,150.4019241865466,156.8962447523188,110.1707552688687,6.911874884234932,46.243808987391844,1.530205427924171,97.93897998825705,100.07738628063191,109.98337063028039,120.43131215346932,123.32122423796206,130.35247062884642,2,3.734262045964641
40,72,set,0.17,113.89286849550001,113.8585689845,113.9013655179,113.8700171476,113.87665055000001,0.9998173117637634,112.70520780771923,4.219351340477036,0.0001827326777856797,147.06955272751446,37.49987975009904,104.43543114226344,105.76499245195302,112.70520780771923,119.64542316348545,120.97498447317503,122.52088682846936,73.57113899273745,85.38773951031996,147.06955272751446,208.75136594470894,220.56796646229145,234.30731826094456,112.7114923052808,4.274555653544841,18.056639529402876,0.2157510859755543,104.43282820224309,105.76333974993173,112.70582577051174,119.65176938691695,120.98590144604312,122.54277087539403,2,1.1651582447192084,0.9991975426673889,112.27976511693244,4.766569294206422,0.0008024635608308017,131.4391225457797,31.526101076911218,102.93746097047334,104.43945632524148,112.27976511693244,120.1200739086234,121.62206926339152,123.36846346097789,69.64909986206428,79.58330084578355,131.4391225457797,183.2949442457758,193.2291452294951,204.77980076284877,112.29514050242106,4.877885772267106,23.49951541935834,0.2943327270125982,102.92700277280682,104.43353075138975,112.28195540374837,120.14249044810684,121.66181407612362,123.45580886576396,2,1.581510047578945,0.11352965235710144,116.69568918445003,15.87587546054648,0.886470377445221,106.9107460269905,7.4664906853929836,85.57954505873568,90.58219785214027,116.69568918445003,142.8091805167598,147.8118333101644,153.62849831062948,92.27669319271646,94.62946174252245,106.9107460269905,119.19203031145852,121.54479886126452,124.2804007595002,108.02163040817939,9.363187787480163,78.03378094201,9.635852355152096,91.69964241605766,94.34622881395411,107.43870467001645,123.43787085930215,129.4758659590871,138.1812015384751,2,5.855020141820617,0.9998399019241333,111.18518789191289,4.886541386233961,0.00016002218762878329,119.83065325645012,27.870877090918846,101.6077427659299,103.14754256951748,111.18518789191289,119.2228332143083,120.76263301789588,122.55298305719084,65.20473794070669,73.98713998713353,119.83065325645012,165.67416652576668,174.45656857219353,184.66800892456274,111.1865629205456,4.900169769876351,23.99876681302404,0.011958795904915935,101.60437356321258,103.14543447013828,111.18542781245861,119.22640985412083,120.76906798196521,122.56693300368516,2,2.6900876294544105,0.9971534013748169,112.37190965461954,4.59617118625053,0.0028466295916587114,116.22885828455262,21.34290033690987,103.36357966278777,104.8118808088255,112.37190965461954,119.93193850041358,121.38023964645132,123.06420272248123,74.39754229858147,81.1229112557226,116.22885828455262,151.33480531338262,158.06017427052376,165.87986910918843,112.38289243848502,4.733200368464016,22.361350765150195,0.042226066816763864,103.3069888049113,104.7802196783525,112.37426682147392,119.98104688001945,121.46701317718114,123.25089183006295,2,1.4937581115149925
41,73,set,1.378,113.8700171476,119.65032909220001,115.9487372081,119.4992693814,118.3661118939,0.00039636396104469895,91.15337700328418,12.570970847644068,0.9996036887168884,115.199632885309,10.8600295352131,66.51472689119885,70.4759700102356,91.15337700328418,111.83078399633274,115.7920271153695,120.39782830933034,93.91436612525006,97.33647391551361,115.199632885309,133.06279185510436,136.48489964536793,140.46383950657273,115.19010788455788,10.871271052510043,117.95613757976001,0.22909568828745364,93.87287649188065,97.30973891796121,115.19453634789393,133.06076390855188,136.48308155313708,140.46222474994383,2,3.1760040093421225,0.00010710293281590566,82.19235226956262,12.84027546996947,0.9998928308486938,109.06943076450793,9.91078027126309,57.02587479684934,61.07197859172731,82.19235226956262,103.31272594739792,107.3588297422759,112.06329981122485,89.64465837414215,92.76764788940173,109.06943076450793,125.37121363961411,128.4942031548737,132.1253533786467,109.06654492816257,9.915081721553177,98.23069739603774,0.07736044624936937,89.63197931677846,92.75996500986093,109.06814941874077,125.3707484895645,128.49382686436138,132.12505076392694,2,9.299566965737426,0.0010641806293278933,38.929787981697494,13.093924027382014,0.9989357590675354,109.45712931843093,12.416145797684266,13.266168471725084,17.39219955423115,38.929787981697494,60.46737640916383,64.5934074916699,69.39081030564992,85.12193072817142,89.03438687035168,109.45712931843093,129.87987176651018,133.79232790869042,138.34140369865483,109.38206888733414,12.628044289348344,154.17906703693535,5.287714043727978,84.89728884694968,88.91149067439973,109.44055247791292,129.8735230518551,133.7867706106941,138.33657478512683,2,8.984043006565855,8.343475201399997e-05,77.17905554838383,9.203752736522423,0.9999165534973145,115.00255388467693,9.19923743465333,59.14003166218791,62.04022947815038,77.17905554838383,92.31788161861728,95.21807943457975,98.59018616019034,96.97237982752375,99.87115482509964,115.00255388467693,130.13395294425422,133.0327279418301,136.40318033357963,114.9993967391157,9.205731037594019,84.62597531773059,0.11935321778897127,96.95974074529761,99.86408713046487,115.00159202133244,130.13361591205134,133.0324535313426,136.4029002527716,2,3.366715154784302,4.343529781181132e-06,86.3984883600843,16.11503690995667,0.9999957084655762,109.75861318415886,11.325096023623525,54.813596407035575,59.89161145028521,86.3984883600843,112.90536526988338,117.98338031313301,123.88767021565168,87.56183285639898,91.130487914128,109.75861318415886,128.3867384541897,131.95539351191874,136.10472624202382,109.75851742569931,11.325198513116982,128.25837751195365,0.0023702340968045775,87.56139838269459,91.13015226986141,109.75855986729887,128.38677717672704,131.95537464066223,136.10471452026317,2,8.607594468200688
42,74,set,1.153,119.4992693814,113.6040252178,111.0919909451,113.4501635554,112.71539323943334,0.0013081795768812299,101.14653169232862,12.585577320964747,0.9986918568611145,116.65815359388952,10.501093906961215,76.47925341859361,80.44509918866156,101.14653169232862,121.84796419599567,125.81380996606363,130.4249627365316,96.07638773797254,99.38539119406636,116.65815359388952,133.9309159937127,137.2399194498065,141.08735107945196,116.6378658577029,10.519020199595335,110.33593181136597,0.3143498648995911,96.00138741051322,99.33275437296933,116.64467446525384,133.92487326548562,137.23457195898274,141.08262980811654,2,-3.922472618269566,0.0004214322252664715,92.85379770352063,13.06660720568234,0.9995785355567932,109.56567766928936,9.709740948891385,67.24371818025168,71.36114144930377,92.85379770352063,114.34645395773747,118.46387722678956,123.25127159738648,90.53493511024847,93.59457505274612,109.56567766928936,125.53678028583258,128.59642022833023,132.15391288323013,109.55863121454654,9.717475258075112,94.31128776589,0.1176509104581547,90.50651049873623,93.57575841405055,109.56157866757134,125.53509578087429,128.59495745092056,132.1526497696834,2,3.1567620248868025,0.0012969303643330932,52.37442652253358,16.517750797715998,0.9987030029296875,111.49541149416652,10.60610245872446,20.000229853402473,25.20514421382984,52.37442652253358,79.54370883123731,84.74862319166468,90.8004609747366,90.70783265872485,94.04992539711466,111.49541149416652,128.94089759121837,132.28299032960817,136.1688954008795,111.4187282561769,10.827070615540748,112.69736034201614,4.527269674987098,90.47556751281289,93.92259668166753,111.47815610038332,128.93429597988444,132.27717476904246,136.16388102460232,2,1.2966649832564343,0.0006181478383950889,89.12043333850959,8.865849414561104,0.9993817806243896,114.54242939484823,9.859564317610296,71.7436877936143,74.53740877296316,89.12043333850959,103.70345790405601,106.49717888340487,109.74548327564004,95.2180384290758,98.32488926686561,114.54242939484823,130.75996952283083,133.86682036062064,137.47920588408988,114.52670664889187,9.879255330907165,97.19949925533018,0.39924832958869655,95.14162117410297,98.2774097855464,114.53481872094113,130.75705705731636,133.86425458473352,137.47699425576238,2,-1.8113134094585348,2.9804534278810024e-05,95.2319499849396,15.137884973836583,0.9999701976776123,110.83223973778945,11.304387512909107,65.56224063410984,70.3323449813503,95.2319499849396,120.1315549885289,124.90165933576937,130.44793651129913,88.67604734520327,92.23817693671597,110.83223973778945,129.42630253886293,132.98843213037563,137.13017759577937,110.83177502356759,11.304840760360307,127.79219850255083,0.0072532847190385375,88.67420388348435,92.2369328483804,110.83194530076526,129.4262376259916,132.98836253651737,137.13012512752258,2,1.8836182158657522
43,77,set,1.378,11.1609297813451,130.76726121299998,130.7614303469,130.6938234491,130.74083833633333,0.0007035817834548652,7.395896602746561,3.353744922317486,0.9992964267730713,121.29276864473195,11.358623957921612,0.8226773416702047,1.8794771034025581,7.395896602746561,12.91231610209056,13.969115863822914,15.19787397285511,99.03027477327178,102.60949483036669,121.29276864473195,139.9760424590972,143.5552625161921,147.71687934127226,121.21263391821547,11.749729504158163,128.93547797890645,9.120791158764046,98.89524409886602,102.53537900438823,121.28274533837968,139.97222235659018,143.55187372113446,147.7139572173984,2,9.528204418117852,0.0007478625630028546,14.639028023256024,6.032890574047126,0.9992521405220032,115.65036730342939,11.015252469567322,2.8147797754524824,4.715806081533255,14.639028023256024,24.56224996497879,26.463276271059563,28.673630184511584,94.06086918246154,97.53188932707542,115.65036730342939,133.76884527978336,137.23986542439724,141.27567646803044,115.57482506112504,11.353289175253511,121.27226388285085,7.624952422165624,93.92159385302755,97.45550019271458,115.64003480999938,133.76490950290935,137.23639965145773,141.27261433255268,2,15.166013275208286,0.00016938878979999572,32.47615249674804,5.212096914820512,0.9998306035995483,117.24244819911067,9.28021788503906,22.26063025976751,23.903015982382943,32.47615249674804,41.04928901111314,42.691674733728576,44.60130307383557,99.05355537574964,101.97784815200424,117.24244819911067,132.5070482462171,135.43134102247168,138.83146334660708,117.22808884657438,9.345023738882448,86.11245676990227,1.2169073215643482,99.02719258870201,101.96329420185988,117.24047780552013,132.50633390138876,135.43072623972975,138.83093812009895,2,13.512749489758946,0.00047375677968375385,17.403589164354024,6.334836122874089,0.9995262622833252,122.31319668281343,10.69522170299881,4.987538515557455,6.983710991501372,17.403589164354024,27.823467337206672,29.81963981315059,32.14062171119928,101.35094733826462,104.72112247358572,122.31319668281343,139.90527089204113,143.27544602736225,147.19400295398017,122.26349737665515,10.934533072307783,114.35258940662983,5.211709063534486,101.26564367036947,104.67419272090468,122.30684294192353,139.90286097163818,143.27327765294098,147.19218749995895,2,8.477340959678173,0.00041830172995105386,21.41398396901797,8.33680448754307,0.9995817542076111,115.49919318579217,11.225173532033091,5.074147427281648,7.701160870497436,21.41398396901797,35.12680706753849,37.75382051075429,40.80829136490793,93.49825734279503,97.03542578846786,115.49919318579217,133.96296058311646,137.5001290287893,141.61285176777687,115.45984364075728,11.387774863420837,125.9808928997164,3.70126914251451,93.41927441929394,96.99201316227663,115.49330498568489,133.96071514420308,137.49811881847066,141.61112479132962,2,15.280994695576041
44,78,set,1.076,130.6938234491,125.0504578597,125.11648344599999,125.1004869661,125.08914275726666,0.0037212541792541742,111.939831898552,12.751453952983358,0.996278703212738,120.05880840030156,11.609680778709812,86.9474414001837,90.96555661508263,111.939831898552,132.91410718202135,136.93222239692028,141.6041496930045,97.30425220202339,100.96258286369192,120.05880840030156,139.1550339369112,142.8133645985797,147.06696459814594,120.02859050959651,11.624680045700478,134.8881883167844,0.24438400041288208,97.2300451788806,100.90204374461103,120.03302772595023,139.1409920928084,142.80060913762742,147.0555709684507,2,5.060552247670145,0.0009683578391559422,102.98401670636704,12.733940179553105,0.999031662940979,111.75881919536359,10.660456897040136,78.02595257315545,82.03854901664603,102.98401670636704,123.92948439608804,127.94208083957864,132.60759137123364,90.8647076184233,94.22392800330726,111.75881919536359,129.29371038741988,132.65293077230388,136.55875043409694,111.75032436894966,10.666140150379782,113.69231661196201,0.07448860070966769,90.83893769136215,94.204327826226,111.75222821643223,129.2906794676535,132.65030176286487,136.5565427873228,2,13.338818388316994,0.0013897019671276212,63.520779156032035,17.814789438813516,0.998610258102417,114.21708344157634,10.050883598629346,28.604433463793015,34.21805813422283,63.520779156032035,92.82350017784123,98.43712484827105,104.96417669350109,94.51771357545849,97.68485110030379,114.21708344157634,130.74931578284887,133.91645330769418,137.59893513347967,114.14662612704446,10.241492328170692,101.32091418272809,3.5667306532853806,94.28929904840612,97.55841367065658,114.19963140700575,130.74262694360752,133.91057596896553,137.59383654624068,2,10.942516630222201,0.002505645388737321,99.94849903669922,8.439996491243514,0.9974943399429321,116.15611129710109,10.95686362069374,83.4064098842175,86.06594019661962,99.94849903669922,113.83105787677881,116.49058818918093,119.58286693101573,94.68105321702421,98.13367443059035,116.15611129710109,134.17854816361182,137.63116937717797,141.6455876872574,116.11549906436214,10.981224112096184,119.93053473839399,0.6565504913885827,94.56832601927184,98.03676786339709,116.1235242161393,134.16524587983875,137.61943375778327,141.63532230963767,2,8.973643692904517,6.705520354444161e-05,105.18903713963743,14.017976233044001,0.9999328851699829,113.80614295095859,12.374945554649635,77.71430858673273,82.13151809019547,105.18903713963743,128.2465561890794,132.66376569254214,137.79972634773438,89.55169535320125,93.45116887206613,113.80614295095859,134.16111702985103,138.0605905487159,142.59457123338893,113.80555834331557,12.375295036436198,153.14217615672803,0.0049788176220523835,89.55016483668109,93.4499246306987,113.80566413779084,134.16092700442505,138.06043636279557,142.59447543238937,2,11.28358441395109
45,79,set,1.076,15.292612674058601,124.32102074520002,124.3315315207,124.28450961370001,124.31235395986668,0.0029500604141503572,16.39858806465483,4.493729674838871,0.9970499277114868,116.83785465059151,10.00009228366646,7.591039745711754,9.00706051045665,16.39858806465483,23.790115618853008,25.206136383597908,26.852566540230477,97.23803393252834,100.3891665879533,116.83785465059151,133.28654271322972,136.43767536865468,140.1015480749112,116.54155135883497,11.377131351454222,99.76640536693091,29.67255114451016,96.71859755754754,100.11023230051048,116.8007713501266,133.27222907643375,136.4250913137519,140.0904913830469,2,7.770802601031718,0.00553527195006609,19.42008373945722,7.598256276673409,0.9944646954536438,111.1173088142248,9.994893718251086,4.527775091871925,6.922064344264168,19.42008373945722,31.918103134650266,34.31239238704251,37.096271075113876,91.52767709714703,94.677171630765,111.1173088142248,127.55744599768458,130.70694053130256,134.36890856694237,110.60973611435752,12.08097488395909,99.6645057511902,46.285049595906315,90.50132699666908,94.1415114441533,111.04758370270443,127.5306043124955,130.68321540172855,134.34818743748392,2,13.702617845509167,0.0018162928754463792,30.13002853706473,6.84990638954948,0.9981836676597595,109.49852027157186,8.934662834568494,16.704458716076957,18.8629351679362,30.13002853706473,41.397121906193256,43.55559835805251,46.065293703771935,91.98690290180906,94.80230770254335,109.49852027157186,124.19473284060037,127.01013764133467,130.28365416204198,109.354359524163,9.549324429997815,79.76842809929082,11.420697035216799,91.70717356196646,94.65044540317221,109.47814491075628,124.18689207457543,127.00324595307804,130.27765341654595,2,14.957994435703682,0.003089269157499075,25.022817378651254,7.475362821380977,0.9969107508659363,113.45201211977312,10.118621358756648,10.37137547737481,12.72693972912456,25.022817378651254,37.31869502817794,39.674259279927696,42.41311178585483,93.61987868341234,96.8083610780736,113.45201211977312,130.09566316147263,133.2841455561339,136.99144540594088,113.17883280753593,11.23944728281709,102.24283240310228,24.0825993092823,93.06799398973826,96.51247591428843,113.4127127617945,130.08052953943925,133.27080706929553,136.9796895065633,2,11.133521152330758,0.0055825370363891125,25.81478842954759,10.018517761165995,0.9944174289703369,108.58704670083415,10.840884435765723,6.178854439187379,9.335793153415953,25.81478842954759,42.29378370567922,45.45072241990779,49.12134592427651,87.33930364617251,90.75537861730314,108.58704670083415,126.41871478436516,129.8347897554958,133.80671516070018,108.1249638122199,12.46848936217411,117.42900808317643,38.033821475841236,86.21540013019188,90.16915517075923,108.51077047349762,126.38934790764732,129.80890808764948,133.7840313920304,2,16.18739014764678
46,84,set,0.494,105.9156204145,95.62213193368031,95.6108866379962,95.65121740086951,95.62807865751533,0.7055774927139282,102.61826216280389,7.120781283217687,0.29442253708839417,129.92272749400803,15.99692424146547,88.66178730591031,90.90561924237511,102.61826216280389,114.33090508323266,116.57473701969747,119.18367656252715,98.56933211731997,103.61012863536561,129.92272749400803,156.23532635265045,161.27612287069607,167.1371381943336,110.65731517772164,16.309357606708552,111.11987191643553,154.87563855773772,89.52896524670017,91.9577961995865,105.96153473650872,145.19757482080792,151.8828319710314,159.12471602130228,2,-15.029236520206311,0.569788932800293,99.5250347917633,8.130052094073553,0.43021100759506226,119.21740913149702,14.79297271246528,83.59042549494468,86.152289117522,99.5250347917633,112.8977804660046,115.45964408858191,118.4383641966526,90.22371539078128,94.88513431200434,119.21740913149702,143.5496839509897,148.21110287221276,153.6310097518848,107.99690506624495,15.062041029233995,131.80571789514704,95.05866688244988,84.91573870671148,87.82091877067629,105.0158045022879,136.88174150030173,142.45473370521347,148.66920013203668,2,-12.368826408729618,0.01829325221478939,83.98888537530914,18.316627305344127,0.9817067980766296,107.62740991015947,8.332310451908851,48.0889555385917,53.86071451859547,83.98888537530914,114.1170562320228,119.88881521202657,126.59973236669487,91.29638151641146,93.92197884245154,107.62740991015947,121.3328409778674,123.95843830390749,127.0112626158059,107.19498983159313,9.183084655526347,74.29471288795375,10.034908789531116,89.32228069456748,92.85777217698467,107.47168813095139,121.28925496021904,123.93104769317448,127.00804732752263,2,-11.566911174077802,0.7611546516418457,98.05541996865423,6.687847389694572,0.2388453483581543,114.68486103192943,15.28897128250399,84.94747995075267,87.05488993321718,98.05541996865423,109.05595000409129,111.1633599865558,113.61367952557978,84.71902795755445,89.53674116554583,114.68486103192943,139.83298089831302,144.6506941063044,150.25232687125407,102.0272846124136,11.8384672228071,89.8751259291204,50.274180256357134,84.91940780746042,87.3164560570684,99.83474991629512,127.05048747642144,133.87838008599113,141.1257437413043,2,-6.399205954898264,0.2815266251564026,99.12694185103986,8.29160687835967,0.7184733748435974,111.37269845886672,13.29610829639904,82.87569099549032,85.48846220391418,99.12694185103986,112.76542149816554,115.3781927065894,118.41610388489428,85.31280506338038,89.50254650319519,111.37269845886672,133.24285041453825,137.43259185435306,142.3040717272114,107.92519192857851,13.292989881671074,146.37155539678525,30.33202459742327,84.23092456387842,87.63584110217548,107.00068546889985,131.037790222039,135.49964939176866,140.6186314898543,2,-12.297113271063182
47,85,set,0.494,95.65121740086951,91.4655339574941,91.531086245166,91.4770804175014,91.49123354005383,0.6061304807662964,93.9038530368197,7.394705480563822,0.3938694894313812,125.7920837932594,14.041182497344769,79.41049661863366,81.74064490687635,93.9038530368197,106.06706116676303,108.39720945500574,111.10651041068749,98.27187179810947,102.69639383581432,125.7920837932594,148.88777375070447,153.3122957884093,158.45675884497686,106.46365140517577,18.80316608346017,110.79748915565332,242.76122781184102,81.02438926377101,83.5940839346314,100.1989728456483,141.81239056083805,147.22257874881214,153.21948462843622,2,-14.97241786512194,0.5360016226768494,90.54085455830165,8.56662319976773,0.46399837732315063,116.49990262209224,13.256860430927375,73.75058161763161,76.45001331743707,90.54085455830165,104.63169579916622,107.33112749897167,110.46980022679026,90.51693362940043,94.69430766029188,116.49990262209224,138.3054975838926,142.48287161478402,147.33997170203628,102.58581073675415,16.98456029278295,120.88066131731878,167.59462702185886,76.07531868097752,79.11824642066817,99.34986469491093,132.91904206659254,137.82156833638942,143.31464804662872,2,-11.094577196700328,0.03131714090704918,74.16944564085338,17.437210868660316,0.9686828851699829,103.28185375581782,8.524620327868494,39.993140347448765,45.48778609961982,74.16944564085338,102.85110518208694,108.34575093425799,114.73446407436316,86.57390493131754,89.26010109113908,103.28185375581782,117.30360642049656,119.9898025803181,123.11308613256003,102.37013906202216,10.277466861051382,79.91553827209896,25.711060085957353,81.10701153996571,86.8350499670704,102.97042845547597,117.18948280838839,119.89370310337199,123.03680861800632,2,-10.878905521968335,0.6502958536148071,89.63980967474322,7.090668980643423,0.3497041165828705,111.8538285006905,13.91059135103546,75.74235384638676,77.97669708441958,89.63980967474322,101.30292226506685,103.53726550309966,106.13517238339038,84.58957044900662,88.97294186390003,111.8538285006905,134.73471513748095,139.11808655237436,144.21470311682276,97.40814083255185,14.580254758874412,100.36464441065385,112.21890164828127,76.81742528429581,79.26644081183147,93.7136801341897,126.6969589307855,132.22998022032596,138.30969651581907,2,-5.916907292498024,0.31101617217063904,90.51487133533085,8.963772194065788,0.6889837980270386,107.7245842553981,12.467309614761238,72.94620066934033,75.77077813075498,90.51487133533085,105.25896453990671,108.08354200132138,111.36772372238221,83.28910642635613,87.2176848172311,107.7245842553981,128.23148369356508,132.16006208444006,136.72788347270685,102.3720820084004,13.983823432372956,132.0812804242345,63.46572503392047,76.96413204850084,80.39105195620336,101.90435748578557,125.88998385596204,130.11027510329296,134.9421070962106,2,-10.88084846834657
48,86,set,0.952,91.4770804175014,126.0310601027,126.1346123719,125.9774749755,126.0477158167,0.002227716613560915,82.99895243202965,9.916544106921569,0.9977722764015198,114.72386742273414,9.155407038570068,63.562883131360465,66.68768889093546,82.99895243202965,99.31021597312385,102.43502173269884,106.06828373299888,96.7795993633323,99.66456294912513,114.72386742273414,129.78317189634316,132.668135482136,136.02252912289018,114.65319250120858,9.278525920410639,83.85381581276324,2.237135623727491,96.45823734947582,99.48288248463072,114.69828385812991,129.77327481416503,132.6594222632201,136.01492660249133,2,11.394523315491426,0.001686302712187171,78.76586790587695,12.051984163713945,0.9983136653900146,107.96467867511245,8.68511797447909,55.144413002750525,58.94211804223035,78.76586790587695,98.58961776952353,102.38732280900336,106.80297564310676,90.94216024365197,93.6789308742891,107.96467867511245,122.25042647593581,124.98719710657294,128.1692844108358,107.91543719748412,8.7740895251566,75.54900787462026,1.435267647327979,90.73277016809622,93.55800862436081,107.94657667149862,122.24339036639019,124.9809902010884,128.1638792701909,2,18.13227861921588,0.0022874874994158745,49.11485466230715,16.525412130331315,0.9977124929428101,108.28886390356477,9.724258241227108,16.725642057176437,21.932970582863824,49.11485466230715,76.29673874175047,81.50406726743786,87.55871203935213,89.22966797439283,92.29388246606962,108.28886390356477,124.28384534105993,127.34805983273671,130.9108713896676,108.15350197924595,10.146983103365036,94.96957717015624,7.991460159015134,88.8462005605537,92.08588975674253,108.26093093733017,124.27313025875631,127.3386274153159,130.90265081296928,2,17.89421383745406,0.0017626616172492504,76.3314444809733,8.74149544913812,0.9982373714447021,111.50043855768774,9.61721842102959,59.198428229641806,61.95296398647867,76.3314444809733,90.70992497546793,93.4644607323048,96.66720383501345,92.65103682101457,95.68152195667271,111.50043855768774,127.31935515870278,130.34984029436092,133.87343418563634,111.43845120813353,9.728230237449958,92.4625546449591,2.176319488658777,92.36942611539345,95.52532472123247,111.47915574953439,127.31113570767211,130.3425986562699,133.86711347075666,2,14.609264608566477,0.0003872383094858378,79.72105593741746,13.885069125156138,0.9996127486228943,106.57503861528184,9.84023056607936,52.50682052926235,56.88214962643247,79.72105593741746,102.55996224840244,106.93529134557257,112.02255697763457,87.2885411061961,90.38929967862747,106.57503861528184,122.76077755193621,125.86153612436757,129.46683807275227,106.56463833174462,9.856296949133045,96.86729765535004,0.27914349796239185,87.24388435826097,90.36226487933683,106.57051508788724,122.75900617656282,125.85994871913978,129.4655217404197,2,19.483077484955388
49,87,set,1.493,125.9774749755,128.8490928444,129.066798005,129.1972471167,129.03771265536668,0.00035616717650555074,97.8413170040016,14.532850987560066,0.9996438026428223,115.74586230212053,11.826191629956272,69.3574524756965,73.93690434716812,97.8413170040016,121.74572966083505,126.32518153230669,131.6497840026643,92.56695263313719,96.2935081065638,115.74586230212053,135.19821649767724,138.92477197110387,143.2576980584689,115.73948179748714,11.832107001201122,139.88421497658578,0.1141368222384442,92.54287700215214,96.27684444488537,115.7417332892118,135.19643639337443,138.92314773036568,143.25633791458114,2,13.298230857879531,6.550266698468477e-05,85.89007991298513,13.253024276559103,0.9999344348907471,109.72757545736377,10.649607001208844,59.91462964469427,64.09079486361097,85.89007991298513,107.68936496235928,111.86553018127597,116.72122476337005,88.85472928548882,92.2105307558176,109.72757545736377,127.24462015890992,130.60042162923872,134.50226606399642,109.72600718619267,10.651580540838378,113.41819833259274,0.03721789316214345,88.84796682140436,92.20622607880618,109.72676495535482,127.24433721629346,130.60017629046263,134.50210738507386,2,19.311705469174,0.0014784877421334386,36.338869078385066,11.991796602974555,0.9985215067863464,108.63432085495188,14.105233652755496,12.83537962662517,16.61411894231802,36.338869078385066,56.0636192144521,59.84235853014496,64.2359596116451,80.98857090202875,85.43327612221903,108.63432085495188,131.83536558768472,136.280070807875,141.44800117588895,108.52743232129335,14.37331629903836,198.87607016061222,7.7160868269098515,80.63144181801513,85.23867594002527,108.60814501552618,131.82528125119057,136.2712203411037,141.44019595174782,2,20.51028033407333,5.045392390456982e-05,80.3965929803625,9.50961607461927,0.99994957447052,115.53622387477631,9.243884179752731,61.75808796730556,64.75466648910896,80.3965929803625,96.03851947161603,99.03509799341943,102.51926811849765,97.41854380520138,100.3313874545907,115.53622387477631,130.74106029496193,133.65390394435124,137.04071418422384,115.53445422309773,9.247246434183493,85.44964858721295,0.06229704205103434,97.4110072110777,100.3271404567893,115.53563910497499,130.740859007142,133.65373903632252,137.04055948011322,2,13.50325843226895,1.3598837540484965e-06,91.48120081592272,17.104327064136882,0.9999986886978149,110.44846514720453,12.358452560493342,57.9573357904207,63.34708640791293,91.48120081592272,119.6153152239325,125.00506584142472,131.27181571847677,86.22634322399077,90.12061962956935,110.44846514720453,130.7763106648397,134.6705870704183,139.19852498774281,110.44844471968963,12.358456369846648,152.73154725788908,0.0004892272212393904,86.226200512497,90.12051542189826,110.44844899131795,130.7763729908242,134.67063670923653,139.19860309297917,2,18.589267935677043
50,89,set,1.153,129.12482807019998,138.65335150800001,138.2581819463,138.6742135022,138.52858231883332,0.00195480533875525,108.8801063935216,13.32242903509751,0.9980452060699463,118.32830763984697,11.230417373948518,82.76862529813977,86.96666067533785,108.8801063935216,130.79355211170534,134.99158748890343,139.87271085638065,96.31709405555497,99.85591489012891,118.32830763984697,136.800700389565,140.33952122413896,144.4541652223234,118.30983959558137,11.242628066535264,126.22268409739138,0.1741614351400784,96.26156641484336,99.81349503636936,118.31394088267817,136.79393059092783,140.33358746244772,144.44908360121875,2,20.21874272325195,0.0004990408197045326,99.3719124126086,13.15767196744389,0.9995009899139404,110.70970506445957,10.31428512575822,73.5833492360263,77.72946795472079,99.3719124126086,121.01435687049639,125.1604755891909,129.98123462139844,90.49407769169628,93.74421576594453,110.70970506445957,127.6751943629746,130.92533243722286,134.70432033901827,110.70405044563371,10.31898869285649,106.41778683644091,0.06411745956411039,90.47420208242556,93.7299779556046,110.70576121678904,127.6734831148637,130.9238960091652,134.70313303268594,2,27.824531873199604,0.0013564812252297997,57.29375392587155,16.883446344627565,0.9986435770988464,112.94770599798193,10.604508177116474,24.202807155487086,29.522955970470314,57.29375392587155,85.06455188127278,90.384700696256,96.57052343617849,92.16325189707314,95.50484226081534,112.94770599798193,130.39056973514852,133.73216009889072,137.61748105106554,112.87221904445688,10.811327112222127,112.6897223407194,4.195814643520162,91.92256020644096,95.37246340519951,112.92966978160987,130.38366848421,133.7260130582619,137.61213605515508,2,25.65636327437643,0.0009957298170775175,95.91776410738947,8.74830407433574,0.9990043044090271,115.56844976669404,10.36224803148284,78.7714031958864,81.52808442104399,95.91776410738947,110.30744379373496,113.06412501889254,116.26936269218325,95.2588168261166,98.52406850873874,115.56844976669404,132.61283102464935,135.8780827072715,139.67464344501803,115.5488869485149,10.379264760851823,107.3454762877391,0.3841176595053849,95.18018945073858,98.46723433125874,115.55582552618142,132.60783753577098,135.87370156679987,139.67080651903052,2,22.97969537031841,2.863569898181595e-05,102.0590809229464,14.959033194514415,0.9999713897705078,112.67795135468629,12.130009293459738,72.73991461815899,77.45366091726189,102.0590809229464,126.66450092863091,131.37824722773382,136.85899599271139,88.90357000736904,92.72586157338397,112.67795135468629,132.6300411359886,136.45233270200353,140.896572686622,112.67765014575899,12.13021966961158,147.13932371942968,0.0032288806805727075,88.9025253783777,92.72509616569432,112.6777236466226,132.629996366093,136.4522582732113,140.89649929581813,2,25.850932173074327
51,94,set,0.229,9.76103998024365,8.69374710932909,8.49070140835264,8.78577898670097,8.656742501460899,0.9996938705444336,15.366865597832437,7.259093444801477,0.00030610908288508654,108.52264430954422,15.8705657619037,1.1393038856107438,3.426719416771066,15.366865597832437,27.307011778893802,29.594427310054126,32.25404220061016,77.41690700193848,82.41788665430505,108.52264430954422,134.62740196478336,139.62838161714996,145.44310122957424,15.395381114755068,7.44385743594452,52.755407502516185,2.65560119546304,1.1401035009447893,3.4277553683678437,15.369651524567635,27.32758548935019,29.631793913294487,32.337897055239864,2,-6.738638613294169,0.9998334646224976,4.965426639506788,7.948793800172721,0.00016653872444294393,105.20165967904661,16.70423235330496,-10.613922929367021,-8.109175672596693,4.965426639506788,18.040028951610264,20.544776208380593,23.457086197727612,72.46196587718013,77.72564250727281,105.20165967904661,132.6776768508204,137.94135348091308,144.06151510164185,4.9821198705191465,8.055572998280448,63.21927014899414,1.6729862647070495,-10.61338590085149,-8.108668000862775,4.967086043334924,18.052372850660895,20.567027113403913,23.50679493857095,2,3.6746226309417525,0.9964452385902405,17.87122680916149,5.954165716573215,0.0035547581501305103,58.297351454069045,8.610521510601075,6.201276446694864,8.077495734785924,17.87122680916149,27.664957883537056,29.541177171628114,31.72268756559845,41.421039405183514,44.13430391741319,58.297351454069045,72.4603989907249,75.17366350295457,78.32841986463879,18.0149318469676,6.432605172136914,35.58961927201377,5.788788970716084,6.210290786991298,8.087729582655061,17.897848783674483,27.866141592038215,29.918052784186546,32.66869638890969,2,-9.3581893455067,0.9991017580032349,20.13106199183145,9.342528639227986,0.000898213591426611,87.00236436557154,14.179286798632853,1.8200423344105943,4.76396987469929,20.13106199183145,35.498154108963604,38.4420816492523,41.865033629865145,59.21147291378689,63.67951304725515,87.00236436557154,110.32521568388792,114.79325581735617,119.98831806498643,20.191126132670313,9.560232080332748,87.38502805645385,4.01299779303644,1.8236034506991092,4.76796215834496,20.1415891313933,35.57604600204979,38.58434969324188,42.18969197589596,2,-11.534383631209414,0.9999566078186035,17.50369138992952,9.5359409293632,4.334052573540248e-05,84.63606903910627,21.24180751639378,-1.1864093903237674,1.8184643658714634,17.50369138992952,33.18891841398757,36.1937921701828,39.687607297932644,43.00289134044224,49.696404902760904,84.63606903910627,119.57573317545163,126.26924673777029,134.0519027956537,17.506600038305955,9.546994919399161,90.94977944506321,0.19531671448920318,-1.186407513536545,1.8185299501325247,17.504209134375692,33.19283129709816,36.20067644846533,39.70282119724494,2,-8.849857536845056
52,95,set,0.952,8.78577898670097,22.8413601299034,23.2165240359513,23.5895790675511,23.215821077801934,0.011030291207134724,12.030119257255187,4.659816568179705,0.9889696836471558,115.40973779780529,9.999443320499008,2.897046609059929,4.365403074156234,12.030119257255187,19.694835440354137,21.163191905450443,22.87047362406033,95.81118902417762,98.96211718458682,115.40973779780529,131.85735841102377,135.00828657143296,138.67192150804004,114.26942759836078,14.687070144202451,99.12546842308286,116.58423265748563,93.47306618932588,97.83426641970463,115.2699549234414,131.80358569759647,134.96085845663438,138.63036361708564,2,-91.05360652055884,0.026911931112408638,13.511286447953978,7.710758775203285,0.9730880856513977,109.83232332624792,10.257677152553457,-1.6015230449206417,0.8282169100129586,13.511286447953978,26.194355985894994,28.624095940828596,31.449193731889896,89.72764554220376,92.9599458577731,109.83232332624792,126.70470079472273,129.93700111029207,133.69524876268795,107.2401400583113,18.62661220217115,103.98834095550744,242.96253396584024,24.831210953933237,89.49914037425482,109.47670031511281,126.56871443039154,129.81706677112962,133.5901606059235,2,-84.02431898050936,0.007433394901454449,27.586866737203948,6.556614826301155,0.9925665855407715,104.53702535451626,8.71070125503273,14.736137817152338,16.80219505963869,27.586866737203948,38.3715384147692,40.43759565725556,42.839833699274294,87.46436461456426,90.20919680188493,104.53702535451626,118.86485390714759,121.60968609446826,124.80114670056653,103.96502239327269,10.923389562936647,75.63185193241242,43.68837621664139,86.21143766561607,89.57077219066639,104.4552643820823,118.83336919329925,121.58192113276357,124.77676785919009,2,-80.74920131547076,0.013699757866561413,21.78123400909808,7.771153510230805,0.9863002896308899,109.60061740718007,10.278872042639673,6.550053010713679,8.998823972198268,21.78123400909808,34.56364404599788,37.012415007482474,39.859640456468526,89.45439840191065,92.69337744687411,109.60061740718007,126.50785736748603,129.74683641244948,133.5128495311127,108.39751832438562,14.465232912721635,105.03510439215894,104.20841692322453,86.21754906076863,91.21127395124404,109.4216665377507,126.43904775372565,129.68614025174085,133.4596654649551,2,-85.18169724658368,0.04054975509643555,21.00433866070481,10.062517601120677,0.9594502449035645,105.85296624837905,11.531124679099742,1.2821665687079005,4.45297008823843,21.00433866070481,37.555707233171184,40.726510752701714,44.41325508957044,83.25237717610256,86.88595399713219,105.85296624837905,124.81997849962589,128.45355532065554,132.6783736309026,102.4123751794302,20.29218230171484,131.68089917904217,280.0917633869888,23.98658064420776,78.96205852310712,105.24188125204137,124.58765587834047,128.24877201031893,132.49884443817186,2,-79.19655410162827
53,96,set,1.226,23.5895790675511,103.2514394541,103.3002039249,103.5793072574,103.37698354546666,0.0009160683839581907,21.226627067761285,4.399597773202404,0.9990838766098022,118.20726297497343,10.336118002890661,12.60357388582195,13.989932713381688,21.226627067761285,28.46332142214088,29.84968024970062,31.461621994085515,97.94884394935167,101.20586178932031,118.20726297497343,135.20866416062654,138.4656820005952,142.25266911683337,118.11841557842565,10.74075947203291,106.75519286159846,8.607953729609115,97.78829977157923,101.11789980745537,118.19538564673961,135.20407993935638,138.4616625867691,142.24919869522046,2,-14.741432032958997,0.0011640320299193263,25.421848777739463,7.45531150592493,0.9988359808921814,112.32341166298517,10.020592248077593,10.809706732599523,13.158952607165794,25.421848777739463,37.684744948313124,40.0339908228794,42.76549684986014,92.68341175299182,95.84100415953293,112.32341166298517,128.8058191664374,131.9634115729785,135.6347951359306,112.22225691179113,10.447024592480233,100.36008604620417,8.78039952848914,92.48470724870418,95.73241899002572,112.30877536935121,128.8002186683836,131.9584835700632,135.63041484227156,2,-8.845273366324477,0.000496728636790067,32.06736058186016,6.945066616543249,0.9995032548904419,113.37114005858447,9.336910237175742,18.455280143203936,20.643742568219402,32.06736058186016,43.490978595500906,45.67944102051638,48.22400154032756,95.07113226683668,98.01328939044562,113.37114005858447,128.7289907267233,131.67114785033226,135.09204133894843,113.33075227550262,9.510029174127126,87.15854676956216,3.281896549267214,94.99301638230908,97.97036869683922,113.3653246118431,128.72679975674856,131.66923061029328,135.09038729146204,2,-9.95376873003596,0.0006893881363794208,28.028447070222356,7.186155061236072,0.9993106126785278,117.38876812713596,10.10602420162779,13.943841962879425,16.20827385391252,28.028447070222356,39.84862028653219,42.11305217756528,44.74594361945672,97.58132466505533,100.76583756502913,117.38876812713596,134.0116986892428,137.19621158921657,140.89889604359806,117.32716427759723,10.372948446650101,102.0969174192459,5.501153275355957,97.46361660143047,100.7012546623711,117.38003024245513,134.0083444999667,137.19327192243583,140.89634471130174,2,-13.950180732130576,0.0006986273219808936,31.09038151964937,9.918353108901027,0.9993013143539429,111.18676845336935,10.524354365860532,11.650766640252478,14.7761424350881,31.09038151964937,47.404620604210635,50.529996399046254,54.16392118852764,90.55941293574583,93.87574600336109,111.18676845336935,128.49779090337762,131.81412397099288,135.67007785804145,111.13080444419994,10.734661528347877,110.75337354877244,4.478864273827396,90.4352140116312,93.80756208130879,111.17754760183762,128.49427856454173,131.8110700515743,135.6674286383654,2,-7.753820898733281
54,100,set,0.17,38.6685939093871,41.4320404741317,41.3520123129752,39.7625539329341,40.84886890668033,0.9997238516807556,43.54878950009682,6.899595290336791,0.0002761708165053278,115.6745449544586,17.19945710679728,30.025831223134524,32.19996516228905,43.54878950009682,54.897613837904586,57.0717477770591,59.599648335514004,81.96422847149444,87.3839555507468,115.6745449544586,143.96513435817036,149.38486143742273,155.68646542951308,43.568709508600186,7.007795804215458,47.67296650800072,1.4362782306090025,30.026639042722184,32.20076432139348,43.55117816755688,54.91532729877842,57.10371539598431,59.67135200063314,2,-2.7198406019198558,0.9997838139533997,34.69353478654852,7.287731517093656,0.00021620550251100212,110.98566944833848,17.392841270621854,20.4098434840475,22.70628316840846,34.69353478654852,46.680786404688575,48.97722608904954,51.647333507919775,76.89632696909777,82.37699140136486,110.98566944833848,139.5943474953121,145.0750119275792,151.44746876177942,34.71003024085502,7.377199992892161,53.16495332857746,1.2581498467632484,20.410381491364273,22.706917264935292,34.695509725243156,46.69545364991268,49.003755702428265,51.706521825109014,2,6.138838665825311,0.9869434833526611,37.40415103585406,8.577879212084362,0.0130564970895648,65.04315893790184,8.512216624876233,20.591816716433893,23.29479530230546,37.40415103585406,51.51350676940266,54.21648535527423,57.35928210466564,48.35952092454132,51.041808549077544,65.04315893790184,79.04450932672613,81.72679695126234,84.84553598655776,37.765018930543675,9.132864344587809,73.56535859934124,9.843824644070173,20.64008026510955,23.349483520122174,37.546206627282395,52.585285556727015,56.230789658008035,62.30481686248943,2,3.083849976136655,0.9991509914398193,43.787188109081846,8.100387754446801,0.0008490158361382782,93.71394418737812,15.0720364785752,27.910719849556827,30.463235931466727,43.787188109081846,57.11114028669696,59.66365636860686,62.631507940545625,64.17329551569682,68.9226503200488,93.71394418737812,118.50523805470743,123.25459285905941,128.77674420677755,43.82957703423306,8.238200993451047,65.75344075970256,2.114528826141792,27.913609369782836,30.46648283127186,43.79580684134792,57.17444442106995,59.77871631555739,62.89146085737119,2,-2.980708127552731,0.9998844861984253,43.08266381598814,8.389042592484977,0.00011555459786904976,88.91796917840131,18.528809448782326,26.640442469945057,29.28391668108884,43.08266381598814,56.881410950887435,59.524885162031225,62.598495216253625,52.60216998238249,58.44078975347898,88.91796917840131,119.39514860332362,125.23376837442012,132.02242564808392,43.08796205388053,8.405369714920008,70.40757804752013,0.2427377382512926,26.640730325883837,29.284293318969297,43.08386228590121,56.88999677576416,59.54027130176654,62.63198744412077,2,-2.239093147200201
55,101,set,0.053,39.7625539329341,41.528618616947504,44.7262396324576,43.196171091394504,43.15034311359987,0.9999891519546509,44.23779630180813,6.398953135012167,1.0846070836123545e-05,118.70798264915422,21.98587054217162,31.69607861842461,33.712455028990874,44.23779630180813,54.76313757462539,56.77951398519165,59.123987323530656,75.61646821773772,82.54444374617768,118.70798264915422,154.87152155213073,161.79949708057072,169.85476584387231,44.23860392337633,6.404026330077907,40.95139979098467,0.06014958111778314,31.69583556092388,33.712429254369276,44.23788312687181,54.76388044262832,56.78093925095774,59.12666455075736,2,-1.0882608097764646,0.9999871253967285,34.32547525752803,6.351040993848215,1.2905648873129394e-05,113.65292178671284,21.696734812822257,21.87766364524806,23.87894244387931,34.32547525752803,44.77200807117675,46.773286869808004,49.100205971513056,71.12810297146481,77.96496883683787,113.65292178671284,149.3408747365878,156.17774060196086,164.1270746921498,34.32650009535398,6.357865468390355,40.341277711413156,0.08121218403745087,21.87760506667559,23.878749583312842,34.32557748008746,44.77277825522819,46.77491665898267,49.10331931702182,2,8.823843018245888,0.9974731802940369,41.18008491502259,7.894102532136941,0.0025267519522458315,57.94425649432422,8.293965372407975,25.707928261767737,28.195441733510336,41.18008491502259,54.16472809653484,56.65224156827744,59.54451355811978,41.68838307538225,44.30189746970904,57.94425649432422,71.5866155189394,74.20012991326618,77.23890520579386,41.22244102818455,7.93987651207103,62.33320624828842,0.708317645459003,25.716438285017347,28.205072861733328,41.20405656622499,54.28656142183235,56.837171696100235,59.857839140891706,2,1.9279020854153188,0.9999489784240723,43.785519738655594,7.537923282327781,5.100030830362812e-05,92.70337819421766,17.45185301437498,29.01146158706719,31.386739288036793,43.785519738655594,56.18430018927439,58.55957789024399,61.321351541181784,58.49837482255592,63.99763446649898,92.70337819421766,121.40912192193633,126.90838156587941,133.30245935228214,43.78801363330441,7.546853480889204,56.83292136940546,0.1220353142717347,29.01147650901313,31.386824467730673,43.78599941689394,56.187783400618876,58.56590545730524,61.33532534215137,2,-0.6376705197045425,0.9999932050704956,43.84436821260549,7.19660775868052,6.760753876733361e-06,87.88307049649933,21.844812292258755,29.739276194730145,32.00700183899272,43.84436821260549,55.68173458621825,57.94946023048083,60.58618137231774,45.0680251546343,51.951551767503396,87.88307049649933,123.81458922549524,130.69811583836434,138.7017031314167,43.844664449023874,7.197722902624212,51.79403751851518,0.013111766770476211,29.739095408526715,32.006914644934426,43.844426794914085,55.6822991784703,57.95036233912211,60.588049909015155,2,-0.6943213354240072
56,102,set,0.952,43.196171091394504,105.28274048440001,105.32707479849999,105.98712807519999,105.5323144527,0.002600923180580139,42.87659537207249,6.6270952447196505,0.997399091720581,113.41407315675757,8.955300686502522,29.887727370305313,31.97599372264251,42.87659537207249,53.77719702150246,55.86546337383966,58.29352430569221,95.8620063404858,98.68391434212288,113.41407315675757,128.14423197139226,130.96613997302933,134.2472178701992,113.2306122856891,9.644179042502639,80.10305263921325,12.907327814975643,95.45461785007062,98.46437009786537,113.38480446742587,128.13295319368265,130.95616851233817,134.23848805805716,2,-7.698297832989098,0.004384513478726149,42.51313758187574,9.901761329653707,0.9956154823303223,107.42456295782347,8.730978266981472,23.106041992243032,26.226189545587,42.51313758187574,58.80008561816447,61.92023317150844,65.54807900037545,90.31216000473785,93.06338168854451,107.42456295782347,121.78574422710243,124.53696591090909,127.7358556875126,107.13995748812816,9.73235811396677,76.32562888427276,18.39311746641196,89.61873921133603,92.69667360990421,107.37637306757617,121.76718544301234,124.52062536006034,127.72153454189521,2,-1.6076430354281541,0.0038413943257182837,33.802808828957104,10.535947207897268,0.9961586594581604,105.7334253121134,9.427998323194894,13.152731758463116,16.47271785067804,33.802808828957104,51.13289980723616,54.45288589945109,58.31308721705544,87.25488815234738,90.22574807531387,105.7334253121134,121.24110254891292,124.21196247187942,127.66622916773845,105.4571171368633,10.429314648281691,88.97212508374766,19.799077090579235,86.60597631484644,89.88053562304304,105.68785847011151,121.22356902829335,124.19643930175994,127.65263834768511,2,0.07519731583670364,0.002489164937287569,44.889473315231925,8.533423863098827,0.9975107908248901,109.64989470342144,9.495625636102366,28.164269878743564,30.85324012369957,44.889473315231925,58.92570650676427,61.61467675172028,64.74118577744126,91.03881044598555,94.03098043570508,109.64989470342144,125.26880897113779,128.2609789608573,131.74002321465588,109.48869048250543,10.026844242096125,90.12372123588662,10.413353906383598,90.6262823979546,93.80843829481827,109.6201976788868,125.25738856015818,128.25086369269053,131.73120971105823,2,-3.9563760298054262,0.003172424854710698,46.22018532423377,12.320162361598591,0.9968275427818298,104.05755270699753,9.848413264452882,22.073110811814587,25.9553215791273,46.22018532423377,66.48504906934022,70.36725983665295,74.88116884197663,84.75501740380334,87.85835442924521,104.05755270699753,120.25675098474983,123.36008801019172,126.9683879674331,103.87406463751901,10.379982122957516,97.16507420579352,10.578605471176607,84.20312685073951,87.56253086862584,104.01827058962456,120.24158694990146,123.34671468590699,126.95669466481966,2,1.6582498151809943
57,103,set,1.493,105.98712807519999,110.76630790189999,111.0150214425,110.8753531518,110.88556083206667,0.00024592128465883434,81.90542342658713,11.421047903360675,0.9997541308403015,115.38203955589304,11.337555979237065,59.520580870293514,63.119471359157814,81.90542342658713,100.69137549401646,104.29026598288075,108.47475393588884,93.16083816388165,96.73341948267961,115.38203955589304,134.03065962910648,137.60324094790442,141.75713880501021,115.37381295773274,11.349691095418947,128.5406495721826,0.27553223067956956,93.12194902481727,96.71030674569374,115.37855532408658,134.02932222855713,137.60204138541195,141.75609462016138,2,-4.488252125666065,6.31326183793135e-05,73.7119135736566,11.960876869482648,0.9999368190765381,109.42435736448225,10.258628645062183,50.269025685952414,54.038021873368095,73.7119135736566,93.38580527394511,97.15480146136079,101.53707405064182,89.31781468938942,92.55041483010345,109.42435736448225,126.29829989886105,129.53090003957504,133.28949630349712,109.42209745864439,10.262696319285443,105.24184446589953,0.08051290977972372,89.30801902014059,92.54478149556691,109.4235485000498,126.29803985969117,129.53069102678566,133.28934828741941,2,1.463463373422286,0.0008524927543476224,32.95494736878111,10.979601341819698,0.9991475343704224,108.90528287158232,13.388897681208128,11.435324174206848,14.895110279207724,32.95494736878111,51.0147844583545,54.47457056335537,58.497319608139335,82.66352562372253,86.88250595976496,108.90528287158232,130.92805978339965,135.1470401194421,140.05251652801118,108.84053871490666,13.569288360073225,179.21253533320825,4.913372592766377,82.4701741855232,86.77653089682632,108.89096489979484,130.92257775180545,135.14222915866353,140.04830639007676,2,2.0450221171600163,3.684240800794214e-05,68.03537443732036,9.049515595055755,0.9999631643295288,116.16304820571553,9.175648378124828,50.298649793477516,53.15024588863898,68.03537443732036,82.92050298600172,85.77209908116319,89.08769580297775,98.1791078497875,101.0704496913255,116.16304820571553,131.25564672010555,134.14698856164355,137.5087983031125,116.16127584897488,9.180287688898563,84.19243903325182,0.08533393025109735,98.17344377139446,101.06730112481988,116.16262441996001,131.25552671845966,134.1468908233305,137.5087274678313,2,-5.275715016908208,2.2691363028570777e-06,79.02587918356232,15.503948220809201,0.9999977350234985,109.78005503697264,11.39181026044656,48.63869905260243,53.52415372049647,79.02587918356232,104.52760464662816,109.4130593145222,115.09345616628109,87.45251720778353,91.04219461253412,109.78005503697264,128.51791546141115,132.10759286616175,136.28136861783912,109.77998570821897,11.39191329715402,129.77359251421032,0.00214618811334806,87.45213997679055,91.04197964926936,109.78002413927136,128.5179688764786,132.1076374912117,136.28144037963713,2,1.1055751238477
58,104,set,0.053,110.8753531518,111.0185709645,111.0494169905,110.77108081659999,110.94635625720001,0.9999902248382568,110.67611264544928,3.5846200862100894,9.807500646275003e-06,150.4129286453118,48.69550693580855,103.65038637821864,104.77993729540351,110.67611264544928,116.57228799549505,117.70183891267992,119.01518596224821,54.971488842206625,70.31594744570651,150.4129286453118,230.50990984491708,245.85436844841698,263.6956176807711,110.67650594344195,3.58994728675149,12.872631615912303,0.015486034310513423,103.64828842750181,104.77801240867383,110.67613226323724,116.57442970702114,117.7046779594401,119.01908062481074,2,0.2698503137580559,0.9999428987503052,110.64986599556909,4.020768954240877,5.7109824410872534e-05,133.95662766227613,39.70085822672818,102.76930365510019,104.0362895980521,110.64986599556909,117.26344239308607,118.53042833603799,120.00357330427677,56.14437538255817,68.65452701495607,133.95662766227613,199.25872830959617,211.7688799419941,226.31463479562206,110.65119798942663,4.035664698465875,16.25567396613974,0.03102057844951805,102.76711013305471,104.03472481342557,110.64999702752199,117.26526809169901,118.53327046725364,120.01067087105301,2,0.29515826777337395,0.3325645327568054,121.79913553328319,14.202122618842264,0.6674354672431946,102.04755325162945,7.2673666961751096,93.96348669633068,98.43872263327094,121.79913553328319,145.15954843329544,149.6347843702357,154.83821329449424,87.8037762646804,90.09379878303947,102.04755325162945,114.00130772021942,116.29133023857851,118.95397631515164,108.61622898433522,13.744924507070241,102.3287113704572,86.59423833460252,88.64539152631626,91.16760716013697,105.57024389468317,136.4977408444786,142.2261983324575,148.4959839797693,2,2.330127272864786,0.9999889135360718,110.01357476007298,4.495225514359618,1.1095261470472906e-05,119.6818060765127,33.16516525949776,101.20309464954259,102.61958676881376,110.01357476007298,117.4075627513322,118.82405487060338,120.47103307873763,54.67927662657807,65.12996371098282,119.6818060765127,174.23364844204255,184.6843355264473,196.83551777015845,110.01368299947646,4.496661320243525,20.219032391021948,0.0010371146954885424,101.20252744530842,102.61902456471108,110.0135876756605,117.40793377505764,118.82484002431931,120.47297284593276,2,0.9326732577235504,0.9998294115066528,111.59146353100985,3.861495488150699,0.00017059684614650905,115.18258148098536,25.163210674192623,104.02307144777056,105.23986867186842,111.59146353100985,117.94305839015128,119.15985561424914,120.57464535048753,65.86359482417396,73.79278313779561,115.18258148098536,156.5723798241751,164.50156813779677,173.72096313693515,111.59207709650737,3.875399220351469,15.016623469305344,0.002199663467781398,104.01955142086774,105.23750646869682,111.59155695726436,117.94614654726314,119.16450804845881,120.58540748961956,2,-0.6457208393073586
59,106,set,0.229,110.7020056989,110.9039671458,110.749403559,110.8824099803,110.84526022836667,0.9990999698638916,109.52933298788182,4.748463839241364,0.0009000255377031863,142.97361003401986,30.62884158316039,100.22251488107794,101.71880501945775,109.52933298788182,117.33986095630588,118.83615109468568,120.57591174526077,82.9421836428427,92.59364886663639,142.97361003401986,193.3535712014033,203.00503642519698,214.22695053533874,109.5594331876531,4.937387744967662,23.371952335762703,1.0057902124972333,100.21786044017902,101.7167287494453,109.5332210469907,117.37168094469098,118.8929561060122,120.70193820877462,2,1.2858270407135706,0.99692302942276,108.35098326163984,5.371004052864792,0.0030769549775868654,128.61700811303638,26.326698732295437,97.82400875720619,99.51646776491413,108.35098326163984,117.18549875836555,118.8779577660735,120.84580712148659,77.01762676590101,85.31344221756149,128.61700811303638,171.92057400851127,180.21638946017174,189.86206773942556,108.41333921744449,5.670236313516636,30.89154337305517,1.2598531282921936,97.79647304963977,99.50247246546117,108.36258346227758,117.28651079465992,119.05922925480486,121.25356971906828,2,2.4319210109221814,0.090733103454113,108.31525598705122,16.317402284973916,0.9092668890953064,106.0742997328889,7.640303053057547,76.33373518725075,81.47551765618562,108.31525598705122,135.15499431791682,140.29677678685167,146.27521010256945,91.0995809179247,93.50711954505879,106.0742997328889,118.64147992071902,121.04901854785311,123.84830249739707,106.27762785821884,8.811953690299124,77.23613512923832,0.4143085569220259,89.50762993019876,92.54781659971059,106.17406026957353,120.2463737544052,123.75526282267447,129.35467002578832,2,4.567632370147834,0.9992121458053589,107.27636062500804,5.256664426044817,0.0007878859178163111,118.19880038550866,24.060058354465742,96.97348767114728,98.62991707816144,107.27636062500804,115.92280417185464,117.5792335788688,119.50519073708351,71.04195254482376,78.6235261365016,118.19880038550866,157.7740746345157,165.35564822619355,174.1708659877186,107.28496966463032,5.306637569373457,28.06684693944939,0.09392048903914965,96.96145378316014,98.62329210731643,107.27817953744017,115.9427955768873,117.61416021078453,119.57932136770891,2,3.560290563736345,0.989791214466095,108.34998443460833,5.241543790045486,0.010208765044808388,114.61786004393937,18.992407880978856,98.07674738272961,99.72841212072704,108.34998443460833,116.97155674848962,118.62322148648705,120.54363868727262,77.39342461752612,83.37812905636957,114.61786004393937,145.85759103150917,151.8422954703526,158.80080774077103,108.41396948404078,5.5922211680534035,30.875726897396234,0.3969698746138075,97.91965718037244,99.64043634575269,108.36746080314747,117.18647001851166,119.00458060038946,121.40208472464676,2,2.431290744325892
60,107,set,0.053,110.8824099803,111.0754805652,110.78531611529999,110.9974497225,110.95274880099998,0.9999902248382568,110.6823031778204,3.584389930668145,9.805321496969555e-06,150.41658369367988,48.70122000690636,103.65702800716281,104.78650639995257,110.6823031778204,116.57809995568823,117.70757834847798,119.02084107276363,54.963946476981874,70.31020532835832,150.41658369367988,230.52296205900143,245.86922091037786,263.71256331994175,110.68269612336633,3.589720472993726,12.870981933360984,0.01548061773758427,103.65514255056264,104.78470819614866,110.68232167082556,116.58015683880627,117.71035753464255,119.02473348614446,2,0.27005267763365737,0.9999428987503052,110.65709925945661,4.020533310638319,5.7107485190499574e-05,133.9589875283396,39.70519379461221,102.77699877196191,104.04391046117397,110.65709925945661,117.27028805773926,118.53719974695132,120.01025837917045,56.13823769171641,68.64975550646061,133.9589875283396,199.2682195502186,211.77973736496278,226.32708070081532,110.65843066169771,4.035433700113597,16.253795166336353,0.031006337121900807,102.77478146463798,104.04241859027618,110.65722990274435,117.27194985762338,118.54023383275816,120.0172991836101,2,0.2943181393022769,0.33241891860961914,121.80821278553658,14.202676912964145,0.6675811409950256,102.05253366663547,7.267280945228036,93.97147755206834,98.44688815282757,121.80821278553658,145.1695374182456,149.64494801900483,154.84858002769965,87.80892474845432,90.0989202458018,102.05253366663547,114.00614708746913,116.29614258481662,118.95875724362422,108.61970123854422,13.744884897206914,102.31143641992003,86.6111276474187,88.65030285139997,91.17232863582733,105.57346207580109,136.50337338457396,142.2327589717884,148.50332385042725,2,2.3330475624557607,0.9999889135360718,110.02035251492966,4.494999474863133,1.1090586667705793e-05,119.68450620233415,33.16854041677457,101.21031543367145,102.62673632555607,110.02035251492966,117.41396870430324,118.83038959618786,120.4772849870922,54.67536156569483,65.12711219711599,119.68450620233415,174.2419002075523,184.69365083897344,196.84606968593536,110.02046014964895,4.496441204826811,20.216997608708816,0.0010358034641649717,101.2099022019521,102.62627803091326,110.02036579695006,117.41425374965182,118.83109188440042,120.47919873571541,2,0.9322886513510298,0.9998292922973633,111.5981864052604,3.861223829150371,0.00017062740516848862,115.18577278823165,25.164750075194483,104.03032676387784,105.24703838541096,111.5981864052604,117.94933442510984,119.16604604664298,120.58073625140021,65.86376896089882,73.79344235572066,115.18577278823165,156.57810322074263,164.50777661556447,173.72773562642942,111.59878958476392,3.87527450034645,15.014556672608173,0.0021957324850289924,104.02687805159259,105.24465127735967,111.59828055378078,117.95241104464567,119.1707719490123,120.5915172774025,2,-0.6460407837639366
61,109,set,1.226,14.8024531217411,115.1893384434,115.2568753031,115.1871359006,115.21111654903332,0.0012361466651782393,13.514359761897083,3.9499884075076253,0.998763918876648,119.01061626358049,10.548368747086519,5.772524743831413,7.017207003391893,13.514359761897083,20.01151252040227,21.25619477996275,22.70340689618841,98.33619342364301,101.66009367151366,119.01061626358049,136.3611388556473,139.68503910351797,143.54979147296405,118.88021521809026,11.175399143138407,111.14983371234268,13.74063856633669,98.11378491473731,101.53864754324351,118.99425273652373,136.354862703954,139.6794668102332,143.5449462882376,2,-3.669098669056936,0.0017385026440024376,18.579268949107927,6.89963576478381,0.9982615113258362,113.29670823652485,10.363480787097966,5.056231343687186,7.230378036759179,18.579268949107927,29.92815986145667,32.10230655452867,34.630221942168895,92.98465913934002,96.25029927602486,113.29670823652485,130.34311719702484,133.60875733370966,137.4057697332533,113.13204330062727,11.084551223230516,107.29777869898342,15.569675919438154,92.67459385804824,96.08181028804356,113.27408776446866,130.3344353693342,133.60106849040235,137.3990741263568,2,2.079073248406047,0.0005004424601793289,31.551738079085617,6.192997196339068,0.9994995594024658,113.8492653872228,9.08757392338962,19.41368661790351,21.365164178986998,31.551738079085617,41.73831197918423,43.68978954026772,45.958803940729894,96.03794779053379,98.90153645914576,113.8492653872228,128.79699431529983,131.6605829839118,134.99012366408923,113.80808042225082,9.270899788639834,82.5618650037648,3.387742012739989,95.96134843949775,98.85941018415124,113.8435626717905,128.79483372810256,131.65865194741718,134.9884800610023,2,1.4030361267824958,0.0010439760517328978,22.529662787093315,6.9269224021501135,0.9989559650421143,117.89177632259222,10.308552160440687,8.953144355175413,11.135889350305293,22.529662787093315,33.92343622388133,36.10618121901121,38.644093990981105,97.68738535537591,100.93571691287292,117.89177632259222,134.84783573231152,138.09616728980853,141.87305472547254,117.79221361526753,10.755935487752437,106.20539429119019,9.483936602301103,97.50446183156718,100.83563277026929,117.87827492608795,134.84267096534964,138.09162471468667,141.86906867800545,2,-2.581097066234207,0.0012605751398950815,24.930475270782104,9.300705501313814,0.9987394213676453,112.08790526194304,10.846020574491627,6.701427457393475,9.63217609373856,24.930475270782104,40.22877444782564,43.15952308417073,46.56715174084344,90.83009556035901,94.24778898200019,112.08790526194304,129.92802154188587,133.34571496352706,137.31952216721484,111.97803638097655,11.276557286922383,117.59691635585811,9.563784097151885,90.59680456798748,94.12044385914433,112.0707480372868,129.92144257493456,133.3399400981713,137.3144466425451,2,3.233080168056773
62,110,set,1.493,115.1871359006,124.16596171440001,124.2099779614,124.18997091470001,124.18863686350001,0.00028427745564840734,89.21989757703886,12.811166796479752,0.9997157454490662,115.40534460528484,11.505931050849602,64.11047205600316,68.14740340636887,89.21989757703886,110.29239174770885,114.32932309807455,119.02312821801215,92.85413413701852,96.4797721848413,115.40534460528484,134.33091702572838,137.95655507355116,142.1721428442893,115.39790331635511,11.514774747400047,132.39547521637166,0.194867281657552,92.8212058591628,96.45863840531479,115.40141176317992,134.3293833099684,137.95521300470875,142.17094665199554,2,8.790733547144896,6.304634734988213e-05,79.27429007312763,12.583184526537613,0.9999369382858276,109.45903916352415,10.390621990858033,54.61170159029221,58.576793366052584,79.27429007312763,99.97178678020266,103.93687855596305,108.54715464510201,89.09379428447252,92.36798689557958,109.45903916352415,126.55009143146872,129.82428404257578,133.63124054191874,109.45713444331071,10.393547164153812,107.9681994373798,0.05743910829511319,89.08524903990285,92.36289664495204,109.45823180398175,126.54981689326864,129.82402662536342,133.63105441213312,2,14.731502420189301,0.0011060611577704549,34.21064856532868,11.491806154847687,0.9988939166069031,108.61085665180232,13.731367755606783,11.687122384511486,15.308309531304204,34.21064856532868,53.11298759935315,56.73417474614587,60.94458738254805,81.69787039233843,86.024766595988,108.61085665180232,131.19694670761663,135.5238429112662,140.55479483773112,108.52856305650998,13.950051867976425,188.48797612248092,6.115709099092401,81.43943106324662,85.8834717762806,108.59180093249684,131.18958594477573,135.5173960058849,140.54916803438445,2,15.660073806990027,4.076752156834118e-05,73.5982633844511,9.283467502929348,0.9999592304229736,115.75399011988793,9.162564841624171,55.40300142706158,58.32831819157163,73.5982633844511,88.86820857733056,91.79352534184062,95.19483827361802,97.79569302429161,100.68291210796437,115.75399011988793,130.8250681318115,133.71228721548425,137.06930335996168,115.75227129746155,9.166523767945002,83.95268522308933,0.07244522497543189,97.78945941629046,100.67942847819384,115.753521953226,130.82491477181136,133.71218512343913,137.06917706101066,2,8.43636556603846,1.7523501583127654e-06,84.6737946537655,16.286413950724352,0.9999982118606567,109.93479639400809,11.763351963925796,52.75300987303507,57.88502759688348,84.6737946537655,111.4625617106475,116.59457943449593,122.56165912378219,86.879050207245,90.58580425103801,109.93479639400809,129.28378853697816,132.99054258077115,137.300445226881,109.93474819341093,11.763427117003697,138.3766667969355,0.0011182046004147741,86.8788204144394,90.58561805349684,109.93477421408524,129.2838534253302,132.99059772006967,137.30055358695537,2,14.253888670089083
63,114,set,0.893,24.2733057718037,133.9849108873,134.056451708,134.20350888489997,134.08162382673333,0.008627579547464848,26.940384173150072,5.715670723523678,0.9913724660873413,113.57001914309751,9.368054981152769,15.737875407553668,17.538942453101804,26.940384173150072,36.34182589319834,38.14289293874647,40.23702260953685,95.20896877484702,98.16093992986757,113.57001914309751,128.97909835632746,131.931069511348,135.36337393239995,112.82262025897226,12.307448926977859,87.28515129860753,64.18872867443777,93.59992633638196,97.35456656955824,113.46783723881178,128.9397365982874,131.89638134056432,135.33296292997443,2,21.25900356776107,0.01980542205274105,26.878555682287484,8.914563498582087,0.9801945686340332,107.80765702889242,9.414167724443335,9.406332287171207,12.215403578955527,26.878555682287484,41.54170778561944,44.35077907740376,47.616931525216,89.35622734456409,92.32272910261231,107.80765702889242,123.29258495517253,126.25908671322075,129.70828610051507,106.20482101633681,14.683058757121152,88.44519265905035,127.14691675782719,83.74829535254943,90.21164812117334,107.56922657611715,123.20115537440249,126.17846927293321,129.6376339999756,2,27.876802810396526,0.009778919629752636,29.62041820469139,8.38619017298153,0.9902210235595703,102.8517215172375,9.038138159398068,13.183787498143861,15.82636288235792,29.62041820469139,43.41447352702485,46.057048911238915,49.12961388490916,85.13729623752015,87.98530718486307,102.8517215172375,117.71813584961191,120.56614679695484,123.8775750096406,102.13559264468613,11.55453304109918,81.57685060892244,51.9297905581686,83.32577563566824,87.0932148850694,102.73985305881588,117.67505070384283,120.52816000618166,123.84431099252281,2,31.946031182047207,0.01000991277396679,32.93932834827739,8.34658764159277,0.9899901151657104,107.90311361115928,9.904572588702559,16.58031717694845,19.210413393335187,32.93932834827739,46.6682433032196,49.29833951960633,52.35639476379229,88.49050805503961,91.61154146522775,107.90311361115928,124.19468575709082,127.31571916727896,130.94459499617068,107.15273567424963,12.389670410555444,97.81592870666121,55.688324970768136,86.44618842003689,90.60844448824122,107.7775946923179,124.14638319111695,127.27312752774263,130.9071998913267,2,26.928888152483708,0.024755651131272316,32.655579150419385,11.281357552555523,0.9752443432807922,103.32209221623008,10.766479368001576,10.544524650691624,14.099397263162043,32.655579150419385,51.21176103767672,54.76663365014714,58.89994130910151,82.22018041465341,85.61280957827448,103.32209221623008,121.03137485418566,124.42400401780672,128.3686686048851,101.57269609475219,15.387054890186972,116.19810225384072,120.5632982889866,66.2503686688486,82.38084395077053,102.97950641436292,120.90026163480124,124.30837257477351,128.26731123493005,2,32.508927731981146
64,117,set,1.493,129.9947898088,135.9740398363,136.0631594301,136.0646590144,136.03395276026666,0.0003936825378332287,101.0650586885029,15.189269685353217,0.9996063113212585,115.9687104913595,11.986453975968098,71.29463715374455,76.0809333558056,101.0650586885029,126.04918402120019,130.83548022326124,136.40058392925735,92.4756923961151,96.25274819470147,115.9687104913595,135.6846727880175,139.4617285866039,143.8533722156413,115.96284247174157,11.991531852366968,143.70934370502354,0.08740988217806756,92.45455339456633,96.23780988504126,115.96472652206101,135.68294131580367,139.4602456695951,143.85211808890037,2,20.07111028852509,6.72018650220707e-05,88.38568766763694,13.481092983455891,0.9999327659606934,109.89326000726095,10.77962190115382,61.96323094782777,66.21126297852948,88.38568766763694,110.56011235674441,114.80814438744612,119.74739966944645,88.76558931404027,92.16235982598255,109.89326000726095,127.62416018853934,131.0209307004816,134.97041049997424,109.8918111225506,10.781285701615193,116.2046489778517,0.03108385857845683,88.75950048171029,92.15840061503685,109.8924529029348,127.62387682853775,131.02065457427588,134.97018530833472,2,26.14214163771605,0.0016377089777961373,37.33513867364946,12.145379979220735,0.9983622431755066,108.75915776970879,14.234996101912287,13.530631335822985,17.35776636412443,37.33513867364946,57.312510983174484,61.13964601147593,65.58951756772781,80.85907808989265,85.34467280183829,108.75915776970879,132.17364273757929,136.65923744952494,141.8747106883721,108.64218080863839,14.521924845710807,202.54482584925526,8.340910634738911,80.45866194500532,85.1267973583189,108.7298923390767,132.16239701546831,136.64934457371734,141.86598475536138,2,27.39177195162827,5.618244904326275e-05,83.01174304329511,9.578163323686946,0.9999438524246216,115.53639949271592,9.305714042630472,64.23888789082623,67.25706636079506,83.01174304329511,98.76641972579515,101.78459819576399,105.29388292857018,97.29753511873156,100.22986199832194,115.53639949271592,130.8429369871099,133.77526386670027,137.1847275722213,115.53457620703996,9.308897349468701,86.59660591615611,0.059429448775664466,97.28936170150314,100.22522332681378,115.53574423970939,130.84269242251025,133.77508180939483,137.18457851261934,2,20.499376553226696,1.2559992228489136e-06,94.0762083243916,17.37101525356518,0.9999986886978149,110.73848171028223,12.631661937944674,60.029644052507926,65.50343088073555,94.0762083243916,122.64898576804764,128.12277259627527,134.48723272945398,85.98087924702524,89.96124675722906,110.73848171028223,131.51571666333538,135.4960841735392,140.12412160522243,110.73845465831374,12.631709305156699,159.55905308510006,0.0003487043648799624,85.98073697237353,89.96115851586758,110.7384694100247,131.51574920702058,135.49615575301755,140.12416346810141,2,25.295498101952916
65,118,set,0.647,136.0646590144,130.6416280664,130.7823623244,130.63043291969998,130.68480777016666,0.5043027400970459,125.14797755945082,7.760023723308266,0.4956972599029541,137.05510436329274,19.733441497298493,109.9386105425902,112.38387439293774,125.14797755945082,137.9120807259639,140.35734457631145,143.2004922506755,98.37826973755952,104.5964815442266,137.05510436329274,169.51372718235885,175.73193898902593,182.9619540380424,131.0503076894323,16.088480688699185,223.39691853811004,35.44229233253904,104.03288957198691,109.31132727778794,128.46475493047646,162.24736690448975,169.4310327524109,177.51219558549525,2,-0.3654999192656305,0.19177956879138947,120.79759739983061,8.25734354393948,0.8082204461097717,123.42869439488855,17.5915941297408,104.61350144573488,107.21547592259742,120.79759739983061,134.3797188770638,136.98169335392632,140.00705099849907,88.94980346995035,94.49309698672616,123.42869439488855,152.36429180305095,157.90758531982675,164.3528619996004,122.92410558695889,16.256208531069202,263.191525749081,1.0730152180739023,90.57289166473996,96.2981767865615,122.54937447268513,150.51313401773697,156.2774722681548,162.9280203824765,2,7.760702183207769,0.002350331051275134,102.50663775397204,20.170780931478443,0.9976497292518616,121.0740310128919,8.079821247300739,62.972633588227005,69.32865558038611,102.50663775397204,135.68461992755795,142.04064191971707,149.43089109166044,105.23787236666095,107.7839077291497,121.0740310128919,134.36415429663407,136.91018965912284,139.87050599417998,121.03039879311805,8.178864132493283,66.08633410079243,0.8083677388915337,105.06303414289478,107.68101642561945,121.05870708915513,134.36558413546385,136.9164513604422,139.88633281143717,2,9.654408977048604,0.6378014087677002,119.08254004194012,6.3122692176347,0.3621985912322998,121.61969241543001,17.760781434324013,106.71071971465528,108.69978112501954,119.08254004194012,129.4652989588607,131.45436036922496,133.76707411675804,86.8092004668673,92.40580665568977,121.61969241543001,150.83357817517023,156.4301843639927,162.93744854647372,120.00149305735985,11.88082262150465,139.66689698400978,1.4870491796488392,95.25956848849434,101.82545014405723,119.50805291316058,141.00037070860512,147.96142025245507,155.66989038389465,2,10.683314712806805,0.026700595393776894,120.89317746346126,8.04445069665194,0.9732994437217712,121.41163454954224,15.729250945157192,105.1263438226153,107.66123355824101,120.89317746346126,134.1251213686815,136.66001110430722,139.60736823944384,90.58286919324154,95.53931908317055,121.41163454954224,147.28395001591392,152.24039990584293,158.00334404606355,121.39779618574039,15.573620581088248,242.53124903792457,0.00698542822409205,90.76467480266692,95.74260977820637,121.38525534759818,147.0793476881822,152.05831883229297,157.84341758343123,2,9.287011584426267
66,119,set,0.952,130.63043291969998,138.5936075084,138.3586485846,138.3411539893,138.4311366941,0.011497527360916138,114.66333137014584,11.47341909377244,0.9885025024414062,123.13848574968941,12.427525291364683,92.17584316681767,95.79123636021995,114.66333137014584,133.53542638007173,137.150819573474,141.35449548692296,98.78098376165399,102.69702570015706,123.13848574968941,143.57994579922175,147.49598773772482,152.04923279084443,123.04104610013547,12.449783138690131,154.18119940602799,0.8163519746959231,98.6402108300583,102.56157545484976,123.0416065388991,143.5184704480645,147.43974133352592,151.99831675173934,2,15.390090593964516,0.003221498103812337,106.9690402068185,11.773583080923007,0.9967785477638245,113.75273588910616,11.401952196458813,83.89324139921928,87.60321937394781,106.9690402068185,126.3348610396892,130.04483901441773,134.35849017696697,91.40532023059953,94.99819346443357,113.75273588910616,132.50727831377876,136.1001515476128,140.2776431412534,113.730887443898,11.409620656466396,130.03226579396468,0.1477710152970744,91.36256320781405,94.96096925302093,113.73267470818638,132.49483350629922,136.08865562913115,140.26709850365404,2,24.700249250201992,0.0015298263169825077,72.57497606679041,18.973677130107742,0.99847012758255,115.72094925096921,9.330949517342782,35.387252237487935,41.36605442272648,72.57497606679041,103.78389771085433,109.76269989609288,116.71434952115388,97.43262425541596,100.37290309446684,115.72094925096921,131.0689954074716,134.00927424652247,137.427983823422,115.65493807093037,9.504120290650388,87.48415619898267,2.8435296573320197,97.21277159125357,100.24983983276856,115.70344412486844,131.06233401873592,134.00337476337063,137.42293275813057,2,22.77619862316962,0.01110572088509798,104.40802574578464,7.928412515072337,0.9888942837715149,117.02248398572368,12.006474421083198,88.86862276166623,91.36694766440046,104.40802574578464,117.44910382716881,119.94742872990305,122.85227134474196,93.49022653909921,97.2735909873049,117.02248398572368,136.77137698414245,140.55474143234815,144.95372022993632,116.8823918783226,12.041598093843708,143.25258130855906,1.7475669613875924,93.35798529574635,97.10367519184108,116.87307282206216,136.70634052996033,140.49735437464574,144.90340384611952,2,21.548744815777397,0.0003008325584232807,108.38086300764563,12.431099390838698,0.9996992349624634,115.25792980916732,12.68732047666344,84.01635591336397,87.93352408763036,108.38086300764563,128.8282019276609,132.74537010192728,137.29992464751362,90.39123861458943,94.38914470683177,115.25792980916732,136.12671491150286,140.12462100374523,144.77305082732815,115.25586874588458,12.687769780185516,160.96617562739175,0.014223309334371515,90.38803984360435,94.38615063582984,115.25592010864924,136.12536036717648,140.12332402366727,144.77188786638303,2,23.175267948215406
67,120,set,1.226,138.3411539893,124.14026658370001,125.2731110412,125.3115715587,124.90831639453334,0.001874502981081605,114.55976069026312,14.630709968360126,0.9981254935264587,119.06743415510368,11.994503588871764,85.88409608402611,90.4943843339309,114.55976069026312,138.62513704659534,143.23542529650013,148.59588172086583,95.5586391084786,99.3382314234655,119.06743415510368,138.79663688674185,142.57622920172878,146.97082207925075,119.05898409191788,12.001572927611084,143.99968637640617,0.03801685459559924,95.53088073373922,99.31660517207818,119.06061231870676,138.7964320298651,142.57735206956278,146.97374656745228,2,5.8493323026154656,0.00035618399851955473,103.15987612064013,13.500389004570115,0.9996438026428223,111.36189521155065,10.906257527776532,76.69959989440216,80.9537123012172,103.15987612064013,125.36603994006306,129.62015234687811,134.56647738014615,89.98602325098979,93.42269796052062,111.36189521155065,129.30109246258067,132.7377671721115,136.7336442250355,111.35897229594941,10.908396850874334,118.9690031247132,0.02395307312645023,89.97668528179257,93.41567862788352,111.3596725440558,129.30021768347015,132.73709631934435,136.73313854036945,2,13.54934409858393,0.0014631357043981552,57.33411175160213,16.14359677738512,0.9985368251800537,113.55032523758888,11.237071647441406,25.693243486990408,30.780258040278106,57.33411175160213,83.88796546292615,88.97498001621385,94.88973379404457,91.52606951690754,95.06698718198132,113.55032523758888,132.03366329319644,135.57458095827022,139.6916629750588,113.46806884688824,11.44927810139553,126.46833768246152,4.6171277478446475,91.24978890320854,94.91515350764958,113.52969965314416,132.02577243185752,135.56760671004608,139.68562054158332,2,11.4402475476451,0.0008030606550164521,99.7654502630235,8.873942245942095,0.9991969466209412,116.37062861032999,10.544453701846939,82.37284306008851,85.16911417442775,99.7654502630235,114.36178635161924,117.15805746595848,120.4093269412321,95.70387911805993,99.02654569462517,116.37062861032999,133.7147115260348,137.03737810260003,140.9006960625437,116.3572944916375,10.553701133802674,111.15945447354007,0.2212516574261463,95.6606478855996,98.9923058376162,116.360659996557,133.71061428158046,137.03377912090517,140.89754564197872,2,8.55102190289584,1.3397865586739499e-05,106.79696206630756,15.512605636425722,0.9999866485595703,113.90692295201976,13.076875367088686,76.39281371254009,81.28099642176485,106.79696206630756,132.31292771085026,137.20111042007503,142.8846792094405,88.27671820220692,92.39737707527155,113.90692295201976,135.41646882876793,139.5371277018326,144.32828416134356,113.90683298186626,13.076914207899637,171.00561028259807,0.0006772737428068723,88.27642782287622,92.39714506799352,113.90684459390594,135.4164834931882,139.53715572901055,144.32831325840021,2,11.001483412667085
68,123,set,1.076,11.849616048740799,128.882604573,126.14310885239999,126.1831245212,127.06961264886667,0.0034520139452069998,13.276435870155055,4.322758750556529,0.9965479969978333,117.11769086123266,10.111624081475465,4.803984405208892,6.16613046086593,13.276435870155055,20.386741279444177,21.748887335101216,23.332676499503677,97.29927183633284,100.48554931644789,117.11769086123266,133.74983240601742,136.93610988613247,140.64084604627328,116.75923068253927,11.791986304128127,101.95649689199904,37.094593288126376,96.67871652573801,100.15405077591261,117.07379139701702,133.732907416236,136.92121094354997,140.6278007399878,2,10.310381966327398,0.006718220189213753,16.527925189114136,7.3788628215901335,0.9932817220687866,111.46320755449125,10.169110830385836,2.0656198119358677,4.390775914244227,16.527925189114136,28.66507446398404,30.9902305662924,33.693727026959344,91.5321165721388,94.7365087222596,111.46320755449125,128.1899063867229,131.39429853684368,135.12009691564504,110.82540498772697,12.775959634838916,103.08186356055782,60.14257182762484,90.23152585700032,94.0675329277438,111.37700355516165,128.15669885759579,131.36504416947716,135.09448179943195,2,16.244207661139697,0.001902200747281313,29.743899568476955,6.52221017432019,0.998097836971283,109.50030389127099,8.845984007158313,16.96060252720867,19.015818507506594,29.743899568476955,40.471980629447316,42.52719660974523,44.91682934155427,92.16249382942338,94.94995501314192,109.50030389127099,124.05065276940006,126.8381139531186,130.07913998012302,109.34859532956195,9.500531315129761,78.18350421864469,12.077042056338854,91.87200354640606,94.79233172102184,109.47917390498337,124.04250757054606,126.83097003684767,130.072822724536,2,17.72101731930472,0.0037458918523043394,22.73250699539902,7.3798088260382455,0.9962540864944458,113.53807588630134,10.206851537211742,8.268347483573239,10.593801681681521,22.73250699539902,34.871212309116515,37.1966665072248,39.90050956868093,93.53301447781904,96.74929911556339,113.53807588630134,130.3268526570393,133.54313729478363,137.28276326054436,113.19792558718072,11.608853172383656,103.99357689674633,30.77161762144361,92.84927676261796,96.38521090267909,113.48997673183648,130.3083256308447,133.52679669333986,137.26848048964703,2,13.871687061685947,0.007270386442542076,23.285237020006278,9.778737532921724,0.9927296042442322,108.89172187380836,11.021069813816775,4.119263641209635,7.2006451219734835,23.285237020006278,39.36982891803906,42.451210398802914,46.033982290522104,87.29082196762593,90.76367521766645,108.89172187380836,127.01976852995027,130.4926217799908,134.5305642048367,108.26932863280041,13.197335252738231,121.27610994583078,52.893438655398036,85.74617819404295,89.97490401923542,108.79055987598856,126.98080308030137,130.4582683131117,134.50047742122365,2,18.800284016066257
69,124,set,1.378,126.1831245212,123.7848045735,123.80112537690002,123.82913362689999,123.80502119243333,0.0005425201961770654,100.98945516550246,14.249576506945058,0.9994575381278992,115.9647371354759,11.325242829244914,73.06079841694208,77.55098756553139,100.98945516550246,124.42792276547354,128.91811191406285,134.1389271784164,93.76766907398536,97.33637039168624,115.9647371354759,134.59310387926556,138.16180519696644,142.31119171428608,115.95661950609991,11.332366133242177,128.30170733075914,0.12159906898380024,93.73804645370213,97.31552338707176,115.95929264608722,134.59066841241017,138.1596707745376,142.30936425804038,2,7.848401686333418,0.00011598689889069647,89.95398056459253,13.453599171801459,0.9998840093612671,109.61957042450601,10.297746169094298,63.58541072542376,67.82477917130356,89.95398056459253,112.08318195788148,116.32255040376128,121.25173239611047,89.43635881114587,92.68128528884561,109.61957042450601,126.55785556016639,129.80278203786614,133.57571033239074,109.61728906376341,10.300347840225179,106.05226965202995,0.04485103984705355,89.42689582156812,92.67509893238336,109.61828867173767,126.55734540909226,129.8023676416089,133.5753602062689,2,14.187732128669921,0.0013732435181736946,42.389856532302545,13.684959343050709,0.9986268281936646,109.9299970850023,12.686660537374765,15.56782909002823,19.880101522202143,42.389856532302545,64.89961154240294,69.21188397457685,74.2258326063439,85.06459934766218,89.0622974861993,109.9299970850023,130.7976966838053,134.79539482234242,139.44358285480192,109.83725590805393,12.932220892391644,160.98752018059693,6.255682176606451,84.76702902641975,88.89988161695666,109.90813078124243,130.78930876997313,134.7879836870131,139.43711046108797,2,13.967765284379396,0.00011677917063934729,85.16688249365674,9.341164170158155,0.9998831748962402,115.1730404876102,9.418317384274106,66.85853714647078,69.80203472842295,85.16688249365674,100.53173025889052,103.4752278408427,106.89767990197063,96.71347761946545,99.68128697830682,115.1730404876102,130.66479399691355,133.63260335575492,137.08332311155814,115.16953110310845,9.423920131259056,88.70452925560163,0.10513212688032979,96.69709209871843,99.67176757406152,115.17166419894588,130.6642783051337,133.63218839408003,137.0829534839887,2,8.635490089324875,3.4581548788992222e-06,94.41842732001723,16.713046178648945,0.999996542930603,110.80299386278442,12.074942093271988,61.661458737910515,66.92791269565906,94.41842732001723,121.90894194437539,127.17539590212394,133.2987867664636,87.13654224456462,90.94148156543699,110.80299386278442,130.66450616013185,134.46944548100421,138.89350973063398,110.80293732269034,12.074999108836497,145.80468845280947,0.000928352371387235,87.13631794351029,90.94127790043524,110.80295863488162,130.66456346556086,134.46948285236869,138.89360001355266,2,13.00208386974299
70,127,set,1.493,13.3695755788124,108.2736907707,108.2514095686,108.2729170456,108.26600579496666,0.0004327106580603868,6.833891755703846,3.1820735842994496,0.9995673298835754,122.35835793359527,11.971918847435385,0.5971421343206433,1.599846479342423,6.833891755703846,12.067937032065267,13.070641377087046,14.236501873580387,98.89382816678564,102.66630379582249,122.35835793359527,142.05041207136804,145.8228877004049,150.20920589251605,122.30837422642135,12.20823565950334,143.26920910034974,5.772415293668432,98.80672882992081,102.61840425005276,122.35186187463748,142.04789553197273,145.82071514862747,150.2072795926646,2,-14.04236843145469,0.0003495673881843686,14.952785936544224,5.697575215668479,0.9996504783630371,116.60046584475921,11.41618136561237,3.785743714625971,5.5811086782231065,14.952785936544224,24.324463194865338,26.119828158462475,28.207327926702376,94.22516152718167,97.82251851959589,116.60046584475921,135.37841316992254,138.97577016233674,143.1584750943162,116.56493846539244,11.571729585748214,130.29499188185167,3.6105553632849725,94.15816995686414,97.78559681714505,116.59546182348708,135.3765330625175,138.97411826193257,143.15699715849152,2,-8.298932670425785,8.997305121738464e-05,32.880578659418525,4.78003665194618,0.9999099969863892,118.63038421612106,9.716203826270407,23.511878976822587,25.018118035503875,32.880578659418525,40.74303928333317,42.249278342014456,44.00060676251082,99.58697465018079,102.6486511122804,118.63038421612106,134.6121173199617,137.67379378206132,141.2336543311127,118.62266549002358,9.74987755928568,94.39817586541093,0.6615149447241999,99.57233417264423,102.64054172891929,118.62928884520635,134.61174745279013,137.67348128647822,141.2333622844282,2,-10.35665969505692,0.0002230953541584313,16.121391611168377,6.085614372353257,0.9997768998146057,125.02931471288319,10.94476724909579,4.193806617556664,6.111446738575111,16.121391611168377,26.13133648376164,28.048976604780087,30.278647668524762,103.57796508548192,107.02677460706829,125.02931471288319,143.0318548186981,146.48066434028448,150.490650734689,125.00501725716205,11.06413451239783,119.7694676974816,2.6455293168348146,103.53699441672289,107.00417996448714,125.02625385191419,143.03070072367754,146.47968301060916,150.48981308452417,2,-16.739011462195393,0.00014576064131688327,21.92004901423551,7.945594946843098,0.9998542070388794,117.13458036776822,11.50050747494911,6.346969082679589,8.850708347633345,21.92004901423551,34.98938968083767,37.493128945791426,40.4042669268136,94.59399991293428,98.21792893581565,117.13458036776822,136.0512317997208,139.67516082260215,143.88876148250688,117.1206980508488,11.5573907157375,132.25159159116586,1.321245225968251,94.5659208604664,98.20240224075498,117.13247954388933,136.05048870687176,139.67451272373182,143.88824060932163,2,-8.854692255882142
71,129,set,0.952,21.802528395613,114.8096266953,114.8924910748,114.65400916969999,114.7853756466,0.005678929388523102,23.98440496594199,5.332503592647817,0.9943211078643799,114.53972378096617,9.515991143028488,13.532889976921819,15.21321709084347,23.98440496594199,32.75559284104051,34.43591995496216,36.38966336201339,95.88872386342818,98.88731123531767,114.53972378096617,130.19213632661467,133.19072369850414,136.67722954594197,114.02547078659768,11.683540116220295,90.20132427287705,46.30426972954496,94.88308369765889,98.36336620789567,114.47160577709543,130.1659007185022,133.1675729019952,136.65695465589658,2,0.7599048600023224,0.012279930524528027,24.86385570300464,8.541596957366279,0.9877200722694397,108.76000293104315,9.53941349971588,8.122633296109822,10.81417896772305,24.86385570300464,38.913532438286225,41.60507810989945,44.7345816256874,90.06309603796483,93.06906403704564,108.76000293104315,124.45094182504064,127.45690982412147,130.9519972457037,107.7297643756792,13.272170429356127,90.77886142144582,85.37167891038638,87.48831098657745,91.85515359793258,108.61135399633773,124.39378103455527,127.40650695750658,130.90783004145638,2,7.0556112709208065,0.005557079799473286,29.72227112160234,7.940337384776139,0.994442880153656,105.11161706857419,9.013749218035265,14.159495822344143,16.661578375034935,29.72227112160234,42.78296386816974,45.28504642086053,48.194258115843326,87.44499323554899,90.28531897485789,105.11161706857419,119.9379151622905,122.77824090159939,126.08073339908782,104.69266824772544,10.60921413562343,81.14653998829027,31.408445651302735,86.51530261461461,89.80022551296707,105.04848728316173,119.91357408791532,122.75677239411516,126.06195200734798,2,10.092707398874566,0.006402301602065563,30.728463130454486,8.092910957869586,0.9935977458953857,109.6255798508769,9.929216038876275,14.866649122940542,17.416809188807377,30.728463130454486,44.04011707210159,46.59027713796843,49.555389332096226,90.16467401996195,93.29347283654653,109.6255798508769,125.95768686520728,129.08648568179186,132.72439047380894,109.12046192103503,11.746254782459543,98.3774572703192,39.59760970935928,88.96292942675464,92.6728848328708,109.5453917798396,125.92676023317529,129.0592557367042,132.70051903954248,2,5.664913725564972,0.014267816208302975,30.782915667853615,10.947019411969723,0.9857321381568909,104.97392985989266,10.727543635977257,9.32715188233211,12.776671083767035,30.782915667853615,48.78916025194019,52.23867945337511,56.24949100397319,83.94833069079537,87.32869080197528,104.97392985989266,122.61916891781004,125.99952902898994,129.9299281911287,103.91538131462812,13.876688091582245,115.14805980458243,77.41391980329497,80.36197717084198,85.70752297054611,104.77931196817703,122.54436726702433,125.9335765521998,129.87214386959127,2,10.869994331971881
72,130,set,0.299,114.65400916969999,114.8021270538,114.7735609461,114.8415869407,114.80575831353333,0.9960007071495056,112.29572714122446,5.142644135751743,0.0039992425590753555,141.98007349294056,27.595420352646617,102.21632984984493,103.83683028241248,112.29572714122446,120.75462400003643,122.375124432604,124.25930639337912,87.89404346350958,96.58964623863929,141.98007349294056,187.3705007472418,196.06610352237152,206.17662096358336,112.41443639498111,5.7355896737685805,29.386472355008273,3.50988101789264,102.19815787940021,103.82972305018056,112.31430137796534,120.90385171903083,122.64837599559512,124.9063884019685,2,2.3913219185522223,0.987103283405304,110.9624604400074,5.816241835277774,0.012896759435534477,127.72673492044552,24.015399261229962,99.56283591748782,101.39559396202387,110.9624604400074,120.52932691799094,122.36208496252699,124.49306226841325,80.65741729408496,88.2249183429237,127.72673492044552,167.22855149796732,174.79605254680607,183.59490793604982,111.17867000881772,6.663910447350127,40.830459648864995,3.577772344044471,99.43744665884073,101.33155331340674,111.0113765791688,120.96947514010702,123.18338572723259,126.71646459377955,2,3.6270883047156133,0.04075174406170845,107.67268092215357,17.35198951943613,0.9592483043670654,109.62365902966246,7.726426502244943,73.66340640394228,79.1311980262851,107.67268092215357,136.21416381802203,141.68195544036487,148.03944485107277,94.48014135606658,96.91481837407089,109.62365902966246,122.33249968525404,124.76717670325833,127.5980148970928,109.54415857809465,8.347640531273576,69.5348907483519,0.1487928325508313,93.3147979868389,96.21312614143284,109.58750933047182,122.80652549062621,125.5515195972762,129.1144691707752,2,5.261599735438679,0.9970007538795471,109.5756824037863,5.434438830467956,0.002999219810590148,118.93978186525247,22.53864447126378,98.92437801988314,100.63682598304517,109.5756824037863,118.51453882452743,120.22698678768947,122.21807762365043,74.76485044122265,81.86701076012449,118.93978186525247,156.01255297038045,163.1147132892823,171.3725095147393,109.60376451347831,5.588438189931616,30.968123445312724,0.26220189738170935,98.87847385954679,100.61140205393045,109.5822803901386,118.58795828533167,120.35614968957057,122.49639092648887,2,5.201993800055021,0.9512447714805603,110.57983834215113,5.671715474061475,0.04875519499182701,115.98684029959352,17.850357559644372,99.46348028243212,101.25069657360433,110.57983834215113,119.90898011069794,121.69619640187014,123.77422157739859,81.00078237152826,86.62561492523184,115.98684029959352,145.3480656739552,150.9728982276588,157.51298165934105,110.84345406942944,6.89140137036802,46.135105327115696,1.3558955910497126,98.65849817468451,100.80694507528897,110.6652400402404,121.03466805420922,123.89888209904282,130.8968631924969,2,3.9623042441038905
73,131,set,0.299,114.8415869407,114.808572205,114.77055758750001,114.816626366,114.79858538616666,0.9960364699363708,112.45521018262929,5.135954189864872,0.003963563125580549,142.0730577039014,27.68162132069017,102.38892494424654,104.00731730557344,112.45521018262929,120.90310305968514,122.52149542101202,124.40322629339258,87.81807688167258,96.54084247466696,142.0730577039014,187.60527293313584,196.32803852613023,206.4701386132926,112.57260610891235,5.724801134679156,29.310643416880232,3.463123595349652,102.37057184774491,104.00000360037347,112.4735259324922,121.0506677193324,122.79135611636212,125.0412582968507,2,2.2259792772543108,0.987147331237793,111.13664599579363,5.808159980018008,0.012852671556174755,127.78617061688098,24.082592331341456,99.75286161851145,101.58307298674661,111.13664599579363,120.69021900484064,122.52043037307581,124.64844661739761,80.58515699309122,88.17383127428026,127.78617061688098,167.3985099594817,174.98718424067073,183.81065808828941,111.35063717782712,6.653746367426133,40.755321173230634,3.517054191115104,99.62551389225389,101.51790040613793,111.1849268233612,121.12652822917609,123.33450718289912,126.84685916242934,2,3.4479482083395396,0.04023275151848793,107.89224725114615,17.364928994345707,0.9597672820091248,109.73284399555196,7.72320363865014,73.8576118281332,79.32948081304181,107.89224725114615,136.45501368925045,141.92688267415906,148.28911290001244,94.59564301852899,97.02930447883347,109.73284399555196,122.43638351227045,124.87004497257493,127.6997023611102,109.65879540316884,8.33728410342809,69.37989276148082,0.13081663105990338,93.45699647973208,96.3434155365354,109.69921515958985,122.91050635650545,125.65451087720223,129.21753495863393,2,5.139789982997826,0.9970386028289795,109.7435018092618,5.427769121804594,0.0029614430386573076,119.00246100551003,22.594514300316135,99.1052698141262,100.8156160830063,109.7435018092618,118.6713875355173,120.3817338043974,122.37038096655644,74.71802672871517,81.83779220942812,119.00246100551003,156.16712980159193,163.28689528230487,171.56516131303584,109.77092672319382,5.580130851568837,30.88528530720135,0.25312770269156365,99.05939795614505,100.79030040283988,109.74992330886677,118.74351299164664,120.50863564204285,122.64385965595143,2,5.02765866297284,0.9511396884918213,110.74797056708157,5.661624645613677,0.048860255628824234,116.06668883747788,17.88130610545449,99.65139016769442,101.43542673430606,110.74797056708157,120.06051439985707,121.84455096646872,123.91887902502216,81.0199728742509,86.65455763529155,116.06668883747788,145.4788200396642,151.11340480070487,157.66482728097543,111.00783831286573,6.886639830245223,46.11045778781329,1.314661776941765,98.83395562768752,100.98505697734772,110.83191809511654,121.18228725647486,124.04029062992684,131.0299944907563,2,3.7907470733009347
74,132,set,1.076,114.816626366,119.6958576136,119.70716276179999,119.7128662959,119.7052955571,0.001804316882044077,99.16032023568626,11.84511309093368,0.9981957077980042,116.78297953252519,10.225367567711388,75.94432518465231,79.67684300641362,99.16032023568626,118.64379746495888,122.37631528672019,126.71617389255316,96.74162737112692,99.96374660186315,116.78297953252519,133.60221246318721,136.82433169392345,140.57074163495673,116.75118555305896,10.255810256607528,104.6226462096663,0.5593342196421195,96.61676279848773,99.87813889056324,116.76299363533724,133.59362717283284,136.81671273469237,140.56402948600805,2,2.9541100040410413,0.0007034378941170871,91.97827092979605,12.76837501586744,0.9992965459823608,109.51728120677635,9.515003292118205,66.95271575759483,70.97616297466993,91.97827092979605,112.98037888492217,117.00382610199728,121.68195300291546,90.86821744144461,93.86649353128051,109.51728120677635,125.16806888227217,128.16634497210808,131.65248888688714,109.5049418365179,9.529045765427004,90.58628270226039,0.21623715483142242,90.81762294095566,93.83337739702147,109.51031156212257,125.1651708088146,128.16378355232328,131.65028214051617,2,10.2003537205821,0.00141440168954432,54.45139678155834,17.18983516452808,0.99858558177948,111.35771605339409,10.137752052044915,20.759938958903135,26.176634064486354,54.45139678155834,82.72615949863031,88.14285460421354,94.44093327167073,91.48808714718902,94.68259782145327,111.35771605339409,128.0328342853349,131.22734495959915,134.94165398722194,111.27722581841856,10.37403576065883,103.04659339462484,4.573819871995845,91.24686903371337,94.55023548894248,111.33973647770001,128.02596406106483,131.22126678805358,134.93630692079628,2,8.428069738681444,0.0010737942066043615,88.54154721702224,8.720058398377368,0.9989262223243713,114.09634885212742,9.97574107272037,71.45054681311657,74.19832753322258,88.54154721702224,102.8847669008219,105.63254762092791,108.82743653359941,94.54425563049853,97.68771496713454,114.09634885212742,130.5049827371203,133.6484420737563,137.30339288863235,114.0689101403047,10.009519177558477,99.49020321140269,0.7004860508769138,94.40950901221841,97.60386800509922,114.08295450880355,130.4998212621444,133.64386631097142,137.29941672149607,2,5.6363854167953065,6.886425398988649e-05,93.69572108211368,14.546005868848688,0.9999310970306396,110.34765221777968,10.96529808384787,65.18607346026198,69.7696705710805,93.69572108211368,117.62177159314685,122.20536870396536,127.53479091089542,88.85606289369179,92.31134189395848,110.34765221777968,128.38396254160088,131.83924154186758,135.85675010336328,110.3465012228143,10.966476795530134,120.24404806059266,0.019093834394536786,88.85155273040215,92.30830512058768,110.3469451004025,128.3836961581476,131.83904912780199,135.85661042723999,2,9.358794334285705
75,134,set,1.378,31.345122651897697,119.6443309046,119.6518895785,119.6573301242,119.65118353576668,0.0004125917621422559,24.714591430460644,4.366573711469319,0.9995874762535095,119.32534556359714,10.984379384590623,16.15626422014138,17.53221682379938,24.714591430460644,31.896966037121903,33.272918640779906,34.87276090097992,97.79635757727527,101.25764929304226,119.32534556359714,137.393041834152,140.854333549919,144.87883319259757,119.28631806182288,11.149232317719058,120.61468362897368,3.691665455552354,97.72019974233147,101.21572306369255,119.31966215140108,137.39086587485576,140.85243988470376,144.87714531506165,2,0.3648654739437944,0.0003477850113995373,29.381544878463366,7.251407415913401,0.9996522665023804,113.26890023340033,10.383957427251497,15.169047506046436,17.4540410898954,29.381544878463366,41.30904866703133,43.59404225088029,46.2508411042775,92.9167176589902,96.18881019707602,113.26890023340033,130.34899026972462,133.62108280781047,137.42559751841745,113.23973130347115,10.500154599478982,107.80736448778936,2.446542698569559,92.8560409067491,96.15538826603033,113.26437175459102,130.3472773751932,133.6195914724118,137.42430463657286,2,6.411452232295531,0.00020550361659843475,32.66132240585057,6.651557588893147,0.9997945427894592,115.36092698671601,9.946034886631445,19.62450909052592,21.720483780883082,32.66132240585057,43.60216103081805,45.69813572117522,48.135159261832364,95.86705681993945,99.0011554296544,115.36092698671601,131.72069854377762,134.85479715349257,138.49886410036711,115.3439372723292,10.015835297129792,98.9123775385121,1.4051965572947676,95.8327877729,98.9822407545833,115.35836414724096,131.7197445857928,134.85397503943474,138.49815882029512,2,4.307246263437477,0.00020673208928201348,29.42032900281326,6.949525665791062,0.9997932314872742,120.6482837347411,10.257114626340657,15.799508988226037,17.989376505844483,29.42032900281326,40.85128149978203,43.041149017400485,45.58734326101856,100.5447084818144,103.77683153954767,120.6482837347411,137.5197359299345,140.7518589876678,144.5099005395219,120.62941959463247,10.340084203560291,105.19663098715614,1.7201803353921836,100.50913341371238,103.75721070778698,120.64562600190077,137.5187613145163,140.75103184030044,144.50917710633976,2,-0.9782360588657895,0.0001239483681274578,35.08091777698629,9.721598589852682,0.9998760223388672,113.19393058140066,10.669873723043938,16.02693466871965,19.09031107670078,35.08091777698629,51.071524477271794,54.134900885252925,57.69673798876852,92.28136236464424,95.64355008893763,113.19393058140066,130.74431107386368,134.10649879815708,138.01576863328816,113.18424528514362,10.70515648469035,113.84380517515808,0.7561949234241664,92.25918823343525,95.6313455743143,113.19227325429085,130.7436793439981,134.10595266227799,138.01537531147025,2,6.466938250623059
76,137,set,1.153,15.69870788645,105.001075211,105.00908013509999,104.667895049,104.89268346503333,0.0017793142469599843,15.56348085734274,4.236073461163908,0.9982206225395203,117.91915076892833,10.236307330535212,7.260929437595546,8.595760060714406,15.56348085734274,22.53120165397107,23.86603227708993,25.418061348002222,97.85635706639597,101.08192352970754,117.91915076892833,134.7563780081491,137.98194447146068,141.7323625653476,117.73702041311294,11.101193123485178,104.62746963920014,18.608142859523536,97.54265234135387,100.91148154913166,117.89628346282592,134.74759911563237,137.97419561070615,141.72562328210591,2,-12.844336948079615,0.0028700530529022217,19.609394390292024,7.281746100987938,0.9971299767494202,112.18746691354818,10.130874826089636,5.3374342877907,7.631987905542269,19.609394390292024,31.586800875041774,33.88135449279335,36.549268951630495,92.331317122529,95.52366071166327,112.18746691354818,128.8512731154331,132.04361670456734,135.75540602739568,111.92176627731807,11.27029868975906,102.49224217706227,24.527763697570094,91.82019908531636,95.24893270623285,112.15092000079666,128.83719999127712,132.0311920645101,135.7445412848533,2,-7.0290828122847415,0.0009048273204825819,30.965827240014022,6.588758397309691,0.9990952014923096,111.87893912202388,9.01704411242561,18.052098078451174,20.128284093092205,30.965827240014022,41.80337038693584,43.87955640157686,46.293571330164156,94.20585741466074,97.04722140931919,111.87893912202388,126.71065683472857,129.552020829387,132.8557205230977,111.8057299513524,9.33760785948324,81.27279812255065,5.918482589855585,94.06753089602738,96.97142716464704,111.86870391202284,126.7067539104689,129.54852723012527,132.85270606856315,2,-6.913046486319075,0.0016686797607690096,24.252996140387744,7.207593484011976,0.9983313679695129,115.73682346629143,10.18209489578789,10.126372496518696,12.397559856618841,24.252996140387744,36.10843242415664,38.37961978425679,41.02036591886962,95.78028418337804,98.98876774699063,115.73682346629143,132.4848791855922,135.6933627492048,139.42391828038967,115.58417177934622,10.841147168098013,103.58874786560311,13.942361717042145,95.48825134865253,98.82992591001111,115.71549260810482,132.47667581664578,135.68613620231451,139.4175254287711,2,-10.691488314312892,0.002409168519079685,25.886566774300988,9.704200065695296,0.9975908994674683,110.37926619093909,10.777882185939598,6.866684146766975,9.924578099579358,25.886566774300988,41.84855544902261,44.90644940183499,48.46191196639823,89.25500527688165,92.65122758654067,110.37926619093909,128.1073047953375,131.50352710499652,135.45236950086232,110.17571654371774,11.544115563116922,116.10977169514668,17.15765770698188,88.80246605379959,92.40694045767921,110.34664328058126,128.09475817802968,131.49247335924503,135.44268493049591,2,-5.2830330786844115
77,139,set,0.053,107.18231937600001,107.15526036419999,107.3183149221,107.2572968479,107.24362404473334,0.9999890327453613,107.42560568933987,3.7072813279378467,1.0960227882605977e-05,148.50882406349592,45.82614578925059,100.15946780602387,101.32767055095184,107.42560568933987,113.52354082772791,114.69174357265588,116.05003172505938,58.691228766282904,73.13152195284013,148.50882406349592,223.88612617415168,238.32641936070894,255.11638089580464,107.42605521592188,3.712866935329673,13.76680098039638,0.01849880779297102,100.15727639054845,101.32759148195484,107.42564087144234,113.52453627893372,114.69421157578884,116.05295682878405,2,-0.18243117118854002,0.9999419450759888,106.85237227028361,4.144323034829561,5.804846659884788e-05,132.7321096261299,37.540063329905166,98.72964838171794,100.03556749518567,106.85237227028361,113.66917704538155,114.97509615884928,116.49350935169784,59.15493752216298,70.9842003019474,132.7321096261299,194.48001895031237,206.3092817300968,220.0633561450133,106.85387385936326,4.158746389258826,17.256221470139714,0.0388763309115883,98.72787955333696,100.03419506428754,106.85252744081606,113.67173782547782,114.97906652185435,116.50029384168549,2,0.389750185370076,0.4129854738712311,117.06226968113539,13.908717178336227,0.5870145559310913,99.44554572184907,7.313650255352246,89.80168494044281,94.18446578410679,117.06226968113539,139.94007357816398,144.32285442182797,149.4187843195932,85.1110546258365,87.41566157307837,99.44554572184907,111.47542987061978,113.78003681786164,116.45964044486603,106.72099977794181,13.657570325176916,111.29214006322377,75.23742655365933,86.05141983589111,88.68656853534203,103.93455048099375,133.33087647638368,138.62497955997094,144.5124713845803,2,0.5226242667915244,0.9999862909317017,106.4654502769373,4.614902623129224,1.3749659956374671e-05,118.26413025904213,31.47102838866285,97.4204073434446,98.87461095925534,106.4654502769373,114.05628959461927,115.51049321043,117.20131918315947,56.58204806082532,66.49889507005727,118.26413025904213,170.02936544802697,179.94621245725892,191.47669024488692,106.46561682638415,4.616503678607491,21.310652270060135,0.0019140480418759769,97.42011646421454,98.87406501057632,106.4654729441629,114.05714645186761,115.51136275978075,117.20294779172889,2,0.7780072183491882,0.9998452663421631,108.0695170969967,4.006210844454347,0.0001547332649352029,113.52129888500835,24.397799092631413,100.21748812739239,101.47988665916365,108.0695170969967,114.65914753482976,115.92154606660102,117.38935717795243,65.70249136140676,73.39049055786022,113.52129888500835,153.65210721215647,161.34010640860993,170.27906693542698,108.07036062653178,4.017953474527904,16.139347275862484,0.004598258829723091,100.21446340907822,101.47806100382999,108.0696552265135,114.66220639086569,115.92661207607149,117.39971033928985,2,-0.8267365817984427
78,141,set,1.378,107.26379707400001,108.83474771339999,109.205952598,109.283992048,109.10823078646666,0.00034817197592929006,85.89912972493546,11.683511658132355,0.9996517896652222,115.00531986722572,10.697108909842,62.99986766204219,66.68146319852664,85.89912972493546,105.11679625134428,108.79839178782873,113.07904223216305,94.03937166523288,97.4101414789772,115.00531986722572,132.60049825547424,135.97126806921855,139.89051643802,114.99518149602046,10.711264468104677,114.43582099064417,0.29485826177654195,93.9925783542832,97.38160341228583,115.00071038493444,132.59874642480122,135.9697096359058,139.88914157281823,2,-5.886950709553801,0.00010555933113209903,78.07897537951666,12.458708451765997,0.999894380569458,108.92621159072883,9.775149713296177,53.660355520170526,57.586223595498396,78.07897537951666,98.57172716353492,102.4975952388628,107.06226529957715,89.76727020918128,92.84752113081996,108.92621159072883,125.00490205063768,128.08515297227638,131.66661034468632,108.92294883070606,9.780643745847096,95.55984446337642,0.10043458785871932,89.75304893000231,92.8391738753947,108.92493611718274,125.004437639159,128.08478455195836,131.66628133441301,2,0.18528195576060114,0.0009201834327541292,37.493244211840505,12.69805649523702,0.9990798234939575,109.44241033986769,12.254533388761716,12.605510807521036,16.606799930415185,37.493244211840505,58.37968849326582,62.38097761615997,67.03334094398564,85.42396625055115,89.28549664876506,109.44241033986769,129.5993240309703,133.46085442918422,137.950718036176,109.37620466727222,12.447602365720375,150.1837733327099,4.759114187695078,85.23271160410523,89.18075594437506,109.42826426729799,129.59392549573306,133.45608027343198,137.94658580459554,2,-0.26797388080555606,7.418489258270711e-05,73.05868824113246,9.09489911229241,0.9999258518218994,115.08328325628963,9.14924463250959,55.23301353801402,58.09891044952056,73.05868824113246,88.01846603274436,90.88436294425088,94.21658745562983,97.15109329082443,100.03411503863994,115.08328325628963,130.1324514739393,133.01547322175483,136.3676090562079,115.08016989144575,9.156370808340563,83.7086068654339,0.13100574064064538,97.1397494250129,100.02782172098154,115.08243210480842,130.13216172858924,133.0152051345387,136.36737961794992,2,-5.971939104979086,5.085288648842834e-06,82.21150765912364,15.704549184339466,0.9999948740005493,109.41796651789876,11.0257833718755,51.4311568643804,56.379822973625075,82.21150765912364,108.0431923446222,112.99185845386688,118.74575226688158,87.80782820768218,91.2821667486881,109.41796651789876,127.55376628710941,131.02810482811535,135.0677742246962,109.4178237107092,11.026004782965847,121.5685300058522,0.0037640678212452353,87.80716796618758,91.28174273942057,109.41790262957484,127.55381364006477,131.0281096995059,135.0678063048559,2,-0.30959292424253704
79,142,set,0.647,109.283992048,110.20074277500001,110.281500146,110.301558947,110.26126728933333,0.1523236483335495,103.14395251277242,8.445802859371742,0.8476762771606445,125.62135571565916,13.100634553496183,86.5904830878784,89.25184304701769,103.14395251277242,117.03606197852714,119.69742193766643,122.79182803923992,99.94458381618567,104.07272945497517,125.62135571565916,147.16998197634314,151.29812761513264,156.09798905777097,122.19750629521089,14.885790909580123,156.34930655033216,65.23635191553333,93.4338071269102,97.27245649044647,122.70764518041878,146.10232370069767,150.35942136680953,155.2770414232116,2,-11.936239005877553,0.09047724306583405,99.14771690448922,9.592460407590584,0.9095228314399719,115.84938633348804,12.259410902631245,80.34683998248525,83.36952361167543,99.14771690448922,114.92591019730298,117.94859382649317,121.4631167805085,91.82138249265313,95.6844498460066,115.84938633348804,136.01432282096948,139.87739017432295,144.36904082381733,114.33827396040721,12.960483393563976,145.02034686241066,22.95475696478795,88.77039851432487,92.7610322511938,114.48597524729209,135.44604426244075,139.3764966863581,143.93022968683312,2,-4.077006671073875,0.00649704784154892,76.89570149088995,19.120764014603647,0.9935029149055481,110.24540690453492,8.638510619725803,39.4196926653773,45.444843451385935,76.89570149088995,108.34655953039395,114.37171031640258,121.37725020629975,93.31423720980555,96.03632138022012,110.24540690453492,124.45449242884972,127.17657659926428,130.34158771961327,110.02872816599945,9.148437601053669,76.51437230886732,7.179087235903557,92.50018699465961,95.58688776341106,110.1803909525546,124.43079330474373,127.15672768415247,130.32611085561552,2,0.23253912333387916,0.19538486003875732,97.20076291742458,7.276380835731455,0.8046151995658875,114.60513048734825,13.208635470308499,82.93931854159347,85.23218150869151,97.20076291742458,109.16934432615766,111.46220729325569,114.12815600533997,88.7166806806253,92.87885852693144,114.60513048734825,136.33140244776504,140.4935802940712,145.33301153268087,111.20458739663371,14.083479043737583,150.7244373772663,47.62068169659839,86.1246850946692,89.36080769773103,110.78160848340993,134.9073691240245,139.2430001074591,144.24035681280373,2,-0.9433201073003801,0.023552298545837402,98.832400381987,9.935835325982756,0.9764477610588074,111.57588567096073,12.064708232244472,79.35852098674,82.48940560925169,98.832400381987,115.1753951547223,118.30627977723398,121.94660976940688,87.92949205177766,91.73120657704212,111.57588567096073,131.42056476487934,135.2222792901438,139.64259401796568,111.27575395136137,12.173252534588022,144.45408944554646,3.7347258675091966,87.40934892188837,91.2287629036802,111.28772609381946,131.28236327144398,135.09971320536542,139.5347877192017,2,-1.014486662028034
80,143,set,1.493,110.301558947,111.2640621084,111.2660676546,111.28262236159999,111.27091737486666,0.000261850596871227,85.33209164030335,12.062154912044416,0.9997381567955017,115.36462868359928,11.405999641160674,61.690702436753384,65.49161238437657,85.33209164030335,105.17257089623013,108.97348084385331,113.39286007628917,93.00928017924757,96.60342880482895,115.36462868359928,134.1258285623696,137.71997718795097,141.898951700124,115.3567654986673,11.416517758884297,130.10086094862646,0.2361151619585376,92.97274954612243,96.58095626873737,115.36093227264192,134.12438780851656,137.71875856340694,141.89786076347818,2,-4.085848123800645,6.28522684564814e-05,76.3132495020195,12.257498313507723,0.9999371767044067,109.41904217777885,10.311366163519844,52.288994266983906,56.15145894369476,76.3132495020195,96.47504006034424,100.3375047370551,104.82845464470739,89.209135865875,92.45835414488855,109.41904217777885,126.37973021066915,129.6289484896827,133.4068669307399,109.41696457379307,10.314822844770285,106.32703583557985,0.06888134862380146,89.19987704660163,92.4529349736793,109.4182350962894,126.37941854959723,129.62872076592146,133.40667592707368,2,1.8539528010735893,0.0009642894146963954,33.485357450876556,11.228476658514355,0.9990357160568237,108.73457674622455,13.551808016465579,11.477947598939764,15.016156893979264,33.485357450876556,51.95455800777384,55.49276730281334,59.606700254128626,82.17352110855082,86.4438361785911,108.73457674622455,131.02531731385798,135.29563238389827,140.26079651473887,108.6620153155373,13.749577833280235,183.59598466637922,5.454970531662621,81.95171233610209,86.32242815891554,108.71818265671723,131.01904085212348,135.29010862812683,140.25597180399532,2,2.6089020593293526,3.8298407162074e-05,70.61953891003373,9.16337501657212,0.9999617338180542,115.94779000430391,9.161124225713339,52.65965390071824,55.54712827890856,70.61953891003373,85.69194954115889,88.5794239193492,91.93673689887524,97.99231646400838,100.87908159468633,115.94779000430391,131.01649841392148,133.90326354459944,137.25975187061618,115.94605774093016,9.16539442499198,83.92620136309473,0.07868682189395494,97.98646019261966,100.87580749005615,115.94734990230265,131.0163597548893,133.90316338324075,137.25961289433118,2,-4.675140366063502,2.0010038497275673e-06,81.65910691815314,15.87833548371612,0.9999979734420776,109.8219371715384,11.552072606458387,50.53814123562516,55.54156920781041,81.65910691815314,107.77664462849586,112.78007260068111,118.59763891400338,87.18029091608821,90.82046864599856,109.8219371715384,128.82340569707821,132.46358342698858,136.69607672033828,109.82187801120888,11.552164768686302,133.45061555612597,0.0015870830462722202,87.1799677991157,90.8202811076314,109.82191078322961,128.82345208880022,132.46365714301209,136.6961702706352,2,1.449039363657775
81,144,set,0.829,111.28262236159999,117.05469322009999,117.0483359296,117.0263373623,117.04312217066666,0.015133087523281574,101.50464136745829,10.047985902625845,0.9848669171333313,120.68582755739253,11.013624573588082,81.81095088114544,84.9771753119669,101.50464136745829,118.03210742294968,121.19833185377114,124.87975201042426,99.09952005391457,102.5700272316443,120.68582755739253,138.80162788314075,142.27213506087048,146.30734966964312,120.39555754996708,11.246135373733713,120.99215150808324,5.483476834287507,98.01782477229061,101.76761539867778,120.48620501696823,138.72025580332678,142.20029322728462,146.24433009980655,2,-3.3524353793004167,0.007839671336114407,96.25311891120379,11.277720340384462,0.9921602606773376,112.13658710360792,10.34468760953738,74.14919321633543,77.70291970557801,96.25311891120379,114.80331811682956,118.35704460607212,122.48901964908433,91.8613719575969,95.12109016938041,112.13658710360792,129.15208403783544,132.41180224961892,136.20192913167182,112.01205830952239,10.44671674609756,107.17071524130223,1.962322524986922,91.4105831999612,94.79685457178789,112.05066386740319,129.11402706308712,132.37795941324976,136.17204478660693,2,5.0310638611442755,0.0028017915319651365,66.83938334023888,18.960504412622125,0.997198224067688,111.30338425332843,9.122776402182154,29.677477562786734,35.65212888830797,66.83938334023888,98.02663779216978,104.00128911769102,110.94811247128433,93.42307106603951,96.2977524003318,111.30338425332843,126.30901610632505,129.18369744061735,132.52613574189485,111.17880712838702,9.461642527737563,83.99911743843352,5.523754707309039,93.0145644647037,96.07236848713924,111.27187285498657,126.29685274508017,129.17301448121802,132.51680951239146,2,5.864315042279642,0.016666805371642113,93.76662270918419,7.984173954927592,0.983333170413971,114.10981106481034,11.360809578060616,78.11792931122338,80.63382522121006,93.76662270918419,106.89942019715832,109.415316107145,112.34058881520224,91.84303345659384,95.4229422252323,114.10981106481034,132.79667990438838,136.37658867302684,140.53900627411448,113.77075234074935,11.608709366814598,127.97929940786909,6.782520329505444,90.66216862044011,94.45269717220621,113.87130619488394,132.7039897595979,136.2948400924931,140.46733774014186,2,3.2723698299173094,0.001454114099033177,96.53074068938771,12.064620423274668,0.9985458850860596,110.91531799934438,11.18346084133875,72.88451917262297,76.68620602837156,96.53074068938771,116.37527535040385,120.17696220615244,124.59724476218244,88.99613752780641,92.52016187259856,110.91531799934438,129.31047412609018,132.83449847088235,136.93193835201177,110.89440109228364,11.198215763318508,125.09958420713818,0.3004420533201484,88.92902603992894,92.46968478010947,110.89967604656502,129.30314235674888,132.82795014427714,136.9261053908581,2,6.148721078383019
82,145,set,0.229,117.0263373623,117.0368424957,116.6546842863,116.71170376789999,116.80107684996665,0.9993160963058472,114.94834831000537,4.525982321052084,0.0006838991539552808,146.1615201707809,34.04187471028436,106.07758596607829,107.50376987370461,114.94834831000537,122.39292674630613,123.81911065393246,125.47735766053131,79.44067177239866,90.16761908534205,146.1615201707809,202.15542125621974,212.88236856916313,225.3547630314156,114.96969444994501,4.682835028235201,21.263042544882058,0.665841344313399,106.07223691216184,107.50099142473864,114.95083425974425,122.41437148346172,123.85810785794473,125.5636441911532,2,1.8313824000216385,0.9972023963928223,114.39097813015009,5.115984509310439,0.0027975633274763823,130.65371521537614,28.971326540793974,104.3638327464368,105.97593245458326,114.39097813015009,122.8060238057169,124.41812351386338,126.2925378170103,73.87095861107055,83.0001236771557,130.65371521537614,178.30730675359655,187.4364718196817,198.0510991216952,114.43646955938966,5.402455295217186,28.448175529039737,0.7378201966685439,104.32485020511713,105.95497282160296,114.3986274032736,122.88458247836246,124.55953858495796,126.60862906319538,2,2.364607290576984,0.05752989277243614,115.95304482234056,16.77825119880349,0.942470133304596,109.99190789677408,7.540932797566265,83.06827674911972,88.35527748408575,115.95304482234056,143.55081216059537,148.8378128955614,154.98509382880025,95.21195120370732,97.58817723409989,109.99190789677408,122.39563855944826,124.77186458984083,127.53474087867721,110.33485433316625,8.468519506530214,69.78941680902219,1.9267232795168852,94.55913439670489,97.2067945922055,110.14805749306389,123.80235141632876,127.21214726158092,132.98515764668952,2,6.4662225168004,0.9994807839393616,113.05168279435,5.038060565682193,0.0005192187381908298,120.40147467286712,26.224181760050353,103.1772655336814,104.76481060008646,113.05168279435,121.33855498861354,122.9261000550186,124.77196428061376,69.00302289913621,77.26653419101365,120.40147467286712,163.5364151547206,171.79992644659802,181.40804415882087,113.05549924671693,5.074834513727634,25.725946222159248,0.028033342817833967,103.16649620059874,104.75884879968599,113.05240608516054,121.34994527827166,122.94616904061361,124.8145215035735,2,3.745577603249714,0.9887251257896423,114.11930266563999,4.930473311438559,0.011274883523583412,117.36687350932162,20.12028116973561,104.45575254848448,106.00939575673284,114.11930266563999,122.22920957454714,123.7828527827955,125.5892987717202,77.93184705782039,84.27195605199859,117.36687350932162,150.46179096664466,156.80189996082285,164.17364683364002,114.15591971145592,5.358851877331062,28.599842540570066,0.11757226859688406,104.22192589204161,105.87877186674187,114.12831407271443,122.42694945955051,124.13744737639398,126.39645923374728,2,2.6451571385107258
83,146,set,0.17,116.71170376789999,116.73821746569999,116.7557181988,116.6831326013,116.72568942193334,0.9998371601104736,115.12665539931173,4.123820669391909,0.00016275423695333302,148.5147786092607,39.336560763257694,107.04411540860173,108.343574014365,115.12665539931173,121.90973678425846,123.20919539002173,124.72009684647728,71.41653623760419,83.81189396601928,148.5147786092607,213.2176632525021,225.6130209809172,240.0253031129436,115.13207959693382,4.175824078188826,17.254967886856534,0.181403486376361,107.04147451437414,108.34238234854595,115.12716729719563,121.91546074844143,123.21789757504257,124.73931577773538,2,1.5936098249995183,0.9992281198501587,115.02363078145999,4.660100918320201,0.0007719385321252048,132.36606695938457,32.95293921157466,105.89000081723036,107.35844688400111,115.02363078145999,122.68881467891886,124.15726074568961,125.86464664560995,67.7794929199605,78.16330537851458,132.36606695938457,186.56882854025451,196.95264099880862,209.02606703762834,115.0370247915289,4.771712439462059,22.538023123078872,0.23198908478767571,105.87792319003565,107.35186369322297,115.02543952862489,122.70934552826259,124.19288364621026,125.94375423204177,2,1.688664630404432,0.09213411808013916,120.19368023388877,16.083631483100543,0.9078658819198608,108.7483545223927,7.425974391912209,88.67034178639716,93.73846065435994,120.19368023388877,146.6488998134176,151.71701868138038,157.60980214145604,94.19371216412804,96.53371361020714,108.7483545223927,120.96299543457826,123.30299688065736,126.0237542616994,109.80285951296133,9.211681272658021,73.89789956271571,10.957172306321926,93.84672290218299,96.389338618751,109.22541240005562,124.74199681539996,130.7304642983302,140.05702863331442,2,6.922829908972005,0.9998672008514404,113.80725153920235,4.793494405579865,0.00013274488446768373,120.84497582709997,29.01115339666028,104.41217514417158,105.92265488041272,113.80725153920235,121.69184819799199,123.20232793423313,124.95858705884973,63.98416001967895,73.12587494055776,120.84497582709997,168.56407671364215,177.70579163452098,188.3350108548933,113.8081795854527,4.805573672002119,23.086261548740175,0.006573923405946773,104.40868008732022,105.92079328290687,113.80740519204332,121.69456726675293,123.20774713209873,124.96929486373551,2,2.917509836480633,0.9970061182975769,114.98028059068032,4.4704990572691345,0.0029939233791083097,117.48029525800413,21.915117092737646,106.21826344551255,107.62696400204804,114.98028059068032,122.33359717931259,123.7422977358481,125.38021656845996,74.5274550392602,81.4331354229484,117.48029525800413,153.52745509305984,160.43313547674805,168.46248131605046,114.9877702350379,4.624016848071814,21.363426650497704,0.018656217694730234,106.15330657023931,107.59080548837407,114.9818080102358,122.38132913946721,123.82715998339533,125.5632068589756,2,1.7379191868954393
84,148,set,1.378,116.7652204048,116.9853210328,117.018175614,117.00132164690001,117.0016060979,0.00042306428076699376,93.46062902964779,12.964717244362257,0.999576985836029,115.33045727419434,10.949036274244888,68.05025016095239,72.13556684785823,93.46062902964779,114.78569121143735,118.8710078983432,123.62107142861055,93.87074051125174,97.3208952468794,115.33045727419434,133.34001930150927,136.79017403713695,140.80172453358,115.32121071103057,10.959169181349175,119.90179409790346,0.2022615498821162,93.8319774085036,97.29539904014308,115.32518122832835,133.33786046419505,136.78827345866847,140.80005142662935,2,1.6803953868694208,0.00010845172073459253,84.00481172720717,12.996808678794972,0.9998915195465088,109.16503278038103,9.985080379868018,58.531534802811414,62.62696383309688,84.00481172720717,105.38265962131746,109.47808865160292,114.23990996643741,89.59463485310218,92.74103710215313,109.16503278038103,125.58902845860892,128.73543070765987,132.3938032942139,109.16230097450142,9.988909985751183,99.70933383586956,0.06864647631940603,89.58268416980712,92.73367806410612,109.16374756972485,125.58855284916436,128.73503905525308,132.39343311603918,2,7.839305123398574,0.0011323672952130437,39.6478485762924,13.251052690783993,0.9988676309585571,109.51357402183247,12.483518601780824,13.67626254511319,17.85180649693127,39.6478485762924,61.44389065565351,65.61943460747159,70.4744068323009,85.04632716200624,88.9800131725771,109.51357402183247,130.04713487108782,133.9808208816587,138.5545809816346,109.43446016804573,12.703609663301801,155.86060310970225,5.5210744551566195,84.80580156013227,88.84853146153564,109.4958371236489,130.04033820578024,133.97481471943897,138.54930565417527,2,7.567145929854263,8.903913840185851e-05,79.01958506404715,9.24404539153323,0.9999109506607056,115.00355819976906,9.235037426045073,60.90158902518855,63.814483474079665,79.01958506404715,94.22468665401462,97.13758110290574,100.52445040817751,96.90321744884123,99.81327339450623,115.00355819976906,130.19384300503188,133.10389895069687,136.4874678825366,115.00035304466584,9.241284913629908,85.28593021182135,0.11528173543084391,96.88980244519185,99.80574703080555,115.00252776497169,130.19349001886425,133.1035972307068,136.48721332119797,2,2.0012530532341515,4.084411102667218e-06,88.25711887166341,16.27683865697036,0.9999959468841553,109.95509398618414,11.477507698928896,56.355101321832194,61.48410177144177,88.25711887166341,115.03013597188503,120.15913642149462,126.12270787741218,87.45959226400231,91.07627381923749,109.95509398618414,128.8339141531308,132.45059570836597,136.65576962087476,109.9550088038067,11.477598866190732,131.73373115452327,0.0019229415804375297,87.45921156166227,91.07599589284972,109.95504547976755,128.8339631717034,132.45065519097867,136.65584355104406,2,7.046597294093289
85,153,set,0.17,16.9965903140171,17.801376865295,17.2566603806405,17.255659856432903,17.437899034122804,0.9998985528945923,22.32190127647864,7.252207986755278,0.00010147054126719013,110.33794383855583,17.115809458953784,8.10783481404456,10.393080666057784,22.32190127647864,34.2507218868995,36.53596773891272,39.193059908568785,76.79157373275642,82.18494257178537,110.33794383855583,138.49094510532626,143.88431394435523,150.15527078588107,22.330832835090554,7.307865212210272,52.618911011053825,0.785994635447863,8.108107505816522,10.393435780516139,22.322823392580023,34.25763009873432,36.54842399759469,39.22062877589542,2,-4.89293380096775,0.9999334812164307,11.593681237030872,7.603309408482544,6.651241710642353e-05,106.98988934908613,17.849002008673036,-3.3085313669094596,-0.9126498203458997,11.593681237030872,24.100012294407637,26.4958938409712,29.28162391512896,72.00648825210388,77.63089365765616,106.98988934908613,136.34888504051608,141.97329044606835,148.51287722571334,11.60002619560445,7.6441422736216795,57.82765847231875,0.6052517703761314,-3.3083570930789503,-0.912513939574769,11.594315186589858,24.104805906460914,26.504458584672392,29.300669950157136,2,5.837872838518354,0.9976467490196228,22.068786432960685,6.409206890259406,0.002353290095925331,56.39503186396744,8.592587214526375,9.506971758586289,11.52657923363513,22.068786432960685,32.61099363228624,34.63060110733508,36.978831256403566,39.5538703894764,42.26148361925688,56.39503186396744,70.528580108678,73.23619333845848,76.38437886299138,22.149566909596455,6.627317103946178,41.15501569666431,2.766335489810763,9.513388168975942,11.533883723257414,22.08773289976801,32.75238030551958,34.89146022415193,37.59770396069565,2,-4.711667875473651,0.999631404876709,25.440524648004455,9.009340247340544,0.000368574692402035,87.42279508500378,14.848310199638204,7.7825422387498016,10.621478665726482,25.440524648004455,40.259570630282425,43.098507057259106,46.39938417891571,58.32064186243416,62.99949819902834,87.42279508500378,111.84609197097922,116.5249483075734,121.96512995103106,25.463369224492617,9.090381525795735,81.21955400132762,1.415469036156237,7.7838693991763845,10.623012440494316,25.44468811374515,40.29028547211393,43.15424587643,46.52450128431838,2,-8.025470190369813,0.9999790191650391,23.49894758832511,9.047007551355755,2.1005882445024326e-05,84.37370544144078,21.526019083358406,5.767138619805923,8.617944404420232,23.49894758832511,38.379950772229975,41.23075655684429,44.545434371853005,42.183483307536385,48.966554878352085,84.37370544144078,119.78085600452945,126.56392757534516,134.45071417257418,23.500226904921956,9.05175058553717,81.85636187285118,0.07784062266139533,5.767146486997253,8.617928794421458,23.499184268006168,38.38181154020548,41.23403737272649,44.55229334659311,2,-6.062327870799152
86,156,set,1.226,17.4657753765054,113.0695766855,113.09458914769999,113.1141490303,113.09277162116666,0.0011230299714952707,15.867804794437724,4.080547997468411,0.9988769888877869,118.76666099322512,10.481657940301366,7.870077682212597,9.15590062085224,15.867804794437724,22.579708968023205,23.86553190666285,25.36057895326997,98.22298893196614,101.5258679136557,118.76666099322512,136.00745407279453,139.3103330544841,143.1506436590685,118.65110473353526,11.028947863502587,109.76047281788156,11.877483660547218,98.022624018207,101.41637085721963,118.7518910639274,136.00179646184884,139.30534068364224,143.1462367857256,2,-5.558333112368601,0.001532090944238007,20.677585019885754,7.065329918787048,0.9984678626060486,112.99645644040447,10.254258776799327,6.829792840169832,9.056151477360123,20.677585019885754,32.29901856241138,34.52537719960168,37.11400025585315,92.89847854972403,96.12970169968713,112.99645644040447,129.8632111811218,133.0944343310849,136.8514295456762,112.85501028486581,10.86754113499659,105.0651993601927,13.037659365335445,92.62908307338685,95.98300891303316,112.97673658741111,129.8555930379483,133.08778343522377,136.8455534686916,2,0.23776133630084928,0.0004980150843039155,31.708081949819977,6.41541800285782,0.9995019435882568,113.71234650702706,9.163796225224143,19.134093718448767,21.155658379409516,31.708081949819977,42.26050552023043,44.28207018119119,46.6325759818516,95.75163594392365,98.63924304932291,113.71234650702706,128.7854499647312,131.67305707013048,135.03052437372074,113.67150244686023,9.343537974352465,83.95383398967378,3.347333887951215,95.6747832952677,98.59697293286885,113.70662437971593,128.78326894941233,131.67113133285986,135.02890147438606,2,-0.5787308256935688,0.0009161365451291203,24.21067221694267,7.005324150055452,0.9990838766098022,117.74493777283905,10.246621454449189,10.480489182805314,12.687939380753214,24.21067221694267,35.73340505313212,37.94085525108002,40.507493160391135,97.66192875890322,100.89074530948953,117.74493777283905,134.59913023618856,137.82794678677487,141.58214380949818,117.65924916286806,10.62776856273138,104.94202346127177,8.007623274619236,97.50271316938223,100.80353406529798,117.73316157614879,134.59462756740015,137.8239999924426,141.57867360390003,2,-4.566477541701403,0.0010500876232981682,26.814531967179825,9.485418529370335,0.9989499449729919,111.8097154694857,10.74203897607053,8.223453271325077,11.212406895992324,26.814531967179825,42.41665703836732,45.405610663034565,48.880915197368104,90.75570595586193,94.140633698842,111.8097154694857,129.47879724012938,132.86372498310945,136.79943500433123,111.72046672383189,11.087937779264236,115.36471374899988,7.578057297215252,90.56393617160155,94.03572361832646,111.79556266040362,129.47337572732565,132.85897247451075,136.79526249401556,2,1.3723048973347716
87,157,set,0.829,113.1141490303,115.466961092,115.6305303914,115.6470853407,115.58152560803335,0.01657363586127758,102.99713042720106,10.068854253105606,0.9834263324737549,121.21869080258185,11.221486241308938,83.26253872553112,86.43533898973453,102.99713042720106,119.55892186466757,122.73172212887098,126.42078811294036,99.22498191660458,102.7609884587788,121.21869080258185,139.6763931463849,143.21239968855912,147.32377146362944,120.91668945771009,11.442340666301387,125.51503365423643,5.411663300849355,98.19232831631591,101.96541189150594,120.99914686795128,139.58559590909397,143.13221127309555,147.25342977336612,2,-5.335163849676746,0.008159281685948372,97.6342387569332,11.22703261256564,0.9918407201766968,112.501230314897,10.516487230972238,75.6296591830479,79.16741344425213,97.6342387569332,116.10106406961425,119.63881833081848,123.75222220696247,91.88929409831604,95.20314815024346,112.501230314897,129.79931247955054,133.11316653147796,136.96623802704693,112.37992655250284,10.607132023262794,110.72256280947819,1.7887104732576171,91.47898555275272,94.89920931331622,112.41319111902855,129.7593033916627,133.07750603399487,136.93468753486272,2,3.201599055530508,0.002695164643228054,68.16956437937644,19.070721133906815,0.9973047971725464,111.77968754584334,9.092890482108166,30.791637797712212,36.80101955368971,68.16956437937644,99.53810920506317,105.54749096104067,112.5346959456663,93.95794968554429,96.8232136568752,111.77968754584334,126.73616143481148,129.6014254061424,132.93291398778186,111.66214681557746,9.41012582017283,83.43802708802994,5.111964765917397,93.57047650669261,96.60886599273027,111.74957684413737,126.72463023552166,129.59129357973737,132.9242095324815,2,3.9193787924558876,0.018434591591358185,95.13802594359883,7.92955540369493,0.9815654158592224,114.45508691019725,11.513608161639182,79.5963829389418,82.09506797771857,95.13802594359883,108.18098390947908,110.67966894825587,113.58493029907359,91.88882958127803,95.51688676622696,114.45508691019725,133.39328705416753,137.02134423911647,141.23974477956583,114.09898563328949,11.748637973266959,131.27855339959478,6.752037823260632,90.8040294123057,94.5710557967837,114.18846583309573,133.28925329589856,136.92958161717428,141.15928661222526,2,1.4825399747438581,0.001448218710720539,97.92966654777501,11.957348046508688,0.9985517859458923,111.42458532792944,11.33402990029341,74.4936950260076,78.26157924475409,97.92966654777501,117.59775385079593,121.36563806954241,125.74661775493689,89.21029492365425,92.78176513845537,111.42458532792944,130.06740551740347,133.6388757322046,137.79148169079232,111.40504225291352,11.34656595607325,128.48125952914705,0.2633572599838475,89.15188608227841,92.73665051626514,111.40933178686154,130.06004564049599,133.6322516077029,137.78559856787638,2,4.176483355119828
88,159,set,0.893,11.8801304343281,120.2176950108,120.2652040172,120.2537064597,120.24553516256667,0.016350295394659042,15.542538418044707,5.060337289716686,0.983649730682373,114.265279589877,9.836411561900501,5.624459580574971,7.21902427345643,15.542538418044707,23.86605256263298,25.460617255514443,27.314643313906707,94.98626719143863,98.08582235609755,114.265279589877,130.44473682365643,133.54429198831536,137.14819471509497,112.65113658924643,15.885176177585873,95.59170446594435,156.747448651801,90.91159673961964,96.34089162295776,114.06034508070084,130.36603690082035,133.4748660355027,137.0872892049648,2,7.594398573320234,0.04173026978969574,15.943144890528757,8.136751644066498,0.9582697153091431,108.66700225590046,10.092073551550328,-0.004595282988656635,2.559379437182617,15.943144890528757,29.326910343874893,31.890885064046167,34.87205977930117,88.88690156553258,92.06701847117186,108.66700225590046,125.26698604062904,128.44710294626833,132.14467610721337,104.79760905283771,21.07546989560988,100.36254581317088,343.8127218550074,17.985326048154633,84.6363856531891,108.11591404824117,125.05759425825427,128.26253619044402,131.98291977635458,2,15.447926109728954,0.013506145216524601,27.21280601390348,6.986394456987125,0.9864938259124756,102.04673004253755,8.769196435080682,13.519724496418446,15.721209752014543,27.21280601390348,38.70440227579242,40.905887531388515,43.4655899061262,84.85942085642237,87.62268548084516,102.04673004253755,116.47077460422993,119.23403922865272,122.44693152633401,101.03600925129332,12.293663205671626,76.51942845207984,74.61443183929505,82.15426625093525,86.37879982080646,101.89625023236164,116.41292946304648,119.18302579158535,122.40220299399148,2,19.209525911273346,0.020421065390110016,24.326102595809417,8.072908348951477,0.979578971862793,107.70241249052282,10.232235189560594,8.503492981371807,11.047350017989752,24.326102595809417,37.604855173629076,40.14871221024703,43.106495770719235,87.64760003764067,90.87188332715358,107.70241249052282,124.53294165389204,127.75722494340496,131.506151070443,105.99978342640432,15.586896641444428,103.89146175722246,139.06030372575765,81.1084351429404,88.48701164992858,107.43503729102073,124.43043744895895,127.66680066318438,131.42686643301704,2,14.245751736162347,0.06648077815771103,23.28171368509293,10.47045337855298,0.9335193037986755,103.97980884035813,11.559426607679393,2.7600021613233565,6.05935046955376,23.28171368509293,40.5040769006321,43.8034252088625,47.63963064253339,81.3237490073725,84.96624405923733,103.97980884035813,122.99337362147894,126.63586867334375,130.87105635426423,98.6149452004005,23.15551338602216,132.02548393559286,404.1531132529289,19.97434291138637,30.41320776866919,102.94669349793955,122.60512482096422,126.29384188482355,130.57135189843294,2,21.63058996216617
89,160,set,0.053,120.2537064597,120.9437872627,121.06316216249999,121.0841682692,121.0303725648,0.999992847442627,118.813139378554,3.2926971080770557,7.10073754817131e-06,155.3057926203754,57.125233893630565,112.35957163472378,113.39713459788082,118.813139378554,124.22914415922716,125.26670712238422,126.47309829578948,43.34239158043266,61.34314445998595,155.3057926203754,249.26844078076482,267.26919366031814,288.19895904290865,118.81339234643103,3.2977471225974777,10.864948481056341,0.00945608265375775,112.35833174966342,113.39464489893571,118.81315399056767,124.23177379499431,125.26807155665288,126.47760539884082,2,2.216980218368974,0.9999475479125977,120.15858408627061,3.7144192367722293,5.2440409490372986e-05,137.1297090592617,46.239550419083436,112.87845615871429,114.04890813264748,120.15858408627061,126.26826003989373,127.43871201382693,128.79961538103208,46.50185557653418,61.072416843826815,137.1297090592617,213.18700127469657,227.75756254198922,244.69898887330072,120.15947265581234,3.731431478201545,13.908309220734116,0.015103046596113329,112.87588778294979,114.04702813170773,120.15865181922791,126.27100971723083,127.44152829480915,128.8062191329772,2,0.870899908987667,0.1738751083612442,133.90017198275336,14.919398420769555,0.826124906539917,108.67944368930944,7.155117334440994,104.65868840704127,109.35994537841648,133.90017198275336,158.44039858709024,163.14165555846546,168.6078827808789,94.65567140864685,96.91032299049081,108.67944368930944,120.44856438812806,122.70321596997202,125.32473568879901,113.0647021737314,13.12879815075351,80.99663697091805,91.36889440319474,95.1449172773298,97.49309773243033,110.36587543090475,142.2630565342588,149.7667285716286,157.41320079280428,2,7.965670391068599,0.9999939203262329,119.03131448418125,4.208931228392476,6.092542207625229e-06,123.25976640116929,38.15914949538048,110.78196086312607,112.10823868757058,119.03131448418125,125.95439028079193,127.28066810523643,128.8227526993362,48.46920770954375,60.493550952309235,123.25976640116929,186.02598185002932,198.05032509279482,212.0312227049543,119.03134177795042,4.209963475718348,17.723865860060474,0.00010893280903362776,110.78100023166505,112.10724569060311,119.03131994954913,125.95555417330294,127.28214768811839,128.82408430317972,2,1.9990307868495876,0.9997877478599548,120.50449654668857,3.5155511283804213,0.00021231510618235916,119.46401513512834,27.48286022948031,113.61414294925379,114.7219295224387,120.50449654668857,126.28706357093844,127.39485014412334,128.68289144027824,65.59859889319871,74.25873280766726,119.46401513512834,164.66929746258938,173.32943137705794,183.39870860254143,120.50428322446986,3.53781785291617,12.516839705540505,0.00022980392320388587,113.60906883879206,114.71858925487375,120.504469602674,126.28977470045,127.40024269835007,128.6939038591367,2,0.5260893403301452
90,163,set,0.229,12.1171994922409,11.676612026349899,12.165706163888801,12.1341979192035,11.992172036480733,0.9996432065963745,17.703912305262357,7.270944225687008,0.0003567603707779199,108.90108724924391,15.748869389832413,3.453123489316347,5.744273324279213,17.703912305262357,29.663551286245493,31.954701121208362,34.618657946958855,78.03387044794708,82.99650231299304,108.90108724924391,134.80567218549479,139.76830405054073,145.53843607282744,17.73644725839863,7.476787719917617,52.93625363240892,2.966090584777119,3.4541636775298583,5.745447317280435,17.707164924629446,29.68762064293578,31.998391501976972,34.71661457875779,2,-5.744275221917897,0.9998051524162292,7.449520442993176,7.954947974142279,0.00019483450159896165,105.50901302559981,16.54662348459937,-8.141891085215558,-5.635204584485022,7.449520442993176,20.53424547047137,23.040931971201907,25.955496750744558,73.07822693004039,78.29223937315612,105.50901302559981,132.7257866780435,137.93979912115924,144.0022153915518,7.468625717901649,8.074361262732833,63.32221096699728,1.8730981043948367,-8.141278597056498,-5.634455791095511,7.451463568794584,20.54867499636015,23.067018915431266,26.01373300183159,2,4.5235463185790845,0.995771586894989,19.163165669934664,6.175077992431053,0.004228407982736826,59.093360345561166,8.622583581820196,7.060235203043897,9.006066237376226,19.163165669934664,29.320265102493096,31.266096136825425,33.528545229663024,42.193407071507195,44.91047246731199,59.093360345561166,73.27624822381033,75.99331361961512,79.15248932986803,19.33200672569433,6.70806115901585,38.2847297889409,6.713352809826703,7.07141856659623,9.018708289019123,19.196029795816514,29.569906596538853,31.737140884824743,34.747289757345506,2,-7.339834689213598,0.9989635944366455,22.071519487145807,9.278622231415918,0.001036418485455215,87.5496941385359,14.125743907280278,3.885754087417933,6.809544056688766,22.071519487145807,37.33349491760284,40.25728488687368,43.65682258922831,59.863744825430445,64.31491303925827,87.5496941385359,110.78447523781352,115.23564345164134,120.41108844648272,22.13938256295877,9.52099400542435,86.21040688800646,4.4389262971167405,3.8898060121667095,6.814127043889426,22.083584350150062,37.42293564452496,40.42065010934333,44.03125727263178,2,-10.147210526478036,0.9999459981918335,19.58790863299334,9.526952172087189,5.402973329182714e-05,84.9344617546941,20.789109744589208,0.915425493266806,3.917466798942515,19.58790863299334,35.25835046704416,38.26039177271987,41.75091356461714,44.18855538464856,50.739419190214335,84.9344617546941,119.12950431917385,125.68036812473963,133.29716301222092,19.59143983682485,9.540018886590106,90.78126728584651,0.23070378899723426,0.9155672396572153,3.917668536189535,19.588552402792313,35.26305577942357,38.26887729847459,41.7697703675675,2,-7.599267800344117
91,164,set,1.076,12.1341979192035,126.78494180310001,126.73792548769998,126.73541978690001,126.75276235923333,0.00340637075714767,13.535444890771046,4.336613702577058,0.9965936541557312,117.09451478126526,10.102203139426203,5.035838218857117,6.402350113399717,13.535444890771046,20.668539668142373,22.035051562684973,23.623916958297563,97.29456046348243,100.47786930717952,117.09451478126526,133.711160255351,136.89446909904808,140.59575357779812,116.74175711111432,11.754901744853777,101.77093627252604,36.40711828724335,96.6832851265724,100.1511656345559,117.05123791045257,133.69449676803984,136.8797494029851,140.58288389896313,2,10.011005248119005,0.006609654054045677,16.76830224395004,7.396873950513411,0.9933903217315674,111.4343485877594,10.154323937072515,2.2706957027612393,4.601527298345186,16.76830224395004,28.93507718955489,31.265908785138834,33.97600423327499,91.5322393837443,94.73197203062551,111.4343485877594,128.1367251448933,131.3364577917745,135.05683849109008,110.80863607244812,12.713483658444243,102.79040766683545,58.84196174903966,90.25767061566258,94.07544763049043,111.34966976003818,128.10411373418617,131.30766815773836,135.03158493532513,2,15.944126286785206,0.0018946625059470534,29.775664463303215,6.548898613079711,0.9981052875518799,109.5007456801503,8.853364762674806,16.940059043262668,19.00368482704158,29.775664463303215,40.54764409956484,42.61126988334376,45.01068082915021,92.14846960331167,94.93825653954028,109.5007456801503,124.06323482076031,126.85302175698892,130.09675197390692,109.34968808927998,9.504485136230036,78.31481456569061,12.019825962872915,91.8589455513875,94.78114456529458,109.47968297102798,124.05515435034944,126.84588239400676,130.09053711937233,2,17.40307426995335,0.0036855919752269983,22.922651831446956,7.387728783509937,0.9963144659996033,113.53124873889915,10.199473525725553,8.44296948821757,10.770919346956843,22.922651831446956,35.07438431593707,37.40233417467634,40.10907898095562,93.54064796720729,96.75460771711394,113.53124873889915,130.30788976068436,133.521849510591,137.25877229180662,113.19730900320535,11.57554125398996,103.84701104290004,30.146887147994878,92.86920469537118,96.39685122605809,113.48395990306992,130.28964902628678,133.50574500914044,137.2446868290104,2,13.555453356027982,0.007111731916666031,23.495237659350934,9.79847534291527,0.9928882718086243,108.86624080838362,11.005701186078507,4.290578883833245,7.378179952962178,23.495237659350934,39.61229536573968,42.69989643486862,46.28989994218347,87.29546285906,90.76347329531826,108.86624080838362,126.96900832144897,130.43701875770725,134.46933036494613,108.2591055260892,13.130497736321315,120.94684548659082,51.46316897747803,85.7921269959739,89.99415240120345,108.76744001667107,126.93091904103206,130.40347967412254,134.4398593142341,2,18.49365683314413
92,165,set,0.385,126.73541978690001,127.7435481843,127.7255351955,127.66751701740002,127.71220013240001,0.986182689666748,121.47715650519717,5.43211875284394,0.01381728332489729,144.27289740795342,27.913217478545764,110.83039938987841,112.5421162725507,121.47715650519717,130.41219673784363,132.12391362051594,134.11415441741306,89.56399645736977,98.35974039848217,144.27289740795342,190.18605441742466,198.98179835853705,209.208751546808,121.79212843495338,6.85180146600567,39.86589879904877,7.080883906871842,110.71078465574975,112.48445451356356,121.53293464988917,130.91739891457698,133.10354502102652,137.33105257657783,2,5.92007169744663,0.9469389319419861,120.12123783380125,6.059871252034273,0.05306105688214302,128.89537352343334,24.3131292934988,108.24410842886442,110.15363662603372,120.12123783380125,130.08883904156878,131.99836723873807,134.21860643793238,81.2425157567099,88.90383462248172,128.89537352343334,168.88691242438492,176.54823129015676,185.45617016664437,120.58680140426101,8.367064031414728,66.13941896775924,3.8681790277228587,107.12851230704365,109.5711988804822,120.239630445161,131.75826964318966,135.85972954620382,150.3784446589312,2,7.125398728139004,0.010769825428724289,114.80459130628623,18.82422351947261,0.989230215549469,117.2556524729448,7.685088371687419,77.90979117118809,83.84149897573649,114.80459130628623,145.76768363683595,151.69939144138436,158.59628367128093,102.19315604642989,104.61480699133216,117.2556524729448,129.89649795455745,132.31814889945971,135.1338414682358,117.22925977698957,7.8933046350810105,62.24081615188178,0.06400506130281715,101.86318030013057,104.41537463705906,117.24483602283608,130.02773628198597,132.5363152300889,135.55265468209743,2,10.482940355410449,0.9920598268508911,118.4237587340532,5.407213933783544,0.007940180599689484,122.00736901711056,23.087947202018412,107.8258141671343,109.5296832833668,118.4237587340532,127.3178341847396,129.0217033009721,131.00281937339454,76.75582402419215,84.03107532300646,122.00736901711056,159.98366271121463,167.25891401002895,175.71796590649328,118.45221412922534,5.774028337879448,33.238347559648545,0.10116022554116132,107.64031658501573,109.42609715407939,118.43043658451145,127.47102278911456,129.29522115672546,131.61070550680438,2,9.259986003174674,0.7503618001937866,119.45067365977887,5.821996752837758,0.24963824450969696,120.54258917540128,18.129591455633285,108.03976970610772,109.87434118477398,119.45067365977887,129.02700613478376,130.86157761345,132.99466342841566,85.00924286793494,90.72206491445444,120.54258917540128,150.3631134363481,156.0759354828676,162.71832571544275,119.72326287211297,10.378261557823853,107.48561713164227,0.2233365954794646,97.30143363600011,104.35614912641972,119.55603026707729,136.18050344841282,143.76624865422534,152.26965039263416,2,7.988937260287045
93,170,set,0.17,15.767232757624399,15.6736839316997,15.8367522241927,15.824257066955,15.778231074282466,0.9999054670333862,21.105154334159963,7.260916166932467,9.451325604459271e-05,110.08676079237354,17.154937959107123,6.874020152207706,9.16201004199051,21.105154334159963,33.04829862632941,35.33628851611222,37.996571222692076,76.46370023550452,81.8693988702087,110.08676079237354,138.30412271453838,143.70982134924256,149.99511424284492,21.113563859519804,7.3138226910835655,52.74373420515747,0.7482593648230146,6.8741722738041595,9.16221636716326,21.106014615756443,33.05472390814857,35.34786380954944,38.02234172936087,2,-5.335332785237338,0.9999383687973022,10.2846196271461,7.612104025614383,6.166224920889363e-05,106.7932631134546,17.911273660430098,-4.634830109630455,-2.2361772881176254,10.2846196271461,22.80541654240982,25.20406936392265,27.993021644111845,71.68781182177071,77.33183966977577,106.7932631134546,136.25468655713343,141.8987144051385,148.46111651475985,10.290570886473123,7.650791924647167,57.96033862630295,0.5742817356400225,-4.6347137375143275,-2.23604036674434,10.285207739909678,22.809796561631327,25.212069974032836,28.010662581212063,2,5.487660187809343,0.9978601336479187,21.30160495185188,6.294759560249907,0.002139866119250655,55.94167415287419,8.591591817532748,8.96410292242287,10.94764685838736,21.30160495185188,31.65556304531639,33.63910698128088,35.94540547243751,39.102463620640975,41.80976319051885,55.94167415287419,70.07358511522952,72.7808846851074,75.92870551221819,21.37573005734398,6.500720542515472,39.69716304191546,2.562204423581823,8.969856663144652,10.954154074940432,21.31852231906194,31.781688993193715,33.87141056161519,36.493381056222844,2,-5.597498983061513,0.9996542930603027,24.412577966883596,9.05414477418256,0.0003457519051153213,87.09540894519911,14.860699496471357,6.666780298674233,9.519835096125687,24.412577966883596,39.3053208376415,42.15837563509295,45.47566841356118,57.96897314704273,62.65173347939228,87.09540894519911,111.53908441100594,116.22184474335549,121.66656562557505,24.434251772834145,9.131460098378627,82.02555337361704,1.3580370004869633,6.668030015757205,9.52127776290478,24.416502168976596,39.33429583990178,42.210926723239055,45.59352718832361,2,-8.656020698551679,0.999981164932251,22.395463240931164,9.069310343678158,1.8868293409468606e-05,84.16846295064732,21.75067833259956,4.619941602705392,7.4777752281836385,22.395463240931164,37.31315125367868,40.17098487915693,43.493834077963456,41.537916779436465,48.391780806616126,84.16846295064732,119.94514509467851,126.79900912185818,134.76810724863648,22.396629536118528,9.07368441601061,82.25976731942265,0.07199822822198851,4.619820311704373,7.477803565249977,22.3956762980851,37.31479501704458,40.17388722019633,43.50002288397938,2,-6.618398461836062
94,171,set,0.893,15.824257066955,127.3837642259,127.3561362797,127.3643925839,127.3680976965,0.013157467357814312,19.205160309742986,5.261211970270009,0.9868425726890564,114.03243489823201,9.67556953948646,8.893374332982749,10.551236718283858,19.205160309742986,27.859083901202112,29.51694628650322,31.444569591658844,95.06866707092576,98.11753924838652,114.03243489823201,129.9473305480775,132.99620272553827,136.54117552655066,112.78475269484565,14.474342794601457,92.749095019685,116.75801372817924,92.19350050569945,96.78565529481389,113.87074506031838,129.88512905333573,132.94138227529916,136.49308974704945,2,14.58334500165435,0.03258766606450081,19.467621320484355,8.384158904547258,0.9674122929573059,108.3757920396395,9.857564605524546,3.034971826910933,5.67690713740231,19.467621320484355,33.25833550356639,35.90027081405778,38.972091563698456,89.0553204375346,92.16154114533398,108.3757920396395,124.59004293394501,127.6962636417444,131.30791650292178,105.47847782079388,18.587529859238646,96.29570229808357,249.20010805853664,25.58414692317443,87.70485774531863,107.95949675750659,124.43121818314239,127.55626993370176,131.18522681589175,2,21.889619875706117,0.012126223184168339,27.95512109237618,7.4146600689515685,0.9878737330436707,102.32214287632488,8.858005603930414,13.42265439962383,15.759090585348936,27.95512109237618,40.15115159940342,42.487587785128525,45.20419978051717,84.96077091776729,87.75202023114346,102.32214287632488,116.89226552150629,119.68351483488246,122.92894538127024,101.4203472937695,12.017911297127801,78.1794502786771,66.25029142270928,82.61068821058404,86.64076636311172,102.18586125949541,116.83982020428999,119.63725734775858,122.88839589810462,2,25.947750402730506,0.01606626808643341,27.094170607638922,8.164029363334306,0.9839337468147278,107.7684695320875,10.121202805267343,11.092967086776213,13.665537298820166,27.094170607638922,40.522803916457676,43.09537412850163,46.08654296063868,87.93127655353774,91.12057238873209,107.7684695320875,124.4163666754429,127.60566251063725,131.31390816085738,106.47233622375758,14.309032782059942,101.86377825874827,102.8848098242235,83.85850729504234,89.36224653485039,107.5613250814508,124.33676173508297,127.53550704972756,131.25239264157784,2,20.89576147274242,0.04826584458351135,26.294170524066217,10.731860681656716,0.951734185218811,103.74919504535221,11.284090606740644,5.260110100917576,8.641830557905262,26.294170524066217,43.94651049022717,47.328230947214855,51.2602118053408,81.63278385785381,85.18851768400582,103.74919504535221,122.30987240669859,125.8656062328506,129.99991523882753,100.01076596156273,20.0581175071655,126.74389489048843,275.5844811281717,26.77759793906341,70.94300897937703,103.03149119784517,122.03794476990602,125.62594194715513,129.78986886794138,2,27.357331734937276
95,172,set,0.893,127.3643925839,129.1538459948,129.1539127177,130.3200386477,129.54259912006668,0.01769489422440529,113.2775741131987,10.797815508092471,0.9823051691055298,123.84787795254657,12.52010750188564,92.11424460562938,95.51674811155993,113.2775741131987,131.03840011483746,134.440903620768,138.39704926473485,99.30891816628096,103.25413371824763,123.84787795254657,144.4416221868455,148.38683773881218,152.974003422321,123.66084538746756,12.569152374432965,156.04247001889155,1.9420898344885844,99.03835967604502,102.98643932318136,123.6602587589698,144.33742489130233,148.29335414532196,152.89106255599944,2,5.8817537325991225,0.005609291605651379,106.43272497150382,11.342223574788159,0.9943906664848328,114.24133518142382,11.523674636818013,84.20237526031788,87.77642738681901,106.43272497150382,125.08902255618861,128.66307468268974,132.81868267160814,91.65534792370282,95.28657715924501,114.24133518142382,133.19609320360263,136.8273224391448,141.04941117392377,114.19752962192246,11.53743687205942,132.7717983861251,0.340104645457801,91.5767977513311,95.21601154529117,114.20006744843722,133.17044952542972,136.8037175528245,141.02790601877865,2,15.345069498144227,0.0017453382024541497,74.5149286605284,19.318214831342228,0.9982545971870422,115.41286050429392,9.102718226650342,36.651923345490104,42.7392929289674,74.5149286605284,106.29056439208938,112.37793397556668,119.45581666368562,97.57186061864293,100.44022141407082,115.41286050429392,130.385499594517,133.2538603899449,136.58894969885475,115.34147232456259,9.288772414703404,83.36620468614984,2.9142287301400702,97.33251923211694,100.30595695118483,115.39359956120482,130.37821298037923,133.24753353193836,136.5835060219914,2,14.201126795504095,0.019094953313469887,103.94416937473932,7.766242381990023,0.9809050559997559,116.85454933097532,12.26613240486664,88.72261401083031,91.16983742493878,103.94416937473932,116.71850132453984,119.16572473864832,122.01115082936768,92.81337158783701,96.67855695616343,116.85454933097532,137.0305417057872,140.8957270741136,145.3898403737403,116.60802731674463,12.323089166816585,148.73671996720856,3.1219332820576717,92.61683758525557,96.405361652148,116.58625322593196,136.91570432180814,140.79441635978674,145.30100638539162,2,12.934571803322058,0.0006335171055980027,107.38247776501504,11.864830320699928,0.9993664622306824,114.99952721924903,12.519929139915728,84.12783765376436,87.86656857884796,107.38247776501504,126.89838695118212,130.63711787626573,134.98420055743063,90.46091701602066,94.40607636428321,114.99952721924903,135.59297807421484,139.5381374224774,144.12523775703397,114.9946993118076,12.521002700767642,156.73850235666265,0.03673302346475382,90.4538307469879,94.39934935961496,114.99476432521415,135.58984451836406,139.53523422015786,144.12258756024477,2,14.54789980825909
96,173,set,0.952,130.3200386477,126.4728714426,125.7253725368,125.82554137689999,126.00792845209999,0.011282646097242832,114.41196721796332,11.469196031130974,0.9887173175811768,123.03992566914607,12.381206059793563,91.93275606531688,95.5468185279401,114.41196721796332,133.27711590798654,136.89117837060977,141.0933070219425,98.77320770678162,102.67465397566107,123.03992566914607,143.40519736263107,147.30664363151052,151.8429180644084,122.9425749983951,12.40483017603366,153.0488399992947,0.8304227007297762,98.62798897173587,102.53605988321871,122.94376270931431,143.34493997506044,147.25156515295083,151.7931721957618,2,3.065353453704887,0.003190163755789399,106.74283332448458,11.783796361723226,0.9968097805976868,113.68605869669227,11.364382991527055,83.64701685435293,87.36021313964656,106.74283332448458,126.1254535093226,129.83864979461623,134.1560429387096,91.41227732677967,94.99331211501337,113.68605869669227,132.37880527837117,135.95984006660487,140.1235669088171,113.6639023445276,11.372518925740717,129.18016579362742,0.15330199840102895,91.36788534851388,94.954916130246,113.66585988940484,132.36645961562957,135.94844602949524,140.1131690934754,2,12.34402610757239,0.0015356277581304312,72.34319743091945,18.967673191797456,0.9984643459320068,115.63449034407687,9.335207566370654,35.167241104470534,41.14415138656118,72.34319743091945,103.5422434752777,109.51915375736834,116.4686036361589,97.33781972578457,100.27944032018726,115.63449034407687,130.98954036796647,133.93116096236915,137.3514306198332,115.56800799066649,9.5099241899603,87.56475087535578,2.8735558298413215,97.11665609729891,100.15569093846031,115.61690142203008,130.98281684281181,133.92531336930168,137.3463833278447,2,10.439920461433502,0.010867535136640072,104.1698384271332,7.937306603302781,0.9891324639320374,116.96247204292389,11.97394942986208,88.6130033504078,91.11413087246474,104.1698384271332,117.22554598180164,119.7266735038586,122.63477476933696,93.4939624076903,97.26707789428173,116.96247204292389,136.65786619156606,140.43098167815748,144.8180438429561,116.82344753868433,12.010876895264124,142.50199071241704,1.7591603703454801,93.3539276849565,97.09114663596766,116.81590543012808,136.59440917418044,140.37498258318828,144.7689463789051,2,9.184480913415655,0.0003000265278387815,108.14208572247833,12.451160996408392,0.9996999502182007,115.16602125808657,12.649157875177936,83.73825860380802,87.66174839777926,108.14208572247833,128.6224230471774,132.54591284114863,137.10781763581323,90.37412738797661,94.36000804921835,115.16602125808657,135.97203446695477,139.95791512819653,144.59236278941373,115.16391121302995,12.649695891327156,159.99970016323905,0.014797568902660662,90.37071562327719,94.35690009044812,115.16398900098673,135.97066917421145,139.95669001232238,144.59121681551505,2,10.844017239070041
97,175,set,1.493,14.9199841251369,108.5530347249,108.5090166652,108.611549057,108.5578668157,0.00041581192635931075,8.164828775190813,3.248651991622321,0.9995841383934021,122.20391293183289,11.947295291481389,1.7975878733067452,2.8212717640677125,8.164828775190813,13.508385786313912,14.53206967707488,15.722323429399943,98.7876444478644,102.55236093937947,122.20391293183289,141.8554649242863,145.62018141580137,149.99747793370875,122.15648804944992,12.16918175385326,142.68289395494386,5.405349264541124,98.70410418566209,102.50638174757106,122.19768480353895,141.8531092786973,145.6181182179445,149.99568240755394,2,-13.598621233749924,0.0003301914257463068,16.069156250256775,5.78173428216032,0.9996697902679443,116.40419633306752,11.37090143551978,4.737165289042002,6.559049646175701,16.069156250256775,25.57926285433784,27.401147211471546,29.519481505829482,94.11763904769394,97.7007278651451,116.40419633306752,135.10766480098994,138.69075361844108,142.85686871351692,116.37106443219903,11.514728355707906,129.26574198467424,3.322979212917241,94.05457539178053,97.66602274708436,116.39948934607912,135.1058956833831,138.68916536690804,142.855505748861,2,-7.813197616499039,9.197011968353763e-05,32.85121204708001,4.868715136352573,0.9999079704284668,118.4588274413683,9.773978698362944,23.308705728843947,24.842888296456948,32.85121204708001,40.859535797703074,42.393718365316076,44.177537153844284,99.30218120691525,102.38206312961958,118.4588274413683,134.53559175311702,137.61547367582133,141.1965020072254,118.45094705613826,9.808100646454829,95.52404804569835,0.6739560985693535,99.2871000381707,102.37375118381338,118.45770142321146,134.53521187118085,137.61515563207692,141.19619598674254,2,-9.893080240438266,0.0002095048112096265,17.032107829541523,6.131764846060536,0.9997904896736145,124.88621902046786,10.913868095831182,5.014069569594081,6.946252182885312,17.032107829541523,27.11796347619773,29.050146089488962,31.296725943292813,103.49543062061801,106.93450349896997,124.88621902046786,142.83793454196575,146.27700742031772,150.2756728627669,124.86362237649517,11.024158954787662,119.09543858597875,2.436556087761235,103.45707699553621,106.9133416433661,124.88335276701616,142.8368304299929,146.27610259321878,150.27489612269756,2,-16.305755560795177,0.00013309242785908282,22.97218706653711,8.042779582195376,0.9998668432235718,116.94199334474763,11.459339474270578,7.2086287498400665,9.742991899991795,22.97218706653711,36.20138223308242,38.735745383234146,41.682490248956405,94.48210068855913,98.09305724802549,116.94199334474763,135.79092944146976,139.40188600093612,143.6004033686293,116.92947915003467,11.510150193710482,131.30758476708212,1.175092908679555,94.45658621394463,98.07893736318786,116.94008254238375,135.79020671785773,139.40129512294095,143.59987030916648,2,-8.371612334334671
98,176,set,0.385,108.611549057,108.5140091585,108.55408348979999,108.53052062740001,108.5328710919,0.9638970494270325,106.24706662500675,6.071401667381538,0.03610290586948395,135.4693512014979,20.64449934744478,94.3473380212625,96.26049957173501,106.24706662500675,116.2336336782785,118.146795228751,120.3712589863678,95.00687600164547,101.51217157325603,135.4693512014979,169.42653082973973,175.9318264013503,183.49563836906356,107.30207126474909,8.979712655057542,50.91798491808402,29.716739745276875,94.354120747891,96.30669090205434,106.48644189858177,118.4643533901953,125.98204393371503,147.68723017166533,2,1.2307998271509177,0.9208465218544006,103.90565142132914,6.895342043361955,0.07915342599153519,123.23276514295483,18.573485006199945,90.39102935525489,92.56382305223424,103.90565142132914,115.24747979042402,117.42027348740339,119.94661572468866,86.82940346340823,92.68210096537805,123.23276514295483,153.7834293205316,159.6361268225014,166.4411525006575,105.43545326782181,9.915405223227648,71.0882323607017,27.226448602424945,90.25745927704169,92.56742685815881,104.41790150062187,120.86428949718972,132.1489224978525,144.47867631956643,2,3.0974178240781924,0.03280026465654373,94.41275678138916,17.724069052855413,0.9671996831893921,107.50905988304677,8.026255717698136,59.6742197782916,65.25925751546158,94.41275678138916,123.56625604731673,129.1512937844867,135.6451071418524,91.77788774564974,94.30704405495099,107.50905988304677,120.71107571114254,123.24023202044381,126.18092280842197,107.07949206825568,8.834787558196812,72.61172002517608,5.441153173873484,89.53572193734225,93.04651680610645,107.3269541672574,120.76034920096807,123.36420183472937,126.45005246436203,2,1.453379023644331,0.9717740416526794,102.57466775332696,6.061083427422101,0.028225943446159363,116.26038993680284,18.28525206282137,90.69516252828706,92.60507269447626,102.57466775332696,112.54426281217766,114.45417297836687,116.67485629909454,80.42195444543621,86.1838267615492,116.26038993680284,146.33695311205645,152.09882542816945,158.79824719944824,102.96095864521594,7.090471522438754,45.1371595333965,5.137468910518006,90.5257884826327,92.52361283568672,102.69423645038135,113.54040533902437,116.39703649078186,123.5525744130878,2,5.571912446684067,0.7721410989761353,103.54277536555733,6.884876311773551,0.22785893082618713,113.02028011152417,15.223302521227673,90.04866575646821,92.21816159302432,103.54277536555733,114.86738913809033,117.03688497464645,119.55939273648588,83.18315544416012,87.98017574530334,113.02028011152417,138.060384477745,142.85740477888822,148.43497756766274,105.70231254968861,10.257182998732496,89.40672876713134,15.80340728307388,88.77317678626585,91.58927050815227,104.61445560901599,124.96762340178519,131.72088327360464,139.0105258240754,2,2.830558542211392
99,178,set,0.952,9.87759682020403,101.19261569140001,101.2927589655,101.2083774222,101.23125069303335,0.010380052030086517,13.046689188725935,4.7127972763232675,0.9896199107170105,115.33435928528998,9.95492074277097,3.8097762606938677,5.294827495678586,13.046689188725935,20.79855088177328,22.283602116758,24.010295113286034,95.82307316050814,98.9599717955287,115.33435928528998,131.70874677505125,134.8456454100718,138.4929679914803,114.27260365111162,14.34501872704827,98.30232121845397,107.47675460401364,93.67124515571463,97.91047242760288,115.20348894255474,131.65839873283016,134.80120326182876,138.4540335233122,2,-13.041352958078278,0.025098444893956184,14.481542635914217,7.779526232703043,0.9749016165733337,109.73708077834496,10.190635004108813,-0.7660485969683197,1.6853606960884875,14.481542635914217,27.27772457573994,29.72913386879675,32.57942694840789,89.7638031906985,92.97497783089794,109.73708077834496,126.49918372579197,129.71035836599142,133.44404285527966,107.34632164867398,18.021620431642717,102.76158241406297,222.01792887002847,35.164962678255755,89.85749652433097,109.40820995225279,126.37332897367162,129.59939788046125,133.3467435510154,2,-6.115070955640633,0.007238937076181173,27.76000956147376,6.666082427312213,0.9927611351013184,104.59383775797886,8.737096768557047,14.694728085966476,16.795279703351788,27.76000956147376,38.72473941959572,40.825291036981035,43.26763624443253,87.46944276216576,90.22259244919181,104.59383775797886,118.96508306676591,121.71823275379197,124.91936425080064,104.03765005966392,10.887167565921446,76.10594187610982,42.425256969515466,86.25108560025234,89.6001452212642,104.5139888228042,118.93431374286267,121.6911037948067,124.89555514857578,2,-2.806399366630572,0.012792916037142277,22.543229272927896,7.799139189317651,0.9872071146965027,109.60522189003412,10.247472103844157,7.257197351450383,9.714786890279388,22.543229272927896,35.3716716555764,37.829261194405404,40.686740145345624,89.52054563392068,92.74963023294201,109.60522189003412,126.46081354712621,129.68989814614756,133.44440683310478,108.49144849702515,14.148222782947073,104.44544410600025,95.72712555702341,86.59357125835355,91.38362196540729,109.43878110796192,126.39682516094479,129.63343884763546,133.39493554711174,2,-7.260197803991801,0.037049055099487305,21.83683903922587,10.1368266278241,0.9629508852958679,105.77306557391887,11.45532015587936,1.969023931164024,5.163242994671133,21.83683903922587,38.51043508378061,41.70465414728771,45.418624114385054,83.32105063701957,86.9307406676304,105.77306557391887,124.61539048020734,128.22508051081817,132.422125265006,102.66330138762598,19.53256189470864,130.16959858302576,251.35074736933774,26.430388154661326,80.42248170149072,105.2204686260465,124.40496917166152,128.0395801827986,132.25959379274687,2,-1.4320506945926326
100,179,set,0.494,101.2083774222,101.4041534532,101.09833228190001,101.2166238182,101.23970318443334,0.6586380004882812,98.63410303189892,7.2531471311276245,0.34136196970939636,127.97672156941425,15.025895608973993,84.41819588031875,86.70373766645098,98.63410303189892,110.56446839734686,112.85001018347907,115.50744644050309,98.52650734036668,103.26132267879916,127.97672156941425,152.69212046002932,157.4269357984618,162.9321818749105,108.65055415277126,17.47288113530002,111.72158769490785,193.57963565870125,85.64851912808281,88.13305938878106,103.15804255333796,143.77926061234152,149.79594782674585,156.39476163174672,2,-7.410850968337925,0.5515281558036804,95.41956482504509,8.336970501376603,0.4484717845916748,117.94201677347112,14.029315938284975,79.07940290217411,81.70646865806835,95.41956482504509,109.13266099202183,111.75972674791606,114.81425842686374,90.44506280669881,94.86584556873498,117.94201677347112,141.01818797820727,145.43897074024343,150.57908608074766,105.5202433562867,15.876775474842763,126.60298861443079,125.46834719492506,81.00325782828097,83.94730232810718,102.37519317175976,135.03888630755674,140.27017831617297,146.11923237112586,2,-4.28054017185336,0.023417197167873383,79.40175851294832,17.936872719157996,0.9765828251838684,105.58995643157641,8.422753004798437,44.24613398811961,49.89822836467437,79.40175851294832,108.90528866122227,114.55738303777702,121.12916423010267,89.08166389149494,91.73576060271728,105.58995643157641,119.44415226043553,122.09824897165787,125.18420997786036,104.97670459756404,9.617652097408044,76.81553667325265,15.683941512143807,86.04203836331787,90.19396226810386,105.37417096075643,119.37212912184351,122.04239226213237,125.14948299877388,2,-3.737001413130699,0.7101436257362366,94.17591952564844,6.87170908234855,0.28985634446144104,113.371019321251,14.609191282697761,80.7076172120085,82.87296391819206,94.17591952564844,105.47887513310482,107.64422183928838,110.16190534039713,84.73753056390686,89.34103805307774,113.371019321251,137.40100058942423,142.00450807859514,147.35708040321092,99.73973817731323,13.085837630295151,95.39685201768864,75.84199799479782,81.20627488987365,83.60152310562141,96.84986532893848,127.16712287236675,133.3011734547602,139.93672790433527,2,1.4999650071201103,0.29273971915245056,95.16680121740633,8.602484931841365,0.707260251045227,109.6638480975292,12.875991768436867,78.30624057344875,81.01697267647167,95.16680121740633,109.316629758341,112.02736186136391,115.17917375006385,84.42736796615873,88.48472633661851,109.6638480975292,130.8429698584399,134.90032822889967,139.61788417419967,105.41998339706475,13.506830590774694,138.9210436605082,43.51309774305616,81.22503834116313,84.56426138151072,104.66260179221553,128.60170893950172,132.9367049905565,137.90621533245795,2,-4.180280212631416
101,183,set,0.385,8.10158742504006,7.49492593514191,7.27188109020041,7.28837475073758,7.351727258693299,0.9882597923278809,14.07105765432732,6.952913171204245,0.011740206740796566,108.18274127549715,13.009289900643386,0.4435982511328209,2.63453320679335,14.07105765432732,25.507582101861285,27.698517057521812,30.245952428548875,82.68500160579545,86.78436359836071,108.18274127549715,129.58111895263357,133.68048094519884,138.44687517863986,15.175948263659597,12.35008947176596,49.76237634003242,102.76233340609961,0.4786924044428847,2.6742768564547865,14.174583629615139,26.34866639167881,29.46431704350235,94.60008972066836,2,-7.824221004966298,0.9954427480697632,5.966267789261565,8.517238886344423,0.00455722538754344,104.11506758221853,13.751677695919202,-10.727213675697545,-8.043343484554182,5.966267789261565,19.975879063077308,22.65974925422067,25.78032836520689,77.16227457121414,81.49557064741816,104.11506758221853,126.7345645170189,131.06786059322292,136.106253754615,6.41355383307413,10.806253311276654,73.07457058037679,43.7005389553024,-10.710677109049286,-8.024583928264729,6.015138758005633,20.34824064463616,23.365353826521797,27.640641899162567,2,0.9381734256191692,0.9607152342796326,18.350136930467436,6.251109584159286,0.03928476572036743,69.60049283421529,8.649908635610789,6.098187282102078,8.06797665849192,18.350136930467436,28.632297202442945,30.60208657883279,32.892392421972716,52.64698343885614,55.372659242132016,69.60049283421529,83.82832642629856,86.55400222957444,89.72318939931596,20.36349515523162,11.815764955405534,40.480587241712826,99.13171423967684,6.205637483993251,8.189881206250805,18.670643961847283,32.63456120935428,66.58343033418167,75.31147387304276,2,-13.011767896538323,0.9809792637825012,20.409098118591643,9.390038779952059,0.01902071014046669,90.99675598548887,12.59772514313094,2.0049602964511735,4.963858774172516,20.409098118591643,35.854337463010765,38.81323594073211,42.253594871494165,66.30566841781753,70.27534209247219,90.99675598548887,111.71816987850556,115.68784355316022,120.30344708996239,21.75172496616362,13.508687573889615,89.51435383219321,92.97027379874358,2.0821212039278003,5.0514115106560595,20.637310389288576,37.85640864443083,43.94503198405474,90.18333410780404,2,-14.399997707470323,0.9988237023353577,17.356298546054454,10.288056312075012,0.0011762696085497737,88.66622086197592,17.857010461122105,-2.8079212965325446,0.43395180685687507,17.356298546054454,34.278645285252026,37.52051838864145,41.289896475662616,53.6671234866216,59.29405243848883,88.66622086197592,118.03838928546298,123.66531823733023,130.20783918493237,17.4401777535128,10.586269699105308,106.09467891985436,5.974418688805335,-2.8028591692758202,0.4397633896713086,17.371482835044745,34.39116265311655,37.726261302488595,41.7625557963213,2,-10.0884504948195
102,184,set,0.385,7.28837475073758,7.033303394905221,6.98429372028183,6.9727907758345395,6.996795963673864,0.9889294505119324,13.267600092568621,6.9320098343380785,0.011070562526583672,108.11546314044617,13.061145213357559,-0.3188895232114817,1.8654585744943546,13.267600092568621,24.669741610642884,26.854089708348724,29.39386643351121,82.51608892541762,86.63179106411512,108.11546314044617,129.5991352167772,133.7148373554747,138.50023054007923,14.317619463942812,12.161368763385068,49.409356048455656,98.48953682340299,-0.28598577928729113,1.9028055755492215,13.364861191273985,25.454830600479934,28.482760303365378,91.12844885440755,2,-7.320823500268948,0.9957072734832764,5.130035529523866,8.497946981275657,0.004292706027626991,104.06045863509195,13.816150059981954,-11.525634496307298,-8.84784338426872,5.130035529523866,19.107914443316446,21.785705555355026,24.899216423126273,76.98130211252641,81.33491409842482,104.06045863509195,126.78600317175906,131.1396151576575,136.2016299545602,5.554714647995033,10.703170752700126,72.72452070289526,41.83334282637201,-11.510069811901783,-8.830216202593197,5.175953146869826,19.457052985619637,22.44519077187452,26.615012749147954,2,1.4420813156788306,0.9626884460449219,17.996508256828022,6.16896497891609,0.037311527878046036,69.37118382562002,8.640548062228266,5.9055590762635894,7.8494638367212755,17.996508256828022,28.143552676934767,30.08745743739245,32.34766682056187,52.43602081696527,55.15874700661534,69.37118382562002,83.5836206446247,86.30634683427478,89.47210444073245,19.913375427243054,11.585591111423932,39.42183960599367,94.80407145445953,6.006160946570992,7.9636178113268725,18.29628736518078,31.696909411964537,65.56928623322936,74.71825983700616,2,-12.916579463569189,0.982012152671814,19.757928750774532,9.397213047188,0.01798781007528305,90.85892883126174,12.624661916633185,1.3397296232361526,4.300888786871647,19.757928750774532,35.21496871467741,38.17612787831291,41.61911534500919,66.11504615766628,70.0932078886515,90.85892883126174,111.62464977387195,115.60281150485719,120.22828424150572,21.03687930034482,13.37479343488061,89.58608393021122,89.29899900923127,1.4127465232466072,4.383661413933792,19.97368415714354,37.08549181671843,42.78163324546314,89.08316738457229,2,-14.040083336670953,0.9989159107208252,16.65842029436272,10.269754315939263,0.0010840818285942078,88.61488691501995,17.994225696590934,-3.469928294953018,-0.2338223401105175,16.65842029436272,33.55066292883595,36.786768883678455,40.54944141416978,53.34685262001655,59.01701951379896,88.61488691501995,118.21275431624093,123.88292121002334,130.47571560929532,16.736426868161118,10.550428319837142,105.70453433543305,5.607001309621417,-3.4652595971646014,-0.22850598526062513,16.672388098593014,33.65412961172147,36.97574791533456,40.982472729329,2,-9.739630904487253
103,185,set,1.378,6.9727907758345395,86.7426821704754,86.75389481610779,91.60562678401959,88.3674012568676,0.000807983975391835,3.710559628172348,3.1794238800348844,0.9991920590400696,121.69605329079499,11.4452955271627,-2.520996668282624,-1.5191272725191567,3.710559628172348,8.940246528863849,9.94211592462732,11.107005612166184,99.26368626513872,102.87021743140996,121.69605329079499,140.52188915018002,144.12842031645127,148.3217922081791,121.60072813739878,11.9220384296389,130.8971213448194,11.238515031283805,99.10714860003299,102.78440080707678,121.68445313475041,140.51745365843394,144.12450268827155,148.31837336867932,2,-33.23332688053118,0.0009001309517771006,11.430285208409195,5.800117227190109,0.999099850654602,116.17362095448587,11.171522251483415,0.062264337006256554,1.8899413505218252,11.430285208409195,20.97062906629656,22.79830607981213,24.92337558907056,94.27783968909056,97.79810206056429,116.17362095448587,134.54913984840744,138.06940221988117,142.16246799402427,116.0793360991349,11.60119368160579,124.72084978743513,9.866597207462345,94.10733652706075,97.70473277990283,116.16100673916044,134.54429423921093,138.06512505754404,142.15876225221848,2,-27.71193484226731,0.00016535940812900662,32.41083359933578,4.940106915836562,0.9998346567153931,117.58960919331803,9.142647297645558,22.728401964518874,24.28508082129396,32.41083359933578,40.5365863773776,42.09326523415269,43.90324082052662,99.67034976658027,102.55129262584765,117.58960919331803,132.6279257607884,135.50886862005578,138.858587297301,117.57552597735932,9.207472277421205,83.5782144342645,1.1995541968552248,99.64500051493886,102.53729477081856,117.58771391485553,132.62723888644132,135.50822480581203,138.85807850231416,2,-29.208124720491725,0.0005770975258201361,14.821297492324746,6.2120544868166405,0.9994229078292847,122.61700474221081,10.783115737741376,2.645894428163679,4.603377138864225,14.821297492324746,25.039217845785263,26.99670055648581,29.272697241156504,101.48248625511066,104.8803577111494,122.61700474221081,140.35365177327222,143.75152322931098,147.7022831142418,122.55479676288978,11.087498672887524,116.23075325854005,6.701953994693632,101.37761252900685,104.8227182853196,122.60920085687943,140.35068918161062,143.74891168364348,147.69999999379772,2,-34.187395506022185,0.0005490723997354507,18.469408951763064,8.070588957335039,0.9994509816169739,115.99853535675916,11.372748853923527,2.651345261359719,5.19447143365602,18.469408951763064,31.744346469870102,34.287472642166406,37.24440641491692,93.70835719784986,97.29202815597485,115.99853535675916,134.70504255754346,138.28871351566846,142.45550547508458,115.94499107113904,11.598418640705109,129.3041702817863,5.219870842911639,93.6030967017578,97.23419143692236,115.99070396365765,134.70207734297784,138.28611308704245,142.453177908696,2,-27.577589814271448
104,186,set,0.17,91.60562678401959,86.99033450393331,89.0736077572424,92.7930427488269,89.6189950033342,0.9996309280395508,93.08949344265389,5.037284691113074,0.000369016983313486,136.09081918527912,26.612193133428278,83.21659686819729,84.80389744848942,93.08949344265389,101.37508943681836,102.96239001711048,104.80796997476327,83.93187909413555,92.31765678862652,136.09081918527912,179.86398158193168,188.24975927642268,198.00003810479424,93.1053565443642,5.129209731931541,25.626213223462067,0.6821026754701491,83.21663110922096,84.80397280360766,93.09157676306039,101.39083099730055,102.99045502536777,104.86997762733462,2,-3.486361541029993,0.9991198182106018,90.06857401421584,5.617139455298561,0.0008802266675047576,124.46292490541094,23.41947271154021,79.05918298569172,80.82920180807578,90.06857401421584,99.3079462203559,101.07796504273996,103.13599444424058,78.56160185387353,85.94132027454299,124.46292490541094,162.9845295362789,170.36424795694836,178.94476545906,90.09885288118885,5.748675102228232,32.00726335797354,1.0403663846456435,79.0587650434426,80.82982786306401,90.0738951107498,99.3469745868975,101.14814367258356,103.29088805276106,2,-0.4798578778546414,0.4586999714374542,89.82237824311532,14.016701630966704,0.5412999987602234,92.77055617216246,7.8017453321011025,62.35014786437674,66.76695572752311,89.82237824311532,112.87780075870752,117.2946086218539,122.43010228337951,77.47941630469082,79.93782706610423,92.77055617216246,105.60328527822068,108.0616960396341,110.92012983930391,91.418224275538,11.190425589974867,123.06726305408385,2.158112763981713,67.27640346550292,72.18169713712872,91.82628555850059,108.93138496784756,113.02364630348973,118.27985642807303,2,-1.7992292722037888,0.9994693398475647,90.6331760859435,5.70451246728671,0.0005307189421728253,111.80590126735987,21.1048282675313,79.45253710070183,81.25008806413706,90.6331760859435,100.01626410774995,101.81381507118518,103.90385653665541,70.44119796309565,77.09154794532304,111.80590126735987,146.5202545893967,153.1706045716241,160.90307363952834,90.64441818055533,5.744378749669403,32.76058356011952,0.23778670015346529,79.45045619508232,81.24933427026906,90.63577288406837,100.03591976394594,101.84825767707913,103.97740179217746,2,-1.0254231772211284,0.9983606934547424,91.72544695349056,5.685321748335491,0.0016392681282013655,106.7229500808848,18.206698707241603,80.58242108623071,82.37392485535484,91.72544695349056,101.07696905162628,102.86847282075041,104.95148311596898,71.03847633731928,76.77559567746576,106.7229500808848,136.67030448430384,142.4074238244503,149.07806491177843,91.75002835854824,5.760357519296882,32.81328722372347,0.3681081290158337,80.57428434295433,82.37015452974155,91.73234643459558,101.12910046632302,102.95903443640847,105.14275428817042,2,-2.1310333552140293
105,187,set,0.17,92.7930427488269,86.9172955857313,91.6876020024572,89.7743432109051,89.45974693303121,0.9996408224105835,94.1550388270323,4.991482023247124,0.00035922173992730677,136.65074405734964,27.052483772202706,84.37191383198882,85.94478151723119,94.1550388270323,102.36529613683341,103.93816382207578,105.76696242012632,83.62885017147806,92.15336800659617,136.65074405734964,181.14812010810311,189.67263794322122,199.58423216833773,94.17030836519763,5.081035742041381,25.168835634013135,0.6484801066905702,84.37166617922341,85.94480956123196,94.157025517789,102.38043494858628,103.96516920975796,105.82610705685528,2,-4.710561432166415,0.9991152882575989,91.27335698439884,5.572128440175993,0.0008847289718687534,124.8175688702637,23.73375747864723,80.35218592442254,82.1080213097359,91.27335698439884,100.43869265906177,102.19452804437515,104.23606613508477,78.30025899430696,85.77901180032416,124.8175688702637,163.85612594020324,171.33487874622043,180.0305451237156,91.30303609308413,5.702104132357209,31.51950636244499,0.9946288028541939,80.35171269141492,82.10862112161546,91.27856594146695,100.47708452101114,102.26353892810775,104.38832659750524,2,-1.8432891600529189,0.4334598183631897,91.20621467884803,14.124880909748933,0.5665402412414551,93.49849801989052,7.7832985883666925,63.521956809822754,67.97285308418988,91.20621467884803,114.43957627350616,118.89047254787329,124.06560135432252,78.24351310577035,80.69611110716929,93.49849801989052,106.30088493261175,108.75348293401068,111.60515814396246,92.50489087219003,11.049491966519561,120.80140705712355,1.2903757072310071,68.84169717515721,73.73690894714655,92.81911472688978,109.92235571071477,114.11695765823833,119.51444584703984,2,-3.0451439391588195,0.9994953870773315,91.71791047425418,5.657175886479513,0.0005046430160291493,112.23224674411745,21.379081748514196,80.63004948254589,82.41268419907594,91.71791047425418,101.02313674943242,102.80577146596248,104.8784695708409,70.33001649449201,77.06678658918185,112.23224674411745,147.39770689905305,154.13447699374288,161.96742811871877,91.72826565088141,5.694748182601706,32.21814428970766,0.21226578132469345,80.62771123593603,82.41155719917366,91.72028235539781,101.04142793407009,102.83749262137297,104.94649467475402,2,-2.268518717850199,0.9982993006706238,92.8250814263647,5.623570090321483,0.001700723310932517,107.20805622262247,18.317486186830013,81.80308658479794,83.57513176688359,92.8250814263647,102.07503108584581,103.84707626793147,105.90746175050374,71.30644300912572,77.07847263158162,107.20805622262247,137.33763981366332,143.10966943611922,149.82090127112696,92.84954511297117,5.700212661828307,32.141400928917186,0.35123020705790486,81.79340600223524,83.57049559801068,92.83189477435563,102.12756683907948,103.93811625578276,106.09976396809355,2,-3.389798179939959
106,188,set,0.952,89.7743432109051,101.3416725368,101.54365651190001,101.643390669,101.50957323923335,0.0021504510659724474,81.61779691390626,9.811110230460839,0.9978495836257935,114.53328628586749,9.09788941931875,62.38837421385054,65.47995666691205,81.61779691390626,97.75563716090046,100.84721961396198,104.44185234051918,96.70175068867471,99.56858987689762,114.53328628586749,129.49798269483736,132.36482188306027,135.69814199475832,114.46250711002251,9.226320696263276,82.80059636879864,2.3248517414128704,96.38625717628626,99.39181306299224,114.5087321107435,129.4885228308596,132.35645476848663,135.69082493366645,2,-12.952933870789167,0.001686634379439056,77.53806114940853,12.016625961201525,0.9983134269714355,107.83220237998268,8.636864201541997,53.985907049764535,57.77247035340697,77.53806114940853,97.30365194541008,101.09021524905253,105.49291340739367,90.90425960559708,93.62582497258899,107.83220237998268,122.03857978737636,124.76014515436827,127.92455305361935,107.78111385548753,8.732566713634201,74.71316142988285,1.545272677098537,90.6898204047293,93.50296443066831,107.81412838943243,122.03156351250419,124.7539627586157,127.91914479827965,2,-6.271540616254185,0.002322814194485545,48.35366065532679,16.348964121557508,0.9976771473884583,108.1092067513477,9.730808927575932,16.310279792536548,21.462007723083424,48.35366065532679,75.24531358757015,80.39704151811702,86.38703858228209,89.03717171285804,92.10345039365265,108.1092067513477,124.11496310904273,127.18124178983736,130.74645341271162,107.97040156743915,10.166851526116849,95.08955644353398,8.274865659602215,88.6467403773834,91.89180953470074,108.08081995401778,124.10407035055415,127.17160763492294,130.73810379976652,2,-6.460828328205807,0.0017000158550217748,75.18782251628086,8.758154457127945,0.9983000159263611,111.35488147008763,9.57359245520415,58.02215520927113,60.781940392072755,75.18782251628086,89.59370464048897,92.35348982329059,95.56233651814176,92.5909850552231,95.60772319718983,111.35488147008763,127.10203974298543,130.11877788495215,133.62638792518524,111.29340043544877,9.687507681813681,91.6282628891092,2.2199358473202357,92.31854101482074,95.45720959258279,111.3344490730253,127.0941444708883,130.111851779497,133.62030494081424,2,-9.783827196215427,0.0004031956777907908,78.5290313361438,13.889519942313031,0.9995967745780945,106.34023468599813,9.787075955015132,51.3060724866594,55.6828040824154,78.5290313361438,101.3752585898722,105.75199018562819,110.84088652539158,87.15791830021051,90.24192730414194,106.34023468599813,122.43854206785431,125.52255107178574,129.1083780270238,106.32901816601716,9.805002986260895,95.8260160658143,0.31173121197078807,87.10988822059718,90.21311491258065,106.33551138393382,122.43672187016776,125.52096275203922,129.10701537368757,2,-4.819444926783817
107,191,set,0.829,8.73375412560711,34.6567954871307,35.071844673814304,34.458198242838606,34.72894613459454,0.03907471150159836,13.173891457606906,5.184518381230371,0.9609253406524658,113.417722717065,10.003400898208335,3.012422153209476,4.646117594243552,13.173891457606906,21.701665320970257,23.335360762004335,25.23488477170784,93.81141723366103,96.9635924677974,113.417722717065,129.8718529663326,133.02402820046896,136.6891131297902,109.50072984598195,21.783472287276975,97.2082035554664,377.3120866836983,15.029572927206324,90.63200076563983,112.90768327594688,129.67781993423208,132.85292591636303,136.53914688363216,2,-74.77178371138741,0.10547234863042831,12.596366375151504,8.172238129995739,0.8945276141166687,107.9276424980677,10.383226829182432,-3.4209260327251094,-0.8457691532831095,12.596366375151504,26.03850190358611,28.61365878302811,31.607835175022586,87.5768918695601,90.84875418862714,107.9276424980677,125.00653080750826,128.27839312657528,132.08264015782007,97.87282488682986,30.998767433459435,103.48429488131366,857.4389306634888,6.745918479084387,12.064570570300491,106.38761586876939,124.43900222895807,127.77885270241842,131.6453282825027,2,-63.143878752235324,0.03215411677956581,25.56799034379484,6.73585900195713,0.9678459167480469,98.59416092675974,8.688946582764018,12.365949295018948,14.488488233791927,25.56799034379484,36.64749245379775,38.77003139257073,41.237941612836664,81.56413856094989,84.30211562571274,98.59416092675974,112.88620622780674,115.6241832925696,118.80767333722724,96.24607221549743,15.50765753126775,74.52912044870388,165.95863223493257,30.712837221790892,80.45926153931133,98.23226408390056,112.74808969022634,115.5024427624693,118.70089819069946,2,-61.5171260809029,0.04965392127633095,22.359154231917593,8.241212075776051,0.9503461122512817,105.50664767147575,10.413813848999693,6.20667537443995,8.80356665860108,22.359154231917593,35.9147418052341,38.51163308939523,41.531080423918915,85.0959475857319,88.37744819155112,105.50664767147575,122.63584715140036,125.91734775721957,129.73280137975325,101.3780521152897,20.800770262449507,106.43505194815661,326.23733614340574,22.431145268637948,70.32157324669727,104.82422572898332,122.37742951139786,125.68960759516408,129.53322366826572,2,-66.64910598069517,0.19129042327404022,20.674303159639365,10.44659815108476,0.8087096214294434,102.28889620513318,12.15853623252451,0.19934702255051207,3.491178301523046,20.674303159639365,37.85742801775568,41.14925929672822,44.976724559374375,78.45860308465983,82.28988378464435,102.28889620513318,122.28790862562201,126.11918932560654,130.5738811211151,86.67681072879212,34.21789057607899,140.4273401908199,1030.437031137134,8.941403258357443,13.997980765901717,98.62992602722638,121.00844166077299,124.9954533902247,129.59195984389666,2,-51.94786459419758
108,193,set,0.893,11.2474527331423,29.7256235767,29.737548293778403,29.8580815525725,29.77375114101697,0.016949422657489777,14.95194077520987,5.028793632333874,0.983050525188446,114.3033804506806,9.863227598069267,5.095686370151116,6.680311329875025,14.95194077520987,23.223570220544712,24.808195180268623,26.650664150779896,94.97180958714333,98.07981476254851,114.3033804506806,130.5269461388127,133.6349513142179,137.24867900463,112.61942494660512,16.14096574422754,96.06298848241201,164.46712519688475,90.62796080425859,96.25303245743403,114.09022760677063,130.4451215928317,133.56275730556027,137.18537478494707,2,-82.84567380558815,0.04345210641622543,15.373972636325874,8.097165576859574,0.9565478563308716,108.71506669074643,10.131343369264444,-0.4961802711763852,2.0553204692017886,15.373972636325874,28.692624803449952,31.24412554382813,34.21079656180982,88.85799857197942,92.05048980392105,108.71506669074643,125.3796435775718,128.57213480951341,132.28409579901253,104.65919548893501,21.521206650531013,101.0329093158004,362.12901832762986,16.912457756210774,83.73838550919129,108.13794519483586,125.16049563635187,128.37893922088574,132.11478998227625,2,-74.88544434791804,0.013747776858508587,27.095465789943518,6.919253523451453,0.9862522482872009,102.00065228563338,8.754716873161671,13.533978084076796,15.714306536097636,27.095465789943518,38.4766250437894,40.656953495810235,43.1920565141744,84.84172251939138,87.60042448388015,102.00065228563338,116.40088008738661,119.15958205187538,122.3671692713425,100.97087506102444,12.341989471643258,76.24955968871774,76.07540079290429,82.07076736854783,86.33299953778393,101.8476952091691,116.34208908801986,119.10771363579936,122.32172705798143,2,-71.19712392000747,0.02124394290149212,23.879610448542643,8.057993172221334,0.9787560701370239,107.69145557750959,10.250594810332778,8.086234043319164,10.625391153264177,23.879610448542643,37.1338297438211,39.67298685376612,42.62530573377535,87.60065892914415,90.83072752532377,107.69145557750959,124.55218362969539,127.78225222587501,131.53790502218132,105.91096292925788,15.820179419848117,104.22189038836622,146.0563327425749,80.36293462027552,88.31796866682227,107.41257088718541,124.44529682984394,127.68800020913359,131.4552789045285,2,-76.1372117882409,0.07000274211168289,22.795883119354386,10.428347605517255,0.9299972653388977,104.01837344228352,11.60565803028071,2.3566973942760505,5.642777737308624,22.795883119354386,39.94898850140014,43.23506884443272,47.05584740120834,81.27170168604526,84.9287647380178,104.01837344228352,123.10798214654922,126.76504519852178,131.01717132787206,98.33257717353612,23.71416461124516,132.8753676691973,429.4863075818998,18.97760546044823,28.69696140636175,102.92187253789534,122.69667783998459,126.40270767599773,130.69974327402664,2,-68.55882603251915
109,195,set,1.493,20.995272494492397,98.0094285070224,97.9904126180295,97.99665439421901,97.99883183975696,0.00035969875170849264,13.341880992961407,3.5257194756843746,0.9996403455734253,121.59550653230988,11.853262860943527,6.431597801028588,7.542588525768518,13.341880992961407,19.14117346015429,20.252164184894223,21.54393099968414,98.36353822557436,102.09862412427773,121.59550653230988,141.09238894034203,144.8274748390454,149.1703193893131,121.55657322807255,12.027753904784925,140.4537803675612,4.213738574706195,98.29189738379448,102.05919825438097,121.59016030874068,141.09035590511627,144.82570311567105,149.16876026099368,2,-23.55774138831559,0.0002669287205208093,20.378321074675668,6.120984236994479,0.999733030796051,115.64867698076068,11.202354176005517,8.381412420229104,10.310197951942506,20.378321074675668,30.446444197408827,32.37522972912223,34.61785974144527,93.69246625372799,97.22244408396303,115.64867698076068,134.07490987755833,137.60488770779338,141.70924980236364,115.62324190470021,11.308929855343335,125.46923725904844,2.4221160018432983,93.64228358785176,97.19477880856836,115.6449288231585,134.07351813249753,137.6036540360889,141.70815480981946,2,-17.62441006494325,0.00010094244498759508,32.71768753237322,5.225894928212184,0.9998990297317505,117.77044902259715,10.002406187222286,22.475121686086805,24.121855305636103,32.71768753237322,41.313519759110335,42.96025337865963,44.874937088580445,98.16609313690086,101.31795492730272,117.77044902259715,134.22294311789156,137.37480490829344,141.03952539153465,117.76186031214132,10.038491488642466,100.0407843836375,0.7301411349234668,98.14916748367754,101.30860871338382,117.76918382316032,134.22249652991772,137.37440584138238,141.03922238364666,2,-19.763028472384363,0.00016540732758585364,20.562357699261675,6.315562054002315,0.9998345375061035,124.30635053613085,10.789523048506693,8.184083531289327,10.174182548498873,20.562357699261675,30.950532850024473,32.94063186723402,35.254552056962964,103.15927395069292,106.5591644167181,124.30635053613085,142.05353665554358,145.45342712156878,149.40653454193904,124.28918366199987,10.871152163305352,116.40114298559497,1.779954173945799,103.12934410863707,106.54263722090657,124.30411413109287,142.05270652976864,145.4527335869527,149.40589759778055,2,-26.29035182224291,9.391168714500964e-05,27.045787865277433,8.434164740834953,0.999906063079834,116.19517805657253,11.31010675807511,10.515128733563323,13.17282140100883,27.045787865277433,40.91875432954603,43.576446996991535,46.666589079429045,94.02777614944225,97.59170793434433,116.19517805657253,134.79864817880073,138.3625799637028,142.5064208683955,116.18680295497634,11.342831365363486,127.91317902826776,0.7463037248389114,94.00999946825338,97.58189435350576,116.19384707119717,134.79817144998094,138.36215817028335,142.50612440676525,2,-18.187971115219383
110,199,set,1.076,37.9628525894841,122.402406725,122.4564269418,123.8102454463,122.8896930377,0.0013042662758380175,36.35485305491953,5.810013572489945,0.9986957907676697,115.10828137238045,9.40037417010091,24.967435703150343,26.79823115757216,36.35485305491953,45.9114749522669,47.74227040668872,49.870965777429944,96.68388655778206,99.64604182398902,115.10828137238045,130.57052092077186,133.53267618697882,136.97682183818313,115.0055724978995,9.81701078448762,88.29581258415533,8.078642632094313,96.47453810099583,99.53177584650133,115.09289423396987,130.5646151268277,133.5274445751016,136.9722555366913,2,7.884120539800506,0.0018796185031533241,37.60390546603482,9.099072096380786,0.9981203675270081,109.09209371080804,9.093986036207973,19.770051864395107,22.63726372640994,37.60390546603482,52.570547205659686,55.43775906767452,58.77151249319459,91.26820860393025,94.13381779570531,109.09209371080804,124.05036962591078,126.91597881768584,130.24786879269755,108.95772166542731,9.606704446954591,82.7007547943897,9.587849689822953,90.97321446543069,93.97375732761448,109.0706302739612,124.04213486979535,126.90873672079452,130.24153576319387,2,13.931971372272685,0.0014701903564855456,32.893678660101024,9.245973758831015,0.9985297918319702,109.19331275671823,9.47047179629167,14.771903090789802,17.685405188189684,32.893678660101024,48.10195213201236,51.01545422941224,54.40303005739496,90.6315291193842,93.61577287364625,109.19331275671823,124.7708526397902,127.75509639405226,131.2249246861851,109.08113582556449,9.911114776119328,89.68365699321643,8.54632717807659,90.39304775268204,93.48583536031859,109.17583687355395,124.76416424485986,127.74921576828753,131.21979478199108,2,13.808557212135511,0.001073594088666141,39.61405584306975,8.074880620734163,0.9989263415336609,112.76632833876278,9.604615089832544,23.78758064697035,26.332059166855,39.61405584306975,52.896052519284495,55.440531039169144,58.39903720824826,93.94162867732105,96.96814237277887,112.76632833876278,128.56451430474667,131.5910280002045,135.1100042339753,112.6877852318051,9.897439827073823,92.21958980383243,5.738907824456615,93.76628297981414,96.87221857255437,112.75339168020693,128.5595387804935,131.58665739339787,135.1061652709488,2,10.201907805894905,0.001153799588792026,41.89902359931553,11.620858586162713,0.998846173286438,106.87389918803689,9.94967552884039,19.12255930100355,22.784412205575624,41.89902359931553,61.01363499305542,64.6754878976275,68.9331832657644,87.3728934936502,90.50813930743345,106.87389918803689,123.23965906864031,126.37490488242356,130.02030570195092,106.79892830437088,10.193299644298385,99.03763297054233,4.8654152824845,87.17738087003116,90.40129538409772,106.8594948722331,123.23413009054467,126.37002588239723,130.01607879048055,2,16.090764733329124
111,200,set,1.076,123.8102454463,123.70950879530001,123.91547626229999,123.8562648046,123.8270832874,0.002643133047968149,106.39093613396847,12.40161890124247,0.9973568916320801,118.47729750936031,10.917879182131484,82.08420973754203,85.99208830418985,106.39093613396847,126.78978396374707,130.6976625303949,135.2414158995386,97.07864752482297,100.51898433801335,118.47729750936031,136.43561068070727,139.87594749389763,143.87608253374665,118.44535457220475,10.939665616232643,119.29154135416407,0.3850886846686118,96.97923107485519,100.44395992603515,118.45302763352797,136.4238009944584,139.8653446507496,143.8666255100505,2,5.381728715195251,0.0008250860846601427,98.18693036511617,12.792761213199936,0.9991748929023743,110.68214128003234,10.092470063929595,73.11357912442335,77.14471068486013,98.18693036511617,119.2291500453722,123.26028160580897,127.94734321655596,90.90126343968167,94.08150529047859,110.68214128003234,127.28277726958609,130.463019120383,134.16073755707578,110.67182932962153,10.101381565837134,101.90893752039281,0.12871464610798533,90.86426639368044,94.05529266471282,110.67513252095414,127.27971773082376,130.46032364291784,134.15842808567422,2,13.15525395777847,0.001406588708050549,59.34437188984931,17.610463454142383,0.9985933899879456,112.8286946595654,10.094469776015345,24.828497768671397,30.377737205006852,59.34437188984931,88.31100657469176,93.86024601102721,100.31243610726736,93.04389745554721,96.22476943633454,112.8286946595654,129.43261988279625,132.6134918635836,136.31194296256822,112.75346181139683,10.30579800882718,102.19121199961626,4.017989754018778,92.80828995651814,96.09488245097512,112.8109169383565,129.42574143024623,132.6075073638937,136.30662942475612,2,11.073621476003169,0.001672630663961172,94.91403623775244,8.577265921310893,0.9983273148536682,115.16999461397016,10.468783636111567,78.10290394616032,80.80568927775695,94.91403623775244,109.02238319774793,111.72516852934456,114.86774057887699,94.65155572524921,97.95037788034182,115.16999461397016,132.3896113475985,135.6884335026911,139.52402716963184,115.13610760212784,10.498620285004016,109.53516675653088,0.6851388962447054,94.51278295981119,97.85025083994702,115.14841520656455,132.38115452995592,135.68096879504785,139.5174980255465,2,8.690975685272164,6.627246330026537e-05,100.13789749650383,14.30085282926459,0.9999337196350098,112.18302981654283,11.6854118991195,72.10874100293749,76.61508785178873,100.13789749650383,123.66070714121891,128.16705399007014,133.40665607283444,89.2800433497528,92.96223767185421,112.18302981654283,131.40382196123142,135.08601628333284,139.36736294535103,112.18223066951768,11.686020211163147,136.55335441689826,0.009614517208736822,89.2773782421203,92.96029162463346,112.18244721938727,131.40356609597117,135.0857951616283,139.36724022838933,2,11.644852617882322
112,201,set,0.229,123.8562648046,123.4370249603,123.57720924840001,124.15976431489999,123.72466617453334,0.9995068311691284,120.72871675108071,4.295107157159482,0.0004931286093778908,149.66732621853214,38.344363308967914,112.3104614133079,113.66389416548171,120.72871675108071,127.79353933667971,129.14697208885352,130.72063015491628,74.51375512283592,86.59646115663128,149.66732621853214,212.73819128043297,224.82089731422835,238.86965428379926,120.74298235143542,4.424617452207432,19.163889700282283,0.4127635142618623,112.30484854581148,113.660746635541,120.73017874775887,127.80829264436,129.17279075181372,130.77689371867987,2,2.9816838230979243,0.9975554347038269,120.832534393691,4.843227210852079,0.0024446004536002874,132.90829283597913,32.380397288155585,111.33998349147654,112.8661345497709,120.832534393691,128.79893423761112,130.32508529590547,132.0995657191535,69.44388034609574,79.64727891442678,132.90829283597913,186.16930675753144,196.3727053258625,208.2363612278777,120.86205904641761,5.130082232500354,25.962647458741777,0.35560982041560224,111.29266633806226,112.84069516818761,120.83685952922683,128.85770043422062,130.43020187033142,132.33384137210635,2,2.8626071281157266,0.03500376641750336,124.29602749411836,17.23101894338087,0.9649962186813354,114.26495853833114,7.435175811536964,90.52385094816444,95.9535234890288,124.29602749411836,152.63853149920791,158.0682040400723,164.3813717806099,99.69228172899533,102.0351826377027,114.26495853833114,126.49473443895957,128.83763534766695,131.56176398062004,114.61608203029682,8.19382283102547,63.73966469650759,3.3988721354611,99.45549262737399,101.91070305998386,114.41159808341257,127.6010882660489,130.79483784918642,136.27928183213123,2,9.108584144236517,0.9996823072433472,119.31578810604015,4.814318851574725,0.00031772078364156187,122.78104287392418,28.945491495459727,109.87989654686145,111.3969382817266,119.31578810604015,127.23463793035367,128.75167966521883,130.51556853135574,66.04892202801267,75.16994620372424,122.78104287392418,170.39213954412412,179.5131637198357,190.11832547745416,119.31689243356276,4.841478828640619,23.43650227895214,0.0038139760320447446,109.87136007584542,111.39217954786413,119.31596977742456,127.24055127819604,128.7626096094527,130.5379916015535,2,4.407773740970583,0.9877316355705261,120.34780692813561,4.611318233541559,0.012268392369151115,120.38576235533299,21.574747573538495,111.30978926914129,112.76286340666732,120.34780692813561,127.9327504496039,129.38582458712992,131.07533729726077,78.1000341356546,84.8984605584357,120.38576235533299,155.87306415223026,162.67149057501135,170.57613050600204,120.34827594268788,5.168515871766051,26.7139435296051,1.745720283004577e-05,110.98806734024602,112.58579124631133,120.34790746552319,128.11070919790984,129.70906927487732,131.8212398012461,2,3.3763902318454626
113,202,set,0.299,14.3223159872423,14.767942459370401,14.7784466995369,15.030013433826,14.858800864244435,0.9976093769073486,20.071681176002123,7.234548093711212,0.0023905569687485695,108.8794588023693,14.12033542354647,5.89222746790524,8.171908504706371,20.071681176002123,31.97145384729787,34.251134884099,36.90175675345342,81.20410992259309,85.65357386717753,108.8794588023693,132.10534373756107,136.5548076821455,141.7282710956802,20.28397990046801,8.455711337635913,52.69020255434002,18.808824465076437,5.89952634358435,8.180219985559393,20.093409484952282,32.134144067814454,34.55247694763608,37.62475258451539,2,-5.425179036223577,0.9988948702812195,10.959212037658183,8.30819865760699,0.001105203409679234,105.10757785596324,14.839488142203303,-5.324558107655545,-2.7065586577400325,10.959212037658183,24.62498273305639,27.242982182971907,30.28697232189117,76.02271554823557,80.69879196315676,105.10757785596324,129.51636374876972,134.19244016369092,139.62938954743217,11.063265940170485,8.887004677718991,69.19325936214528,9.78560179911433,-5.320737112887941,-2.7021512529937186,10.970732321366109,24.710376141087327,27.399307635042884,30.645960547173555,2,3.7955349240739498,0.9847015142440796,20.613418615202157,6.63396835462947,0.015298471786081791,65.0688705018723,8.673954573185297,7.611079565549952,9.701511706008578,20.613418615202157,31.525325524395733,33.61575766485436,36.04633679344864,48.068231934892616,50.801484862156144,65.0688705018723,79.33625614158844,82.06950906885197,85.24750628272874,21.293518803661765,8.617361494828453,44.48727545508262,29.771637343349916,7.654861602147422,9.751120454613698,20.742601723510006,32.61290691570041,36.08179860549329,61.64075496023004,2,-6.434717939417331,0.9948091506958008,24.622139561379235,9.295793687065455,0.0051907761953771114,89.80136857507479,13.260397485992256,6.402718727016143,9.331919599817017,24.622139561379235,39.91235952294144,42.84156039574232,46.247389442806224,63.811467081844484,67.98995567542224,89.80136857507479,111.61278147472734,115.79127006830508,120.64966607554939,24.96046855168094,10.431379777779647,86.87596618205146,21.937672337595668,6.423330771820803,9.35532207225256,24.682931901631818,40.37802744845639,43.73002712290246,48.67145786333295,2,-10.101667687436505,0.9996731281280518,22.062266616952805,9.95494475303615,0.00032690135412849486,86.90049224044844,18.67335261718425,2.5509334329159614,5.68783963381976,22.062266616952805,38.436693600085846,41.57359980098964,45.22093117937247,50.30139364015054,56.18556046072915,86.90049224044844,117.61542402016772,123.49959084074632,130.34120640265,22.083462971152137,10.027778841328029,99.18252030392526,1.3738425645109626,2.5521977174785855,5.689310291284264,22.066344075776453,38.46669867940644,41.62776760382398,45.3420058863051,2,-7.224662106907703
114,208,set,0.893,15.1685959098185,86.6621717886899,86.7286892433009,83.3375002083438,85.57612041344487,0.013629590161144733,18.59857594634338,5.227314277888142,0.9863704442977905,114.0705275269447,9.701551390442095,8.353228225810621,10.000409097143852,18.59857594634338,27.196742795542907,28.843923666876137,30.759127403651792,95.0558362075137,98.11289553531992,114.0705275269447,130.02815951856948,133.08521884637568,136.63971097899764,112.76928788576538,14.688372972360705,93.20971026785234,122.5390285185802,92.02353959408775,96.72228213187815,113.90250504986227,129.96353687876697,133.02826119801028,136.58975225627705,2,-27.19316747232051,0.03393496572971344,18.884564272931364,8.34297443968689,0.966064989566803,108.42315674675734,9.895322462539866,2.5326348472068183,5.161592506248951,18.884564272931364,32.60753603961377,35.236493698655906,38.29322512387404,89.028681104769,92.14679970439427,108.42315674675734,124.69951378912042,127.81763238874568,131.44311912043554,105.38466283277847,18.968045334881555,96.95662926199556,262.82961809049414,24.16748260229055,87.35648045022779,107.98737146832823,124.53337679761327,127.67111961583848,131.3147542868174,2,-19.808542419333605,0.012341375462710857,27.830361010467854,7.342317825970218,0.9876585602760315,102.27772251372573,8.843425884905221,13.439682508519795,15.753322904190288,27.830361010467854,39.90739911674542,42.22103951241591,44.91114647544584,84.94492627936224,87.73158137226284,102.27772251372573,116.82386365518862,119.61051874808922,122.85060752031274,101.35893310071079,12.060836621549697,77.90632350618387,67.55679630893478,82.5416654646783,86.59985135953086,102.13922104081072,116.7706169611394,119.56357413593012,122.80946411543029,2,-15.782812687265917,0.016706591472029686,26.63582424944874,8.149116244626892,0.9832934141159058,107.75772116537755,10.139242746508838,10.663849904149728,13.231720838025028,26.63582424944874,40.03992766087244,42.60779859474774,45.59350350044819,87.88517055171124,91.08015095924107,107.75772116537755,124.43529137151401,127.63027177904385,131.3451269731024,106.40245137631021,14.501774800180856,102.1961884729047,108.10534714596301,83.52933962803142,89.2345564786715,107.54179526506121,124.35238542609825,127.557103433447,131.28097696195644,2,-20.82633096286534,0.050891391932964325,25.79531130243315,10.688558511407425,0.9491086006164551,103.78630256718492,11.328342211475931,4.846121573425538,8.214197068061608,25.79531130243315,43.37642553680468,46.744501031440755,50.660616672006945,81.58315982814726,85.15283779329127,103.78630256718492,122.41976734107857,125.98944530622256,130.13996738725908,99.81723169022183,20.528340064734785,127.61447739864926,293.79819418103796,25.560651349119116,48.32454448260572,103.02442807044348,122.13143067424234,125.73534005118793,129.91729969770634,2,-14.241111276776962
115,209,set,0.17,83.3375002083438,83.3215294499946,81.3985574547648,81.4515977952682,82.05722823334253,0.9995710253715515,85.60903701501677,5.3596756667488314,0.0004289601929485798,132.29085857674824,23.90462275776278,75.10426573937335,76.7931550552814,85.60903701501677,94.42491897475213,96.11380829066017,98.07750710790634,85.43865890751664,92.9712531327354,132.29085857674824,171.61046402076104,179.14305824597983,187.901326909018,85.62906042239183,5.467486927431607,28.958921622070566,0.9343858336284524,75.10463686621151,76.79375519043481,85.61177289174245,94.44518466633923,96.15024306161195,98.15780453240382,2,-3.571832189049303,0.9991776347160339,81.62049772573529,5.926512751161014,0.000822384434286505,122.05125154976965,21.51932639344123,70.00474617954231,71.87225173181395,81.62049772573529,91.36874371965663,93.23624927192827,95.40762806487464,79.8741468470626,86.65510948196528,122.05125154976965,157.447393617574,164.22835625247666,172.1126907559426,81.65374891140533,6.067831081068555,35.47549994081511,1.3432017691615772,70.00588986596682,71.87395347596494,81.62624229047692,91.41032792125387,93.31121175569498,95.5744979207697,2,0.4034793219371977,0.6335704326629639,80.38637146747136,13.238021290859157,0.36642956733703613,87.80989955636547,7.930944569037518,54.44032651081297,58.61176413354086,80.38637146747136,102.16097880140185,106.33241642412975,111.18261415396896,72.26553383766839,74.76465661683302,87.80989955636547,100.85514249589791,103.35426527506255,106.26003559368165,83.10657165319917,12.119098644552944,134.07855852067317,12.79399343573172,57.12223013652676,61.66362484662736,83.9846530934584,101.55559353229243,105.09503416826621,109.48563562932682,2,-1.0493434198566405,0.9992799162864685,83.11848993825743,6.045509683418435,0.0007201480329968035,108.84771860381579,19.414421905897868,71.26950869056915,73.17451140871637,83.11848993825743,93.06246846779848,94.9674711859457,97.18244853777122,70.79615088759049,76.91383631673355,108.84771860381579,140.781600890898,146.89928632004109,154.01241773033323,83.1370241378083,6.104854858352866,36.79330761453021,0.4763897880419456,71.26930854035182,73.1750860325559,83.12293903107722,93.09403579430752,95.02306049122578,97.30208795811907,2,-1.0797959044657688,0.998762845993042,84.074520387102,6.123497768755092,0.001237142481841147,103.4276934785395,17.592293857468917,72.07268530093063,74.00226287253594,84.074520387102,94.14677790166806,96.07635547327337,98.31990640313924,68.94743111245519,74.49094512068564,103.4276934785395,132.36444183639335,137.90795584462379,144.35348889336404,84.09846205072317,6.188423951462247,37.833716827936854,0.4627926631149108,72.07092033258407,74.00231501055526,84.08144632959343,94.19499699823172,96.16004400723291,98.49675854018551,2,-2.0412338173806432
116,210,set,0.299,81.4515977952682,81.4305722940621,81.3690174447036,81.3039858466021,81.36785852845593,0.9879721999168396,83.29372165559795,6.326526513098897,0.012027788907289505,126.9058856946052,17.416847419756923,70.89395754268634,72.88751157452258,83.29372165559795,93.69993173667332,95.69348576850956,98.01142315940858,92.76949202765226,98.25772104615763,126.9058856946052,155.55405034305278,161.04227936155814,167.42353166205044,83.81827862756933,8.11135852719794,43.19211433003463,22.601944310588856,70.92580905555758,72.92384332842387,83.38905266017301,94.45771410240023,97.25418595689719,110.24808459012782,2,-2.4504200991134013,0.984808087348938,79.2747716504464,7.17553223391263,0.015191975049674511,118.06374195786063,16.357533728204228,65.2109869020714,67.47207143018801,79.2747716504464,91.07747187070478,93.3385563988214,95.96755580792058,86.00356497468114,91.15799327704286,118.06374195786063,144.9694906386784,150.1239189410401,156.11705577101986,79.86405766619495,8.790956352344521,54.77095784806542,22.51035373581597,65.2567612487024,67.5242548580252,79.41099733046669,92.16464847756457,95.64230172126116,111.40594860684858,2,1.5038008622609738,0.3259252905845642,71.27278002073213,14.40656385278626,0.6740747094154358,91.57737496211467,8.282479547553187,43.036433728294455,47.57609121556867,71.27278002073213,94.96946882589558,99.5091263131698,104.78745921189507,75.34401334622082,77.95390843817042,91.57737496211467,105.20084148605892,107.81073657800852,110.84530364935178,84.9595939556427,14.299055852211401,113.88666096709518,90.57633729756718,50.70598771419255,56.548940756137796,87.69700462845935,103.89499874819106,106.72221303552415,109.99247834165382,2,-3.5917354271867765,0.9846311211585999,80.45253827024828,6.751581609604916,0.015368891879916191,108.07422036494178,15.838291849455613,67.21968147673968,69.34717477203077,80.45253827024828,91.55790176846578,93.68539506375689,96.15906579416591,77.03173876337449,82.02254857164877,108.07422036494178,134.1258921582348,139.11670196650905,144.91959693736123,80.87705396488475,7.7642837097065245,48.73859090623009,11.545595904792707,67.25554003992116,69.39047003843666,80.57372712725899,92.45697136678632,95.46202509598034,103.04915188068956,2,0.4908045635711744,0.9764261841773987,80.98451313562592,7.582286020290475,0.023573851212859154,102.8856679161573,14.614071540597598,66.12350561537505,68.51276247456768,80.98451313562592,93.45626379668415,95.84552065587678,98.62354809929825,74.24261402909423,78.84765933807705,102.8856679161573,126.92367649423755,131.52872180322038,136.88308217570727,81.50081056587476,8.497712789373196,61.1704706312719,11.040887095019475,66.18244417112088,68.58410434156558,81.18241589409347,94.81476904540091,98.44398502957543,106.32482249118229,2,-0.132952037418832
117,211,set,0.647,81.3039858466021,77.59456838021339,77.7470763211949,77.3523826467665,77.56467578272493,0.06025059148669243,79.71161372913332,8.535332336176891,0.9397493600845337,117.0934061930215,10.088546786599096,62.982669754146485,65.67224137873657,79.71161372913332,93.75098607953007,96.44055770412015,99.56776596363048,97.32021783493997,100.49922342041434,117.0934061930215,133.68758896562863,136.86659455110302,140.56287556218786,114.84112541554936,13.384987326461786,100.03590981638528,79.12133721104206,77.86040537668393,87.10551990755204,116.28188795801783,133.3817674634018,136.59710812629683,140.32676415222605,2,-37.27644963282442,0.07093341648578644,76.09246070752545,10.409446724767143,0.92906653881073,110.0118515090406,9.817616326317186,55.69032002799342,58.970444507734086,76.09246070752545,93.21447690731681,96.49460138705747,100.30845496562888,90.76967709542647,93.86330968667977,110.0118515090406,126.16039333140141,129.2540259226547,132.85104237791722,107.60582831645958,13.155112954917001,97.23472929709772,75.8217499372536,72.12911447298723,81.07486729118251,109.07241723776045,125.80761234603112,128.9432189042451,132.57876832033907,2,-30.041152533734646,0.01867927797138691,55.222559850641645,16.43016272235259,0.9813206791877747,101.80194881905996,9.085856846425424,23.020032654697992,28.1973471053771,55.222559850641645,82.24777259590618,87.42508704658529,93.44483396993166,83.99399663137945,86.85704423125523,101.80194881905996,116.74685340686469,119.60990100674046,122.93881257758116,100.93187510350069,11.217127742936238,86.05324020253408,39.77027816876874,79.79823684974333,85.0459550570993,101.58620493967612,116.66388305830392,119.53674340537889,122.87470859366375,2,-23.367199320775754,0.07044697552919388,75.7839747624633,8.22932905253442,0.9295530319213867,108.56085218752978,10.95908422721915,59.65478620256671,62.247933023024935,75.7839747624633,89.32001650190166,91.91316332235989,94.92825690860927,87.08144179863926,90.53476274832167,108.56085218752978,126.58694162673787,130.04026257642028,134.05549448095556,106.2518211144841,13.666114344994671,116.41153863208604,70.35122677133576,72.57131791230054,79.20152540847178,107.5184689055269,126.19594681579679,129.69580886985074,133.7537581403419,2,-28.68714533175917,0.03656986355781555,76.70194756898158,11.534793447619325,0.9634301066398621,103.59812794489694,10.535575391790758,54.09416784253909,57.72890073052885,76.70194756898158,95.6749944074343,99.30972729542407,103.53588978335102,82.94877962058058,86.26864854968923,103.59812794489694,120.92760734010466,124.2474762692133,128.10754135938637,102.6145352108585,11.717187995812964,111.80482478997119,25.487355928457273,77.26890407995495,82.96396339176317,103.10779821884637,120.73690133208706,124.07924220285038,127.96001178133835,2,-25.049859428133573
118,212,set,0.229,77.3523826467665,77.4313841789099,77.37434792768279,77.3218793856003,77.37587049739767,0.9978216886520386,79.93807443427059,5.98762367809849,0.0021782948169857264,127.61781338146542,19.44397374028206,68.2025476722183,70.08930991052976,79.93807443427059,89.7868389580114,91.67360119632288,93.86737004837161,89.50832513417001,95.63532265241328,127.61781338146542,159.60030411051756,165.72730162876084,172.85126035507653,80.04193364104013,6.4450327283431035,36.59708509709342,4.941255863134128,68.20764698529776,70.09526741472473,79.95422411848416,89.90592605868933,91.89210860532782,94.37981871062887,2,-2.666063143642461,0.9970067143440247,75.40411315909523,6.67190114357682,0.0029933254700154066,118.82106139404841,18.12481547088509,62.32742720927306,64.42981236442122,75.40411315909523,86.37841395376924,88.4807991089174,90.92527620026581,83.29707584467926,89.0083929289369,118.82106139404841,148.6337298591599,154.34504694341757,160.98568733212448,75.53407721821964,7.1407107893375255,45.36435512395937,5.625622607898028,62.33559332226344,64.43910024905001,75.42879999288739,86.55967495833652,88.81425827904543,91.7211664035149,2,1.8417932791780345,0.5917800664901733,70.71691768553018,13.271369491172178,0.40821996331214905,86.79836217647656,8.17086542883499,44.70551145730904,48.88745744336249,70.71691768553018,92.54637792769785,96.72832391375131,101.59073988692904,70.78376021343655,73.35848454052493,86.79836217647656,100.23823981242819,102.81296413951657,105.80663759592065,77.28168647315906,13.926894032046624,131.48378469074345,62.47477068226376,47.82100661561487,52.46155707289719,78.86856775793244,97.66307456997426,100.7335442589785,104.27889480012925,2,0.09418402423861494,0.9965224266052246,77.41391847431913,6.591080532956436,0.0034775463864207268,106.73618179502199,16.891683923607218,64.49563801052145,66.5725557541565,77.41391847431913,88.25528119448177,90.33219893811682,92.7470646597943,73.62908966651761,78.95183422795877,106.73618179502199,134.5205293620852,139.84327392352637,146.03211477967548,77.51588591434914,6.874827661463884,44.28351344053604,2.979579648849357,64.50287051041491,66.581705203712,77.44035761336868,88.44040653419529,90.66478766427421,93.50982689904615,2,-0.14001541695147068,0.9959592223167419,78.01609935508463,7.058077446687376,0.004040730185806751,101.28124162812776,15.898332604573614,64.18252175948295,66.40659506759651,78.01609935508463,89.62560364257276,91.84967695068632,94.43564281800141,70.1210823089246,75.130811581014,101.28124162812776,127.43167167524152,132.44140094733092,138.26629388357176,78.11010381217854,7.267396253601629,50.63648277191461,2.178275744054361,64.18982293626885,66.41645574293686,78.04682512589801,89.82875589111259,92.20549097579674,95.21526382625466,2,-0.734233314780866
119,215,set,0.053,26.0093987563346,25.9973425516444,26.241925359566903,24.4093367665879,25.549534892599734,0.9999936819076538,30.707465810550325,6.853501069250792,6.341054813674418e-06,114.41462618333017,21.20942109870313,17.27485054681202,19.43445971947736,30.707465810550325,41.98047190162328,44.14008107428863,46.651093452738536,72.84492469692808,79.52823296358723,114.41462618333017,149.3010194030731,155.98432766973224,163.75511786593515,30.70799730736173,6.85692655130605,46.97303259961281,0.04443078356595156,17.274663784769068,19.43429131439996,30.70752018054428,41.981072818103335,44.14104865979905,46.652882779519565,2,-5.1584624147619955,0.9999935626983643,19.317204555211703,6.678222703395064,6.4872438088059425e-06,110.67434000187139,21.557519179260105,6.2281285758196585,8.332505719942661,19.317204555211703,30.30190339048074,32.406280534603745,34.853073743626084,68.4223788144901,75.21537639178946,110.67434000187139,146.1333036119533,152.92630118925265,160.82462891413778,19.317798175966193,6.6824778744916316,44.6013861760979,0.05414300425892728,6.227887066611737,8.332309204960726,19.317258255709955,30.302482725713308,32.40721086683632,34.854950760514676,2,6.231736716633542,0.999234676361084,29.62938569573253,6.66627999749427,0.0007653623470105231,51.54285362625606,8.426949999151994,16.563716989783998,18.664330863580027,29.62938569573253,40.59444052788503,42.69505440168106,45.137471995664306,35.026335128398316,37.68175435601219,51.54285362625606,65.40395289649993,68.0593721241138,71.14687084143176,29.646158585876037,6.695285009708383,44.459629615154995,0.36724576641063456,16.565875704476273,18.66678363628466,29.635725113701106,40.636874274826425,42.76800741670053,45.28716239163389,2,-4.096623693276303,0.9999651908874512,31.72691697384274,8.229155492617544,3.485628622001968e-05,88.0025057875982,16.902723157529646,15.598068585132385,18.19116071506314,31.72691697384274,45.26267323262233,47.85576536255309,50.87079535924507,54.873777158188936,60.20000029657891,88.0025057875982,115.80501127861747,121.13123441700745,127.32411987061818,31.728880028548783,8.23631822421417,67.72660139581389,0.11038398547333367,15.598118318236319,18.19119255758772,31.727275723905596,45.26539964427703,47.86061699905736,50.88145065305671,2,-6.179345135949049,0.9999974966049194,31.015474980346738,7.7808049508258,2.5207173166563734e-06,84.24263546184301,23.665768639746897,15.76537750599722,18.217189736378945,31.015474980346738,43.81376022431453,46.265572454696255,49.116334036026785,37.85858126148162,45.3159100801609,84.24263546184301,123.1693608435251,130.6266896622044,139.2974460244606,31.015609688229258,7.781343761814487,60.54218589957168,0.007141503394876495,15.765325169174268,18.216974554638707,31.01549860596109,43.81411271947632,46.2660548045221,49.11730511677553,2,-5.466074795629524
120,217,set,1.226,11.8156075195472,127.80557193950001,127.67552032559999,127.6390653144,127.70671919316668,0.0013839711900800467,10.858171353717914,3.8092344019549764,0.9986159801483154,119.28383387312275,10.625659848725364,3.392209117215187,4.592538331753946,10.858171353717914,17.12380437568188,18.32413359022064,19.719775706429107,98.4579232576477,101.80617873219418,119.28383387312275,136.76148901405128,140.10974448859778,144.00281507248613,119.1337700753878,11.358555247554275,112.76846673882666,16.24761992581344,98.20646074701465,101.66905282959961,119.2653782231883,136.7543871382258,140.10348413009962,143.99738386457093,2,8.572949117778876,0.0020132209174335003,16.200386755627463,6.716802397487134,0.9979867935180664,113.63804639842213,10.491594074040645,3.0356959652803877,5.152229970604402,16.200386755627463,27.24854354065052,29.365077545974536,31.826005733374082,93.07489987288861,96.3809098332338,113.63804639842213,130.89518296361047,134.20119292395566,138.04514396786607,113.4418845043055,11.358601260000716,109.94277277404402,19.075235580979093,92.70949104479489,96.18289435231088,113.6115202967215,130.88499376573762,134.1921690462761,138.0372243247968,2,14.264834688861171,0.0005045759025961161,31.375110336326742,5.949459018590256,0.9994953870773315,113.99348887609403,9.001552003323559,19.71438493239282,21.58912109119941,31.375110336326742,41.16109958145407,43.03583574026066,45.21562167591729,96.35077114461548,99.18725341523498,113.99348887609403,128.7997243369531,131.63620660757257,134.93423024209386,113.9517974131241,9.18954765044615,81.00491072393172,3.4423945898003603,96.2743220545568,99.14521303379807,113.98779387188831,128.79757981564012,131.63426942826698,134.93259087998663,2,13.75492178004258,0.0012146501103416085,20.628697375947894,6.8392972823775695,0.9987853169441223,118.04981600405591,10.37848651682822,7.223921022925186,9.379054435229797,20.628697375947894,31.878340316665984,34.0334737289706,36.53928206874025,97.70835621703804,100.97872481458406,118.04981600405591,135.12090719352776,138.39127579107378,142.19378604824078,117.9314795423502,10.915745915358626,107.63896170354573,11.51408898407911,97.49342523018097,100.86135298853323,118.03399761193455,135.1148546115705,138.38595322982295,142.1891571383122,2,9.775239650816474,0.001553290756419301,22.7995217035406,9.096272499460737,0.9984467625617981,112.40411908235542,10.969540354701481,4.971155211035413,7.837484891063667,22.7995217035406,37.76155851601752,40.62788819604578,43.96061589435725,90.90421506018178,94.36083084393414,112.40411908235542,130.44740732077668,133.90402310452905,137.92308596572042,112.26494308270149,11.520578923468294,120.27243591875931,12.45197480485302,90.61190931942,94.20169061127265,112.38273001049998,130.4392025301582,133.8967652449534,137.91667280024055,2,15.441776110465185
121,219,set,0.385,127.8030728459,127.8290812693,127.7651247715,127.89917043310001,127.8311254913,0.9870402216911316,122.36177150729637,5.394755693188945,0.012959842570126057,144.81207192284734,28.45229595237895,111.78824464325362,113.48818803883742,122.36177150729637,131.2353549757553,132.93529837133912,134.9118499451162,89.04659657870982,98.01220973048011,144.81207192284734,191.61193411521455,200.57754726698482,211.00201012324493,122.65273172945527,6.757513263363673,39.21763763386126,6.44731459727935,111.66753480046926,113.42897109889783,122.41227488362817,131.69851383200356,133.82658324611748,137.67557301922727,2,5.178393761844731,0.9485368132591248,121.06353784100043,6.010247521966736,0.051463235169649124,129.24416172761235,24.746806819234937,109.28366915977452,111.17756040561734,121.06353784100043,130.94951527638352,132.84340652222633,135.04546438618698,80.74131162954166,88.53928677552632,129.24416172761235,169.94903667969837,177.74701182568305,186.81384316083893,121.48454507487028,8.309421027355711,65.7803808201813,3.26681172548135,108.12684059788036,110.57507548887651,121.16810189711273,132.50939908262606,136.38807964949112,150.57932152569123,2,6.346580416429717,0.010097628459334373,116.03805488123116,18.87413194268443,0.9899023771286011,117.84746846523566,7.6650596944814,79.04543603411267,84.99287049974603,116.03805488123116,147.0832392627163,153.03067372834965,159.9458516004614,102.82422752470252,105.23956722596839,117.84746846523566,130.45536970450294,132.8707094057688,135.6790637898886,117.82919833765915,7.860637894279536,61.7569800993732,0.0327255869383428,102.52945431367736,105.06136869609048,117.84001481349783,130.58649086408442,133.08841841369457,136.09787332113675,2,10.00192715364085,0.9927041530609131,119.36867654616464,5.371152573505123,0.0072959233075380325,122.35044963825237,23.439954153746772,108.84141094662496,110.533916754725,119.36867654616464,128.20343633760427,129.8959421457043,131.86384591668727,76.40898369763865,83.79515603288576,122.35044963825237,160.90574324361899,168.29191557886608,176.87993715143594,119.39044044996592,5.719328262358224,32.64740976419587,0.06439457021420644,108.66366861723004,110.43427560241813,119.37367579771963,128.3400189303206,130.1398105069606,132.40313388967078,2,8.440685041334078,0.7500607371330261,120.39214496982555,5.762881421940571,0.24993924796581268,120.99933850795315,18.34894237824681,109.09710493564705,110.91304856125534,120.39214496982555,129.87124137839575,131.68718500400405,133.79861191410646,85.03607229218866,90.81801408637031,120.99933850795315,151.180662929536,156.96260472371762,163.68536160048552,120.54390467213211,10.446526685780567,109.06058622265596,0.06911704778750595,97.47574629304279,104.85741736704983,120.4496648350053,136.86241696702888,144.51641687179733,153.1205842681337,2,7.287220819167885
122,220,set,0.893,127.89917043310001,121.0786705029,121.2278000075,121.0707252802,121.1257319302,0.018284520134329796,113.711405304632,10.800276903277263,0.9817155003547668,124.02740339130895,12.60425456324489,92.54325155114877,95.94653066819617,113.711405304632,131.47627994106782,134.8795590581152,138.83660651762347,99.32351839537434,103.29524955793595,124.02740339130895,144.75955722468194,148.73128838724355,153.34928419838326,123.83878285779686,12.649315531370805,158.0952410195243,1.91025661434866,99.06712002767826,103.03711902795074,123.83572369228084,144.6512952422464,148.63408515834328,153.26301337555003,2,-2.7130509275968535,0.005705458577722311,106.82919893434651,11.322268986400411,0.9942945837974548,114.36276949860084,11.592027059733937,84.63795949772687,88.20572372674562,106.82919893434651,125.4526741419474,129.02043837096613,133.16873532017766,91.64281395370858,95.29558174567785,114.36276949860084,133.42995725152383,137.0827250434931,141.32985700483678,114.31979186994676,11.604362973270595,134.33982980336313,0.3219640138693381,91.56965421896594,95.22893800301036,114.32176288576129,133.40388474704505,137.05865435830285,141.30787940070232,2,6.805940060253249,0.0017297148006036878,74.93195541036563,19.33150417011586,0.9982702732086182,115.57079042454535,9.094143131943012,37.04290346995267,43.13446066172304,74.93195541036563,106.72945015900821,112.82100735077859,119.90375903852632,97.74659741568476,100.61225610995307,115.57079042454535,130.52932473913762,133.39498343340594,136.7269309657641,115.50049544435834,9.27678069852053,83.20679157105522,2.85170859603864,97.51037680581192,100.47966354319514,115.55174485443295,130.52212812341057,133.38873650838423,136.7216181044124,2,5.625236485841668,0.019816357642412186,104.35729411348092,7.7498701251672095,0.9801836609840393,116.9638989386832,12.325415807620091,89.16782778329026,91.60989212969677,104.35729411348092,117.10469609726506,119.54676044367157,122.38618800325628,92.80652786126716,96.69039404383427,116.9638989386832,137.2374038335321,141.12127001609923,145.63710379940957,116.71408412743281,12.376684542023188,150.09563844289573,3.086935542685627,92.63289043798244,96.43633302878143,116.6864352890778,137.1175892335637,141.0155857594779,145.54442107824443,2,4.411647802767192,0.0006362803396768868,107.79789651309275,11.828705161716885,0.9993637204170227,115.16414434135703,12.584424828236083,84.61406041238462,88.34140792570312,107.79789651309275,127.25438510048237,130.9817326138009,135.31557961870874,90.49912491186265,94.46460751953475,115.16414434135703,135.8636811631793,139.8291637708514,144.4398942865508,115.15945742983138,12.585328876318432,158.35600933439846,0.034503625819752956,90.49267116359937,94.45837193803912,115.15946188848157,135.86048583300462,139.82622450591614,144.43722982588812,2,5.966274500368627
123,221,set,0.647,121.0707252802,119.2206024646,119.0645290456,119.165635586,119.15025569873335,0.2637677490711212,112.87507425980326,8.198759868914149,0.7362322211265564,130.31706111321176,15.423235313378342,96.8058001988392,99.38931435291563,112.87507425980326,126.36083416669086,128.94434832076732,131.94824185062305,100.08807537390388,104.94809656867537,130.31706111321176,155.68602565774816,160.54604685251965,166.1968717953211,125.71642361780906,15.87265966785593,192.86249320488648,59.07836071234162,98.52153780556576,102.13573029908216,124.36313960922729,153.3210793395671,158.47348218366193,164.38909144802773,2,-6.56616791907571,0.12038160860538483,108.70103920782037,9.048681409842626,0.8796184659004211,118.97392583435433,14.130740786468134,90.9659495369517,93.81728277171236,108.70103920782037,123.58479564392837,126.43612887868903,129.75141996848063,91.27818281800559,95.73092560022111,118.97392583435433,142.21692606848754,146.6696688507031,151.84694462157668,117.73726808147966,14.0239349618209,185.49699287301343,11.174791744638632,91.22172583875003,95.34730074638688,117.36651311722383,141.32919066483657,145.88674930255698,151.16135973923014,2,1.412987617253691,0.0041463738307356834,87.67190364427448,19.76513641935194,0.9958536624908447,114.70285912670874,8.396244986031558,48.93294811282371,55.161147317712796,87.67190364427448,120.18265997083614,126.41085917572525,133.65248673356106,98.24652134871188,100.89226510866162,114.70285912670874,128.51345314475586,131.1591969047056,134.23544579988933,114.59078284646573,8.651072381749461,71.82445076270774,3.017079531959882,97.82472213164738,100.65114600234496,114.66658065087726,128.50319691477796,131.15273561967982,134.23464287896,2,4.559472852267618,0.3467249572277069,106.65620428771324,6.846296617681481,0.6532750129699707,117.56755816577623,14.843178862965338,93.23770948957915,95.39504846493425,106.65620428771324,117.91736011049221,120.07469908584733,122.58307186930955,88.47546217827798,93.15270157753827,117.56755816577623,141.9824147540142,146.6596541532745,152.0979557576436,113.7843159553222,13.680237043405215,160.1811389214864,26.96736079546215,90.40036866675639,94.24048141259233,111.92255062847363,138.77491482268792,143.8569468094754,149.659175981726,2,5.365939743411147,0.02358456514775753,108.42900427534016,9.11043169584148,0.9764154553413391,115.70111539991495,13.351480083950795,90.57288626787869,93.44367765734165,108.42900427534016,123.41433089333867,126.28512228280164,129.6230376825553,89.53269529506757,93.73988495865814,115.70111539991495,137.66234584117177,141.86953550476233,146.76130270851252,115.52960819194702,13.312883145955213,176.01530994825987,1.2178211794212812,89.56459252760276,93.72945965052354,115.4744846373084,137.50969032369983,141.73370227151972,146.64176582020735,2,3.6206475067863266
124,225,set,0.053,40.2796211298836,39.825992274554,39.3333005555829,39.654152344908596,39.60448172501517,0.9999889135360718,44.743644568631474,6.379855370087577,1.1027968866983429e-05,118.8832767931842,22.032866177213254,32.23935781668536,34.249716323717095,44.743644568631474,55.23757281354585,57.24793132057758,59.58540754552275,75.69965260965552,82.64243694945854,118.8832767931842,155.12411663690983,162.06690097671287,170.1393881835706,44.74445956090523,6.38499729887721,40.70745679235231,0.06061660330520829,32.23935517375372,34.24952523707641,44.74373338102023,55.23836966915417,57.24939029899995,59.5883004526015,2,-5.139977835890058,0.9999867677688599,34.89084977378693,6.337269391748241,1.3215259969001636e-05,113.77157640118955,21.714938709874556,22.470030005632324,24.466969229801286,34.89084977378693,45.31473031777258,47.31166954194154,49.63354295050455,71.21107860334075,78.05368070522346,113.77157640118955,149.48947209715564,156.33207419903835,164.28807790383337,34.89189161095727,6.344204487956861,40.16668342887246,0.0822264946871634,22.469799419215256,24.466952661389488,34.89095460166685,45.31571131910357,47.313248687758374,49.63697386943906,2,4.712590114057896,0.9973548650741577,41.644407771219996,7.9413430718834155,0.002645208267495036,58.19897933960169,8.28782080254449,26.07966136145182,28.58206081656661,41.644407771219996,54.70675472587338,57.209154180988165,60.118734343524935,41.95514905629264,44.56672723301252,58.19897933960169,71.83123144619086,74.44280962291074,77.47933364403252,41.688201115067216,7.987658791245572,63.07980853276962,0.7230118934999434,26.08863611758186,28.592216216353894,41.66958757600476,54.832493670072395,57.39857857691793,60.436278629895426,2,-2.083719390052046,0.9999485015869141,44.24418714839162,7.511683492523348,5.151673758518882e-05,92.88631446265082,17.482052439911467,29.5215580397818,31.888567311203083,44.24418714839162,56.599806985580145,58.966816257001426,61.71897607169099,58.62212130458376,64.1308971003066,92.88631446265082,121.64173182499502,127.15050762071786,133.55564999010934,44.24669384285263,7.520643396021705,56.43822773035083,0.12188523492798865,29.521641105883685,31.888626261710964,44.244669443491865,56.603411207688,58.973107767966525,61.73300847195983,2,-4.64221211783746,0.9999929666519165,44.32954569913112,7.172709998742554,6.999417564657051e-06,88.03259819595273,21.791889551755414,30.27129243004537,32.531487642628335,44.32954569913112,56.1276037556339,58.387798968216856,61.01576435581734,45.321279519437404,52.18812962862193,88.03259819595273,123.87706676328352,130.74391687246805,138.72811412601175,44.329850090919905,7.173852937871948,51.45073080455684,0.013368491586386715,30.27120980847183,32.5313227712605,44.32960629345504,56.128169642289635,58.388789370030864,61.01763672469232,2,-4.725368365904735
125,226,set,1.153,39.654152344908596,102.9614174739,102.9154930012,102.96001815390001,102.94564287633334,0.0008298620232380927,36.3990758473366,5.633230792018762,0.999170184135437,115.91928227345127,9.66767153425722,25.35814637837778,27.13323574762982,36.3990758473366,45.66491594704337,47.44000531629541,49.503930324330845,96.97099425194403,100.01737768615277,115.91928227345127,131.82118686074978,134.8675702949585,138.4096493940957,115.85329682473866,9.932536282582712,93.41264934133929,5.243247204587615,96.83512462992773,99.94289509364069,115.9092182156512,131.8173001379836,134.86417629299922,138.4066922299886,2,-12.907653948405326,0.0010073023149743676,38.19632240096276,8.87117351936299,0.9989927411079407,109.86141279152548,9.261534468690726,20.80914180240585,23.60454046232268,38.19632240096276,52.788104339602825,55.58350299951966,58.833758057980255,91.70913879131535,94.62754422956345,109.86141279152548,125.0952813534875,128.0136867917356,131.40696381312011,109.78922915057501,9.536065693463758,85.76889445030304,5.168177865449959,91.55069681580345,94.54079828750172,109.84970806528734,125.09079201935677,128.0097008088846,131.40347124199593,2,-6.843586274241673,0.0008343652589246631,33.126276389018436,8.950990500898829,0.9991656541824341,110.93650740137,9.62463622095522,15.582657381296588,18.403207198806818,33.126276389018436,47.84934557923005,50.66989539674028,53.94939411134419,92.07256704399808,95.10538960524329,110.93650740137,126.7676251974967,129.8004477587419,133.32675941240564,110.87158740458082,9.882830431802024,92.623183447559,5.047392879268749,91.93656465353305,95.0308340922337,110.92643406833766,126.76378630024399,129.79708547437676,133.323817515997,2,-7.925944528247484,0.0005826284177601337,39.26756164822684,7.8816219962961025,0.9994174242019653,114.60765499523008,9.646853948338126,23.819866395727793,26.303447121358687,39.26756164822684,52.23167617509499,54.71525690072588,57.602956223303806,95.70016869236933,98.73999228963497,114.60765499523008,130.47531770082517,133.51514129809084,137.04959316912897,114.56376574647275,9.815713190324805,93.04376841043964,3.305147650617929,95.60543988024803,98.68790102331187,114.60060592108377,130.4726400375525,133.51275049864273,137.04752496325972,2,-11.618122870139416,0.0004962186794728041,42.54285543009347,11.430828999387645,0.9995037317276001,108.32012938487529,9.966994476118892,20.138842277857655,23.740814891388624,42.54285543009347,61.3448959687983,64.94686858232927,69.1349401713433,88.78517917757259,91.92588237102584,108.32012938487529,124.71437639872474,127.85507959217799,131.50682579497126,108.28748410094184,10.07486960518415,99.3565169549161,2.145899070995252,88.70194811415891,91.88011658534016,108.31392825346812,124.71204315209857,127.85305023841926,131.50506705488186,2,-5.341841224608501
126,229,set,0.229,65.92718342590611,65.8796681509356,65.8921700993193,67.3462804312586,66.37270622717118,0.9977321624755859,69.42855429624616,6.386623520838179,0.002267821691930294,123.14391344163536,17.51380910264681,56.911002212586936,58.9234934340219,69.42855429624616,79.93361515847042,81.94610637990539,84.28606234624729,88.81747836833785,94.33626101741103,123.14391344163536,151.95156586585966,157.47034851493288,163.8871260139349,69.55037005367943,6.922481319096737,41.39207416885667,6.528596858640135,56.917034782308185,58.930444367657856,69.44670893424313,80.06869724209274,82.19528061400727,84.87769594174941,2,-3.177663826508251,0.9976170659065247,63.749838457869416,7.060065496644324,0.0023828991688787937,115.88040485207097,16.832020472656335,49.91236435595265,52.137064119199046,63.749838457869416,75.36261279653978,77.58731255978618,80.17400681657703,82.8902509386237,88.19419492870075,115.88040485207097,143.56661477544117,148.87055876551824,155.03753989444695,63.87405811476595,7.54064538252124,50.400864236322704,6.460326059918891,49.91940874228701,52.14510078687447,63.770932926404654,75.5195263690106,77.876711696827,80.8618812559674,2,2.4986481124052276,0.7847474217414856,59.36509480672284,12.035389640436318,0.21525253355503082,80.97135276627668,8.336159640421078,35.77616457156118,39.56864050487698,59.36509480672284,79.16154910856869,82.95402504188449,87.36359791000503,64.632780101675,67.25959034688358,80.97135276627668,94.68311518566978,97.30992543087837,100.36416002343532,64.01589391933382,14.4043750136594,128.62937169093752,78.85646464677305,37.04941857268082,41.019291092353264,63.432317324341696,87.973292822133,91.53922318392978,95.42499598858008,2,2.356812307837359,0.9957752823829651,67.44824799282306,7.104175783818834,0.004224793985486031,102.94835803253608,15.615627510247174,53.52431931669653,55.76291868830782,67.44824799282306,79.13357729733829,81.37217666894958,83.97503222432243,72.34229051645873,77.26293648518282,102.94835803253608,128.63377957988934,133.5544255486134,139.27573989281325,67.59823379512116,7.522485510108815,51.286301783285836,5.301835433769453,53.536673110588325,55.77703847914106,67.48514957673976,79.400208135209,81.86134386755988,85.15649649611487,2,-1.2255275679499817,0.9975499510765076,67.68860309541651,7.69152106473307,0.0024500193540006876,97.34287624699023,15.760665976119393,52.61349882220852,55.03717677531667,67.68860309541651,80.34002941551636,82.7637073686245,85.58175677249864,66.4525385614304,71.41888765299957,97.34287624699023,123.26686484098087,128.23321393255006,134.0076680340034,67.76125463704909,7.8595470120359,59.62313398696775,2.1492094765206993,52.62074549669945,55.045566593749605,67.71085682551139,80.49039752830251,83.02889839001709,86.16271887090944,2,-1.388548409877913
127,231,set,0.053,10.5367549407898,10.4492323523698,10.6407826082793,10.3051892089417,10.465068056530265,0.9999971389770508,15.343069367015808,7.208618379331396,2.8218842089700047e-06,110.41981472677597,21.284519720127207,1.2144369652327747,3.485947280463513,15.343069367015808,27.2001914535681,29.471701768798837,32.11282340854513,68.70292264709408,75.40989526720458,110.41981472677597,145.42973418634733,152.13670680645785,159.93501192767425,15.343337062073772,7.210466453687713,51.965308668529374,0.025508597262852154,1.214232020163592,3.48578113525457,15.343095390195433,27.200497013717968,29.472157263902343,32.113689272213925,2,-4.8782690055435065,0.9999973773956299,2.5509324207105664,6.938567380762669,2.653315732459305e-06,107.746286791091,22.10621822334734,-11.048409749888684,-8.861995301384091,2.5509324207105664,13.963860142805219,16.150274591309817,18.692453895836927,64.41889523894719,71.38479356823737,107.746286791091,144.1077800139446,151.0736783432348,159.17304055805798,2.551211615541909,6.940767187487133,48.14488767075165,0.029361680036832417,-11.048528012281533,-8.862205484568616,2.550955132824445,13.96420391583001,16.150618135041054,18.69344193672959,2,7.913856440988356,0.999788224697113,18.432150508263497,5.384520803150064,0.00021174174617044628,45.12097892008741,8.492234596185423,7.878683660082684,9.575401935806457,18.432150508263497,27.288899080720533,28.98561735644431,30.95841903140033,28.47650496329893,31.152496043629043,45.12097892008741,59.08946179654578,61.765452876875884,64.87687081877945,18.43780102887221,5.39935148152178,29.002194666092766,0.15079034722878476,7.879142039737061,9.575914447910485,18.433577590771353,27.299260203863028,29.004192536617598,30.999129891941642,2,-7.972732972341946,0.9999822378158569,18.47884292795628,8.951140050550524,1.7705508071230724e-05,83.1698883699256,16.784657137553655,0.9349308083032071,3.7555277504576594,18.47884292795628,33.20215810545489,36.022755047609344,39.30230855479631,50.272564887467276,55.561584200083544,83.1698883699256,110.77819253976764,116.06721185238392,122.21683981837796,18.47998726847526,8.955478072411715,80.12647312593933,0.074095024066413,0.934911766005363,3.755577956175995,18.47904211936088,33.20371654738199,36.02550365796427,39.30819699952994,2,-8.014919211944994,0.9999992847442627,16.776660560263167,8.271882102510078,7.181563432823168e-07,80.94994315581899,26.722835179410453,0.5640695549819519,3.1706252822344894,16.776660560263167,30.382695838291838,32.98925156554438,36.01993590375397,28.574148639374535,36.99479078853929,80.94994315581899,124.90509552309867,133.32573767226341,143.11655396378427,16.776706695375612,8.272088860739347,68.42449741971288,0.0029575166534872507,0.5637630861569838,3.170362151267158,16.776667633056775,30.38291846437955,32.98951931117199,36.02037806481078,2,-6.311638638845347
128,232,set,1.153,10.3051892089417,105.4518612253,105.4748737228,106.1708065318,105.69918049329999,0.002229649806395173,10.716639758577202,3.9762710727855946,0.9977704286575317,118.38938975446622,10.393455202149337,2.9232916631489907,4.176255862763592,10.716639758577202,17.257023654390807,18.50998785400541,19.966829515362065,98.01859188332305,101.29367726865323,118.38938975446622,135.48510224027922,138.76018762560938,142.56818216792504,118.14932651758028,11.558929682204887,107.81831641748064,25.79163427929644,97.61607730858799,101.07599067591937,118.36027977151087,135.47387420785682,138.7502777251801,142.5594957441565,2,-12.450146024280286,0.0038173177745193243,15.19295444507685,6.944403933224267,0.9961826205253601,112.77270820922503,10.384289454918564,1.5821728418589895,3.77042644849684,15.19295444507685,26.615482441656855,28.80373604829471,31.348053771613976,92.41987487254556,95.6920720359883,112.77270820922503,129.85334438246176,133.1255415459045,136.93017790609954,112.40020832265824,11.992318881472395,107.60591539811284,36.20901724940375,91.70998324457783,95.31435477894452,112.72283684025692,129.83415272469847,133.10862943454399,136.91538022607537,2,-6.701027829358253,0.000944599334616214,30.512963454375914,6.114127591266497,0.9990554451942444,112.01741935546393,8.870000446407028,18.529493578610946,20.456118510237143,30.512963454375914,40.56980839851468,42.49643333014088,44.73655117793318,94.63253793765195,97.42756695013014,112.01741935546393,126.6072717607977,129.4023007732759,132.65212603670423,111.94043528865956,9.214465287687092,78.63790480549868,6.269023708553555,94.49035335727565,97.34971700727078,112.00690786804101,126.60325590071633,129.39877493357787,132.64904352195174,2,-6.241254795359566,0.0022279550321400166,20.7412135946293,7.052505007142765,0.9977720379829407,115.95061635551946,10.314442221493259,6.918557779841082,9.1408751545371,20.7412135946293,32.341552034721495,34.563869409417514,37.147793624658256,95.73468108077336,98.98486865751487,115.95061635551946,132.91636405352403,136.16655163026556,139.94559708940739,115.73849327762558,11.243337420133859,106.2615041866541,20.15103859054915,95.33554330177874,98.76897256859752,115.92175071075611,132.90527127237877,136.1567701005998,139.93705298311968,2,-10.039312784325588,0.0035804780200123787,21.979402389761773,9.330751947160724,0.9964195489883423,110.90976408200433,11.030195086600528,3.691464624649768,6.6316812072899385,21.979402389761773,37.3271235722336,40.26734015487378,43.68597734524156,89.29097896981662,92.76670768782714,110.90976408200433,129.05282047618152,132.52854919419204,136.5698349719732,110.59135387214376,12.237491511317778,121.54131426100355,28.215214552840628,88.58708490679263,92.39120505346733,110.86008797222308,129.03368083379053,132.5116889654794,136.5550031867193,2,-4.892173378843765
129,233,set,1.378,106.1708065318,112.3108783081,111.1249523412,111.5742433983,111.67002468253332,0.0003416396211832762,85.0310042869547,11.538737991184698,0.9996583461761475,114.98646563499082,10.675091496671456,62.415493397188634,66.0514692517118,85.0310042869547,104.01053932219759,107.64651517672075,111.8741228818615,94.06367076984498,97.42750266865195,114.98646563499082,132.5454286013297,135.90926050013667,139.8204420434639,114.97623002940877,10.689751051804123,113.964131164396,0.3064586324901878,94.01615717289158,97.39882771168492,114.98193652786918,132.54369187140153,135.90776194508024,139.8191430450778,2,-3.306205346875444,0.00010550238221185282,77.40087472625792,12.392608877731583,0.9998944997787476,108.91233777349993,9.75695542034995,53.111807651412676,57.01684706633011,77.40087472625792,97.78490238618573,101.68994180110316,106.23039404278845,89.78905655085116,92.86357426233349,108.91233777349993,124.96110128466637,128.03561899614868,131.61041027274229,108.9090134744366,9.762636048663218,95.20433835922445,0.10474989094771751,89.77466192292526,92.85509149962836,108.91106166615023,124.96065375170025,128.0352338074455,131.61006559594594,2,2.7610112080967184,0.00089795864187181,37.28121299006915,12.62792868471289,0.9991021156311035,109.45433589557908,12.226803590500937,12.530927568691624,16.51011869213461,37.28121299006915,58.05230728800368,62.03149841144667,66.65816803929033,85.49024121215221,89.34303366372032,109.45433589557908,129.56563812743784,133.41843057900593,137.89813443465584,109.38953554565438,12.41676411629431,149.5036896631994,4.673230212151556,85.30414422343547,89.2410452187175,109.44056198363805,129.56034793216082,133.41373130847478,137.89405906220597,2,2.2804891368789413,7.304905011551455e-05,72.38700861879057,9.074747639730182,0.9999269247055054,115.10720571250036,9.144911122648294,54.600830076129554,57.46037704991107,72.38700861879057,87.31364018767007,90.1731871614516,93.49802849793402,97.18350927028995,100.06516548426345,115.10720571250036,130.14924594073727,133.03090215471076,136.38145026096566,115.10408202176477,9.152210523438296,83.62930386373706,0.1333058911370334,97.17235390118424,100.0589685075355,115.1063687067899,130.1489639347514,133.0306399122693,136.38126481055454,2,-3.434057339231444,5.231453542364761e-06,81.52533681273394,15.631680087539298,0.9999947547912598,109.37559320190817,10.982321361860864,50.88780682330499,55.81351112539981,81.52533681273394,107.23716250006805,112.16286680216288,117.89006255206752,87.850638866016,91.3112820775047,109.37559320190817,127.43990432631165,130.90054753780035,134.9242931541065,109.37544600010281,10.982542984472602,120.61202816595899,0.004057686559804703,87.8500005391029,91.31084441140672,109.37552677137063,127.4399324405519,130.90055070774423,134.92434078904148,2,2.2945786824305117
130,234,set,1.076,111.5742433983,105.5968662229,105.4148443075,105.2997024335,105.43713765463333,0.0016014552675187588,96.55789835732962,11.620666504041269,0.99839848279953,116.27244171790831,10.02569340041709,73.78181053305775,77.44360291056384,96.55789835732962,115.67219380409539,119.33398618160149,123.59161117394363,96.62244373304989,99.78164356552881,116.27244171790831,132.7632398702878,135.92243970276672,139.5956922457539,116.24086255750133,10.059427397371508,100.56981275658546,0.6214299722008246,96.49065400413308,99.69423080445368,116.2541030877575,132.75562200124807,135.91571349195854,139.5897982143492,2,-10.803724902867998,0.0006734825437888503,89.7523848900762,12.731713398959506,0.9993265867233276,109.16387479959175,9.346609012293522,64.79868516662953,68.810579928491,89.7523848900762,110.6941898516614,114.70608461352288,119.37077928864294,90.84485775791896,93.79007106602343,109.16387479959175,124.53767853316006,127.48289184126455,130.90733880483174,109.1508090614556,9.362810288711497,87.40944043160816,0.2536013122340465,90.78978799249676,93.75493469964758,109.15698571831274,124.53485667731422,127.48037009184179,130.90515205797357,2,-3.7136714068222716,0.0014137513935565948,52.84209846771988,16.996607410430965,0.9985862970352173,110.91913768953081,10.148747381482444,19.529360083908585,24.885167122802226,52.84209846771988,80.79902981263751,86.15483685153117,92.38211998288276,91.02795833363004,94.22593375008515,110.91913768953081,127.61234162897647,130.8103170454316,134.52865458462006,110.83703656607517,10.393317226109128,103.25987724064846,4.761760662044518,90.78570257460908,94.09315257370125,110.90114063302005,127.60545557149116,130.80420296550852,134.5233440611067,2,-5.399898911441838,0.0009375549270771444,86.2984300389937,8.760333217191183,0.9990624785423279,113.76907933361076,9.83340341867717,69.12849244072908,71.88896417339332,86.2984300389937,100.70789590459408,103.46836763725832,106.67801259469577,94.49596278755047,97.5945700551226,113.76907933361076,129.94358861209892,133.04219587967106,136.64499647123634,113.74332789879799,9.868309706664848,96.677119574204,0.7068499043728537,94.36857205845537,97.51800869505958,113.75753320300836,129.93914636308048,133.03828243338486,136.64157737880313,2,-8.306190244164654,7.090449798852205e-05,91.41397207341724,14.597924294259906,0.9999290704727173,109.76744621771499,10.750019988216538,62.80256620762553,67.40252335204082,91.41397207341724,115.42542079479367,120.02537793920894,125.37382222077792,88.69779420772488,92.08523685029618,109.76744621771499,127.44965558513378,130.8370982277051,134.77573236319907,109.76614212644274,10.751466257413576,115.56984262860875,0.023882487592556397,88.69251120336102,92.08173428560778,109.76669056688813,127.44938980605639,130.83688632443796,134.77556749537032,2,-4.329004471809412
131,236,set,1.378,11.836612607673201,126.42611821999999,126.40622181530001,126.4252231468,126.41918772736666,0.000688676256686449,7.987355871097591,3.3829221965648624,0.9993113279342651,121.22732900998622,11.344942908821748,1.3569502033293306,2.4229440263832345,7.987355871097591,13.551767715811947,14.617761538865851,15.85720973112183,98.99164950203252,102.56655851885338,121.22732900998622,139.88809950111906,143.46300851793993,147.6196128270384,121.14934383723552,11.723989365048379,128.62697350945416,8.825014633594286,98.85969875444049,102.49410515719303,121.21753005546691,139.88434178384034,143.45973284816992,147.6167312709688,2,5.269843890131142,0.000726464088074863,15.151684229269407,6.071113544199371,0.9992735981941223,115.566657914904,10.990908118696996,3.252520336585315,5.16559109645886,15.151684229269407,25.13777736207995,27.050848121953496,29.275206315878165,94.024873844869,97.48822283237486,115.566657914904,133.64509299743312,137.108441984939,141.13533365061298,115.49371724036178,11.316271237647799,120.73908820921118,7.319737284493858,93.88988834644724,97.41415245357018,115.55664269464742,133.64127426012135,137.10508808006483,141.13233788559776,2,10.925470487004887,0.0001701393921393901,32.485520616213904,5.256872286340523,0.999829888343811,117.18476593804098,9.302454134626533,22.182240263659747,23.83873516960601,32.485520616213904,41.13230606282179,42.78880096876806,44.7148342836464,98.95229086633725,101.8835905151508,117.18476593804098,132.48594136093115,135.4172410097447,138.82551033749183,117.17035851015812,9.367263157667628,86.52563395571225,1.2203658931805412,98.92574560260094,101.8689397207135,117.18278165404105,132.48522291864742,135.41660943322998,138.8249758439325,2,9.248829217208538,0.00045928332838229835,17.817043186732384,6.354818837572476,0.9995406866073608,122.26260774008563,10.68092873514063,5.361827136813636,7.364296373131754,17.817043186732384,28.26979000033301,30.27225923665113,32.600562479433805,101.32837209777104,104.69404337087936,122.26260774008563,139.83117210929188,143.19684338240023,147.11016359586176,122.21463395782835,10.911315204598358,114.04838671554401,5.007963726286216,101.24586851010643,104.64864615243296,122.25645708873162,139.82885169678778,143.19482815796408,147.1083758905524,2,4.2045537695383075,0.00040059926686808467,21.885413863708813,8.380431825383663,0.9995993971824646,115.41905378069535,11.20245844915716,5.460069311063567,8.100830180306941,21.885413863708813,35.66999754711068,38.310758416354055,41.3812136242343,93.46263868204088,96.99264936982603,115.41905378069535,133.84545819156466,137.3754688793498,141.47986917792295,115.38158386330245,11.356770628231567,125.47293636686405,3.503255465687694,93.38716838857215,96.95114906736508,115.4134270962685,133.843335605935,137.37363101467037,141.4782681994821,2,11.03760386406421
132,238,set,0.385,11.4470043761898,14.2633005277421,14.1798153731319,14.1602664622302,14.201127454368068,0.9851609468460083,17.367461261340672,7.035244370508272,0.014839042909443378,108.47871512836993,12.808994896492278,3.5786356727062927,5.79551404202021,17.367461261340672,28.93940848066113,31.156286849975046,33.73388704603038,83.3735464530877,87.4097934152717,108.47871512836993,129.54763684146815,133.58388380365216,138.2768931744247,18.71946488908491,13.135817737314005,51.19485638008896,121.35484765796635,3.6236143795859364,5.8464764589288265,17.500282594657744,30.052422217275097,33.652240782351704,102.70569657949504,2,-4.518337434716843,0.994201123714447,9.403023058383894,8.591499206509909,0.005798880010843277,104.35681665220761,13.50088841808587,-7.436005959579983,-4.72873557239463,9.403023058383894,23.534781689162415,26.24205207634777,29.38983897227179,77.89556159346536,82.14983137065194,104.35681665220761,126.56380193376327,130.81807171094985,135.7645797212843,9.953648749037846,11.243825507283542,74.44280616714995,51.980806240173614,-7.4147474126229325,-4.70458751944784,9.465829371900075,24.01838837895685,27.17160257500988,32.028669941191865,2,4.247478705330222,0.9514997005462646,19.83735745202202,6.596687958887454,0.04850024729967117,70.54817594286794,8.68625537504107,6.908086635353564,8.986771336978881,19.83735745202202,30.68794356706515,32.76662826869047,35.18354846089066,53.52342824726998,56.260557284604914,70.54817594286794,84.83579460113097,87.5729236384659,90.75542766797057,22.29684365499797,12.796042028344862,45.06513256488475,118.67353309793018,7.048877721714927,9.146531343853708,20.25907279830386,39.303459422996795,70.21147280399404,77.66862916612874,2,-8.095716200629903,0.9762483239173889,23.086997294554628,9.355588165463463,0.023751690983772278,91.57504390836944,12.493995309490453,4.750381436057083,7.698424168327776,23.086997294554628,38.47557042078147,41.42361315305217,44.8513499336822,67.08726307875578,71.02425040843937,91.57504390836944,112.12583740829949,116.06282473798309,120.64042333487879,24.713704557831218,14.068388256739146,89.15575329236215,108.76380395113415,4.846702712098949,7.807645188395649,23.372318708384,41.13067898526135,51.27419017138831,94.06480893875546,2,-10.51257710346315,0.9983628392219543,20.2257804299459,10.355362573436642,0.0016371061792597175,88.89779506758906,17.315214025270482,-0.07035726084393445,3.1927247426311034,20.2257804299459,37.258836117260685,40.52191812073573,44.31595613758232,54.96059919345609,60.416802476681895,88.89779506758906,117.37878765849621,122.83499094172203,129.1790064038392,20.338202705148344,10.7357594370603,107.54880715998499,7.707700946066685,-0.06317270782927892,3.2008717370680406,20.247061652305433,37.41708009696226,40.81238122760796,44.99261006205037,2,-6.137075250780276
133,239,set,1.076,14.1602664622302,126.6253791955,126.6252028219,126.6373897906,126.62932393599999,0.0031035938300192356,15.374521442387142,4.4366929468987415,0.9968963861465454,116.92973850539948,10.036187258316133,6.678763056002728,8.076810957010728,15.374521442387142,22.67223192776355,24.070279828771554,25.69581264717702,97.25917293700007,100.42167949279403,116.92973850539948,133.4377975180049,136.6003040737989,140.27740139725898,116.61455001898139,11.505792553185728,100.47353490805368,31.909455071125123,96.70911761585486,100.12676738012301,116.89057844611447,133.42267702720204,136.58702603342203,140.2657295637037,2,10.014773917018601,0.005894449073821306,18.47278410903987,7.52575076388883,0.9941055774688721,111.2302503576037,10.051064704629566,3.7225836551929614,6.0940256695245125,18.47278410903987,30.851542548555226,33.22298456288678,35.98029839917388,91.53052553024803,94.69772012346982,111.2302503576037,127.76278059173757,130.92997518495935,134.6125233650656,110.68349914893527,12.295467984746866,100.76226760182482,50.416590532320434,90.42295730717764,94.12216820040861,111.15555559808568,127.7340135478817,130.90460652091235,134.59022324024218,2,15.945824787064723,0.0018433014629408717,30.002568329334963,6.740982106539078,0.998156726360321,109.50079232866551,8.905648830124345,16.790486180089424,18.91463946217918,30.002568329334963,41.090497196490745,43.2146504785805,45.6844377218295,92.04604136266053,94.85230355007934,109.50079232866551,124.14928110725168,126.95554329467049,130.2184295515796,109.35425618273557,9.532887823299568,79.24815114844074,11.62813182356874,91.76293790376482,94.69859266868946,109.48017984107284,124.14136909734444,126.94857325568664,130.21227395910617,2,17.275067753264423,0.003288536099717021,24.27202324653195,7.4440047290476326,0.9967114925384521,113.48113725744466,10.14738771446565,9.682042076852744,12.027725068914037,24.27202324653195,36.516321424149865,38.86200441621116,41.58936782230188,93.59262279992777,96.79016977122302,113.48113725744466,130.1721047436663,133.36965171496155,137.08749109405997,113.187773115488,11.35331245266376,102.81308986252324,26.084980682386185,93.00118865372012,96.47368885907221,113.4391754615145,130.15593937309436,133.3553981864746,137.07502632589683,2,13.441550820511992,0.0060851373709738255,24.985542470969854,9.93943412172953,0.9939149022102356,108.6863476695602,10.89876975507809,5.504609565671469,8.636628205997809,24.985542470969854,41.33445673594189,44.466475376268235,48.10812390922433,87.32515147381272,90.759466708611,108.6863476695602,126.61322863050941,130.0475438653077,134.04067751894672,108.17702107380275,12.68988041813012,118.66153991986424,42.37198829649412,86.08010071400165,90.11397707290341,108.60271671820419,126.58100245759178,130.01906924520725,134.01578445468238,2,18.452302862197243
134,243,set,1.153,9.99160705007793,90.5363281543536,91.33162421420549,91.4897179280507,91.11922343220327,0.0022604516707360744,10.432978369688996,3.961735258245304,0.9977395534515381,118.41669285601436,10.402918676668346,2.6681199472457084,3.9165037611426783,10.432978369688996,16.94945297823531,18.197836792132282,19.6493527652206,98.02734691564532,101.30541433981521,118.41669285601436,135.5279713722135,138.8060387963834,142.61750060330152,118.17260149475422,11.589213664474409,108.01156841884345,26.298376473343406,97.61873225849857,101.08443628311007,118.3871538225902,135.51659536523314,138.79603541488316,142.60874706564422,2,-27.053378062550948,0.0038832665886729956,14.933451499005713,6.925088017890321,0.9961167573928833,112.80719518211518,10.399710219232652,1.360528394170812,3.5426953558206318,14.933451499005713,26.32420764219079,28.506374603840612,31.04361528697056,92.42413770276603,95.70119410876606,112.80719518211518,129.9131962554643,133.19025266146434,137.00053894126788,112.42712804865432,12.040528041450896,107.92021373953094,37.05440490093008,91.69997324805412,95.31611697802005,112.75638228176483,129.89360270462947,133.1729534763024,136.98535958047253,2,-21.307904616451054,0.0009472511592321098,30.486631739556223,6.087245012362803,0.9990527033805847,112.02433156780562,8.86137870318449,18.555850750254052,20.474004702829006,30.486631739556223,40.49925877628344,42.417412728858395,44.64768123283214,94.65634845619377,97.44866066808207,112.02433156780562,126.60000246752917,129.39231467941747,132.63898107502965,111.94708979447554,9.207445488949215,78.48474693788718,6.291735780207497,94.51393188729133,97.37066134257961,112.01380180766091,126.59598319484765,129.38876861032443,132.6359106915035,2,-20.827866362272275,0.0022669651079922915,20.535301560441106,7.043492925609148,0.9977329969406128,115.96234982910939,10.322240755623893,6.730309100884513,8.949786675345857,20.535301560441106,32.12081644553635,34.34029401999769,36.920916353753654,95.73112970833503,98.98377468395512,115.96234982910939,132.94092497426365,136.19356994988374,139.97547266629275,115.74601563939268,11.270181768049389,106.41957402776765,20.596914616947366,95.32439238807717,98.76385384212001,115.93295577446865,132.92963345810327,136.18362849123636,139.96678836008002,2,-24.62679220718941,0.0036655275616794825,21.750336227848628,9.30928128202872,0.996334433555603,110.94106249167851,11.045706403914725,3.50448019311947,6.437931146792229,21.750336227848628,37.06274130890502,39.99619226257778,43.406962947144336,89.2918757562022,92.77249225095827,110.94106249167851,129.10963273239875,132.5902492271548,136.63721810170483,110.61412711262224,12.285392889524864,121.87806746849037,29.052335232587048,88.56897941004807,92.38720805468131,110.89013137291943,129.08999367698436,132.5729698885999,136.6221108558506,2,-19.49490368041897
135,244,set,0.385,91.4897179280507,89.5306445490162,89.6673609909319,91.2254774513426,90.1411609970969,0.9317060708999634,91.49741529100291,6.641576864661391,0.06829400360584259,127.97734720832409,16.343865713248316,78.48016383571212,80.57299349648763,91.49741529100291,102.42183708551818,104.51466674629368,106.94803351038676,95.94395904219834,101.09408041147978,127.97734720832409,154.8606140051684,160.01073537444984,165.9988644639483,93.98878270999401,12.00075072179704,59.34088811022007,84.67778795268259,78.67210043993121,80.79360675385655,92.09120519761349,117.88019404954007,133.57173176835363,145.1691930822778,2,-3.8476217128971086,0.9077869057655334,88.1871900033365,7.62870060691474,0.09221316874027252,118.39355244844094,15.278545339355029,73.23521156494475,75.63909414112588,88.1871900033365,100.7352858655471,103.13916844172824,105.93420144192667,88.44815384714278,93.2625817324603,118.39355244844094,143.52452316442157,148.3389510497391,153.93676391708613,90.97262097097442,12.27740031865747,74.35622478558238,76.37895041036201,73.53303706050818,75.98126723092153,89.10697153262787,116.80680164614249,127.70519186942744,137.26013401470178,2,-0.8314599738775144,0.09317312389612198,76.54229508370534,16.23636146592145,0.9068268537521362,99.0511983824938,8.333478722811778,44.71961137052533,49.835857037989314,76.54229508370534,103.24873312942137,108.36497879688534,114.31372006211033,82.71788021985185,85.34384568015392,99.0511983824938,112.75855108483367,115.38451654513572,118.43776889267156,96.95397133270313,11.416944409349142,87.53853062309975,42.807878915073935,66.48734826444917,76.62351385425805,98.17259528952926,112.4640147408702,115.15225457233764,118.28301756132548,2,-6.81281033560623,0.9335582256317139,87.97806333764441,6.742827466920096,0.06644180417060852,111.0191466180759,15.362673192502134,74.76236434851359,76.88709912277288,87.97806333764441,99.06902755251593,101.19376232677524,103.66422568033816,80.90886045451273,85.7497978977186,111.0191466180759,136.2884953384332,141.12943278163905,146.75806873903744,89.50895710279212,9.542298879586726,58.125943977986,32.92976270121288,74.88848123887354,77.05333546624732,88.49426162218003,104.68972167439998,115.87290812214964,126.90811671450629,2,0.6322038943047801,0.8213990926742554,88.66921734307044,7.946797518124854,0.17860087752342224,106.48635978787165,13.662002785507818,73.09378041511344,75.59789862273381,88.66921734307044,101.74053606340706,104.24465427102744,107.15623285479323,79.70932637159042,84.01436495470799,106.48635978787165,128.9583546210353,133.26339320415286,138.26893092307782,91.85137197612315,11.479531610927735,85.20857034108151,46.57082423271214,73.56813051480694,76.17767934619955,90.33350107620842,114.55617359327687,121.25295355101537,128.20029136388243,2,-1.7102109790262432
136,246,set,0.952,22.5047468137217,92.29000102441901,92.5166090442387,92.4616053183915,92.42273846234974,0.005500476341694593,24.61910466386042,5.371347399656874,0.9944994449615479,114.49532537060949,9.492873373705102,14.091457212080073,15.784024411918448,24.61910466386042,33.45418491580239,35.146752115640766,37.11472726778699,95.88963544834826,98.88093817167959,114.49532537060949,130.1097125695394,133.10101529287073,136.57905116206726,114.00095433452023,11.57435441295613,89.77766061921042,44.18699669732163,94.92165410422658,98.3755439564759,114.42952147086322,130.08436651894434,133.0786219307144,136.55948977041132,2,-21.57821587217049,0.011808134615421295,25.462899471122398,8.586850133163383,0.9881919026374817,108.706669958009,9.505619394478078,8.632982469479199,11.33878788549987,25.462899471122398,39.58701105674492,42.292816472765594,45.43890002311434,90.07599829408653,93.07131742058147,108.706669958009,124.34202249543652,127.33734162193147,130.82004742779446,107.72372035984364,13.077410173386358,90.16051912121954,80.85857001935454,87.64319060519546,91.91403986881978,108.56430607017711,124.28722678439473,127.28902793450801,130.77773160674178,2,-15.300981897493898,0.0054788533598184586,29.842937110293597,8.019689939182628,0.9945211410522461,105.13696642054421,9.029235153069129,14.124633662317427,16.651721026802814,29.842937110293597,43.03415319378438,45.561240558269766,48.49952575077782,87.43999071258571,90.28519623042072,105.13696642054421,119.9887366106677,122.83394212850271,126.1421084231014,104.72444088758489,10.598270453986613,81.4327868286392,30.890488503152227,86.52331471976241,89.80650361593582,105.07462290662953,119.9647355688995,122.81278472066649,126.12357127910408,2,-12.301702425235149,0.006167544983327389,31.203048659997627,8.109382685791003,0.9938324689865112,109.62561552327088,9.911990388628187,15.308950658994565,17.86430113693682,31.203048659997627,44.54179618305843,47.097146661000686,50.06829383087113,90.19847134645246,93.32184218222767,109.62561552327088,125.92938886431409,129.0527597000893,132.68435329136932,109.1419423458858,11.650927166082223,98.04719926439623,37.697070973164145,89.04875825310661,92.72638796062016,109.54852046611181,125.89969878865337,129.02654578634053,132.66133271796204,2,-16.719203883536053,0.013518298044800758,31.301542883813603,10.994329238481434,0.9864816665649414,104.93192149993281,10.690211103659422,9.753053542214307,13.21748055999879,31.301542883813603,49.38560520762841,52.85003222541289,56.878177334259945,83.97949274963015,87.3480889932017,104.93192149993281,122.51575400666391,125.88435025023546,129.8010713739787,103.93656038308083,13.662647854034162,114.36975800230775,72.29780606685308,80.67750633593324,85.83017028314696,104.7483095575266,122.44512830877854,125.82206930142712,129.74645631397556,2,-11.51382192073109
137,247,set,0.229,92.4616053183915,92.61017137512209,92.3230605463863,92.42058761009599,92.45127317720146,0.9983378648757935,93.55089939463565,5.423421205784188,0.001662086695432663,134.2111694015534,23.306583304737135,82.92118915830784,84.630165353816,93.55089939463565,102.4716334354553,104.18060963096345,106.16766378673971,88.5311055215861,95.87525132090988,134.2111694015534,172.5470874821969,179.8912332815207,188.4303899236844,93.61847575789149,5.745534200284093,30.26744858430382,2.7432902122631906,82.92260138817997,84.63300227194674,93.56129846627816,102.54826186431563,104.31953360271267,106.48413093410417,2,-1.1672025806900308,0.9965988993644714,90.54630969055066,6.101673809721146,0.003401061985641718,123.0488876721266,20.8590482170222,78.58724877808591,80.50994939415602,90.54630969055066,100.58266998694529,102.50537060301541,104.74092558588612,82.16590441497866,88.73880655760198,123.0488876721266,157.3589687866512,163.93187092927454,171.57429014631157,90.65684947335453,6.493430530766196,38.58360056836431,3.5807218390757685,78.59026464876571,80.51564630183361,90.5692904855124,100.74950258302185,102.80812731825223,105.4472997565072,2,1.794423703846931,0.29918745160102844,87.05417577380081,14.771558299954556,0.7008125185966492,95.16756542984665,7.932561488895532,58.10245351035616,62.75712452839542,87.05417577380081,111.35122701920618,116.00589803724544,121.41795902117042,79.62003060646197,82.11966289382126,95.16756542984665,108.21546796587204,110.71510025323131,113.62146298523702,92.74013821859369,11.098823832281793,109.38138359506036,13.802250543140602,66.61103789088367,72.49333743609779,93.68780320377248,108.90483725191778,112.091392021023,116.22809876502109,2,-0.2888650413922278,0.9979173541069031,90.8051911137574,5.950363862583773,0.0020826836116611958,111.8795976892974,19.39051042580837,79.14269224818456,81.01771353270551,90.8051911137574,100.59266869480929,102.46768997933025,104.64780743524861,73.87489561286455,79.98504628696615,111.8795976892974,143.77414909162863,149.88429976573022,156.98867039494345,90.84908585999919,6.085959920392557,36.11616236479891,0.9230571001217407,79.13808720498537,81.01692708664639,90.81643846663121,100.67424333240865,102.61111609232456,104.95959263592651,2,1.6021873172022651,0.993263304233551,91.730216078163,6.2097741976320675,0.006736759562045336,107.03434812810954,16.76237423945097,79.55928229867803,81.51604646663822,91.730216078163,101.94438568968778,103.90114985764797,106.17631108109802,74.18069832340365,79.46269606403068,107.03434812810954,134.6060001921884,139.88799793281544,146.02946180393326,91.83332218807311,6.462281944430993,40.19439564127209,1.5672302992153484,79.54072652749844,81.51026254888814,91.763878278506,102.18217877483848,104.31617523577714,107.09159813314247,2,0.6179509891283459
138,248,set,0.893,92.42058761009599,96.0999747257066,96.2905046007603,95.8358370445761,96.07543879034768,0.003814111463725567,84.90791806353323,9.823011089899461,0.996185839176178,115.39396236757412,9.281309323093408,65.65517010759274,68.75050264472756,84.90791806353323,101.0653334823389,104.16066601947372,107.75965902920045,97.20293036493521,100.12756706462541,115.39396236757412,130.6603576705228,133.58499437021302,136.98551657966792,115.27767950065332,9.471754678775394,86.18217014392803,3.531310607450566,96.64914097215511,99.81383423786733,115.34951200951065,130.64316706582747,133.5698773692262,136.97228369853661,2,-19.202240710305645,0.003022628603503108,80.6958445774362,11.866292888853211,0.9969773292541504,108.42551386879049,8.838276026027787,57.43833788528015,61.17752968073753,80.6958445774362,100.21415947413487,103.95335126959225,108.30096981216582,91.10281117235223,93.88784349138044,108.42551386879049,122.96318424620054,125.74821656522874,128.98641851212636,108.34169280791919,8.978991752744419,78.30461984451429,2.3171783877456567,90.73200330552508,93.67231945337919,108.39258861061576,122.95029640940852,125.73685321471136,128.97645488617104,2,-12.266254017571512,0.002981911413371563,51.91919326672594,17.04331355027528,0.9970180988311768,107.88177603149714,9.547521423263557,18.514912530962903,23.885437158284464,51.91919326672594,79.9529493751674,85.32347400248898,91.56786951102029,89.16897790027596,92.17750079004519,107.88177603149714,123.58605127294908,126.59457416271832,130.0926321968657,107.71490167242919,10.05287693488721,91.74951897013894,9.31093456022063,88.67573671416196,91.91102288483498,107.84602422683577,123.57232243884279,126.58247003358177,130.0820352885887,2,-11.639462882081517,0.0034600577782839537,78.4920109372733,8.623174234343637,0.9965399503707886,111.28086948466486,9.88287348304755,61.59090000554602,64.30815152207869,78.4920109372733,92.67587035246792,95.3931218690006,98.55251398482238,91.91079339412573,95.02498919137156,111.28086948466486,127.53674977795815,130.650945575204,134.27187120136713,111.16741904644277,10.064665727801435,97.5905280226785,3.7070688975268284,91.34766000543128,94.71073112004647,111.23786915653326,127.5201747372266,130.6362982387398,134.25901802015048,2,-15.091980256095098,0.0007747196941636503,81.3655670201621,13.455417091879413,0.9992252588272095,106.54866574000755,9.944607304864569,54.99343412311377,59.23337541443941,81.3655670201621,103.49775862588479,107.73769991721042,112.66754796618856,87.05759358207905,90.19124234599295,106.54866574000755,122.90608913402214,126.03973789793604,129.68328180185026,106.52915360895018,9.972464053771706,98.95885789772531,0.4909376566926361,86.97287621774038,90.13917105990043,106.53959553228846,122.90248555455109,126.03654622069553,129.68052625949335,2,-10.453714818602506
139,249,set,0.17,95.8358370445761,95.5702245231285,96.2454644324886,95.98909563873539,95.9349281981175,0.999666690826416,96.87528662271312,4.874958491307086,0.0003333505883347243,138.10042624431338,28.244512489521824,87.32054355362351,88.85669346704879,96.87528662271312,104.89387977837745,106.43002969180273,108.2161359450027,82.74219900395886,91.64233743444723,138.10042624431338,184.5585150541795,193.4586534846679,203.80698782763244,96.88903305932601,4.958748443170924,24.023230386508676,0.5663445164825883,87.3196756476188,88.85642936211643,96.87702917218328,104.90740477435564,106.4540841563065,108.26871286606772,2,-0.9541048612085063,0.9991083741188049,94.35036713632893,5.4563396223504785,0.000891643576323986,125.73555676894867,24.591247741168186,83.6561379891031,85.37548711862671,94.35036713632893,103.32524715403113,105.04459628355474,107.04371121682877,77.53759686135706,85.28655373062597,125.73555676894867,166.18455980727134,173.93351667654028,182.9433536716269,94.37835320859847,5.582262542675558,30.28430005113047,0.8775126595830671,83.65418180439654,85.37512601290756,94.35523732501785,103.36205319010325,105.11008710388373,107.18825596294629,2,1.556574989519035,0.3707292377948761,94.78192764268371,14.397667706533086,0.6292707920074463,95.37989300689108,7.736256304809851,66.56301747650346,71.09987169595067,94.78192764268371,118.46398358941674,123.00083780886396,128.27591130292342,80.21710927429285,82.6548837648984,95.37989300689108,108.10490224888376,110.54267673948931,113.37711641462053,95.15821260573307,10.704872928185207,114.51115882867474,0.08341544249307101,72.90474438717939,77.61116401752506,95.23612582244586,112.36491606505462,116.84188437287317,122.61495608233427,2,0.7767155923844342,0.9995597004890442,94.50355674422615,5.537802679066335,0.00044029849232174456,113.32599527198448,22.121038731031913,83.6496629397667,85.3946819222223,94.50355674422615,103.61243156622999,105.35745054868559,107.38641223352978,69.9695560585463,76.94012448331264,113.32599527198448,149.71186606065632,156.68243448542265,164.78722669549566,94.5118441392672,5.57002179221577,30.869211553685034,0.15592211313661195,83.64681868136235,85.39317769044023,94.50540648686912,103.62734243476831,105.3835625041492,107.44187611468504,2,1.423084058850307,0.9981385469436646,95.64361215552792,5.466954903590578,0.0018614428117871284,108.46367509826084,18.628325823887423,84.92857743938575,86.65127155397681,95.64361215552792,104.63595275707901,106.35864687167009,108.361651072973,71.95282739116405,77.82280580280582,108.46367509826084,139.10454439371583,144.97452280535762,151.79964127560143,95.66747498971371,5.548276230275406,30.477909250550965,0.305366116055887,84.91488494137009,86.64411021749353,95.65010947173222,104.6889784034774,106.45064281276517,108.55641181607879,2,0.2674532084037935
140,252,set,1.493,46.939982538326504,125.21159193889999,125.0995479652,122.5669840824,124.2927079955,0.00023365634842775762,34.85123420825422,5.051527923421951,0.9997662901878357,119.03302950312272,11.496342036944077,24.950421411448787,26.542210181766983,34.85123420825422,43.160258234741455,44.75204700505965,46.60284545356482,96.50061315675848,100.12322960698057,119.03302950312272,137.94282939926487,141.56544584948696,145.7775203600139,119.0133535282795,11.567071700683373,132.14095419472656,1.6554362641254425,96.45561377815041,100.09841960036981,119.02966282303261,137.94158250249518,141.56431235169507,145.77660145234952,2,5.2793544672205,0.00012899284774903208,37.73616223874008,7.732252764592892,0.999871015548706,112.75253684244308,10.624309785814642,22.581225300777742,25.017738234393907,37.73616223874008,50.45458624308625,52.89109917670241,55.724072019197166,91.92927230164992,95.27710235738984,112.75253684244308,130.2279713274963,133.57580138323624,137.46837732582426,112.74286121337676,10.658086725226022,112.86911137131138,0.7258079980719184,91.90629075773947,95.26440794290743,112.7508189104425,130.22734249390956,133.57527906011018,137.46793886132332,2,11.54984678212324,0.000168783706612885,31.955094069936628,6.906967813762366,0.9998311996459961,114.65329919534584,11.011742854805505,18.417685912585032,20.594143010232514,31.955094069936628,43.316045129640735,45.49250222728822,48.02310395955122,93.07067979291077,96.54059402156204,114.65329919534584,132.76600436912963,136.2359185977809,140.27044377510703,114.63933917707624,11.063471372955002,121.24606425589563,1.1541157813212433,93.0395165447551,96.52340051949402,114.6509696309062,132.7651452090741,136.2351490577002,140.2698009380917,2,9.653368818423758,7.197314698714763e-05,35.09992841894866,7.146697277445971,0.9999279975891113,121.5923618735788,10.212941912476676,21.092659146744094,23.344657481417435,35.09992841894866,46.85519935647987,49.10719769115322,51.725632436748555,101.57536354892488,104.79356732699682,121.5923618735788,138.39115642016077,141.6093601982327,145.3512175793715,121.58613318268559,10.23910001585627,104.30034840379346,0.5383881171623451,101.56301316149322,104.78677583846,121.59144093127316,138.39085715218977,141.6090858771374,145.35099229699702,2,2.7065748128144094,2.406992280157283e-05,43.6419218886942,10.30420287240513,0.9999759197235107,113.24287036191434,10.878685511258368,23.446055369385967,26.693016421174836,43.6419218886942,60.59082735621355,63.837788408002424,67.6130823345994,91.92103856071023,95.34902504225659,113.24287036191434,131.1367156815721,134.56470216311845,138.55047727338913,113.24119389997635,10.88403583307142,118.34550431580382,0.11659892855776696,91.91665196852196,95.34655803005394,113.242542341686,131.1366376684691,134.56466855849933,138.55045219386477,2,11.051514095523643
141,256,set,1.076,12.0716874746344,114.06921742920001,111.5094973754,112.0421063198,112.54027370813333,0.0034163277596235275,13.478566630581106,4.3335657709142845,0.9965837001800537,117.09960770151383,10.104270080254459,4.984933794953552,6.35048525465999,13.478566630581106,20.60664800650222,21.972199466208657,23.55994814876371,97.29560225414944,100.47956241231003,117.09960770151383,133.71965299071763,136.9036131488782,140.60565492144826,116.74560753414735,11.762999020811016,101.81164029846151,36.556886469997494,96.6823025868026,100.151810457185,117.05619497181117,133.70293395114217,136.88885561940847,140.5927470178279,2,-4.2053338260140265,0.00663332175463438,16.715529053098393,7.392915000788931,0.9933666586875916,111.44068180970645,10.157566008879462,2.2256819107861805,4.555266000306769,16.715529053098393,28.875792105890014,31.2053761954106,33.914021148148365,91.53221826171443,94.73297251900206,111.44068180970645,128.14839110041083,131.34914535769846,135.0707138998927,110.81233721368329,12.727118583683472,102.85429010038537,59.125017185531696,90.25193798078564,94.0737471955143,111.3556706082828,128.11563623017344,131.3202188659836,135.04538901574486,2,1.7279364944500344,0.0018963124603033066,29.768683650203876,6.5430305042695895,0.9981036186218262,109.5006578711805,8.85174441277891,16.94457951208853,19.006356194001917,29.768683650203876,40.53101110640583,42.59278778831922,44.99004875359581,92.15155762178017,94.94083396897366,109.5006578711805,124.06048177338731,126.8497581205808,130.0928946674016,109.3494535884285,9.503638916419105,78.28597476339168,12.032353818423669,91.8618016194667,94.7835946903739,109.47958087421347,124.05239661270876,126.84263029521003,130.08667000102437,2,3.1908201197048243,0.003698734799399972,22.880904154366206,7.3859890682957134,0.9963012933731079,113.53275246750704,10.201093189613875,8.404631590300054,10.732033246756073,22.880904154366206,35.02977506197634,37.357176718432356,40.063284121084834,93.53897721292701,96.75344733570068,113.53275246750704,130.3120575993134,133.52652772208705,137.26404392205777,113.19745852002366,11.582819331033427,103.87918280362996,30.282881844799743,92.86485752459551,96.39431139209421,113.48528722175136,130.2937563311326,133.51037464641144,137.24992095757904,2,-0.6571848118903318,0.007146252319216728,23.449126974083093,9.794139089023666,0.9928537011146545,108.87183588617827,11.009069483279548,4.2529671000207685,7.33920177063532,23.449126974083093,39.55905217753086,42.64528684814542,46.233701621893594,87.29445619565138,90.76352801724514,108.87183588617827,126.98014375511141,130.44921557670517,134.48276127377355,108.26137858476152,13.145088998194497,121.01898764414574,51.77383134678245,85.78211122908394,89.99001545318654,108.77252242198638,126.94189216027054,130.41549463627695,134.45317612822328,2,4.278895123371811
142,259,set,0.229,14.3663278559793,14.1472631058477,13.7781641174996,13.7476508701576,13.8910260311683,0.9995891451835632,19.930056283831,7.278113004862337,0.0004108469875063747,109.27947256430718,15.645494908116596,5.665216918888225,7.9586257104205025,19.930056283831,31.901486857241494,34.19489564877377,36.86147899972149,78.61486602409384,83.5449235192408,109.27947256430718,135.01402160937357,139.9440791045205,145.67633638212104,19.966765066314263,7.50521892419892,53.049733296630535,3.2785746823500337,5.666466485467063,7.959950502264101,19.933805659593972,31.92924537636568,34.24521328857962,36.97470244575351,2,-6.075739035145963,0.9997743964195251,9.821328526343876,7.956953860296217,0.0002255948056699708,105.81466781739337,16.408155599295696,-5.774014466483665,-3.2666958902498795,9.821328526343876,22.909352942937627,25.416671519171416,28.33197122308504,73.65527379004457,78.82565356830773,105.81466781739337,132.803682066479,137.97406184474215,143.98574571274622,9.84298403888661,8.089369105920913,63.35956741088132,2.078324270805284,-5.773401600703521,-3.265903437711822,9.823578937519809,22.926050724196028,25.44674538211679,28.399509315190205,2,4.048041992281689,0.9950070381164551,20.42840511582709,6.390469279312523,0.004992887377738953,59.86233367846002,8.632108111013522,7.9033154840649065,9.917018543827922,20.42840511582709,30.939791687826254,32.95349474758927,35.29485973787908,42.94371267021744,45.6637793438222,59.86233367846002,74.06088801309784,76.7809546867026,79.94362003100703,20.62529275796733,6.9808030051232555,41.00623101238751,7.725347888979196,7.916948860112377,9.932490616325902,20.46859596310298,31.246997130088932,33.53793533489762,36.86655794121182,2,-6.73426672679903,0.9988184571266174,23.92679679369057,9.214005805762085,0.0011815130710601807,88.08333806034737,14.08168712869674,5.86767726105392,8.771105925330877,23.92679679369057,39.082487662050255,41.985916326327214,45.36177961132516,60.483738446540514,64.92102391311467,88.08333806034737,111.24565220758006,115.68293767415423,120.84224097509932,24.002597872717025,9.480998438284939,85.03187932577713,4.857434891130171,5.872266975073444,8.776326641742104,23.94045744054752,39.1838380764886,42.171301029486955,45.788505035097785,2,-10.111571841548725,0.9999336004257202,21.5793502113996,9.51192723414479,6.643312372034416e-05,85.23754401807547,20.37730625644011,2.936315408910115,5.93362220101805,21.5793502113996,37.225078221781146,40.22238501388908,43.70740191058351,45.29875765351013,51.719857914669014,85.23754401807547,118.7552301214819,125.1763303826408,132.64224710642404,21.5835799480397,9.527198707690964,90.49833742157551,0.2691934232907129,2.9364828662762283,5.933792380492698,21.580140402260714,37.23097871531615,40.2329067539066,43.730546543663,2,-7.692553916871399
143,261,set,0.053,13.8326725235124,13.9332061603163,14.084780802781799,14.0782451974178,14.032077386838631,0.999996542930603,18.62634004498299,7.148937778191102,3.4111646982637467e-06,111.19907817332361,21.193743081547826,4.614679472010632,6.8673838116749515,18.62634004498299,30.385296278291023,32.63800061795534,35.25725624692811,69.66010503589493,76.338472996962,111.19907817332361,146.05968334968523,152.7380513107523,160.50309733405018,18.626654970802786,7.1510779194121135,51.10866688396213,0.029232598801695604,4.614469446454248,6.867203639924694,18.626370944616855,30.385714779757848,32.63856583879324,35.25844810853498,2,-4.5945775839641545,0.9999967813491821,6.108556736766829,6.8939240657011505,3.241549848098657e-06,108.33139637331314,21.932213773561333,-7.40328614416137,-5.230939266629752,6.108556736766829,17.448052740163405,19.620399617695025,22.14622233080969,65.3450472758996,72.25611500079573,108.33139637331314,144.40667774583054,151.31774547072666,159.35335525844678,6.108888237077151,6.896482215594493,47.52759531024061,0.03387249432833844,-7.4033388759184,-5.231107275511446,6.108584428842466,17.448305400038024,19.620986693759214,22.147262881031992,2,7.92318914976148,0.9997230172157288,20.663952677323827,5.646356860989168,0.00027695574681274593,46.42690410333203,8.48659972995134,9.597296585924424,11.37652211546346,20.663952677323827,29.95138323918419,31.73060876872323,33.799342956961894,29.79347428142005,32.467689757036176,46.42690410333203,60.38611844962787,63.060333925244,66.16968734293991,20.671087316075358,5.6635895521865,31.892462228361815,0.18377283433459285,9.5979652947997,11.377238363847196,20.665908636627268,29.965452656674394,31.75574135670809,33.854059555072276,2,-6.639009929236726,0.9999791383743286,21.273506081514896,8.805497212003331,2.089001463900786e-05,84.15365479109913,16.7712305972647,4.015048680020506,6.789752055240134,21.273506081514896,35.75726010778965,38.53196348300928,41.7581558005314,51.28264684404413,56.56743531474877,84.15365479109913,111.73987426744948,117.02466273815412,123.16937143609456,21.274820252674818,8.810426899799143,77.54103942894325,0.08259557711825542,4.015008727368138,6.789801391562008,21.273736238701936,35.758959793540505,38.53512564207635,41.765078448860386,2,-7.2427428658361865,0.9999990463256836,19.791301647360307,8.185390953261631,9.503613114247855e-07,81.57905463601854,25.97683761226664,3.748230179587523,6.327531649872139,19.791301647360307,33.25507164484847,35.83437311513309,38.83336848967363,30.66538848373046,38.850959072752325,81.57905463601854,124.30715019928473,132.4927207883066,142.01021558961918,19.791360302481586,8.185647926389025,67.00120246106131,0.003628216038474961,3.7479599579878347,6.32745745519434,19.791311023769847,33.25538712822279,35.83469436284859,38.83397744145644,2,-5.759282915642954
144,265,set,1.226,12.7443652382145,113.8533448234,114.0776627038,114.0961061166,114.00903788126668,0.00133539701346308,11.686039809081862,3.852371587382099,0.9986646175384521,119.19895552768685,10.601344996180833,4.135530242747548,5.349452431211613,11.686039809081862,18.022627186952107,19.236549375416175,20.64799626140355,98.4207011474885,101.76129476015495,119.19895552768685,136.63661629521874,139.9772099078852,143.86137192152563,119.05538483570062,11.299262068129929,112.2582523909911,15.41527715482399,98.1788304338212,101.62934101829009,119.18118840181134,136.62980351544064,139.97119129350224,143.85607732605231,2,-5.046346954433943,0.0019223610870540142,16.943031117736922,6.77330952757814,0.9980776309967041,113.53142161280846,10.4511120809387,3.667588387541757,5.801928374835052,16.943031117736922,28.084133860638786,30.21847384793208,32.7001053374389,93.04761833577714,96.34087200080009,113.53142161280846,130.72197122481683,134.01522488983977,137.84434398366275,113.34574295071735,11.269601007764644,109.10396509168915,17.89984008052099,92.70064115336032,96.15262422495849,113.50619300765051,130.71228314985908,134.00663188490495,137.8368369788894,2,0.663294930549327,0.0005031273467466235,31.430232417120614,6.024512363514275,0.9994968175888062,113.94974354495028,9.028355005348368,19.622405160216353,21.520791405380166,31.430232417120614,41.339673428861055,43.23805967402487,45.44534394611481,96.25449289482555,99.09942106899753,113.94974354495028,128.80006602090302,131.64499419507501,134.95283801772842,113.90821944768206,9.214850034142035,81.48843998428606,3.424306701696619,96.17804446760533,99.05737902691502,113.94404821310134,128.79790423622688,131.6431219570746,134.95122517543518,2,0.10081843358462095,0.0011581438593566418,21.221627444543117,6.866505028872566,0.9988419413566589,118.00146070199749,10.356690684104914,7.763524888289721,9.92723174332155,21.221627444543117,32.51602314576468,34.67973000079651,37.19550682055155,97.70271996213036,100.966220467033,118.00146070199749,135.03670093696198,138.3002014418646,142.09472605706353,117.88938578801512,10.863942647730985,107.191432548477,10.835001628995586,97.49840733345015,100.85457919151693,117.9864092133551,135.0309061170442,138.29509419607965,142.09022164703478,2,-3.8803479067484403,0.001454997225664556,23.46420267658616,9.159526514067469,0.9985450506210327,112.30536143163003,10.930341195767753,5.511860593574209,8.398122268764103,23.46420267658616,38.53028308440821,41.41654475959811,44.772447709807736,90.88228634919076,94.32655007195434,112.30536143163003,130.2841727913057,133.7284365140693,137.73313743494538,112.17610316555724,11.44059537655766,119.42060221638381,11.467222431593937,90.60997697980517,94.17814000586506,112.28539942288648,130.27646413939192,133.72170028105478,137.7272300396895,2,1.8329347157094418
145,267,set,0.829,116.46215911520001,120.2092410132,120.2052528733,120.4161485761,120.27688082086667,0.019738713279366493,105.7242657389508,10.096069545683944,0.9802613258361816,122.2385151539959,11.634791400043184,85.9363330439986,89.11770912877826,105.7242657389508,122.33082234912334,125.512198433903,129.21123566272112,99.4347430422749,103.10098632081107,122.2385151539959,141.37604398718074,145.0422872657169,149.30508739239502,121.91254990119491,11.831511766095952,134.70835804471525,5.2768939880287995,98.51392531411688,102.33685554495409,121.97641654597645,141.26384513782537,144.94312476225682,149.21802057036155,2,-1.6356690803282419,0.008840015158057213,100.15964668071192,11.124176066570147,0.991159975528717,113.19686943785877,10.856871156330495,78.35666223255198,81.86200533076723,100.15964668071192,118.45728803065658,121.96263112887185,126.03835002363338,91.91779298665926,95.33890553902373,113.19686943785877,131.0548333366938,134.47594588905827,138.45372857112355,113.08161913683863,10.92762361068956,117.92359097045632,1.4892477140138574,91.58413378486377,95.07659886455383,113.1051854036658,131.01066955172905,134.4364247328478,138.4186289259712,2,7.19526168402804,0.0025090875569730997,70.66606943193842,19.251972567731883,0.9974908828735352,112.68901802891179,9.036597386381056,32.93289656783082,38.999392527934376,70.66606943193842,102.33274633594246,108.39924229604603,115.45285488597408,94.97761260881613,97.82513804262271,112.68901802891179,127.55289801520087,130.40042344900743,133.71128714728238,112.58357543932281,9.316935534697075,82.3851619047333,4.419751057841928,94.62676841055548,97.63008650495945,112.661360100626,127.54235787002722,130.39124099808967,133.703410104397,2,7.693305381543851,0.02238323912024498,97.6656743681227,7.827316264518363,0.9776167869567871,115.10680508407563,11.814851924715297,82.32441639406211,84.7908848211334,97.6656743681227,110.54046391511197,113.00693234218328,115.87473491953028,91.95012082895991,95.67310304381309,115.10680508407563,134.54050712433818,138.26348933919135,142.5922607412444,114.71641908637686,12.02055186327984,137.83758826702834,6.6564220007802195,91.0792508346084,94.81566395430514,114.7774935968092,134.4105781334105,138.14890868080906,142.49179450533552,2,5.560461734489806,0.001447447226382792,100.50176963527683,11.751975214275687,0.9985525012016296,112.38699358921352,11.632302564555328,77.4683214680891,81.17149058023165,100.50176963527683,119.832048690322,123.53521780246456,127.84095219078773,89.58809950541216,93.25355852610777,112.38699358921352,131.52042865231925,135.18588767301486,139.44777593046663,112.36978455874582,11.641276825882914,135.31450659610115,0.2041683428783137,89.54445023139611,93.21786025497262,112.37246439092668,131.51297986979296,135.1791809766409,139.44182578283528,2,7.907096262120845
146,268,set,1.226,120.4161485761,113.0046036945,113.10053699000001,116.0087424188,114.03796103443334,0.0008992691291496158,100.14470269166357,13.002348875983484,0.9991008043289185,116.15370478252242,10.624423663072355,74.66056718031108,78.75774198411372,100.14470269166357,121.5316633992134,125.62883820301604,130.39268935684507,95.3302170464055,98.6780829860488,116.15370478252242,133.62932657899603,136.97719251863936,140.86981018402,116.13931691358037,10.637583549197357,112.92890983029133,0.23026476332961615,95.27605699294791,98.64049956574686,116.14433738444258,133.62519925750385,136.97352666171207,140.86652332931442,2,-2.101355879147036,0.00026141555281355977,91.18878597035726,13.224434224797285,0.9997386336326599,109.3759087653934,9.781369743993086,65.26937117383571,69.43652737131825,91.18878597035726,112.94104456939625,117.10820076687881,121.95342041460736,90.20477634769719,93.28698726543297,109.3759087653934,125.46483026535383,128.54704118308962,132.13077747453912,109.37115974833971,9.786815797629158,95.6959056224211,0.08644619342380597,90.18525534142213,93.2742331728606,109.37324469608663,125.46373516992023,128.54610954489317,132.12993486234387,2,4.66680128609363,0.0012440907303243876,48.64949456265395,15.603406971277861,0.998755931854248,110.99676630689734,11.152100690982675,18.06737886282813,22.984174013147662,48.64949456265395,74.31481511216023,79.23161026247976,84.94844719808023,89.13905060060705,92.65319303720646,110.99676630689734,129.3403395765882,132.85448201318763,136.94043204045428,110.91920315087381,11.373092509129467,124.51752005370673,4.829991027075595,88.90360814101511,92.52426375509152,110.97935663607808,129.33364969534483,132.84856714162916,136.93533175085338,2,3.1187578835595247,0.00032951217144727707,87.1033789812239,9.03121634295031,0.9996705055236816,114.6452811387907,9.635566379672971,69.40252021245175,72.24835002373867,87.1033789812239,101.95840793870913,104.80423774999605,108.11312992064924,95.75991806398667,98.79618483145393,114.6452811387907,130.49437744612746,133.5306442135947,137.0609605013223,114.636207775468,9.64831915099591,92.84042378392722,0.24987119537837174,95.71596483586843,98.76987045713051,114.64130943487288,130.49286656930514,133.52932986665786,137.05980911740122,2,-0.5982467410346572,1.4492886293737683e-05,94.16395418149762,15.691095203747452,0.9999854564666748,110.65628977051625,11.420409230306873,63.40997270416342,68.35439932477276,94.16395418149762,119.97350903822246,124.9179356588318,130.66690015010795,88.27269899040598,91.8713882267759,110.65628977051625,129.44119131425657,133.03988055062652,137.22413450411705,110.65604514455924,11.420682140922978,130.42741843680773,0.003941966423519833,88.27169158764181,91.8707361583748,110.65614387944122,129.441159064996,133.03991518777644,137.22416025478148,2,3.3819158898740938
147,269,set,0.494,116.0087424188,117.2020770083,118.5882730191,117.2874417286,117.692597252,0.8036381602287292,111.09271681461934,6.806847751989876,0.19636188447475433,134.36227217440265,18.570159241468655,97.75154037247175,99.89644860165231,111.09271681461934,122.28898502758636,124.43389325676692,126.92781261138066,97.96542887395043,103.81707839300651,134.36227217440265,164.90746595579876,170.75911547485487,177.56292264639313,115.66197552218745,13.798423473786544,104.95066432384081,85.4464240675611,97.76881749890367,100.16528361434159,112.68493407908711,146.6183195130437,155.51684457893813,164.74188024351724,2,2.0306217298125517,0.6227041482925415,108.25185516682308,7.656555944562034,0.3772958517074585,122.10834384432349,16.825123352481338,93.24528126986543,95.65794135145336,108.25185516682308,120.8457689821928,123.25842906378072,126.06366781092973,89.13170803801624,94.43347867408863,122.10834384432349,149.78320901455834,155.08497965063071,161.24943378584334,113.47985086407535,13.726657531609359,143.311402815579,45.10972417450869,92.11503410018761,95.37710754802112,111.14169374559296,140.86211242260188,147.4172915583066,154.66247331535783,2,4.212746387924653,0.010781616903841496,94.25588056877537,18.994102319693027,0.9892183542251587,112.2355999491518,8.129921066626427,57.02812410350833,63.01336247754091,94.25588056877537,125.49839866000981,131.4836370340424,138.44277011950743,96.30124746141054,98.86306979588214,112.2355999491518,125.60813010242147,128.16995243689306,131.14862453861804,112.04174626240003,8.527655356136213,69.27274481384045,3.4477986313499507,95.46185290685443,98.37941665554565,112.16294643696584,125.60765070817814,128.18833992462802,131.20200564604303,2,5.650850989599974,0.8590471148490906,106.49143075587779,6.3026802037291745,0.14095287024974823,117.58119599639878,17.058081921384034,94.13840455049503,96.1244443632586,106.49143075587779,116.85841714849697,118.84445696126053,121.15365744858245,84.14796978515226,89.5231480791749,117.58119599639878,145.63924391362264,151.01442220764528,157.26422860942503,108.05456341007914,9.488434033019885,75.13880333546881,14.891403080693435,93.08610894786227,95.6005025535259,107.09042101262469,124.52895535891425,133.37174535988785,142.63589645017478,2,9.638033841920858,0.26859721541404724,107.6811270474365,7.622899726847124,0.7314028143882751,115.21516958490353,14.449590247989764,92.74051812505593,95.14257278384463,107.6811270474365,120.21968131102838,122.62173596981708,125.41464362101382,86.8944931074824,91.44770865753495,115.21516958490353,138.98263051227212,143.53584606232465,148.8299431390758,113.19155017220854,13.396585863815497,168.31788334162118,11.151011302060562,88.45908928591226,92.67259727866647,112.2145378421197,136.72049573580577,141.5515100469861,147.099123845623,2,4.501047079791462
148,270,set,1.076,117.2874417286,125.52322788500001,125.540230999,125.5442342554,125.53589771313334,0.0019889844115823507,101.14485508981144,12.00817846390344,0.99801105260849,117.2072614984924,10.394345639983745,77.6092577806312,81.39315919037931,101.14485508981144,120.89655098924356,124.68045239899169,129.08005553041622,96.83471840126332,100.1100843727779,117.2072614984924,134.30443862420688,137.57980459572147,141.38812538011427,117.17531796155433,10.422378120998264,108.11433488386372,0.5121391008317656,96.71597841430847,100.02659949706532,117.18601286564025,134.29502188903942,137.5714176831119,141.38069626386914,2,8.36057975157901,0.0007307978812605143,93.67840076282002,12.786467779692332,0.9992691874504089,109.81015430540295,9.656830556524422,68.61738442514121,72.64653285949494,93.67840076282002,114.71026866614508,118.73941710049883,123.42417289859898,90.88311420980918,93.92608153964794,109.81015430540295,125.69422707115794,128.7371944009967,132.27530154054617,109.79836364336137,9.669328919124172,93.30570582099942,0.19003908850252538,90.83606085059479,93.89469139761096,109.80313785742999,125.6912688515584,128.73458547352726,132.27300025251748,2,15.737534069771968,0.001413737190887332,55.73238284536373,17.322500797748987,0.9985862970352173,111.7240166589882,10.127639614358454,21.780905159609354,27.239404580316528,55.73238284536373,84.22536111041092,89.6838605311181,96.03054574927785,91.87420776644451,95.0655319068533,111.7240166589882,128.38250141112312,131.5738255515319,135.2844295449028,111.64486302776523,10.357304833608302,102.8483006929941,4.425889337157101,91.63416787920221,94.93361924845675,111.70606812898596,128.37561397867054,131.56771032159736,135.27912834370687,2,13.891034685368112,0.001201067352667451,90.26980336068625,8.68527026816109,0.9987989664077759,114.36695963287863,10.096265743850848,73.24698643909397,75.9838050590477,90.26980336068625,104.55580166232481,107.29262028227853,110.47476338449293,94.57864239658547,97.76008030543966,114.36695963287863,130.9738389603176,134.1552768691718,137.85438598183742,114.33802118626723,10.12911173939586,101.90275633145282,0.6965896541683314,94.43978220441173,97.6707743350551,114.35182741322231,130.96797278849277,134.15012341853546,137.84987249359781,2,11.19787652686611,6.772102642571554e-05,95.448585689565,14.493312254875926,0.9999322891235352,110.81895863110674,11.144461996617386,67.04221565331517,71.6092084605921,95.448585689565,119.28796291853789,123.8549557258148,129.16507184150566,88.97621449066132,92.48794989554779,110.81895863110674,129.1499673666657,132.66170277155214,136.74485410426655,110.81791885848268,11.145435031163965,124.20484878336244,0.015997898259808317,88.97227373692981,92.48521551961588,110.81828583191204,129.14972907656752,132.6615089167995,136.74469190608727,2,14.717978854650653
149,271,set,1.493,125.5442342554,121.424444732,121.3117733197,121.35434850850001,121.36352218673335,0.00035253085661679506,97.4941368015821,14.462402125490094,0.9996474981307983,115.72507352851966,11.810351715012889,69.14834950568599,73.70560221103904,97.4941368015821,121.28267139212517,125.83992409747822,131.13871523973972,92.57720952234354,96.29877367450817,115.72507352851966,135.15137338253115,138.87293753469578,143.20006013241448,115.71864991534913,11.816332553817313,139.50897485091804,0.1171283363353349,92.5528241603882,96.28191984199829,115.72093657448862,135.149561260326,138.87135168249657,143.19867663090133,2,5.644872271384216,6.534644489875063e-05,85.62209242520677,13.227672180558773,0.9999346733093262,109.71187960401147,10.636749161200884,59.69633135200917,63.86450786288958,85.62209242520677,107.37967698752396,111.54785349840438,116.39425948095885,88.86423433547111,92.21598416723717,109.71187960401147,127.20777504078578,130.55952487255183,134.45665840187684,109.7103075893341,10.638710299784394,113.14447538141062,0.037919230124250865,88.85740863250257,92.21166047325613,109.71106791191885,127.20749496361876,130.55928627212353,134.4564660746961,2,11.653214597399241,0.0014619644498452544,36.238344272142385,11.974116815710767,0.9985380172729492,108.6248155339707,14.09090981455637,12.76950656667384,16.542674798279908,36.238344272142385,55.93401374600485,59.70718197761092,64.09430546988781,81.00713978803824,85.44733141845155,108.6248155339707,131.80229964948984,136.24249127990316,141.40517362436515,108.5189871009781,14.356966673710922,198.47307295768238,7.649203873219173,80.65444547177717,85.2551569166909,108.5989592136536,131.79237289791777,136.2337205215463,141.39754305760374,2,12.844535085755254,4.991914829588495e-05,80.11740298885849,9.501685827033931,0.9999500513076782,115.53895692896143,9.238312426215696,61.4944409754573,64.48852059410832,80.11740298885849,95.74628538360865,98.74036500225967,102.22162961238286,97.43219729564981,100.34328522778968,115.53895692896143,130.73462863013316,133.64571656227304,137.0304854014134,115.53718530167149,9.241736009931905,85.34666034469511,0.06262975406775993,97.4247424701821,100.33907569963088,115.53837937441158,130.7344346949846,133.64554958384724,137.0303410257599,2,5.826336885061863,1.3722769836022053e-06,91.20344183622346,17.074194867342896,0.9999985694885254,110.4204815261404,12.330783130899304,57.73863483121273,63.11889048139828,91.20344183622346,119.28799319104863,124.66824884123419,130.92395876682565,86.25259068840371,90.13814817012864,110.4204815261404,130.70281488215215,134.58837236387708,139.10617264796667,110.42044872475861,12.33083987326068,152.04839517190135,0.0005067738454829999,86.2524142736072,90.13800482389881,110.42046673109519,130.70288703575136,134.58842891783212,139.10629847954615,2,10.943073461974734
150,272,set,0.829,121.35434850850001,115.7786368038,115.7921503111,115.8526780273,115.80782171406666,0.025964856147766113,109.70700895021771,10.110629370489416,0.9740351438522339,123.83358155465051,12.322830931071513,89.89053952302558,93.0765035594061,109.70700895021771,126.3375143410293,129.52347837740984,133.22785009147066,99.68127674217416,103.56432840336774,123.83358155465051,144.10283470593328,147.98588636712685,152.50077309331343,123.46678712911543,12.47439799954502,150.56359551843443,5.047009932618799,98.97252623888166,102.89717152133652,123.49294702604212,143.94637948205107,147.84739758010693,152.3791301088068,2,-7.658965415048769,0.01009807176887989,103.85342154847814,10.951319307459768,0.9899019002914429,114.27975434974297,11.420248704533952,82.38923012265886,85.84010426569924,103.85342154847814,121.86673883125702,125.31761297429742,129.32999993732957,91.89647819436621,95.49511684740244,114.27975434974297,133.0643918520835,136.66303050511974,140.8472256445532,114.17446529989012,11.46312198391455,130.31614113034098,1.0866602714799187,91.6769052738226,95.3032689332941,114.18419157686796,133.01252326150168,136.61620154862402,140.80535461398856,2,1.6333564141765464,0.0022567787673324347,74.46210607713124,19.46979780949508,0.9977432489395142,114.10775029805029,8.951232661573364,36.302003584244034,42.43713853417142,74.46210607713124,106.48707362009105,112.62220857001843,119.75562881925514,96.56365666412788,99.38428278897486,114.10775029805029,128.8312178071257,131.6518439319727,134.93143137034642,114.01828201152125,9.183573203585516,80.79922891998277,3.5391480593118025,96.2615615348808,99.21510766475095,114.0834363762993,128.8219610262853,131.64385156257737,134.92471163646812,2,1.7895397025454116,0.030368732288479805,101.40829023131157,7.673211522513977,0.9696313142776489,116.105654067828,12.309538848267573,86.36907200142642,88.78698042813862,101.40829023131157,114.02960003448452,116.44750846119672,119.25884954377764,91.97940125892688,95.85826444715502,116.105654067828,136.35304368850097,140.2319068767291,144.7419235979184,115.65931916672127,12.452765881536433,148.71119478293505,6.360806236163966,91.47936080950033,95.23271731634385,115.65298853620138,136.1684673996427,140.06914423985333,144.59920114126226,2,0.14850254734538737,0.0014687335351482034,104.2956247763761,11.432747762579357,0.9985312223434448,113.86329287014885,12.125039854574945,81.88785091738967,85.49042815307611,104.2956247763761,123.10082139967608,126.70339863536253,130.89217322829776,90.09865144406918,93.91937708842009,113.86329287014885,133.8072086518776,137.62793429622852,142.07035355849973,113.84923549135767,12.129610640493222,146.9926316040564,0.1342507997443186,90.07362067910942,93.89656732066571,113.84995638781882,133.79946263340653,137.62090783336564,142.06405352445012,2,1.9585862227089876
151,276,set,0.299,13.397049701714701,14.604900206907601,14.5643893107869,14.406338558464299,14.5252093587196,0.9977474808692932,19.159806976839697,7.223673501607164,0.00225251168012619,108.75074457278953,14.165594087404187,5.0016670776133125,7.277921417807908,19.159806976839697,31.041692535871483,33.317946876066074,35.96458447006868,80.98669034186378,85.45041576020041,108.75074457278953,132.05107338537863,136.51479880371528,141.70484426254777,19.361611467456346,8.399706021664999,52.51591725305765,18.03914120432358,5.008500800715299,7.285743711953763,19.180246361057694,31.1946369242463,33.60078234399159,36.639637809670425,2,-4.8364021087367455,0.9989610910415649,9.994970764129448,8.300468038226438,0.0010388942901045084,105.00193817722953,14.898159626198439,-6.273647645620208,-3.6580841939420843,9.994970764129448,23.648025722200977,26.2635891738791,29.30474693840147,75.80208187395188,80.49664628117503,105.00193817722953,129.50723007328403,134.20179448050717,139.66024015075737,10.093672813485528,8.855757154454235,69.05677909214987,9.36765419207527,-6.2700679955111935,-3.65394247452955,10.005790016822875,23.728291468691054,26.41023727634293,29.64093336605559,2,4.4315365452340725,0.9856568574905396,20.132521815954426,6.539730121818632,0.014343197457492352,64.77437293730434,8.667906730390111,7.3148863085781635,9.375623005797252,20.132521815954426,30.889420626111594,32.950157323330686,35.34620908164805,47.78558792438737,50.51693511374508,64.77437293730434,79.03181076086358,81.76315795022128,84.93893933193166,20.772829807698376,8.450251559577415,43.232283361348856,28.1744917694421,7.3552905062410385,9.42144213209294,20.251800738545274,31.88372907478291,35.15267200766134,60.298604433689206,2,-6.247620448978775,0.9950909614562988,23.86870567210522,9.316179774218876,0.0049090334214270115,89.60511552756493,13.281702137290724,5.609328841135728,8.54495358114935,23.86870567210522,39.192457763061086,42.12808250307471,45.541380684041584,63.57345768508645,67.75865959495316,89.60511552756493,111.4515714601767,115.63677337004341,120.50297505829491,24.191407782828243,10.408663120312784,87.23111543740863,21.109149517072026,5.628931874632303,8.567150127735653,23.926307197507466,39.6326107096378,42.965237767907794,47.78913195532007,2,-9.666198424108643,0.9997003078460693,21.25463812912846,9.952628105450017,0.00029973892378620803,86.79684609973229,18.82710475129427,1.747845490925311,4.884021692179832,21.25463812912846,37.625254566077075,40.7614307673316,44.40791336336123,49.89639885403258,55.8290145645706,86.79684609973229,117.76467763489397,123.697293345432,130.59524121224993,21.274284674084495,10.020906712673712,99.13136567811793,1.2872268338027808,1.7489998800247974,4.885462775872886,21.258375677029328,37.65277813863471,40.811198137712694,44.51889562866607,2,-6.749075315364895
152,278,set,0.053,16.9535604680946,15.873754128565,15.8412930550504,15.8802628183496,15.865103333988335,0.9999959468841553,21.730414567824553,7.084175232923456,4.048175924253883e-06,111.97215108750015,21.143679620623697,7.845686251123928,10.077983241990612,21.730414567824553,33.38284589365849,35.61514288452518,38.21067056026881,70.53130053042418,77.19389297641732,111.97215108750015,146.75040919858296,153.41300164457613,161.15970522233874,21.730779774903176,7.08661512207492,50.18714508101236,0.03296647464586591,7.845627420579833,10.07792380760297,21.73045072236221,33.38323977900138,35.61578883686934,38.21199024373949,2,-5.865676440914841,0.9999960660934448,9.48467442417953,6.846057887044829,3.8997482079139445e-06,108.9048877312182,21.79519610827456,-3.933352470504719,-1.776088721645893,9.48467442417953,20.74543757000495,22.902701318863777,25.4109866352668,66.1870883230125,73.05498036240417,108.9048877312182,144.75479510003223,151.62268713942387,159.60809586200594,9.485061813997401,6.848994541347708,46.87017671606283,0.038546438244415775,-3.9335985676762535,-1.7762201043426633,9.48470822851948,20.745853989692808,22.903400405425643,25.412052906039097,2,6.380041519990934,0.9996418952941895,22.852344286937758,5.9002414050080585,0.0003580531047191471,47.69309298371045,8.477046388439797,11.288083633029954,13.147310812020999,22.852344286937758,32.55737776185451,34.41660494084556,36.578358335806,31.078387367093107,33.74959248584936,47.69309298371045,61.63659348157153,64.30779860032779,67.41365182760296,22.86123741492628,5.920050752422234,34.82611180151252,0.2208621411455133,11.288938964898325,13.148322842897866,22.854984411973696,32.576162375736395,34.44995765304566,36.6502517893736,2,-6.996134080937944,0.9999758005142212,23.933228800728642,8.662962673785652,2.4180772015824914e-05,85.10873100340467,16.776866835513935,6.954133960693952,9.683923226607085,23.933228800728642,38.18253437485019,40.91232364076333,44.08629359978505,52.22667623237288,57.5132407401277,85.10873100340467,112.70422126668163,117.99078577443646,124.1375594992688,23.934707623719586,8.668472521742348,75.05191218941545,0.09049295022889522,6.954139530938432,9.683977796146051,23.933491541260942,38.18455298039918,40.91591320489838,44.09412228308678,2,-8.06960428973125,0.9999988079071045,22.655235101972323,8.093935853189006,1.2313303159317002e-06,82.21083056964555,25.31881640077458,6.7914123365443935,9.341895357541823,22.655235101972323,35.96857484640282,38.51905786740025,41.48454556666151,32.58686229294533,40.56508358271305,82.21083056964555,123.85657755657803,131.83479884634576,141.11120527681788,22.65530932351549,8.09424833182067,65.5125088344096,0.0043673618897487896,6.791295131221875,9.341808300646422,22.655246990124926,35.96871410683707,38.51937071394827,41.48509222094287,2,-6.790205989527154
153,282,set,0.893,8.40417351256634,100.4107099268,100.5797213981,100.3847546877,100.45839533753333,0.019999507814645767,12.287339170111444,4.88937116748738,0.9800004959106445,114.4766934048294,9.987173388984182,2.704347774787621,4.24503927175787,12.287339170111444,20.329639068465013,21.870330565435268,23.661717390992294,94.90219325506357,98.04925503296553,114.4766934048294,130.90413177669325,134.05119355459524,137.71033298597,112.43295704269747,17.403969428724302,98.22691636164058,204.67128260635548,88.82160957304121,95.78202461501807,114.22122109630978,130.80615401582799,133.96480993137277,137.6346124721445,2,-11.974561705164135,0.05223160982131958,12.803249796068151,7.919765389569464,0.9477683901786804,108.93531353925496,10.313506507158795,-2.7192051334948317,-0.22360502956992612,12.803249796068151,25.830104621706223,28.32570472563113,31.227379172995303,88.72121223090423,91.9711049543672,108.93531353925496,125.89952212414272,129.1494148476057,132.9281174760902,103.91418109450261,23.697442537315624,104.08872959520299,457.48005321417213,12.378957148014818,26.42454725895791,108.22238742257233,125.62988621299827,128.91175686470496,132.71989841102922,2,-3.455785756969277,0.014911027625203133,26.57339755997937,6.622912656525203,0.9850890040397644,101.78672219489005,8.688933548620064,13.592727280435476,15.679675655911076,26.57339755997937,37.467119464047656,39.554067839523256,41.980596338444954,84.75672537553291,87.49469833310201,101.78672219489005,116.07874605667809,118.81671901424718,122.00020428340447,100.66521745654877,12.574581731966724,75.02586429558546,83.09456231482906,81.65116460567809,86.112321312984,101.62187314187159,116.01537091544883,118.76084657047997,121.95119547423,2,-0.20682211901544179,0.025455044582486153,21.864482400532005,7.9900290295937575,0.9745449423789978,107.64068278475128,10.3349126875786,6.204313267098719,8.722054171757156,21.864482400532005,35.006910629306844,37.52465153396528,40.45206944705204,87.38462613373116,90.64126416636083,107.64068278475128,124.64010140314173,127.8967394357714,131.68328494389746,105.45724437637995,16.977523291218898,105.71661925772106,182.51953284181792,38.641395398784354,87.41735461934658,107.3022937174389,124.51062550206541,127.7825309151448,131.5831667598483,2,-4.998849038846615,0.0883031114935875,20.603649867311567,10.238733739333599,0.9116969108581543,104.19651040171088,11.820621248434389,0.5361004909225962,3.7624315407782802,20.603649867311567,37.44486819384485,40.671199243700535,44.42250633468051,81.02851847989058,84.75331866840394,104.19651040171088,123.63970213501783,127.36450232353117,131.6953875128482,96.81500304684741,26.44239648479759,136.64571582574905,562.5548255396001,14.730583432087856,22.311352615010488,102.75804939126995,123.10492310042875,126.89358972752878,131.28301904345517,2,3.6433922906859237
154,283,set,0.494,100.3847546877,98.4141543173305,101.0360029672,100.478236213,99.97613116584351,0.6505885720252991,97.93488020535708,7.275190612586078,0.3494114279747009,127.6450506262862,14.869347307981805,83.67576862402447,85.96825653948156,97.93488020535708,109.90150387123259,112.19399178668968,114.85950442018859,98.50166542902426,103.18715077635122,127.6450506262862,152.1029504762212,156.78843582354816,162.23632512458457,108.31595327750566,17.673295466436468,111.6886006476013,200.6567719963642,84.96605730906934,87.46222095992205,102.69346144450422,143.50330927428718,149.4190436336353,155.91885272323162,2,-8.339822111662144,0.5488035082817078,94.69873550387106,8.372067335002345,0.4511965215206146,117.72386636411662,13.906368288393994,78.28978505112224,80.9279101828105,94.69873550387106,108.46956082493162,111.10768595661989,114.17507654998053,90.46788536311448,94.8499260472288,117.72386636411662,140.5978066810044,144.97984736511876,150.07491666745096,105.08759727781306,16.031162320963713,125.72204473041253,131.27644974973455,80.29094617790385,83.24776292856444,101.92284032400347,134.72029727875648,139.89808237971292,145.68944004540592,2,-5.111466111969548,0.024450043216347694,78.61346446266249,17.866290771618168,0.9755499958992004,105.24115450724585,8.438219045612579,43.59617801297054,49.22603128679672,78.61346446266249,108.00089763852824,113.63075091235444,120.17667201621191,88.70254908418525,91.361519305059,105.24115450724585,119.1207897094327,121.77975993030645,124.8713874446976,104.59011045146973,9.704575786508794,77.2671738535493,16.912045231091025,85.40954353590874,89.71498280556534,105.01304490347303,119.04319409289243,121.71839244517011,124.83084712187191,2,-4.613979285626215,0.7011545896530151,93.50066305980224,6.904064629698252,0.29884541034698486,113.14376970740065,14.498804431534078,79.9689450386568,82.1444873129357,93.50066305980224,104.85683880666878,107.03238108094767,109.56191913334132,84.72663520270412,89.29535865173173,113.14376970740065,136.99218076306954,141.56090421209717,146.87303257283386,99.37091532639337,13.307641671954796,96.24319722160952,80.85012964753763,80.5570117789686,82.95658707055361,96.35741100087698,127.13300749164473,133.1651393694273,139.7082751796849,2,0.605215839450139,0.2950873076915741,94.47577480938955,8.656521062641506,0.7049127221107483,109.37090639814494,12.809608187265747,77.5093052951998,80.23706474272186,94.47577480938955,108.71448487605724,111.4422443235793,114.61385418005537,84.26453569503467,88.3009759114936,109.37090639814494,130.44083688479628,134.4772771012552,139.17051117188674,104.9755453794144,13.56203523103487,137.778825283179,46.150302742224056,80.63940990249725,83.98270007722404,104.25535772628274,128.18884049994722,132.50445275643767,137.45093433381444,2,-4.999414213570887
155,284,set,0.829,100.478236213,84.5386430364252,84.87775481362969,84.69917816387431,84.70519200464307,0.009510493837296963,92.6876137401077,9.839664609828676,0.9904894828796387,117.90595198315481,10.018626150363096,73.40222548489012,76.50280571864495,92.6876137401077,108.87242176157044,111.97300199532526,115.57809658645753,98.26980555387198,101.4267784226592,117.90595198315481,134.38512554365042,137.54209841243764,141.21276162886195,117.66611038749556,10.311653867460649,100.33906854209967,5.99081457888965,97.07244860610284,100.69140985003138,117.78667994864071,134.3387187037993,137.50112890402866,141.1768742219758,2,-32.9609183828525,0.006564616225659847,88.10000118438266,11.49141170049115,0.9934353828430176,110.21894347626053,9.516476836392712,65.57724811989783,69.1983109700372,88.10000118438266,107.00169139872811,110.6227542488675,114.8330223635483,91.56699161722113,94.56573203612031,110.21894347626053,125.87215491640076,128.87089533529993,132.35757913296163,110.07374100614744,9.696718124570072,90.83569204420942,3.190639059036834,90.90888622806993,94.15446139175178,110.14446833071645,125.84207911240802,128.84431929784148,132.33421187384582,2,-25.368549001504377,0.003506801091134548,59.51234770505228,18.154386513481427,0.9964931607246399,108.7918995393241,9.282067361465536,23.93040397720899,29.65103920327345,59.51234770505228,89.3736562068311,95.09429143289555,101.7457661752055,90.59938180877693,93.52425737420963,108.7918995393241,124.05954170443857,126.98441726987129,130.38521721237333,108.61908179904663,9.772265664744442,87.010414181518,8.486311539323863,90.0492745668486,93.22550773218481,108.75123375019767,124.04387544674474,126.9706602865863,130.3732084993195,2,-23.91388979440356,0.009986097924411297,85.8322700545062,8.282833527462705,0.9900139570236206,112.2397544110356,10.615184513030888,69.59821465073844,72.2082212854239,85.8322700545062,99.45631882358848,102.06632545827395,105.10102222215326,91.4343750762477,94.77932966401764,112.2397544110356,129.70017915805357,133.0451337458235,136.93436633547628,111.97605285366754,10.914926475618751,112.24199308649071,6.89431585506442,90.03987639827581,93.90686061502478,112.1057562857233,129.64849989107847,132.9995587200457,136.89439178462865,2,-27.270860849024473,0.0015772938495501876,88.3886512203678,12.61209014178466,0.9984227418899536,108.1730328962733,10.46067022450328,63.669408772697196,67.6436090072144,88.3886512203678,109.13369343352122,113.1078936680384,117.72876030891999,87.67049600209634,90.9667615371558,108.1730328962733,125.37930425539079,128.67556979045025,132.50819083408882,108.14183097878926,10.493803715782313,109.50392105548774,0.6164133310671409,87.54217742266161,90.88149126287719,108.15474510927976,125.37159829959876,128.6687298362647,132.50218922774064,2,-23.43663897414619
156,287,set,0.17,84.830737230005,84.7132414420566,84.8062770214,84.6311520500204,84.71689017115901,0.999580442905426,86.96779232774188,5.301157848450852,0.00041950028389692307,132.96363992725813,24.349537087603398,76.57771386841637,78.24816361367523,86.96779232774188,95.68742104180852,97.35787078706738,99.30012961844044,85.23942419533313,92.91221553412427,132.96363992725813,173.01506432039196,180.6878556591831,189.6091337648829,86.98708265816879,5.406178469170267,28.3392057255617,0.8871300426218106,76.5780415511423,78.24864149219572,86.97041708438613,95.7067491994501,97.39286665224257,99.37756236758386,2,-2.27019248700978,0.9991639852523804,83.1535888299059,5.87127542109427,0.000836062477901578,122.47918307604428,21.827369863616468,71.64610046124588,73.49620015868796,83.1535888299059,92.81097750112384,94.6610771985659,96.8122179236768,79.69832426612103,86.57635458906346,122.47918307604428,158.3820115630251,165.2600418859675,173.25723855417158,83.18647145262052,6.0110686260052155,34.84138472784641,1.2918915917267815,71.64706425332537,73.49784718237422,83.15930494196704,92.85240639971458,94.73557278809434,96.978020486382,2,1.5304187185384848,0.6031591296195984,82.06307825780036,13.381805734881377,0.3968408703804016,88.6909912235513,7.907572976910792,55.8352209693213,60.0519665596207,82.06307825780036,104.07418995598,108.2909355462794,113.19381357996917,73.19243298368396,75.68419113209612,88.6909912235513,101.69779131500646,104.18954946341863,107.08675680721052,84.6933050079345,11.972406387241056,132.8236934782921,10.514821222957833,58.84939778616712,63.47664796917261,85.52971247890946,102.94072630902622,106.55664720931887,111.0830245000727,2,0.023585163224510097,0.9993144273757935,84.47052580676988,5.982484109334705,0.0006856246618553996,109.38034311836846,19.692792804355438,72.74507241439068,74.63021512135114,84.47052580676988,94.31083649218863,96.1959791991491,98.38786499600378,70.78317846682225,76.98858144932055,109.38034311836846,141.77210478741637,147.97750776991464,155.1926297927075,84.48760898748858,6.0378998907870685,36.03146881286318,0.4251377311612696,72.74439758653548,74.63057093578644,84.47460996548072,94.33992346276405,96.24729406213882,98.49801703484994,2,0.22928118367042316,0.9986940026283264,85.45538641002808,6.043457834756865,0.001305987243540585,104.01160117548746,17.683436824094194,73.6104267118182,75.51478287119996,85.45538641002808,95.3959899488562,97.30034610823796,99.51457169577017,69.35270187737348,74.92493597840888,104.01160117548746,133.098266372566,138.67050047360144,145.1494268369545,85.47961972429665,6.110094259964689,36.884070512720896,0.44910734904121735,73.60782974307901,75.51447943381132,85.46237748839998,95.44521199819125,97.385681853482,99.69460335275951,2,-0.7627295531376461
157,291,set,1.076,19.3408297099901,109.3865830136,110.4851391411,110.5006441635,110.12412210606668,0.0024795273784548044,20.03774849723385,4.704214978536383,0.9975205063819885,116.51137541280308,9.875743806304088,10.817656563768674,12.300003427828834,20.03774849723385,27.77549356663886,29.257840430699023,30.981389011583044,97.15527323190256,100.26722239416026,116.51137541280308,132.7555284314459,135.8674775937036,139.4857910211706,116.27217034704277,10.971009222766654,97.34336097703941,23.020138803771143,96.72796475150805,100.03666665791633,116.48060846443828,132.7436729174154,135.85704580790843,139.47662308167574,2,-6.148048240976095,0.004450986161828041,22.775681568239065,7.860047744020035,0.9955489635467529,110.72082661929119,9.802989958776786,7.370271073194491,9.84705352847597,22.775681568239065,35.704309608002156,38.181092063283636,41.06088692739958,91.5073193592809,94.59634303062832,110.72082661929119,126.84531020795404,129.93433387930148,133.52599146913528,110.3293784273615,11.411341741695077,95.9458571914918,34.27225097835469,90.71592349769604,94.1781209605099,110.66589654122656,126.82414841111192,129.91563323451194,133.50965894942516,2,-0.20525632129482574,0.001728881848976016,30.59067439265163,7.24836703033397,0.998271107673645,109.47780284275893,9.037017909025503,16.384136066469498,18.668171593331323,30.59067439265163,42.513177191971934,44.797212718833755,47.45289762393678,91.76557321342548,94.61323115827292,109.47780284275893,124.34237452724494,127.19003247209238,130.50105024308942,109.34141517122326,9.610306796159978,81.61733146107677,10.740539992461448,91.49668567467317,94.46709226939761,109.45818729981762,124.3348523769792,127.18339868490307,130.4952154495916,2,0.7827069348434179,0.0024884003214538097,27.687967789810955,7.5867814279398464,0.997511625289917,113.3419545522462,10.017884576172806,12.81814943247149,15.208822841176024,27.687967789810955,40.16711273844588,42.557786147150416,45.33746063551135,93.70726158166818,96.86400077274713,113.3419545522462,129.81990833174524,132.9766475228242,136.64703903841234,113.12881604689557,10.884032700515801,100.25151350630772,18.210982097213293,93.27219534456984,96.62928692248138,113.3106328813901,129.80785465451427,132.9660113820209,136.63771788561658,2,-3.0046939408288864,0.004124688915908337,28.758219186164744,10.302784894744324,0.9958752989768982,108.24021224623326,10.644752125589342,8.565131852002573,11.811646084343696,28.758219186164744,45.70479228798578,48.95130652032691,52.72608092275329,87.37688145572196,90.73115310445823,108.24021224623326,125.74927138800828,129.10354303674455,133.00360872328974,107.91237243995889,11.79962371100106,113.28119976545955,25.949778966517083,86.58574118780598,90.31157142613118,108.18495564117013,125.72800017723873,129.08472515395496,132.98718470829075,2,2.2117496661077922
158,294,set,0.299,18.5585568866165,17.7663315225888,18.2384502278165,18.074397110409997,18.0263929536051,0.9968972206115723,24.234183068607436,7.276217565928228,0.0031027840450406075,109.50474098827634,13.937611817462049,9.97305869571041,12.265870214802373,24.234183068607436,36.202495922412496,38.49530744150446,41.16119633416319,82.18752379555087,86.57940963928218,109.50474098827634,132.4300723372705,136.8219581810018,141.92847460903567,24.498759308081507,8.710474083341825,53.38180814834556,22.490553403072916,9.982718283690089,12.276769221925429,24.262566935393558,36.41632054550422,38.894058934159006,42.1444470707534,2,-6.4723663544764065,0.9985440969467163,15.371107868686053,8.334946093018097,0.0014558779075741768,105.61826933627728,14.595023854226097,-0.9650862867122569,1.6613415571402292,15.371107868686053,29.080874180231874,31.70730202408436,34.761091992423715,77.01254822849116,81.61159141421022,105.61826933627728,129.62494725834432,134.2239904440634,139.5713720511315,15.502496330770585,9.028871465035042,69.6803062840714,11.840207604849796,-0.9600076351540416,1.6671281801309639,15.386338852422911,29.19418302172863,31.915139900721147,35.24387373626118,2,2.523896622834515,0.9794517755508423,22.87901077345483,7.075541141564538,0.020548248663544655,66.43267688838382,8.697606742410846,9.011204964856912,11.240781264108035,22.87901077345483,34.51724028280162,36.746816582052745,39.339180865822,49.38568092156582,52.12638689233176,66.43267688838382,80.73896688443588,83.47967285520183,86.66633584283457,23.773962888994607,9.42159656282514,50.58901225646271,38.17748322217903,9.074090717461736,11.312101347257329,23.06507429714829,36.17891470734306,41.31501899366097,66.72355206296811,2,-5.747569935389507,0.9933810234069824,28.0747772779147,9.194726934837275,0.006618978455662727,90.72150779351992,13.176925456088364,10.053443637953269,12.950797330319208,28.0747772779147,43.198757225510185,46.09611091787612,49.46491073515945,64.8952084726177,69.04739416500378,90.72150779351992,112.39562142203604,116.54780711442214,121.37562031468572,28.489434689808547,10.53269496055518,85.13267750626228,25.80498713765432,10.079496475374382,12.980379183079325,28.151562586879837,43.79396887701418,47.25152944392325,52.94466801943205,2,-10.463041736203447,0.9995177984237671,25.761076780331173,9.95149619294865,0.0004821513139177114,87.4129879206889,18.007509547303954,6.2565026498643554,9.392322173765812,25.761076780331173,42.12983138689653,45.26565091079799,48.91171879232279,52.11891775671197,57.79327052944272,87.4129879206889,117.03270531193508,122.70705808466583,129.30471947282962,25.790801035481675,10.048515171266068,99.14087035792674,1.8317533564836803,6.258525357786023,9.394554463352431,25.767090223922683,42.17403725422141,45.345685116484624,49.0908346486424,2,-7.764408081876574
159,295,set,0.494,18.074397110409997,36.650872583974504,36.678471021257,38.6155252947137,37.31495629998174,0.8069008588790894,23.774980572961674,6.938548858558101,0.19309917092323303,109.38720319413432,11.141263143287762,10.175674705216291,12.36208331718238,23.774980572961674,35.187877828740966,37.37428644070705,39.91645895899681,87.55072869100678,91.06145610407667,109.38720319413432,127.71295028419195,131.22367769726185,135.30565702165137,40.30663049055501,34.71068611406406,62.815963972915924,1142.015814953746,10.823838013348489,13.100071504296631,25.88829547603345,116.59152554575687,121.96475789828409,127.52265116408309,2,-2.9916741905732707,0.923832893371582,17.740550597912687,9.02358176463048,0.0761670470237732,104.67956949684002,11.64304407118952,0.054655327684557165,2.8980794042670706,17.740550597912687,32.583021791558295,35.42644586814082,38.732540852294505,81.85962244689594,85.5284662275881,104.67956949684002,123.83067276609194,127.49951654678408,131.76534031921557,24.362437881168777,24.847524289948225,85.54836017595987,531.851067786559,0.36234708765213075,3.2473940363573917,18.67463980480327,99.98978510960272,109.85862781193188,117.72348876795884,2,12.95251841881296,0.7037312984466553,23.744713918682677,7.608728182330001,0.2962687015533447,79.96711039095719,8.797957988736647,8.831880713160963,11.229469771489288,23.744713918682677,36.25995806587606,38.65754712420439,41.4452625498007,62.723429595536906,65.49575728341703,79.96711039095719,94.43846349849734,97.21079118637746,100.43422125395531,40.401650319740796,26.88331620437313,63.67333805945514,659.0393520848559,10.009690396886652,12.574925045122257,27.966364989106538,88.40483682139376,92.07470275024204,96.05232100947399,2,-3.086694019759058,0.7830363512039185,29.043398023812358,9.219260623798737,0.21696364879608154,95.74009500512935,11.469979451783436,10.973979237078556,13.879063748946107,29.043398023812358,44.20773229867861,47.11281681054616,50.49060537621499,73.25934837621934,76.8736577028045,95.74009500512935,114.60653230745419,118.22084163403936,122.42325731807787,43.51415676352549,29.169277925121577,95.09782242357798,755.7489522494074,11.95821007332762,15.000594928693394,32.312181378147606,104.19754030688179,109.49484105443025,115.05561840929111,2,-6.199200463543754,0.9711795449256897,26.57113099094633,10.903887371599426,0.028820455074310303,92.35309449352168,14.573232137548251,5.199904451130337,8.635832299900652,26.57113099094633,44.506429681992,47.94235753076232,51.937366196647424,63.790084365585436,68.38226075566968,92.35309449352168,116.32392823137369,120.91610462145792,126.2555020946107,28.466997114772223,15.579104874699441,121.58902089307071,121.11948780381326,5.336531346137649,8.79085363939321,26.976770803774865,48.56433746865555,76.11941861897093,98.08764595057542,2,8.847959185209515
160,296,set,1.076,38.6155252947137,101.0325016506,100.9270146293,101.61478080469999,101.19143236153333,0.0012813159264624119,36.91487122402044,5.852943926632727,0.9987187385559082,115.06392686650867,9.38672056130411,25.443311924287848,27.287635177955003,36.91487122402044,46.54210727008587,48.38643052375303,50.530854884622734,96.666292633411,99.62414550606763,115.06392686650867,130.5037082269497,133.4615610996063,136.90070428851394,114.96379950583146,9.790614180633932,88.041524259173,7.8153218506536275,96.46099883039858,99.51207403456958,115.0488327644744,130.4978917204094,133.45646495982584,136.89621054743088,2,-13.77236714429813,0.0018315345514565706,38.106312718854,9.142936106835302,0.9981684684753418,109.0423032808994,9.074194717623454,20.186487236505947,23.067521102540375,38.106312718854,53.145104335167616,56.026138201202045,59.37596269348155,91.25720844565382,94.11658118795256,109.0423032808994,123.96802537384623,126.82739811614498,130.15203687087535,108.91238189329228,9.567785207724734,82.34330359996015,9.199246084796217,90.97063808358979,93.96103207916177,109.0214352005408,123.95996932306437,126.82028574436531,130.14583507035204,2,-7.720949531758947,0.0014644669136032462,32.98263737860245,9.320199778617672,0.9985355138778687,109.17978468730794,9.484270838694707,14.715381483793621,17.652272968830857,32.98263737860245,48.31300178837404,51.249893273411274,54.66466431922558,90.59095542384281,93.57954739929087,109.17978468730794,124.78002197532501,127.76861395077306,131.24349798973293,109.06819438898043,9.921559983929502,89.94687333888353,8.490250673655405,90.35309673675157,93.44993357198581,109.16235150550027,124.77332709882585,127.7627190292001,131.23837820946622,2,-7.8767620274471,0.0010475326562300324,40.02378896035271,8.090917419852024,0.9989523887634277,112.74572615922273,9.591903369438397,24.165882215555,26.715414096944258,40.02378896035271,53.332163823761164,55.88169570515042,58.84607749906547,93.94594101193508,96.96844911263392,112.74572615922273,128.5230032058115,131.54551130651038,135.05983017072091,112.66953869558486,9.874808847189895,91.9767997574716,5.534052478812492,93.77514627313896,96.8749960677752,112.7331207443041,128.51819395834383,131.5412755469202,135.05616804903246,2,-11.478106334051532,0.0011074935318902135,42.34879486279838,11.666638615778634,0.9988924860954285,106.8348132203533,9.931269259552998,19.482603355228022,23.15888202130278,42.34879486279838,61.53870770429397,65.21498637036873,69.48945480381778,87.36988315085965,90.49932895854587,106.8348132203533,123.1702974821607,126.29974328984694,129.93840034884158,106.76339319561335,10.162293083649164,98.67161633879567,4.600352162765421,87.1827026289572,90.39702230551326,106.82101314894177,123.1650290195514,126.29511497093127,129.93437584064563,2,-5.571960834080016
161,297,set,0.299,101.61478080469999,101.5047366677,100.7183839453,100.16506200559999,100.79606087286668,0.9930363297462463,101.08809207889436,5.614187221692721,0.006963606923818588,135.69921313219987,22.49765689057789,90.08448732191164,91.85357586490848,101.08809207889436,110.32260829288025,112.09169683587709,114.14864458654648,91.60461589012782,98.69386059782303,135.69921313219987,172.70456566657668,179.7938103742719,188.03658941049602,101.32910391919998,6.565719561571235,34.82420135516409,8.283821760398641,90.08665033609202,91.86267239587833,101.13129739323175,110.65023753679625,112.70804544375908,115.8056325603278,2,-0.5330430463333045,0.9846763014793396,98.7192859646988,6.372985690215639,0.015323677100241184,123.72082386130214,20.105300136278114,86.22846353788701,88.23665733763777,98.7192859646988,109.20191459175982,111.21010839151059,113.54506767642465,84.31515969582878,90.65054801119715,123.72082386130214,156.79109971140713,163.1264880267755,170.49274609028575,99.1023993438273,7.457792501778577,46.18675957276887,9.431699050760452,86.21806688835727,88.24732714537365,98.81680976811063,109.9471201009544,112.65970343093367,118.72460284531887,2,1.6936615290393746,0.09829869121313095,92.72333141059025,16.347502925419377,0.9017012715339661,102.19717973617388,7.950536945424827,60.68281443960509,65.83408193211437,92.72333141059025,119.61258088906611,124.7638483815754,130.75331008701605,86.61441366538612,89.11971020528017,102.19717973617388,115.27464926706759,117.77994580696163,120.69289445664609,101.26590903787567,9.551057758741392,83.26689906773254,7.955423222597172,80.42778312957857,85.70893807940499,101.7419584815765,115.54565005105997,118.3144407891452,121.75060070338668,2,-0.4698481650089974,0.9933740496635437,97.99496349294482,5.920747543487381,0.006625929847359657,114.60933982983818,19.21573078746082,86.39051154615555,88.25620042177557,97.99496349294482,107.73372656411405,109.59941543973409,111.76868195346921,76.94719954979746,83.00227534956016,114.60933982983818,146.21640431011616,152.2714801098789,159.31181429538879,98.10504717718243,6.251931498969997,37.269564010998614,1.816886257448124,86.35926371159175,88.24259966655579,98.02525027449146,107.96516865060401,110.01162033218053,112.71095938337098,2,2.691013695684248,0.9600270390510559,98.91429047841928,6.39964806068725,0.03997288644313812,110.57096963620103,16.078325900503224,86.37121076574066,88.3878061545849,98.91429047841928,109.44077480225366,111.45737019109788,113.80209813900865,79.05802993951717,84.12447696345049,110.57096963620103,137.01746230895156,142.08390933288487,147.97474891297247,99.38023422100845,7.4072224387488514,49.65187624177483,5.214332163883043,86.1849768484874,88.30154462467934,99.08958765299954,110.81153281127264,114.0970783896682,121.64119886192492,2,1.4158266518582252
162,300,set,1.378,10.8358386695324,98.734714631991,96.67150346422329,97.889310683052,97.76517625975544,0.0007109314319677651,7.111016864402345,3.3398131374483797,0.9992890357971191,121.3242262081639,11.365233640922023,0.5651033999097974,1.617513111930199,7.111016864402345,12.604520616874488,13.656930328894891,14.880584056399053,99.0487775960737,102.63008043274243,121.3242262081639,140.01837198358538,143.5996748202541,147.7637133267003,121.24302447178984,11.762328721529608,129.0846314870083,9.267263738115995,98.91223529053659,102.55514365677354,121.31409280031264,140.01449946946838,143.59629249426644,147.76071238205807,2,-23.477848212034402,0.0007584463455714285,14.391873213563443,6.014567997684078,0.9992415904998779,115.69071552505389,11.027049055854302,2.6035365555354595,4.49878922802653,14.391873213563443,24.284957199100354,26.180209871591423,28.383850688249872,94.07809651982305,97.55283389096013,115.69071552505389,133.82859715914765,137.30333453028473,141.34346765308462,115.61389005096852,11.371341009903869,121.53102828000895,7.776860580848243,93.93668370550508,97.47527002555098,115.68022500948453,133.82458967691588,137.29979403701358,141.34036668506036,2,-17.848713791213086,0.00016903785581234843,32.471531549712154,5.190640655847616,0.999830961227417,117.27003667981067,9.269523712927652,22.298062807561458,23.93368744073943,32.471531549712154,41.009375658684874,42.64500029186285,44.54676740435321,99.10210404863247,102.02302698048894,117.27003667981067,132.5170463791324,135.43796931098888,138.83417346275107,117.25570241481766,9.334314220840367,85.91409970998318,1.2153096588109897,99.0758299225381,102.0085204554395,117.26807255636292,132.51633085722216,135.43735827186183,138.83364317459717,2,-19.490526155062227,0.0004809203092008829,17.204356099931466,6.32523956288522,0.9995191097259521,122.33737707787294,10.70208863884044,4.807114363088559,6.800262863582763,17.204356099931466,27.608449336280167,29.601597836774374,31.919063709848515,101.36166878639038,104.7340077643201,122.33737707787294,139.9407463914258,143.3130853693555,147.23415823063604,122.28682014733884,10.94584154845365,114.49886358472058,5.313032766806438,101.27507674280841,104.6863706600479,122.33092295946918,139.93825298655855,143.31092921803227,147.23228800816227,2,-24.52164388758341,0.0004271228099241853,21.186805699955592,8.315882628472336,0.9995729327201843,115.53779894817215,11.236209335917637,4.887975248487532,7.508395997210123,21.186805699955592,34.865215402701054,37.48563615142365,40.53244157347537,93.51523332702087,97.05587926880203,115.53779894817215,134.01971862754226,137.56036456932344,141.677130649062,115.49750590264334,11.40297981176068,126.22801918116869,3.8006701597879813,93.43452406080361,97.01144264426208,115.53178064200928,134.0174137455206,137.55836851223887,141.67532936102822,2,-17.732329642887905
163,301,set,0.385,97.889310683052,95.5585348583201,95.4083764738209,94.83967826587539,95.2688631993388,0.9442890882492065,97.05132165492583,6.436822811262471,0.05571097135543823,130.66432363654047,17.714110966873683,84.43538076998553,86.46369030777677,97.05132165492583,107.63895300207487,109.66726253986613,112.02561071748387,95.94530412332205,101.52720396445744,130.66432363654047,159.8014433086235,165.3833431497589,171.8735080248506,98.9239404302034,10.772318565079974,56.60596559603748,59.43746495936527,84.56497977929357,86.62077645958128,97.49852942337051,114.01696525017243,132.9464627607149,146.91308262800254,2,-3.655077230864606,0.910513699054718,94.10952908440156,7.365227048990324,0.08948634564876556,120.13893682927717,16.318944430006084,79.6739493304203,81.99480865954874,94.10952908440156,106.22424950925438,108.54510883838282,111.24360937164829,88.15439348075472,93.29666189556212,120.13893682927717,146.9812117629922,152.12348017779962,158.10247851061246,96.43880986991594,11.33255993041487,73.22316966312033,55.20416067557423,79.8924654162102,82.26606566558716,94.90757366498475,117.97782439140515,129.6810677416161,140.00362204590357,2,-1.169946670577147,0.06343109905719757,83.02526974069025,16.84246425200229,0.9365689158439636,102.10998542915942,8.222265918525885,50.01464639586241,55.32188132898376,83.02526974069025,110.72865815239673,116.03589308551807,122.20670064694464,85.99464035753753,88.58556151131263,102.10998542915942,115.6344093470062,118.2253305007813,121.23783626852057,100.89942245940304,10.146350525884358,81.310767924782,21.63781277348877,77.57504547771694,84.65953146190859,101.6002250448223,115.51114541926533,118.16374830418043,121.27112555970697,2,-5.630559260064246,0.9496511816978455,93.3894804398497,6.482103427362638,0.05034884810447693,112.95136927844091,16.30437088504908,80.68479117815528,82.72736910707769,93.3894804398497,104.0515917726217,106.09416970154412,108.46910796740762,80.99538955316126,86.13306569300593,112.95136927844091,139.76967286387588,144.90734900372055,150.8810078244482,94.374401792844,8.460675110000595,53.28648573543283,18.296803016760954,80.6910312938781,82.7864033985424,93.71777871248989,106.91220379257034,113.74413296553206,126.75447080212719,2,0.8944614064947984,0.8001049757003784,94.20991668912892,7.548727901659018,0.1998949944972992,108.84752652169435,14.128549678268516,79.41468187278463,81.7933642212153,94.20991668912892,106.62646915704252,109.00515150547321,111.77088379486615,81.15607799850308,85.60813033983031,108.84752652169435,132.08692270355837,136.5389750448856,141.7154480290147,97.13589881838888,10.943635484298161,85.49483864036627,34.268037776500385,79.59700197696638,82.15503686358359,95.74782606838,118.48719287971907,125.10167182692715,132.0835326492959,2,-1.8670356190500854
164,302,set,0.494,94.83967826587539,96.21712741841749,95.95704195145919,96.9338843055317,96.36935122513613,0.5988990068435669,93.21059024410324,7.413892426473368,0.4011010229587555,125.48373161967469,13.910889078323699,78.67962810296117,81.01582239659047,93.21059024410324,105.40535809161601,107.74155238524531,110.45788312879705,98.21889003322865,102.60235526507432,125.48373161967469,148.36510797427505,152.7485732061207,157.84529885305096,106.15538304182954,18.993111343647413,110.53715963001368,250.2014547235097,80.34574001836357,82.92853715461882,99.80522540512368,141.50934637918556,146.84417117345524,152.76495921688766,2,-9.78603181669341,0.5343085527420044,89.82534042383102,8.598678275798887,0.4656914472579956,116.29524735378435,13.15484012816774,72.97224068861823,75.68177327489438,89.82534042383102,103.96890757276765,106.67844015904382,109.82885735029693,90.5122344801933,94.65746085700087,116.29524735378435,137.93303385056782,142.07826022737538,146.8979817192945,102.15214969082544,17.159032682718998,120.09313527084977,174.33926733576894,75.33560238237014,78.39393880027934,98.90906919408849,132.61585173607634,137.47642674274798,142.92366806805754,2,-5.782798465689311,0.03267090395092964,73.42269483739048,17.359700244596965,0.9673290848731995,102.95375279611835,8.53896611831007,39.398307575569255,44.868528927274795,73.42269483739048,101.97686074750615,107.4470820992117,113.80739659539489,86.21768673902282,88.90840340600029,102.95375279611835,116.9991021862364,119.68981885321388,122.81835847195575,101.98894528738157,10.389344146437416,80.37745438251287,27.56090116204295,80.18758141191573,86.3109138337766,102.62566193919339,116.87797807810276,119.5870498652086,122.73561009492225,2,-5.61959406224544,0.6418318152427673,88.98124240122019,7.122725428689733,0.3581681549549103,111.63551893757824,13.817327248983375,75.02095708922069,77.2654016460604,88.98124240122019,100.69708315637997,102.94152771321968,105.55117955962918,84.55405516696692,88.90803809731253,111.63551893757824,134.36299977784395,138.71698270818956,143.7794288081773,97.0952801782382,14.796062793361298,100.94313156455263,117.98006165933904,76.17410547452162,78.63533087768424,93.29409254196695,126.58758888814344,132.0476967416281,138.0582135378802,2,-0.7259289531020698,0.3141881823539734,89.83755410272457,9.015746872098285,0.6858118176460266,107.44894366709535,12.415145598637602,72.16701493968228,75.0079701604773,89.83755410272457,104.66713804497182,107.50809326576686,110.81131767152077,83.11570543094467,87.02784640004568,107.44894366709535,127.87004093414501,131.78218190324603,136.33089123639343,101.91565319113796,14.074025250369175,131.24655609444318,66.83163065358747,76.285378389919,79.73371317002936,101.49684203797743,125.50813982059631,129.71486374344622,134.5299763056922,2,-5.546301966001835
165,303,set,1.076,96.9338843055317,94.7568208328556,93.6511979861246,93.6762007181218,94.028073179034,0.001055229688063264,84.81944503839603,10.491461674578364,0.9989448189735413,114.58552164677909,9.389177840443443,64.25655801104014,67.56252625094344,84.81944503839603,102.07636382584862,105.38233206575191,109.22623460063237,96.18307123506837,99.1416984218333,114.58552164677909,130.02934487172487,132.9879720584898,136.42801555488606,114.5541171749601,9.439974467831345,88.17978922619258,0.9339672961134834,96.03960400523367,99.05810756695548,114.57314718593896,130.02456890801218,132.98373636106388,136.42434392373457,2,-20.526043995926102,0.0006074060802347958,79.74092751888844,12.391607306669767,0.9993926286697388,107.99403156729943,8.805233099086346,55.45382348725231,59.3585472967543,79.74092751888844,100.12330774102257,104.02803155052456,108.5681168327086,90.73609181761019,93.5107119681141,107.99403156729943,122.47735116648475,125.25197131698867,128.478066867793,107.97687421290466,8.83529639607134,77.57830751326419,0.4845600432944418,90.66351758600429,93.4681954698489,107.98747575740343,122.47479379215969,125.24975299795048,128.47607941794814,2,-13.948801033870666,0.0013949695276096463,46.54715848747733,15.87401226396847,0.9986050724983215,109.48998908134942,10.161428231535645,15.434666159951998,20.436731840816634,46.54715848747733,72.65758513413802,77.65965081500266,83.47563317025862,89.57395571605102,92.77592699970093,109.48998908134942,126.20405116299791,129.40602244664782,133.12900604500095,109.40219035210822,10.439371585643466,103.46210136197813,5.518880742776981,89.33235633468838,92.64395217367002,109.47219938590648,126.19720104674374,129.40002799012817,133.12379282036702,2,-15.374117173074225,0.0005963833536952734,76.49078140276431,8.862044130533778,0.9994035959243774,112.67368987562054,9.386855704796696,59.121494077513525,61.914015972451814,76.49078140276431,91.0675468330768,93.8600687280151,97.10697892548768,94.27579076614467,97.23368622391557,112.67368987562054,128.1136935273255,131.0715889850964,134.51078168840246,112.65210865650303,9.42803959542502,88.10734649395859,0.7803211473753102,94.18361415126299,97.18235893514085,112.66666995934226,128.1109824377933,131.06924837290413,134.50872711715598,2,-18.624035477469036,8.968609472503886e-05,81.34098599667786,14.588782557294314,0.9999103546142578,107.68857983374855,10.025645379886729,52.74749760609485,57.34457409450592,81.34098599667786,105.33739789884979,109.93447438726086,115.27956928368359,88.03867596740017,91.19786066811258,107.68857983374855,124.1792989993845,127.33848370009693,131.01171864913542,107.68622120484446,10.029228528238331,100.52364282852889,0.06225411758785967,88.02859322392922,91.19169445336298,107.68753219733674,124.17888006970365,127.33818324710857,131.01141416318205,2,-13.658148025810462
166,305,set,0.494,86.58465944954669,92.9758597477751,93.0025789615146,92.9502790367377,92.97623924867581,0.5342233180999756,86.12122056180988,7.584760449619223,0.4657766819000244,122.50921923177755,12.761691930056335,71.25536324919237,73.64539982669561,86.12122056180988,98.59704129692413,100.98707787442738,103.7660119088906,97.49676266707168,101.51810397458705,122.50921923177755,143.50033448896804,147.5216757964834,152.19735412242827,103.06990184328993,20.882065599596462,106.58986895884031,329.4707947470098,73.39947812746352,76.11185408268778,96.64389162890988,138.34339701914524,143.05851973297848,148.34279213933095,2,-10.093662594614116,0.5258111357688904,82.49998413519191,8.90024995049661,0.474188894033432,114.30269718713433,12.25810200017512,65.05581477881415,67.8603757233429,82.49998413519191,97.13959254704092,99.94415349156966,103.2050616859618,90.2772587479727,94.13991365260517,114.30269718713433,134.46548072166348,138.32813562629596,142.8193067150175,97.5804799232462,19.107145614518252,112.90396755443764,252.17932975619212,67.63852849979521,70.83098382568556,94.18832680793552,129.6392131425009,134.14878989064172,139.2082911729792,2,-4.604240674570391,0.05009389668703079,66.0898336258635,16.50880525891731,0.949906051158905,99.74688140994044,8.675588643232727,33.73316989060013,38.93526541909782,66.0898336258635,93.24440183262918,98.44649736112687,104.49505764290004,82.74304012451958,85.47680796418008,99.74688140994044,114.01695485570079,116.7507226953613,119.92931860617776,98.06086353324918,11.792038426158639,85.1480984710364,53.90357026297847,66.01147928767823,79.76786121314801,99.19885750716375,113.80794672853956,116.56761477491557,119.771036377567,2,-5.084624284573366,0.5636098980903625,82.33527508806864,7.447930750408436,0.43639010190963745,109.46532573695599,12.984131258779653,67.73759905791972,70.08451917997593,82.33527508806864,94.58603099616136,96.93295111821756,99.66175295528471,84.01689609920714,88.10833034313828,109.46532573695599,130.82232113077367,134.91375537470483,139.67093188708526,94.17456065555021,16.907575406288792,104.83437177530138,181.0317343440386,69.59101896582266,72.21564124200407,89.67477447097413,125.07934117702462,129.95371188121396,135.39404165242837,2,-1.198321406874399,0.3547154664993286,82.97505055604624,9.52759496118645,0.6452845335006714,104.76321851669867,11.986958877544467,64.3013075728355,67.30355142801413,82.97505055604624,98.64654968407834,101.64879353925699,105.13955083872457,81.26921083254884,85.0464257308515,104.76321851669867,124.48001130254583,128.2572262008485,132.64905481768923,97.03461835437012,15.283298554230905,124.9184367293619,108.66077796839522,68.77384873067642,72.44677843756287,97.15220916753165,121.81203562566952,125.92609501023107,130.62093880532098,2,-4.058379105694314
167,307,set,0.829,93.00482788061531,90.9080165416227,91.5423978615696,94.15894406393771,92.20311948904333,0.007443665061146021,86.5692493660482,9.614058670131833,0.9925563931465149,116.34462892317735,9.527921500792905,67.72604062733475,70.7555300927576,86.5692493660482,102.38296863933878,105.41245810476164,108.9348943142133,97.67024593409843,100.67259268528922,116.34462892317735,132.01666516106548,135.01901191225627,138.50988885057495,116.1229977428343,9.866256264092636,90.79356679226963,6.550230780627529,96.53682534996888,100.03608705065257,116.2552522911272,131.98216379311327,134.98854946907667,138.4831771980673,2,-23.91987825379097,0.006170474458485842,82.43868249814814,11.54941089706123,0.9938295483589172,109.12889390124644,9.105510963494627,59.80225309725368,63.44159209496411,82.43868249814814,101.43577290133216,105.07511189904258,109.30662998495066,91.28242035196236,94.1516611676959,109.12889390124644,124.10612663479698,126.97536745053051,130.31147997322773,108.96420512353,9.35895609032659,83.22180847664615,4.368521539559863,90.51233778648535,93.70330632031028,109.05953767666493,124.07890421363834,126.9513133375514,130.290412927436,2,-16.761085634486662,0.004081547725945711,54.96528231314896,17.449596049448008,0.9959184527397156,107.33845254278003,9.370529410481515,20.764702511458452,26.26325096237631,54.96528231314896,83.66731366392159,89.16586211483946,95.5591129856538,88.97255238216292,91.92530325549407,107.33845254278003,122.751601830066,125.70435270339715,129.13756371549087,107.12468899891208,9.99204656509544,88.69121768718529,11.149782215637861,88.30521830325576,91.56705453678823,107.29045175905917,122.73313494140163,125.68804585368586,129.12328540888254,2,-14.921569509868746,0.007646352052688599,80.48691822595649,8.460209704487635,0.9923536777496338,111.11658713425425,10.236510388777882,63.905211903504465,66.57111160875995,80.48691822595649,94.40272484315301,97.06862454840851,100.16830908593099,91.05339544487948,94.27902589394651,111.11658713425425,127.95414837456197,131.179778823629,134.93027131478465,110.88238521405647,10.566485474771614,104.53220508967235,7.118776615561052,89.77387703610282,93.55857924298704,111.0177602413657,127.91604743581686,131.1461746132438,134.90081936240085,2,-18.67926572501314,0.0017729121027514338,82.85531753765913,12.892027881547152,0.998227059841156,106.55189546367811,10.108980894282878,57.5874072021405,61.64981871793678,82.85531753765913,104.06081635738147,108.12322787317777,112.8466591919716,86.73865699048015,89.92410157493377,106.55189546367811,123.17968935242243,126.36513393687605,130.06890167581255,106.50988052444944,10.163615193158128,102.30498107806439,0.9937744382655193,86.55474488731326,89.80891848920085,106.53088528097406,123.1711842712093,126.35758986886756,130.06228950916397,2,-14.306761035406112
168,310,set,1.153,9.93409719918064,83.6972069405072,84.5105655109002,84.3070090318099,84.1715938277391,0.0022661639377474785,10.380940578959454,3.959075606870878,0.9977338314056396,118.42169796729314,10.404657705874994,2.6212949774214733,3.8688407076227866,10.380940578959454,16.89304045029612,18.140586180497433,19.59112770017047,98.02894359231101,101.30755900259607,118.42169796729314,135.53583693199022,138.81445234227527,142.6265513014781,118.17685934764877,11.594813657471525,108.04709407235993,26.392544645945136,97.61916979182028,101.08598320263663,118.39207928991047,135.52443882529724,138.8044235182042,142.61777605033694,2,-34.00526551990967,0.003895508823916316,14.885831597069384,6.921548218795135,0.9961044788360596,112.81352840406223,10.402546860561836,1.3198463709735542,3.500897905264699,14.885831597069384,26.270765288874067,28.45181682316521,30.987760580934616,92.42491120987081,95.70286147093444,112.81352840406223,129.92419533719,133.20214559825362,137.01347117774048,112.43204880492313,12.049480202985661,107.97806060126777,37.21175657105623,91.6980708964899,95.31643742257347,112.76254129268854,129.90452146609823,133.18481207223437,136.99827577237653,2,-28.260454977184025,0.0009477418498136103,30.48180224621705,6.082324280015948,0.9990522265434265,112.02558284562531,8.859797455720457,18.560665715092277,20.477269093937814,30.48180224621705,40.48633539849628,42.402938777341824,44.631404404259136,94.6606989220936,97.45251286652808,112.02558284562531,126.59865282472254,129.390466769157,132.63655382117304,111.94829685139354,9.206139412235332,78.45667591645633,6.295930851831881,94.51825357378306,97.37449693522856,112.01504936184566,126.59462566300839,129.38690736077612,132.63347027419007,2,-27.776703023654434,0.0022742070723325014,20.497521751183335,7.041841019364727,0.997725784778595,115.96450114886956,10.323671767428653,6.695766968371645,8.914724010065607,20.497521751183335,32.08031949230106,34.29927653399502,36.879293635916056,95.73047629649643,98.98357219875801,115.96450114886956,132.9454300989811,136.19852600124267,139.98095301732266,115.74738852414599,11.275130032487505,106.44858929963246,20.679858773013954,95.32232712999098,98.76290494716399,115.93500850089006,132.9340970517954,136.18854734144855,139.97222762285438,2,-31.575794696406888,0.003681361908093095,21.708303171616016,9.305345656561844,0.9963185787200928,110.94680849114,11.048561567448479,3.470160821058574,6.402371618383134,21.708303171616016,37.01423472484889,39.94644552217345,43.35577425697383,89.29202573796758,92.77354192432573,110.94680849114,129.12007505795427,132.60159124431243,136.6496062047831,110.61828266980825,12.294285386150097,121.94008612182019,29.208640536753816,88.56557349864109,92.38641794739937,110.89564366123001,129.10031948609785,132.5842475352116,136.63443288692557,2,-26.44668884206915
169,311,set,0.893,84.3070090318099,73.3895399356521,73.2789701080425,73.453042204649,73.37385074944787,0.0032277004793286324,78.27996942538832,9.401295478276266,0.9967722296714783,114.32697911131518,8.980605447980066,59.853768879947566,62.81621445990312,78.27996942538832,93.74372439087351,96.70616997082905,100.15065317450608,96.72531587391005,99.55519766798501,114.32697911131518,129.09876055464534,131.9286423487203,135.2189915028232,114.2106221752263,9.211820364872823,80.6762286528178,4.180494664366079,96.22784072176525,99.28424105062648,114.29053727332217,129.08472251114776,131.9162827951064,135.20816342792514,2,-40.83677142577844,0.0030426536686718464,74.67969876232598,11.75220571282142,0.9969573020935059,107.67842692161506,8.587942943232886,51.64579882629012,55.34904057091185,74.67969876232598,94.01035695374011,97.71359869836184,102.01941753763872,90.84636805159369,93.55251782338614,107.67842692161506,121.80433601984397,124.51048579163643,127.65696972998892,107.57801845686058,8.789323991265972,73.94859071622298,3.30311354157512,90.43016419071698,93.32027627669487,107.64574325325025,121.79168835634371,124.4993650567662,127.64723489756443,2,-34.20416770741271,0.0033472946379333735,47.97641960090128,16.16056997684502,0.9966527819633484,106.8407842302999,9.594569880888587,16.302284476645735,21.394647460884666,47.97641960090128,74.55819174091789,79.65055472515682,85.57152720982293,88.03577281660552,91.05912116268095,106.8407842302999,122.62244729791885,125.64579564399429,129.16109147504136,106.64375604235157,10.206887857566233,92.62183339190149,11.559597523035347,87.4704792737351,90.75571587511615,106.8004076019651,122.60689477535307,125.63203882495763,129.14910191130392,2,-33.2699052929037,0.0029088875744491816,72.94866291596163,8.734492683796324,0.9970910549163818,110.44184929013593,9.64736365196753,55.829371832492235,58.58170094543814,72.94866291596163,87.31562488648511,90.06795399943103,93.2681314017365,91.53336398651876,94.57334819667733,110.44184929013593,126.31035038359452,129.3503345937531,132.8849732119895,110.33277947474662,9.853971290875938,93.0228081823248,4.077241941436101,91.04984278942645,94.31018301044128,110.40657595908988,126.29676001480496,129.33835800435645,132.8744885337137,2,-36.95892872529875,0.0009454577811993659,75.57756743080482,13.54514551088177,0.999054491519928,105.30035696110527,9.706722515554405,49.029570064122154,53.29778570964548,75.57756743080482,97.85734915196414,102.12556479748748,107.08828789361846,86.27553042269459,89.33421922558408,105.30035696110527,121.26649469662645,124.32518349951593,127.88157024906963,105.2722499798555,9.753966945104228,94.30483980144938,0.8344695073249023,86.15493792392623,89.26306754062638,105.28917009000524,121.26212891267143,124.32135962939722,127.87822922067532,2,-31.898399230407634
170,312,set,1.226,73.453042204649,84.9663151043769,83.418976816198,83.4754502874477,83.95358073600754,0.0004173777997493744,62.66743786733427,8.12062978000914,0.9995825886726379,114.61948176585042,9.636000622468952,46.75129596673293,49.3101905205561,62.66743786733427,76.02468521411244,78.5835797679356,81.55884769193128,95.73326759080572,98.76967119267572,114.61948176585042,130.46929233902512,133.50569594089512,137.0361713281873,114.59779429315797,9.693696567566858,92.84127413136036,1.1260387061407355,95.66564507032483,98.73244428509427,114.61443939155609,130.46738929522132,133.50403723162202,137.03467847318169,2,-30.644213557150437,0.0002790007274597883,60.594878637026966,10.855377717836266,0.9997209906578064,108.45071778715428,8.97675625946784,39.318729271489275,42.73937122591578,60.594878637026966,78.45038604813814,81.87102800256466,85.84826351282568,90.85659882060281,93.68526769550927,108.45071778715428,123.21616787879928,126.04483675370574,129.3337756271501,108.43736503894414,9.012848178290493,80.5925469980192,0.6387839891516237,90.81467519321085,93.662125401262,108.44757806799964,123.21499852615304,126.04380432465291,129.3328564303793,2,-24.4837843029366,0.0006998531753197312,36.38602798322992,11.867500262188003,0.9993001222610474,110.28477550734007,10.539015719787338,13.126154882821783,16.86572713412243,36.38602798322992,55.90632883233741,59.64590108363805,63.99396198835011,89.62868426405541,92.94963727614928,110.28477550734007,127.61991373853085,130.94086675062474,134.80219232155034,110.23305452523843,10.719665164911863,111.09168194022506,3.8192408268782203,89.50411699672827,92.88121731771834,110.27552520903279,127.61641333515828,130.93777989580437,134.79952037442487,2,-26.27947378923089,0.00017186248442158103,57.68890115006113,8.540926041956377,0.9998281002044678,114.40604560056224,9.207352218276773,40.94899371320639,43.64032797242489,57.68890115006113,71.73747432769736,74.42880858691586,77.5580662901064,96.35996685976478,99.26129890970999,114.40604560056224,129.55079229141447,132.45212434135968,135.82554985909562,114.39629378259106,9.237236889648308,84.77329893310582,0.5527581500772676,96.33342767536124,99.24665055550729,114.40406243760685,129.55004560592786,132.45147858473052,135.82504074410676,2,-30.44271304658352,4.9545902584213763e-05,63.69682653638112,13.609434024913996,0.9999504089355469,107.90234528267351,9.815011555548887,37.022825997575694,41.311299619744545,63.69682653638112,86.08235345301767,90.37082707518654,95.35710444713888,88.66527612595323,91.7580879269583,107.90234528267351,124.0466026383887,127.13941443939378,130.73547654861096,107.90015020727644,9.820193035949185,96.33885123584975,0.09681423299485499,88.65735850037885,91.75366787207862,107.90173701330818,124.04639775123232,127.13926528982158,130.73540003818155,2,-23.9465694712689
171,315,set,0.299,100.04451981129999,99.34403136092381,99.7443552175774,99.40229400614109,99.4968935282141,0.9926281571388245,99.72237996333509,5.671278830238978,0.007371856365352869,134.97034380222829,21.991672794254388,88.60687770978224,90.3939564099634,99.72237996333509,109.05080351670676,110.83788221688793,112.91574741315436,91.86745716570034,98.79726104386893,134.97034380222829,171.14342656058764,178.0732304387562,186.13062505374378,99.98222423659526,6.677039667383993,35.49157797888253,9.091415734702387,88.61225066311893,90.40550248427385,99.76939050464965,109.40669866946843,111.51172787783266,114.77370074366823,2,-0.4853307083811558,0.9844961166381836,97.22709051619881,6.4388040011436525,0.015503925271332264,123.25589731843735,19.72446303013613,84.60726657044485,86.63620040168803,97.22709051619881,107.8179806307096,109.84691446195276,112.20598851562501,84.59666016497874,90.8120427636477,123.25589731843735,155.699751873227,161.91513447189595,169.1418599551917,97.63064326650296,7.562271115326474,46.847304907573616,10.341038984843152,84.60720451025527,86.65391507840862,97.33019725921675,108.60249768190734,111.3834430391504,117.99740641364495,2,1.8662502617111443,0.10897243767976761,90.97181412201934,16.212710668711054,0.8910276293754578,101.32846638969997,7.977355725623899,59.19548511957737,64.30427817587513,90.97181412201934,117.63935006816354,122.74814312446131,128.68821911861454,85.69313647561273,88.2068838909254,101.32846638969997,114.45004888847453,116.9637963037872,119.88657092247266,100.19988354049227,9.785757146846716,85.34702017744783,10.41469599519178,78.14628106787929,84.05282132272256,100.77228413828792,114.66262539266648,117.42960000170594,120.84117904816934,2,-0.702990012278164,0.9928005933761597,96.61242635556218,5.982252924781395,0.007199433166533709,114.0921943902436,18.883283283756093,84.88742607658124,86.77249593489444,96.61242635556218,106.4523567762299,108.3374266345431,110.52922772910198,77.08163924421441,83.03195739220527,114.0921943902436,145.1524313882819,151.1027495362728,158.02128031232053,96.73827334164838,6.346692897009975,38.09686464098586,2.1838944822833324,84.8605402118318,86.76237046949807,96.64746379806914,106.71508445649745,108.80661773443167,111.61676373449235,2,2.7586201865657216,0.9612430930137634,97.51288127260474,6.490271033569477,0.03875688463449478,109.93916763428611,15.91202943184774,84.79218379690502,86.8373354231399,97.51288127260474,108.18842712206958,110.23357874830447,112.61150949349795,78.7521630269232,83.76620831115277,109.93916763428611,136.11212695741943,141.12617224164902,146.95608347474038,97.99448323997689,7.487110228939819,50.303996454847,5.752608483490958,84.6502780152093,86.77913802732718,97.69603453804551,109.58025328881233,112.9109624963169,120.51533666613261,2,1.5024102882372148
172,319,set,0.385,25.4561681695564,30.9799804268484,30.9424609467465,30.0586715209417,30.660370964845537,0.9655436873435974,31.007487108124963,7.3073033132536676,0.034456316381692886,110.08554793097812,12.205210816020301,16.685435790037562,18.988042750085153,31.007487108124963,43.02693146616477,45.32953842621236,48.00681663588422,86.1637743078596,90.00976265253979,110.08554793097812,130.16133320941645,134.00732155409665,138.47911416504724,33.73222590619984,16.270603402925374,56.689688928658484,208.04285040549857,16.79524024768483,19.11264039962481,31.3344225653927,46.659551665455524,102.76937417272958,116.83180307699804,2,-3.0718549413542995,0.9855420589447021,23.71873892780281,8.806561209754618,0.014457903802394867,105.67389083058691,12.70265274600015,6.458196129036267,9.233234780967777,23.71873892780281,38.20424307463784,40.979281726569354,44.205863875725996,80.7771489403078,84.77988638942348,105.67389083058691,126.56789527175033,130.57063272086603,135.2246800409234,24.90363774653204,13.208776915969509,78.76711677549943,95.70464773642794,6.513024667590659,9.29544624367146,23.880667879945523,39.55572176604647,43.98247079308066,99.31539661936718,2,5.756733218313496,0.8864546418190002,26.684009421628176,8.16877722177186,0.11354533582925797,74.61687796150386,8.797549814228578,10.673500269224164,13.247566580638155,26.684009421628176,40.12045226261819,42.69451857403219,45.68742694501039,57.3739971734188,60.146196241283725,74.61687796150386,89.08755968172399,91.85975874958892,95.0830392686029,32.126562480813945,17.297284702531105,67.94021707116984,231.25581793965625,11.098762219603344,13.730798114472256,28.001082242740026,75.93717730445665,81.40506321137782,86.51763750988418,2,-1.4661915159684078,0.9478625059127808,34.28989616057595,9.124902339661997,0.05213749781250954,94.20279044242334,12.195354259159906,16.405416212393156,19.280767451604934,34.28989616057595,49.29902486954696,52.174376108758736,55.51759331927893,70.30033531576277,74.14321775728607,94.20279044242334,114.26236312756059,118.1052455690839,122.57342689639489,37.413604682876695,16.250223453760686,86.67691079898451,177.3928567127477,16.615324314348953,19.5188695157283,34.91945786694654,73.0198283601734,94.82969378243044,104.82838533566415,2,-6.753233718031158,0.9940798878669739,32.2157824371001,10.485870026821607,0.005920084193348885,90.25558379563877,15.424058522470245,11.663854837961697,14.968061091740847,32.2157824371001,49.463503782459355,52.7677100362385,56.60956388146512,60.024984596159,64.88526519264181,90.25558379563877,115.62590239863572,120.48618299511853,126.13730954846893,32.55938204760934,11.425209163281936,110.71093073733557,19.824444068181112,11.690477705442722,14.998260851031862,32.29403580068572,50.06368160308045,53.91662235862481,59.81125705399241,2,-1.8990110827638027
173,320,set,0.17,30.0586715209417,30.0802360215639,30.6973894326079,30.159716812323,30.312447422164933,0.9998032450675964,35.16923164836573,7.083148965588882,0.0001967487478395924,113.34309606885363,16.980833352214937,21.28651477867938,23.518488382079283,35.16923164836573,46.81997491465217,49.05194851805208,51.647100185978005,80.06127427103578,85.41211074080435,113.34309606885363,141.2740813969029,146.62491786667147,152.84642163722066,35.18461204079788,7.170773523977737,50.21786012308208,1.2021251528742318,21.287099509635958,23.519049427597224,35.17097876091049,46.83285659133378,49.07535471762506,51.69948954118657,2,-4.872164618632947,0.9998595714569092,25.517319080157854,7.447963678772113,0.00014042574912309647,109.28075951452087,17.423442696598226,10.919578511602062,13.26650900972671,25.517319080157854,37.76812915058899,40.11505964871364,42.84387355020276,75.13143934249089,80.62174660104012,109.28075951452087,137.9397724280016,143.4300796865508,149.81374839022456,25.529081552735413,7.516125173843202,55.50700302240535,0.985132785550456,10.919871509320863,13.266886067227523,25.518630114183676,37.77790445123448,40.13268981079115,42.88315113518818,2,4.78336586942952,0.9934415817260742,30.888396192829553,7.686961858379076,0.006558346562087536,61.4476230991331,8.565747168092429,15.822227799873477,18.244469099837097,30.888396192829553,43.532323285822,45.954564585785626,48.77094356990275,44.65906714899597,47.358222802146955,61.4476230991331,75.53702339611922,78.23617904927022,81.37453081319627,31.08881197848689,8.078834692154958,59.18304889040172,6.0844517822525015,15.843826853445531,18.26896715082732,30.951975544262467,44.013743793462055,46.86176830947722,51.13604251664803,2,-0.7763645563219583,0.9993473887443542,36.445727106574786,8.484156856971117,0.0006525767385028303,91.1025767702228,14.87565308962579,19.817085227722853,22.490530928760634,36.445727106574786,50.40092328438893,53.074368985426716,56.18282737381857,61.94683246804426,66.63430483247993,91.1025767702228,115.57084870796565,120.25832107240132,125.70852071024282,36.481393637262755,8.60387181492966,72.07834749605853,1.9482167730904527,19.81940127399791,22.49316766285857,36.45266937888331,50.45209368404174,53.16734878104404,56.39256582204751,2,-6.168946215097822,0.9999387264251709,35.273943844855886,8.706407533610873,6.129255052655935e-05,86.9019410884502,19.508264998344593,18.20969864425037,20.953177835478414,35.273943844855886,49.59470985423335,52.3381890454614,55.5280765012047,48.66644429083145,54.813700650392626,86.9019410884502,118.99018152650777,125.13743788606894,132.2849518935745,35.27710892583321,8.716854499780375,75.8202137637193,0.1633622213922285,18.209787990750563,20.95332120977277,35.27460714934081,49.59953674714078,52.34683414886423,55.54695276134898,2,-4.964661503668278
174,327,set,0.647,8.03207690231709,48.8868226058534,48.8633170862804,48.616708784942,48.7889494923586,0.3473239839076996,13.624258175666235,5.967082553232762,0.652675986289978,110.65331524166416,10.56892565012651,1.928991278552708,3.8092807956624704,13.624258175666235,23.439235555669995,25.319525072779758,27.505767987605463,89.93860161213462,93.26897955307312,110.65331524166416,128.03765093025518,131.3680288711937,135.24031295873166,76.95279328896846,47.11132467809031,85.27218017747377,2134.2045562655917,4.905025075997265,7.282961268118059,102.98039361852933,125.74859796152572,129.36796060176482,133.49996469010634,2,-28.163843796609868,0.6315038800239563,9.909016758813465,8.607709565544647,0.3684961497783661,105.52429453037585,11.113139576678023,-6.961783979034962,-4.249405539817536,9.909016758813465,24.06743905744446,26.779817496661888,29.933543606979264,83.74294120492021,87.24480659085906,105.52429453037585,123.80378246989265,127.30564785583148,131.3773231584999,45.14287877293491,47.11443736981046,92.2997688213792,2127.4705005859546,-5.201787523043698,-2.233393160427482,16.903187087463827,117.74773306859517,122.1056552003746,126.91309553397099,2,3.6460707194236903,0.2945566177368164,22.255841490883668,6.680549641094845,0.7054433822631836,87.88308696068117,8.670040899960872,9.162204797405785,11.267315183699452,22.255841490883668,33.24436779806788,35.349478184361544,37.79712394586896,70.89011905226862,73.62213874056292,87.88308696068117,102.14403518079942,104.87605486909372,108.05261817615228,68.55214750371381,31.00201571310421,66.17388966030641,894.9510886152534,13.083302279781588,15.874775631767903,83.11623393474162,100.62191470262782,103.54345459709475,106.89129572167258,2,-19.763198011355215,0.3761502206325531,21.888547546318655,8.85621375214037,0.6238497495651245,99.3482616153982,10.959198104476863,4.530687552735188,7.321372235053056,21.888547546318655,36.45572285758425,39.246407539902116,42.49118158066166,77.86862803118392,81.32198486476972,99.3482616153982,117.37453836602667,120.82789519961248,124.84316882694037,70.21177011737053,38.88956805621451,104.42927519238238,1407.9690814902688,8.58056040544749,12.034474094235945,90.06686846507999,114.73590661085933,118.5250731391422,122.84128998600458,2,-21.422820625011937,0.8323348164558411,19.23124506183511,10.692422792086337,0.16766522824764252,96.69585036493571,13.807321142471285,-1.72551851812932,1.643774651373306,19.23124506183511,36.81871547229691,40.18800864179954,44.105540092550996,69.63399820271356,73.98482810525806,96.69585036493571,119.40687262461334,123.75770252715786,128.81648255092293,32.21936665079666,31.057229062195248,127.12315004350316,837.4283733842932,-0.8733894350230452,2.613383973759406,21.96007397726058,104.00747525440528,111.05921334488706,118.20459570943359,2,16.56958284156194
175,328,set,0.17,48.616708784942,48.8338000216822,48.820806646659896,48.6412551778616,48.7652872820679,0.9996308088302612,53.132158935282476,6.625828188725695,0.0003692109021358192,118.72800858232992,17.803355064526972,40.14577431762985,42.23364140749971,53.132158935282476,64.03067646306523,66.1185435529351,68.54614025588437,83.83407385187829,89.44409543253786,118.72800858232992,148.01192173212198,153.62194331278155,160.14480578748646,53.15637868653189,6.752067837077923,44.00241598880354,1.5880598435720024,40.14672053051337,42.2347502052383,53.135225227328775,64.05340544554046,66.15966919076946,68.63849944317792,2,-4.391091404463985,0.9996665716171265,45.27063833299552,7.052247754301544,0.0003334001521579921,113.13859721027319,17.63244039286591,31.448486724511014,33.67072303617224,45.27063833299552,56.87055362981879,59.09278994148002,61.67661990342421,78.57964908070672,84.13581367806205,113.13859721027319,142.14138074248433,147.69754533983965,154.15778743236865,45.29326424278934,7.166343395643067,49.821270686948445,1.5351490625862845,31.44937573692148,33.67184789107093,45.273586106070596,56.89229794171674,59.1323612989573,61.76523946852728,2,3.472023039278561,0.9708640575408936,45.65866068249467,9.634564808611156,0.029135962948203087,69.49685012353702,8.419051993922753,26.77526065089976,29.811211812951587,45.65866068249467,61.50610955203774,64.54206071408957,68.07201004231592,52.99581143147829,55.64874191584015,69.49685012353702,83.34495833123388,85.99788881559574,89.08249383103852,46.35321022230584,10.404797407023633,92.18546965288132,16.074383451609602,26.897386367203566,29.94969939201414,46.01920619317897,63.90895716840074,68.384428156973,74.12838411530127,2,2.412077059762062,0.9989769458770752,52.361721662215196,7.636334499226995,0.001023084856569767,96.88828783830459,15.5065207492214,37.39478106982958,39.801069164547016,52.361721662215196,64.92237415988338,67.32866225460081,70.12649218995665,66.49606564430758,71.3823309425495,96.88828783830459,122.39424473405967,127.28051003230159,132.96184941702597,52.407277727051564,7.779856904981715,58.49994960045791,2.0263082721889205,37.39800389270915,39.804762983506386,52.37148293608244,64.9934723702756,67.4574643103368,70.41675577827804,2,-3.641990444983662,0.9997764229774475,52.14733469042585,7.949752152757212,0.00022358386195264757,91.5863781255498,17.7244532170983,36.56610678500195,39.07115602859787,52.14733469042585,65.22351335225383,67.72856259584975,70.64122371014419,56.847088174372026,62.432246965673954,91.5863781255498,120.74050928542563,126.32566807672757,132.81962218568276,52.15615298072529,7.975107793464778,63.25466981036046,0.34769311199900627,36.566821548433,39.07191149545714,52.14950472607773,65.23875227057766,67.75573158131836,70.69986225071455,2,-3.390865698657386
176,329,set,0.17,13.5886070943943,12.7868816823445,13.5220762769505,13.7686560125724,13.359204657289133,0.9999169111251831,18.94590981446003,7.273244409091302,8.304223592858762e-05,109.65449644224518,17.234815309309703,4.690612721883767,6.98248736846168,18.94590981446003,30.909332260458378,33.201206907036294,35.86600648292901,75.8748791557986,81.30574797088835,109.65449644224518,138.003244913602,143.43411372869173,149.74867239654435,18.95344157469535,7.321447335583905,52.920355596889074,0.6832187366141713,4.69072886092702,6.982757779740074,18.946667204859367,30.914996641020625,33.21146444894643,35.88865992618536,2,-5.594236917406217,0.9999462366104126,7.965738400344193,7.625142285614986,5.380268339649774e-05,106.45301433158895,18.030732275786562,-6.979265856454614,-4.57650454417066,7.965738400344193,20.50798134485904,22.910742657142997,25.704471945743535,71.11342845616335,76.79509895117043,106.45301433158895,136.11092971200745,141.79260020701452,148.3987700287646,7.97103759307391,7.6602220739686855,58.157160567617304,0.5218441515278617,-6.979130893082605,-4.576437620650239,7.9662522716784725,20.511904091257716,22.917596313920832,25.71987451773546,2,5.3881670642152235,0.9981908202171326,19.967424488542818,6.094703286735451,0.0018091739621013403,55.14674778133792,8.588327107475774,8.022025550083436,9.942529682162949,19.967424488542818,29.992319294922684,31.912823427002195,34.14582452254956,38.31393596323635,41.020206789160746,55.14674778133792,69.27328877351509,71.9795595994395,75.12618428938151,20.03106988802278,6.280653366250307,37.21164894999177,2.23495542145343,8.026699752031945,9.94784750598993,19.981268595939394,30.09533999923872,32.10214338566977,34.588448590136345,2,-6.671865230733648,0.9996925592422485,22.59405420226203,9.13129455826063,0.0003074600826948881,86.52355577338693,14.888473199217037,4.697045735844611,7.574411229344786,22.59405420226203,37.61369717517927,40.49106266867945,43.83662188511234,57.34268451813169,62.03419663188499,86.52355577338693,111.01291491488887,115.70442702864216,121.15932374809952,22.613710408730547,9.202132726280881,83.42305937490862,1.256197219568503,4.698228850160112,7.575761794647447,22.597573749565612,37.63968321366755,40.538121069843996,43.94224224386859,2,-9.254505751441414,0.9999843835830688,20.441988065843503,9.104494986273702,1.555875496705994e-05,83.81833428766366,22.16411726281124,2.597505795321549,5.466426466109706,20.441988065843503,35.4175496655773,38.286470336365454,41.62221062137682,40.37746270343114,47.36160561975084,83.81833428766366,120.27506295557646,127.25920587189617,135.3797813619965,20.442972944159894,9.108276099702238,82.89817769044502,0.06249172015402919,2.597374588564543,5.466364975475128,20.442165413831393,35.41900019014986,38.288944186406326,41.62754735761751,2,-7.083768286870761
177,330,set,1.226,13.7686560125724,96.46755120979961,97.02191239891529,98.1650016246308,97.2181550777819,0.0012846128083765507,12.59704140660687,3.9006027220691646,0.9987154006958008,119.10526335690696,10.574823257262423,4.952000553352407,6.181120871914617,12.59704140660687,19.01296194129912,20.24208225986133,21.671200256570387,98.37899062979606,101.71122696782808,119.10526335690696,136.49929974598584,139.83153608401784,143.70598095979705,118.96844313921079,11.236392537738169,111.70277918175213,14.553929211631074,98.1470845450426,101.58468662038275,119.08821551983807,136.49271533415504,139.82578143057123,143.70093727504303,2,-21.75028806142889,0.0018279778305441141,17.758984993510722,6.835992097873576,0.9981720447540283,113.41433109560637,10.407143797332543,4.360686683078102,6.5147785975117625,17.758984993510722,29.003191389509677,31.157283303943338,33.6618806773589,93.01670407090516,96.29610287435841,113.41433109560637,130.53255931685433,133.81195812030757,137.62496794336826,113.23947780497289,11.175469313799162,108.19608151239443,16.69532247729703,92.6887376686823,96.11800297197037,113.39044402213773,130.5233870983313,133.80382684826955,137.61787350076307,2,-16.02132272719099,0.0005017012008465827,31.49080139807259,6.107993311516661,0.9994982481002808,113.90033727928451,9.057859505209777,19.519354489688396,21.444046446229073,31.49080139807259,41.5375563499161,43.462248306456786,45.70011865297505,96.14725887204955,99.00148421972334,113.90033727928451,128.79919033884568,131.65341568651948,134.97206948258992,113.85898654155301,9.242755920174051,82.02236993125334,3.40550981512465,96.07074331290647,98.95940498280684,113.89463950042504,128.79700198588367,131.65153737228323,134.97039012780974,2,-16.640831463771107,0.0010995038319379091,21.87362550951275,6.896553532742207,0.9989005327224731,117.94729354375022,10.332703057174415,8.356628967885545,10.529804417716736,21.87362550951275,33.21744660130876,35.39062205113995,37.91740815861643,97.69556768874145,100.9515094439443,117.94729354375022,134.94307764355614,138.199019398759,141.98475533390322,117.8416644890921,10.80909719354674,106.699663212734,10.137426545405724,97.5023013848106,100.84579729191186,117.93303861708299,134.9376171547265,138.1942166858281,141.98056428462246,2,-20.623509411310195,0.0013544177636504173,24.195091612863237,9.229618652197617,0.9986456036567688,112.19688168152926,10.887939753466519,6.105371463516789,9.013719897417023,24.195091612863237,39.37646332830945,42.284811762209685,45.666395342610855,90.85691189889297,94.28781448801074,112.19688168152926,130.10594887504777,133.53685146416555,137.52601717969085,112.07769289713147,11.356787030174546,118.50204938011947,10.474831339273805,90.60491392506975,94.15031246543853,112.1783738601562,130.09885410176568,133.53056781154734,137.52054609022596,2,-14.859537819349569
178,336,set,0.17,12.4122762376901,12.630333995289101,12.3352503957148,12.3242530701563,12.429945820386735,0.9999227523803711,17.77850602511006,7.278247462347347,7.729588833171874e-05,109.42786972327437,17.283466966641214,3.513403128339215,5.806854288817673,17.77850602511006,29.750157761402445,32.0436089218809,34.71024153588496,75.55289694066985,80.9990963968986,109.42786972327437,137.85664304965013,143.30284250587889,149.63522635717527,17.78559100223757,7.324006644481714,52.99188378478636,0.6492048123317117,3.5135223438709158,5.806998771273485,17.779210735351747,29.755457144728066,32.05315355295641,34.73138972992819,2,-5.355645181850836,0.9999500513076782,6.714284962710849,7.630816254280933,4.9927286454476416e-05,106.27368646300862,18.1000423652794,-8.241840068322622,-5.837290829743395,6.714284962710849,19.265860755165086,21.670409993744315,24.466218133053587,70.79825530841181,76.50176613050348,106.27368646300862,136.04560679551375,141.7491176176054,148.38068153952548,6.719255549743697,7.664050118495865,58.24280498126093,0.4948582711150107,-8.241677493581234,-5.837215347214805,6.714762667950688,19.269437246440223,21.6768688473479,24.480566381411833,2,5.710690270643037,0.9983470439910889,19.260359223385436,5.988193750394634,0.001652938430197537,54.72193072946098,8.585768299215106,7.523715140164116,9.410657014160678,19.260359223385436,29.110061432610188,30.997003306606754,33.190981023960646,37.89413408339365,40.59959860233204,54.72193072946098,68.84426285658992,71.5497273755283,74.69541455934728,19.31897467915069,6.164107226993145,35.921038974210894,2.075172370881765,7.527918314278773,9.415455865434947,19.27278495936327,29.202424521589442,31.16656059538506,33.58573235106751,2,-6.889028858763954,0.9997120499610901,21.613826208168533,9.1717113806428,0.0002879599924199283,86.21925104450409,14.90649324623881,3.637602225512506,6.527703478366124,21.613826208168533,36.69994893797094,39.590050190824556,42.9504174798431,57.003061146086466,61.700251563300554,86.21925104450409,110.73825052570763,115.43544094292172,120.8969399172959,21.632430200948125,9.239134544916789,84.16005293908816,1.2015588578515077,3.6387010380370137,6.528961447733316,21.617137158499435,36.724407077945074,39.63430822460385,43.04970787124318,2,-9.20248438056139,0.9999860525131226,19.388346284934023,9.12116771441506,1.4000454029883258e-05,83.63646544701967,22.395580335196975,1.5111860677309785,4.385360487845736,19.388346284934023,34.3913320820223,37.26550650213706,40.60735540613345,39.74193457716012,46.799013904987845,83.63646544701967,120.47391698905149,127.53099631687923,135.73637614771602,19.38924681471835,9.124655217781013,83.20156219953087,0.057790556471861446,1.5112161422175712,4.385318049121406,19.388505193614332,34.392619973577055,37.26778543215058,40.61209979926,2,-6.959300994331617
179,337,set,0.494,12.3242530701563,12.1126979956755,12.2322168948199,11.8606487632546,12.068521217916667,0.8597649335861206,18.201591593863704,6.746920874129587,0.1402350664138794,109.06162399828638,11.435115174726157,4.977869674028211,7.103894323297052,18.201591593863704,29.299288864430352,31.425313513699194,33.89727662571684,86.64921009675567,90.25253332853023,109.06162399828638,127.87071466804252,131.4740378998171,135.66367987442274,30.94335427246515,32.447483118985694,57.47470704747145,995.3644537093901,5.419314097778306,7.605820416051375,19.590601475105817,113.2664590527329,119.60449102058344,125.82683163071653,2,-18.874833054548482,0.9479364156723022,11.99434259012105,8.839724874029537,0.05206356197595596,104.42895720896145,12.023178705573079,-5.331199796219714,-2.5457109301795846,11.99434259012105,26.53439611042168,29.319884976461807,32.5586177579256,80.8639599663493,84.65258810761385,104.42895720896145,124.20532631030903,127.99395445157359,132.39905342988448,16.806817608958205,22.433857854955505,81.5985923374478,421.67937960522414,-5.128234604927002,-2.315399399912686,12.603317162053516,83.32914023330927,105.02647713451208,114.8925785105356,2,-4.738296391041539,0.7689290642738342,21.42598086951731,6.950005871094672,0.23107090592384338,78.57095840420583,8.725004513004556,7.804219669829825,9.99423850511321,21.42598086951731,32.857723233921405,35.047742069204794,37.59411225230976,61.47026379376746,64.21960308582231,78.57095840420583,92.92231372258934,95.67165301464419,98.86835410403071,34.63052195891147,25.198115860256518,54.731694208095675,580.2133129576932,8.602581786438366,10.904322635424435,24.10876013410154,85.41543632223586,89.35684279691031,93.52449575540993,2,-22.562000740994804,0.8393805623054504,24.558703068757133,9.239296847088099,0.16061940789222717,94.92711840223794,11.630963477765832,6.450014005989981,9.361412139342965,24.558703068757133,39.75599399817129,42.66739213152428,46.052521646612774,72.13084888031617,75.79588594089469,94.92711840223794,114.05835086358118,117.72338792415971,121.98478556178515,35.86123554202875,27.585793493126513,93.38187407768469,667.5940902411087,7.152053657840257,10.160043115924665,26.796223136229383,100.65170515766697,106.70360921985004,112.79330194555801,2,-23.792714324112083,0.9831809401512146,21.766904682838344,10.73493673963013,0.01681911014020443,92.07248995439474,15.290993632839767,0.7268152968474517,4.109505051563104,21.766904682838344,39.42430431411358,42.80699406882923,46.74010194503981,62.10269314619751,66.92104361772637,92.07248995439474,117.2239362910631,122.04228676259197,127.64466048412356,22.94938315968071,14.105661779931445,117.23320900329145,81.73651173371972,0.8047053985370608,4.197850157330298,21.997080478298884,41.39307138800597,47.45788897743063,88.41329783598225,2,-10.880861941764044
180,338,set,0.647,11.8606487632546,16.6054672172375,15.625688506899799,15.568673027507499,15.933276250548266,0.2890603244304657,17.315198460126005,6.137914217977057,0.7109396457672119,110.62178084538364,10.357355425446626,5.28510765269464,7.21922799676943,17.315198460126005,27.411168923482577,29.34528926755737,31.59412215216198,90.32173723642772,93.58544720821224,110.62178084538364,127.65811448255504,130.92182445433954,134.71659262005676,83.6505465728171,43.316304598301436,87.15597246868033,1789.1460630449626,8.950925689419723,11.53029869966358,105.09197734718016,125.88173799427581,129.36641741232302,133.3608189459683,2,-67.71727032226885,0.5624870657920837,13.620438485479802,8.801960842946029,0.43751293420791626,105.44723941534335,10.829320406047206,-3.631087760026233,-0.8574987313248172,13.620438485479802,28.098375702284415,30.871964730985834,34.09686137985803,84.22216144244615,87.634592468037,105.44723941534335,123.25988636264968,126.67231738824054,130.64000591925836,53.795851599230616,46.583293428501,94.88738323494023,2075.1158434108843,-1.3541992076176912,1.7587039620045595,24.365479019483868,118.48645223501707,122.54929334089161,127.08467833639062,2,-37.86257534868235,0.2575920820236206,23.403872426270837,7.106338765707812,0.7424079179763794,88.57152026005846,8.739824334681554,9.475704383542702,11.714985333150489,23.403872426270837,35.09275951939118,37.33204046899897,39.93568850608922,71.44177933287588,74.19578850423876,88.57152026005846,102.94725201587815,105.70126118724104,108.9033920205353,71.78485017397102,29.696336550511678,69.71689262827515,812.1555118929809,14.176071912761829,17.272037095219318,84.64247776478231,101.64487931359004,104.55970083126704,107.90750824741849,2,-55.851573923422755,0.31555214524269104,24.782615941754962,8.901753679104488,0.6844478845596313,99.67483415021704,10.83358394313569,7.3354993314632395,10.140534116451327,24.782615941754962,39.42469776705859,42.229732552046684,45.49119168837492,78.44139979817966,81.85517430846706,99.67483415021704,117.494493991967,120.90826850225442,124.87751912457374,76.04243700309465,36.286752302256865,105.33601725112636,1211.3925477247235,12.228500003078583,15.873384853597504,93.01894724558099,115.42078224601126,119.09413197646663,123.29745251605112,2,-60.10916075254638,0.7733146548271179,22.341010703532035,10.89113723478099,0.22668537497520447,96.66342415880561,13.382468418200359,0.9947739726781357,4.426684121276288,22.341010703532035,40.255337285787775,43.68724743438593,47.67758465555183,70.43426803488819,74.65122244356522,96.66342415880561,118.675625874046,122.89258028272302,127.79570111290471,39.18881553251691,33.175989462009206,132.32535238520495,968.320970167453,2.218249045698544,5.821134014775856,26.43684718127132,106.97155591013183,113.05716218146178,119.4781479627992,2,-23.255539281968645
181,339,set,0.829,15.568673027507499,75.4009066205012,75.3055144722138,73.8391561661233,74.8485257529461,0.026140619069337845,19.597688357005154,5.52471674153916,0.9738593101501465,113.08311291747887,9.695405448563458,8.769442518802917,10.510337986804945,19.597688357005154,28.68503872720536,30.42593419520739,32.45010140336262,94.08046742278108,97.1355901006442,113.08311291747887,129.03063573431353,132.08575841217666,135.63799877070846,110.63933804142715,17.743364076060473,92.34151570105095,222.48458660581733,29.044996177757252,93.99673345445485,112.7568804193092,128.90585868007167,131.9757235818198,135.5415787023376,2,-35.79081228848105,0.06858200579881668,18.859588109083006,8.587911386884361,0.9314179420471191,107.4965333846983,9.943152968802204,2.0275910883682293,4.733730916428412,18.859588109083006,32.9854453017376,35.69158512979778,38.83805750641257,88.00831167307345,91.1415021606307,107.4965333846983,123.8515646087659,126.98475509632313,130.6277661549342,101.41762828343555,24.47460949394318,97.1439125808501,501.8620608676952,15.884861477775415,24.097848173289027,106.5776352803814,123.50665304200304,126.68091231407449,130.3615782702332,2,-26.569102530489445,0.025761151686310768,27.03901559848137,7.486962523493477,0.9742388725280762,99.27141230263867,8.836772297419909,12.364838698833033,14.724058136863373,27.03901559848137,39.353973060099364,41.7131924981297,44.45629494803387,81.95165686011437,84.73621533868322,99.27141230263867,113.8066092665941,116.59116774516296,119.82881875012447,97.41062497827349,14.438402289441795,77.5209269389502,130.94676349900473,41.170736854449736,81.93337900989853,98.9785020198302,113.69452527084714,116.49236630716244,119.74213883513484,2,-22.562099225327387,0.03241503983736038,27.264091940329088,8.384756417146464,0.9675849080085754,105.73680870148112,10.210920934156052,10.830271343580911,13.47239493648109,27.264091940329088,41.05578894417708,43.69791253707726,46.769952205708066,85.72377142154917,88.94133836841982,105.73680870148112,122.53227903454243,125.74984598141307,129.49096290865418,103.19310694691818,17.213455352528396,103.16212612831401,193.14036366607388,33.49363462764679,84.36518583115512,105.30795386814005,122.36867142613151,125.60554875459731,129.36454206655335,2,-28.344581193972076,0.11330153793096542,25.989583160061827,10.882630054823741,0.8866984248161316,101.96340207422473,11.611671572697066,4.660020195534134,8.08924964361389,25.989583160061827,43.889916676509756,47.31914612458951,51.306366452073995,79.20494399143091,82.86390197290464,101.96340207422473,121.0629021755448,124.72186015701855,128.976189551429,93.35544775032868,26.699348909089057,132.9728480668081,579.8820594344905,17.609958268005133,24.382502885763486,100.09579824464943,120.37759648380356,124.1187227820413,128.448335062241,2,-18.506921997382577
182,340,set,0.893,73.8391561661233,77.60504619052351,79.7616085045017,78.0412276197269,78.46929410491737,0.002903854940086603,69.6663258943062,8.789225112286701,0.9970961809158325,113.38599623866304,8.75588651607975,52.43976122220925,55.20933709026845,69.6663258943062,84.12331469834393,86.89289056640314,90.11312104874074,96.22477401442684,98.98384454551376,113.38599623866304,127.7881479318123,130.54721846289925,133.75523422068804,113.25904472351372,9.066483797689571,76.6672499814854,5.534338418069836,95.7782425155667,98.74370706247677,113.3540364353082,127.77581918875399,130.53636396777986,133.74572640921266,2,-34.78975061859636,0.003351230639964342,66.82424452503876,11.480756630811609,0.9966487288475037,107.03125286192399,8.414235534727538,44.32237501337859,47.940080340701115,66.82424452503876,85.7084087093764,89.32611403669893,93.53247830550764,90.53965425642089,93.19106702460343,107.03125286192399,120.87143869924454,123.52285146742709,126.60569180981629,106.89650556753706,8.740922636751995,71.0038100291616,5.3994555813725835,90.05098788525535,92.9268091982556,106.99580974743152,120.85779807864802,123.51080490822332,126.59515963089461,2,-28.427211462619695,0.003893868066370487,43.537942348295836,14.886068056653524,0.9961060881614685,105.79204877557817,9.611967719038397,14.361785085842769,19.052539314262823,43.537942348295836,68.02334538232884,72.71409961074889,78.16811512471904,86.95293822570129,89.98176881077738,105.79204877557817,121.60232874037894,124.63115932545503,128.15282944411234,105.54963486781395,10.388730688572778,92.89302699578582,15.03221067028074,86.28314155282655,89.62522416219718,105.74495827550057,121.58416210433764,124.61516193034713,128.1387748648607,2,-27.080340762896583,0.0026440033689141273,65.92902178778283,8.81677792059272,0.9973560571670532,109.5923304356549,9.467833411152117,48.64845460373314,51.42671264707023,65.92902178778283,80.43133092849543,83.20958897183252,86.43991435924393,91.03571793817174,94.019130309949,109.5923304356549,125.1655305613608,128.14894293313804,131.61780456346148,109.47689113476973,9.728057263835526,89.60839992744887,5.027423736065506,90.59872658231339,93.78331008982072,109.5608722435854,125.15341660721279,128.1382340141643,131.6084336777784,2,-31.007597029852363,0.0013372029643505812,68.18256765299064,13.490655929073506,0.9986628293991089,104.09006397806712,9.551722533662572,41.74136790418482,45.99241331809969,68.18256765299064,90.37272198788159,94.62376740179646,99.56652639300725,85.3690318217688,88.37887852493813,104.09006397806712,119.80124943119611,122.81109613436544,126.31069338768104,104.0420517362534,9.647706390051356,91.35677405512787,1.7218148598227772,85.17449514632574,88.26847041530137,104.07415913653892,119.79510472443211,122.80568123483286,126.30596507039769,2,-25.57275763133603
183,342,set,1.493,85.21945287406871,111.9389995138,111.9909744233,111.9403402762,111.95677140443333,0.00020491213945206255,65.45754387256163,8.656207557179005,0.999795138835907,116.0619828255025,11.21177306003205,48.491688817787335,51.21934947649099,65.45754387256163,79.69573826863225,82.42339892733592,85.59489392046126,94.08731142500324,97.62025724315197,116.0619828255025,134.50370840785303,138.03665422600176,142.14446724793643,116.05161927795213,11.234651939573478,125.6934573636798,0.5246333747138582,94.04886399434122,97.59901424183212,116.05910213123735,134.50263652848784,138.03571658507593,142.14361241551325,2,-4.094847873518802,7.066634861985222e-05,61.27283111264917,10.462009311292777,0.9999293088912964,109.94921352923764,10.191677735625225,40.76766965659263,44.06435715176917,61.27283111264917,78.48130507352917,81.77799256870571,85.6111042321706,89.97389222537346,93.18539544107392,109.94921352923764,126.71303161740136,129.9245348331018,133.65860136241875,109.94577102467649,10.19992209153437,103.87068704951851,0.16742432216019074,89.96183489200209,93.17874991945125,109.94831115348423,126.71269492387337,129.92429630447612,133.658345270884,2,2.0110003797568368,0.00046632945304736495,31.579063132876207,9.624474323167146,0.9995336532592773,110.37564407093473,12.566093333774537,12.715440089338085,15.748211634913407,31.579063132876207,47.409914630839005,50.44268617641433,53.96893851333675,85.74655371036776,89.70625987426496,110.37564407093473,131.0450282676045,135.00473443150167,139.6087485829599,110.33889699630558,12.679531240572155,157.87625873066654,2.8940432781983385,85.64796771596662,89.65203614019124,110.3682965343986,131.04221515233917,135.0023030153496,139.6065771700862,2,1.6178744081277472,3.7030575185781345e-05,56.09050349661463,8.425448328566846,0.9999629259109497,117.67249537275151,9.408809319262618,39.57692821902042,42.23187425467923,56.09050349661463,69.94913273855002,72.60407877420884,75.69102730361706,99.23156796959195,102.19638123866758,117.67249537275151,133.14860950683544,136.11342277591106,139.56065892987374,117.67020983578622,9.416266214910765,88.52503952994441,0.1404273950459576,99.22572415705065,102.19311958103356,117.67205918625083,133.14848142865668,136.11333886487563,139.56059786293594,2,-5.713438431352898,4.593734956870321e-06,66.604443581455,13.612204123508253,0.9999953508377075,110.24806312587147,10.905901489844283,39.92501374917121,44.21436025809866,66.604443581455,88.99452690481134,93.28387341373879,98.2711657051884,88.87288898683495,92.30945150512562,110.24806312587147,128.1866747466173,131.62323726490797,135.61898387126956,110.24785652789433,10.90634719638476,118.93898552372966,0.008749947827948851,88.87209162570822,92.3089479497148,110.24800118578365,128.18671688881517,131.62324513048415,135.61906505971652,2,1.7089148765389979
184,343,set,0.385,111.9403402762,112.0149723692,112.0379889449,112.0009210955,112.01796080320001,0.9691285490989685,109.07410659214995,5.954588983247969,0.030871519818902016,137.0290964440492,21.74036489469316,97.40332664224495,99.27967930604925,109.07410659214995,118.86853387825064,120.74488654205494,122.92655201411587,94.41876423969168,101.26937839576468,137.0290964440492,172.7888144923337,179.63942864840672,187.60474809769076,109.93712713255522,8.504918280616405,48.953739033096106,23.38072888010134,97.37347118437008,99.29541880911788,109.26395771852451,120.55895386161335,125.24667517804686,146.9590258736643,2,2.080833670644793,0.9251473546028137,106.9156358889964,6.7443435436643515,0.07485263794660568,124.2339465524676,19.425719078669093,93.69696544404903,95.82217794979334,106.9156358889964,118.00909382819945,120.13430633394378,122.60532515360104,86.16023678448357,92.28148206977832,124.2339465524676,156.18641103515688,162.30765632045163,169.42492683284405,108.21195633035249,9.544497152255957,70.3276934905652,20.76964515384136,93.39255335785157,95.70938202448856,107.33692770866443,122.4499280692032,132.6119632923059,145.78786791212275,2,3.806004472847519,0.026692166924476624,98.06440941193782,17.962724228674084,0.9733077883720398,109.24777078217797,7.963940847463751,62.85811685951158,68.51835731447414,98.06440941193782,127.61046150940146,133.27070196436404,139.85195473329566,93.63873354614161,96.14825379440023,109.24777078217797,122.3472877699557,124.85680801821431,127.77466764166228,108.94925774995085,8.57867389312253,70.34389775918991,3.2492173776512807,92.07955401547869,95.24653793441115,109.12135530071865,122.42748231462615,125.01607989503871,128.09493737410298,2,3.068703053249166,0.9770556688308716,105.45633313177859,5.935222989360932,0.022944370284676552,117.30322572636592,19.01766942397908,93.823509832417,95.6937600709625,105.45633313177859,115.21890619259469,117.08915643114018,119.26372651503672,80.02927858547832,86.02194319816981,117.30322572636592,148.58450825456202,154.57717286725352,161.54494056005115,105.72815674717387,6.772210769256592,42.71694547858864,3.1463304755771246,93.622376336356,95.5883451347205,105.53736761872602,115.93370332931212,118.43200977416153,123.2364366534507,2,6.289804056026142,0.7657032608985901,106.45276462483106,6.682510936756306,0.23429667949676514,114.36320579941956,15.650661917183445,93.35528386249368,95.46101227336456,106.45276462483106,117.44451697629755,119.55024538716845,121.99860973580876,83.6884721075274,88.62015778074908,114.36320579941956,140.10625381809004,145.0379394913117,150.77208987779122,108.30614838031241,10.139495480730922,91.58259113356795,11.226078294489593,91.22455568755583,94.31567027205496,107.34276912935788,126.98747649288566,133.84247146918196,141.28855081995312,2,3.711812422887604
185,345,set,0.229,112.1110168132,111.6312631836,111.668286229,111.7793279334,111.69295911533334,0.9991512298583984,110.74213675865028,4.698229562430665,0.0008487310842610896,143.6783593375987,31.34520362299567,101.53377602518479,103.01423682263557,110.74213675865028,118.47003669466498,119.95049749211576,121.67185311296669,82.24288914845275,92.12008747078181,143.6783593375987,195.23663120441554,205.1138295267446,216.59820714733192,110.77008642925783,4.879438434381513,22.888522595816408,0.9199176050642747,101.52866940531244,103.01175682793125,110.74567082286973,118.49900570977977,120.00274016922296,121.78771932376017,2,0.9228726860755074,0.9969798922538757,109.70280509578839,5.314080173171011,0.0030201238114386797,129.0663375876399,26.877156699809042,99.28739934541484,100.96192104903714,109.70280509578839,118.44368914253964,120.11821084616194,122.06520420912736,76.38807844917476,84.85734890781592,129.0663375876399,173.27532626746387,181.74459672610504,191.59195393650322,109.76128712375066,5.609332818718222,30.335843637918604,1.1289645807512665,99.25682556319312,100.94629344276838,109.71346889699281,118.53943418301867,120.28977363425508,122.45160585134354,2,1.9316719915826752,0.08204174786806107,110.00793303376314,16.42351256490516,0.9179582595825195,106.94279081290802,7.618046223242775,77.81843990690797,82.9936588240958,110.00793303376314,137.02220724343047,142.1974261606183,148.2147365734133,92.0116945827908,94.41221985232316,106.94279081290802,119.47336177349285,121.87388704302523,124.6650164486937,107.19426123495704,8.724110234757733,75.40263180621847,0.7075531936984844,90.70351287034269,93.62649799767904,107.06418301297096,121.04673643692378,124.54488410866075,130.21421552012796,2,4.498697880376298,0.9992796778678894,108.56063266510527,5.206989588412825,0.0007203607819974422,118.68932324307106,24.514741432196956,98.35512060394109,99.99589695510588,108.56063266510527,117.12536837510467,118.76614472626945,120.67390182426224,70.64131294565314,78.36616188454434,118.68932324307106,159.01248460159775,166.73733354048895,175.71913985652336,108.56793317242679,5.253524626381287,27.526127721009125,0.073848845051696,98.34350752596045,99.98931581998822,108.56213958134924,117.1430394062153,118.79711739555722,120.73933837450235,2,3.1250259429065466,0.9895435571670532,109.63530469428258,5.170996142884486,0.010456508025527,115.2259234396741,19.2264668060344,99.50033849003346,101.12977293370696,109.63530469428258,118.1408364548582,119.7702708985317,121.66484057795529,77.54274094989182,83.60119978030633,115.2259234396741,146.85064709904188,152.90910592945636,159.95337361920903,109.69377019146982,5.536022250929719,30.32492583934916,0.3234009677133445,99.32713882914551,101.03259766194043,109.65092979882242,118.35211618508123,120.1457447680684,122.51276030886453,2,1.9991889238635139
186,347,set,0.647,124.89621124840001,107.6957440149,107.7125874868,107.6175466105,107.67529270406665,0.31516751646995544,116.01803718014637,8.098027888383344,0.6848325133323669,131.96219509083596,16.361504340057508,100.14619417311407,102.69796663678484,116.01803718014637,129.33810772350787,131.88988018717868,134.8568671422104,99.89423585142745,105.04991533471011,131.96219509083596,158.87447484696182,164.03015433024447,170.02474592843873,126.93711837269902,16.089303775969036,203.9969315846725,54.86924461651583,100.01410885264677,103.81409307691142,124.88981388864012,155.74747381561303,161.2945650218351,167.6420797748918,2,-19.26182566863237,0.13438835740089417,111.79152529258492,8.85513260419967,0.8656116724014282,120.06265827482136,14.884359897787824,94.43578431002719,97.22612831143086,111.79152529258492,126.35692227373899,129.14726627514264,132.39164420071455,90.88984894222494,95.580064912094,120.06265827482136,144.54525163754872,149.23546760741777,154.68885727949882,118.9511178776403,14.500580676765965,202.30906358415808,7.9581980632825235,91.43335922826313,95.88380676285936,118.46902533559951,143.49168085705176,148.30633230824466,153.87543746507546,2,-11.27582517357365,0.0035845323000103235,91.34881918983851,19.910886961088657,0.9964154958724976,116.25903712986181,8.315348228570175,52.32419784585657,58.59832455607104,91.34881918983851,124.09931382360597,130.37344053382043,137.6684687420346,99.96125408295532,102.58150643673365,116.25903712986181,129.93656782298996,132.5568201767683,135.60342980330532,116.16974892436413,8.516698121241685,70.31822980915605,2.2162972787633395,99.62230860784061,102.38610048084101,116.22947254738554,129.92985153354368,132.5539687734255,135.6071214667754,2,-8.49445622029748,0.413930743932724,109.78498057137253,6.70783422043842,0.5860692858695984,118.57366236565858,15.488971303397165,96.63786708504792,98.75157512489518,109.78498057137253,120.81838601784986,122.93209405769714,125.38973644950785,88.21583645342571,93.09657173951847,118.57366236565858,144.05075299179867,148.93148827789145,154.60639782839615,114.93576030613228,13.34036434381762,159.22767657547845,18.73803794582515,91.52327168004466,95.90853707909676,113.17048252742516,139.7967502323609,145.22479927118977,151.38837705993473,2,-7.260467602065631,0.024057891219854355,111.58233688621095,8.837232608503799,0.9759421348571777,117.11514165707806,13.871962264397876,94.26167925054055,97.04638277789965,111.58233688621095,126.11829099452224,128.90299452188134,132.14081417740817,89.92659522395951,94.29779421354924,117.11514165707806,139.93248910060686,144.3036880901966,149.38615157963483,116.98203709577514,13.79851714128162,189.6806913448441,0.7187408122869742,90.02899041404608,94.37772607725037,116.9204782633515,139.77066926199424,144.1596011579235,149.25938035325387,2,-9.306744391708492
187,348,set,0.829,107.6175466105,118.3766209014,118.6197266266,118.4722248384,118.48952412213333,0.012746628373861313,98.51643626833248,9.993542283325212,0.9872533679008484,119.6730690840173,10.63372935584875,78.92945331503688,82.0785219975121,98.51643626833248,114.95435053915286,118.10341922162807,121.76489211328334,98.83134252520743,102.18214078502913,119.6730690840173,137.16399738300547,140.51479564282715,144.41082276412172,119.4033929020566,10.887636796725568,112.9078763793535,5.632705525957907,97.6777406379349,101.38481416964572,119.50713093534586,137.09786847913603,140.45641717193095,144.3596401827085,2,-0.9138687799232628,0.00729853380471468,93.4893014023188,11.36685810686338,0.9927014112472534,111.44110164634333,10.029599527558174,71.21066889548943,74.79248361820183,93.4893014023188,112.18611918643577,115.76793390914817,119.93256759374432,91.78344779296935,94.94387848656848,111.44110164634333,127.93832480611816,131.0987554997173,134.7734391847593,111.31007370193763,10.155652751049011,100.80169115889106,2.334910838592982,91.25585506202832,94.58419345136964,111.35939592227648,127.90358063057946,131.0679605178437,134.74632143743443,2,7.179450420195707,0.0030259040649980307,64.25389761693302,18.716625975115328,0.9969741106033325,110.39481935471545,9.18033037983503,27.5699847936001,33.467787497470425,64.25389761693302,95.0400077363956,100.93781044026593,107.79528066336013,92.40170244405988,95.29451963283101,110.39481935471545,125.49511907659989,128.38793626537102,131.75146141683723,110.25520297137405,9.565871166451705,85.0834593374109,6.422610147042992,91.94851276295181,95.04576081011231,110.36037844442292,125.48185982166827,128.37630259029189,131.74133118538208,2,8.234321150759286,0.013784565962851048,91.04585080371487,8.090302757063403,0.986215353012085,113.44320378248975,11.079088904606577,75.1891487758455,77.73848697062363,91.04585080371487,104.3532146368061,106.90255283158425,109.86670942295606,91.72858854794353,95.2197242144298,113.44320378248975,131.66668335054968,135.15781901703596,139.2170187020307,113.13445680121772,11.34799833624349,121.95643894710112,6.819590219649199,90.40769323840816,94.24484879527314,113.25028902708642,131.59205886400642,135.09201862815888,139.15934932851184,2,5.355067320915609,0.0014781554928049445,93.74814303708611,12.267466003595525,0.9985218644142151,109.93401160134049,10.907557512134163,69.70435148846937,73.56995708756813,93.74814303708611,113.92632898660409,117.79193458570285,122.28653649441884,88.55559171825821,91.99267606632483,109.93401160134049,127.87534713635614,131.31243148442275,135.308784830672,109.91008855927498,10.92738927671939,119.02139866630118,0.3866782199926604,88.46965059308172,91.93111735809865,109.91756819101727,127.86798280991638,131.305883018767,135.30298524075957,2,8.57943556285835
188,349,set,0.17,118.4722248384,118.7908046413,119.337139472,119.2966223428,119.14152215203335,0.9998489618301392,116.63204140149432,4.065191717866522,0.00015099297161214054,149.4222294315693,40.54539117814257,108.66441204422543,109.94539606010848,116.63204140149432,123.31868674288016,124.59967075876321,126.08909151192154,69.9547229833218,82.73099569603524,149.4222294315693,216.11346316710333,228.88973587981678,243.74491400099552,116.63698721786068,4.115148459253521,16.77150936532979,0.16232259094564536,108.66201882866244,109.9436458201163,116.63248861548988,123.32374144960896,124.60781864775706,126.10703480571048,2,2.5045349341726677,0.9992486834526062,116.72933099600581,4.593960183831192,0.0007512934389524162,132.94960146821086,33.90022786587079,107.72533448928567,109.17293892556042,116.72933099600581,124.2857230664512,125.73332750272596,127.41648050308977,66.50637578340296,77.1886887085519,132.94960146821086,188.7105142278698,199.39282715301874,211.81332449347946,116.74151448135672,4.706362627968865,21.95201957294293,0.1975146777299908,107.71318760841476,109.16635145574612,116.7309235374263,124.30478753662213,125.76733986827423,127.49052193438722,2,2.4000076706766293,0.08075093477964401,122.3851451574458,16.210094235813955,0.9192490577697754,109.8986931872675,7.400872002669757,90.61394426925011,95.72191286044206,122.3851451574458,149.04837745444954,154.1563460456415,160.0954634209333,95.39325060784395,97.72534203107253,109.8986931872675,122.07204434346245,124.40413576669104,127.11569603672666,110.90698503713145,9.118227432823302,71.56863600587687,11.573343865994897,95.14664665891173,97.63975529295197,110.34101074971827,125.5443830561549,131.4118457305543,141.13529037227113,2,8.234537114901897,0.9998823404312134,115.4465352442134,4.736510157219344,0.00011769498087232932,121.47794678592541,29.761557876476086,106.16314592365532,107.65566933301866,115.4465352442134,123.23740115540812,124.72992456477145,126.46530557883347,63.1463652242279,72.52454036907756,121.47794678592541,170.43135320277327,179.80952834762292,190.713683680009,115.44724919928203,4.7476253244092055,22.536137200317935,0.004280995314646046,106.15999903627647,107.65364906477815,115.44664653559754,123.2402376211141,124.73474052312208,126.47500174332315,2,3.6942729527513194,0.9969164133071899,116.60846194907191,4.393511856986717,0.003083570394665003,118.2661032168324,22.29495262781781,107.99733694372824,109.381778036053,116.60846194907191,123.83514586209081,125.21958695441558,126.82929891714619,74.56879902928284,81.59416952425501,118.2661032168324,154.9380369094098,161.96340740438194,170.13191886439762,116.61357150210851,4.559037973195179,20.776158777672656,0.00844682936914187,107.92707030522755,109.34260684373025,116.6094709874781,123.88179099745115,125.30310895895028,127.00999284383731,2,2.5279506499248328
189,350,set,1.153,119.2966223428,124.77728813780001,123.6071024641,121.9448694561,123.443086686,0.0012982732150703669,100.98404942579896,12.568885384611246,0.9987016916275024,116.62788968364083,10.488232636915372,76.34948674614904,80.31007271418379,100.98404942579896,121.65802613741411,125.61861210544886,130.22364921935232,96.07133145380914,99.37628219049978,116.62788968364083,133.87949717678188,137.18444791347252,141.02716738097467,116.6075756045167,10.506335934398697,110.06530315085705,0.3173135685572546,95.99596556635709,99.32348224100737,116.61445299744263,133.87351285115395,137.1791449945057,141.02248135084304,2,6.835511081483304,0.0004202039272058755,92.71747153387105,13.063310253269265,0.9995798468589783,109.54479559865807,9.69896582788594,67.11385391859048,71.23023828378874,92.71747153387105,114.20470478395336,118.32108914915162,123.10727556949992,90.53517188871692,93.59141647898149,109.54479559865807,125.49817471833465,128.55441930859922,132.10796413275528,109.53773025436384,9.706721757638903,94.10212218211562,0.11893445686464987,90.50660059882952,93.57252297430718,109.54069572538963,125.49647854223895,128.55294311545336,132.10666553627098,2,13.905356431636164,0.0012955026468262076,52.27873395366038,16.508053394613373,0.9987044334411621,111.46955724062013,10.605913120633323,19.923543845353976,25.125402453621998,52.27873395366038,79.43206545369875,84.63392406196678,90.68220887277188,90.682349501018,94.0243825770142,111.46955724062013,128.91473190422607,132.25676498022227,136.14260068106734,111.3928682481404,10.827117881992235,112.69270578375922,4.532982802834367,90.45030529981247,93.89717733048549,111.45232100088579,128.90813460793353,132.25095944064833,136.13759042549606,2,12.050218437859598,0.000612698495388031,88.98023534209776,8.86773730741187,0.999387264251709,114.5239456067047,9.850747748236007,71.59978959520829,74.39410546914846,88.98023534209776,103.56636521504706,106.36068108898722,109.60967717474801,95.21683479937309,98.32090744483465,114.5239456067047,130.72698376857474,133.8310564140363,137.44021168852612,114.5082907475095,9.870459532369866,97.02595364647476,0.39952926807388006,95.14065701372851,98.27368368402236,114.51640711244286,130.72409812020697,133.82848310206012,137.43800576183745,2,8.934795938490495,2.985152787005063e-05,95.09044583010196,15.13973856630852,0.9999701976776123,110.79743445738376,11.28933033261061,65.41710350478517,70.1877919382123,95.09044583010196,119.9930997219916,124.76378815541872,130.31074445736792,88.67075359589137,92.22813851393592,110.79743445738376,129.36673040083159,132.92411531887615,137.06034407599722,110.79697103161621,11.289764558779988,127.45202340219996,0.007364435451930936,88.66894541004956,92.22689154772041,110.79713789797141,129.3666150128005,132.9240193767028,137.0602322554248,2,12.646115654383792
190,351,set,0.829,121.9448694561,129.40283438790001,129.43742224849998,129.4445933776,129.428283338,0.02687668241560459,110.18759293001052,10.110388581830033,0.97312331199646,124.03440615665073,12.413135596438204,90.37159543991866,93.55748360129863,110.18759293001052,126.8177022587224,130.0035904201024,133.7078739130776,99.70510745241972,103.61661504900891,124.03440615665073,144.45219726429255,148.36370486088174,152.91167776160543,123.66224906199388,12.558133392436716,152.6919490540467,5.014679795512178,99.02554030300021,102.96569719780759,123.68285381780527,144.2890150504628,148.21923245470575,152.78477239800677,2,5.766034276006124,0.01027433667331934,104.29969966138103,10.928728391955199,0.989725649356842,114.41570458724057,11.493914942138113,82.87978561632849,86.32354112790598,104.29969966138103,122.27585819485607,125.71961370643356,129.72372372197577,91.88804525928307,95.50989690679296,114.41570458724057,133.32151226768818,136.94336391519806,141.15454917728982,114.3117677484744,11.533458364294695,131.9798724250341,1.040606869484062,91.6820211118299,95.32721151613188,114.31987825591783,133.26855111867647,136.895477692324,141.111694174542,2,15.116515589525605,0.002227836288511753,74.9319622704414,19.492335902416254,0.9977721571922302,114.28620007693257,8.940731943598553,36.727685927148485,42.86992286359562,74.9319622704414,106.99400167728717,113.13623861373432,120.27791645711741,96.7626874720526,99.5800047119036,114.28620007693257,128.99239544196155,131.80971268181253,135.0854528262921,114.19852453277932,9.1677610862496,80.6050702922747,3.442688022658393,96.46604177049326,99.41381293308547,114.26227147990318,128.98334950213206,131.80188951166605,135.07886793946017,2,15.229758805220683,0.031559139490127563,101.86404622489256,7.654290747544145,0.9684408903121948,116.22985985561444,12.373890474996845,86.86191203250786,89.27385832705347,101.86404622489256,114.45423412273165,116.86618041727725,119.67058923273237,91.97748017597739,95.8766212283156,116.22985985561444,136.58309848291327,140.48223953525147,145.01583365573757,115.77649060327306,12.507484323003165,150.13004243298448,6.307521133349192,91.524222164602,95.2865896927454,115.7594724507085,136.39014712560655,140.3121030176327,144.86666579017955,2,13.65179273472694,0.0014730716357007623,104.75645722602383,11.392854363978124,0.998526930809021,114.04687947376462,12.189337972713243,82.42687299151672,86.01687940410449,104.75645722602383,123.49603504794315,127.08604146053094,131.26019975492125,90.15621605186018,93.99720269920994,114.04687947376462,134.0965562483193,137.93754289566905,142.40351995255136,114.03319429508068,12.193408740774887,148.55229212266386,0.12695638705270113,90.13320155622358,93.97585986102168,114.03370565708096,134.0887502472845,137.93044024684548,142.39712991088632,2,15.395089042919324
191,353,set,1.076,120.8270125702,123.4620334493,123.49855092969999,123.4725366827,123.47770702056665,0.002309570787474513,103.99026359582531,12.228676391185019,0.9976904392242432,117.86916551286794,10.663791579869924,80.02249829050743,83.8758808809688,103.99026359582531,124.10464631068183,127.9580289011432,132.438418920792,96.9685180776814,100.32878925566432,117.86916551286794,135.40954177007154,138.76981294805447,142.67685438391294,117.83711238651092,10.688447142281026,113.7991902354833,0.4438510964093607,96.85973814457125,100.24931455285798,117.84618337294327,135.39883208906076,138.76021433903307,142.6683710565908,2,5.640594634055731,0.0007776604616083205,96.12094994746832,12.79737667217521,0.9992222785949707,110.26548497428647,9.881725792371922,71.03855257341185,75.07113851277676,96.12094994746832,117.17076138215987,121.20334732152477,125.89209996208297,90.89765831613697,94.0114924641636,110.26548497428647,126.51947748440934,129.63331163243595,133.25381676322542,110.2544786086924,9.892225517314962,97.69992097329275,0.15546388084558174,90.85594572461923,93.98277585716886,110.25844253034101,126.51645878927638,129.63066885813532,133.25151232222234,2,13.22322841187426,0.001410875003784895,57.65076736089384,17.49007872855753,0.9985890984535217,112.29835866628824,10.110737759686517,23.370842966150967,28.882147928559178,57.65076736089384,86.41938679322848,91.9306917556367,98.33877482788058,92.48167680017346,95.66767499111266,112.29835866628824,128.9290423414638,132.115040532403,135.8194519585194,112.2212547649975,10.330641112311657,102.51437647749687,4.207435045558189,92.24371017171997,95.53676845537895,112.28048715669898,128.92221983715302,132.1089696081242,135.81421763509388,2,11.256452255569158,0.0014284381177276373,92.77502345350119,8.629487562070961,0.998571515083313,114.78677431750711,10.288238790090386,75.86153862680575,78.58077953829614,92.77502345350119,106.96926736870623,109.68850828019663,112.85021349758685,94.622196824582,97.8641274286841,114.78677431750711,131.7094212063301,134.95135181043221,138.72079675445838,114.75532652163345,10.319629780458753,105.80302834330735,0.6911141769909944,94.48095593719904,97.76796025789261,114.76852916798833,131.70232711709127,134.94507897597774,138.71529716066334,2,8.722380498933205,6.666195986326784e-05,97.98182781986834,14.398335877912682,0.9999333620071411,111.53776285791466,11.425292232237016,69.76160806184858,74.29867282901814,97.98182781986834,121.66498281071853,126.2020475778881,131.4773658791765,89.14460156988486,92.74482949073911,111.53776285791466,130.3306962250902,133.93092414594446,138.11696715267456,111.5368618659433,11.426039328076193,130.54242367747057,0.012249210108681808,89.14135040522396,92.7425014907871,111.5371386450635,130.33047242241872,133.93074328931178,138.11677132708118,2,11.94084515462336
192,354,set,1.226,123.4725366827,128.6133602015,128.62962245010002,128.60560275449998,128.61619513536667,0.0010009658290073276,102.5934039922587,13.305372142713264,0.9989990592002869,116.54311561135657,10.802291021522121,76.51535379163818,80.7080143653777,102.5934039922587,124.4787936191397,128.67145419287922,133.54632818978192,95.37101425865282,98.77492804522058,116.54311561135657,134.31130317749256,137.71521696406032,141.67300236404503,116.52915534369328,10.814071550859948,116.7498959522969,0.19458742871225052,95.32122269098123,98.73951889136804,116.53354861714439,134.30700591525843,137.7113571009088,141.66964412160783,2,12.08703979167339,0.0002719258191064,93.20518176036944,13.30200247349707,0.9997280240058899,109.64515301905206,9.929972705233249,67.13373599005246,71.32533474612032,93.20518176036944,115.08502877461855,119.27662753068641,124.15026693507536,90.18276414932912,93.31180139932002,109.64515301905206,125.97850463878409,129.107541888775,132.745723911155,109.6406770649555,9.934773909747177,98.6256553519837,0.07347412817157335,90.16495783465922,93.29988193037815,109.64250159378082,125.97739148258583,129.1066072033919,132.74494042358978,2,18.97551807041117,0.0012844169978052378,49.948946578405895,15.738212948137718,0.9987156391143799,111.3233882342617,11.172026467052206,19.102616019034013,24.061889928926938,49.948946578405895,75.83600322788485,80.79527713777777,86.56150481150812,89.42661872451112,92.94703997953303,111.3233882342617,129.69973648899037,133.22015774401228,137.3134082546166,111.24456410476668,11.3931237856034,124.97200791172571,4.83195609045763,89.1832537868583,92.81381201279687,111.30538148152633,129.69277715314908,133.21403905482663,137.30809802836148,2,17.371631030599985,0.00037357027758844197,89.19335319987043,9.018306366366529,0.9996263980865479,114.86677377705833,9.751047523100388,71.51779752024375,74.35955926419288,89.19335319987043,104.02714713554796,106.86890887949711,110.17307104271619,95.75507182024306,98.82772789211047,114.86677377705833,130.90581966200617,133.97847573387358,137.5511024520941,114.85717931629706,9.763418547915283,95.07778704853558,0.24613734749637434,95.70871483496907,98.79915876932508,114.86222721442043,130.9040883616955,133.9769592458436,137.54980179470093,2,13.759015819069603,1.4073771126277279e-05,96.26452310115695,15.705692072962059,0.999985933303833,111.11949306234865,11.648178151892692,65.48193228587509,70.43095853116232,96.26452310115695,122.09808767115157,127.0471139164388,132.80142646543231,88.28948339913265,91.95994498183106,111.11949306234865,130.27904114286625,133.94950272556466,138.2172075424532,111.11928478306723,11.64837480110654,135.68161724785244,0.003105617232141624,88.28861673785718,91.95934132060515,111.11935821363865,130.2790283834354,133.9495297389623,138.2172152283746,2,17.496910352299437
193,356,set,1.153,128.6201094454,131.24513572709998,130.91966350500002,131.3342336732,131.16634430176666,0.0019102924270555377,108.47377861784881,13.28678956947869,0.9980897307395935,118.2292152174242,11.185946246788722,82.43214959150812,86.61895460395078,108.47377861784881,130.32860263174683,134.51540764418948,139.38347328563358,96.30516344071731,99.82997096250955,118.2292152174242,136.62845947233885,140.1532669941311,144.25161748777626,118.21058221974013,11.19842576723191,125.2236109321758,0.18145245679593128,96.24855632456757,99.7869156405635,118.21481852309806,136.6216657711429,140.14730210718074,144.24649602384153,2,12.955762082026524,0.0004939076025038958,99.02785766070802,13.156132566442029,0.9995061159133911,110.64225405549928,10.277753164282261,73.24231165464712,77.38794529214147,99.02785766070802,120.66777002927458,124.8134036667689,129.6335986872499,90.49822801151346,93.73685448631763,110.64225405549928,127.54765362468092,130.78628009948508,134.55188327914385,110.63652021867303,10.282598503101854,105.6655274549057,0.06659236597816268,90.47791577872246,93.7223474792786,110.63829136757474,127.54597590806262,130.78484208832523,134.5507032081389,2,20.52982408309363,0.0013538148486986756,57.017438306113434,16.868946888488836,0.9986461997032166,112.8604293700583,10.60507756340504,23.954909947556303,29.27048983373081,57.017438306113434,84.76438677849605,90.07996666467056,96.26047703745729,92.07485929253062,95.41662907578983,112.8604293700583,130.30422966432675,133.64599944758598,137.53152901372383,112.78482994189558,10.812795385263069,112.70065476753177,4.216074382476362,91.8344783892126,95.28439040228533,112.84242736810062,130.29734669248978,133.6399337345575,137.52613555558784,2,18.381514359871076,0.0009685129043646157,95.55447919110205,8.75577812688265,0.9990315437316895,115.50743350880214,10.331552622468479,78.39346940578847,81.15250578231675,95.55447919110205,109.95645259988734,112.71548897641561,115.92346502214879,95.25796246438357,98.51354170569486,115.50743350880214,132.5013253119094,135.7569045532207,139.54221898762276,115.4881153569505,10.348734766092981,106.71185535497374,0.3852112876116232,95.17885896859295,98.45694995704385,115.4951653551728,132.4965017894423,135.75263877021317,139.5384888893258,2,15.678228944816155,2.8647633371292613e-05,101.69578777456805,14.972779414334056,0.9999713897705078,112.57189458334602,12.081002284203553,72.34967937401056,77.06775724935633,101.69578777456805,126.32381829977976,131.04189617512552,136.52768133358654,88.89356520916093,92.70041415896478,112.57189458334602,132.44337500772727,136.25022395753112,140.6765085634855,112.5715872192512,12.08121589419928,145.95286285488228,0.0033886228765302134,88.89248743344777,92.69961573799911,112.57166308883912,132.44328791102038,136.2501670683435,140.67647119162908,2,18.594757082515457
194,357,set,0.829,131.3342336732,138.65585077080001,136.8803035129,137.1093241195,137.5484928010667,0.04822520166635513,117.82427866511674,10.051030404250735,0.9517747759819031,127.45823155496957,14.085928027535198,98.12462106526823,101.29180485008538,117.82427866511674,134.3567524801481,137.52393626496524,141.20647187796527,99.85031993217726,104.2889417499009,127.45823155496957,150.62752136003823,155.0661431777619,160.22700027571838,126.99362938509877,14.070434959533824,193.71670403848523,4.260075436909793,99.71702834817421,104.04213127730502,126.89183357661518,150.29244680104188,154.76857107611949,159.96534479471967,2,10.554863415967915,0.013996134512126446,111.4126844684908,10.524328297572621,0.9860038161277771,116.72334900993799,12.84922649682877,90.7853800437727,94.10170489700045,111.4126844684908,128.72366403998114,132.03998889320889,135.8959332292567,91.53932784695583,95.58825220310823,116.72334900993799,137.85844581676776,141.90737017292014,146.61511975390485,116.64901447319134,12.834793712508036,164.34204757600128,0.3892104241674154,91.52552486921867,95.55990692568754,116.63640304861056,137.78123233012107,141.83579174461727,146.55002961865907,2,20.899478327875343,0.001808925997465849,82.72393405259888,19.744690649539358,0.9981910586357117,117.32754057891046,8.770495047423159,44.025051493616964,50.246808024669235,82.72393405259888,115.2010600805285,121.42281661158079,128.65695316874883,100.13768615937414,102.90135998999655,117.32754057891046,131.75372116782435,134.51739499844678,137.73076308676906,117.26494341250745,8.924683192241229,77.48765162400382,2.1621071476654077,99.91930967307769,102.77725744061887,117.30921084058774,131.7470498133961,134.5118968820484,137.7265959807881,2,20.283549388559237,0.06054766848683357,109.22715762651669,7.34697787543797,0.9394522905349731,118.30491203745505,13.545467934442767,94.82734559544566,97.14245442097031,109.22715762651669,121.31186083206305,123.62696965758771,126.3187839876669,91.75628273220507,96.02459997673199,118.30491203745505,140.58522409817812,144.85354134270503,149.81638256963436,117.75527032485512,13.42857434812663,175.6386730297132,4.687367777378823,91.98449816694358,96.13108172843066,117.49523395575773,140.17258974676528,144.4898668011409,149.49772696610063,2,19.793222476211568,0.0015939107397571206,112.16815442825212,10.727746008212351,0.9984061121940613,117.10928040834371,13.364785886906267,91.14215861686257,94.52258249762986,112.16815442825212,129.8137263588744,133.19415023964166,137.12462354770705,90.91478140891822,95.12616386883607,117.10928040834371,139.09239694785134,143.30377940776918,148.20042164335914,117.10140738034052,13.362439088794718,178.51624002018488,0.03885286704305095,90.91520222272399,95.12486730864335,117.09980633333879,139.08334365329054,143.29533711240782,148.1927682727859,2,20.447085420726168
195,359,set,1.493,10.4097485212952,114.09071695169999,114.76610552919999,114.4599812422,114.43893457436666,0.00046843080781400204,4.28167465583212,3.059388332306512,0.999531626701355,122.65184295098018,12.019675950887029,-1.714616290210703,-0.7505713388152637,4.28167465583212,9.313920650479503,10.277965601874943,11.398876198558728,99.09371098139937,102.88123536838226,122.65184295098018,142.4224505335781,146.209974920561,150.61379054598603,122.59640177103016,12.286936362343937,144.40932729679963,6.5603422312642445,98.99896451215045,102.82913032569121,122.64478213116136,142.41974590153598,146.20757108998245,150.61173398793318,2,-8.157467196663504,0.00039100274443626404,12.802201576491129,5.53964872545493,0.9996090531349182,116.97858773291307,11.505304039924603,1.944689587596251,3.690290278389483,12.802201576491129,21.914112874592767,23.659713565386006,25.68935161188626,94.42860618347765,98.05404665366365,116.97858773291307,135.9031288121625,139.52856928234849,143.74392732638518,116.93786101670844,11.686457520023193,132.3322696024999,4.241783884992243,94.35300436828798,98.01244006005146,116.97294653654303,135.90097612007656,139.52666154311808,143.74229310491188,2,-2.4989264423417836,8.645948400953785e-05,32.930766973721596,4.613591319646579,0.9999135732650757,118.9527227121772,9.606513958804534,23.88829414782768,25.342084558329088,32.930766973721596,40.5194493891141,41.97323979961551,43.66358533187469,100.12430133593902,103.15141338467761,118.9527227121772,134.7540320396768,137.78114408841537,141.3008160371858,118.94528919386342,9.639410619472645,92.27897484948767,0.6397255747767701,100.11036387856423,103.14371428453138,118.95168123608532,134.7536745599839,137.78083751247541,141.30053692116624,2,-4.506354619496761,0.00025226344587281346,14.371062487720117,5.998383020929674,0.9997476935386658,125.29648447963027,11.002792513953782,2.6144478012213845,4.504600419899811,14.371062487720117,24.237524555540418,26.127677174218846,28.325388076142538,103.73140742291393,107.19850130645887,125.29648447963027,143.39446765280167,146.86156153634658,150.89280745297913,125.2684966607576,11.141985005700333,121.03997511065796,3.103179749531771,103.68487226090984,107.17282806642343,125.2930055124485,143.39319143779431,146.8604115426521,150.891855010657,2,-10.82956208639095,0.0001737776183290407,19.897029135063818,7.7630407846300935,0.9998262524604797,117.50405307239646,11.582680892510522,4.681748786673269,7.127963344292802,19.897029135063818,32.66609492583483,35.11230948345436,37.95656256048038,94.80241567865558,98.452238396529,117.50405307239646,136.5558677482639,140.20569046613733,144.44939814238177,117.48709469062638,11.653349685295893,134.14565962282785,1.6553144492943839,94.76865668599616,98.43365990937222,117.50152951370553,136.55495360854258,140.2048712733342,144.4487130528286,2,-3.048160116259723
196,362,set,0.229,14.861967986132,13.5751041278362,13.6961366896355,13.802170998685101,13.691137272052266,0.9995765089988708,20.420002895029064,7.279144760257522,0.0004235446685925126,109.3651357024107,15.6244166393184,6.153141326670871,8.44687523501467,20.420002895029064,32.393130555043456,34.68686446338725,37.353825832889676,78.74184180989828,83.66525732422689,109.3651357024107,135.0650140805945,139.9884295949231,145.7129641344174,20.457676227716643,7.5110735953337775,53.066906107454976,3.3493429077852013,6.154311736303774,8.448355723380546,20.423868179094054,32.42172960917423,34.738817271826576,37.47068790279523,2,-6.766538955664377,0.9997671246528625,10.344055323581557,7.956889375584018,0.00023290191893465817,105.88362804302216,16.379219799715276,-5.2511612815325215,-2.743863025099456,10.344055323581557,23.431973672262565,25.939271928695632,28.85454800644959,73.78094714071486,78.94220894882511,105.88362804302216,132.8250471372192,137.98630894532945,143.98739120253742,10.366306948262253,8.092293484787824,63.359827367622266,2.125389331731025,-5.250431748434759,-2.7430943502467433,10.346378311766953,23.44910195102853,25.970454181971554,28.924251861332323,2,3.324830323790014,0.9948204755783081,20.711512210593412,6.438514505946333,0.005179486703127623,60.03303843180264,8.633941809265737,8.092255664999897,10.121098273307915,20.711512210593412,31.301926147878902,33.33076875618693,35.68973674348278,43.11082344102719,45.831467931943926,60.03303843180264,74.23460893166134,76.95525342257807,80.11859060438032,20.915176751594345,7.042217508298763,41.6258591918319,7.966951742574816,8.106515618865313,10.13727530526472,20.753526103720272,31.62357293300949,33.94390366652622,37.35556187163283,2,-7.224039479542078,0.9987848401069641,24.33604696163961,9.199301233357954,0.0012152149574831128,88.20240427937003,14.07293092798919,6.305747861323116,9.204542962531622,24.33604696163961,39.46755096074759,42.366346061956094,45.73682182852317,60.61996650359137,65.05449280062945,88.20240427937003,111.3503157581106,115.78484205514869,120.94093722522128,24.41365965438305,9.471835928561104,84.76497781622982,4.950730861236234,6.310511439202163,9.209883564955248,24.350074336288625,39.57163634896718,42.55685885117663,46.175616158273485,2,-10.722522382330784,0.9999305009841919,22.018449941021075,9.5077693422231,6.949360249564052e-05,85.30676081053788,20.28918995524273,3.383564456949717,6.379561054247391,22.018449941021075,37.65733882779475,40.65333542509243,44.13682893717247,45.540679222770294,51.934013124749484,85.30676081053788,118.67950849632626,125.07284239830545,132.50647472892757,22.02284795454651,9.523567404853239,90.42000244215227,0.2783310471424972,3.3837964129943563,6.379823006825125,22.019276750912596,37.66350446927437,40.66436374946001,44.16111034881938,2,-8.331710682494244
197,365,set,0.952,11.8306121348008,123.76366288950001,123.71214114659999,123.7527272007,123.7428437456,0.009331989102065563,14.858769970188206,4.8091312622805775,0.990667998790741,115.200277732431,9.87708357910116,5.4330458991926225,6.948452970940283,14.858769970188206,22.769086969436124,24.284494041183784,26.046482258177974,95.84154964510076,98.95392098364363,115.200277732431,131.44663448121838,134.55900581976124,138.17781011839668,114.26389048075687,13.782014229101549,96.8622078896292,93.08155024714337,93.973950378382,98.02776743593269,115.08366507154048,131.40172595546323,134.51941830297997,138.1430855628494,2,9.478953264843128,0.022191157564520836,16.20892617794081,7.903070023178079,0.9778087735176086,109.5688525123538,10.073851132293461,0.7191935652136419,3.2095327862648872,16.20892617794081,29.208319569616727,31.698658790667977,34.59421632475703,89.82446710744057,92.9988419400317,109.5688525123538,126.13886308467589,129.31323791726703,133.0041346773686,107.49708012560279,17.021894188417793,100.6164827777653,189.1276025950501,81.74500750300307,90.38582793067462,109.28227608047445,126.02907424065226,129.2164297240217,132.91929790691677,2,16.245763619997206,0.006910471245646477,28.071972878941615,6.864977289999508,0.993089497089386,104.6911932092177,8.783933249840912,14.616864635857196,16.78009008454643,28.071972878941615,39.36385567333679,41.52708112202603,44.042298202870626,87.47500039692564,90.24290874431723,104.6911932092177,119.13947767411815,121.90738602150977,125.12567765070176,104.16171497521823,10.82764599272981,76.94996241346225,40.287611776192165,86.3144002492202,89.64744410404599,104.61458532218569,119.10997926245372,121.88134300166291,125.10288816115616,2,19.581128770381767,0.011340812779963017,23.900827290871312,7.8488143699534305,0.9886592030525208,109.61205726952723,10.192205961459196,8.517433804422149,10.990676507184572,23.900827290871312,36.81097807455805,39.28422077732047,42.15989991415368,89.63570066205276,92.84737032718465,109.61205726952723,126.3767442118698,129.5884138770017,133.32267393975422,108.64002399263006,13.629779310334719,103.4016064750257,82.36946443874596,87.16394824297835,91.66158314544485,109.46552211392846,126.32033186338712,129.53869556130016,133.2790708093291,2,15.102819752969936,0.03155466914176941,23.32031121538199,10.269839380878759,0.968445360660553,105.63255750208242,11.32366363980361,3.1917959018484936,6.427928661534498,23.32031121538199,40.212693769229475,43.44882652891549,47.211530225830195,83.4385845950216,87.00678829377293,105.63255750208242,124.2583267103919,127.82653040914323,131.97533833689312,103.03522495228529,18.29080037598497,127.50731165557252,207.0463831276932,31.683517757151108,82.14881901613772,105.17000883639054,124.08177758527756,127.67089571765358,131.83890779265582,2,20.70761879331471
198,367,set,0.053,108.6121034938,108.1474387009,105.4611362003,105.5484052374,106.38566004620002,0.9999895095825195,108.6871242301369,3.6592728027093835,1.05105009424733e-05,149.24429553038462,46.90897856455898,101.51508132721956,102.6681560885955,108.6871242301369,114.70609237167831,115.85916713305424,117.19986573525534,57.304386992287604,72.0858920018809,149.24429553038462,226.40269905888832,241.18420406848162,258.37089808747373,108.6875526891378,3.6647395486890613,13.413264830705403,0.0172883746378659,101.5142976573305,102.66634989995218,108.68716104791645,114.70679115266617,115.86171726559328,117.20327446690017,2,-2.301892642937787,0.9999423027038574,108.32599612167024,4.096315538612463,5.775174577138387e-05,133.20442858663998,38.35136058624909,100.29736519667802,101.58815665084586,108.32599612167024,115.06383559249463,116.35462704666246,117.8554510663218,58.0371430794828,70.12205402782439,133.20442858663998,196.28680314545554,208.37171409379715,222.42303475303424,108.32743879288743,4.110824649343343,16.86377566155496,0.03574259345051323,100.29614326699125,101.586674267011,108.32613963672219,115.06640064712893,116.3575920597723,117.8618002004375,2,-1.9417787466874188,0.380948930978775,118.89355867474208,14.023001924550075,0.6190510988235474,100.45175419488305,7.295576699739499,91.40897994748806,95.82777309839841,118.89355867474208,141.95934425108575,146.3781374019961,151.51593938958976,86.15268661694404,88.45159839961389,100.45175419488305,112.45190999015222,114.75082177282206,117.42380354022393,107.4771428905005,13.713687063152188,107.86081040210767,80.20474672060709,87.06313428154952,89.65074661442236,104.55991506510105,134.6064502157716,140.05690674462255,146.08427816559922,2,-1.0914828443004865,0.9999873638153076,107.83870573180872,4.56808397804235,1.2673101082327776e-05,118.81350707861505,32.10994566116213,98.88542565649125,100.32487623230685,107.83870573180872,115.35253523131058,116.79198580712618,118.46565818256757,55.87917003719909,65.99734649663782,118.81350707861505,171.62966766059225,181.747844120031,193.51241090302648,107.83884879759125,4.569605150243943,20.880194129497507,0.001526408357565074,98.88442242012357,100.32442342506137,107.83872527701796,115.35302615508478,116.79328488893113,118.46749947179765,2,-1.453188751391238,0.999839186668396,109.43374469216025,3.9496145333783854,0.00016081929788924754,114.16260346387415,24.68468746115988,101.69264245392264,102.93720690187256,109.43374469216025,115.93028248244794,117.17484693039785,118.62192206516586,65.78150507037331,73.55990576322178,114.16260346387415,154.7653011645265,162.54370185737497,171.58777366050603,109.43450583682066,3.962128622732257,15.69493899505103,0.0035956797236395845,101.68924576158946,102.93535050459064,109.43386576596713,115.93311806014023,117.17988001238318,118.63228475749517,2,-3.0488457906206463
199,369,set,0.385,105.57341036529999,110.5376540438,110.4681252509,110.6032333528,110.53633754916666,0.9587148427963257,103.65534097678426,6.176967257296972,0.04128514975309372,134.07243122926454,19.725352095955383,91.54870761879903,93.49513398005884,103.65534097678426,113.81554797350967,115.76197433476948,118.02511562381696,95.4114515388203,101.62711429133749,134.07243122926454,166.51774816719157,172.73341091970877,179.96046214239738,104.9111143306188,9.44793202853502,52.643311348643934,36.6200262635362,91.5908528695586,93.57165989404083,103.9465963759032,116.7150365346917,128.81898246099962,147.86416213083652,2,5.625223218547859,0.9173071384429932,101.14568927502458,7.031362939639946,0.08269286155700684,122.33542881635543,17.862406596719534,87.3644711511006,89.58012644134564,101.14568927502458,112.7112521087035,114.92690739894856,117.50308550126553,87.32575520957445,92.95438453965939,122.33542881635543,151.71647309305146,157.34510242313638,163.88960042788702,102.89792947334487,10.285686025726555,71.73616931617622,34.05916770364761,87.36298115675984,89.67867194147132,101.74304350815231,119.70363629929163,131.5875708293415,143.24076103192064,2,7.638408075821786,0.039579957723617554,91.1251669997198,17.49169496240797,0.9604200124740601,105.94670781170444,8.082667492735997,56.84207484483947,62.35388909927424,91.1251669997198,119.89644490016533,125.4082591546001,131.81693438888846,90.10497062692923,92.65190287083487,105.94670781170444,119.24151275257401,121.78844499647965,124.74980415000984,105.36006869550927,9.121659397132634,74.85363228346995,8.350707045871609,86.93328054758311,90.93464181543824,105.69817333402817,119.25417219901361,121.87144734255486,124.9629314820559,2,5.17626885365739,0.9662750959396362,99.95693967392154,6.1780600673664745,0.033724889159202576,115.31462696335704,17.66781094351471,87.84816444755815,89.79493516458973,99.95693967392154,110.11894418325335,112.06571490028493,114.32925657733615,80.68635382840557,86.25366405262395,115.31462696335704,144.3755898740901,149.9429000983085,156.416101390758,100.47487448602497,7.4225785317646364,47.40847589101158,7.686045738992935,87.71940717546917,89.74455599810652,100.12185668584492,111.46234966198678,114.8287201060556,124.79955032051947,2,10.061463063141687,0.7789717316627502,100.89198446499074,7.071525939218778,0.22102820873260498,111.81303300212606,14.87075499552896,87.03204830838115,89.26035937578531,100.89198446499074,112.52360955419617,114.75192062160032,117.342813799917,82.66688878797021,87.35281771222353,111.81303300212606,136.2732482920286,140.95917721628192,146.40758227135706,103.30583824700471,10.409969528649587,87.8316689511264,20.53516052978476,86.33847717574432,89.00843835656599,102.11909875566758,123.13171616571844,129.8150492055568,136.98698972811468,2,7.230499302161945
200,374,set,0.647,29.6886110034899,90.40128225178749,90.9047935915757,91.1764035467621,90.82749313004177,0.12434247881174088,34.13631552836008,6.933871658900935,0.8756574988365173,110.81978184019864,9.60491899118897,20.546176803491246,22.731111581400853,34.13631552836008,45.541519475319305,47.72645425322891,50.26691312091631,91.99448654304346,95.02109600096638,110.81978184019864,126.61846767943089,129.6450771373538,133.16416471568562,101.28476707809287,26.96336566724278,86.76152677002983,640.2613320377488,28.32676524523701,32.417567689504644,109.10127146787475,125.99170063896138,129.09363985226634,132.68160695906215,2,-10.457273948051096,0.2829037308692932,30.550825584542878,9.61944931766865,0.7170962691307068,105.45048834722607,9.81372254731248,11.697051370803923,14.728239485099728,30.550825584542878,46.37341168398602,49.40459979828183,52.92901105414496,86.21594560022493,89.30835122138369,105.45048834722607,121.59262547306844,124.68503109422721,128.28062093159312,84.26109431081112,35.11878612474167,95.24109103271375,1138.0880478426325,17.556240289412305,21.62523389850073,100.38142849742484,119.95361447391399,123.2495744674311,127.02916725038942,2,6.566398819230656,0.1325448751449585,29.336015927620473,9.310256784802627,0.8674551844596863,91.66608397385824,9.015475899105533,11.088247942587639,14.022006287288313,29.336015927620473,44.650025567952625,47.5837839126533,50.99491200572038,73.99607590812252,76.83694574252091,91.66608397385824,106.49522220519556,109.33609203959395,112.63921716520883,83.40455835061725,22.9931145419154,81.99482798266611,446.68890298397815,21.114936369639523,26.424112327849627,89.92889463192904,105.86459112106056,108.78132779897578,112.15379960361876,2,7.422934779424523,0.138360396027565,38.054645372215816,9.01408193170991,0.8616396188735962,101.32958869809526,10.387471158058773,20.38736943237115,23.227800013205034,38.054645372215816,52.88149073122659,55.72192131206048,59.02453571047912,80.9705193378515,84.24371908890848,101.32958869809526,118.41545830728205,121.68865805833903,125.49446014330584,92.57484399083339,24.114791859804072,104.21282360625787,477.31049053988096,29.827026581968653,34.85656529725107,99.2247436047611,117.6539433253545,121.01888967697319,124.90853767983769,2,-1.747350860791613,0.4086957275867462,36.60225208330937,11.664201916866599,0.5913043022155762,96.93122505252313,11.803620608671423,13.740836417847767,17.41634725485702,36.60225208330937,55.7881569117617,59.46366774877096,63.73724341499508,73.79655377235238,77.5159968831908,96.93122505252313,116.34645322185547,120.06589633269387,124.39055276149055,72.27503443908478,31.898951189276957,137.98827123586693,879.5549714178189,18.580750426155745,23.032467390526374,84.91933045148352,113.16175196213982,117.2904674080051,121.98055650487167,2,18.552458690956996
201,375,set,0.647,91.1764035467621,90.58660260382129,90.5618274652288,90.568060992155,90.57216368706837,0.07642306387424469,88.04317780479884,8.592054872646944,0.9235768914222717,119.65684637684618,10.833627847620592,71.20305970121895,73.91050518455944,88.04317780479884,102.17585042503823,104.88329590837873,108.03128639142331,98.42332597359962,101.83711431864496,119.65684637684618,137.47657843504737,140.89036678009273,144.859633488308,117.24082761518753,13.58610523151188,114.03971467366375,70.5419262202673,84.04876262378959,90.47715728920717,118.53172941109894,137.05564799238687,140.51957807106112,144.53484732318148,2,-26.66866392811916,0.07140349596738815,84.31160529157786,10.212665451423312,0.9285964369773865,111.80135440914225,10.419821903355437,64.29514882063168,67.51326548296223,84.31160529157786,101.1099451001935,104.32806176252404,108.06981785278683,91.378878753244,94.66227255921966,111.80135440914225,128.94043625906482,132.2238300650405,136.04148494189735,109.8384827220167,12.584677540619253,108.2674917597091,50.10580805440724,79.97266163855514,86.7575969321002,110.80517834919456,128.5634650866536,131.8917275966311,135.7505781138264,2,-19.26631903494834,0.012893512845039368,62.20443900575968,17.55189487128374,0.9871065616607666,104.4471858022865,8.95781284624798,27.803357197610254,33.33414106685767,62.20443900575968,91.07473694466168,96.6055208139091,103.03625232495895,86.89019524339022,89.712894852583,104.4471858022865,119.18147675198998,122.00417636118277,125.28617467321122,103.90253618577749,10.290299838292723,83.1799021937918,22.71117291326262,84.65647079806016,88.60179495182005,104.30294619764152,119.1258105962731,121.95513533925411,125.24333388479104,2,-13.330372498709124,0.09200943261384964,83.19397272392439,7.915328978571679,0.907990574836731,110.5203642292914,11.538009451138363,67.68021300013768,70.17441514500666,83.19397272392439,96.2135303028421,98.7077324477111,101.60778146555847,87.90628125177744,91.54202753578609,110.5203642292914,129.4987009227967,133.13444720680536,137.36178798661027,108.00607927493954,13.748676261001618,126.64146124815353,62.38472459503026,77.82968777102111,82.5520542784557,109.05265648726464,128.95345454599934,132.65434492137763,136.94138844880322,2,-17.43391558787117,0.028935620561242104,84.42108318270257,11.058440076551323,0.9710644483566284,106.08193088117086,10.864362359066819,62.74693890746762,66.2315679143616,84.42108318270257,102.61059845104353,106.09522745793753,110.14686174499577,84.78817194240727,88.21164505034474,106.08193088117086,123.95221671199697,127.37568981993445,131.35621715799527,105.45516812207391,11.460377598370325,118.15749078308902,13.183530335477089,82.02439529639123,86.33251889652533,105.69815948026879,123.79767856989625,127.23923892670578,131.23647080923695,2,-14.883004435005546
202,379,set,0.229,24.2217843461874,24.0842447614359,24.291289483669203,24.8939951451731,24.423176463426064,0.9992820620536804,29.62684197963855,7.261026614152297,0.0007179459207691252,111.14328380510469,15.345793290072647,15.395491325113232,17.683516017958972,29.62684197963855,41.57016794131812,43.85819263416386,46.51851580682571,81.06608164236587,85.90170005348112,111.14328380510469,136.38486755672824,141.2204859678435,146.8429374009354,29.685366612780513,7.59084948935114,52.85372750825612,4.767275488978671,15.397584388883132,17.685956529991564,29.63338013498761,41.61856268553097,43.946316320889274,46.71874857860836,2,-5.262190149354449,0.9995874762535095,20.214579298235392,7.921441992086642,0.0004125853010918945,107.2933873330589,15.941210822140576,4.688838288122351,7.184966706865978,20.214579298235392,33.2441918896048,35.74032030834843,38.642609035864,76.04918825170321,81.07242889426291,107.2933873330589,133.5143457718549,138.5375864144146,144.37818923878248,20.250507978767534,8.121293435544885,62.82820476650793,3.1272275422165645,4.690163573998744,7.186438968185463,20.21867654169982,33.27442957044065,35.795264106949624,38.76635810796608,2,4.17266848465853,0.9895999431610107,26.360038227539746,7.382444467147491,0.010400126688182354,63.34847051697535,8.650481451937237,11.890712954063671,14.216997669984362,26.360038227539746,38.50307878509513,40.82936350101582,43.53417221891288,46.3938384222466,49.11969472587994,63.34847051697535,77.57724630807076,80.30310261170409,83.47249965211927,26.744724450574534,8.294140609178745,54.71192826055965,14.080890146019248,11.923717762800667,14.254409066366577,26.457277215278175,39.28061316360513,42.41299900268377,51.053952392050114,2,-2.3215479871484703,0.9980397820472717,32.092580964405784,8.892102924517069,0.0019602158572524786,90.5489631678569,13.975991197341756,14.66437948552904,17.46637321778808,32.092580964405784,46.71878871102348,49.52078244328253,52.778705698608405,63.15652377281822,67.56050335666745,90.5489631678569,113.53742297904634,117.94140256289556,123.06198057740639,32.20716802450937,9.272680709668288,79.29738666746444,6.685218702349286,14.671780279324285,17.474774655720488,32.11446917323359,46.882032419027226,49.82149596761116,53.48736753116133,2,-7.783991561083308,0.9998430013656616,30.326808438393407,9.37220258296081,0.0001570128952153027,86.78260458244236,18.798281456956417,11.957628919976948,14.910907027286356,30.326808438393407,45.74270984950045,48.69598795680986,52.129811992344365,49.93864995556064,55.86218314751298,86.78260458244236,117.70302601737173,123.62655920932407,130.51394668545427,30.33567315888455,9.40107568373343,87.87987527396938,0.500361860930242,11.958157684434068,14.911610530221388,30.3286479005568,45.756105997884376,48.72017328022602,52.18317774333183,2,-5.912496695458486
203,381,set,1.153,24.685421333239898,109.79124950559999,109.8593251341,109.8708281634,109.84046760103332,0.0012764885323122144,23.507816294275223,4.711987101375319,0.9987234473228455,117.14177795926176,9.997929987785058,14.27249127996231,15.757287220429472,23.507816294275223,31.25834536812097,32.743141308588136,34.469537470067564,97.54619526325006,100.69664655684662,117.14177795926176,133.5869093616769,136.73736065527345,140.4004411311547,117.02224776692056,10.53742463245129,99.85934326529315,11.177096206580293,97.32840543528191,100.57777847975014,117.12576314910585,133.580776596765,136.73196757695595,140.39574355913598,2,-7.181780165887233,0.0018573444103822112,26.774035567918773,7.863241795296621,0.9981426000595093,111.25378590554124,9.756832624993741,11.362364847407317,13.840153781328715,26.774035567918773,39.70791735450882,42.185706288430225,45.06667140147615,92.1307453573681,95.20522437476183,111.25378590554124,127.30234743632064,130.37682645371436,133.95157274006775,111.09687173552636,10.409871284310354,95.13380689712497,13.230927877594073,91.81817149918169,95.03551705738384,111.23103190191453,127.29362071599138,130.36914847554286,133.9448685632944,2,-1.2564041344930388,0.0008601971203461289,31.732800174819545,7.42930427268896,0.9991397857666016,111.57619025832473,9.255258185372536,17.171631370159638,19.512682096161036,31.732800174819545,43.95291825347805,46.293968979479445,49.015946375192044,93.43621754737502,96.3526452637424,111.57619025832473,126.79973525290704,129.71616296927442,133.10714046156522,111.50750729468704,9.545303578079572,85.63359649847808,5.479011116825783,93.30133825759945,96.27876338509112,111.56620376280246,126.79591137335531,129.71280276147013,133.10418507762196,2,-1.6670396936537202,0.0010742514859884977,29.987185295437584,7.464996560891178,0.9989257454872131,115.33826404041591,9.969905892273925,15.356060891375506,17.70835862707546,29.987185295437584,42.266011963799706,44.61830969949966,47.35336417458896,95.79760756230533,98.93922817314429,115.33826404041591,131.73729990768751,134.87892051852646,138.53173341729462,115.24657516813772,10.352268126036122,99.35210757609237,7.817307576001152,95.61549691273328,98.83961132788053,115.32482641294779,131.73213090967909,134.87436613250912,138.52779324544028,2,-5.406107567104399,0.001286054844968021,32.26283158073271,10.341836562049087,0.9987139701843262,109.53864897077186,10.416063953850896,11.993204385116961,15.252024202306917,32.26283158073271,49.27363895915849,52.53245877634845,56.321541080533436,89.12353876055822,92.40574839772171,109.53864897077186,126.671549543822,129.9537591809855,133.77003720568632,109.4392707730936,10.777846557764505,108.492409446753,7.669866750665971,88.89484235293568,92.28091712402156,109.52183802888455,126.66506696328703,129.94806818725732,133.76509295931373,2,0.401196827939728
204,382,set,0.053,109.8708281634,109.8807760615,109.88756194770001,109.87483608039999,109.88105802986667,0.9999898672103882,109.79451607668707,3.6175508509127585,1.0117922101926524e-05,149.8935879814722,47.89142373514,102.70424669665584,103.84417443888184,109.79451607668707,115.74485771449231,116.8847854567183,118.2101978079426,56.028122292251055,71.1192059508573,149.8935879814722,228.66797001208704,243.7590536706933,261.3056997725042,109.79492016360192,3.6230092371940006,13.109747903870467,0.01626880221267131,102.70213732453759,103.84222173512224,109.79455158798693,115.74516322499089,116.8861104959323,118.2129417143956,2,0.08613786626474962,0.9999425411224365,109.61977622677898,4.054229316792671,5.742032954003662e-05,133.62208646344766,39.09180698008317,101.67363278079891,102.95116243055956,109.61977622677898,116.2883900229984,117.56591967275905,119.05132397877367,57.003552691893134,69.32178596817096,133.62208646344766,197.92238695872433,210.24062023500215,224.56322852397903,109.62115022171679,4.069044200458995,16.52357890346743,0.033078578065825835,101.67167744780427,102.9497719401716,109.61991328259886,116.28990680641844,117.56980424912639,119.05770744680689,2,0.259907808149876,0.35364577174186707,120.50856319960258,14.122894231807138,0.6463542580604553,101.33886077650041,7.27982870981138,92.8281991477921,97.27846939936256,120.50856319960258,143.73865699984256,148.18892725141305,153.36332817107075,87.07065869164941,89.3646081195817,101.33886077650041,113.31311343341912,115.60706286135141,118.2742748189516,108.11814800411372,13.740042581536793,104.79095061478046,83.9981679029255,87.94532912309032,90.4951677808185,105.11714605502893,135.6784092505144,141.27847959897755,147.4373380017572,2,1.7629100257529444,0.9999881982803345,109.04813160127007,4.527375602440132,1.1776621249737218e-05,119.29662105435031,32.69006659628734,100.17463847600209,101.60126142102482,109.04813160127007,116.49500178151533,117.92162472653806,119.58038220899104,55.22526787341124,65.52624644816188,119.29662105435031,173.0669956605387,183.36797423528935,195.34508798287686,109.0482495569134,4.528908066903046,20.509472918069488,0.0012369020603652085,100.17381206954872,101.60101527919876,109.04814974845779,116.49597917491094,117.92275287778777,119.58218180039141,2,0.8328084729532605,0.9998337030410767,110.63406038100453,3.900384228656022,0.00016623680130578578,114.72916065719508,24.947090847264818,102.98944776697068,104.21849923599535,110.63406038100453,117.04962152601371,118.27867299503838,119.70771093928089,65.8337610775072,73.69484779518365,114.72916065719508,155.76347351920649,163.62456023688293,172.76477241323332,110.63473448189399,3.913751344155315,15.31392594974992,0.0027873022176878536,102.98612343812168,104.2162384999815,110.63416671362744,117.052668079719,118.28340862618867,119.7183591127513,2,-0.7536764520273209
205,384,set,0.494,10.038109683413099,7.15233910097958,6.97678961630448,7.01629815899353,7.048475625425863,0.8782060146331787,15.971128511592873,6.667675336905047,0.1217939481139183,108.95479615443003,11.566522670051604,2.9027249906530077,5.003778550349724,15.971128511592873,26.938478472836017,29.039532032532737,31.482460856396475,86.28482829476282,89.92955938937921,108.95479615443003,127.98003291948083,131.62476401409722,135.86255157794977,27.295975908955505,31.30672561877369,55.33732621558245,924.7737149975667,3.2770492449293593,5.429182031422057,17.135985454783366,111.57096781062447,118.47363950002315,125.0444241832122,2,-20.247500283529643,0.9556600451469421,9.699778959893976,8.76046081460043,0.04434001445770264,104.35060142356375,12.191610029806897,-7.470408724697293,-4.709896784767796,9.699778959893976,24.10945470455574,26.869966644485242,30.07965835155778,80.45548485158493,84.29718744765792,104.35060142356375,124.40401539946956,128.24571799554255,132.71252749754,13.896598374518419,21.437171538450674,79.9332677727242,379.6190673068132,-7.2998891839877045,-4.516467974103126,10.209492078399714,31.747547989276065,102.3916818007481,113.53877540994128,2,-6.848122749092556,0.7920458316802979,20.541371355478738,6.698636230851548,0.20795422792434692,78.01667868848305,8.693356925473893,7.412285597474565,9.523095255534026,20.541371355478738,31.559647455423445,33.67045711348291,36.12472951009319,60.978012209802365,63.71737901923362,78.01667868848305,92.31597835773249,95.05534516716374,98.24045109033747,32.49360574098935,24.39997611210227,51.2564919746094,544.1024052291875,8.093309424656761,10.298874209989318,22.787000446275105,84.14458914888144,88.22177750628926,92.47969228688778,2,-25.44513011556349,0.8594142198562622,22.770572183808653,9.241286269060199,0.14058583974838257,94.6153800952552,11.703329045004786,4.657983925626134,7.570008946448141,22.770572183808653,37.97113542116916,40.883160441991166,44.26901884923966,71.67727666782427,75.36511686817256,94.6153800952552,113.86564332233783,117.55348352268612,121.84139473830251,32.870936192832474,26.76363451953852,92.65090216122199,623.6412949369379,5.2643403508073225,8.25942871929701,24.678710783754198,98.94676290023983,105.42548765792874,111.78908405385455,2,-25.822460567406612,0.9865395426750183,19.851066627432523,10.658020884135677,0.013460485264658928,91.9856263030322,15.60099359662343,-1.0382704519491526,2.3201823200374108,19.851066627432523,37.38195093482763,40.74040370681419,44.64533085272444,61.408240730610274,66.32427540157946,91.9856263030322,117.64697720448495,122.56301187545414,128.2789645894619,20.822033359650987,13.580794571392545,115.34055091541363,69.09744238839633,-0.9764273079880331,2.390259945181848,20.033331136284716,38.88731233664652,44.007235691643984,81.80806505084962,2,-13.773557734225125
206,385,set,0.385,7.01629815899353,7.17584552987879,7.0863184449782795,7.08331680559412,7.115160260150397,0.9891464710235596,12.99860828969814,6.924941212268932,0.010853500105440617,108.09335448826793,13.078768748000066,-0.5740270814061113,1.608093620271859,12.99860828969814,24.389122959124418,26.571243660802388,29.10843055671777,82.45943878005978,86.58069427706045,108.09335448826793,129.6060146994754,133.72727019647607,138.51912036024967,14.03071875230835,12.098509809259326,49.290868555388705,97.08306536577952,-0.5417299565926429,1.6447605043321292,13.093844708519002,25.156339419372348,28.156833728142107,89.59636128249498,2,-6.9155584921579525,0.9957927465438843,4.850199318882716,8.491386004813185,0.004207239020615816,104.04254834928243,13.838026841599296,-11.792611429378589,-9.116887748979227,4.850199318882716,18.817286386744655,21.493010067144017,24.604117098840018,76.92051412264925,81.281019709026,104.04254834928243,126.80407698953886,131.1645825759156,136.23461267315705,5.267525170254905,10.668987969291122,72.60592636183891,41.221377526500575,-11.777371115299443,-9.0996255271785,4.89516392926115,19.1589564954476,22.13777974615492,26.274350116104415,2,1.8476350898954914,0.9633272290229797,17.878871677594972,6.141645413186111,0.03667282685637474,69.29454923323198,8.637371847148671,5.841467861934573,7.776763944265921,17.878871677594972,27.98097941092402,29.91627549325537,32.16647542767316,52.36561149174038,55.08733682312094,69.29454923323198,83.501761643343,86.22348697472357,89.3880808671465,19.76443091735585,11.509316579466867,39.07246511884042,93.39192483585536,5.9398769249669545,7.888401011915077,18.172015036166695,31.40247683540879,65.21361802247132,74.51773658343447,2,-12.649270657205452,0.982347846031189,19.540041768329438,9.399507742531682,0.017652152106165886,90.81305413260024,12.633820117780616,1.11734512056195,4.07922736646775,19.540041768329438,35.00085617019112,37.962738416096926,41.40656662219844,66.05122171459264,70.03226928961631,90.81305413260024,111.59383897558416,115.57488655060783,120.20371470461359,20.798163787252026,13.330264946354461,89.60868503882679,88.08727769546728,1.188966572965733,4.160452033355371,19.751749351522623,36.829366534184906,42.411930562406184,88.69716590435475,2,-13.68300352710163,0.9989452958106995,16.42490331529269,10.26346637049227,0.0010547669371590018,88.59813598201487,18.040620388995478,-3.691121127410195,-0.45699656930599275,16.42490331529269,33.30680319989136,36.54092775799556,40.301296486577044,53.239169760824744,58.923956102720965,88.59813598201487,118.27231586130875,123.95710220320498,130.56689487033233,16.501030285484937,10.53847105988432,105.57092937538806,5.488459989869088,-3.6865692343942036,-0.451850309182612,16.43848392022209,33.40734895383325,36.724641349897304,40.72181623675152,2,-9.38587002533454
207,388,set,0.494,7.25736277597029,7.35088725209133,7.30287886787851,7.21835078008717,7.290705633352338,0.8984415531158447,13.247211947392472,6.569288130271014,0.10155836492776871,108.84092712880758,11.737367368939854,0.3716438079948112,2.441694539826935,13.247211947392472,24.052729354958004,26.12278008679013,28.529661423210175,85.83610981236981,89.534675841145,108.84092712880758,128.14717841647015,131.84574444524534,136.14612675437715,22.955552272894188,29.775301361447962,52.764004912649334,833.8045230648729,0.6751027406578692,2.786487067351235,14.181038738559279,109.06669261165618,116.89998514836073,123.98627313936187,2,-15.66484663954185,0.9637693762779236,6.901735160997944,8.659707567834749,0.03623059391975403,104.27111784171012,12.409811203722066,-10.070979788607115,-7.34221624029416,6.901735160997944,21.145686562290045,23.874450110603,27.047227451245693,79.94833482747322,83.85879487348485,104.27111784171012,124.68344080993538,128.59390085594703,133.14065575273716,10.429485519432221,20.221352327812117,77.85321645724883,331.0498702665409,-9.933989344940624,-7.1867527842742875,7.309892607565723,25.860654064632786,98.116852573905,111.65172751934229,2,-3.1387798860798837,0.8179160356521606,19.492240760392896,6.40121352997702,0.18208399415016174,77.34235347792206,8.65298126354632,6.946092784287428,8.963181468719354,19.492240760392896,30.021300052066433,32.03838873649836,34.3836902471364,60.38282184247138,63.10946586263476,77.34235347792206,91.57524109320936,94.30188511337273,97.47219804448827,30.025820926951717,23.35723363701186,47.1479192739815,498.41247076825823,7.505646494957453,9.600128209378235,21.30208908945039,82.52517347052667,86.79603571472255,91.17775496698918,2,-22.735115293599378,0.8816497325897217,20.591471860812007,9.239252942603196,0.1183503195643425,94.24452439935254,11.79741910017908,2.482868849254025,5.3942531478490725,20.591471860812007,35.788690573774936,38.70007487236998,42.08518830156254,71.1220078524766,74.8394968037564,94.24452439935254,113.64955199494868,117.36704094622847,121.68942524222295,29.30833523956653,25.647078696554395,91.73285763636164,566.0398328301131,2.9858332535416823,5.9657517615619176,22.153312031827927,96.5517028468805,103.70765620592901,110.47137099728371,2,-22.017629606214193,0.9897963404655457,17.51629197709626,10.557587316900687,0.010203668847680092,91.89766092350169,15.997511463951028,-3.176198927665954,0.15060618703529371,17.51629197709626,34.88197776715722,38.20878288185847,42.076912786768716,60.54311461189103,65.58409616982408,91.89766092350169,118.2112256771793,123.25220723511234,129.11343770760814,18.275254997395677,12.9928179519587,112.93664976091095,55.87667168230658,-3.1298806431422572,0.20307084056734037,17.652702118388778,35.97385322505902,40.439675306801156,59.92365772544466,2,-10.984549364043339
208,390,set,0.952,5.64443661749233,109.35451311540001,107.2458399606,107.4964475111,108.03226686236667,0.013202056288719177,9.091092669279718,4.510848650908798,0.9867978692054749,115.62781960640214,10.131584843931403,0.24999177378738047,1.6714069052032228,9.091092669279718,16.510778433356208,17.932193564772053,19.584895838441394,95.77027820598472,98.962845529095,115.62781960640214,132.29279368370928,135.48536100681955,139.19741046874637,114.22130712561845,15.793337045994774,101.56245798883057,147.86606501904006,92.74510866224782,97.56278123075784,115.45792929815406,132.2274379482294,135.4277843812723,139.1469480024923,2,-6.189040263251783,0.03301052004098892,10.701569544134749,7.514234068693097,0.9669895172119141,110.11077654561467,10.457653849189029,-4.026058601907598,-1.658245617517414,10.701569544134749,23.061384705786907,25.42919769017709,28.182291994884192,89.6141516384175,92.90946668237306,110.11077654561467,127.31208640885626,130.60740145281184,134.4389173451306,106.82923102757957,20.56850902875388,107.6163108629945,315.4476779511135,15.944693384656654,88.07901043322398,109.66320817175053,127.1413174567533,130.4568739177327,134.30699639357857,2,1.2030358347871015,0.008040284737944603,27.093072995516387,6.248606342512321,0.9919597506523132,104.3636026391552,8.634002863940054,14.846029610623681,16.815030189643018,27.093072995516387,37.37111580138975,39.340116380409086,41.62950507613804,87.44126798341702,90.161931713294,104.3636026391552,118.5652735650164,121.28593729489339,124.44929684614468,103.74232927242336,11.039955253127555,74.26057055345126,47.620422324224386,86.07873666989418,89.47336059593489,104.27589032743433,118.53148300418793,121.25615654214776,124.42318279001924,2,4.289937589943307,0.016756193712353706,19.57646053855526,7.689853380314388,0.9832437634468079,109.58396663128116,10.371158583895122,4.5046248667454645,6.927777315220094,19.57646053855526,32.22514376189042,34.648296210365054,37.46573460153541,89.25686932889329,92.52492881887237,109.58396663128116,126.64300444368995,129.91106393366903,133.710889354266,108.07577872895658,15.499134334045785,106.7494721410579,133.47319256672642,84.77879990683499,90.6303714374105,109.36243566317708,126.55796454456693,129.83605855943577,133.6451542005846,2,-0.04351186658990969,0.05266990512609482,18.596358769855854,9.84909103993855,0.947330117225647,106.08771255302634,11.758205535086244,-0.7075049488798548,2.396045650637678,18.596358769855854,34.79667188907402,37.90022248859156,41.508770771851594,83.04205318143778,86.74718553219884,106.08771255302634,125.42823957385382,129.1333719246149,133.44138900210947,101.4795536211583,22.760088206542537,136.08272461033323,381.93912073972956,17.970200520192353,34.73104613493892,105.267708785577,125.11814340572683,128.86010469575612,133.20186990671567,2,6.552713241208366
209,392,set,0.952,106.18931877739999,103.1432386254,104.323020794,104.3437684753,103.9366759649,0.0034348543267697096,94.90103913820643,10.72073638279479,0.9965651631355286,116.9499345684542,9.888740219842518,73.88878194018042,77.26699701537581,94.90103913820643,112.53508126103705,115.91329633623243,119.84120143047338,97.56835988509016,100.68440435186533,116.9499345684542,133.21546478504305,136.33150925181823,139.954584355827,116.87420186679975,9.975468684630057,97.8460823089943,1.66413169668134,97.23003447619053,100.46625275484097,116.90892943509789,133.19903691657893,136.31701371100664,139.94188402742614,2,-12.937525901899747,0.001862234901636839,89.33197749490157,12.194624347098419,0.9981377124786377,109.51603541701726,9.305419745380116,65.43095296959339,69.273605408266,89.33197749490157,109.39034958153712,113.23300202020974,117.70091591950064,91.27774785504435,94.20998199852293,109.51603541701726,124.8220888355116,127.75432297899017,131.16367885873996,109.47844219719433,9.352240143831883,86.706510437975,0.7572545946655994,91.11664673194292,94.10762832077162,109.4964140549697,124.81401754140416,127.74719770782998,131.1574465826477,2,-5.5417662322943215,0.001995719037950039,56.56044887090974,17.831652877061163,0.9980042576789856,110.29388843198745,9.62337190899157,21.611051447049817,27.229989961536017,56.56044887090974,85.89090778028344,91.50984629476966,98.04307663209522,91.43242608052951,94.46485024397975,110.29388843198745,126.12292661999516,129.15535078344539,132.68119921357433,110.18664901570118,9.940323171468194,93.05903710596655,5.750704965306211,91.10950682073826,94.28814332286035,110.26983244432138,126.11368285863585,129.14724782338462,132.67402461902134,2,-6.249973050801174,0.0028161080554127693,86.44766138317401,8.524571621330555,0.9971838593482971,113.08083811635493,10.170147387834058,69.7398080217339,72.42598883362085,86.44766138317401,100.46933393272717,103.15551474461411,106.27878045156523,93.14771551873605,96.35243429884503,113.08083811635493,129.80924193386483,133.0139607139738,136.7401388707247,113.00583252679958,10.263410295539552,103.34526096299919,1.9919136665892792,92.76753866809132,96.11921629093729,113.0449069273633,129.7953741249697,133.00169778524193,136.72943609700624,2,-9.069156561899575,0.00030359826632775366,90.17612902610337,13.629846866362904,0.9996963739395142,109.1093756136774,10.510221237767697,63.46212005323596,67.75702597317317,90.17612902610337,112.59523207903355,116.89013799897077,121.88389430716893,88.50972051810473,91.8216000906728,109.1093756136774,126.39715113668198,129.70903070925007,133.5598064458572,109.10362448023422,10.516498409060056,110.48761076723963,0.10879716995789979,88.48637635914798,91.80616046955909,109.10603514533194,126.39578060447796,129.7078121107234,133.55874179173094,2,-5.166948515334212
210,393,set,0.494,104.3437684753,102.7209231734,103.29578634789999,104.89066354559999,103.6357910223,0.6897925138473511,101.29013777438092,7.1661346161209725,0.3102075457572937,129.26354555769637,15.657812860161782,87.24477201841805,89.50289525983185,101.29013777438092,113.07738028893,115.3355035303438,117.96105980368442,98.57479627511118,103.50873528453185,129.26354555769637,155.01835583086088,159.95229484028155,165.68906521706307,109.96770598667386,16.70078198534622,111.47593524196131,167.44090447289506,88.23709974420649,90.68205491385625,104.99869680367756,144.75868062262782,151.20179370270526,158.21320335051325,2,-6.3319149643738655,0.5631940960884094,98.15677347204942,8.200290351817515,0.43680596351623535,118.78617379273354,14.526086952854923,82.08449971971581,84.66849614480722,98.15677347204942,111.64505079929162,114.22904722438304,117.23350149851771,90.3155665288407,94.89288698291764,118.78617379273354,142.67946060254943,147.25678105662635,152.57890529364,107.1678244064876,15.32102804127449,130.0410571183013,104.6935276791412,83.64191013491134,86.551906812058,104.12192785751375,136.26280790382285,141.71459240119026,147.79989812858437,2,-3.5320333841875993,0.019866200163960457,82.44194926622785,18.194313526453914,0.9801337718963623,106.93881745702441,8.36287208944578,46.781750030948224,52.51496667234789,82.44194926622785,112.3689318601078,118.10214850150746,124.76825185812643,90.54788935439545,93.18311696896828,106.93881745702441,120.69451794508055,123.32974555965338,126.39376716318209,106.45215478231984,9.317173314297158,75.12460140895288,11.684800545561183,88.27663504175133,91.97951341529605,106.76487035875908,120.6420687547774,123.29336599164266,126.3804177121935,2,-2.81636376001984,0.7442752122879028,96.75611475852367,6.749014569253329,0.25572487711906433,114.24334655563837,15.052477030551566,83.52828927165103,85.654973665939,96.75611475852367,107.85725585110833,109.9839402453963,112.4566704535768,84.74103369764087,89.48422511733189,114.24334655563837,139.00246799394483,143.74565941363585,149.2606444947106,101.22804361166419,12.249287786783563,91.84253079750124,58.20343664958013,83.67776433112701,86.06919702968875,98.80676600650465,127.15471985153253,133.72747586735605,140.7533450967894,2,2.4077474106358068,0.2848680913448334,97.80250818337893,8.395718818220317,0.715131938457489,110.79569199813923,13.147967704265497,81.34720167534192,83.99277963436451,97.80250818337893,111.61223673239334,114.25781469141594,117.33387080719045,85.02614882788308,89.1692096327373,110.79569199813923,132.42217436354116,136.5652351683954,141.3824387149149,107.09435182630482,13.345259171894925,143.70399115992265,34.392293013924004,83.29411516172536,86.6583184657271,106.21659332250898,130.20970564913875,134.62611311266215,139.69168077486617,2,-3.4585608040048186
211,394,set,0.385,104.89066354559999,102.73767127389999,99.51823223773711,99.607744701366,100.62121607100103,0.9575018882751465,103.07140583953324,6.20051309534815,0.04249809309840202,133.76218567476846,19.52893303461199,90.9186234869819,92.87246938568973,103.07140583953324,113.27034229337674,115.22418819208458,117.49595629685881,95.48618027043446,101.6399493422945,133.76218567476846,165.8844220072424,172.03819107910246,179.193277522124,104.37570353837908,9.557684473338622,53.02035466029342,38.32877490968932,90.9687986226393,92.95588886522138,103.37516146633601,116.35187417294686,129.41790832134566,147.85211760292057,2,-3.7544874673780555,0.916570782661438,100.52376303818218,7.061654976199275,0.083429254591465,122.13597622950837,17.71090045141526,86.68317361358355,88.9083742383009,100.52376303818218,112.13915183806347,114.36435246278081,116.95162907927329,87.42324921096028,93.0041373854215,122.13597622950837,151.26781507359522,156.84870324805647,163.33769184200725,102.32685761960835,10.37273445740094,71.87636307046029,35.717647120459034,86.70787529654775,89.02649809248942,101.14016122574496,119.48533304333178,131.44447698733876,142.9582699635812,2,-1.7056415486073178,0.041284237056970596,90.39265908556197,17.437564848569835,0.9587157964706421,105.59900075546612,8.095268079902736,56.21566000428345,61.71041729919037,90.39265908556197,119.07490087193356,124.5696581668405,130.9585009994817,89.73256687366003,92.28346969309362,105.59900075546612,118.91453181783862,121.4654346372722,124.43141044293853,104.9712220816789,9.194177851767195,75.38111546011943,9.152160349145424,86.29406546531168,90.44117307446767,105.33312024692329,118.91776306227203,121.53801456200087,124.63055739797525,2,-4.350006010677873,0.9649511575698853,99.37030441084907,6.204614048640984,0.035048872232437134,115.10293051328307,17.53545126967296,87.20948433754148,89.16462248910788,99.37030441084907,109.57598633259025,111.53112448415665,113.80439511214897,80.7340775720669,86.25967989213069,115.10293051328307,143.94618113443545,149.47178345449925,155.89649029483354,99.92171817445984,7.503065381991206,47.925201567906115,8.371086115337432,87.09112474328283,89.12225139931516,99.54685859424782,111.0122954315966,114.530872277115,125.0720527449213,2,0.6994978965411889,0.7806299328804016,100.296971677393,7.113679046777287,0.219370037317276,111.54430188213468,14.796286129060192,86.3544169481323,88.59601089633269,100.296971677393,111.99793245845332,114.23952640665371,116.84586380447222,82.54411396422712,87.20657697733824,111.54430188213468,135.88202678693108,140.54448980004221,145.96561066217384,102.76429593504423,10.44956879789571,87.53003299123648,21.66314034327852,85.77008123186182,88.41735183401104,101.55704984245632,122.71965774109417,129.39041079255762,136.53917639065472,2,-2.1430798640432016
212,395,set,1.378,99.607744701366,114.3941337773,114.3412645389,114.3063678134,114.34725537653334,0.00030937811243347824,79.8232957626016,10.685783610760133,0.9996906518936157,114.94719856130702,10.569109500157035,58.87954473892336,62.24674583362419,79.8232957626016,97.399845691579,100.76704678627983,104.6821457479539,94.23212459233909,97.56256046632646,114.94719856130702,132.33183665628758,135.66227253027495,139.53462397750218,114.93633544366915,10.587162413266514,111.70684620363376,0.3815581519956791,94.1823156033521,97.53387980565766,114.94310291022364,132.33028990412797,135.6609073489681,139.53340567880576,2,-0.5890800671358107,0.00010632103658281267,73.33922212147901,11.980419853324443,0.9998936653137207,108.88586611313463,9.670862155495923,49.85803068929446,53.63318507333687,73.33922212147901,93.04525916962115,96.82041355366356,101.209846377377,89.93132458891122,92.97871342091942,108.88586611313463,124.79301880534983,127.84040763735803,131.3836557287146,108.88208527083937,9.678087677149254,93.53089012521829,0.1343291400076556,89.9155614490476,92.96971158874408,108.88458135341396,124.79257413771937,127.8400068668867,131.38334349387625,2,5.465170105693971,0.0007741403533145785,36.14910840658002,12.18226249056833,0.9992258548736572,109.60403921297208,12.054872255611375,12.272312674852866,16.111069764493816,36.14910840658002,56.18714704866621,60.02590413830717,64.48928885252113,85.97692375374265,89.77553886089302,109.60403921297208,129.43253956505112,133.2311546722015,137.64786565664753,109.54717426374175,12.226861037121376,145.32233462134442,4.173738920608023,85.81902625747813,89.68895964466718,109.5923340276957,129.4280864509643,133.22723628804428,137.644457896671,2,4.800081112791588,6.812973879277706e-05,68.40841781138475,8.942040846054681,0.999931812286377,115.30912792662312,9.140048014937873,50.8823398048315,53.70006949340349,68.40841781138475,83.116766129366,85.934495817938,89.21071552319042,97.39496300037807,100.27508679874195,115.30912792662312,130.34316905450427,133.22329285286816,136.57205919480504,115.30592590846665,9.148270488245403,83.54022894155099,0.14985318271140632,97.38451930992088,100.2693033200493,115.30834806862693,130.34290982335932,133.2230685274535,136.57191299275172,2,-0.9586705319333078,6.282199137785938e-06,77.43848234761397,15.169177895450153,0.9999936819076538,109.2006996863029,10.754335661880843,47.70743999745057,52.48740506841068,77.43848234761397,102.38955962681726,107.16952469777736,112.72726709564175,88.12258911136172,91.51139166740462,109.2006996863029,126.89000770520116,130.27881026124408,134.21902559004099,109.20049623016504,10.754683447940034,115.65645036367133,0.006337684242969174,88.12168021449033,91.51086837059925,109.20061858043299,126.89001195146383,130.27879819155493,134.21910972460185,2,5.1467591463682965
213,396,set,1.153,114.3063678134,118.9616126341,118.34498794769999,118.2904195406,118.53234004080001,0.0010886717354878783,96.98664760463556,12.145041091477902,0.9989113807678223,115.94404714696606,10.200144441135455,73.18280447457984,77.00983271584346,96.98664760463556,116.96346249342766,120.79049073469128,125.24023812793384,95.95213140523413,99.1663025675355,115.94404714696606,132.72179172639662,135.935962888698,139.67313148251102,115.92341484935224,10.221564624238464,104.09026475085467,0.3908241686140346,95.86805811120968,99.11002495557246,115.9317686652693,132.71661631168263,135.9313484219953,139.6690916496689,2,2.608925191447767,0.00039433312485925853,89.36991920194741,12.964722732422869,0.9996057152748108,109.07164794099546,9.456551330547576,63.95952957685086,68.04484799310144,89.36991920194741,110.69499041079337,114.78030882704395,119.53037436804831,90.53714791516788,93.5170051864915,109.07164794099546,124.6262906954994,127.60614796682304,131.0708760245729,109.06388417576844,9.46624594308993,89.45738472126342,0.15300324453059264,90.50446847178698,93.4961648494467,109.06757352486272,124.62465203153326,127.60470183000035,131.06961716599295,2,9.468455865031572,0.0012586305383592844,50.022420733888616,16.244087283248966,0.9987414479255676,110.8919333730737,10.598061077911714,18.184594696995543,23.303274849520257,50.022420733888616,76.74156661825697,81.86024677078169,87.8118186510087,90.12011535441098,93.45967417041737,110.8919333730737,128.32419257573002,131.6637513917364,135.5467102306286,110.81532984662752,10.824332344828388,112.50965473624899,4.657479514997791,89.8941670274139,93.33587857757956,110.87519625112519,128.31776432707957,131.6580928391359,135.5417951552147,2,7.717010194172488,0.0005003325059078634,85.5640259998942,8.90627652705692,0.9994996786117554,114.10872442880904,9.654414437839685,68.10804477050816,70.91450475173185,85.5640259998942,100.21354724805654,103.02000722928024,106.28312346423292,95.18641983881975,98.22862582463577,114.10872442880904,129.9888230329823,133.03102901879834,136.5682509313866,114.09444385693608,9.675127581211191,93.20077157837622,0.4074668589848078,95.11701007841228,98.18761137405212,114.10267543363344,129.98651304980416,133.02897381976354,136.56645354686145,2,4.437896183863927,3.133191421511583e-05,91.63298410828793,15.16040797459107,0.9999686479568481,109.99328265595756,10.945940322051753,61.9191304871556,66.69633206521777,91.63298410828793,116.56963615135807,121.34683772942026,126.90136696956966,88.53963384781136,91.98881301683636,109.99328265595756,127.99775229507875,131.44693146410376,135.45734765354058,109.99270517861068,10.94659123192427,119.81705439602018,0.010561674991281838,88.53726372353793,91.98721970480764,109.99295018409425,127.99767904873202,131.44688646466602,135.45733561224196,2,8.539634862189331
214,397,set,0.647,118.2904195406,120.323028829,116.82439517670001,116.6108683661,117.9194307906,0.23133863508701324,110.58607003497684,8.26614433513951,0.7686614394187927,129.15694546835545,14.801912763203354,94.38472484709361,96.98947254441825,110.58607003497684,124.18266752553544,126.78741522286008,129.8159973355434,100.14572955017312,104.80996557398112,129.15694546835545,153.50392536272977,158.16816138653778,163.59134375677155,124.86079411616902,15.669831074437594,184.21829490127945,61.32647256187921,97.38699567168469,100.95191133089291,124.05107743933247,151.56294487567703,156.4654214879071,162.10487861592668,2,-6.941363325569014,0.11166917532682419,106.45231734789112,9.18466937775694,0.88833087682724,118.20483999621293,13.631157140834183,88.45069615757961,91.3448806095375,106.45231734789112,121.55975408624475,124.45393853820264,127.819053428604,91.48826293257194,95.78358173356635,118.20483999621293,140.62609825885949,144.9214170598539,149.91565343150916,116.89245164892782,13.717887534996443,174.4795840859706,13.70156696190193,90.87670931799735,94.84790975926697,116.62899753545393,139.8361304015568,144.22477979464742,149.3055396649116,2,1.0269791416721858,0.004609821829944849,85.05204345332102,19.640025101564405,0.9953901767730713,113.60449513986644,8.45462011475361,46.55830159879216,52.74707693159484,85.05204345332102,117.35700997504719,123.54578530784987,130.7415740944541,97.03374421198147,99.69788257961709,113.60449513986644,127.51110770011579,130.1752460677514,133.27288266964644,113.47287326607972,8.756143785770742,72.92923762449335,3.7407983849043775,96.54010635014389,99.41773265212122,113.56261571050707,127.49809930384261,130.165912502283,133.26865702946188,2,4.446557524520287,0.30329182744026184,104.4006552803818,6.9475149775840865,0.6967082023620605,116.84946189878734,14.411404322246653,90.78377614226439,92.97301007120294,104.4006552803818,115.82830048956066,118.01753441849921,120.56299197835143,88.60362846053903,93.1448112298758,116.84946189878734,140.55411256769887,145.09529533703565,150.37540170578882,113.07384407242603,13.859433436776088,159.33761253709804,32.74666369470937,89.50848379066615,93.06261822631106,111.35001803289194,137.92998247755105,142.79866474783722,148.37437259895097,2,4.845586718173976,0.02337859384715557,106.14908004679745,9.308158973633425,0.9766214489936829,114.6949727836083,13.006478641594535,87.90542369610262,90.8385209987756,106.14908004679745,121.45963909481928,124.39273639749229,127.80309588634374,89.20274308039356,93.30121921611467,114.6949727836083,136.08872635110194,140.18720248682305,144.95256672023936,114.49518674188185,12.996386059396839,167.23913656162605,1.6674756501433456,89.15490228830996,93.2035288425084,114.45009357245233,135.94126841329313,140.05608070250764,144.83716624877235,2,3.424244048718151
215,398,set,0.494,116.6108683661,120.8602640216,122.57904847030001,121.4856479892,121.6416534937,0.8090577125549316,111.59534633389333,6.787092791806915,0.19094233214855194,134.63761366340202,18.747316582076653,98.29288890222037,100.43157213883353,111.59534633389333,122.75912052895313,124.8978037655663,127.38448522103127,97.89354835576123,103.80102198776575,134.63761366340202,165.4742053390383,171.3816789710428,178.25039373808664,115.99509558448084,13.652824877630163,104.37789385920003,82.02233475924704,98.26068203606775,100.6587174622238,113.11177847480454,146.59139323372975,155.67226238026967,165.05099540237012,2,5.646557909219169,0.6263658404350281,108.76943141917575,7.6272942913827375,0.3736342191696167,122.2871997396911,16.96551617504491,93.82020930857763,96.22364874016858,108.76943141917575,121.3152140981829,123.71865352977386,126.51317127861782,89.03539905747134,94.38140892606461,122.2871997396911,150.1929905533176,155.53900042191086,161.75489222551232,113.8201387136906,13.665494511849314,143.98188617414493,42.76462625883726,92.48217003368353,95.79775921020325,111.53104252782055,141.09514953405565,147.7220157851311,155.04142327569755,2,7.821514780009409,0.010448222048580647,94.88521294341457,19.028649661249922,0.989551842212677,112.52014491579865,8.117616148725194,57.589744932934416,63.58586953211872,94.88521294341457,126.18455635471041,132.18068095389472,139.1524716287313,96.60990962397653,99.16785455136817,112.52014491579865,125.87243528022913,128.43038020762077,131.4045439856651,112.3358984614256,8.497348750014824,68.99039493149061,3.215351783453904,95.81146891594541,98.70656841181774,112.4509572510535,125.87396669772136,128.4507876763379,131.46078677080263,2,9.305755032274405,0.8640698790550232,106.99976785818897,6.280199735444435,0.1359301060438156,117.75709382709616,17.178484483165878,94.6908025609999,96.66975854536352,106.99976785818897,117.32977717101443,119.30873315537804,121.60969716129199,84.08788293111087,89.50100131943117,117.75709382709616,146.01318633476114,151.42630472308144,157.72022468375266,108.46201072346963,9.369342397583456,74.19272025832801,13.591681407450993,93.59214674883974,96.11467406837025,107.55451741953334,124.38138367245645,133.23298120962252,142.66128640922122,2,13.179642770230373,0.2682498097419739,108.19415644157155,7.583283475306832,0.7317501306533813,115.45122753603724,14.530194766223522,93.33119394541242,95.72076511301194,108.19415644157155,120.66754777013116,123.05711893773068,125.83551183260064,86.97256910588673,91.55118397450318,115.45122753603724,139.3512710975713,143.92988596618773,149.25351523984068,113.50451271423344,13.425960139996509,169.91791188527768,10.337725892504862,88.61227768088017,92.89891303840574,112.53903640059816,137.08010855321734,141.93760891241155,147.51579316317066,2,8.137140779466563
216,401,set,0.299,22.4152222671025,22.4332342083491,22.6883055624692,23.1749549189189,22.7654982299124,0.9961318969726562,28.005419167891503,7.302256355512721,0.0038680529687553644,110.12694711620998,13.8069808827133,13.693259705207852,15.99427631659696,28.005419167891503,40.01656201918604,42.31757863057515,44.993007716239745,83.06576185085886,87.41648453402937,110.12694711620998,132.8374096983906,137.18813238156108,142.2467877396326,28.323068185958974,8.93527519961414,53.85406668827391,25.98503604775664,13.705284478482978,16.0079052296965,28.040957956006018,40.2859174182231,42.823939760694174,46.28375859220386,2,-5.557569956046574,0.9981499910354614,19.38258930935131,8.346844894433989,0.0018499820725992322,106.12162876761276,14.40713461108998,3.0230739317186597,5.65325121114018,19.38258930935131,33.11192740756243,35.74210468698396,38.80025418446647,77.88416380945591,82.42400114858332,106.12162876761276,129.8192563866422,134.3590937257696,139.63763574114216,19.543054456108155,9.155207335343913,69.92492240588967,13.892888676380645,3.0295972831242266,5.660654178704702,19.40197862393781,33.25655083197874,36.0084923174112,39.42723331678317,2,3.222443773804244,0.9731355905532837,25.035972259939875,7.49127682514263,0.02686442621052265,67.69817427312505,8.713258691278243,10.353339484440758,12.713918403606506,25.035972259939875,37.35802611627324,39.71860503543899,42.46328817596185,50.620501050239085,53.36613911220959,67.69817427312505,82.0302094340405,84.77584749601101,87.96824510554806,26.18206825759969,10.209437000541604,56.65118933801492,47.58142602161387,10.440736938863376,12.813068227831167,25.295215604772032,39.87646439380465,54.87987225867253,70.53805926014662,2,-3.416570027687289,0.9918920993804932,31.22284958268822,9.091995242220719,0.008107964880764484,91.59008119444822,13.121906276430977,13.402866360326083,16.267848232295933,31.22284958268822,46.1778509330805,49.04283280505035,52.37399338521783,65.87161748413341,70.00646606314342,91.59008119444822,113.173696325753,117.30854490476301,122.11619996398659,31.712306982964925,10.615914662636618,83.39020819260746,29.307500557421484,13.434512402943088,16.303685606833483,31.315996959449322,46.90924900422857,50.490599349373234,57.470144315598866,2,-8.946808753052526,0.9993218183517456,29.130059988947373,9.928094416488555,0.0006781824049539864,87.93518649209261,17.45443926293871,9.671352497516597,12.799797879269505,29.130059988947373,45.460322098625234,48.588767480378145,52.22626132802226,53.72511416639089,59.22518876404368,87.93518649209261,116.64518422014153,122.14525881779433,128.54028416400507,29.169940613105606,10.052383719327617,98.70682569446654,2.343593390001241,9.674209740431447,12.803006983416648,29.138498046298793,45.52230015776991,48.70106020887453,52.478665808012416,2,-6.4044423831932065
217,402,set,1.378,23.1749549189189,106.258238334,103.7338695129,104.9562767894,104.98279487876668,0.0004989250446669757,17.78856564021313,3.919585923728466,0.99950110912323,120.12075762849763,11.127398244157373,10.106318395395174,11.341420517420424,17.78856564021313,24.235710763005834,25.47081288503108,26.906886020999252,98.31145782831494,101.81781626806192,120.12075762849763,138.42369898893332,141.9300574286803,146.00695687739892,120.06970563931267,11.357220928769284,123.76488458095714,5.222075233406387,98.21796528302178,101.76641110773649,120.11379561220893,138.4210515213701,141.92770850484237,146.00489096016446,2,-15.08691076054599,0.00046243186807259917,23.552516547965595,6.73951473633276,0.9995375871658325,114.19911553113039,10.61640217647933,10.343310391476425,12.467001290015755,23.552516547965595,34.63803180591543,36.76172270445476,39.23097232690023,93.39134961983825,96.73668790597286,114.19911553113039,131.6615431562879,135.00688144242253,138.89656016434563,114.1571998286833,10.792339386993076,112.67688169438217,3.7979557969645033,93.30873223081996,96.69126117442254,114.19295944770094,131.65917661834536,135.00482899105037,138.89476084493333,2,-9.174404949916621,0.00018723761604633182,32.60417797472091,6.0443077981442555,0.9998127818107605,116.15695920246574,9.676488789639086,20.757552378883574,22.662176370532265,32.60417797472091,42.54617957890956,44.45080357055825,46.66534057098227,97.19138967796755,100.24055152067262,116.15695920246574,132.07336688425886,135.12252872696394,138.66783832642267,116.14131723545343,9.743221094933462,93.62374570138127,1.3068736477947251,97.16104924782468,100.22380754620741,116.15468777416585,132.07250300343873,135.12181517840187,138.66717072256893,2,-11.158522356686746,0.0002822132082656026,24.63386754690856,6.696692085379501,0.9997177720069885,121.35618867317223,10.436807450951719,11.508592244010307,13.618789281694866,24.63386754690856,35.64894581212225,37.759142849806814,40.21270294283729,100.90042195572757,104.18916808368013,121.35618867317223,138.5232092626643,141.81195539061687,145.63583349846738,121.32889056239588,10.561652296246905,108.90886357843202,2.6394180065823343,100.85097168782573,104.16191186300492,121.35249629701457,138.52182425035906,141.81074460316378,145.63479364754235,2,-16.3460956836292,0.00019906733359675854,29.649707984181326,9.14074980068872,0.999800980091095,114.1004072729505,10.864673120499013,11.734167583139754,14.614512521462531,29.649707984181326,44.684903446900115,47.565248385222894,50.91427185015277,92.80603925297203,96.22961028505553,114.1004072729505,131.97120426084547,135.39477529292898,139.37541648897206,114.08360130859936,10.929459949027596,118.03426221596474,1.4194497970240922,92.76982347979556,96.20958825817003,114.09769544010155,131.97021807051897,135.3938770524411,139.37468034532444,2,-9.100806429832673
218,403,set,0.893,63.86980778381349,128.9526235798,130.5677687195,130.47960518949998,129.99999916293334,0.0029412684962153435,61.36853602965875,8.16273829707517,0.9970587491989136,112.8910088437922,8.682343759839373,45.3698629521656,47.94202633585897,61.36853602965875,74.79504572345853,77.3672091071519,80.35790491341132,95.87392777311095,98.60982421998092,112.8910088437922,127.17219346760348,129.90808991447346,133.0891607911863,112.73946941527785,9.118220740325585,75.35735017287281,7.784824204847371,95.42438852153526,98.36841507662758,112.85890805166538,127.15982361596296,129.89715581342648,133.07958027380303,2,17.260529747655482,0.0040311263874173164,59.202893803299574,11.106648572988362,0.9959689378738403,106.72252201215701,8.386526316694058,37.43426261129919,40.93408261474427,59.202893803299574,77.47170499185488,80.97152499529994,85.04082209878979,90.2852324760393,92.92791378261882,106.72252201215701,120.51713024169521,123.15981154827472,126.2324996795858,106.5309712430875,8.922605981838421,70.54757389572329,9.066052902650672,89.67924383847624,92.60557234401537,106.67997936372102,120.50069928961021,123.14535566607233,126.21979397818201,2,23.46902791984583,0.004529997240751982,39.913775297310686,13.578099942845832,0.9954700469970703,105.02920011832309,9.580654903205108,13.301188430847482,17.579788359211133,39.913775297310686,62.24776223541023,66.52636216377388,71.50115923286415,86.251461559734,89.27042515221575,105.02920011832309,120.78797508443041,123.80693867691218,127.31713628431325,104.7342320698166,10.551213151389824,92.20832077847825,19.120263443730902,85.46331567228818,88.85424363332235,104.97455730687861,120.76690943065212,123.78839596859532,127.3008839129937,2,25.265767093116736,0.0027530286461114883,59.33125542498498,8.82988478135098,0.9972469806671143,108.99775669290618,9.406057056865352,42.02499926589873,44.80738741681621,59.33125542498498,73.85512343315375,76.63751158407123,79.8726391141064,90.56222362492127,93.52616962760871,108.99775669290618,124.46934375820365,127.43328976089109,130.87951753025175,108.86102440728418,9.757932274742835,88.44498398757676,6.7723686593484835,90.10811536132488,93.28180131737592,108.96521206245288,124.45677230356499,127.4222106443673,130.86983891488907,2,21.13897475564916,0.002041596919298172,61.16783353700715,13.272133703612496,0.9979584217071533,103.3328241187582,9.54729778479359,35.15492947992645,39.33711627723525,61.16783353700715,82.99855079677904,87.18073759408784,92.04343356239187,84.62046431088372,87.6289167298547,103.3328241187582,119.03673150766168,122.04518392663267,125.5431600232476,103.24674212860809,9.74405193493259,91.32442964694003,3.6223170196416175,84.29764327298038,87.4507600463755,103.30838118618956,119.02730798788694,122.03684043387965,125.53589456052269,2,26.753257034325244
219,404,set,0.17,130.47960518949998,129.9773865342,129.9994033027,130.0054030245,129.99406428713334,0.9999139308929443,126.7551890382413,3.6870674286861496,8.604650793131441e-05,155.6931509145404,50.19719398513819,119.52866966944573,120.69050280535224,126.7551890382413,132.81987527113034,133.98170840703685,135.33259051241055,57.308458578698904,73.1261143252992,155.6931509145404,238.2601875037816,254.07784325038187,272.4692864246823,126.75767618425112,3.7259261001241812,13.810112561277142,0.07204963068897635,119.52658948420017,120.68965779717688,126.75535890978871,132.82264388937324,133.98669094857425,135.34269211960338,2,3.2363881028822163,0.999409556388855,128.19340666658516,4.152532144494783,0.0005904131685383618,137.0175056600352,41.678244881905336,120.0545932187305,121.36309910768034,128.19340666658516,135.02371422548998,136.33222011443982,137.85364099281685,55.32964675265988,68.46289340106155,137.0175056600352,205.5721179190088,218.7053645674105,233.97560203480924,128.1986126282899,4.27847870404168,18.258934485037905,0.045945215180013196,120.04007970816453,121.35472310020475,128.19392572483036,135.03605654285505,136.35405279977113,137.8991305380123,2,1.795451658843433,0.032493285834789276,137.4187706997928,17.00329049624207,0.9675067067146301,117.76329259155818,7.233166474451967,104.09293370848614,109.45084665693952,137.4187706997928,165.38669474264606,170.74460769109942,176.97433939742436,103.58654680744976,105.86579248171206,117.76329259155818,129.6607927014043,131.9400383756666,134.590154041983,118.40196278254359,8.49461444650552,60.012885678434714,12.145484466471409,103.59333808763449,105.90808027052586,117.99069965005846,131.34606542470308,135.37734937757824,146.025453481456,2,11.592101504589749,0.9999516010284424,126.64694801877718,4.369923143462002,4.836639345739968e-05,125.77971919269899,35.74880425040745,118.0820560423836,119.45906408675452,126.64694801877718,133.83483195079984,135.21183999517078,136.81290943329188,55.713350371527966,66.97816886223806,125.77971919269899,184.5812695231599,195.84608801387,208.94387396013656,126.6469019481296,4.3769480336159,19.157115180624945,3.6373937158180254e-05,118.07961946821808,119.45761589430495,126.64694102003568,133.83610715711464,135.21334368600557,136.81713878851866,2,3.347162339003745,0.9963717460632324,127.68747333482233,3.8996375094089073,0.003628326812759042,123.69540316454416,25.383934983974477,120.04432426361939,121.27314043367508,127.68747333482233,134.10180623596958,135.33062240602527,136.75938676436567,73.94380481004785,81.94254563985336,123.69540316454416,165.44826068923493,173.44700151904044,182.7472663493041,127.67299810493631,4.188832052941752,17.489888395768702,0.057613479391732884,119.93994827808636,121.21532641659435,127.68524896628654,134.14241195143344,135.40481619183524,136.92256274657893,2,2.321066182197029
220,408,set,0.229,10.5912692566486,10.4217255459421,10.3547024017111,10.372712298302599,10.383046748651934,0.9996767044067383,16.190936315252408,7.263772702481373,0.0003232746385037899,108.65392420746042,15.826133051168194,1.954203426503737,4.24309344022482,16.190936315252408,28.13877919027999,30.427669204001077,33.08899849918584,77.63527341263176,82.62225185762983,108.65392420746042,134.68559655729098,139.67257500228908,145.47101518533304,16.22082691496109,7.455818067914378,52.82630548704081,2.762912061281822,1.9551144766092774,4.244229990137116,16.19388049216296,28.160586336098902,30.46721685416959,33.177684087805375,2,-5.837780166309157,0.9998239874839783,5.8406460818370505,7.951434243335003,0.0001760748418746516,105.30845733856961,16.647233355781545,-9.743878660538055,-7.23829937277867,5.8406460818370505,18.919591536452764,21.425170824212152,24.338448229394974,72.68047951900391,77.9261951746048,105.30845733856961,132.69071950253442,137.9364351581353,144.03571326445376,5.858160224998946,8.062550599827063,63.26297376835836,1.7417505453145614,-9.743358580787636,-7.237756094381121,5.842400570001753,18.932598164407313,21.448594429839748,24.391011926131497,2,4.524886523652987,0.9962213039398193,18.32260333037356,6.031447214105988,0.003778659040108323,58.57674999187634,8.615014174220141,6.501184016071377,8.401755504484969,18.32260333037356,28.243451156262147,30.144022644675744,32.353847734298576,41.69163248410278,44.406312681172,58.57674999187634,72.74718730258068,75.46186749964988,78.61826990090508,18.474709347253793,6.528486841657681,36.521339037625,6.099788768570725,6.510929796834803,8.41278358427264,18.351276028013118,28.460496258633118,30.551606804718563,33.38688755284353,2,-8.091662598601859,0.9990547299385071,20.814451763505673,9.320459775489198,0.0009453083039261401,87.19385377646958,14.159575056927217,2.546686284192564,5.4836596969369555,20.814451763505673,36.145243830074385,39.08221724281878,42.49708354729814,59.44159662850055,63.90342538799124,87.19385377646958,110.48428216494791,114.94611092443861,120.13395110747393,20.877201559433463,9.54670985831871,86.97838213158278,4.161303655589967,2.550414669679053,5.487879279108024,20.825504410836892,36.227127021712946,39.2316859519368,42.83865352490902,2,-10.494154810781529,0.9999531507492065,18.237862186452986,9.533561169080022,4.686265310738236e-05,84.73900447597308,21.079780758894973,-0.44757434935343454,2.556549519727989,18.237862186452986,33.91917485317798,36.9232987222594,40.41624194418061,43.423393386538514,50.06585063936281,84.73900447597308,119.41215831258333,126.05461556540763,133.7779076296754,18.2409788508449,9.54529127707053,90.90535424823757,0.20723577527750858,-0.4475029486233696,2.5566415359661927,18.238421164861233,33.92340194642429,36.9306940666403,40.43277170651119,2,-7.857932102192967
221,411,set,1.226,10.4262262128256,112.4527726468,112.5968262332,112.4857874207,112.51179543356666,0.0014614438405260444,9.616470199793312,3.7457471447722037,0.998538613319397,119.41060807327591,10.66251423376232,2.2749407008460514,3.455264423071629,9.616470199793312,15.777675976514992,16.957999698740572,18.33038110672868,98.51246419045607,101.87233286345025,119.41060807327591,136.94888328310157,140.30875195609576,144.21532539291908,119.250156932256,11.45139097870265,113.54357085389783,17.59159734161091,98.2456298246847,101.7269285191346,119.39104866553218,136.94133231679828,140.3020901958679,144.20949814884543,2,-6.738361498689343,0.0021592623088508844,15.084488415127609,6.632860452393283,0.9978407621383667,113.79831148846426,10.553249004986355,2.0843208139567224,4.17440384294553,15.084488415127609,25.99457298730968,28.084656016298496,30.51482922736229,93.11432351880785,96.43976158649043,113.79831148846426,131.15686139043808,134.48229945812068,138.34883987543787,113.58516523299151,11.498721354845763,111.22558433695882,20.995323867398774,92.71907968903702,96.22581204788413,113.76968967988567,131.14581501759022,134.4725937434884,138.340328060463,2,-1.073369799424853,0.0005070246406830847,31.292232388984175,5.8383305932362815,0.9994930028915405,114.05699945753442,8.961371853555312,19.849314696402693,21.689033137357733,31.292232388984175,40.89543164061061,42.735150081565656,44.874220352506995,96.49303337249506,99.31685446175312,114.05699945753442,128.7971444533157,131.62096554257377,134.90426781754223,114.01503882149308,9.151707834954722,80.28275298854628,3.471361211012812,96.4164932173491,99.27477169591324,114.05130163493119,128.7949906358854,131.61904394912918,134.9025666217332,2,-1.5032433879264175,0.0013055794406682253,19.73857784905418,6.798669855669388,0.9986944794654846,118.12078211583864,10.411175463860141,6.41342978916405,8.555761078510741,19.73857784905418,30.921394619597613,33.063725908944306,35.55464901409621,97.71525316994567,100.9959223932801,118.12078211583864,135.24564183839718,138.5263110617316,142.34079802245583,117.99234329066114,10.99685741682371,108.3114121851962,12.62028096358699,97.48314346675362,100.86926840188752,118.10372319464041,135.23906809616398,138.52049386093304,142.33573564369377,2,-5.480547857094479,0.0017141446005553007,21.80170447518342,9.002182444286442,0.9982858300209045,112.55252721744384,11.029533775296699,4.157751102123239,6.994432031219992,21.80170447518342,36.60897691914684,39.4456578482436,42.743912466176965,90.93503825159421,94.4105585835633,112.55252721744384,130.69449585132438,134.17001618329346,138.21105966726697,112.39696432822541,11.647932055692017,121.58099852698537,14.093002037965826,90.60974899352983,94.23372730069394,112.52879142689423,130.68538221136424,134.16193203428236,138.20398349166862,2,0.11483110534125274
222,412,set,0.299,112.4857874207,115.5730260878,115.492298627,115.6794868457,115.5816038535,0.9955726861953735,110.44867643753811,5.220247713841724,0.0044273207895457745,140.91020351679936,26.62738408520421,100.21717892803078,101.86213305184042,110.44867643753811,119.0352198232358,120.68017394704545,122.59278860860036,88.72148970728408,97.1120542280213,140.91020351679936,184.70835280557742,193.09891732631462,202.85476187468308,110.58354016113253,5.861675856654061,30.269385812851713,4.089943452245227,100.20163328470508,101.85715642179822,110.47041134411937,119.20710124369286,120.9954363055734,123.35016265218377,2,4.998063692367467,0.9866077899932861,108.9450164304182,5.909584142193589,0.013392181135714054,127.04332319652885,23.263216649775647,97.36244434810973,99.22461552035617,108.9450164304182,118.66541734048023,120.52758851272667,122.69276493607573,81.44825639841604,88.77873691558747,127.04332319652885,165.3079094774702,172.63838999464164,181.1616577930859,109.18738908752813,6.784631135472368,41.70302985333062,4.327845594325009,97.25719219488202,99.17322066662408,109.00151764193014,119.15078949484428,121.43776217302687,125.23119748244807,2,6.394214765971867,0.0472552515566349,105.14286059764224,17.199303441100124,0.9527447819709778,108.36574614468796,7.7637075839945355,71.43284529391016,76.85252395150975,105.14286059764224,133.4331972437747,138.85287590137432,145.15442359282883,93.1491588935582,95.59558356656389,108.36574614468796,121.13590872281202,123.58233339581773,126.4268307773884,108.21345151066883,8.47779179253692,71.40570116803313,0.4676451229841379,91.62460107543991,94.68384981153378,108.29555251556621,121.6040322030948,124.35962734669096,127.91700573014165,2,7.368152342831166,0.9965362548828125,107.63819943732403,5.512214939463448,0.0034637937787920237,118.21593411074149,21.910647067368608,96.83445668093204,98.5714127016115,107.63819943732403,116.70498617303657,118.44194219371603,120.46152894300099,75.27185498073085,82.17612681312659,118.21593411074149,154.25574140835639,161.1600132407521,169.18772133477364,107.67484376672702,5.685754756942994,31.94215516630025,0.38621616621185334,96.78828584126168,98.54608999186765,107.64709488098555,116.79467635777758,118.59974899142455,120.80404323850826,2,7.906760086772977,0.9525086283683777,108.63691121956109,5.789211764745113,0.04749138280749321,115.06746666560386,17.50446019139309,97.29026466178509,99.11450525112994,108.63691121956109,118.15931718799222,119.98355777733707,122.1046317008481,80.7593551216583,86.27519183196327,115.06746666560386,143.85974149924445,149.37557820954942,155.7889304180837,108.94230840402601,6.9530869303578875,46.4749514784297,1.8705990226879672,96.62097878154687,98.74402730454986,108.7390419194124,119.33074244164483,122.26777317082914,129.35957941153544,2,6.639295449473991
223,414,set,0.952,22.340198327344698,115.0382220244,115.0467319825,115.0447201836,115.04322473016667,0.0055415756069123745,24.470471518286885,5.362221783869332,0.9944584369659424,114.5056978051675,9.498263335234341,13.96070994478687,15.650401568571217,24.470471518286885,33.29054146800255,34.9802330917869,36.94486476532679,95.88944375243089,98.88244490846711,114.5056978051675,130.1289507018679,133.1219518579041,136.60196252216997,114.0067622310768,11.599534809716905,89.87640242234428,44.67296879569902,94.91281835062847,98.37278698132387,114.43936070533617,130.10339667204593,133.09937671616635,136.58221684035155,2,1.0364624990898648,0.011916667222976685,25.322646594104448,8.576246514052086,0.9880833029747009,108.71911687947858,9.513493389442138,8.51351230402517,11.21597640983595,25.322646594104448,39.42931677837294,42.131780884183726,45.27397943931969,90.0730124690121,93.07081277287581,108.71911687947858,124.36742098608133,127.36522128994505,130.85081200070888,107.72530565543474,13.122396180988439,90.30451201715776,81.8924236654167,87.60798477893933,91.90060600760495,108.57531068271756,124.31212462849581,127.31647025625101,130.8080735292787,2,7.3179190747319325,0.0054970090277493,29.814602253350266,8.001055915379808,0.9945030212402344,105.13107224344617,9.025616463102635,14.132820820914684,16.65403641149625,29.814602253350266,42.975168095204275,45.496383685785844,48.42784167217597,87.44118903749322,90.28525426863888,105.13107224344617,119.97689021825346,122.82095544939912,126.12779591429299,104.71706011007798,10.600768461205465,81.36586046951588,31.01076340707142,86.5215425878898,89.80504354030658,105.06854587173989,119.9527807046125,122.7997121341174,126.1091847694647,2,10.32616462008869,0.006221545860171318,31.091909944530002,8.105533497278776,0.9937784075737,109.62561277924058,9.916011079034561,15.20535621438061,17.759493773154354,31.091909944530002,44.42432611590564,46.97846367467939,49.948200563891305,90.19058819403267,93.3152259909996,109.62561277924058,125.93599956748156,129.0606373644485,132.69370407191806,109.13700664064497,11.672949458819334,98.12427701590262,38.13291740838707,89.0289628480844,92.71399988756839,109.54780779326059,125.90603290718256,129.0342120116973,132.67052196712305,2,5.906218089521701,0.013689973391592503,31.180092102454736,10.98325090212714,0.9863100051879883,104.94170671200524,10.698906249692655,9.653315901118482,13.114252020372874,31.180092102454736,49.245932184536585,52.70686830379098,56.73095448867535,83.97223578863714,87.3435719627845,104.94170671200524,122.53984146122598,125.91117763537335,129.83108452054,103.93190992278424,13.711878650307272,114.5509939862087,73.46439075456202,80.60666907437718,85.80219035408865,104.75557919866338,122.46831443011119,125.8481089775365,129.77580428518644,2,11.111314807382428
224,417,set,1.226,17.1141034930912,119.090477442,119.15248742130001,119.04846939379999,119.09714475236667,0.0011370601132512093,15.557850107154117,4.063030107992699,0.9988629817962646,118.7988759090216,10.490348284281565,7.594457427386539,8.874760297609292,15.557850107154117,22.240939916698938,23.521242786921693,25.009871561046857,98.23817108654819,101.54378848563691,118.7988759090216,136.05396333240628,139.35958073149502,143.203075338108,118.68148963533453,11.047455560690425,109.94105205164561,12.105812621720318,98.03507263668693,101.43279248558558,118.78390859247662,136.04819080962034,139.35452140526326,143.19865620101993,2,0.41565511703214497,0.0015575012657791376,20.401744117370633,7.043310447593775,0.9984424710273743,113.03586620366423,10.268411799111883,6.597109308152142,8.81652938190081,20.401744117370633,31.986958852840452,34.206378926589124,36.786934403340055,92.91014889897879,96.14583181286375,113.03586620366423,129.9259005944647,133.16158350834965,136.92376416230405,112.89158530939308,10.894856600533458,105.3533194524471,13.34422778355425,92.63580966708871,95.99645300261884,113.0157909242988,129.9181989164715,133.15474513343955,136.9178465414987,2,6.205559442973595,0.0004982693353667855,31.68747428221932,6.385769441405328,0.9995017051696777,113.73085224741305,9.153761306393836,19.171596163488417,21.183818255647886,31.68747428221932,42.19113030879075,44.20335240095022,46.542995446347575,95.78980976380481,98.6742547623431,113.73085224741305,128.787449732483,131.6718947310213,135.02568540201966,113.68996964844007,9.333942292787475,83.76991171241642,3.352237479937054,95.71300039495327,98.63202492900064,113.7251332358624,128.78529618664888,131.6699895699265,135.02405694327064,2,5.407175103926605,0.0009318526717834175,23.989453981705672,6.99495857557323,0.9990682005882263,117.76462893431739,10.25477465449692,10.27958710023254,12.483770998298736,23.989453981705672,35.49513696511261,37.6993208631788,40.262160992994204,97.66563994192924,100.89702565029809,117.76462893431739,134.63223221833667,137.86361792670553,141.6208021505742,117.67725055913613,10.643972323388361,105.10800984714908,8.186874515076964,97.50350915429829,100.80828005845521,117.75264046454767,134.62765593605536,137.85959371834926,141.61720585549932,2,1.4198941932305473,0.0010755236726254225,26.566614317062083,9.460900618583135,0.9989244341850281,111.84622204868131,10.75543944807157,8.023589843326413,11.00481762035818,26.566614317062083,42.128411013765984,45.109638790797746,48.57596035761463,90.76594809255967,94.15509846306384,111.84622204868131,129.5373456342988,132.92649600480294,136.8671157430776,111.7544970983115,11.111494275394916,115.6513254911815,7.813453222337726,90.56921959936098,94.04748039285703,111.83170898061906,129.53179110722957,132.92157073524416,136.86286906091757,2,7.34264765405517
225,419,set,0.647,18.1444274652924,90.9643310665022,91.0893650433631,91.086378123238,91.04669141103443,0.21248863637447357,23.313527972464705,6.4198784241207845,0.7875113487243652,110.62023321229086,10.047777356322563,10.730797476062206,12.753767661962126,23.313527972464705,33.87328828296728,35.8962584688672,38.24839849601875,90.92695146922155,94.09311018494282,110.62023321229086,127.1473562396389,130.31351495536015,133.99485870400756,92.06854882116215,36.9294544661172,88.26312164519597,1275.5213592083805,15.694363331663755,18.681665413029677,107.15484298873223,125.95426479981626,129.26629117050348,133.0802647572415,2,-1.0218574101277227,0.45118796825408936,19.656158154772776,9.108778417581908,0.5488120913505554,105.37676722901577,10.414123238416733,1.803280513156487,4.673550937515877,19.656158154772776,34.63876537202967,37.50903579638906,40.84634546162354,84.96546075115734,88.2470588487864,105.37676722901577,122.50647560924514,125.7880737068742,129.60364068470585,66.7006660642498,43.77732135827669,96.95584161150704,1819.4982888741265,5.13192090294431,8.523509942821848,91.34575499670363,119.26898209707184,122.97245475884803,127.16272884902793,2,24.34602534678463,0.20498943328857422,25.37640763586638,7.843282404855837,0.7950105667114258,89.67892857079048,8.847116605667257,10.003856601772231,12.475356125034585,25.37640763586638,38.27745914669816,40.74895866996052,43.62261098390469,72.3388986566564,75.12671673389609,89.67892857079048,104.23114040768486,107.01895848492455,110.26039947777592,76.49759124531371,27.362064327636546,74.83699863596279,673.8455656337593,16.2369297837051,19.935000900681086,86.76821041544552,103.2233647456309,106.13420622291176,109.48750237900734,2,14.549100165720716,0.2342657446861267,29.49723319617891,8.961052174024623,0.7657342553138733,100.22974293488753,10.648977246253539,11.933893671506294,14.75761402643313,29.49723319617891,44.23685236592469,47.060572720851525,50.34375787039015,79.35813106004406,82.71373408806369,100.22974293488753,117.74575178171136,121.10135480973099,125.00296851241873,83.65953886743024,31.672178911362707,105.64645925673625,897.4804577366335,18.34802948835818,22.377049358933665,96.04100690195511,116.32850816734577,119.85822344761041,123.91785555509642,2,7.387152543604188,0.6536158323287964,27.408098650806124,11.195423441459265,0.346384197473526,96.67285264693822,12.75286850060628,5.465471913870491,8.99326579786431,27.408098650806124,45.82293150374793,49.35072538774175,53.45254817283188,71.67768968617459,75.6962506396808,96.67285264693822,117.64945465419565,121.66801560770185,126.34046117124605,51.40031569378253,34.99207700130451,138.25699916374444,1086.18853243899,7.576681698680007,11.409451270971728,35.495646057051374,110.20347614155278,115.28938110855711,120.87365588882801,2,39.6463757172519
226,420,set,0.893,91.086378123238,59.6555844487436,59.6655863217837,64.0589137017532,61.1266948240935,0.0036919480189681053,83.82018582211288,9.757558421009769,0.9963080883026123,115.19693275948757,9.223276512152074,64.69572273988821,67.77043046312407,83.82018582211288,99.86994118110167,102.94464890433754,106.51966111065826,97.11964297621529,100.0259929360979,115.19693275948757,130.36787258287723,133.27422254275984,136.65348246522336,115.08109562492513,9.419506180562827,85.10627318523426,3.6213045310382,96.57466447648997,99.7200206898983,115.15415293851895,130.3513677900355,133.2596712918885,136.6407006348664,2,-53.95440080083163,0.0030136483255773783,79.70975807863866,11.853593516595442,0.9969863295555115,108.28742054362363,8.789535873718894,56.4771416987341,60.21233179045818,79.70975807863866,99.20718436681912,102.94237445854321,107.28534015571475,91.0602467903118,93.82992058251702,108.28742054362363,122.74492050473023,125.51459429693546,128.73493863725528,108.20129512378728,8.938713228011828,77.44655766203667,2.453777552995106,90.68194160777834,93.61175364084953,108.25465576010588,122.73210186585165,125.5033344486396,128.72507602645314,2,-47.07460029969378,0.0030392217449843884,51.23891248138881,16.905656525927128,0.9969606995582581,107.69506672139275,9.557150911616102,18.104434555567103,23.431582028721735,51.23891248138881,79.04624293405587,84.37339040721051,90.56735059974405,88.96339513981104,91.97495238109843,107.69506672139275,123.41518106168706,126.42673830297446,129.92832442651834,107.52347547453577,10.079112677928059,91.93013976885138,9.65746276886935,88.45880481034376,91.70259470763645,107.65858311241979,123.4010925173118,126.41441429726278,129.91756114829798,2,-46.396780650442274,0.003342611249536276,77.57302421155684,8.64422917888423,0.9966573715209961,111.13146252254495,9.837720464356629,60.6306463468335,63.35453249446937,77.57302421155684,91.79151592864432,94.51540207628017,97.68250838457597,91.8498847224333,94.94985233581322,111.13146252254495,127.31307270927667,130.4130403226566,134.01742261020905,111.01928779439383,10.022922969479286,96.70701079518047,3.7517616988806184,91.30202974176358,94.64598534131929,111.0901150738957,127.29713929226064,130.3989969725477,134.0051032764458,2,-49.892592970300335,0.0007971905288286507,80.40919288152166,13.478188427376624,0.9992027878761292,106.32440711919111,9.897884700838416,53.992428987018926,58.23954576201585,80.40919288152166,102.57884000102746,106.8259567760244,111.76414787547114,86.9249095824178,90.04383556986954,106.32440711919111,122.60497866851267,125.72390465596442,129.35033015048793,106.30374545976821,9.928244966093805,98.03483905453992,0.534965017745758,86.83510989513734,89.98906260864527,106.31505057180783,122.60126995790347,125.72060423535014,129.34747225436365,2,-45.17705063567471
227,421,set,1.076,64.0589137017532,111.3611540222,111.8004478278,112.00191209660001,111.72117131553334,0.0008319062762893736,58.22995806974519,7.732204744062531,0.9991681575775146,113.81263807069371,9.042620532903484,43.075115250292875,45.51161305214255,58.22995806974519,70.94830308734782,73.38480088919749,76.21775613774356,96.08942750034049,98.93885089000155,113.81263807069371,128.68642525138586,131.53584864104693,134.84891912317178,113.76640575771782,9.182475680089334,81.7507043629956,2.5679816991359896,95.9620605485354,98.86901277961053,113.8032012661523,128.68278470251377,131.5326762542443,134.8460956515124,2,-2.04523444218448,0.0008413895266130567,56.91613145123345,10.797065015803685,0.9991586208343506,107.64390702036123,8.570610275802851,35.75427288152083,39.1565398995579,56.91613145123345,74.675723002909,78.07799002094606,82.03386069662909,90.84581955425874,93.54650762301934,107.64390702036123,121.7413064177031,124.44199448646371,127.58212801470778,107.60122631658359,8.697979942066496,73.49164303095648,2.163332001119602,90.72382005812132,93.479587241601,107.63486133926156,121.7378677323669,124.43895799522907,127.57948021519115,2,4.119944998949748,0.0013562300009652972,37.225695768911166,12.324773704528406,0.9986438155174255,108.71588441177771,9.924421531923512,13.069583190429185,16.953247039661477,37.225695768911166,57.49814449816085,61.38180834739315,65.89740687447528,89.26437564181379,92.39166365959802,108.71588441177771,125.04010516395738,128.16739318174163,131.8035413436531,108.61893222173771,10.270741177252482,98.56657791600428,6.922083443377814,89.03429977966177,92.26616882706878,108.698991486438,125.03364031837735,128.16162617305474,131.79856379086291,2,3.1022390937956317,0.0005368003039620817,55.77673186317489,8.619171380134254,0.9994632601737976,112.11879755513188,9.230118065713372,38.88346638153335,41.59945655724473,55.77673186317489,69.95400716910504,72.66999734481642,75.82792287934387,94.02809857328116,96.93660437755292,112.11879755513188,127.30099073271083,130.20949653698258,133.59126309445014,112.08855989783629,9.321565878336514,85.18923087130422,1.7031193860811122,93.94462479822714,96.89070293735357,112.1125836739426,127.29862663742027,130.20742982608954,133.58940132636843,2,-0.3673885823029508,0.0002765992539934814,59.47952910258838,13.327262644482138,0.9997233748435974,105.99025557266614,9.52519324866082,33.358574306897346,37.558132804477054,59.47952910258838,81.40092540069969,85.6004838982794,90.48337822236331,87.32121985950685,90.32270691019271,105.99025557266614,121.65780423513957,124.65929128582542,128.1491686365164,105.97738799501886,9.557814339815625,90.75333684937706,0.5981871896935026,87.27784813900091,90.29861757519802,105.98695452623114,121.6565448142049,124.65824057972425,128.14819692012242,2,5.743783320514481
228,423,set,0.829,27.0996981635619,104.97693551740001,104.70351211170001,105.1556887808,104.9453788033,0.01447178516536951,30.214012328620754,6.137529367726592,0.9855281710624695,112.61686924006703,9.262601210472317,18.18467581381974,20.118674887594487,30.214012328620754,40.309349769647014,42.243348843421764,44.49204072509474,94.46250446438418,97.38124604401654,112.61686924006703,127.85249243611752,130.77123401574988,134.16490187413743,111.42434786834816,13.488680829719621,85.09930085097709,96.84466622682325,91.29928347081227,95.95814459953658,112.44639041288461,127.78698396275921,130.71348030708418,134.11427406037953,2,-6.478969065048162,0.03483283519744873,29.163142018320684,9.278663391870513,0.965167224407196,106.9006260432207,9.331840641184767,10.977295945584217,13.901098884940616,29.163142018320684,44.425185151700745,47.34898809105715,50.74854087393923,88.61055447703139,91.55111411843478,106.9006260432207,122.25013796800661,125.19069760941001,128.6097336797288,104.1928154452909,17.035690226197246,87.04878243913653,203.16660612035133,34.508243452447324,86.82220858472952,106.47838135139642,122.08922334730369,125.04877688574311,128.48530850288665,2,0.7525633580090982,0.018229041248559952,29.712206018438664,8.86847064951124,0.981770932674408,100.29992425400263,9.064035631421785,12.330322947446088,15.124869905077418,29.712206018438664,44.2995421317999,47.094089089431236,50.34335385992273,82.53474086182817,85.39091237084112,100.29992425400263,115.20893613716413,118.0651076461771,121.38602427539114,99.01317521112047,13.086857704281837,82.09281107963528,89.17277784346497,77.97875232887415,83.55699278703824,100.08897630419335,115.12800584634331,117.99373194747916,121.32340821086079,2,5.932203592179533,0.017091190442442894,35.37949571461979,8.594024400399324,0.9829088449478149,106.13101609529078,9.919647605198046,18.53551740757868,21.24358350951351,35.37949571461979,49.51540791972607,52.223474021660905,55.372186107943875,86.6888640497736,89.81464775380027,106.13101609529078,122.44738443678126,125.57316814080794,129.20756721287756,104.92179214237638,13.493407100313387,97.97995747919836,84.09246729216062,82.25625013628509,87.95889284352275,105.9148183039835,122.36435073098066,125.49998079328508,129.14338330515244,2,0.023586660923626823,0.046460721641778946,34.78501252487117,11.581727341979066,0.953539252281189,101.57102769265973,10.851573805824094,12.085244055829385,15.734766300053863,34.78501252487117,53.83525874968847,57.48478099391295,61.72813930460485,80.30233385766626,83.72177716001836,101.57102769265973,119.42027822530108,122.8397215276532,126.81556334583588,98.46809858371454,17.77981607904372,118.5176661911245,197.6039407714714,35.89246262271346,72.54528687134886,100.90793921986791,119.16878378808605,122.61811487357348,126.62130437814074,2,6.477280219585467
229,424,set,0.385,105.1556887808,105.6359415727,105.6297040868,105.77054476480001,105.67873014143333,0.9579747319221497,103.29813957568598,6.191380962488631,0.04202529415488243,133.882451035035,19.604746475930867,91.16325587464132,93.11422414369825,103.29813957568598,113.4820550076737,115.43302327673064,117.70144551514834,95.45785401617194,101.635512688636,133.882451035035,166.12938938143395,172.30704805389803,179.48991132042642,104.58345695499857,9.51486406585785,52.874492544656604,37.65843086983739,91.21028897295137,93.19488552488812,103.59700504216963,116.49130267611913,129.19164639735325,147.858759181307,2,1.095273186434767,0.9168539047241211,100.76524868126185,7.049909840480538,0.0831461176276207,122.21330849160182,17.769359273061653,86.94767929966548,89.16917891046656,100.76524868126185,112.36131845205713,114.58281806285822,117.16579145084336,87.38600428804814,92.98531344270258,122.21330849160182,151.44130354050105,157.0406126951555,163.5510196595567,102.54857383741543,10.33878637758533,71.8221630218918,35.06857579506007,86.96241734404484,89.27978836086372,101.3742678980435,119.56821133015065,131.50073231142179,143.06808283983364,2,3.130156304017902,0.0406142994761467,90.6767183588446,17.45865958154987,0.9593857526779175,105.7338177084472,8.090380961927135,56.458374360661715,61.95977882442121,90.6767183588446,119.39365789326797,124.89506235702747,131.2916339599859,89.8769624018615,92.42632523980221,105.7338177084472,119.04131017709219,121.5906730150329,124.55485825940688,105.12228968066866,9.16562563863976,75.1753216391957,8.833948047189903,86.545138164725,90.63372359312052,105.4747836757831,119.04831279709799,121.6673021801923,124.75948013470648,2,0.5564404607646765,0.9654688239097595,99.59794916506353,6.194295808681546,0.03453115373849869,115.18507031647323,17.5865574621135,87.45735247046028,89.40923923774338,99.59794916506353,109.78665909238367,111.73854585966677,114.00803605076993,80.71605107868663,86.25775748932534,115.18507031647323,144.1123831436211,149.65408955425983,156.09752088015807,100.13618821569581,7.471583031217237,47.72440055379243,8.099928311938623,87.33494395020155,89.36368830174312,99.76992060261996,111.18620135445599,114.64364941743605,124.96839024995383,2,5.542541925737524,0.7799809575080872,100.52790652394478,7.097307475962051,0.22001899778842926,111.64850094495756,14.82498868606457,86.61743948385228,88.85387458051879,100.52790652394478,112.20193846737075,114.43837356403728,117.03871268206326,82.59205704905722,87.2635645351697,111.64850094495756,136.03343735474542,140.7049448408579,146.1365818574634,102.97464406932,10.433983712678545,87.64486309309174,21.222678997562955,85.9915202813974,88.64722186677218,101.77528306450468,122.879603298558,129.55509884214388,136.71271350421816,2,2.7040860721133413
230,425,set,1.378,105.77054476480001,124.5516917544,124.61771956800001,124.54468021720001,124.57136384653334,0.0003393376828171313,84.71316051254034,11.485895513567819,0.9996606111526489,114.98046992877147,10.667356761245443,62.20121897575723,65.82054361826266,84.71316051254034,103.605777406818,107.22510204932345,111.43334912198407,94.07283486649055,97.43422947005159,114.98046992877147,132.52671038749133,135.8881049910524,139.79645265193,114.9701932072069,10.68223240813071,113.79864776001762,0.3107651610568846,94.02511205407725,97.40552516553178,114.97597046384021,132.52496820648125,135.8866213948513,139.79518446449975,2,9.60117063932644,0.00010549533908488229,77.15269502124592,12.368208960247555,0.9998944997787476,108.90794458097947,9.750578979925578,52.911450905895116,56.808801654089024,77.15269502124592,97.49658838840281,101.39393913659671,105.92545164161069,89.79716095191205,92.8696693809721,108.90794458097947,124.94621978098685,128.0187282100469,131.59118326159665,108.90459401845261,9.756347973445106,95.07989803339642,0.10636984201655729,89.78263672580633,92.86115360591879,108.90666850806183,124.94575031978076,128.0183536153929,131.5908763454048,2,15.666769828080731,0.0008899349486455321,37.2053021356744,12.601937229651181,0.9991100430488586,109.45967029049461,12.216580705594646,12.505959030123616,16.47695997686786,37.2053021356744,57.933644294480935,61.90464524122518,66.52179201866954,85.51561209330218,89.36518320795187,109.45967029049461,129.55415737303736,133.40372848768703,137.87968684300307,109.3953661946954,12.405464867161303,149.25335217064395,4.641943088245586,85.33132414340162,89.26420986558632,109.44603246510108,129.54891328404858,133.39911698456726,137.87567896097963,2,15.175997651837946,7.265771273523569e-05,72.14171014560023,9.067223508630182,0.999927282333374,115.11668359317846,9.14358781403306,54.370278628910164,57.22745467105021,72.14171014560023,87.05596562015023,89.91314166229029,93.23522627835519,97.19558078819435,100.0768200139169,115.11668359317846,130.15654717244,133.03778639816258,136.38784966546,115.11355422820984,9.150959760705197,83.60509205859589,0.13417802662830464,97.18450809518514,100.07066251656676,115.11585159585452,130.15626947443008,133.03755392909878,136.38762989714084,2,9.457809618323509,5.2868540478812065e-06,81.27448442220356,15.604674713279394,0.9999947547912598,109.36104160919362,10.96681347458455,50.68988399371304,55.60707862266801,81.27448442220356,106.9418902217391,111.85908485069406,117.57638626653994,87.86648217383933,91.32223868942293,109.36104160919362,127.3998445289643,130.8556010445479,134.87366482079582,109.3608976740393,10.967010841047784,120.27165431985031,0.004170537607034698,87.86576911171103,91.32179309841263,109.36097362099403,127.39981775356881,130.85563957128798,134.87372151377363,2,15.210466172494051
231,426,set,0.053,124.54468021720001,124.57550895320001,124.49966696329999,124.6172070941,124.5641276702,0.9999940395355225,122.47904587452896,3.1682951221237103,6.015008239046438e-06,157.56702725850158,61.59070417235953,116.26930154277255,117.26766415165112,122.47904587452896,127.69042759740681,128.68879020628538,129.84960249621543,36.85146529821604,56.259334114100795,157.56702725850158,258.8747204029023,278.2825892187871,300.8484309705485,122.47926360949394,3.1729227507486266,10.060851570689712,0.00740543176644402,116.26740508004477,117.26710015962205,122.47903693291654,127.69399757550019,128.6934771371993,129.85478637209565,2,2.084864060706053,0.9999505281448364,124.44051715392932,3.578368499164657,4.9426838813815266e-05,138.60942740195873,49.80813439218324,117.42704377215395,118.55462474950943,124.44051715392932,130.3264095583492,131.4539905357047,132.76504710449572,40.98727785614874,56.68233689528972,138.60942740195873,220.53651790862767,236.2315769477687,254.4804749551547,124.44121187651447,3.5968496879406398,12.926708228013988,0.00992234375435597,117.42372657715987,118.55197636678321,124.44055911873062,130.32775698704785,131.45757250338826,132.77169680368894,2,0.12291579368552163,0.12513594329357147,139.45295329425068,15.23301776052729,0.8748641014099121,111.71158071363985,7.105787901623812,109.59678710775819,114.39686878143117,139.45295329425068,164.50903780707017,169.30911948074316,174.8902517766797,97.78449234467672,100.02359971130602,111.71158071363985,123.39956171597366,125.63866908260296,128.24211529196754,115.18302853366981,12.548388815184301,73.2109808682921,84.2516740756815,98.14280559506462,100.44397601444629,112.88737025061022,143.33050843792023,152.28520200066987,160.86533690555996,2,9.381099136530182,0.9999954700469971,123.15468650461807,4.085855638088461,4.519640242506284e-06,124.8843311276171,40.81162797458548,115.14655660793477,116.43405203910814,123.15468650461807,129.875320970128,131.16281640130137,132.65980808192293,44.8950101469822,57.75517683182599,124.8843311276171,192.01348542340818,204.87365210825197,219.82637510243973,123.15469305192474,4.086788282982176,16.70166853425618,1.3521214984728815e-05,115.144944186252,116.43270667223895,123.15468453231755,129.87620326775473,131.16360793878957,132.66151460305917,2,1.409434618275256,0.9997684359550476,124.56440463420023,3.3674870260916667,0.00023158395197242498,121.44721364649433,28.73804006026967,117.96425134465467,119.02538138562133,124.56440463420023,130.10342788277913,131.1645579237458,132.39835091820868,65.12169014209648,74.17734422188303,121.44721364649433,168.7170830711056,177.77273715089217,188.3018920448032,124.56368522249834,3.395665354317014,11.528602325781115,0.002249752270029848,117.95764913746964,119.02195745886709,124.56432201883416,130.10666438694207,131.16941597009327,132.40883874377639,2,0.00044244770165846603
232,428,set,1.153,67.8654878883857,108.5565346148,108.4874976837,108.6303322828,108.5581215271,0.0005628837388940156,59.76017617418506,7.82349863235466,0.999437153339386,114.27069630570172,9.319277784434739,44.426400621671554,46.89166607330661,59.76017617418506,72.6286862750635,75.09395172669856,77.96035558512474,96.0052474862854,98.94184844140595,114.27069630570172,129.59954416999747,132.53614512511803,135.95057836711752,114.24001745728191,9.407743293600209,86.83450828714942,1.6716094916652782,95.91684192320689,98.89324662985793,114.26411767203788,129.59704533553813,132.5339371510786,135.9486411273754,2,-5.681895930181909,0.000467437639599666,58.280039366866305,10.772851006372912,0.9995325803756714,108.09519573260349,8.754542627237218,37.165639383559316,40.560276316426,58.280039366866305,75.99980241730661,79.39443935017329,83.34143840290066,90.93660748209787,93.69525453989107,108.09519573260349,122.49513692531589,125.25378398310909,128.4613073616767,108.07191220085986,8.821545099674164,76.66044078634869,1.159427569286845,90.8678001898207,93.65741784921826,108.09006431285296,122.49318442359274,125.25203108408338,128.4598274352589,2,0.486209326240143,0.000912103452719748,36.78914249941398,12.049249737513671,0.999087929725647,109.74703886432668,10.183263852698392,13.173046973158478,16.969890366620533,36.78914249941398,56.608394632207414,60.405238025669476,64.81988901006606,89.78820846796924,92.99706038201191,109.74703886432668,126.49701734664146,129.70586926068412,133.43685307884851,109.68049735637658,10.42050248139052,103.73670525359374,4.850565840568562,89.63066003158123,92.9108113985114,109.73538671653516,126.49257623889557,129.70195926642566,133.4334506757893,2,-1.122375829276578,0.00029309693491086364,56.275418210898664,8.5524166688642,0.9997069239616394,113.391692845579,9.215028643058774,39.512989559144806,42.20794463391715,56.275418210898664,70.34289178788018,73.03784686265251,76.17131454642234,95.3305685886788,98.23431955958206,113.391692845579,128.54906613157593,131.4528171024792,134.82905513858424,113.37495461004525,9.266548235685622,84.91330405950343,0.9558807465390621,95.28524450381018,98.20936308039565,113.38830651565621,128.54780623978496,131.45168105841654,134.82810911070638,2,-4.8168330829452515,0.00011533453653100878,61.083192550192756,13.414745074678754,0.9998846054077148,107.05022783149238,9.63258018869209,34.79077534203631,39.017900459478,61.083192550192756,83.1484846409075,87.37560975834919,92.29055623547151,88.17071758346184,91.20604337122128,107.05022783149238,122.89441229176346,125.9297380795229,129.45896027498415,107.04491981580034,9.645776659391922,92.79664909055438,0.24367011655760895,88.15253717352965,91.1958919840383,107.04883685939512,122.8939349193777,125.92934370492956,129.45865747515901,2,1.5132017112996579
233,429,set,0.299,108.6303322828,108.5425246274,108.45998748369999,108.7823943092,108.59496880676666,0.9947426319122314,107.14787140591338,5.359288415471848,0.005257354583591223,139.03134401380186,25.030127948365152,96.64385912882582,98.33262641784549,107.14787140591338,115.96311639398125,117.65188368300093,119.61544061761802,89.97319470657672,97.860447274874,139.03134401380186,180.2022407527297,188.089493321027,197.26012895345136,107.31549267982541,6.097638392529758,31.864741391698193,5.31629705194397,96.63404390626091,98.33175487602067,107.17616034567347,116.18181261248307,118.05577462447485,120.61523112495316,2,1.2794761269412476,0.9858037233352661,105.33947860118285,6.075077981984465,0.01419626921415329,125.84475819902,22.031772681136175,93.43254455322102,95.34686454850267,105.33947860118285,115.33209265386303,117.24641264914467,119.47222334920473,82.66327722841963,89.6057169962828,125.84475819902,162.0837994017572,169.02623916962037,177.09832573713223,105.63057628582494,7.01126892079409,43.27349155979037,5.88431718767298,93.36395049840988,95.31871355564657,105.41034932398925,115.90437302427782,118.33130420614604,122.70553109607415,2,2.964392520941715,0.06143151596188545,100.68431625140649,16.91362244590645,0.9385684728622437,106.14972214988913,7.830064410870169,67.53422540932158,72.86388302636942,100.68431625140649,128.50474947644355,133.8344070934914,140.0312858707704,90.80307790795476,93.27041230440568,106.14972214988913,119.02903199537258,121.4963663918235,124.36517584571979,105.81397279388271,8.76582556311848,75.11729947897676,1.7222731923237984,88.32704154344039,91.82096432566573,105.99149925823417,119.46316922950733,122.23042926442217,125.75979079857147,2,2.7809960128839464,0.995577335357666,104.2042540552354,5.653583950808507,0.004422661382704973,116.93214501997815,20.871694080688997,93.12343312807705,94.90493598847338,104.2042540552354,113.5035721219974,115.28507498239374,117.35645705991018,76.02437632548987,82.60126331073528,116.93214501997815,151.26302672922102,157.83991371446643,165.4869661722198,104.26054486742123,5.870401827400307,33.74828323284906,0.7132989492782075,93.07944933132059,94.88153984167505,104.21865684682025,113.63080886529055,115.50948695378796,117.84917801622896,2,4.334423939345427,0.9549664855003357,105.18490737402638,6.001887833638453,0.045033469796180725,113.44999525749795,16.941540210243215,93.42142338084588,95.31268040231025,105.18490737402638,115.0571343457425,116.94839136720688,119.14738637604279,80.2451866027841,85.58364139653517,113.44999525749795,141.3163491184607,146.65480391221178,152.86191130857466,105.5571082574577,7.089712288792798,47.3257473667937,2.937774871302797,92.96062820980795,95.06010717373287,105.31576760924554,116.30692511409177,119.37202130121548,126.62896973288662,2,3.0378605493089594
234,430,set,1.493,108.7823943092,115.77264521619999,117.5145991324,117.60118052760001,116.96280829206667,0.0002558629494160414,84.12486648314768,11.83410815739008,0.9997441172599792,115.36522962623636,11.379890192795793,60.93044070551146,64.6594907587286,84.12486648314768,103.59024220756676,107.3192922607839,111.65511883626147,93.06105470033603,96.6469759683067,115.36522962623636,134.083483284166,137.66940455213668,141.83881298306505,115.35723409163408,11.390983612338005,129.5045961111388,0.24964818607144576,93.02359532878718,96.62419837562041,115.36160999721812,134.08209066741497,137.66822093069965,141.83778881608336,2,1.605574200432585,6.290293094934896e-05,75.39599288741118,12.153929005640157,0.9999370574951172,109.41662468707896,10.291028096896785,51.57472976569976,55.40455868077326,75.39599288741118,95.38742709404909,99.2172560091226,103.67025979092547,89.24658025327149,92.48938979683878,109.41662468707896,126.34385957731915,129.58666912088643,133.35713602198936,109.41448035957978,10.294715075691185,105.90788524336119,0.07279948582843022,89.23712155019774,92.4838994011655,109.41581798739598,126.34356054663121,129.58644480992908,133.35698500044947,2,7.548327932486885,0.000923521991353482,33.287279623212974,11.142491782857428,0.9990764856338501,108.78839266859259,13.494876247684667,11.448397030778914,14.95951160090295,33.287279623212974,51.61504764552299,55.12616221564703,59.20859169378089,82.33892124730562,86.59129652732719,108.78839266859259,130.985488809858,135.23786408987957,140.18216933783805,108.71866655985717,13.686404628107327,182.05816216958837,5.259599602678894,82.12754070728217,86.47556545520916,108.77275827565082,130.9795076808656,135.23260886501674,140.1775552988275,2,8.2441417322095,3.7714591599069536e-05,69.7048520798073,9.124072956501903,0.999962329864502,116.01905247135971,9.164630410437272,51.82199769274767,54.69708758473529,69.7048520798073,84.71261657487929,87.58770646686692,90.93061980475903,98.05670693528212,100.9445769010822,116.01905247135971,131.09352804163723,133.9813980074373,137.3391709430505,116.01731090796142,9.169008827670977,83.99042631925607,0.08089494250038178,98.05088773612849,100.94136264332923,116.0186187622463,131.0933866643089,133.98128243519332,137.3390939379382,2,0.9454973841052521,2.089728923237999e-06,80.72902058984751,15.747825286300847,0.9999978542327881,109.80115937405876,11.492944927424821,49.86385019386867,54.82615305107744,80.72902058984751,106.63188812861756,111.59419098582633,117.36394046540008,87.27540124000379,90.8969472258305,109.80115937405876,128.705371522287,132.3269175081137,136.53774737244194,109.8010924681004,11.493061373780867,132.08801791542305,0.0017662127755711783,87.27510819222796,90.89673568601471,109.80113202937686,128.7054131308846,132.3269424480397,136.53785812911943,2,7.1617158239662615
235,432,set,0.893,122.8244564618,108.5860392883,106.4018480724,108.4619990913,107.81662881733332,0.013530239462852478,109.59485494353675,10.76134803132871,0.9864697456359863,122.38346581089833,11.858573931601459,88.50300037703146,91.89401260331863,109.59485494353675,127.29569728375486,130.68670951004202,134.62949405803187,99.14108799695391,102.87784746903148,122.38346581089833,141.88908415276518,145.62584362484273,149.97063406583553,122.21043101980993,11.936209523732552,140.28996436033694,2.1829108794595045,98.76185515175638,102.54501563089256,122.2286153408069,141.81284831777802,145.5578535089981,149.91056376574775,2,-14.393802202476607,0.004896786995232105,103.07334038089921,11.498685438825696,0.9951032400131226,113.24837763073918,10.984204452658593,80.5363310512457,84.15968593167267,103.07334038089921,121.98699483012574,125.61034971055273,129.82328280577573,91.71973250470384,95.18096909760717,113.24837763073918,131.3157861638712,134.77702275677453,138.80145830721145,113.1985556993105,11.009701833574422,120.70939194642867,0.5044886004870943,91.5943225235629,95.07879903935988,113.20625360954794,131.2933515088859,134.75665584950542,138.78317575004274,2,-5.381926881977179,0.0018818044336512685,71.0575163312599,19.179172071689372,0.9981182813644409,114.12467822101013,9.174545963949253,33.46702981745227,39.510585587215246,71.0575163312599,102.60444707530455,108.64800284506754,115.67494250609795,96.14289855716228,99.0338930165752,114.12467822101013,129.21546342544505,132.10645788485797,135.46786371953345,114.04364403650088,9.390887032235792,84.70610922084855,3.4837659172995674,95.87564789363117,98.88482926973326,114.10353599544959,129.20740590297115,132.09930893856566,135.4616417149453,2,-6.227015219167555,0.014101211912930012,100.46736772732616,7.902693405018533,0.9858988523483276,115.95364576497765,11.796266607450416,84.97837327262764,87.46859381739594,100.46736772732616,113.46614163725637,115.95636218202469,118.8517817292876,92.83338806234234,96.55051385122628,115.95364576497765,135.356777678729,139.07390346761295,143.39586550883888,115.73527792795328,11.891325958050711,138.07036112943433,3.3341326685204957,92.44565257891776,96.14295522830992,115.75339892987616,135.2754759789362,139.00219356830112,143.3329762995825,2,-7.918649110619953,0.0006154712755233049,103.87840594441742,12.161085436679105,0.9993845224380493,113.64012637339434,12.008716293843483,80.04311647561181,83.87520045622907,103.87840594441742,123.88161143260578,127.71369541322302,132.16932119606489,90.10347493690179,93.88754582243463,113.64012637339434,133.39270692435403,137.1767778098869,141.57657799353672,113.63411760048021,12.011254172687295,144.2115327352052,0.05861289086258751,90.09032278518757,93.87636118290222,113.63477273366675,133.38970745112138,137.17405356266534,141.5741295560523,2,-5.817488783146885
236,438,set,0.299,79.5835551724934,80.5980374377884,80.4745422809221,80.39496438101101,80.48918136657385,0.9876202940940857,81.61699428504166,6.388193792180985,0.012379638850688934,126.16050279025,17.081957729079548,69.09636452610457,71.10935055630388,81.61699428504166,92.12463801377943,94.13762404397873,96.47815533244278,92.68048085581847,98.06318266414176,126.16050279025,154.25782291635824,159.64052472468154,165.89907883774973,82.16842136063278,8.256829110140298,43.9161116851623,24.2586625355199,69.12985758353449,71.1473812448551,81.71642835016289,92.9202579381705,95.79111421306827,111.31235739345115,2,-1.679239994058932,0.9850907325744629,77.44286799405108,7.243610253797919,0.014909313060343266,117.57571067981638,16.11833111833944,63.24565277856212,65.5281893958687,77.44286799405108,89.35754659223346,91.64008320954005,94.2940253083543,85.98436219697986,91.06341527941096,117.57571067981638,144.0880060802218,149.1670591626529,155.07255601005167,78.04122464374494,8.900357151970647,55.56105034389856,23.65558502445474,63.29141856792556,65.58031491322271,77.57848201939514,90.44581467299162,93.95355870367172,110.460354219198,2,2.4479567228289056,0.35710999369621277,69.41381473745562,14.205628117558621,0.6428899765014648,90.6576706724731,8.311017462739184,41.571295249271195,46.0476358051655,69.41381473745562,92.77999366974574,97.25633422564005,102.46104750815292,74.36837577062084,76.98726345522952,90.6576706724731,104.32807788971667,106.94696557432536,109.99198847803271,83.07127471162663,14.835167127341599,116.47109696980664,103.61088106539202,48.449896012288875,54.06740668284653,86.04390092360028,102.76850308651521,105.62228003549282,108.90868076279624,2,-2.582093345052783,0.9838085770606995,78.8502166534637,6.832234148369035,0.01619141176342964,107.48305470783353,15.611103976287163,65.45928378871571,67.61219153433719,78.8502166534637,90.08824177259021,92.2411495182117,94.74437003947125,76.88585315540065,81.80507371172104,107.48305470783353,133.16103570394603,138.0802562602664,143.7999132544997,79.31382184313776,7.932784367000727,49.869570551919146,13.059426957556793,65.50016469164287,67.66046059474037,78.98158565246528,91.07568538803423,94.22588485864112,103.25154085302982,2,1.1753595234360859,0.9778984785079956,79.3306311893851,7.691331040634355,0.02210151217877865,102.22683447169456,14.546996463789279,64.25589935656679,66.67951743111324,79.3306311893851,91.98174494765696,94.40536302220342,97.22334280430917,73.71524531943604,78.29915457698051,102.22683447169456,126.15451436640859,130.73842362395308,136.06820876891038,79.83667116625277,8.593982196690657,62.52613674823845,11.330333887281594,64.31606945369172,66.75074698242051,79.5226821476991,93.30401531421928,96.93241849486365,104.7420998794783,2,0.6525102003210748
